season,candidate,rps
2015/16,bookmaker,0.006507342509369083
2015/16,bookmaker,0.20670349933165558
2015/16,bookmaker,0.06597509482991941
2015/16,bookmaker,0.4175705540496308
2015/16,bookmaker,0.12304984431484882
2015/16,bookmaker,0.38469780157641353
2015/16,bookmaker,0.09351634897338398
2015/16,bookmaker,0.38589432477878244
2015/16,bookmaker,0.06024649603104798
2015/16,bookmaker,0.14178300901894664
2015/16,bookmaker,0.2230696718427472
2015/16,bookmaker,0.13024654882151077
2015/16,bookmaker,0.29064672054517676
2015/16,bookmaker,0.02319811476251763
2015/16,bookmaker,0.13440458364903468
2015/16,bookmaker,0.1408682405529691
2015/16,bookmaker,0.4667564492466239
2015/16,bookmaker,0.07200685082693528
2015/16,bookmaker,0.18390471149589152
2015/16,bookmaker,0.17291512212464683
2015/16,bookmaker,0.42246668710523333
2015/16,bookmaker,0.12505505699884248
2015/16,bookmaker,0.463197461195876
2015/16,bookmaker,0.047897212762947255
2015/16,bookmaker,0.13030793630087756
2015/16,bookmaker,0.28387849719423464
2015/16,bookmaker,0.021783608295444963
2015/16,bookmaker,0.4810709920384798
2015/16,bookmaker,0.010458383446183078
2015/16,bookmaker,0.18004543435739156
2015/16,bookmaker,0.05130357707382244
2015/16,bookmaker,0.25354971070742444
2015/16,bookmaker,0.15012265349922727
2015/16,bookmaker,0.7380157410913881
2015/16,bookmaker,0.11772678953245654
2015/16,bookmaker,0.4005665835707829
2015/16,bookmaker,0.2138304835652197
2015/16,bookmaker,0.11108673281535415
2015/16,bookmaker,0.4017970284016668
2015/16,bookmaker,0.025384773618162684
2015/16,bookmaker,0.24177778242766979
2015/16,bookmaker,0.13104711378467432
2015/16,bookmaker,0.3086502612216949
2015/16,bookmaker,0.17699324231136754
2015/16,bookmaker,0.10975724981426103
2015/16,n0_fresh_v2,0.11369659480471977
2015/16,n0_fresh_v2,0.9082320136957807
2015/16,n0_fresh_v2,0.0013437429954908716
2015/16,n0_fresh_v2,0.9470079637747653
2015/16,n0_fresh_v2,0.4172892748084385
2015/16,n0_fresh_v2,0.9309884751201536
2015/16,n0_fresh_v2,0.0012704311339275113
2015/16,n0_fresh_v2,0.5763608009803798
2015/16,n0_fresh_v2,0.05510957210339456
2015/16,n0_fresh_v2,0.20607240935680932
2015/16,n0_fresh_v2,0.2597693512874697
2015/16,n0_fresh_v2,0.40141135386417415
2015/16,n0_fresh_v2,0.13633016570312656
2015/16,n0_fresh_v2,0.29706618041755795
2015/16,n0_fresh_v2,0.1793085984259486
2015/16,n0_fresh_v2,0.15007890059008855
2015/16,n0_fresh_v2,0.3587968677242015
2015/16,n0_fresh_v2,0.19533385609186987
2015/16,n0_fresh_v2,0.26968324568478275
2015/16,n0_fresh_v2,0.24074757567723856
2015/16,n0_fresh_v2,0.28714952850313114
2015/16,n0_fresh_v2,0.21785861237310647
2015/16,n0_fresh_v2,0.35904429670768934
2015/16,n0_fresh_v2,0.23838692281152551
2015/16,n0_fresh_v2,0.1348196591573013
2015/16,n0_fresh_v2,0.2361149264487941
2015/16,n0_fresh_v2,0.09824886233809911
2015/16,n0_fresh_v2,0.37817375048641566
2015/16,n0_fresh_v2,0.06517091414283188
2015/16,n0_fresh_v2,0.1674093086772523
2015/16,n0_fresh_v2,0.13870374206087904
2015/16,n0_fresh_v2,0.21833044455910333
2015/16,n0_fresh_v2,0.1355339000589313
2015/16,n0_fresh_v2,0.5216601604953246
2015/16,n0_fresh_v2,0.1662877558769265
2015/16,n0_fresh_v2,0.35785210967413306
2015/16,n0_fresh_v2,0.14742522443930156
2015/16,n0_fresh_v2,0.10744255277042272
2015/16,n0_fresh_v2,0.5082603089318664
2015/16,n0_fresh_v2,0.10034395130848751
2015/16,n0_fresh_v2,0.15196967564855615
2015/16,n0_fresh_v2,0.13355776903315159
2015/16,n0_fresh_v2,0.3076771728047209
2015/16,n0_fresh_v2,0.18461898670584426
2015/16,n0_fresh_v2,0.10931411538351052
2015/16,n0_carry_v2,0.06103733739950695
2015/16,n0_carry_v2,0.9095867148010938
2015/16,n0_carry_v2,0.0009753639537162706
2015/16,n0_carry_v2,0.9495040343908714
2015/16,n0_carry_v2,0.4140534584625386
2015/16,n0_carry_v2,0.9256290519024888
2015/16,n0_carry_v2,0.0016265540909033488
2015/16,n0_carry_v2,0.602962923904823
2015/16,n0_carry_v2,0.03869274197636897
2015/16,n0_carry_v2,0.1856223139837835
2015/16,n0_carry_v2,0.24205464315894382
2015/16,n0_carry_v2,0.3686093028365061
2015/16,n0_carry_v2,0.19530340574856886
2015/16,n0_carry_v2,0.2395442906880246
2015/16,n0_carry_v2,0.171657070431959
2015/16,n0_carry_v2,0.1420592499818961
2015/16,n0_carry_v2,0.4118307927417684
2015/16,n0_carry_v2,0.18161960655249534
2015/16,n0_carry_v2,0.2266605951051675
2015/16,n0_carry_v2,0.22790491428036289
2015/16,n0_carry_v2,0.33351181019049175
2015/16,n0_carry_v2,0.1936980825742903
2015/16,n0_carry_v2,0.35555075056275065
2015/16,n0_carry_v2,0.17525246426896207
2015/16,n0_carry_v2,0.13727757139293364
2015/16,n0_carry_v2,0.30975878090048886
2015/16,n0_carry_v2,0.09319638845008098
2015/16,n0_carry_v2,0.5042287898685003
2015/16,n0_carry_v2,0.04355066537540894
2015/16,n0_carry_v2,0.18762281894396096
2015/16,n0_carry_v2,0.14327487357795277
2015/16,n0_carry_v2,0.2552616604802158
2015/16,n0_carry_v2,0.13639940698557043
2015/16,n0_carry_v2,0.5326797637139238
2015/16,n0_carry_v2,0.178543331706093
2015/16,n0_carry_v2,0.4080335889239102
2015/16,n0_carry_v2,0.14153391316319622
2015/16,n0_carry_v2,0.10329347567049565
2015/16,n0_carry_v2,0.45135978625423123
2015/16,n0_carry_v2,0.0843014744153747
2015/16,n0_carry_v2,0.21246500966491613
2015/16,n0_carry_v2,0.13257073064502492
2015/16,n0_carry_v2,0.36812751368868274
2015/16,n0_carry_v2,0.18550698032825969
2015/16,n0_carry_v2,0.11216941739682862
2015/16,n36_fresh_v2,0.11369659480471977
2015/16,n36_fresh_v2,0.2903716881732753
2015/16,n36_fresh_v2,0.16187037030567314
2015/16,n36_fresh_v2,0.40976254912162696
2015/16,n36_fresh_v2,0.12940597714611346
2015/16,n36_fresh_v2,0.35217021745977195
2015/16,n36_fresh_v2,0.15787930149967758
2015/16,n36_fresh_v2,0.397919527180387
2015/16,n36_fresh_v2,0.13016091854889106
2015/16,n36_fresh_v2,0.1484872694311018
2015/16,n36_fresh_v2,0.20163424312762282
2015/16,n36_fresh_v2,0.28380906100949554
2015/16,n36_fresh_v2,0.22112483194554497
2015/16,n36_fresh_v2,0.19877711652918
2015/16,n36_fresh_v2,0.14128506024592727
2015/16,n36_fresh_v2,0.1313958609411547
2015/16,n36_fresh_v2,0.36433519636515027
2015/16,n36_fresh_v2,0.20312821607060585
2015/16,n36_fresh_v2,0.2346662833665999
2015/16,n36_fresh_v2,0.20540742418236613
2015/16,n36_fresh_v2,0.3344472627708204
2015/16,n36_fresh_v2,0.17966522291500647
2015/16,n36_fresh_v2,0.41783340363301735
2015/16,n36_fresh_v2,0.2115594013863685
2015/16,n36_fresh_v2,0.1328829501657287
2015/16,n36_fresh_v2,0.2254811592643442
2015/16,n36_fresh_v2,0.09719226619741247
2015/16,n36_fresh_v2,0.3857258709493262
2015/16,n36_fresh_v2,0.06511042188770047
2015/16,n36_fresh_v2,0.17306401949916614
2015/16,n36_fresh_v2,0.13351531373138179
2015/16,n36_fresh_v2,0.22486906612859753
2015/16,n36_fresh_v2,0.1302585021168357
2015/16,n36_fresh_v2,0.5106593511229104
2015/16,n36_fresh_v2,0.1799170308277213
2015/16,n36_fresh_v2,0.359827852879138
2015/16,n36_fresh_v2,0.1632152526077104
2015/16,n36_fresh_v2,0.12866174152612067
2015/16,n36_fresh_v2,0.49967764709791374
2015/16,n36_fresh_v2,0.09136713400322366
2015/16,n36_fresh_v2,0.17512643187255802
2015/16,n36_fresh_v2,0.13134957965550306
2015/16,n36_fresh_v2,0.3311959544183297
2015/16,n36_fresh_v2,0.1881960710535758
2015/16,n36_fresh_v2,0.11708609092733363
2015/16,n36_carry_v2,0.06103733739950695
2015/16,n36_carry_v2,0.3017304879337669
2015/16,n36_carry_v2,0.14596060457395268
2015/16,n36_carry_v2,0.4154418426729439
2015/16,n36_carry_v2,0.12714255091562005
2015/16,n36_carry_v2,0.36961119501750894
2015/16,n36_carry_v2,0.1718730131306927
2015/16,n36_carry_v2,0.4281058636589182
2015/16,n36_carry_v2,0.09962372218656879
2015/16,n36_carry_v2,0.13813566488167503
2015/16,n36_carry_v2,0.18552778276473392
2015/16,n36_carry_v2,0.2648642629764746
2015/16,n36_carry_v2,0.2887368079969361
2015/16,n36_carry_v2,0.15834617227397316
2015/16,n36_carry_v2,0.13858850551759583
2015/16,n36_carry_v2,0.12976394688907228
2015/16,n36_carry_v2,0.42178792851073577
2015/16,n36_carry_v2,0.19012934661070952
2015/16,n36_carry_v2,0.18591315649402412
2015/16,n36_carry_v2,0.19065361178604184
2015/16,n36_carry_v2,0.3771513485255482
2015/16,n36_carry_v2,0.16084982703026524
2015/16,n36_carry_v2,0.3966300305255007
2015/16,n36_carry_v2,0.1505595941557793
2015/16,n36_carry_v2,0.13478754372775315
2015/16,n36_carry_v2,0.2871670441727737
2015/16,n36_carry_v2,0.08737303987302819
2015/16,n36_carry_v2,0.4894260582781612
2015/16,n36_carry_v2,0.05214896371874583
2015/16,n36_carry_v2,0.1980990710681257
2015/16,n36_carry_v2,0.13682689677923388
2015/16,n36_carry_v2,0.2545971106574823
2015/16,n36_carry_v2,0.13563173725658878
2015/16,n36_carry_v2,0.49845206967642763
2015/16,n36_carry_v2,0.18923782300885067
2015/16,n36_carry_v2,0.3772582583219885
2015/16,n36_carry_v2,0.15043931017982068
2015/16,n36_carry_v2,0.10056112846002481
2015/16,n36_carry_v2,0.44739551273079947
2015/16,n36_carry_v2,0.09118379349082732
2015/16,n36_carry_v2,0.22825268891466538
2015/16,n36_carry_v2,0.13228947385739834
2015/16,n36_carry_v2,0.35014041481223046
2015/16,n36_carry_v2,0.19280241052166758
2015/16,n36_carry_v2,0.12529402610988094
2015/16,n72_fresh_v2,0.11369659480471977
2015/16,n72_fresh_v2,0.28188966401702537
2015/16,n72_fresh_v2,0.1683548880834947
2015/16,n72_fresh_v2,0.40003546710115145
2015/16,n72_fresh_v2,0.12894277190134829
2015/16,n72_fresh_v2,0.3429205696872911
2015/16,n72_fresh_v2,0.16427027689666118
2015/16,n72_fresh_v2,0.3825435969953659
2015/16,n72_fresh_v2,0.1391516763450683
2015/16,n72_fresh_v2,0.14421614167752048
2015/16,n72_fresh_v2,0.19391536937770576
2015/16,n72_fresh_v2,0.27165043098556807
2015/16,n72_fresh_v2,0.23373253955639892
2015/16,n72_fresh_v2,0.18803503494504903
2015/16,n72_fresh_v2,0.13816254086229288
2015/16,n72_fresh_v2,0.13063822607268352
2015/16,n72_fresh_v2,0.3667104579892162
2015/16,n72_fresh_v2,0.20577545065577776
2015/16,n72_fresh_v2,0.20711893545080845
2015/16,n72_fresh_v2,0.19899867609289257
2015/16,n72_fresh_v2,0.33125108031154166
2015/16,n72_fresh_v2,0.18472831700745357
2015/16,n72_fresh_v2,0.4223847007512886
2015/16,n72_fresh_v2,0.19245226519633848
2015/16,n72_fresh_v2,0.1340266144294396
2015/16,n72_fresh_v2,0.22483681049299925
2015/16,n72_fresh_v2,0.09209793163004511
2015/16,n72_fresh_v2,0.38375668160421034
2015/16,n72_fresh_v2,0.06506813167379148
2015/16,n72_fresh_v2,0.1610547629974738
2015/16,n72_fresh_v2,0.12894549888321588
2015/16,n72_fresh_v2,0.2310206347223098
2015/16,n72_fresh_v2,0.13144817087228344
2015/16,n72_fresh_v2,0.514608620763688
2015/16,n72_fresh_v2,0.1839844583802902
2015/16,n72_fresh_v2,0.34166856800057227
2015/16,n72_fresh_v2,0.1561328441320832
2015/16,n72_fresh_v2,0.12057052074413444
2015/16,n72_fresh_v2,0.4885970245720025
2015/16,n72_fresh_v2,0.09174620712426935
2015/16,n72_fresh_v2,0.16690513890677167
2015/16,n72_fresh_v2,0.12976267829183347
2015/16,n72_fresh_v2,0.31168486864353206
2015/16,n72_fresh_v2,0.19830794427861917
2015/16,n72_fresh_v2,0.1175835825078497
2015/16,n72_carry_v2,0.06103733739950695
2015/16,n72_carry_v2,0.2931783329353479
2015/16,n72_carry_v2,0.15213740789127933
2015/16,n72_carry_v2,0.40562042794831876
2015/16,n72_carry_v2,0.1262983955546759
2015/16,n72_carry_v2,0.3605924851300046
2015/16,n72_carry_v2,0.17853218618325287
2015/16,n72_carry_v2,0.4127374515365382
2015/16,n72_carry_v2,0.10728298366413216
2015/16,n72_carry_v2,0.13404519290561473
2015/16,n72_carry_v2,0.18060152790406062
2015/16,n72_carry_v2,0.253706009423012
2015/16,n72_carry_v2,0.3008866686639958
2015/16,n72_carry_v2,0.14911790758734794
2015/16,n72_carry_v2,0.13585140269151813
2015/16,n72_carry_v2,0.1298167339018391
2015/16,n72_carry_v2,0.4235922147275567
2015/16,n72_carry_v2,0.1906729563275531
2015/16,n72_carry_v2,0.17384128115880182
2015/16,n72_carry_v2,0.18323226959050348
2015/16,n72_carry_v2,0.39132106291150726
2015/16,n72_carry_v2,0.15379098282964468
2015/16,n72_carry_v2,0.4092248771597162
2015/16,n72_carry_v2,0.1438446650585968
2015/16,n72_carry_v2,0.13416658753158367
2015/16,n72_carry_v2,0.28934570420016903
2015/16,n72_carry_v2,0.08810631981855642
2015/16,n72_carry_v2,0.4943130481857181
2015/16,n72_carry_v2,0.046678424192595463
2015/16,n72_carry_v2,0.19265228935188156
2015/16,n72_carry_v2,0.13089606650987998
2015/16,n72_carry_v2,0.25521096434598356
2015/16,n72_carry_v2,0.13328531290670037
2015/16,n72_carry_v2,0.5078128265392596
2015/16,n72_carry_v2,0.1944533738242596
2015/16,n72_carry_v2,0.38287420163394004
2015/16,n72_carry_v2,0.15816367864332634
2015/16,n72_carry_v2,0.10876256593211735
2015/16,n72_carry_v2,0.454782299596176
2015/16,n72_carry_v2,0.08089065658992375
2015/16,n72_carry_v2,0.22700060551043402
2015/16,n72_carry_v2,0.1298868955483108
2015/16,n72_carry_v2,0.3529306488267773
2015/16,n72_carry_v2,0.1987078096458918
2015/16,n72_carry_v2,0.13186223526274365
2015/16,n144_fresh_v2,0.11369659480471977
2015/16,n144_fresh_v2,0.27760112389321157
2015/16,n144_fresh_v2,0.17173115997398464
2015/16,n144_fresh_v2,0.39508521139318864
2015/16,n144_fresh_v2,0.1287736865112024
2015/16,n144_fresh_v2,0.33822771250252
2015/16,n144_fresh_v2,0.1675990984132339
2015/16,n144_fresh_v2,0.3738570907764071
2015/16,n144_fresh_v2,0.1444568360892746
2015/16,n144_fresh_v2,0.14135339491815607
2015/16,n144_fresh_v2,0.1909364910409802
2015/16,n144_fresh_v2,0.2625646429210685
2015/16,n144_fresh_v2,0.24253965287505785
2015/16,n144_fresh_v2,0.18171275039446966
2015/16,n144_fresh_v2,0.1364612300368893
2015/16,n144_fresh_v2,0.13052871671726746
2015/16,n144_fresh_v2,0.37082242653073455
2015/16,n144_fresh_v2,0.20580927988282613
2015/16,n144_fresh_v2,0.20538080582489582
2015/16,n144_fresh_v2,0.19662360858314698
2015/16,n144_fresh_v2,0.34025502441345773
2015/16,n144_fresh_v2,0.17586877776302653
2015/16,n144_fresh_v2,0.4297371959103188
2015/16,n144_fresh_v2,0.18153061347689323
2015/16,n144_fresh_v2,0.1330828842196801
2015/16,n144_fresh_v2,0.22640198609334278
2015/16,n144_fresh_v2,0.09041457152968527
2015/16,n144_fresh_v2,0.36713670630323253
2015/16,n144_fresh_v2,0.06592377472173086
2015/16,n144_fresh_v2,0.16855002784546885
2015/16,n144_fresh_v2,0.12203110031046174
2015/16,n144_fresh_v2,0.22714977476492593
2015/16,n144_fresh_v2,0.13041157422920793
2015/16,n144_fresh_v2,0.49211384512980727
2015/16,n144_fresh_v2,0.19000531383840424
2015/16,n144_fresh_v2,0.33245637054771005
2015/16,n144_fresh_v2,0.15109540990716747
2015/16,n144_fresh_v2,0.13420820466224134
2015/16,n144_fresh_v2,0.500913772086731
2015/16,n144_fresh_v2,0.09053705255751733
2015/16,n144_fresh_v2,0.1688692046650742
2015/16,n144_fresh_v2,0.13163838452881155
2015/16,n144_fresh_v2,0.29505427757378333
2015/16,n144_fresh_v2,0.19806737142390107
2015/16,n144_fresh_v2,0.12359543103770722
2015/16,n144_carry_v2,0.06103733739950695
2015/16,n144_carry_v2,0.2888510411923497
2015/16,n144_carry_v2,0.15535924852510966
2015/16,n144_carry_v2,0.40062074697511224
2015/16,n144_carry_v2,0.12593044798827077
2015/16,n144_carry_v2,0.35601143187534184
2015/16,n144_carry_v2,0.18199578451199122
2015/16,n144_carry_v2,0.40403144308470484
2015/16,n144_carry_v2,0.1118325583294782
2015/16,n144_carry_v2,0.1320068178714891
2015/16,n144_carry_v2,0.1765006573143182
2015/16,n144_carry_v2,0.24589678945431087
2015/16,n144_carry_v2,0.31020148885243276
2015/16,n144_carry_v2,0.14474839145723872
2015/16,n144_carry_v2,0.1348031281065115
2015/16,n144_carry_v2,0.13010839935294488
2015/16,n144_carry_v2,0.4231015375714794
2015/16,n144_carry_v2,0.1918003012018028
2015/16,n144_carry_v2,0.17047140092828458
2015/16,n144_carry_v2,0.17972740280194993
2015/16,n144_carry_v2,0.3975366346859837
2015/16,n144_carry_v2,0.1554223620573366
2015/16,n144_carry_v2,0.41895611313677994
2015/16,n144_carry_v2,0.14156550482145822
2015/16,n144_carry_v2,0.1342562428261477
2015/16,n144_carry_v2,0.28672883528061616
2015/16,n144_carry_v2,0.0856692331932037
2015/16,n144_carry_v2,0.4798091738382127
2015/16,n144_carry_v2,0.052782794994217466
2015/16,n144_carry_v2,0.1950871410990233
2015/16,n144_carry_v2,0.1300326505037962
2015/16,n144_carry_v2,0.27226535964312937
2015/16,n144_carry_v2,0.13473861559773545
2015/16,n144_carry_v2,0.4965039929053964
2015/16,n144_carry_v2,0.20595773452660684
2015/16,n144_carry_v2,0.3620789578955254
2015/16,n144_carry_v2,0.15640110132407745
2015/16,n144_carry_v2,0.10550338154103785
2015/16,n144_carry_v2,0.46535191538733994
2015/16,n144_carry_v2,0.08096027927907454
2015/16,n144_carry_v2,0.23237463817597642
2015/16,n144_carry_v2,0.1295660248741685
2015/16,n144_carry_v2,0.3469607771017778
2015/16,n144_carry_v2,0.19853313044243434
2015/16,n144_carry_v2,0.12491232809351348
2015/16,fixed_fresh_v2,0.11369659480471977
2015/16,fixed_fresh_v2,0.2732813675368997
2015/16,fixed_fresh_v2,0.1752006803941729
2015/16,fixed_fresh_v2,0.3900767349021297
2015/16,fixed_fresh_v2,0.1286489084860628
2015/16,fixed_fresh_v2,0.3334895681879566
2015/16,fixed_fresh_v2,0.1710207363635589
2015/16,fixed_fresh_v2,0.3643903062121494
2015/16,fixed_fresh_v2,0.15043327233898224
2015/16,fixed_fresh_v2,0.13839763927069093
2015/16,fixed_fresh_v2,0.18561090224380788
2015/16,fixed_fresh_v2,0.2511350735280188
2015/16,fixed_fresh_v2,0.24892325032517765
2015/16,fixed_fresh_v2,0.17429885672014894
2015/16,fixed_fresh_v2,0.13516993903919522
2015/16,fixed_fresh_v2,0.13096564927462329
2015/16,fixed_fresh_v2,0.37207812395708517
2015/16,fixed_fresh_v2,0.20582350621283918
2015/16,fixed_fresh_v2,0.20197705725495374
2015/16,fixed_fresh_v2,0.1802182884047026
2015/16,fixed_fresh_v2,0.34809509624123103
2015/16,fixed_fresh_v2,0.16801863303660403
2015/16,fixed_fresh_v2,0.4448031936072422
2015/16,fixed_fresh_v2,0.17469310394524196
2015/16,fixed_fresh_v2,0.13448467821568388
2015/16,fixed_fresh_v2,0.22173784173199315
2015/16,fixed_fresh_v2,0.09581045013795626
2015/16,fixed_fresh_v2,0.3666823031774771
2015/16,fixed_fresh_v2,0.06725570889321175
2015/16,fixed_fresh_v2,0.17172896240777283
2015/16,fixed_fresh_v2,0.1253849589849383
2015/16,fixed_fresh_v2,0.23558944612178975
2015/16,fixed_fresh_v2,0.13065489720129014
2015/16,fixed_fresh_v2,0.4916984069126681
2015/16,fixed_fresh_v2,0.19537656538550424
2015/16,fixed_fresh_v2,0.3365019475325053
2015/16,fixed_fresh_v2,0.1643876523974166
2015/16,fixed_fresh_v2,0.12819324876294985
2015/16,fixed_fresh_v2,0.472230732451139
2015/16,fixed_fresh_v2,0.08613308973076883
2015/16,fixed_fresh_v2,0.16461754670675965
2015/16,fixed_fresh_v2,0.12933538337483313
2015/16,fixed_fresh_v2,0.3034073859571007
2015/16,fixed_fresh_v2,0.19419849833749103
2015/16,fixed_fresh_v2,0.13543878190701786
2015/16,fixed_carry_v2,0.06103733739950695
2015/16,fixed_carry_v2,0.284489975614746
2015/16,fixed_carry_v2,0.15867411209166776
2015/16,fixed_carry_v2,0.3955613002543813
2015/16,fixed_carry_v2,0.1256010627563966
2015/16,fixed_carry_v2,0.3513824005787276
2015/16,fixed_carry_v2,0.1855525293158282
2015/16,fixed_carry_v2,0.39452342164052684
2015/16,fixed_carry_v2,0.11698372187554366
2015/16,fixed_carry_v2,0.13048899720293022
2015/16,fixed_carry_v2,0.1725536093742537
2015/16,fixed_carry_v2,0.2388648107308089
2015/16,fixed_carry_v2,0.3166988088674898
2015/16,fixed_carry_v2,0.13933387025434676
2015/16,fixed_carry_v2,0.1332994266081712
2015/16,fixed_carry_v2,0.13057641094832328
2015/16,fixed_carry_v2,0.42615181941449176
2015/16,fixed_carry_v2,0.19188085159465845
2015/16,fixed_carry_v2,0.17193447854958135
2015/16,fixed_carry_v2,0.17310194330726475
2015/16,fixed_carry_v2,0.40897607922407003
2015/16,fixed_carry_v2,0.14856441464077605
2015/16,fixed_carry_v2,0.4285081539783864
2015/16,fixed_carry_v2,0.13356617147220456
2015/16,fixed_carry_v2,0.1342168487892452
2015/16,fixed_carry_v2,0.2825803267596204
2015/16,fixed_carry_v2,0.08728696990388539
2015/16,fixed_carry_v2,0.48343721065222756
2015/16,fixed_carry_v2,0.0522310036171086
2015/16,fixed_carry_v2,0.20518280900471092
2015/16,fixed_carry_v2,0.12853135581130953
2015/16,fixed_carry_v2,0.267261763981895
2015/16,fixed_carry_v2,0.1328445282306208
2015/16,fixed_carry_v2,0.5142967664530051
2015/16,fixed_carry_v2,0.2063424331111564
2015/16,fixed_carry_v2,0.36559454687053505
2015/16,fixed_carry_v2,0.16628099861844364
2015/16,fixed_carry_v2,0.11243642040778748
2015/16,fixed_carry_v2,0.43424189949208936
2015/16,fixed_carry_v2,0.07792035228430808
2015/16,fixed_carry_v2,0.23978375089628434
2015/16,fixed_carry_v2,0.1281695694513911
2015/16,fixed_carry_v2,0.3348174700955761
2015/16,fixed_carry_v2,0.1987492220545698
2015/16,fixed_carry_v2,0.12306682848752815
2016/17,bookmaker,0.005024385738257436
2016/17,bookmaker,0.07565869227142942
2016/17,bookmaker,0.12463459687591538
2016/17,bookmaker,0.24568025256557371
2016/17,bookmaker,0.33708314458901945
2016/17,bookmaker,0.24412908943255981
2016/17,bookmaker,0.032999947195036336
2016/17,bookmaker,0.16030099763605093
2016/17,bookmaker,0.13096325727799105
2016/17,bookmaker,0.03441689606281807
2016/17,bookmaker,0.16609031590182527
2016/17,bookmaker,0.5201836816396898
2016/17,bookmaker,0.08010631035635474
2016/17,bookmaker,0.32997687636524253
2016/17,bookmaker,0.3933906172448145
2016/17,bookmaker,0.34439954416687857
2016/17,bookmaker,0.15057529704631067
2016/17,bookmaker,0.3116968156851752
2016/17,bookmaker,0.11239571440439458
2016/17,bookmaker,0.0112961679226886
2016/17,bookmaker,0.38921660107915135
2016/17,bookmaker,0.015450743814521621
2016/17,bookmaker,0.13643934048102913
2016/17,bookmaker,0.2687607527324804
2016/17,bookmaker,0.06487719449373337
2016/17,bookmaker,0.3266377550416198
2016/17,bookmaker,0.28706582681644993
2016/17,bookmaker,0.4173064754134984
2016/17,bookmaker,0.11620463374514584
2016/17,bookmaker,0.15317981513611204
2016/17,bookmaker,0.1841847042240895
2016/17,bookmaker,0.20585605714305455
2016/17,bookmaker,0.34924209715625976
2016/17,bookmaker,0.011619055732831115
2016/17,bookmaker,0.22668190318943202
2016/17,bookmaker,0.13626200523122597
2016/17,bookmaker,0.021924764892733824
2016/17,bookmaker,0.09513533234668749
2016/17,bookmaker,0.02094277346992388
2016/17,bookmaker,0.12639217115275356
2016/17,bookmaker,0.4081022972734686
2016/17,bookmaker,0.19945687581394214
2016/17,bookmaker,0.1583314318176514
2016/17,bookmaker,0.12972618886024972
2016/17,bookmaker,0.3091959238365547
2016/17,n0_fresh_v2,0.10599160342543389
2016/17,n0_fresh_v2,8.841529817019272e-05
2016/17,n0_fresh_v2,0.48390390900372265
2016/17,n0_fresh_v2,0.00032882412292028514
2016/17,n0_fresh_v2,0.0005457892852876774
2016/17,n0_fresh_v2,0.9633512585788115
2016/17,n0_fresh_v2,7.258954961818074e-05
2016/17,n0_fresh_v2,0.06225168571950683
2016/17,n0_fresh_v2,0.22476036766587318
2016/17,n0_fresh_v2,0.35822011687917066
2016/17,n0_fresh_v2,0.16810491949024656
2016/17,n0_fresh_v2,0.19738564927821525
2016/17,n0_fresh_v2,0.09564906989794467
2016/17,n0_fresh_v2,0.21267869433843892
2016/17,n0_fresh_v2,0.22465150546349916
2016/17,n0_fresh_v2,0.39150248857225
2016/17,n0_fresh_v2,0.15373726523999853
2016/17,n0_fresh_v2,0.3720329323258848
2016/17,n0_fresh_v2,0.1477957211971974
2016/17,n0_fresh_v2,0.08083831169206206
2016/17,n0_fresh_v2,0.22948677689279198
2016/17,n0_fresh_v2,0.08411557537969443
2016/17,n0_fresh_v2,0.13490483880623252
2016/17,n0_fresh_v2,0.2821711411328636
2016/17,n0_fresh_v2,0.1292942478378223
2016/17,n0_fresh_v2,0.3369230803539461
2016/17,n0_fresh_v2,0.20954060193757146
2016/17,n0_fresh_v2,0.29449287287763326
2016/17,n0_fresh_v2,0.2778059326965655
2016/17,n0_fresh_v2,0.1451055238691407
2016/17,n0_fresh_v2,0.14275362154186777
2016/17,n0_fresh_v2,0.2849057009017424
2016/17,n0_fresh_v2,0.3563040135292242
2016/17,n0_fresh_v2,0.10002555196595163
2016/17,n0_fresh_v2,0.17633115027160612
2016/17,n0_fresh_v2,0.14074008660997012
2016/17,n0_fresh_v2,0.07330442586122474
2016/17,n0_fresh_v2,0.10592338090874147
2016/17,n0_fresh_v2,0.1527648142685529
2016/17,n0_fresh_v2,0.13558633719423274
2016/17,n0_fresh_v2,0.2635430484884107
2016/17,n0_fresh_v2,0.36524316070383955
2016/17,n0_fresh_v2,0.1518638834160465
2016/17,n0_fresh_v2,0.1347574600779523
2016/17,n0_fresh_v2,0.20912589054824773
2016/17,n0_carry_v2,0.08734816064557513
2016/17,n0_carry_v2,0.00014646016590400522
2016/17,n0_carry_v2,0.4785988541021188
2016/17,n0_carry_v2,0.00028141651994921757
2016/17,n0_carry_v2,0.001491327018739465
2016/17,n0_carry_v2,0.9503711757613986
2016/17,n0_carry_v2,3.687047032526182e-05
2016/17,n0_carry_v2,0.0740161110232157
2016/17,n0_carry_v2,0.21743585428533174
2016/17,n0_carry_v2,0.2954318511385337
2016/17,n0_carry_v2,0.17141160741443284
2016/17,n0_carry_v2,0.2623503743987179
2016/17,n0_carry_v2,0.08029135945169463
2016/17,n0_carry_v2,0.18366112020798145
2016/17,n0_carry_v2,0.2551808719517869
2016/17,n0_carry_v2,0.38825255058473723
2016/17,n0_carry_v2,0.16004349650991317
2016/17,n0_carry_v2,0.4019897804827818
2016/17,n0_carry_v2,0.1636039094511549
2016/17,n0_carry_v2,0.06755593245966035
2016/17,n0_carry_v2,0.2944367122313327
2016/17,n0_carry_v2,0.056102983152204924
2016/17,n0_carry_v2,0.1298409438758577
2016/17,n0_carry_v2,0.2686651565139375
2016/17,n0_carry_v2,0.11184703953290145
2016/17,n0_carry_v2,0.3214721051791062
2016/17,n0_carry_v2,0.22645904968481692
2016/17,n0_carry_v2,0.3351180801811823
2016/17,n0_carry_v2,0.22968030564096847
2016/17,n0_carry_v2,0.13913116957554483
2016/17,n0_carry_v2,0.14492655678963373
2016/17,n0_carry_v2,0.28993122491193224
2016/17,n0_carry_v2,0.371636772781208
2016/17,n0_carry_v2,0.08698007054974641
2016/17,n0_carry_v2,0.18054141532772397
2016/17,n0_carry_v2,0.13733712611045978
2016/17,n0_carry_v2,0.06613847151128766
2016/17,n0_carry_v2,0.1278623945469948
2016/17,n0_carry_v2,0.1247047109878547
2016/17,n0_carry_v2,0.12113230521561075
2016/17,n0_carry_v2,0.26845466270884455
2016/17,n0_carry_v2,0.32235597569402635
2016/17,n0_carry_v2,0.12069315109147631
2016/17,n0_carry_v2,0.1317490650978594
2016/17,n0_carry_v2,0.18633118287376194
2016/17,n36_fresh_v2,0.10599160342543389
2016/17,n36_fresh_v2,0.12454814671157036
2016/17,n36_fresh_v2,0.15823915494224483
2016/17,n36_fresh_v2,0.1935361524500369
2016/17,n36_fresh_v2,0.22562853138198657
2016/17,n36_fresh_v2,0.3121920437583633
2016/17,n36_fresh_v2,0.11556122557835699
2016/17,n36_fresh_v2,0.14689231048180382
2016/17,n36_fresh_v2,0.15251046204877744
2016/17,n36_fresh_v2,0.2542935317952917
2016/17,n36_fresh_v2,0.1503346461207864
2016/17,n36_fresh_v2,0.2464293851433931
2016/17,n36_fresh_v2,0.12441937616583032
2016/17,n36_fresh_v2,0.2619899992063554
2016/17,n36_fresh_v2,0.2711554891614559
2016/17,n36_fresh_v2,0.34022943184921145
2016/17,n36_fresh_v2,0.14693973642851077
2016/17,n36_fresh_v2,0.34016138084958925
2016/17,n36_fresh_v2,0.14763097457389432
2016/17,n36_fresh_v2,0.07712280584381441
2016/17,n36_fresh_v2,0.22372309368789986
2016/17,n36_fresh_v2,0.08149993884329104
2016/17,n36_fresh_v2,0.1366064176798062
2016/17,n36_fresh_v2,0.2878863630539211
2016/17,n36_fresh_v2,0.13080857060391154
2016/17,n36_fresh_v2,0.3440218206299265
2016/17,n36_fresh_v2,0.21262230553244188
2016/17,n36_fresh_v2,0.3153111118579667
2016/17,n36_fresh_v2,0.28682484699696165
2016/17,n36_fresh_v2,0.13922173593955625
2016/17,n36_fresh_v2,0.13760617146015044
2016/17,n36_fresh_v2,0.2591333859851149
2016/17,n36_fresh_v2,0.3617552216438813
2016/17,n36_fresh_v2,0.10171341030925224
2016/17,n36_fresh_v2,0.1681938772681917
2016/17,n36_fresh_v2,0.14116894717226555
2016/17,n36_fresh_v2,0.08230883364303616
2016/17,n36_fresh_v2,0.1142071988791794
2016/17,n36_fresh_v2,0.14470802104646602
2016/17,n36_fresh_v2,0.12918512428231382
2016/17,n36_fresh_v2,0.2888402450940527
2016/17,n36_fresh_v2,0.31557851840809165
2016/17,n36_fresh_v2,0.16465727300061467
2016/17,n36_fresh_v2,0.13964651687125856
2016/17,n36_fresh_v2,0.20475908047623329
2016/17,n36_carry_v2,0.08734816064557513
2016/17,n36_carry_v2,0.13287453125033882
2016/17,n36_carry_v2,0.14744941630961134
2016/17,n36_carry_v2,0.1782018048915615
2016/17,n36_carry_v2,0.262030103600744
2016/17,n36_carry_v2,0.2843870156273085
2016/17,n36_carry_v2,0.0814517739071125
2016/17,n36_carry_v2,0.16282640291272815
2016/17,n36_carry_v2,0.1485093888980979
2016/17,n36_carry_v2,0.21008071666825842
2016/17,n36_carry_v2,0.15205363444128175
2016/17,n36_carry_v2,0.3157359835926341
2016/17,n36_carry_v2,0.1051405484713395
2016/17,n36_carry_v2,0.22537457496830926
2016/17,n36_carry_v2,0.30282396041356896
2016/17,n36_carry_v2,0.3391063857465745
2016/17,n36_carry_v2,0.1529216933520815
2016/17,n36_carry_v2,0.37180019669596587
2016/17,n36_carry_v2,0.16291068765142822
2016/17,n36_carry_v2,0.06696328153986458
2016/17,n36_carry_v2,0.29402257054328934
2016/17,n36_carry_v2,0.05582471772549124
2016/17,n36_carry_v2,0.13229717811484623
2016/17,n36_carry_v2,0.2719646579488283
2016/17,n36_carry_v2,0.10900187381663627
2016/17,n36_carry_v2,0.3269039650920596
2016/17,n36_carry_v2,0.22386425987301428
2016/17,n36_carry_v2,0.34391170284226724
2016/17,n36_carry_v2,0.23453251150047624
2016/17,n36_carry_v2,0.1383064902840735
2016/17,n36_carry_v2,0.14012802254992365
2016/17,n36_carry_v2,0.288236188079926
2016/17,n36_carry_v2,0.37289827165960215
2016/17,n36_carry_v2,0.08425628716121293
2016/17,n36_carry_v2,0.17900863562416067
2016/17,n36_carry_v2,0.13813135265046705
2016/17,n36_carry_v2,0.06422560153294814
2016/17,n36_carry_v2,0.1229806250380585
2016/17,n36_carry_v2,0.11382319227432401
2016/17,n36_carry_v2,0.1158918393647291
2016/17,n36_carry_v2,0.27617651573178886
2016/17,n36_carry_v2,0.3162424503623508
2016/17,n36_carry_v2,0.12326064592136209
2016/17,n36_carry_v2,0.13272748563339568
2016/17,n36_carry_v2,0.2064949444463432
2016/17,n72_fresh_v2,0.10599160342543389
2016/17,n72_fresh_v2,0.13247824111640846
2016/17,n72_fresh_v2,0.15368586424851888
2016/17,n72_fresh_v2,0.20358231172850874
2016/17,n72_fresh_v2,0.23637662088549619
2016/17,n72_fresh_v2,0.30025629513691526
2016/17,n72_fresh_v2,0.12314013806042953
2016/17,n72_fresh_v2,0.15686313649827197
2016/17,n72_fresh_v2,0.14818424446927903
2016/17,n72_fresh_v2,0.24602863104080103
2016/17,n72_fresh_v2,0.14762426048787686
2016/17,n72_fresh_v2,0.2509845814040271
2016/17,n72_fresh_v2,0.12856481095551567
2016/17,n72_fresh_v2,0.26729007197655386
2016/17,n72_fresh_v2,0.2762360384087381
2016/17,n72_fresh_v2,0.3347921420162615
2016/17,n72_fresh_v2,0.14674294121250925
2016/17,n72_fresh_v2,0.33268503591378684
2016/17,n72_fresh_v2,0.1471755944182782
2016/17,n72_fresh_v2,0.07877231796976206
2016/17,n72_fresh_v2,0.23170394131235256
2016/17,n72_fresh_v2,0.08025440378509223
2016/17,n72_fresh_v2,0.13554053192282595
2016/17,n72_fresh_v2,0.28772805086051356
2016/17,n72_fresh_v2,0.1232007204162891
2016/17,n72_fresh_v2,0.3492226398338013
2016/17,n72_fresh_v2,0.20105494390154702
2016/17,n72_fresh_v2,0.31853216188145445
2016/17,n72_fresh_v2,0.282317425017627
2016/17,n72_fresh_v2,0.14275536438327827
2016/17,n72_fresh_v2,0.14013834617371795
2016/17,n72_fresh_v2,0.2746261324517262
2016/17,n72_fresh_v2,0.3541471858733964
2016/17,n72_fresh_v2,0.11010106048772514
2016/17,n72_fresh_v2,0.17771302394271463
2016/17,n72_fresh_v2,0.14141676106892503
2016/17,n72_fresh_v2,0.10657260365839227
2016/17,n72_fresh_v2,0.10413962037449542
2016/17,n72_fresh_v2,0.14497991793536277
2016/17,n72_fresh_v2,0.12902522462562338
2016/17,n72_fresh_v2,0.29728159570234125
2016/17,n72_fresh_v2,0.3161366571011379
2016/17,n72_fresh_v2,0.16610104388134292
2016/17,n72_fresh_v2,0.13446150665531273
2016/17,n72_fresh_v2,0.20136976064568246
2016/17,n72_carry_v2,0.08734816064557513
2016/17,n72_carry_v2,0.14084974664575925
2016/17,n72_carry_v2,0.14363891100446075
2016/17,n72_carry_v2,0.18775489156679273
2016/17,n72_carry_v2,0.27282695559283177
2016/17,n72_carry_v2,0.27334727549496085
2016/17,n72_carry_v2,0.08740082829961546
2016/17,n72_carry_v2,0.17297766667667808
2016/17,n72_carry_v2,0.14475202637137544
2016/17,n72_carry_v2,0.20190885908918285
2016/17,n72_carry_v2,0.1494043573000863
2016/17,n72_carry_v2,0.3216758107325307
2016/17,n72_carry_v2,0.10874527235733016
2016/17,n72_carry_v2,0.23006132623980646
2016/17,n72_carry_v2,0.3098324580649952
2016/17,n72_carry_v2,0.3340274536852168
2016/17,n72_carry_v2,0.15183359894333975
2016/17,n72_carry_v2,0.36529759183663096
2016/17,n72_carry_v2,0.16836542157368092
2016/17,n72_carry_v2,0.06483932792497044
2016/17,n72_carry_v2,0.29199087234627374
2016/17,n72_carry_v2,0.05489416931185738
2016/17,n72_carry_v2,0.13270689801023028
2016/17,n72_carry_v2,0.2658005536889037
2016/17,n72_carry_v2,0.11124079706931128
2016/17,n72_carry_v2,0.32433164879742027
2016/17,n72_carry_v2,0.22337855601617987
2016/17,n72_carry_v2,0.3302321865741927
2016/17,n72_carry_v2,0.23991975451500797
2016/17,n72_carry_v2,0.13742443868983614
2016/17,n72_carry_v2,0.1405078752249583
2016/17,n72_carry_v2,0.29464167980763295
2016/17,n72_carry_v2,0.36165138946730724
2016/17,n72_carry_v2,0.08887901626947267
2016/17,n72_carry_v2,0.17670632287757154
2016/17,n72_carry_v2,0.13624035918915864
2016/17,n72_carry_v2,0.07212896677283773
2016/17,n72_carry_v2,0.12970020121729728
2016/17,n72_carry_v2,0.11063077939459197
2016/17,n72_carry_v2,0.11919548960322583
2016/17,n72_carry_v2,0.2736885839823351
2016/17,n72_carry_v2,0.32119549254566837
2016/17,n72_carry_v2,0.12791921435873285
2016/17,n72_carry_v2,0.13042087937046953
2016/17,n72_carry_v2,0.23840419281736142
2016/17,n144_fresh_v2,0.10599160342543389
2016/17,n144_fresh_v2,0.1366750564453352
2016/17,n144_fresh_v2,0.15145966751905632
2016/17,n144_fresh_v2,0.20884715708088541
2016/17,n144_fresh_v2,0.2419892293092041
2016/17,n144_fresh_v2,0.29421718242328215
2016/17,n144_fresh_v2,0.12715753358840778
2016/17,n144_fresh_v2,0.16273024502762554
2016/17,n144_fresh_v2,0.14590427558438296
2016/17,n144_fresh_v2,0.23938280291443362
2016/17,n144_fresh_v2,0.14636252799426808
2016/17,n144_fresh_v2,0.2564844915866837
2016/17,n144_fresh_v2,0.13084024051519144
2016/17,n144_fresh_v2,0.271896531459702
2016/17,n144_fresh_v2,0.2822586100247022
2016/17,n144_fresh_v2,0.3280686078734366
2016/17,n144_fresh_v2,0.14560220353657438
2016/17,n144_fresh_v2,0.3306981171927573
2016/17,n144_fresh_v2,0.14505842225074814
2016/17,n144_fresh_v2,0.07615098514483906
2016/17,n144_fresh_v2,0.22339166675762762
2016/17,n144_fresh_v2,0.0781979424847895
2016/17,n144_fresh_v2,0.1361715558820894
2016/17,n144_fresh_v2,0.28950415970990356
2016/17,n144_fresh_v2,0.12699078431407138
2016/17,n144_fresh_v2,0.347313952581479
2016/17,n144_fresh_v2,0.20113487733417312
2016/17,n144_fresh_v2,0.32158422952662774
2016/17,n144_fresh_v2,0.2827875252249933
2016/17,n144_fresh_v2,0.1426841441460323
2016/17,n144_fresh_v2,0.13662551396285644
2016/17,n144_fresh_v2,0.27384145692624995
2016/17,n144_fresh_v2,0.3379469976156384
2016/17,n144_fresh_v2,0.10875554109128384
2016/17,n144_fresh_v2,0.1751066033160917
2016/17,n144_fresh_v2,0.13950325303692307
2016/17,n144_fresh_v2,0.08907568512271527
2016/17,n144_fresh_v2,0.1260460187596253
2016/17,n144_fresh_v2,0.139119037181711
2016/17,n144_fresh_v2,0.13116558074963036
2016/17,n144_fresh_v2,0.2731685379952618
2016/17,n144_fresh_v2,0.31770756003175266
2016/17,n144_fresh_v2,0.16298063539038754
2016/17,n144_fresh_v2,0.13668041257386587
2016/17,n144_fresh_v2,0.20776289396340156
2016/17,n144_carry_v2,0.08734816064557513
2016/17,n144_carry_v2,0.14506051558306754
2016/17,n144_carry_v2,0.14179720908301247
2016/17,n144_carry_v2,0.19276959717136966
2016/17,n144_carry_v2,0.2784413225117898
2016/17,n144_carry_v2,0.2677708081145779
2016/17,n144_carry_v2,0.09057533986218398
2016/17,n144_carry_v2,0.17892915324496197
2016/17,n144_carry_v2,0.14281453373035524
2016/17,n144_carry_v2,0.1949345560531274
2016/17,n144_carry_v2,0.14900569912016184
2016/17,n144_carry_v2,0.3268764977269306
2016/17,n144_carry_v2,0.11021123815216356
2016/17,n144_carry_v2,0.2337666117687259
2016/17,n144_carry_v2,0.31321801735356913
2016/17,n144_carry_v2,0.32998125472247875
2016/17,n144_carry_v2,0.15079095669324655
2016/17,n144_carry_v2,0.3620870548625911
2016/17,n144_carry_v2,0.16232756728711664
2016/17,n144_carry_v2,0.06585827198589302
2016/17,n144_carry_v2,0.29320935931454883
2016/17,n144_carry_v2,0.053692964610467034
2016/17,n144_carry_v2,0.13305113204502445
2016/17,n144_carry_v2,0.2650631655112715
2016/17,n144_carry_v2,0.10949144974019907
2016/17,n144_carry_v2,0.32278388884368797
2016/17,n144_carry_v2,0.22351772301691883
2016/17,n144_carry_v2,0.3353048367974614
2016/17,n144_carry_v2,0.25863714200578225
2016/17,n144_carry_v2,0.13756076219465802
2016/17,n144_carry_v2,0.13755631659696588
2016/17,n144_carry_v2,0.2868911778095796
2016/17,n144_carry_v2,0.36852534700168843
2016/17,n144_carry_v2,0.08578933666412239
2016/17,n144_carry_v2,0.18080579849099326
2016/17,n144_carry_v2,0.1352995280360952
2016/17,n144_carry_v2,0.07077677877919071
2016/17,n144_carry_v2,0.1342964665389445
2016/17,n144_carry_v2,0.10988612262643827
2016/17,n144_carry_v2,0.11922668390312859
2016/17,n144_carry_v2,0.28976880153426665
2016/17,n144_carry_v2,0.28145888043371114
2016/17,n144_carry_v2,0.12165195012482427
2016/17,n144_carry_v2,0.13220196338751508
2016/17,n144_carry_v2,0.23632989130429066
2016/17,fixed_fresh_v2,0.10599160342543389
2016/17,fixed_fresh_v2,0.1410354190082866
2016/17,fixed_fresh_v2,0.14927286693165806
2016/17,fixed_fresh_v2,0.2142807503905832
2016/17,fixed_fresh_v2,0.24776767195899677
2016/17,fixed_fresh_v2,0.28813223294235046
2016/17,fixed_fresh_v2,0.1313360592152215
2016/17,fixed_fresh_v2,0.1693253541011207
2016/17,fixed_fresh_v2,0.14356014792702942
2016/17,fixed_fresh_v2,0.23245253368932328
2016/17,fixed_fresh_v2,0.14569292094773337
2016/17,fixed_fresh_v2,0.2599966129789676
2016/17,fixed_fresh_v2,0.13343891536936403
2016/17,fixed_fresh_v2,0.2761479534072295
2016/17,fixed_fresh_v2,0.28537400696953724
2016/17,fixed_fresh_v2,0.32463632583785906
2016/17,fixed_fresh_v2,0.1452967639646541
2016/17,fixed_fresh_v2,0.32633583925247134
2016/17,fixed_fresh_v2,0.15092602819657702
2016/17,fixed_fresh_v2,0.07760348002407569
2016/17,fixed_fresh_v2,0.23424681942990544
2016/17,fixed_fresh_v2,0.07648959547089193
2016/17,fixed_fresh_v2,0.1384430786897476
2016/17,fixed_fresh_v2,0.29139304331955745
2016/17,fixed_fresh_v2,0.12309046466547544
2016/17,fixed_fresh_v2,0.3456227644704427
2016/17,fixed_fresh_v2,0.21203725272901217
2016/17,fixed_fresh_v2,0.33270377877529766
2016/17,fixed_fresh_v2,0.28627939213175346
2016/17,fixed_fresh_v2,0.14040144284411657
2016/17,fixed_fresh_v2,0.13364100230660653
2016/17,fixed_fresh_v2,0.2923372333048963
2016/17,fixed_fresh_v2,0.349608288664097
2016/17,fixed_fresh_v2,0.1003061738586277
2016/17,fixed_fresh_v2,0.17512282405007396
2016/17,fixed_fresh_v2,0.14236058060785473
2016/17,fixed_fresh_v2,0.08410130228945269
2016/17,fixed_fresh_v2,0.12247500537002959
2016/17,fixed_fresh_v2,0.13919945120450264
2016/17,fixed_fresh_v2,0.12280177666948885
2016/17,fixed_fresh_v2,0.3060992102423814
2016/17,fixed_fresh_v2,0.326864238499413
2016/17,fixed_fresh_v2,0.1884207684822654
2016/17,fixed_fresh_v2,0.134812167458814
2016/17,fixed_fresh_v2,0.22840092734001433
2016/17,fixed_carry_v2,0.08734816064557513
2016/17,fixed_carry_v2,0.14942846276973817
2016/17,fixed_carry_v2,0.14000354172807272
2016/17,fixed_carry_v2,0.1979508875220133
2016/17,fixed_carry_v2,0.28420526421306763
2016/17,fixed_carry_v2,0.2621582396406173
2016/17,fixed_carry_v2,0.09389230879663238
2016/17,fixed_carry_v2,0.18560093199225092
2016/17,fixed_carry_v2,0.14086116632555262
2016/17,fixed_carry_v2,0.19004417991931413
2016/17,fixed_carry_v2,0.14775289233960814
2016/17,fixed_carry_v2,0.3298620355271319
2016/17,fixed_carry_v2,0.11305155079728149
2016/17,fixed_carry_v2,0.23825043449989847
2016/17,fixed_carry_v2,0.3156918310271135
2016/17,fixed_carry_v2,0.32545688095850817
2016/17,fixed_carry_v2,0.15110454881465837
2016/17,fixed_carry_v2,0.3578349143228476
2016/17,fixed_carry_v2,0.16435245306121657
2016/17,fixed_carry_v2,0.06497857596712199
2016/17,fixed_carry_v2,0.2907863819916535
2016/17,fixed_carry_v2,0.05371514898272058
2016/17,fixed_carry_v2,0.13372687400990863
2016/17,fixed_carry_v2,0.2663296732318683
2016/17,fixed_carry_v2,0.11257298157844194
2016/17,fixed_carry_v2,0.33128850505285484
2016/17,fixed_carry_v2,0.22633495706125215
2016/17,fixed_carry_v2,0.34190962405313696
2016/17,fixed_carry_v2,0.24184858310425905
2016/17,fixed_carry_v2,0.13595210971639213
2016/17,fixed_carry_v2,0.14222470174008325
2016/17,fixed_carry_v2,0.29519546612702097
2016/17,fixed_carry_v2,0.3700359091152535
2016/17,fixed_carry_v2,0.08190799418013388
2016/17,fixed_carry_v2,0.17899563425510592
2016/17,fixed_carry_v2,0.13715435288476305
2016/17,fixed_carry_v2,0.06738912936450231
2016/17,fixed_carry_v2,0.13919901895691394
2016/17,fixed_carry_v2,0.10606681314928527
2016/17,fixed_carry_v2,0.1172724007382836
2016/17,fixed_carry_v2,0.3083753868188202
2016/17,fixed_carry_v2,0.31533360447029835
2016/17,fixed_carry_v2,0.12019705708952727
2016/17,fixed_carry_v2,0.13071177812089582
2016/17,fixed_carry_v2,0.2278476746739754
2017/18,bookmaker,0.0309893607306521
2017/18,bookmaker,0.15281933247333893
2017/18,bookmaker,0.28517362142711805
2017/18,bookmaker,0.4515558631603648
2017/18,bookmaker,0.1611713858442656
2017/18,bookmaker,0.2066861598488053
2017/18,bookmaker,0.13915239899735063
2017/18,bookmaker,0.12372235522311419
2017/18,bookmaker,0.11948255626950058
2017/18,bookmaker,0.40531151549467714
2017/18,bookmaker,0.025564620704350862
2017/18,bookmaker,0.23563538980366544
2017/18,bookmaker,0.15782663170033562
2017/18,bookmaker,0.05305443178082404
2017/18,bookmaker,0.13334483292401547
2017/18,bookmaker,0.3641161539331658
2017/18,bookmaker,0.3133011948284641
2017/18,bookmaker,0.04688900367294514
2017/18,bookmaker,0.13978550884508392
2017/18,bookmaker,0.19851970987534343
2017/18,bookmaker,0.27638593518432786
2017/18,bookmaker,0.5904741364246036
2017/18,bookmaker,0.3627019254662325
2017/18,bookmaker,0.4159293696700933
2017/18,bookmaker,0.16084143144783888
2017/18,bookmaker,0.1213190696221348
2017/18,bookmaker,0.13899292965044124
2017/18,bookmaker,0.15192808899560878
2017/18,bookmaker,0.18038056519087717
2017/18,bookmaker,0.014771952663036818
2017/18,bookmaker,0.4422899575534357
2017/18,bookmaker,0.25588799513533295
2017/18,bookmaker,0.20201744502763042
2017/18,bookmaker,0.04104240387693737
2017/18,bookmaker,0.1705031798615258
2017/18,bookmaker,0.050026787707711295
2017/18,bookmaker,0.15517067223909886
2017/18,bookmaker,0.08658122400914654
2017/18,bookmaker,0.10933988766945367
2017/18,bookmaker,0.32984024843866355
2017/18,bookmaker,0.2880008690767081
2017/18,bookmaker,0.330399691106324
2017/18,bookmaker,0.24941945790335351
2017/18,bookmaker,0.12439089507396145
2017/18,bookmaker,0.04742194246205476
2017/18,n0_fresh_v2,0.13743363893060567
2017/18,n0_fresh_v2,0.3277130662745815
2017/18,n0_fresh_v2,0.12583791849661802
2017/18,n0_fresh_v2,0.49995439664033825
2017/18,n0_fresh_v2,0.1041880647798991
2017/18,n0_fresh_v2,0.11919809269347055
2017/18,n0_fresh_v2,0.09799088529232866
2017/18,n0_fresh_v2,0.22288033552401587
2017/18,n0_fresh_v2,0.11303752245467459
2017/18,n0_fresh_v2,0.3088805629340515
2017/18,n0_fresh_v2,0.16439000884936802
2017/18,n0_fresh_v2,0.2564008229991833
2017/18,n0_fresh_v2,0.12289699625984979
2017/18,n0_fresh_v2,0.17256359878819288
2017/18,n0_fresh_v2,0.11847921181240972
2017/18,n0_fresh_v2,0.29501533392711765
2017/18,n0_fresh_v2,0.27916678052912175
2017/18,n0_fresh_v2,0.13963637148521513
2017/18,n0_fresh_v2,0.3296366778391571
2017/18,n0_fresh_v2,0.17621180188821498
2017/18,n0_fresh_v2,0.12775908027848634
2017/18,n0_fresh_v2,0.3076542698847343
2017/18,n0_fresh_v2,0.27713994426272276
2017/18,n0_fresh_v2,0.38837832747957524
2017/18,n0_fresh_v2,0.1439858021094592
2017/18,n0_fresh_v2,0.16782771084317616
2017/18,n0_fresh_v2,0.12681247438143464
2017/18,n0_fresh_v2,0.21374239441388804
2017/18,n0_fresh_v2,0.13851685956663554
2017/18,n0_fresh_v2,0.08112932838466134
2017/18,n0_fresh_v2,0.3994652815014861
2017/18,n0_fresh_v2,0.3085381936810777
2017/18,n0_fresh_v2,0.19401784679706852
2017/18,n0_fresh_v2,0.08861627206560582
2017/18,n0_fresh_v2,0.13943082526629635
2017/18,n0_fresh_v2,0.08094125446005043
2017/18,n0_fresh_v2,0.14459375327244725
2017/18,n0_fresh_v2,0.2750709093660436
2017/18,n0_fresh_v2,0.12573482294936555
2017/18,n0_fresh_v2,0.18067189185916122
2017/18,n0_fresh_v2,0.38077055707388113
2017/18,n0_fresh_v2,0.2523120465571526
2017/18,n0_fresh_v2,0.35150720698732746
2017/18,n0_fresh_v2,0.11348914224417331
2017/18,n0_fresh_v2,0.2097370632067979
2017/18,n0_carry_v2,0.08422842479880183
2017/18,n0_carry_v2,0.2530807594114874
2017/18,n0_carry_v2,0.13590840377407787
2017/18,n0_carry_v2,0.4939968346004918
2017/18,n0_carry_v2,0.1368345334838506
2017/18,n0_carry_v2,0.14797594363438193
2017/18,n0_carry_v2,0.07396808298076002
2017/18,n0_carry_v2,0.2345641548847585
2017/18,n0_carry_v2,0.10699639371748224
2017/18,n0_carry_v2,0.3569853000960759
2017/18,n0_carry_v2,0.12697077099090698
2017/18,n0_carry_v2,0.26343554299105154
2017/18,n0_carry_v2,0.11993084776532383
2017/18,n0_carry_v2,0.11560371409331915
2017/18,n0_carry_v2,0.11840817261979056
2017/18,n0_carry_v2,0.2999707717298031
2017/18,n0_carry_v2,0.2696762600496008
2017/18,n0_carry_v2,0.1252840270809496
2017/18,n0_carry_v2,0.2787175662815373
2017/18,n0_carry_v2,0.20715157183740776
2017/18,n0_carry_v2,0.1432483881054185
2017/18,n0_carry_v2,0.31330900479126667
2017/18,n0_carry_v2,0.2554345128385266
2017/18,n0_carry_v2,0.37211685232426794
2017/18,n0_carry_v2,0.14642761646447502
2017/18,n0_carry_v2,0.1728663042659777
2017/18,n0_carry_v2,0.12456768383759675
2017/18,n0_carry_v2,0.18367612879645542
2017/18,n0_carry_v2,0.14629268672104576
2017/18,n0_carry_v2,0.06867427006554222
2017/18,n0_carry_v2,0.4315123858480139
2017/18,n0_carry_v2,0.32188764190137986
2017/18,n0_carry_v2,0.19810746474183433
2017/18,n0_carry_v2,0.07321601670703028
2017/18,n0_carry_v2,0.15711366845779862
2017/18,n0_carry_v2,0.08634443941399463
2017/18,n0_carry_v2,0.15236444795716997
2017/18,n0_carry_v2,0.2426732731933498
2017/18,n0_carry_v2,0.13252576700144394
2017/18,n0_carry_v2,0.1932243452627232
2017/18,n0_carry_v2,0.36026722420937746
2017/18,n0_carry_v2,0.25492276251916346
2017/18,n0_carry_v2,0.360299877423905
2017/18,n0_carry_v2,0.11494550177538282
2017/18,n0_carry_v2,0.15926384607573474
2017/18,n36_fresh_v2,0.13743363893060567
2017/18,n36_fresh_v2,0.2865513994482468
2017/18,n36_fresh_v2,0.18565401472483087
2017/18,n36_fresh_v2,0.4098573591935864
2017/18,n36_fresh_v2,0.16420487332416212
2017/18,n36_fresh_v2,0.17921584612246705
2017/18,n36_fresh_v2,0.15779485741581187
2017/18,n36_fresh_v2,0.17749421372825
2017/18,n36_fresh_v2,0.13345681854059618
2017/18,n36_fresh_v2,0.3771736079171131
2017/18,n36_fresh_v2,0.20475487588175004
2017/18,n36_fresh_v2,0.2011986762600717
2017/18,n36_fresh_v2,0.14523266258969908
2017/18,n36_fresh_v2,0.12403196566482255
2017/18,n36_fresh_v2,0.12494789454537614
2017/18,n36_fresh_v2,0.350252305189492
2017/18,n36_fresh_v2,0.2832772825596046
2017/18,n36_fresh_v2,0.13479052382837597
2017/18,n36_fresh_v2,0.3023984366878745
2017/18,n36_fresh_v2,0.1893842000023051
2017/18,n36_fresh_v2,0.1383181491115486
2017/18,n36_fresh_v2,0.31834389165539567
2017/18,n36_fresh_v2,0.2826910625386413
2017/18,n36_fresh_v2,0.37826189035995217
2017/18,n36_fresh_v2,0.1474372908492157
2017/18,n36_fresh_v2,0.17048754224562307
2017/18,n36_fresh_v2,0.13006987347285706
2017/18,n36_fresh_v2,0.21374908130678488
2017/18,n36_fresh_v2,0.1418351568025627
2017/18,n36_fresh_v2,0.08340757795622458
2017/18,n36_fresh_v2,0.37964494841073715
2017/18,n36_fresh_v2,0.3067540013635865
2017/18,n36_fresh_v2,0.1944219801981975
2017/18,n36_fresh_v2,0.0952187228936584
2017/18,n36_fresh_v2,0.1391378783736414
2017/18,n36_fresh_v2,0.08910922836920074
2017/18,n36_fresh_v2,0.13667275303645016
2017/18,n36_fresh_v2,0.23154417578379882
2017/18,n36_fresh_v2,0.14470598903098794
2017/18,n36_fresh_v2,0.20107210122178865
2017/18,n36_fresh_v2,0.35237469706728775
2017/18,n36_fresh_v2,0.2775714040679335
2017/18,n36_fresh_v2,0.3193445128800243
2017/18,n36_fresh_v2,0.11600529954345737
2017/18,n36_fresh_v2,0.17559051521495478
2017/18,n36_carry_v2,0.08422842479880183
2017/18,n36_carry_v2,0.2328683132477145
2017/18,n36_carry_v2,0.19521590130633087
2017/18,n36_carry_v2,0.40746685461584287
2017/18,n36_carry_v2,0.19606816722910098
2017/18,n36_carry_v2,0.2065546568363524
2017/18,n36_carry_v2,0.13117903958943306
2017/18,n36_carry_v2,0.1896662745293683
2017/18,n36_carry_v2,0.12277228051358764
2017/18,n36_carry_v2,0.4272103516240273
2017/18,n36_carry_v2,0.15688994991666266
2017/18,n36_carry_v2,0.21069459356452516
2017/18,n36_carry_v2,0.13467402374048765
2017/18,n36_carry_v2,0.07575041562951454
2017/18,n36_carry_v2,0.12369747289382305
2017/18,n36_carry_v2,0.35080415242730373
2017/18,n36_carry_v2,0.27317905042707186
2017/18,n36_carry_v2,0.1197696900136463
2017/18,n36_carry_v2,0.2510411769953165
2017/18,n36_carry_v2,0.2145152280957035
2017/18,n36_carry_v2,0.15614096448562484
2017/18,n36_carry_v2,0.3248150736021141
2017/18,n36_carry_v2,0.2657963452276514
2017/18,n36_carry_v2,0.35373024093496114
2017/18,n36_carry_v2,0.1491223837659247
2017/18,n36_carry_v2,0.17333525559227086
2017/18,n36_carry_v2,0.1307454717992215
2017/18,n36_carry_v2,0.17793983225114274
2017/18,n36_carry_v2,0.1469849863025772
2017/18,n36_carry_v2,0.07022079720206768
2017/18,n36_carry_v2,0.4227155591816128
2017/18,n36_carry_v2,0.30750231714057374
2017/18,n36_carry_v2,0.21379929596486807
2017/18,n36_carry_v2,0.0797705379695186
2017/18,n36_carry_v2,0.15451458701325027
2017/18,n36_carry_v2,0.090648671338417
2017/18,n36_carry_v2,0.14768412718448903
2017/18,n36_carry_v2,0.20790895352975655
2017/18,n36_carry_v2,0.15790227913079097
2017/18,n36_carry_v2,0.21966181024438852
2017/18,n36_carry_v2,0.3279366617833321
2017/18,n36_carry_v2,0.2898757846556957
2017/18,n36_carry_v2,0.33733862251282765
2017/18,n36_carry_v2,0.11774089764099009
2017/18,n36_carry_v2,0.14230265776169645
2017/18,n72_fresh_v2,0.13743363893060567
2017/18,n72_fresh_v2,0.285929799609354
2017/18,n72_fresh_v2,0.18683424016189104
2017/18,n72_fresh_v2,0.40844266685821523
2017/18,n72_fresh_v2,0.16541208673998561
2017/18,n72_fresh_v2,0.1804061786249394
2017/18,n72_fresh_v2,0.15900617851882065
2017/18,n72_fresh_v2,0.17415412882335712
2017/18,n72_fresh_v2,0.13521948937717812
2017/18,n72_fresh_v2,0.3851761642692881
2017/18,n72_fresh_v2,0.20912451586356529
2017/18,n72_fresh_v2,0.19684610674817923
2017/18,n72_fresh_v2,0.14850480111446668
2017/18,n72_fresh_v2,0.11885042262088068
2017/18,n72_fresh_v2,0.12607846639720396
2017/18,n72_fresh_v2,0.358310204534657
2017/18,n72_fresh_v2,0.2825124424605128
2017/18,n72_fresh_v2,0.13425999892051937
2017/18,n72_fresh_v2,0.2830358728485592
2017/18,n72_fresh_v2,0.20394250057136304
2017/18,n72_fresh_v2,0.13853161809405312
2017/18,n72_fresh_v2,0.31718987986562275
2017/18,n72_fresh_v2,0.28723315901481933
2017/18,n72_fresh_v2,0.3691028109138753
2017/18,n72_fresh_v2,0.15147978949000207
2017/18,n72_fresh_v2,0.1692760275173553
2017/18,n72_fresh_v2,0.13347663825694026
2017/18,n72_fresh_v2,0.21148302150549786
2017/18,n72_fresh_v2,0.14496898430095856
2017/18,n72_fresh_v2,0.08280987739728246
2017/18,n72_fresh_v2,0.37919447663605943
2017/18,n72_fresh_v2,0.2915744486558607
2017/18,n72_fresh_v2,0.2040210461462258
2017/18,n72_fresh_v2,0.09333974110318702
2017/18,n72_fresh_v2,0.13335699786810956
2017/18,n72_fresh_v2,0.09433253911458513
2017/18,n72_fresh_v2,0.14037342386531967
2017/18,n72_fresh_v2,0.23051288398309427
2017/18,n72_fresh_v2,0.14372868990248344
2017/18,n72_fresh_v2,0.1992607443368828
2017/18,n72_fresh_v2,0.33604328422117535
2017/18,n72_fresh_v2,0.29285655324931836
2017/18,n72_fresh_v2,0.30469916527858043
2017/18,n72_fresh_v2,0.11521954017222116
2017/18,n72_fresh_v2,0.1628246496707457
2017/18,n72_carry_v2,0.08422842479880183
2017/18,n72_carry_v2,0.23256879135995445
2017/18,n72_carry_v2,0.1963782112989204
2017/18,n72_carry_v2,0.40612157510366254
2017/18,n72_carry_v2,0.19722890205246424
2017/18,n72_carry_v2,0.2076899648564015
2017/18,n72_carry_v2,0.13238320115819507
2017/18,n72_carry_v2,0.1863418224665144
2017/18,n72_carry_v2,0.12411754543421477
2017/18,n72_carry_v2,0.43492389632489065
2017/18,n72_carry_v2,0.15909477285969262
2017/18,n72_carry_v2,0.20455959571505233
2017/18,n72_carry_v2,0.1366988349965399
2017/18,n72_carry_v2,0.0716072893475438
2017/18,n72_carry_v2,0.12484466595999774
2017/18,n72_carry_v2,0.35450913057965194
2017/18,n72_carry_v2,0.27355393146701756
2017/18,n72_carry_v2,0.12009866443728182
2017/18,n72_carry_v2,0.2434983266238767
2017/18,n72_carry_v2,0.22333098375333163
2017/18,n72_carry_v2,0.15932846014604185
2017/18,n72_carry_v2,0.3362157638205524
2017/18,n72_carry_v2,0.268204827954787
2017/18,n72_carry_v2,0.3557794868650955
2017/18,n72_carry_v2,0.14725229638889703
2017/18,n72_carry_v2,0.17457669648068366
2017/18,n72_carry_v2,0.13276676312575858
2017/18,n72_carry_v2,0.1938344415721891
2017/18,n72_carry_v2,0.14648333357948481
2017/18,n72_carry_v2,0.067291190356739
2017/18,n72_carry_v2,0.4064164955772065
2017/18,n72_carry_v2,0.3004533672371873
2017/18,n72_carry_v2,0.2085049585040725
2017/18,n72_carry_v2,0.08033113552929355
2017/18,n72_carry_v2,0.15297375567952304
2017/18,n72_carry_v2,0.08935459081732974
2017/18,n72_carry_v2,0.14895296853939075
2017/18,n72_carry_v2,0.18919408764537957
2017/18,n72_carry_v2,0.15953369098642117
2017/18,n72_carry_v2,0.2303300684813303
2017/18,n72_carry_v2,0.3100411343200345
2017/18,n72_carry_v2,0.28150158600785746
2017/18,n72_carry_v2,0.31254578599418964
2017/18,n72_carry_v2,0.118335658046899
2017/18,n72_carry_v2,0.1308680723601664
2017/18,n144_fresh_v2,0.13743363893060567
2017/18,n144_fresh_v2,0.2856119511168159
2017/18,n144_fresh_v2,0.18744205655615512
2017/18,n144_fresh_v2,0.4077186071615365
2017/18,n144_fresh_v2,0.1660340706372439
2017/18,n144_fresh_v2,0.18101927033051746
2017/18,n144_fresh_v2,0.15963037788051493
2017/18,n144_fresh_v2,0.1722928033565555
2017/18,n144_fresh_v2,0.13621959227293867
2017/18,n144_fresh_v2,0.3905870659669437
2017/18,n144_fresh_v2,0.21363730090574484
2017/18,n144_fresh_v2,0.19363499703590567
2017/18,n144_fresh_v2,0.15004878239559694
2017/18,n144_fresh_v2,0.11503372905354313
2017/18,n144_fresh_v2,0.12670483794342813
2017/18,n144_fresh_v2,0.36102165338069575
2017/18,n144_fresh_v2,0.2816192072529159
2017/18,n144_fresh_v2,0.1346301737320598
2017/18,n144_fresh_v2,0.29302539932529703
2017/18,n144_fresh_v2,0.2033858586161973
2017/18,n144_fresh_v2,0.14077067223061168
2017/18,n144_fresh_v2,0.32542544346460545
2017/18,n144_fresh_v2,0.2922019653940424
2017/18,n144_fresh_v2,0.3659922623083754
2017/18,n144_fresh_v2,0.14776005645956225
2017/18,n144_fresh_v2,0.17082122156559015
2017/18,n144_fresh_v2,0.13452948019665473
2017/18,n144_fresh_v2,0.2144841241036434
2017/18,n144_fresh_v2,0.1453812297032743
2017/18,n144_fresh_v2,0.07981185141753239
2017/18,n144_fresh_v2,0.37110140869889496
2017/18,n144_fresh_v2,0.2882657882686246
2017/18,n144_fresh_v2,0.1988531605572164
2017/18,n144_fresh_v2,0.09848923634686213
2017/18,n144_fresh_v2,0.13519287192491775
2017/18,n144_fresh_v2,0.09586255293083666
2017/18,n144_fresh_v2,0.13108850093533295
2017/18,n144_fresh_v2,0.2095947008515566
2017/18,n144_fresh_v2,0.16424761725312054
2017/18,n144_fresh_v2,0.21402892743263446
2017/18,n144_fresh_v2,0.3425376221272461
2017/18,n144_fresh_v2,0.29801633627683055
2017/18,n144_fresh_v2,0.30115596401702205
2017/18,n144_fresh_v2,0.11605896270865436
2017/18,n144_fresh_v2,0.1586396791518374
2017/18,n144_carry_v2,0.08422842479880183
2017/18,n144_carry_v2,0.23241572750616074
2017/18,n144_carry_v2,0.1969767129845256
2017/18,n144_carry_v2,0.4054332169555582
2017/18,n144_carry_v2,0.19782658693423652
2017/18,n144_carry_v2,0.20827447673719024
2017/18,n144_carry_v2,0.13300423386921856
2017/18,n144_carry_v2,0.18448780476434243
2017/18,n144_carry_v2,0.12488004830802936
2017/18,n144_carry_v2,0.4411076036154842
2017/18,n144_carry_v2,0.16212317806393284
2017/18,n144_carry_v2,0.20035091387912446
2017/18,n144_carry_v2,0.13795658352322945
2017/18,n144_carry_v2,0.07002155944441858
2017/18,n144_carry_v2,0.12519990096312617
2017/18,n144_carry_v2,0.36054715893918854
2017/18,n144_carry_v2,0.27239784308814585
2017/18,n144_carry_v2,0.1206209891581697
2017/18,n144_carry_v2,0.24381337397930283
2017/18,n144_carry_v2,0.22645674207067823
2017/18,n144_carry_v2,0.16273748792327036
2017/18,n144_carry_v2,0.3407463493038749
2017/18,n144_carry_v2,0.268242556175299
2017/18,n144_carry_v2,0.3545241044221737
2017/18,n144_carry_v2,0.14826850014029247
2017/18,n144_carry_v2,0.16961181009184786
2017/18,n144_carry_v2,0.13212521859733417
2017/18,n144_carry_v2,0.1812080136540694
2017/18,n144_carry_v2,0.1466732250816007
2017/18,n144_carry_v2,0.07199678126084696
2017/18,n144_carry_v2,0.4116003181440868
2017/18,n144_carry_v2,0.29167831331640665
2017/18,n144_carry_v2,0.20406624991934258
2017/18,n144_carry_v2,0.08160301408710549
2017/18,n144_carry_v2,0.15446193141720407
2017/18,n144_carry_v2,0.09774868438735035
2017/18,n144_carry_v2,0.14643661719219742
2017/18,n144_carry_v2,0.19482431490137378
2017/18,n144_carry_v2,0.15421613843642995
2017/18,n144_carry_v2,0.24121559431305062
2017/18,n144_carry_v2,0.3098594541883599
2017/18,n144_carry_v2,0.2983123375316951
2017/18,n144_carry_v2,0.31273082026066035
2017/18,n144_carry_v2,0.11756461303454155
2017/18,n144_carry_v2,0.13205696156726654
2017/18,fixed_fresh_v2,0.13743363893060567
2017/18,fixed_fresh_v2,0.28528926382910663
2017/18,fixed_fresh_v2,0.18806215734455328
2017/18,fixed_fresh_v2,0.4069830536840672
2017/18,fixed_fresh_v2,0.16666881181420481
2017/18,fixed_fresh_v2,0.1816448017393739
2017/18,fixed_fresh_v2,0.16026744879660157
2017/18,fixed_fresh_v2,0.1702837384545293
2017/18,fixed_fresh_v2,0.13731369717222713
2017/18,fixed_fresh_v2,0.39351168375319145
2017/18,fixed_fresh_v2,0.21675321210361573
2017/18,fixed_fresh_v2,0.19017599708845362
2017/18,fixed_fresh_v2,0.1516811353692771
2017/18,fixed_fresh_v2,0.11263709895434082
2017/18,fixed_fresh_v2,0.12799242518093154
2017/18,fixed_fresh_v2,0.3633823010711581
2017/18,fixed_fresh_v2,0.2825376718359789
2017/18,fixed_fresh_v2,0.13211964479069555
2017/18,fixed_fresh_v2,0.28463821344986284
2017/18,fixed_fresh_v2,0.1938007340452338
2017/18,fixed_fresh_v2,0.13973846096148884
2017/18,fixed_fresh_v2,0.32537032232756624
2017/18,fixed_fresh_v2,0.2931648691682667
2017/18,fixed_fresh_v2,0.36418893496186366
2017/18,fixed_fresh_v2,0.1464745843422159
2017/18,fixed_fresh_v2,0.1702398176665561
2017/18,fixed_fresh_v2,0.13464822797972098
2017/18,fixed_fresh_v2,0.21578530976913468
2017/18,fixed_fresh_v2,0.1425435960324644
2017/18,fixed_fresh_v2,0.07794131559359349
2017/18,fixed_fresh_v2,0.38865838420553367
2017/18,fixed_fresh_v2,0.2935161345636503
2017/18,fixed_fresh_v2,0.21652362831820593
2017/18,fixed_fresh_v2,0.09905100673202012
2017/18,fixed_fresh_v2,0.13601506998516827
2017/18,fixed_fresh_v2,0.10148051841482478
2017/18,fixed_fresh_v2,0.13521292909941557
2017/18,fixed_fresh_v2,0.21052690271465246
2017/18,fixed_fresh_v2,0.16779165018714468
2017/18,fixed_fresh_v2,0.23343051618282235
2017/18,fixed_fresh_v2,0.31994408337167224
2017/18,fixed_fresh_v2,0.311054454964592
2017/18,fixed_fresh_v2,0.2989296186447178
2017/18,fixed_fresh_v2,0.11980630127547978
2017/18,fixed_fresh_v2,0.15681400056341124
2017/18,fixed_carry_v2,0.08422842479880183
2017/18,fixed_carry_v2,0.23226040051296265
2017/18,fixed_carry_v2,0.19758724961053664
2017/18,fixed_carry_v2,0.40473405488765035
2017/18,fixed_carry_v2,0.1984362863061298
2017/18,fixed_carry_v2,0.20887068366271883
2017/18,fixed_carry_v2,0.13363843588121607
2017/18,fixed_carry_v2,0.18248547278292174
2017/18,fixed_carry_v2,0.12571362635900823
2017/18,fixed_carry_v2,0.4439274407845265
2017/18,fixed_carry_v2,0.16313708162816543
2017/18,fixed_carry_v2,0.1980585783958611
2017/18,fixed_carry_v2,0.13968716248942106
2017/18,fixed_carry_v2,0.06745615445317116
2017/18,fixed_carry_v2,0.1260980544404108
2017/18,fixed_carry_v2,0.3657305353077615
2017/18,fixed_carry_v2,0.27495164957714135
2017/18,fixed_carry_v2,0.11887064593970281
2017/18,fixed_carry_v2,0.23926432215411397
2017/18,fixed_carry_v2,0.22809129356036628
2017/18,fixed_carry_v2,0.16259374275478528
2017/18,fixed_carry_v2,0.348027098074718
2017/18,fixed_carry_v2,0.2638665266826471
2017/18,fixed_carry_v2,0.3527437780151272
2017/18,fixed_carry_v2,0.14869765611460156
2017/18,fixed_carry_v2,0.16499920348657438
2017/18,fixed_carry_v2,0.13251157241932776
2017/18,fixed_carry_v2,0.18980000302906244
2017/18,fixed_carry_v2,0.1466135327765059
2017/18,fixed_carry_v2,0.06927857158823936
2017/18,fixed_carry_v2,0.4195415824710162
2017/18,fixed_carry_v2,0.2968654123216574
2017/18,fixed_carry_v2,0.21296351473693415
2017/18,fixed_carry_v2,0.08219896165013277
2017/18,fixed_carry_v2,0.1552890285510624
2017/18,fixed_carry_v2,0.10208364290124114
2017/18,fixed_carry_v2,0.14555201730598202
2017/18,fixed_carry_v2,0.1854685683936751
2017/18,fixed_carry_v2,0.1691516320222161
2017/18,fixed_carry_v2,0.2583275588635619
2017/18,fixed_carry_v2,0.3128519874866027
2017/18,fixed_carry_v2,0.294533061699519
2017/18,fixed_carry_v2,0.3086286079301884
2017/18,fixed_carry_v2,0.11892004415854404
2017/18,fixed_carry_v2,0.119571846792271
2018/19,bookmaker,0.02359356881547332
2018/19,bookmaker,0.2633443803589844
2018/19,bookmaker,0.2740279421730641
2018/19,bookmaker,0.30768621419285047
2018/19,bookmaker,0.1215709514949969
2018/19,bookmaker,0.1787968847209353
2018/19,bookmaker,0.3209655801778359
2018/19,bookmaker,0.2913820446352693
2018/19,bookmaker,0.11794218398949644
2018/19,bookmaker,0.1854864547186714
2018/19,bookmaker,0.03305385958046217
2018/19,bookmaker,0.12603589054919176
2018/19,bookmaker,0.5178460087989131
2018/19,bookmaker,0.07552329051607329
2018/19,bookmaker,0.3112001081956389
2018/19,bookmaker,0.1306769225829023
2018/19,bookmaker,0.26939676718942085
2018/19,bookmaker,0.5212664539088087
2018/19,bookmaker,0.0688944086134178
2018/19,bookmaker,0.016754030604070685
2018/19,bookmaker,0.4384656476002631
2018/19,bookmaker,0.27661662099313034
2018/19,bookmaker,0.2915957028067813
2018/19,bookmaker,0.07426270821010247
2018/19,bookmaker,0.13262258177687192
2018/19,bookmaker,0.1219716529719759
2018/19,bookmaker,0.19673134860508268
2018/19,bookmaker,0.1764135363316901
2018/19,bookmaker,0.13704540891949096
2018/19,bookmaker,0.2461501041529785
2018/19,bookmaker,0.2908813678438308
2018/19,bookmaker,0.04817164106452837
2018/19,bookmaker,0.24496859281404731
2018/19,bookmaker,0.45906714084237654
2018/19,bookmaker,0.08738698296347351
2018/19,bookmaker,0.13705238960956972
2018/19,bookmaker,0.16679109095690897
2018/19,bookmaker,0.20543706240111528
2018/19,bookmaker,0.32683072409956576
2018/19,bookmaker,0.3769481150459585
2018/19,bookmaker,0.057883052604657106
2018/19,bookmaker,0.15608899038635352
2018/19,bookmaker,0.12754146153963794
2018/19,bookmaker,0.15689142179617677
2018/19,bookmaker,0.08677598830298616
2018/19,n0_fresh_v2,0.12891094558675364
2018/19,n0_fresh_v2,0.01984379320937932
2018/19,n0_fresh_v2,0.747915254028314
2018/19,n0_fresh_v2,0.7805725785960146
2018/19,n0_fresh_v2,0.006817152834951232
2018/19,n0_fresh_v2,0.3617011356297248
2018/19,n0_fresh_v2,0.01932793655641965
2018/19,n0_fresh_v2,0.13458953701266135
2018/19,n0_fresh_v2,0.10450738092301223
2018/19,n0_fresh_v2,0.1414340491980182
2018/19,n0_fresh_v2,0.3249435009328795
2018/19,n0_fresh_v2,0.14131122874539206
2018/19,n0_fresh_v2,0.4863818092055954
2018/19,n0_fresh_v2,0.12763081751496114
2018/19,n0_fresh_v2,0.43180501190778176
2018/19,n0_fresh_v2,0.14352732084104067
2018/19,n0_fresh_v2,0.18896229827717853
2018/19,n0_fresh_v2,0.4554093544121694
2018/19,n0_fresh_v2,0.13658137617499744
2018/19,n0_fresh_v2,0.07161765443232146
2018/19,n0_fresh_v2,0.2169143835418843
2018/19,n0_fresh_v2,0.19282691082387998
2018/19,n0_fresh_v2,0.1615076223124666
2018/19,n0_fresh_v2,0.10518969455913917
2018/19,n0_fresh_v2,0.16513466336974525
2018/19,n0_fresh_v2,0.149080026552634
2018/19,n0_fresh_v2,0.1764423443872731
2018/19,n0_fresh_v2,0.18858035811229448
2018/19,n0_fresh_v2,0.13203165969402958
2018/19,n0_fresh_v2,0.3950721694907643
2018/19,n0_fresh_v2,0.21408382509069393
2018/19,n0_fresh_v2,0.30893028170042325
2018/19,n0_fresh_v2,0.1861603141020822
2018/19,n0_fresh_v2,0.5278789443244988
2018/19,n0_fresh_v2,0.13229266325092665
2018/19,n0_fresh_v2,0.13393141232917
2018/19,n0_fresh_v2,0.15115479629851494
2018/19,n0_fresh_v2,0.3011673216839889
2018/19,n0_fresh_v2,0.16910268277660698
2018/19,n0_fresh_v2,0.24524259416676392
2018/19,n0_fresh_v2,0.10566335634084097
2018/19,n0_fresh_v2,0.2724433605444683
2018/19,n0_fresh_v2,0.1390731946476994
2018/19,n0_fresh_v2,0.09911603628185381
2018/19,n0_fresh_v2,0.11621951093493274
2018/19,n0_carry_v2,0.10694627529368778
2018/19,n0_carry_v2,0.025967079927433995
2018/19,n0_carry_v2,0.7480203800379592
2018/19,n0_carry_v2,0.7431195526570675
2018/19,n0_carry_v2,0.0072685725991823635
2018/19,n0_carry_v2,0.3674450889613098
2018/19,n0_carry_v2,0.03961894422942356
2018/19,n0_carry_v2,0.16102128628438336
2018/19,n0_carry_v2,0.07480996223215665
2018/19,n0_carry_v2,0.13836781086923697
2018/19,n0_carry_v2,0.2659717208968866
2018/19,n0_carry_v2,0.1428674502188216
2018/19,n0_carry_v2,0.5656342755826693
2018/19,n0_carry_v2,0.09806934233985083
2018/19,n0_carry_v2,0.43758308843081045
2018/19,n0_carry_v2,0.14406756422901834
2018/19,n0_carry_v2,0.1879571876992656
2018/19,n0_carry_v2,0.4559217682585621
2018/19,n0_carry_v2,0.12395910079337141
2018/19,n0_carry_v2,0.0700422649400334
2018/19,n0_carry_v2,0.24597799077726035
2018/19,n0_carry_v2,0.19969791638832718
2018/19,n0_carry_v2,0.18662283084198392
2018/19,n0_carry_v2,0.10212498243100676
2018/19,n0_carry_v2,0.13872321462962214
2018/19,n0_carry_v2,0.14163092290778678
2018/19,n0_carry_v2,0.17383024969476768
2018/19,n0_carry_v2,0.19458492767586935
2018/19,n0_carry_v2,0.1401262771433926
2018/19,n0_carry_v2,0.37540840107082774
2018/19,n0_carry_v2,0.19512857481710985
2018/19,n0_carry_v2,0.2890540226002808
2018/19,n0_carry_v2,0.17711791272105887
2018/19,n0_carry_v2,0.45449751966932284
2018/19,n0_carry_v2,0.10411470189093334
2018/19,n0_carry_v2,0.14202373560428294
2018/19,n0_carry_v2,0.15789217684278092
2018/19,n0_carry_v2,0.24941715159117778
2018/19,n0_carry_v2,0.19031328502849973
2018/19,n0_carry_v2,0.2574801865412501
2018/19,n0_carry_v2,0.09140540308563744
2018/19,n0_carry_v2,0.24563453729980575
2018/19,n0_carry_v2,0.1432696058276291
2018/19,n0_carry_v2,0.12409956669205853
2018/19,n0_carry_v2,0.14274440066510327
2018/19,n36_fresh_v2,0.12891094558675364
2018/19,n36_fresh_v2,0.20724717000140314
2018/19,n36_fresh_v2,0.3158696753499457
2018/19,n36_fresh_v2,0.35139889803411517
2018/19,n36_fresh_v2,0.12155652399517165
2018/19,n36_fresh_v2,0.14824325284824777
2018/19,n36_fresh_v2,0.20466317154881125
2018/19,n36_fresh_v2,0.20195099586812737
2018/19,n36_fresh_v2,0.16364137578117344
2018/19,n36_fresh_v2,0.13203617151691793
2018/19,n36_fresh_v2,0.26889385336382604
2018/19,n36_fresh_v2,0.13190557485220916
2018/19,n36_fresh_v2,0.42017393577790507
2018/19,n36_fresh_v2,0.16175329535285576
2018/19,n36_fresh_v2,0.37240581395812467
2018/19,n36_fresh_v2,0.13412820388163957
2018/19,n36_fresh_v2,0.18559322691228755
2018/19,n36_fresh_v2,0.44567404278087847
2018/19,n36_fresh_v2,0.1474281106078587
2018/19,n36_fresh_v2,0.08235166413094402
2018/19,n36_fresh_v2,0.24760492767085052
2018/19,n36_fresh_v2,0.2215318891729734
2018/19,n36_fresh_v2,0.17224126470126733
2018/19,n36_fresh_v2,0.12335251112254564
2018/19,n36_fresh_v2,0.15764687521152118
2018/19,n36_fresh_v2,0.1411655603516742
2018/19,n36_fresh_v2,0.16214335753141204
2018/19,n36_fresh_v2,0.18303917561045516
2018/19,n36_fresh_v2,0.13051176231069528
2018/19,n36_fresh_v2,0.34525153644564205
2018/19,n36_fresh_v2,0.2404747680809726
2018/19,n36_fresh_v2,0.28800347337649235
2018/19,n36_fresh_v2,0.20465420984265303
2018/19,n36_fresh_v2,0.49356746822222186
2018/19,n36_fresh_v2,0.12944646824507977
2018/19,n36_fresh_v2,0.13225267388184814
2018/19,n36_fresh_v2,0.1501365486215575
2018/19,n36_fresh_v2,0.2768824104696002
2018/19,n36_fresh_v2,0.1889140554836426
2018/19,n36_fresh_v2,0.2406232896131334
2018/19,n36_fresh_v2,0.11486253350900542
2018/19,n36_fresh_v2,0.2642004083169211
2018/19,n36_fresh_v2,0.13558134771111097
2018/19,n36_fresh_v2,0.10712091849015622
2018/19,n36_fresh_v2,0.13810298632117463
2018/19,n36_carry_v2,0.10694627529368778
2018/19,n36_carry_v2,0.24141755921320524
2018/19,n36_carry_v2,0.3271694784718464
2018/19,n36_carry_v2,0.3271141577015283
2018/19,n36_carry_v2,0.12360523564164307
2018/19,n36_carry_v2,0.1516298801119314
2018/19,n36_carry_v2,0.27334412235897265
2018/19,n36_carry_v2,0.2294571224748308
2018/19,n36_carry_v2,0.12552644096156979
2018/19,n36_carry_v2,0.13691157872765833
2018/19,n36_carry_v2,0.21934852496884866
2018/19,n36_carry_v2,0.1315763453528334
2018/19,n36_carry_v2,0.5064765897067106
2018/19,n36_carry_v2,0.12629935083927862
2018/19,n36_carry_v2,0.38195468304491387
2018/19,n36_carry_v2,0.13360771477576042
2018/19,n36_carry_v2,0.18272176590968503
2018/19,n36_carry_v2,0.44779555954688943
2018/19,n36_carry_v2,0.13710508784429892
2018/19,n36_carry_v2,0.080953353611412
2018/19,n36_carry_v2,0.2725866519588615
2018/19,n36_carry_v2,0.22272406121852986
2018/19,n36_carry_v2,0.20922588188209915
2018/19,n36_carry_v2,0.11787913492614557
2018/19,n36_carry_v2,0.13201558856904205
2018/19,n36_carry_v2,0.13132662621196653
2018/19,n36_carry_v2,0.1587070983790982
2018/19,n36_carry_v2,0.1779728968657392
2018/19,n36_carry_v2,0.13500118962410626
2018/19,n36_carry_v2,0.34563610104864806
2018/19,n36_carry_v2,0.22608127394160452
2018/19,n36_carry_v2,0.24914190627338745
2018/19,n36_carry_v2,0.1932260156231243
2018/19,n36_carry_v2,0.4113915222178303
2018/19,n36_carry_v2,0.11305346857665773
2018/19,n36_carry_v2,0.1348630877304761
2018/19,n36_carry_v2,0.16193481851538347
2018/19,n36_carry_v2,0.2540229277874061
2018/19,n36_carry_v2,0.2122753027664443
2018/19,n36_carry_v2,0.2551248676078988
2018/19,n36_carry_v2,0.09914792470971953
2018/19,n36_carry_v2,0.24369629812123508
2018/19,n36_carry_v2,0.14231419763870518
2018/19,n36_carry_v2,0.1373724138949197
2018/19,n36_carry_v2,0.15388234301635043
2018/19,n72_fresh_v2,0.12891094558675364
2018/19,n72_fresh_v2,0.21244955679152822
2018/19,n72_fresh_v2,0.30980041205217757
2018/19,n72_fresh_v2,0.34499253702615745
2018/19,n72_fresh_v2,0.12547656360252243
2018/19,n72_fresh_v2,0.14626097524393633
2018/19,n72_fresh_v2,0.20983648890837153
2018/19,n72_fresh_v2,0.20887924285028203
2018/19,n72_fresh_v2,0.169880676209706
2018/19,n72_fresh_v2,0.13184398270472364
2018/19,n72_fresh_v2,0.26295367292303506
2018/19,n72_fresh_v2,0.13120521529274684
2018/19,n72_fresh_v2,0.41022115762776873
2018/19,n72_fresh_v2,0.1662795708176648
2018/19,n72_fresh_v2,0.36608075837644627
2018/19,n72_fresh_v2,0.133603588923872
2018/19,n72_fresh_v2,0.18396348041388647
2018/19,n72_fresh_v2,0.44539752453818504
2018/19,n72_fresh_v2,0.15508466855856956
2018/19,n72_fresh_v2,0.08647807083283132
2018/19,n72_fresh_v2,0.24506357392352734
2018/19,n72_fresh_v2,0.22315110089886359
2018/19,n72_fresh_v2,0.18175890890134472
2018/19,n72_fresh_v2,0.12893653712981681
2018/19,n72_fresh_v2,0.1549675218823844
2018/19,n72_fresh_v2,0.13911510567744964
2018/19,n72_fresh_v2,0.15662177596569637
2018/19,n72_fresh_v2,0.17498263935424438
2018/19,n72_fresh_v2,0.12921055562604514
2018/19,n72_fresh_v2,0.335960155311841
2018/19,n72_fresh_v2,0.24802357902119238
2018/19,n72_fresh_v2,0.2705760046183691
2018/19,n72_fresh_v2,0.2145981958442528
2018/19,n72_fresh_v2,0.49720354983456067
2018/19,n72_fresh_v2,0.15575002674812422
2018/19,n72_fresh_v2,0.13128043984874924
2018/19,n72_fresh_v2,0.15681284094696793
2018/19,n72_fresh_v2,0.27501108215460396
2018/19,n72_fresh_v2,0.18819924577971203
2018/19,n72_fresh_v2,0.2403010147127826
2018/19,n72_fresh_v2,0.10730926947254416
2018/19,n72_fresh_v2,0.24764364412947185
2018/19,n72_fresh_v2,0.13720867574679196
2018/19,n72_fresh_v2,0.11692091194855225
2018/19,n72_fresh_v2,0.13939913599284617
2018/19,n72_carry_v2,0.10694627529368778
2018/19,n72_carry_v2,0.24706209485173483
2018/19,n72_carry_v2,0.3211756513082368
2018/19,n72_carry_v2,0.3212044165272225
2018/19,n72_carry_v2,0.1275277028432534
2018/19,n72_carry_v2,0.14948698425266843
2018/19,n72_carry_v2,0.2789272055469423
2018/19,n72_carry_v2,0.23633542887604564
2018/19,n72_carry_v2,0.13108096697496202
2018/19,n72_carry_v2,0.13720124093241595
2018/19,n72_carry_v2,0.2165373935925543
2018/19,n72_carry_v2,0.13066541969883239
2018/19,n72_carry_v2,0.49926282254073856
2018/19,n72_carry_v2,0.13129939309097602
2018/19,n72_carry_v2,0.3770750414308931
2018/19,n72_carry_v2,0.1332055584370324
2018/19,n72_carry_v2,0.18137515097192883
2018/19,n72_carry_v2,0.4433562697992919
2018/19,n72_carry_v2,0.1330426176643074
2018/19,n72_carry_v2,0.08325417725765366
2018/19,n72_carry_v2,0.2799407374852838
2018/19,n72_carry_v2,0.2242566941648773
2018/19,n72_carry_v2,0.21110991163760084
2018/19,n72_carry_v2,0.1243904570909047
2018/19,n72_carry_v2,0.13234507859882264
2018/19,n72_carry_v2,0.12930289931259292
2018/19,n72_carry_v2,0.15532023681497908
2018/19,n72_carry_v2,0.17157177781446237
2018/19,n72_carry_v2,0.13274209996085595
2018/19,n72_carry_v2,0.3387779007690785
2018/19,n72_carry_v2,0.22849967590853826
2018/19,n72_carry_v2,0.23717780762435814
2018/19,n72_carry_v2,0.19398230939201788
2018/19,n72_carry_v2,0.4138738857230216
2018/19,n72_carry_v2,0.11467805944365247
2018/19,n72_carry_v2,0.1344822555299856
2018/19,n72_carry_v2,0.16353413009618903
2018/19,n72_carry_v2,0.2488722184108125
2018/19,n72_carry_v2,0.20958729873176146
2018/19,n72_carry_v2,0.2579725301475323
2018/19,n72_carry_v2,0.09779487323195263
2018/19,n72_carry_v2,0.23110379941164272
2018/19,n72_carry_v2,0.13607540626775697
2018/19,n72_carry_v2,0.13956622525727788
2018/19,n72_carry_v2,0.14549430587288445
2018/19,n144_fresh_v2,0.12891094558675364
2018/19,n144_fresh_v2,0.21513929444841384
2018/19,n144_fresh_v2,0.3067148655296802
2018/19,n144_fresh_v2,0.3417314373033277
2018/19,n144_fresh_v2,0.12751571506593068
2018/19,n144_fresh_v2,0.14527602415408397
2018/19,n144_fresh_v2,0.21251159571830544
2018/19,n144_fresh_v2,0.2128969205009559
2018/19,n144_fresh_v2,0.17351109430047854
2018/19,n144_fresh_v2,0.1317488701935421
2018/19,n144_fresh_v2,0.2605770165702244
2018/19,n144_fresh_v2,0.13091078262060343
2018/19,n144_fresh_v2,0.408894343376597
2018/19,n144_fresh_v2,0.17072974956172446
2018/19,n144_fresh_v2,0.3615232953679144
2018/19,n144_fresh_v2,0.13313266993229617
2018/19,n144_fresh_v2,0.1823238939618858
2018/19,n144_fresh_v2,0.4447753520799672
2018/19,n144_fresh_v2,0.15298411941732926
2018/19,n144_fresh_v2,0.08387059021820714
2018/19,n144_fresh_v2,0.2645807401858276
2018/19,n144_fresh_v2,0.23008737086693476
2018/19,n144_fresh_v2,0.1900647696960014
2018/19,n144_fresh_v2,0.12783170187221365
2018/19,n144_fresh_v2,0.14962538702018155
2018/19,n144_fresh_v2,0.13701634537491816
2018/19,n144_fresh_v2,0.15765548625430859
2018/19,n144_fresh_v2,0.16490720523025354
2018/19,n144_fresh_v2,0.12840359210484195
2018/19,n144_fresh_v2,0.32922546018056864
2018/19,n144_fresh_v2,0.2681320704950165
2018/19,n144_fresh_v2,0.27733536048866525
2018/19,n144_fresh_v2,0.21840730702062133
2018/19,n144_fresh_v2,0.4683098518277745
2018/19,n144_fresh_v2,0.15024109404064018
2018/19,n144_fresh_v2,0.13160034045894722
2018/19,n144_fresh_v2,0.16769798715139467
2018/19,n144_fresh_v2,0.27021962465184707
2018/19,n144_fresh_v2,0.17593770425477806
2018/19,n144_fresh_v2,0.23942915335629136
2018/19,n144_fresh_v2,0.10916652796284076
2018/19,n144_fresh_v2,0.26042724181034915
2018/19,n144_fresh_v2,0.13167608277828516
2018/19,n144_fresh_v2,0.12004685213033398
2018/19,n144_fresh_v2,0.13166268112091242
2018/19,n144_carry_v2,0.10694627529368778
2018/19,n144_carry_v2,0.24997551293489603
2018/19,n144_carry_v2,0.31812675386809497
2018/19,n144_carry_v2,0.3181981012226551
2018/19,n144_carry_v2,0.1295674174944807
2018/19,n144_carry_v2,0.14841879817048015
2018/19,n144_carry_v2,0.2818034331557955
2018/19,n144_carry_v2,0.24031286720242842
2018/19,n144_carry_v2,0.1343287982826546
2018/19,n144_carry_v2,0.13772092128128563
2018/19,n144_carry_v2,0.21227808645692228
2018/19,n144_carry_v2,0.1299500856644884
2018/19,n144_carry_v2,0.49496625118463317
2018/19,n144_carry_v2,0.13277956886299058
2018/19,n144_carry_v2,0.37340364219686784
2018/19,n144_carry_v2,0.1326799548030215
2018/19,n144_carry_v2,0.18117715780132343
2018/19,n144_carry_v2,0.4419734737253178
2018/19,n144_carry_v2,0.13032608873240253
2018/19,n144_carry_v2,0.08265739009207282
2018/19,n144_carry_v2,0.29351433474712657
2018/19,n144_carry_v2,0.22769087814644748
2018/19,n144_carry_v2,0.21340304047379238
2018/19,n144_carry_v2,0.1284644399924422
2018/19,n144_carry_v2,0.13140363444530084
2018/19,n144_carry_v2,0.12837933300170068
2018/19,n144_carry_v2,0.15253188128785014
2018/19,n144_carry_v2,0.17121020367076076
2018/19,n144_carry_v2,0.13198485842347676
2018/19,n144_carry_v2,0.32516892552232013
2018/19,n144_carry_v2,0.2377170035280956
2018/19,n144_carry_v2,0.2416786383830586
2018/19,n144_carry_v2,0.20293594061079917
2018/19,n144_carry_v2,0.4126308987529855
2018/19,n144_carry_v2,0.11844559687779427
2018/19,n144_carry_v2,0.13366501625915972
2018/19,n144_carry_v2,0.17480100471144766
2018/19,n144_carry_v2,0.23619460243164586
2018/19,n144_carry_v2,0.21968998973020692
2018/19,n144_carry_v2,0.25562211049198014
2018/19,n144_carry_v2,0.09691166738840572
2018/19,n144_carry_v2,0.2347614595786139
2018/19,n144_carry_v2,0.135747893252694
2018/19,n144_carry_v2,0.1370104924299388
2018/19,n144_carry_v2,0.15676445069974843
2018/19,fixed_fresh_v2,0.12891094558675364
2018/19,fixed_fresh_v2,0.21789040941858695
2018/19,fixed_fresh_v2,0.3035949205073937
2018/19,fixed_fresh_v2,0.33843110885520156
2018/19,fixed_fresh_v2,0.1296100899912116
2018/19,fixed_fresh_v2,0.14429617213617751
2018/19,fixed_fresh_v2,0.2152480234066253
2018/19,fixed_fresh_v2,0.21736532032866457
2018/19,fixed_fresh_v2,0.1775591979802724
2018/19,fixed_fresh_v2,0.1319562794016149
2018/19,fixed_fresh_v2,0.2571201238415116
2018/19,fixed_fresh_v2,0.13019508721374237
2018/19,fixed_fresh_v2,0.40298661273205433
2018/19,fixed_fresh_v2,0.17240954695941763
2018/19,fixed_fresh_v2,0.35742207054297337
2018/19,fixed_fresh_v2,0.13282300604581254
2018/19,fixed_fresh_v2,0.18296853956206297
2018/19,fixed_fresh_v2,0.44249377788816646
2018/19,fixed_fresh_v2,0.1529707256837332
2018/19,fixed_fresh_v2,0.08659615777989017
2018/19,fixed_fresh_v2,0.25518052483888365
2018/19,fixed_fresh_v2,0.23213652453704176
2018/19,fixed_fresh_v2,0.19670197154620875
2018/19,fixed_fresh_v2,0.13554310760458832
2018/19,fixed_fresh_v2,0.1494258343292591
2018/19,fixed_fresh_v2,0.13404329123126718
2018/19,fixed_fresh_v2,0.1516757917236167
2018/19,fixed_fresh_v2,0.17058068283129463
2018/19,fixed_fresh_v2,0.12793074234984558
2018/19,fixed_fresh_v2,0.3329861961106463
2018/19,fixed_fresh_v2,0.2667575776421684
2018/19,fixed_fresh_v2,0.2522234664070615
2018/19,fixed_fresh_v2,0.22982078067883693
2018/19,fixed_fresh_v2,0.4577711154610057
2018/19,fixed_fresh_v2,0.16176041471238345
2018/19,fixed_fresh_v2,0.13180948536214154
2018/19,fixed_fresh_v2,0.16785842870497922
2018/19,fixed_fresh_v2,0.27578272302336104
2018/19,fixed_fresh_v2,0.2035669152961642
2018/19,fixed_fresh_v2,0.23891173354399783
2018/19,fixed_fresh_v2,0.10959090385729463
2018/19,fixed_fresh_v2,0.26679528594711044
2018/19,fixed_fresh_v2,0.1315064279117287
2018/19,fixed_fresh_v2,0.12663769308037207
2018/19,fixed_fresh_v2,0.13455114722853734
2018/19,fixed_carry_v2,0.10694627529368778
2018/19,fixed_carry_v2,0.25295198446447836
2018/19,fixed_carry_v2,0.3150426771015271
2018/19,fixed_carry_v2,0.31515695903433394
2018/19,fixed_carry_v2,0.13166188527726408
2018/19,fixed_carry_v2,0.14735369692583275
2018/19,fixed_carry_v2,0.2847381444750096
2018/19,fixed_carry_v2,0.24472711284885132
2018/19,fixed_carry_v2,0.13796377086962758
2018/19,fixed_carry_v2,0.13821243857542032
2018/19,fixed_carry_v2,0.20963251053454418
2018/19,fixed_carry_v2,0.12928762475587927
2018/19,fixed_carry_v2,0.4903424434557786
2018/19,fixed_carry_v2,0.13496811576394638
2018/19,fixed_carry_v2,0.3694201678306964
2018/19,fixed_carry_v2,0.13190902635636936
2018/19,fixed_carry_v2,0.1814850770288982
2018/19,fixed_carry_v2,0.4428637780574226
2018/19,fixed_carry_v2,0.13921487494669943
2018/19,fixed_carry_v2,0.08743292328823381
2018/19,fixed_carry_v2,0.2950634706201114
2018/19,fixed_carry_v2,0.24015731149178182
2018/19,fixed_carry_v2,0.2210518219158269
2018/19,fixed_carry_v2,0.12644083069749557
2018/19,fixed_carry_v2,0.13130193338891297
2018/19,fixed_carry_v2,0.12772741990638264
2018/19,fixed_carry_v2,0.15244177626186164
2018/19,fixed_carry_v2,0.16262537684564504
2018/19,fixed_carry_v2,0.13174676734592825
2018/19,fixed_carry_v2,0.31978834516516863
2018/19,fixed_carry_v2,0.2472643112114798
2018/19,fixed_carry_v2,0.23600212314871483
2018/19,fixed_carry_v2,0.20839075964159065
2018/19,fixed_carry_v2,0.4021503429636959
2018/19,fixed_carry_v2,0.12619887698492016
2018/19,fixed_carry_v2,0.13350174241083945
2018/19,fixed_carry_v2,0.1762216652492333
2018/19,fixed_carry_v2,0.2385787238685828
2018/19,fixed_carry_v2,0.23364336891866685
2018/19,fixed_carry_v2,0.25542646313130435
2018/19,fixed_carry_v2,0.09914119014261583
2018/19,fixed_carry_v2,0.23166353176548307
2018/19,fixed_carry_v2,0.13692152316224926
2018/19,fixed_carry_v2,0.14118725161439521
2018/19,fixed_carry_v2,0.15213644891404157
2019/20,bookmaker,0.3448564138688068
2019/20,bookmaker,0.19090403097581882
2019/20,bookmaker,0.13163201282482964
2019/20,bookmaker,0.4840413187865305
2019/20,bookmaker,0.032482452854723974
2019/20,bookmaker,0.2697639672512815
2019/20,bookmaker,0.014622065801883266
2019/20,bookmaker,0.18974923792880366
2019/20,bookmaker,0.12634108937477984
2019/20,bookmaker,0.08100544338013806
2019/20,bookmaker,0.04040182264590228
2019/20,bookmaker,0.30367043547976647
2019/20,bookmaker,0.26859504132231404
2019/20,bookmaker,0.12717335216726844
2019/20,bookmaker,0.10560084761740837
2019/20,bookmaker,0.19055096017941103
2019/20,bookmaker,0.06187475021800214
2019/20,bookmaker,0.2906391509347716
2019/20,bookmaker,0.21388192851104937
2019/20,bookmaker,0.008214442918030645
2019/20,bookmaker,0.2209577334423287
2019/20,bookmaker,0.2688499395323838
2019/20,bookmaker,0.628681710253782
2019/20,bookmaker,0.18500168817251647
2019/20,bookmaker,0.22443742049022827
2019/20,bookmaker,0.08811947734830608
2019/20,bookmaker,0.096305193314485
2019/20,bookmaker,0.14238250577717693
2019/20,bookmaker,0.1877882183116229
2019/20,bookmaker,0.23065407851731048
2019/20,bookmaker,0.30133109453514323
2019/20,bookmaker,0.13947640320940738
2019/20,bookmaker,0.4118475852277541
2019/20,bookmaker,0.337577878182413
2019/20,bookmaker,0.401410568068994
2019/20,bookmaker,0.2153514535243036
2019/20,bookmaker,0.10624430488158014
2019/20,bookmaker,0.05036203901473081
2019/20,bookmaker,0.10151308802598419
2019/20,bookmaker,0.12932015183142542
2019/20,bookmaker,0.009427546340726789
2019/20,bookmaker,0.15213776179043947
2019/20,bookmaker,0.20038667994525866
2019/20,bookmaker,0.12694946799514126
2019/20,bookmaker,0.14516282795499164
2019/20,n0_fresh_v2,0.16327042672712663
2019/20,n0_fresh_v2,0.055029499861225115
2019/20,n0_fresh_v2,0.22983627498744444
2019/20,n0_fresh_v2,0.6110634312432757
2019/20,n0_fresh_v2,0.02476117317598903
2019/20,n0_fresh_v2,0.08137016628297729
2019/20,n0_fresh_v2,0.03919770529892625
2019/20,n0_fresh_v2,0.08301270552398247
2019/20,n0_fresh_v2,0.3914438505456827
2019/20,n0_fresh_v2,0.30805252024135255
2019/20,n0_fresh_v2,0.297172246924471
2019/20,n0_fresh_v2,0.2850453003999194
2019/20,n0_fresh_v2,0.3240899408506212
2019/20,n0_fresh_v2,0.1853616227854586
2019/20,n0_fresh_v2,0.27311378659692526
2019/20,n0_fresh_v2,0.17189218786270957
2019/20,n0_fresh_v2,0.1704039423032901
2019/20,n0_fresh_v2,0.3081670528722036
2019/20,n0_fresh_v2,0.25900932240222513
2019/20,n0_fresh_v2,0.13892221265652424
2019/20,n0_fresh_v2,0.14003646955533203
2019/20,n0_fresh_v2,0.3259777078117614
2019/20,n0_fresh_v2,0.48322087156672183
2019/20,n0_fresh_v2,0.2200334142428584
2019/20,n0_fresh_v2,0.17278430779751539
2019/20,n0_fresh_v2,0.17542769796908156
2019/20,n0_fresh_v2,0.17017757052984644
2019/20,n0_fresh_v2,0.12824165308454574
2019/20,n0_fresh_v2,0.13933283137236208
2019/20,n0_fresh_v2,0.24867044270799327
2019/20,n0_fresh_v2,0.19181318635267947
2019/20,n0_fresh_v2,0.20351753909467285
2019/20,n0_fresh_v2,0.3109230846780118
2019/20,n0_fresh_v2,0.27517142119963695
2019/20,n0_fresh_v2,0.3383331129826125
2019/20,n0_fresh_v2,0.23964394930439156
2019/20,n0_fresh_v2,0.19626014294056468
2019/20,n0_fresh_v2,0.12985578911878576
2019/20,n0_fresh_v2,0.14989963875931728
2019/20,n0_fresh_v2,0.18768758420699982
2019/20,n0_fresh_v2,0.11482792843952322
2019/20,n0_fresh_v2,0.13843061118150338
2019/20,n0_fresh_v2,0.1377995117027585
2019/20,n0_fresh_v2,0.14331578684060714
2019/20,n0_fresh_v2,0.1365163789718033
2019/20,n0_carry_v2,0.23062219866846548
2019/20,n0_carry_v2,0.06536745816324857
2019/20,n0_carry_v2,0.2216814679414049
2019/20,n0_carry_v2,0.5934958201841347
2019/20,n0_carry_v2,0.017449085488225057
2019/20,n0_carry_v2,0.09325784939855258
2019/20,n0_carry_v2,0.021248434506177895
2019/20,n0_carry_v2,0.08781944341111882
2019/20,n0_carry_v2,0.35923047846508116
2019/20,n0_carry_v2,0.302210847644637
2019/20,n0_carry_v2,0.1792246801594142
2019/20,n0_carry_v2,0.33149251939502467
2019/20,n0_carry_v2,0.34396363198254043
2019/20,n0_carry_v2,0.16066431114110294
2019/20,n0_carry_v2,0.2204940852766303
2019/20,n0_carry_v2,0.12462260879450425
2019/20,n0_carry_v2,0.15111227061981494
2019/20,n0_carry_v2,0.30139227659546297
2019/20,n0_carry_v2,0.21784214466330756
2019/20,n0_carry_v2,0.07489754950469012
2019/20,n0_carry_v2,0.1496653691902709
2019/20,n0_carry_v2,0.278063761086895
2019/20,n0_carry_v2,0.49227242844772273
2019/20,n0_carry_v2,0.22987166607740178
2019/20,n0_carry_v2,0.15932964258580096
2019/20,n0_carry_v2,0.15452688320608313
2019/20,n0_carry_v2,0.16690684057462685
2019/20,n0_carry_v2,0.12824945046360453
2019/20,n0_carry_v2,0.14192853011214002
2019/20,n0_carry_v2,0.23072577549083306
2019/20,n0_carry_v2,0.2121100562779335
2019/20,n0_carry_v2,0.22981528702134799
2019/20,n0_carry_v2,0.3586465148999559
2019/20,n0_carry_v2,0.3056289589667772
2019/20,n0_carry_v2,0.4109686295302938
2019/20,n0_carry_v2,0.24587762060605195
2019/20,n0_carry_v2,0.19772446972356245
2019/20,n0_carry_v2,0.10287716384493283
2019/20,n0_carry_v2,0.14768151815761868
2019/20,n0_carry_v2,0.1765307969919015
2019/20,n0_carry_v2,0.08094262707718278
2019/20,n0_carry_v2,0.13872433582145738
2019/20,n0_carry_v2,0.1383537611398438
2019/20,n0_carry_v2,0.15712659202209506
2019/20,n0_carry_v2,0.1326629659876557
2019/20,n36_fresh_v2,0.16327042672712663
2019/20,n36_fresh_v2,0.150490439351791
2019/20,n36_fresh_v2,0.146553738123215
2019/20,n36_fresh_v2,0.40961152764404857
2019/20,n36_fresh_v2,0.0865262858453262
2019/20,n36_fresh_v2,0.19531322317380378
2019/20,n36_fresh_v2,0.11947690267251879
2019/20,n36_fresh_v2,0.17045120735418434
2019/20,n36_fresh_v2,0.24362910743371907
2019/20,n36_fresh_v2,0.2610068894985617
2019/20,n36_fresh_v2,0.2844704976002904
2019/20,n36_fresh_v2,0.27318245526084345
2019/20,n36_fresh_v2,0.312059336178509
2019/20,n36_fresh_v2,0.17703559636906882
2019/20,n36_fresh_v2,0.26448496093114654
2019/20,n36_fresh_v2,0.18500463189081975
2019/20,n36_fresh_v2,0.14836181138606275
2019/20,n36_fresh_v2,0.3427195848105131
2019/20,n36_fresh_v2,0.28712840345355295
2019/20,n36_fresh_v2,0.1144221487603433
2019/20,n36_fresh_v2,0.1451705159543959
2019/20,n36_fresh_v2,0.3669770624529412
2019/20,n36_fresh_v2,0.4384023462016214
2019/20,n36_fresh_v2,0.18916497044290895
2019/20,n36_fresh_v2,0.18690329048274193
2019/20,n36_fresh_v2,0.16611109863821155
2019/20,n36_fresh_v2,0.15840143662637357
2019/20,n36_fresh_v2,0.12848591975589363
2019/20,n36_fresh_v2,0.14271725645992794
2019/20,n36_fresh_v2,0.22975561448127918
2019/20,n36_fresh_v2,0.23104116201085673
2019/20,n36_fresh_v2,0.17355153033297224
2019/20,n36_fresh_v2,0.29084606857200407
2019/20,n36_fresh_v2,0.3231207492101928
2019/20,n36_fresh_v2,0.3479468454004958
2019/20,n36_fresh_v2,0.2451516339522228
2019/20,n36_fresh_v2,0.1718928399223893
2019/20,n36_fresh_v2,0.11551758258375286
2019/20,n36_fresh_v2,0.1270727700661914
2019/20,n36_fresh_v2,0.22245104455297063
2019/20,n36_fresh_v2,0.1003796970284442
2019/20,n36_fresh_v2,0.14260098460206827
2019/20,n36_fresh_v2,0.13527242467196066
2019/20,n36_fresh_v2,0.12150734138905472
2019/20,n36_fresh_v2,0.1402822372121112
2019/20,n36_carry_v2,0.23062219866846548
2019/20,n36_carry_v2,0.16609988728682343
2019/20,n36_carry_v2,0.14197042034234067
2019/20,n36_carry_v2,0.39287424098787727
2019/20,n36_carry_v2,0.06625887818133658
2019/20,n36_carry_v2,0.21378763219995714
2019/20,n36_carry_v2,0.07745293208931742
2019/20,n36_carry_v2,0.18486422774009553
2019/20,n36_carry_v2,0.2179290714044289
2019/20,n36_carry_v2,0.2586072296773783
2019/20,n36_carry_v2,0.17513479465312926
2019/20,n36_carry_v2,0.31799761258027337
2019/20,n36_carry_v2,0.3323131309333111
2019/20,n36_carry_v2,0.1534571273381248
2019/20,n36_carry_v2,0.2122085264820412
2019/20,n36_carry_v2,0.1371774884328699
2019/20,n36_carry_v2,0.13298345477000353
2019/20,n36_carry_v2,0.33103669956436743
2019/20,n36_carry_v2,0.2424865611719714
2019/20,n36_carry_v2,0.06352327715126245
2019/20,n36_carry_v2,0.1556673891030425
2019/20,n36_carry_v2,0.3315133284988113
2019/20,n36_carry_v2,0.4432578453055289
2019/20,n36_carry_v2,0.19619476473402975
2019/20,n36_carry_v2,0.17726469701716357
2019/20,n36_carry_v2,0.14018274545339893
2019/20,n36_carry_v2,0.147312797749338
2019/20,n36_carry_v2,0.12743132217986886
2019/20,n36_carry_v2,0.1400483775104402
2019/20,n36_carry_v2,0.21243358799017173
2019/20,n36_carry_v2,0.2499266093286584
2019/20,n36_carry_v2,0.2125651946831662
2019/20,n36_carry_v2,0.34017146014757005
2019/20,n36_carry_v2,0.34747359972874825
2019/20,n36_carry_v2,0.42230920235823566
2019/20,n36_carry_v2,0.2747195182599369
2019/20,n36_carry_v2,0.17696641887463244
2019/20,n36_carry_v2,0.08743413068549563
2019/20,n36_carry_v2,0.13685179128776354
2019/20,n36_carry_v2,0.20060776089162088
2019/20,n36_carry_v2,0.067974276030524
2019/20,n36_carry_v2,0.1392773936784183
2019/20,n36_carry_v2,0.13544052305316623
2019/20,n36_carry_v2,0.1437783994054636
2019/20,n36_carry_v2,0.13394819625481338
2019/20,n72_fresh_v2,0.16327042672712663
2019/20,n72_fresh_v2,0.15245832933717857
2019/20,n72_fresh_v2,0.14568557282306763
2019/20,n72_fresh_v2,0.4066372538323504
2019/20,n72_fresh_v2,0.08796116281700933
2019/20,n72_fresh_v2,0.19752272241964525
2019/20,n72_fresh_v2,0.12121964595594657
2019/20,n72_fresh_v2,0.18029952679639774
2019/20,n72_fresh_v2,0.2321474964650984
2019/20,n72_fresh_v2,0.2549246572970076
2019/20,n72_fresh_v2,0.28131177576006633
2019/20,n72_fresh_v2,0.27264138936842885
2019/20,n72_fresh_v2,0.3116854074529181
2019/20,n72_fresh_v2,0.1744334087079987
2019/20,n72_fresh_v2,0.26188667156791096
2019/20,n72_fresh_v2,0.18766586213668554
2019/20,n72_fresh_v2,0.14210328693066485
2019/20,n72_fresh_v2,0.34715537895354726
2019/20,n72_fresh_v2,0.29336677593587507
2019/20,n72_fresh_v2,0.10574640506691008
2019/20,n72_fresh_v2,0.15052324170872403
2019/20,n72_fresh_v2,0.38219786175134834
2019/20,n72_fresh_v2,0.413601292755608
2019/20,n72_fresh_v2,0.18721306096976448
2019/20,n72_fresh_v2,0.19216769165803954
2019/20,n72_fresh_v2,0.16550640516685194
2019/20,n72_fresh_v2,0.14783888714414156
2019/20,n72_fresh_v2,0.1277504915275165
2019/20,n72_fresh_v2,0.14107103834404588
2019/20,n72_fresh_v2,0.2170602151691687
2019/20,n72_fresh_v2,0.23086513241970566
2019/20,n72_fresh_v2,0.16983001470932882
2019/20,n72_fresh_v2,0.27196574172337784
2019/20,n72_fresh_v2,0.30663881287697003
2019/20,n72_fresh_v2,0.35469219453535705
2019/20,n72_fresh_v2,0.27321277126130755
2019/20,n72_fresh_v2,0.16091584127304592
2019/20,n72_fresh_v2,0.10343115870130253
2019/20,n72_fresh_v2,0.11568886334440506
2019/20,n72_fresh_v2,0.2392095328935685
2019/20,n72_fresh_v2,0.09439225278004293
2019/20,n72_fresh_v2,0.1441654848989563
2019/20,n72_fresh_v2,0.1344105308770323
2019/20,n72_fresh_v2,0.11665034677481638
2019/20,n72_fresh_v2,0.1416187770563013
2019/20,n72_carry_v2,0.23062219866846548
2019/20,n72_carry_v2,0.16811334203794673
2019/20,n72_carry_v2,0.14114644842300292
2019/20,n72_carry_v2,0.3899471749219057
2019/20,n72_carry_v2,0.06744673851885429
2019/20,n72_carry_v2,0.21607494533097274
2019/20,n72_carry_v2,0.07878773305691969
2019/20,n72_carry_v2,0.1957945253446081
2019/20,n72_carry_v2,0.20718785598933384
2019/20,n72_carry_v2,0.25380402195247836
2019/20,n72_carry_v2,0.1729045828772613
2019/20,n72_carry_v2,0.31521261806325684
2019/20,n72_carry_v2,0.3274718468534019
2019/20,n72_carry_v2,0.15199936230994043
2019/20,n72_carry_v2,0.21295083207221996
2019/20,n72_carry_v2,0.1373991450853564
2019/20,n72_carry_v2,0.12953128683369106
2019/20,n72_carry_v2,0.3380426895736329
2019/20,n72_carry_v2,0.24749634274393625
2019/20,n72_carry_v2,0.05869550882879207
2019/20,n72_carry_v2,0.1589114836671243
2019/20,n72_carry_v2,0.34394307966473364
2019/20,n72_carry_v2,0.42780739959968006
2019/20,n72_carry_v2,0.18579371582940557
2019/20,n72_carry_v2,0.17658760527595593
2019/20,n72_carry_v2,0.13404605448548446
2019/20,n72_carry_v2,0.14293409208766109
2019/20,n72_carry_v2,0.12903087404316427
2019/20,n72_carry_v2,0.13835374516679314
2019/20,n72_carry_v2,0.21115877209360312
2019/20,n72_carry_v2,0.2558351222917835
2019/20,n72_carry_v2,0.20363747879792743
2019/20,n72_carry_v2,0.32965604406254584
2019/20,n72_carry_v2,0.34922088273372154
2019/20,n72_carry_v2,0.4449031659748114
2019/20,n72_carry_v2,0.2655113066381812
2019/20,n72_carry_v2,0.1720359621017663
2019/20,n72_carry_v2,0.08240805102805665
2019/20,n72_carry_v2,0.12271169269566956
2019/20,n72_carry_v2,0.20503010274067113
2019/20,n72_carry_v2,0.06671337925524341
2019/20,n72_carry_v2,0.14199052849434293
2019/20,n72_carry_v2,0.13596220388678215
2019/20,n72_carry_v2,0.14604710280102629
2019/20,n72_carry_v2,0.13506306680321684
2019/20,n144_fresh_v2,0.16327042672712663
2019/20,n144_fresh_v2,0.15347116663124183
2019/20,n144_fresh_v2,0.1452470850023594
2019/20,n144_fresh_v2,0.405118248359455
2019/20,n144_fresh_v2,0.08870186253310074
2019/20,n144_fresh_v2,0.19865829530020268
2019/20,n144_fresh_v2,0.12211772577242579
2019/20,n144_fresh_v2,0.1860654475597563
2019/20,n144_fresh_v2,0.22574119694180256
2019/20,n144_fresh_v2,0.25318040998719266
2019/20,n144_fresh_v2,0.28046218090195696
2019/20,n144_fresh_v2,0.27062264814079007
2019/20,n144_fresh_v2,0.30954068746181207
2019/20,n144_fresh_v2,0.1738213582047756
2019/20,n144_fresh_v2,0.2608905260203174
2019/20,n144_fresh_v2,0.18770539870011135
2019/20,n144_fresh_v2,0.1409948310061579
2019/20,n144_fresh_v2,0.3521240678001835
2019/20,n144_fresh_v2,0.2928568692144114
2019/20,n144_fresh_v2,0.10210573815945731
2019/20,n144_fresh_v2,0.14907855857233285
2019/20,n144_fresh_v2,0.39277841749118514
2019/20,n144_fresh_v2,0.4045631404983141
2019/20,n144_fresh_v2,0.18324897195389905
2019/20,n144_fresh_v2,0.19112826170462152
2019/20,n144_fresh_v2,0.15497108098895987
2019/20,n144_fresh_v2,0.1392202107640112
2019/20,n144_fresh_v2,0.12724855843168334
2019/20,n144_fresh_v2,0.14561991278653125
2019/20,n144_fresh_v2,0.21465445252617432
2019/20,n144_fresh_v2,0.23678540491251832
2019/20,n144_fresh_v2,0.16220236361023774
2019/20,n144_fresh_v2,0.2882042121498418
2019/20,n144_fresh_v2,0.3352362229259179
2019/20,n144_fresh_v2,0.36643298882244546
2019/20,n144_fresh_v2,0.25926328734770265
2019/20,n144_fresh_v2,0.15221057359319198
2019/20,n144_fresh_v2,0.0965209979982611
2019/20,n144_fresh_v2,0.12224616049122275
2019/20,n144_fresh_v2,0.25807241237870493
2019/20,n144_fresh_v2,0.09568285412274043
2019/20,n144_fresh_v2,0.14590940502528746
2019/20,n144_fresh_v2,0.135861340119942
2019/20,n144_fresh_v2,0.11721565176567877
2019/20,n144_fresh_v2,0.14382206385008856
2019/20,n144_carry_v2,0.23062219866846548
2019/20,n144_carry_v2,0.1691489173427481
2019/20,n144_carry_v2,0.1407303153383736
2019/20,n144_carry_v2,0.38845265899287407
2019/20,n144_carry_v2,0.06806070215241947
2019/20,n144_carry_v2,0.21724993477847124
2019/20,n144_carry_v2,0.0794771732077649
2019/20,n144_carry_v2,0.20219026208065724
2019/20,n144_carry_v2,0.20121033539361072
2019/20,n144_carry_v2,0.25161468230391637
2019/20,n144_carry_v2,0.173395487244847
2019/20,n144_carry_v2,0.31361230749566593
2019/20,n144_carry_v2,0.3272889971609879
2019/20,n144_carry_v2,0.151791363772339
2019/20,n144_carry_v2,0.21308517529294885
2019/20,n144_carry_v2,0.13915043397896107
2019/20,n144_carry_v2,0.12730137980061892
2019/20,n144_carry_v2,0.3430208614216108
2019/20,n144_carry_v2,0.25382190420769246
2019/20,n144_carry_v2,0.0598409899722554
2019/20,n144_carry_v2,0.160274224964735
2019/20,n144_carry_v2,0.34250857191932743
2019/20,n144_carry_v2,0.42073309929248637
2019/20,n144_carry_v2,0.18289961387111314
2019/20,n144_carry_v2,0.1843601876733966
2019/20,n144_carry_v2,0.1319646268233898
2019/20,n144_carry_v2,0.13698443610031286
2019/20,n144_carry_v2,0.12770540862645308
2019/20,n144_carry_v2,0.13701074576334454
2019/20,n144_carry_v2,0.19456676521513336
2019/20,n144_carry_v2,0.25360770387832543
2019/20,n144_carry_v2,0.19771712415589882
2019/20,n144_carry_v2,0.3175292129385462
2019/20,n144_carry_v2,0.3497612758737168
2019/20,n144_carry_v2,0.43688622100726565
2019/20,n144_carry_v2,0.27699423028322
2019/20,n144_carry_v2,0.15321399266054384
2019/20,n144_carry_v2,0.08357055082587156
2019/20,n144_carry_v2,0.11545851570705745
2019/20,n144_carry_v2,0.21822086501200189
2019/20,n144_carry_v2,0.060228086117059
2019/20,n144_carry_v2,0.14033386475757806
2019/20,n144_carry_v2,0.13654463697043623
2019/20,n144_carry_v2,0.12891468270360767
2019/20,n144_carry_v2,0.13710646394361728
2019/20,fixed_fresh_v2,0.16327042672712663
2019/20,fixed_fresh_v2,0.15450399299846868
2019/20,fixed_fresh_v2,0.1448057015500275
2019/20,fixed_fresh_v2,0.40357741306759853
2019/20,fixed_fresh_v2,0.08945870930640237
2019/20,fixed_fresh_v2,0.19981515881828457
2019/20,fixed_fresh_v2,0.12303430961236667
2019/20,fixed_fresh_v2,0.192522902945984
2019/20,fixed_fresh_v2,0.21882453187344483
2019/20,fixed_fresh_v2,0.25222313907453064
2019/20,fixed_fresh_v2,0.27893054175400944
2019/20,fixed_fresh_v2,0.26926367773455084
2019/20,fixed_fresh_v2,0.30659152343160134
2019/20,fixed_fresh_v2,0.17300423750032357
2019/20,fixed_fresh_v2,0.2598458664336888
2019/20,fixed_fresh_v2,0.1888300366958603
2019/20,fixed_fresh_v2,0.1376833804971137
2019/20,fixed_fresh_v2,0.3576288464833676
2019/20,fixed_fresh_v2,0.2930540971076616
2019/20,fixed_fresh_v2,0.09846311366462025
2019/20,fixed_fresh_v2,0.1523976711823033
2019/20,fixed_fresh_v2,0.40079473201792803
2019/20,fixed_fresh_v2,0.3931051926728145
2019/20,fixed_fresh_v2,0.17274430629070195
2019/20,fixed_fresh_v2,0.1961205966708332
2019/20,fixed_fresh_v2,0.14927450492891378
2019/20,fixed_fresh_v2,0.14041300003097887
2019/20,fixed_fresh_v2,0.12777771238329466
2019/20,fixed_fresh_v2,0.14241493996671412
2019/20,fixed_fresh_v2,0.22154041888646586
2019/20,fixed_fresh_v2,0.24333060937112672
2019/20,fixed_fresh_v2,0.16465953850255083
2019/20,fixed_fresh_v2,0.2652972494043682
2019/20,fixed_fresh_v2,0.3389739340526675
2019/20,fixed_fresh_v2,0.3745507384912275
2019/20,fixed_fresh_v2,0.27563781624006545
2019/20,fixed_fresh_v2,0.1385095851421404
2019/20,fixed_fresh_v2,0.09926077778245349
2019/20,fixed_fresh_v2,0.10269401689779162
2019/20,fixed_fresh_v2,0.2522557553539597
2019/20,fixed_fresh_v2,0.08661735647076799
2019/20,fixed_fresh_v2,0.14425596603256535
2019/20,fixed_fresh_v2,0.135951799302752
2019/20,fixed_fresh_v2,0.10420764824112654
2019/20,fixed_fresh_v2,0.14250559182378308
2019/20,fixed_carry_v2,0.23062219866846548
2019/20,fixed_carry_v2,0.17020443633296625
2019/20,fixed_carry_v2,0.14031145631780925
2019/20,fixed_carry_v2,0.38693692745468333
2019/20,fixed_carry_v2,0.06868859245682593
2019/20,fixed_carry_v2,0.21844655474971159
2019/20,fixed_carry_v2,0.08018192247068082
2019/20,fixed_carry_v2,0.20934941437037255
2019/20,fixed_carry_v2,0.19476937373044229
2019/20,fixed_carry_v2,0.2464822874072402
2019/20,fixed_carry_v2,0.17238996921835925
2019/20,fixed_carry_v2,0.3160053335475335
2019/20,fixed_carry_v2,0.3264913141268635
2019/20,fixed_carry_v2,0.15123195092879552
2019/20,fixed_carry_v2,0.21075350877654794
2019/20,fixed_carry_v2,0.14118732200778192
2019/20,fixed_carry_v2,0.124276676274235
2019/20,fixed_carry_v2,0.3487665051796665
2019/20,fixed_carry_v2,0.2581787362355642
2019/20,fixed_carry_v2,0.05408304857560733
2019/20,fixed_carry_v2,0.1628446924843391
2019/20,fixed_carry_v2,0.3486026621696013
2019/20,fixed_carry_v2,0.4088120223677284
2019/20,fixed_carry_v2,0.17554732497184827
2019/20,fixed_carry_v2,0.18225709069692442
2019/20,fixed_carry_v2,0.12919459655660348
2019/20,fixed_carry_v2,0.13878234571308887
2019/20,fixed_carry_v2,0.12820198468184138
2019/20,fixed_carry_v2,0.13731720072963377
2019/20,fixed_carry_v2,0.18874302919055436
2019/20,fixed_carry_v2,0.255336246205323
2019/20,fixed_carry_v2,0.1895777657000159
2019/20,fixed_carry_v2,0.30911267292795447
2019/20,fixed_carry_v2,0.34689392788003715
2019/20,fixed_carry_v2,0.4536946499029204
2019/20,fixed_carry_v2,0.2848855793677017
2019/20,fixed_carry_v2,0.16239368708767427
2019/20,fixed_carry_v2,0.07242666547124918
2019/20,fixed_carry_v2,0.11793192996180829
2019/20,fixed_carry_v2,0.22517800513902814
2019/20,fixed_carry_v2,0.06128866697800772
2019/20,fixed_carry_v2,0.1503115123234029
2019/20,fixed_carry_v2,0.13564062803942556
2019/20,fixed_carry_v2,0.11934744005096794
2019/20,fixed_carry_v2,0.13845196881252023
2020/21,bookmaker,0.010624946692760142
2020/21,bookmaker,0.2845675045842949
2020/21,bookmaker,0.3390857039250608
2020/21,bookmaker,0.09776427727378444
2020/21,bookmaker,0.278210000643237
2020/21,bookmaker,0.17768543104246262
2020/21,bookmaker,0.3456377359020365
2020/21,bookmaker,0.05575430927396145
2020/21,bookmaker,0.13684614683028873
2020/21,bookmaker,0.3085147062833885
2020/21,bookmaker,0.2371011572685295
2020/21,bookmaker,0.5645080396898472
2020/21,bookmaker,0.1423913625670185
2020/21,bookmaker,0.2828363415634008
2020/21,bookmaker,0.22658342321731798
2020/21,bookmaker,0.28424610706514797
2020/21,bookmaker,0.7336086142325782
2020/21,bookmaker,0.12866732969867983
2020/21,bookmaker,0.1839627457436831
2020/21,bookmaker,0.04963405948304223
2020/21,bookmaker,0.13961657392339805
2020/21,bookmaker,0.29205829173791675
2020/21,bookmaker,0.03478114781840251
2020/21,bookmaker,0.1383716264622988
2020/21,bookmaker,0.19543617433014618
2020/21,bookmaker,0.15394896682049794
2020/21,bookmaker,0.017746287702564135
2020/21,bookmaker,0.16950606163228749
2020/21,bookmaker,0.08849391590360933
2020/21,bookmaker,0.11808078841705112
2020/21,bookmaker,0.013452291014761699
2020/21,bookmaker,0.1412980862353279
2020/21,bookmaker,0.07863985087978914
2020/21,bookmaker,0.3796002337391639
2020/21,bookmaker,0.1370189286483769
2020/21,bookmaker,0.12895528798824168
2020/21,bookmaker,0.15702652054109817
2020/21,bookmaker,0.01839003255401807
2020/21,bookmaker,0.13637311896898668
2020/21,bookmaker,0.020035370648739524
2020/21,bookmaker,0.16969803731595257
2020/21,bookmaker,0.08969961432150471
2020/21,bookmaker,0.09765408123249396
2020/21,bookmaker,0.1327280716971112
2020/21,bookmaker,0.08848486336762594
2020/21,n0_fresh_v2,0.13338216727228827
2020/21,n0_fresh_v2,0.9757576844147251
2020/21,n0_fresh_v2,0.976056351809258
2020/21,n0_fresh_v2,9.61386140795308e-05
2020/21,n0_fresh_v2,0.972752973041711
2020/21,n0_fresh_v2,0.49116745730660916
2020/21,n0_fresh_v2,0.9784551187157842
2020/21,n0_fresh_v2,0.08362135298571276
2020/21,n0_fresh_v2,0.16235753967222213
2020/21,n0_fresh_v2,0.5111148131311108
2020/21,n0_fresh_v2,0.15186567089765565
2020/21,n0_fresh_v2,0.2035942325230307
2020/21,n0_fresh_v2,0.1676060037349299
2020/21,n0_fresh_v2,0.4671575200859272
2020/21,n0_fresh_v2,0.22277979906033468
2020/21,n0_fresh_v2,0.4913340803114806
2020/21,n0_fresh_v2,0.331880480205523
2020/21,n0_fresh_v2,0.13769450247630555
2020/21,n0_fresh_v2,0.20204399542633295
2020/21,n0_fresh_v2,0.11403300163731804
2020/21,n0_fresh_v2,0.31121076189219454
2020/21,n0_fresh_v2,0.1912163293441165
2020/21,n0_fresh_v2,0.08414295317210821
2020/21,n0_fresh_v2,0.135928059525728
2020/21,n0_fresh_v2,0.12144636614881789
2020/21,n0_fresh_v2,0.15239833613553666
2020/21,n0_fresh_v2,0.11018627364988
2020/21,n0_fresh_v2,0.16612839625570192
2020/21,n0_fresh_v2,0.2323824722907117
2020/21,n0_fresh_v2,0.3081298605927253
2020/21,n0_fresh_v2,0.15029033854138568
2020/21,n0_fresh_v2,0.14196903909374525
2020/21,n0_fresh_v2,0.28267288968667215
2020/21,n0_fresh_v2,0.4578973958868342
2020/21,n0_fresh_v2,0.1361519591048531
2020/21,n0_fresh_v2,0.1392948006372074
2020/21,n0_fresh_v2,0.13952345060872395
2020/21,n0_fresh_v2,0.08199266724603217
2020/21,n0_fresh_v2,0.1394058866463182
2020/21,n0_fresh_v2,0.13231646944498823
2020/21,n0_fresh_v2,0.16999538587568738
2020/21,n0_fresh_v2,0.1352869530543584
2020/21,n0_fresh_v2,0.12378219198541564
2020/21,n0_fresh_v2,0.1404151512651054
2020/21,n0_fresh_v2,0.1423449551203011
2020/21,n0_carry_v2,0.0714431659185667
2020/21,n0_carry_v2,0.9665587301870961
2020/21,n0_carry_v2,0.9742778967714709
2020/21,n0_carry_v2,0.00014199311939015426
2020/21,n0_carry_v2,0.9781881936807857
2020/21,n0_carry_v2,0.49257213281832146
2020/21,n0_carry_v2,0.9790675471383299
2020/21,n0_carry_v2,0.04059918655836307
2020/21,n0_carry_v2,0.1648864087877761
2020/21,n0_carry_v2,0.42216337443413676
2020/21,n0_carry_v2,0.16609039049759114
2020/21,n0_carry_v2,0.27153066694851935
2020/21,n0_carry_v2,0.14865950562019753
2020/21,n0_carry_v2,0.4410725084441017
2020/21,n0_carry_v2,0.23362606300815686
2020/21,n0_carry_v2,0.4471533538807031
2020/21,n0_carry_v2,0.36231817372613123
2020/21,n0_carry_v2,0.139948277662293
2020/21,n0_carry_v2,0.18560938421557227
2020/21,n0_carry_v2,0.10050082477230368
2020/21,n0_carry_v2,0.2893366318841939
2020/21,n0_carry_v2,0.20142524645839543
2020/21,n0_carry_v2,0.053431429197070654
2020/21,n0_carry_v2,0.1344986407604693
2020/21,n0_carry_v2,0.17373619061462148
2020/21,n0_carry_v2,0.17396182761918955
2020/21,n0_carry_v2,0.06356208872180753
2020/21,n0_carry_v2,0.1660120082969006
2020/21,n0_carry_v2,0.21703801329320957
2020/21,n0_carry_v2,0.2963596910507641
2020/21,n0_carry_v2,0.13105775246698945
2020/21,n0_carry_v2,0.14958020197370753
2020/21,n0_carry_v2,0.18762339233557457
2020/21,n0_carry_v2,0.40778850807683975
2020/21,n0_carry_v2,0.13716549768510833
2020/21,n0_carry_v2,0.1337053628561976
2020/21,n0_carry_v2,0.13818624016929199
2020/21,n0_carry_v2,0.07313848703198586
2020/21,n0_carry_v2,0.1372565850071912
2020/21,n0_carry_v2,0.11226945233439194
2020/21,n0_carry_v2,0.14905873171963416
2020/21,n0_carry_v2,0.08187890794567167
2020/21,n0_carry_v2,0.10607188094622723
2020/21,n0_carry_v2,0.139158866217574
2020/21,n0_carry_v2,0.1047572171648443
2020/21,n36_fresh_v2,0.13338216727228827
2020/21,n36_fresh_v2,0.3282667051769965
2020/21,n36_fresh_v2,0.33022915009994747
2020/21,n36_fresh_v2,0.1541781995712442
2020/21,n36_fresh_v2,0.30986905607677795
2020/21,n36_fresh_v2,0.1837959560260893
2020/21,n36_fresh_v2,0.34702312733413754
2020/21,n36_fresh_v2,0.1275635449658767
2020/21,n36_fresh_v2,0.14024750933527402
2020/21,n36_fresh_v2,0.3908805779570293
2020/21,n36_fresh_v2,0.22535471192931333
2020/21,n36_fresh_v2,0.2777853976943541
2020/21,n36_fresh_v2,0.14141094070610433
2020/21,n36_fresh_v2,0.366287905195824
2020/21,n36_fresh_v2,0.17626140144674268
2020/21,n36_fresh_v2,0.3834815976322191
2020/21,n36_fresh_v2,0.31622267556781397
2020/21,n36_fresh_v2,0.13500847490095705
2020/21,n36_fresh_v2,0.20828789083013416
2020/21,n36_fresh_v2,0.1157315878849533
2020/21,n36_fresh_v2,0.30613512287251077
2020/21,n36_fresh_v2,0.20817462645288948
2020/21,n36_fresh_v2,0.0907054964540088
2020/21,n36_fresh_v2,0.13254632344095355
2020/21,n36_fresh_v2,0.13390481458083134
2020/21,n36_fresh_v2,0.14376630154995834
2020/21,n36_fresh_v2,0.1282798875907772
2020/21,n36_fresh_v2,0.14979637607178103
2020/21,n36_fresh_v2,0.23832425720862807
2020/21,n36_fresh_v2,0.2498730800561123
2020/21,n36_fresh_v2,0.10862556657617442
2020/21,n36_fresh_v2,0.13916645579957276
2020/21,n36_fresh_v2,0.24502546273544631
2020/21,n36_fresh_v2,0.4053370382351873
2020/21,n36_fresh_v2,0.13515615570181055
2020/21,n36_fresh_v2,0.13925449980186366
2020/21,n36_fresh_v2,0.13928826328215788
2020/21,n36_fresh_v2,0.07108738406699884
2020/21,n36_fresh_v2,0.13962550106680022
2020/21,n36_fresh_v2,0.1265295771129269
2020/21,n36_fresh_v2,0.19739809713957138
2020/21,n36_fresh_v2,0.11171037142915798
2020/21,n36_fresh_v2,0.12189379589327068
2020/21,n36_fresh_v2,0.1443006819012574
2020/21,n36_fresh_v2,0.14827439202162793
2020/21,n36_carry_v2,0.0714431659185667
2020/21,n36_carry_v2,0.32867426099977926
2020/21,n36_carry_v2,0.3841160648508797
2020/21,n36_carry_v2,0.1611498402747976
2020/21,n36_carry_v2,0.30334452295905406
2020/21,n36_carry_v2,0.1938404700500422
2020/21,n36_carry_v2,0.36316581431031564
2020/21,n36_carry_v2,0.06878886628176843
2020/21,n36_carry_v2,0.14167243079521746
2020/21,n36_carry_v2,0.3094879336097951
2020/21,n36_carry_v2,0.23947599932864244
2020/21,n36_carry_v2,0.3426434391063081
2020/21,n36_carry_v2,0.13489109795133253
2020/21,n36_carry_v2,0.3546066734203357
2020/21,n36_carry_v2,0.1852302439295024
2020/21,n36_carry_v2,0.34736244921296133
2020/21,n36_carry_v2,0.3447091944514148
2020/21,n36_carry_v2,0.135554360677632
2020/21,n36_carry_v2,0.182059597693137
2020/21,n36_carry_v2,0.10549300633591283
2020/21,n36_carry_v2,0.2781043958815278
2020/21,n36_carry_v2,0.21390883285211976
2020/21,n36_carry_v2,0.05426034861779785
2020/21,n36_carry_v2,0.13393339450339764
2020/21,n36_carry_v2,0.17751876429258612
2020/21,n36_carry_v2,0.16485536607061954
2020/21,n36_carry_v2,0.07213379936670541
2020/21,n36_carry_v2,0.15147627300739022
2020/21,n36_carry_v2,0.20074502424651067
2020/21,n36_carry_v2,0.26644644052104394
2020/21,n36_carry_v2,0.12120386761745809
2020/21,n36_carry_v2,0.14210254602904143
2020/21,n36_carry_v2,0.17688793140218978
2020/21,n36_carry_v2,0.3549712732524811
2020/21,n36_carry_v2,0.1367803930363874
2020/21,n36_carry_v2,0.1323976841824402
2020/21,n36_carry_v2,0.1390361014001168
2020/21,n36_carry_v2,0.07190012341082638
2020/21,n36_carry_v2,0.14033385174400895
2020/21,n36_carry_v2,0.107151462057673
2020/21,n36_carry_v2,0.16542141688024023
2020/21,n36_carry_v2,0.0783700584563862
2020/21,n36_carry_v2,0.1126097541099712
2020/21,n36_carry_v2,0.1392774302031017
2020/21,n36_carry_v2,0.10778195389819177
2020/21,n72_fresh_v2,0.13338216727228827
2020/21,n72_fresh_v2,0.31565188610798134
2020/21,n72_fresh_v2,0.3175775372065468
2020/21,n72_fresh_v2,0.16327004900330755
2020/21,n72_fresh_v2,0.29761743065435575
2020/21,n72_fresh_v2,0.1780893355477785
2020/21,n72_fresh_v2,0.33407193076388686
2020/21,n72_fresh_v2,0.13238493149268932
2020/21,n72_fresh_v2,0.13868289217017016
2020/21,n72_fresh_v2,0.37388171080517174
2020/21,n72_fresh_v2,0.236650296836606
2020/21,n72_fresh_v2,0.2877783625900756
2020/21,n72_fresh_v2,0.13962622889768656
2020/21,n72_fresh_v2,0.35497658104334684
2020/21,n72_fresh_v2,0.17115106079256567
2020/21,n72_fresh_v2,0.37335678742866946
2020/21,n72_fresh_v2,0.3137290513466929
2020/21,n72_fresh_v2,0.1346932727608698
2020/21,n72_fresh_v2,0.19609085643518664
2020/21,n72_fresh_v2,0.1202781208602136
2020/21,n72_fresh_v2,0.30151786688932203
2020/21,n72_fresh_v2,0.22013550556142808
2020/21,n72_fresh_v2,0.09807181720444305
2020/21,n72_fresh_v2,0.1324367452073518
2020/21,n72_fresh_v2,0.13457212952063066
2020/21,n72_fresh_v2,0.1448785869972707
2020/21,n72_fresh_v2,0.1282448486298464
2020/21,n72_fresh_v2,0.14395203820202376
2020/21,n72_fresh_v2,0.21576040465882748
2020/21,n72_fresh_v2,0.2437784162279219
2020/21,n72_fresh_v2,0.11860996098599995
2020/21,n72_fresh_v2,0.13846221312672102
2020/21,n72_fresh_v2,0.23296778536382476
2020/21,n72_fresh_v2,0.37324995931904653
2020/21,n72_fresh_v2,0.13660632656365565
2020/21,n72_fresh_v2,0.1381178449411209
2020/21,n72_fresh_v2,0.13975754532271534
2020/21,n72_fresh_v2,0.07348247146435158
2020/21,n72_fresh_v2,0.1435002656888865
2020/21,n72_fresh_v2,0.13036875944642765
2020/21,n72_fresh_v2,0.1858561074955913
2020/21,n72_fresh_v2,0.11345717670114441
2020/21,n72_fresh_v2,0.11814920976448062
2020/21,n72_fresh_v2,0.1417804057338457
2020/21,n72_fresh_v2,0.1362602494402865
2020/21,n72_carry_v2,0.0714431659185667
2020/21,n72_carry_v2,0.3167761743125572
2020/21,n72_carry_v2,0.37156218382371675
2020/21,n72_carry_v2,0.17025206340812296
2020/21,n72_carry_v2,0.29066122985498716
2020/21,n72_carry_v2,0.1877174229878051
2020/21,n72_carry_v2,0.350119339996964
2020/21,n72_carry_v2,0.07208411474008411
2020/21,n72_carry_v2,0.14000743812104968
2020/21,n72_carry_v2,0.2961463554204998
2020/21,n72_carry_v2,0.2501766312102567
2020/21,n72_carry_v2,0.3537431895035632
2020/21,n72_carry_v2,0.13430226522868627
2020/21,n72_carry_v2,0.34222669820784946
2020/21,n72_carry_v2,0.1802807962209782
2020/21,n72_carry_v2,0.33453787622629066
2020/21,n72_carry_v2,0.34029197848257503
2020/21,n72_carry_v2,0.13487593686798383
2020/21,n72_carry_v2,0.17646013008232947
2020/21,n72_carry_v2,0.10958276250568233
2020/21,n72_carry_v2,0.2774889223482987
2020/21,n72_carry_v2,0.21593415050884626
2020/21,n72_carry_v2,0.057054195829375084
2020/21,n72_carry_v2,0.13451631400513486
2020/21,n72_carry_v2,0.1782065256507977
2020/21,n72_carry_v2,0.16197819018597995
2020/21,n72_carry_v2,0.074190200506421
2020/21,n72_carry_v2,0.15001484276400662
2020/21,n72_carry_v2,0.1859157001909062
2020/21,n72_carry_v2,0.2532823695422405
2020/21,n72_carry_v2,0.10637308177026683
2020/21,n72_carry_v2,0.13708952198081142
2020/21,n72_carry_v2,0.1628115164950163
2020/21,n72_carry_v2,0.3440727506788655
2020/21,n72_carry_v2,0.1372799424905332
2020/21,n72_carry_v2,0.1336385041025302
2020/21,n72_carry_v2,0.13850441575781786
2020/21,n72_carry_v2,0.06877230459505736
2020/21,n72_carry_v2,0.1415850394890238
2020/21,n72_carry_v2,0.1056965896723325
2020/21,n72_carry_v2,0.1659500888414406
2020/21,n72_carry_v2,0.08059693159736897
2020/21,n72_carry_v2,0.11336490675081544
2020/21,n72_carry_v2,0.13721371345274536
2020/21,n72_carry_v2,0.10947794631625939
2020/21,n144_fresh_v2,0.13338216727228827
2020/21,n144_fresh_v2,0.3092669549084863
2020/21,n144_fresh_v2,0.3111730393454478
2020/21,n144_fresh_v2,0.16805825963342735
2020/21,n144_fresh_v2,0.2914249455312743
2020/21,n144_fresh_v2,0.1752542189811957
2020/21,n144_fresh_v2,0.3275075468677141
2020/21,n144_fresh_v2,0.13520830782589258
2020/21,n144_fresh_v2,0.13782686329070437
2020/21,n144_fresh_v2,0.36701100883829796
2020/21,n144_fresh_v2,0.24360592047676144
2020/21,n144_fresh_v2,0.29679836546856936
2020/21,n144_fresh_v2,0.13839072514556217
2020/21,n144_fresh_v2,0.3476174509515755
2020/21,n144_fresh_v2,0.1689005274792359
2020/21,n144_fresh_v2,0.36374337985468286
2020/21,n144_fresh_v2,0.31112326715753397
2020/21,n144_fresh_v2,0.1344410926079967
2020/21,n144_fresh_v2,0.2033121319762079
2020/21,n144_fresh_v2,0.11944785180867303
2020/21,n144_fresh_v2,0.2972023492363214
2020/21,n144_fresh_v2,0.21870304957258974
2020/21,n144_fresh_v2,0.0878512628128859
2020/21,n144_fresh_v2,0.13258758205115392
2020/21,n144_fresh_v2,0.13361595875328103
2020/21,n144_fresh_v2,0.13922752636817318
2020/21,n144_fresh_v2,0.12988316604501188
2020/21,n144_fresh_v2,0.14365582772482804
2020/21,n144_fresh_v2,0.21308415071793588
2020/21,n144_fresh_v2,0.23369592557539692
2020/21,n144_fresh_v2,0.1146973287092193
2020/21,n144_fresh_v2,0.13490487430035714
2020/21,n144_fresh_v2,0.22858202963016658
2020/21,n144_fresh_v2,0.38129837417136675
2020/21,n144_fresh_v2,0.13463692101539904
2020/21,n144_fresh_v2,0.13769622526545067
2020/21,n144_fresh_v2,0.14210169080566326
2020/21,n144_fresh_v2,0.07421085561724138
2020/21,n144_fresh_v2,0.1476193911601786
2020/21,n144_fresh_v2,0.11927216389523349
2020/21,n144_fresh_v2,0.19540342314440196
2020/21,n144_fresh_v2,0.1238619120209628
2020/21,n144_fresh_v2,0.13208057772469567
2020/21,n144_fresh_v2,0.13991226217846142
2020/21,n144_fresh_v2,0.13736686073727528
2020/21,n144_carry_v2,0.0714431659185667
2020/21,n144_carry_v2,0.3107499869279398
2020/21,n144_carry_v2,0.36517903806777874
2020/21,n144_carry_v2,0.17503821104642384
2020/21,n144_carry_v2,0.28425786725882624
2020/21,n144_carry_v2,0.1846607063614806
2020/21,n144_carry_v2,0.34349807750862843
2020/21,n144_carry_v2,0.0740310219358944
2020/21,n144_carry_v2,0.1390942656153468
2020/21,n144_carry_v2,0.2891763360333688
2020/21,n144_carry_v2,0.25998243207336613
2020/21,n144_carry_v2,0.3601727947807003
2020/21,n144_carry_v2,0.13397367615076022
2020/21,n144_carry_v2,0.3366818230071122
2020/21,n144_carry_v2,0.1771440355898486
2020/21,n144_carry_v2,0.3279021366565575
2020/21,n144_carry_v2,0.339712751874368
2020/21,n144_carry_v2,0.13456065213458482
2020/21,n144_carry_v2,0.17959708599436996
2020/21,n144_carry_v2,0.10920644429424295
2020/21,n144_carry_v2,0.2719045946690768
2020/21,n144_carry_v2,0.21550714952744
2020/21,n144_carry_v2,0.05696295814901308
2020/21,n144_carry_v2,0.1337840122377706
2020/21,n144_carry_v2,0.17676914387924245
2020/21,n144_carry_v2,0.16090672882505147
2020/21,n144_carry_v2,0.07536376443465034
2020/21,n144_carry_v2,0.14697061679773876
2020/21,n144_carry_v2,0.18434778528857176
2020/21,n144_carry_v2,0.24636696608102263
2020/21,n144_carry_v2,0.10566441961921749
2020/21,n144_carry_v2,0.1369835540986976
2020/21,n144_carry_v2,0.15955265004703387
2020/21,n144_carry_v2,0.35953887368807913
2020/21,n144_carry_v2,0.13592294371020266
2020/21,n144_carry_v2,0.13219786335655273
2020/21,n144_carry_v2,0.13934331947471115
2020/21,n144_carry_v2,0.0662856310286137
2020/21,n144_carry_v2,0.1449000646374389
2020/21,n144_carry_v2,0.10943217181903987
2020/21,n144_carry_v2,0.17474194016519268
2020/21,n144_carry_v2,0.07653310905385864
2020/21,n144_carry_v2,0.10772476363774444
2020/21,n144_carry_v2,0.1391727580361055
2020/21,n144_carry_v2,0.11907171231044604
2020/21,fixed_fresh_v2,0.13338216727228827
2020/21,fixed_fresh_v2,0.3028322055140272
2020/21,fixed_fresh_v2,0.3047179245124336
2020/21,fixed_fresh_v2,0.17301637385387264
2020/21,fixed_fresh_v2,0.2851900348339528
2020/21,fixed_fresh_v2,0.1724364486037366
2020/21,fixed_fresh_v2,0.3208856395428429
2020/21,fixed_fresh_v2,0.13837237406878394
2020/21,fixed_fresh_v2,0.13691789314068148
2020/21,fixed_fresh_v2,0.3548444498377585
2020/21,fixed_fresh_v2,0.2518318326815957
2020/21,fixed_fresh_v2,0.301347942097019
2020/21,fixed_fresh_v2,0.13693317178396433
2020/21,fixed_fresh_v2,0.34075850505134914
2020/21,fixed_fresh_v2,0.16474490372276007
2020/21,fixed_fresh_v2,0.3565004806174853
2020/21,fixed_fresh_v2,0.30643241402165616
2020/21,fixed_fresh_v2,0.13413793166593935
2020/21,fixed_fresh_v2,0.19803868291446378
2020/21,fixed_fresh_v2,0.1252258839398226
2020/21,fixed_fresh_v2,0.31127121718941547
2020/21,fixed_fresh_v2,0.21645759159768324
2020/21,fixed_fresh_v2,0.09263481159159585
2020/21,fixed_fresh_v2,0.13221134159498085
2020/21,fixed_fresh_v2,0.13705670354665114
2020/21,fixed_fresh_v2,0.1398984149169618
2020/21,fixed_fresh_v2,0.13062368581319006
2020/21,fixed_fresh_v2,0.13923312348945824
2020/21,fixed_fresh_v2,0.21159202193273088
2020/21,fixed_fresh_v2,0.2372338043643027
2020/21,fixed_fresh_v2,0.11320517399849654
2020/21,fixed_fresh_v2,0.135118574222951
2020/21,fixed_fresh_v2,0.2366001885099093
2020/21,fixed_fresh_v2,0.3686948375004906
2020/21,fixed_fresh_v2,0.13652202275785852
2020/21,fixed_fresh_v2,0.13847172256772752
2020/21,fixed_fresh_v2,0.13999460566344518
2020/21,fixed_fresh_v2,0.07052439820628267
2020/21,fixed_fresh_v2,0.14417237743511616
2020/21,fixed_fresh_v2,0.11739926606847849
2020/21,fixed_fresh_v2,0.19769162371959442
2020/21,fixed_fresh_v2,0.1089439905197801
2020/21,fixed_fresh_v2,0.12288085167790694
2020/21,fixed_fresh_v2,0.14295516865569058
2020/21,fixed_fresh_v2,0.13609565379967006
2020/21,fixed_carry_v2,0.0714431659185667
2020/21,fixed_carry_v2,0.30467372242696505
2020/21,fixed_carry_v2,0.35872571430733974
2020/21,fixed_carry_v2,0.17998897825747678
2020/21,fixed_carry_v2,0.27781590626319
2020/21,fixed_carry_v2,0.18161220109340478
2020/21,fixed_carry_v2,0.33681282326454476
2020/21,fixed_carry_v2,0.07622777518903451
2020/21,fixed_carry_v2,0.13812265076841365
2020/21,fixed_carry_v2,0.28121163990759124
2020/21,fixed_carry_v2,0.2654530360969716
2020/21,fixed_carry_v2,0.36581492727152604
2020/21,fixed_carry_v2,0.1338452316886692
2020/21,fixed_carry_v2,0.32872856436525466
2020/21,fixed_carry_v2,0.17340022078325085
2020/21,fixed_carry_v2,0.32179300963645197
2020/21,fixed_carry_v2,0.3358264975168242
2020/21,fixed_carry_v2,0.1338797972826588
2020/21,fixed_carry_v2,0.186552084484286
2020/21,fixed_carry_v2,0.11066936502575184
2020/21,fixed_carry_v2,0.27647555880064417
2020/21,fixed_carry_v2,0.22195114748309186
2020/21,fixed_carry_v2,0.05912598684736049
2020/21,fixed_carry_v2,0.13414144365279385
2020/21,fixed_carry_v2,0.17941862669734576
2020/21,fixed_carry_v2,0.16224897915531683
2020/21,fixed_carry_v2,0.08004221435600946
2020/21,fixed_carry_v2,0.14688825487709395
2020/21,fixed_carry_v2,0.17163952458868442
2020/21,fixed_carry_v2,0.2477147220497236
2020/21,fixed_carry_v2,0.10287759492942716
2020/21,fixed_carry_v2,0.13416994996708398
2020/21,fixed_carry_v2,0.15203614377246
2020/21,fixed_carry_v2,0.3234416783558628
2020/21,fixed_carry_v2,0.1364007898426907
2020/21,fixed_carry_v2,0.1309515110889647
2020/21,fixed_carry_v2,0.14003606452078407
2020/21,fixed_carry_v2,0.06538612636247645
2020/21,fixed_carry_v2,0.14680131202367755
2020/21,fixed_carry_v2,0.10770337848460937
2020/21,fixed_carry_v2,0.17129024856441494
2020/21,fixed_carry_v2,0.07524565092573858
2020/21,fixed_carry_v2,0.11102007416964124
2020/21,fixed_carry_v2,0.13974707978295023
2020/21,fixed_carry_v2,0.1015960300284278
2021/22,bookmaker,0.17886951958926156
2021/22,bookmaker,0.06781550919449246
2021/22,bookmaker,0.0640374054996169
2021/22,bookmaker,0.1222138117879227
2021/22,bookmaker,0.12376314487680798
2021/22,bookmaker,0.20384927790558707
2021/22,bookmaker,0.13546500728018968
2021/22,bookmaker,0.6075210583422624
2021/22,bookmaker,0.22272521673951157
2021/22,bookmaker,0.07288095845329909
2021/22,bookmaker,0.45518360876343267
2021/22,bookmaker,0.19056425740001534
2021/22,bookmaker,0.32344306487220786
2021/22,bookmaker,0.199654347394437
2021/22,bookmaker,0.20151545823608177
2021/22,bookmaker,0.1300003510456022
2021/22,bookmaker,0.16242907431846731
2021/22,bookmaker,0.009693720196971917
2021/22,bookmaker,0.05610586092185878
2021/22,bookmaker,0.36518654507138437
2021/22,bookmaker,0.014928603723196295
2021/22,bookmaker,0.08458475869353847
2021/22,bookmaker,0.11270541079225764
2021/22,bookmaker,0.1394088076668946
2021/22,bookmaker,0.12238661661480811
2021/22,bookmaker,0.252208218429358
2021/22,bookmaker,0.3399932365670818
2021/22,bookmaker,0.20538783588120552
2021/22,bookmaker,0.18502987392810452
2021/22,bookmaker,0.21520367249529143
2021/22,bookmaker,0.12292047764636893
2021/22,bookmaker,0.1363331452753248
2021/22,bookmaker,0.33799118269183764
2021/22,bookmaker,0.1495825699787745
2021/22,bookmaker,0.26726253162621716
2021/22,bookmaker,0.06144914262788853
2021/22,bookmaker,0.12416505050341409
2021/22,bookmaker,0.1468839639750581
2021/22,bookmaker,0.3583819396369818
2021/22,bookmaker,0.15720276922271859
2021/22,bookmaker,0.1550321122089972
2021/22,bookmaker,0.004184474809195043
2021/22,bookmaker,0.17640517572766323
2021/22,bookmaker,0.03691888675821493
2021/22,bookmaker,0.16393609699766967
2021/22,n0_fresh_v2,0.13601970339006636
2021/22,n0_fresh_v2,0.3704731844581195
2021/22,n0_fresh_v2,0.2782539957858472
2021/22,n0_fresh_v2,0.23339328024871253
2021/22,n0_fresh_v2,0.22184980883445113
2021/22,n0_fresh_v2,0.09700614876546984
2021/22,n0_fresh_v2,0.3108743092173908
2021/22,n0_fresh_v2,0.30488994465090347
2021/22,n0_fresh_v2,0.2580818896868292
2021/22,n0_fresh_v2,0.20079717263059763
2021/22,n0_fresh_v2,0.2684108156440385
2021/22,n0_fresh_v2,0.17660590869471277
2021/22,n0_fresh_v2,0.269006123141084
2021/22,n0_fresh_v2,0.3004802828422909
2021/22,n0_fresh_v2,0.18355910546215337
2021/22,n0_fresh_v2,0.14702249440171494
2021/22,n0_fresh_v2,0.18628522105335502
2021/22,n0_fresh_v2,0.07331475162909123
2021/22,n0_fresh_v2,0.12469789175711989
2021/22,n0_fresh_v2,0.36673524028002125
2021/22,n0_fresh_v2,0.11065286292538294
2021/22,n0_fresh_v2,0.11015121266343064
2021/22,n0_fresh_v2,0.2571206426637069
2021/22,n0_fresh_v2,0.13645762439290052
2021/22,n0_fresh_v2,0.1234111564565128
2021/22,n0_fresh_v2,0.1900679357849177
2021/22,n0_fresh_v2,0.17323662399850495
2021/22,n0_fresh_v2,0.37358486936214846
2021/22,n0_fresh_v2,0.17506781956818873
2021/22,n0_fresh_v2,0.4140648362277204
2021/22,n0_fresh_v2,0.2787380787271006
2021/22,n0_fresh_v2,0.17604431840897555
2021/22,n0_fresh_v2,0.44082724882765156
2021/22,n0_fresh_v2,0.15881098936861937
2021/22,n0_fresh_v2,0.2049348881205254
2021/22,n0_fresh_v2,0.0914199149480414
2021/22,n0_fresh_v2,0.13095501269514742
2021/22,n0_fresh_v2,0.14867657080288654
2021/22,n0_fresh_v2,0.3064744006657072
2021/22,n0_fresh_v2,0.14226711097760053
2021/22,n0_fresh_v2,0.14222504823148113
2021/22,n0_fresh_v2,0.04560284676927201
2021/22,n0_fresh_v2,0.3734105141307833
2021/22,n0_fresh_v2,0.11411759496280263
2021/22,n0_fresh_v2,0.14134972664229833
2021/22,n0_carry_v2,0.14064319430101266
2021/22,n0_carry_v2,0.2843710964163399
2021/22,n0_carry_v2,0.24345103683021563
2021/22,n0_carry_v2,0.22713554799427438
2021/22,n0_carry_v2,0.22258421869803058
2021/22,n0_carry_v2,0.09827156347458128
2021/22,n0_carry_v2,0.36020461323346087
2021/22,n0_carry_v2,0.36973031328475037
2021/22,n0_carry_v2,0.265563170706817
2021/22,n0_carry_v2,0.11654250993078716
2021/22,n0_carry_v2,0.36384424338545557
2021/22,n0_carry_v2,0.18503246748375465
2021/22,n0_carry_v2,0.28175859808080184
2021/22,n0_carry_v2,0.2641192450747992
2021/22,n0_carry_v2,0.1913412317620025
2021/22,n0_carry_v2,0.15010025154600354
2021/22,n0_carry_v2,0.16603968808906266
2021/22,n0_carry_v2,0.05137073599218635
2021/22,n0_carry_v2,0.0761821395712093
2021/22,n0_carry_v2,0.3801236701172631
2021/22,n0_carry_v2,0.08573285599918
2021/22,n0_carry_v2,0.10183053150001616
2021/22,n0_carry_v2,0.2503267977397723
2021/22,n0_carry_v2,0.13843914677336644
2021/22,n0_carry_v2,0.13589961470183046
2021/22,n0_carry_v2,0.19049321051891716
2021/22,n0_carry_v2,0.20076203557249678
2021/22,n0_carry_v2,0.40148772075845696
2021/22,n0_carry_v2,0.18585523148558136
2021/22,n0_carry_v2,0.3507979609015036
2021/22,n0_carry_v2,0.24114732978982642
2021/22,n0_carry_v2,0.17053688517983762
2021/22,n0_carry_v2,0.39943016319355396
2021/22,n0_carry_v2,0.1615764062136415
2021/22,n0_carry_v2,0.21664571896337054
2021/22,n0_carry_v2,0.08236540092388518
2021/22,n0_carry_v2,0.13092180272061527
2021/22,n0_carry_v2,0.14497413652942942
2021/22,n0_carry_v2,0.3145824568872746
2021/22,n0_carry_v2,0.1437578440439365
2021/22,n0_carry_v2,0.1512635513699409
2021/22,n0_carry_v2,0.03755799597827768
2021/22,n0_carry_v2,0.33748215138399423
2021/22,n0_carry_v2,0.08677973308387123
2021/22,n0_carry_v2,0.14618360687595508
2021/22,n36_fresh_v2,0.13601970339006636
2021/22,n36_fresh_v2,0.1820378439114311
2021/22,n36_fresh_v2,0.1334003902134515
2021/22,n36_fresh_v2,0.138383280637314
2021/22,n36_fresh_v2,0.1372006129410272
2021/22,n36_fresh_v2,0.2747982986321156
2021/22,n36_fresh_v2,0.15009978411221786
2021/22,n36_fresh_v2,0.3010219515894898
2021/22,n36_fresh_v2,0.25799678273028975
2021/22,n36_fresh_v2,0.19528060346189488
2021/22,n36_fresh_v2,0.2830172657832565
2021/22,n36_fresh_v2,0.16427964215375127
2021/22,n36_fresh_v2,0.29007356766763465
2021/22,n36_fresh_v2,0.284701408522139
2021/22,n36_fresh_v2,0.20107198694674983
2021/22,n36_fresh_v2,0.14050502722351468
2021/22,n36_fresh_v2,0.168301037840125
2021/22,n36_fresh_v2,0.09546945740385124
2021/22,n36_fresh_v2,0.1496756931495655
2021/22,n36_fresh_v2,0.3361022350978859
2021/22,n36_fresh_v2,0.12967633102010578
2021/22,n36_fresh_v2,0.13025312100638198
2021/22,n36_fresh_v2,0.2299095828524008
2021/22,n36_fresh_v2,0.13992354167961285
2021/22,n36_fresh_v2,0.1399776173182018
2021/22,n36_fresh_v2,0.23006449940980106
2021/22,n36_fresh_v2,0.21559340944572414
2021/22,n36_fresh_v2,0.30112200701879
2021/22,n36_fresh_v2,0.16339867038986752
2021/22,n36_fresh_v2,0.35249477493572695
2021/22,n36_fresh_v2,0.2230557799439629
2021/22,n36_fresh_v2,0.1613250163375865
2021/22,n36_fresh_v2,0.34802527068272854
2021/22,n36_fresh_v2,0.15093372553097292
2021/22,n36_fresh_v2,0.1957535612647484
2021/22,n36_fresh_v2,0.0944234467170415
2021/22,n36_fresh_v2,0.13667141189980841
2021/22,n36_fresh_v2,0.15525063156615693
2021/22,n36_fresh_v2,0.30591039278797083
2021/22,n36_fresh_v2,0.1409155365902673
2021/22,n36_fresh_v2,0.13562951738819176
2021/22,n36_fresh_v2,0.04533010173642827
2021/22,n36_fresh_v2,0.3417508244561738
2021/22,n36_fresh_v2,0.10812211593579428
2021/22,n36_fresh_v2,0.13369421693051245
2021/22,n36_carry_v2,0.14064319430101266
2021/22,n36_carry_v2,0.13154002406449955
2021/22,n36_carry_v2,0.11733392727442347
2021/22,n36_carry_v2,0.13480585226818026
2021/22,n36_carry_v2,0.1333672146926467
2021/22,n36_carry_v2,0.2771165555219749
2021/22,n36_carry_v2,0.17505374973374643
2021/22,n36_carry_v2,0.3606674303177726
2021/22,n36_carry_v2,0.2649350032923003
2021/22,n36_carry_v2,0.11714546153995045
2021/22,n36_carry_v2,0.3772921519474004
2021/22,n36_carry_v2,0.1716594033654549
2021/22,n36_carry_v2,0.2991342944486728
2021/22,n36_carry_v2,0.25097829526215143
2021/22,n36_carry_v2,0.20687401214570217
2021/22,n36_carry_v2,0.14087732814075826
2021/22,n36_carry_v2,0.15104260761798052
2021/22,n36_carry_v2,0.06780959097180282
2021/22,n36_carry_v2,0.09669060281116779
2021/22,n36_carry_v2,0.3350512930667589
2021/22,n36_carry_v2,0.10461551497216484
2021/22,n36_carry_v2,0.11703167420892027
2021/22,n36_carry_v2,0.22168729792371208
2021/22,n36_carry_v2,0.14174281375821152
2021/22,n36_carry_v2,0.16257857840693907
2021/22,n36_carry_v2,0.23910096434774158
2021/22,n36_carry_v2,0.24522005486038784
2021/22,n36_carry_v2,0.3580923072990373
2021/22,n36_carry_v2,0.17324164009083504
2021/22,n36_carry_v2,0.300756869366705
2021/22,n36_carry_v2,0.1990426245651978
2021/22,n36_carry_v2,0.15148868712783878
2021/22,n36_carry_v2,0.321163399267934
2021/22,n36_carry_v2,0.16008103516228353
2021/22,n36_carry_v2,0.2172895812007669
2021/22,n36_carry_v2,0.08831699636777728
2021/22,n36_carry_v2,0.1278356693131536
2021/22,n36_carry_v2,0.144256619456183
2021/22,n36_carry_v2,0.34045110567824544
2021/22,n36_carry_v2,0.1440602382762739
2021/22,n36_carry_v2,0.14653617821076087
2021/22,n36_carry_v2,0.038775933455515284
2021/22,n36_carry_v2,0.30390651417239867
2021/22,n36_carry_v2,0.10096238229122285
2021/22,n36_carry_v2,0.13750478399203547
2021/22,n72_fresh_v2,0.13601970339006636
2021/22,n72_fresh_v2,0.17949055876292777
2021/22,n72_fresh_v2,0.13151351733597935
2021/22,n72_fresh_v2,0.13761369010930863
2021/22,n72_fresh_v2,0.1366237764653142
2021/22,n72_fresh_v2,0.2787570041490101
2021/22,n72_fresh_v2,0.14798114151680686
2021/22,n72_fresh_v2,0.30068824628104895
2021/22,n72_fresh_v2,0.2580124323717131
2021/22,n72_fresh_v2,0.19435493583957522
2021/22,n72_fresh_v2,0.28462585765893816
2021/22,n72_fresh_v2,0.1640577587858218
2021/22,n72_fresh_v2,0.2940442068356723
2021/22,n72_fresh_v2,0.2811943500380916
2021/22,n72_fresh_v2,0.20289414735659156
2021/22,n72_fresh_v2,0.13963441554954525
2021/22,n72_fresh_v2,0.16640479779290518
2021/22,n72_fresh_v2,0.09972301944602895
2021/22,n72_fresh_v2,0.14974291624259314
2021/22,n72_fresh_v2,0.33481545654164313
2021/22,n72_fresh_v2,0.13213060430211054
2021/22,n72_fresh_v2,0.137192029089783
2021/22,n72_fresh_v2,0.2220725379962404
2021/22,n72_fresh_v2,0.13811646661650231
2021/22,n72_fresh_v2,0.1598176904449601
2021/22,n72_fresh_v2,0.2520250207973233
2021/22,n72_fresh_v2,0.24597941821450836
2021/22,n72_fresh_v2,0.31531598053080345
2021/22,n72_fresh_v2,0.1531212254546852
2021/22,n72_fresh_v2,0.34189653679026033
2021/22,n72_fresh_v2,0.20834161342372673
2021/22,n72_fresh_v2,0.1539663168893443
2021/22,n72_fresh_v2,0.33974436921030177
2021/22,n72_fresh_v2,0.15203712888451623
2021/22,n72_fresh_v2,0.20635096120892055
2021/22,n72_fresh_v2,0.09826839559132151
2021/22,n72_fresh_v2,0.13223013263565847
2021/22,n72_fresh_v2,0.1503669986417982
2021/22,n72_fresh_v2,0.3166586649043397
2021/22,n72_fresh_v2,0.14019241603040294
2021/22,n72_fresh_v2,0.13607985898979658
2021/22,n72_fresh_v2,0.0524556280501142
2021/22,n72_fresh_v2,0.34831261702178773
2021/22,n72_fresh_v2,0.13580896575722082
2021/22,n72_fresh_v2,0.13035310097814376
2021/22,n72_carry_v2,0.14064319430101266
2021/22,n72_carry_v2,0.12957266950658208
2021/22,n72_carry_v2,0.11570096984940959
2021/22,n72_carry_v2,0.13405843916870053
2021/22,n72_carry_v2,0.13266750769026295
2021/22,n72_carry_v2,0.2810905675941558
2021/22,n72_carry_v2,0.17256830575559517
2021/22,n72_carry_v2,0.3598531521326001
2021/22,n72_carry_v2,0.2649005863020383
2021/22,n72_carry_v2,0.11796408541054272
2021/22,n72_carry_v2,0.37825844893121857
2021/22,n72_carry_v2,0.16948306775535488
2021/22,n72_carry_v2,0.3015306224062225
2021/22,n72_carry_v2,0.25017212028871133
2021/22,n72_carry_v2,0.20965681681920126
2021/22,n72_carry_v2,0.14020467996875352
2021/22,n72_carry_v2,0.14892645373801175
2021/22,n72_carry_v2,0.07090556751158492
2021/22,n72_carry_v2,0.09803060149028589
2021/22,n72_carry_v2,0.32745694269621656
2021/22,n72_carry_v2,0.10534183583760046
2021/22,n72_carry_v2,0.12898011734749595
2021/22,n72_carry_v2,0.21277673758913498
2021/22,n72_carry_v2,0.14102169166932302
2021/22,n72_carry_v2,0.17003859778319733
2021/22,n72_carry_v2,0.25163178167633565
2021/22,n72_carry_v2,0.2543971397264773
2021/22,n72_carry_v2,0.34545001477674675
2021/22,n72_carry_v2,0.15983482464719795
2021/22,n72_carry_v2,0.2785127539950271
2021/22,n72_carry_v2,0.19685342086225635
2021/22,n72_carry_v2,0.1501319686827087
2021/22,n72_carry_v2,0.32067608228557554
2021/22,n72_carry_v2,0.15833062889010413
2021/22,n72_carry_v2,0.20559958196503475
2021/22,n72_carry_v2,0.09456112246360775
2021/22,n72_carry_v2,0.13255915129570525
2021/22,n72_carry_v2,0.1435418593607514
2021/22,n72_carry_v2,0.323185957404939
2021/22,n72_carry_v2,0.14445848148750326
2021/22,n72_carry_v2,0.14670073572738812
2021/22,n72_carry_v2,0.044374984435827
2021/22,n72_carry_v2,0.31454331849871076
2021/22,n72_carry_v2,0.09429334943291573
2021/22,n72_carry_v2,0.13762479160708896
2021/22,n144_fresh_v2,0.13601970339006636
2021/22,n144_fresh_v2,0.1781926279099937
2021/22,n144_fresh_v2,0.1305526579614279
2021/22,n144_fresh_v2,0.1372327042912485
2021/22,n144_fresh_v2,0.136341367548997
2021/22,n144_fresh_v2,0.28079884875649813
2021/22,n144_fresh_v2,0.14690206947709747
2021/22,n144_fresh_v2,0.30049905411959255
2021/22,n144_fresh_v2,0.258023311953815
2021/22,n144_fresh_v2,0.19352801698705213
2021/22,n144_fresh_v2,0.2863133568872275
2021/22,n144_fresh_v2,0.1621747463419287
2021/22,n144_fresh_v2,0.2963817625756314
2021/22,n144_fresh_v2,0.28020409164624127
2021/22,n144_fresh_v2,0.20360993726096402
2021/22,n144_fresh_v2,0.13897034356040577
2021/22,n144_fresh_v2,0.16391673539671522
2021/22,n144_fresh_v2,0.1035968296685301
2021/22,n144_fresh_v2,0.1562666820231335
2021/22,n144_fresh_v2,0.31983520832446966
2021/22,n144_fresh_v2,0.1407199901284576
2021/22,n144_fresh_v2,0.13557144986685662
2021/22,n144_fresh_v2,0.22162438866555415
2021/22,n144_fresh_v2,0.13856272314097778
2021/22,n144_fresh_v2,0.15890661720736404
2021/22,n144_fresh_v2,0.2576361212876002
2021/22,n144_fresh_v2,0.24179133529334712
2021/22,n144_fresh_v2,0.29677249125162564
2021/22,n144_fresh_v2,0.15116528454903244
2021/22,n144_fresh_v2,0.3499145237126252
2021/22,n144_fresh_v2,0.20461230964603638
2021/22,n144_fresh_v2,0.1460105807350227
2021/22,n144_fresh_v2,0.3520986353935702
2021/22,n144_fresh_v2,0.1528447841069419
2021/22,n144_fresh_v2,0.21651586136918216
2021/22,n144_fresh_v2,0.10164228733557265
2021/22,n144_fresh_v2,0.14313124946546257
2021/22,n144_fresh_v2,0.14740127973507638
2021/22,n144_fresh_v2,0.3177629186200702
2021/22,n144_fresh_v2,0.138392058429087
2021/22,n144_fresh_v2,0.13576663080685003
2021/22,n144_fresh_v2,0.046366103170360426
2021/22,n144_fresh_v2,0.33761668885139395
2021/22,n144_fresh_v2,0.1260661995047514
2021/22,n144_fresh_v2,0.1274814062836489
2021/22,n144_carry_v2,0.14064319430101266
2021/22,n144_carry_v2,0.1285712245889895
2021/22,n144_carry_v2,0.1148694295061365
2021/22,n144_carry_v2,0.1336880668496241
2021/22,n144_carry_v2,0.13232130794155558
2021/22,n144_carry_v2,0.2831401887213153
2021/22,n144_carry_v2,0.1713020897804799
2021/22,n144_carry_v2,0.35938869919133043
2021/22,n144_carry_v2,0.2648828034095163
2021/22,n144_carry_v2,0.11833708205199457
2021/22,n144_carry_v2,0.3786902705919317
2021/22,n144_carry_v2,0.16905923917594784
2021/22,n144_carry_v2,0.30395454590977955
2021/22,n144_carry_v2,0.24791058406820457
2021/22,n144_carry_v2,0.2111913262606507
2021/22,n144_carry_v2,0.13949512619697435
2021/22,n144_carry_v2,0.14751606153523272
2021/22,n144_carry_v2,0.07386046208831128
2021/22,n144_carry_v2,0.10322513862028945
2021/22,n144_carry_v2,0.3197339284561326
2021/22,n144_carry_v2,0.11192775916816125
2021/22,n144_carry_v2,0.12839525469279894
2021/22,n144_carry_v2,0.2051337879757996
2021/22,n144_carry_v2,0.14294529392455846
2021/22,n144_carry_v2,0.16859984827458566
2021/22,n144_carry_v2,0.2646353798702846
2021/22,n144_carry_v2,0.26718647923574884
2021/22,n144_carry_v2,0.3219806582302985
2021/22,n144_carry_v2,0.15755314694420497
2021/22,n144_carry_v2,0.2854747834953312
2021/22,n144_carry_v2,0.1862756349944034
2021/22,n144_carry_v2,0.1462916127591271
2021/22,n144_carry_v2,0.30962861515179557
2021/22,n144_carry_v2,0.15889390619043697
2021/22,n144_carry_v2,0.21634358428295886
2021/22,n144_carry_v2,0.09146557758807655
2021/22,n144_carry_v2,0.14471066172741984
2021/22,n144_carry_v2,0.14452739002301992
2021/22,n144_carry_v2,0.3430979923341379
2021/22,n144_carry_v2,0.14652726689707432
2021/22,n144_carry_v2,0.14515876979822628
2021/22,n144_carry_v2,0.04146626715139135
2021/22,n144_carry_v2,0.30979838342730415
2021/22,n144_carry_v2,0.10655294039331482
2021/22,n144_carry_v2,0.13670434900624348
2021/22,fixed_fresh_v2,0.13601970339006636
2021/22,fixed_fresh_v2,0.17687813240547118
2021/22,fixed_fresh_v2,0.12957992357799994
2021/22,fixed_fresh_v2,0.13685471276738692
2021/22,fixed_fresh_v2,0.13606345261927286
2021/22,fixed_fresh_v2,0.28288404480582363
2021/22,fixed_fresh_v2,0.1458095336213552
2021/22,fixed_fresh_v2,0.30029222832112124
2021/22,fixed_fresh_v2,0.25803694106830316
2021/22,fixed_fresh_v2,0.1932299540374721
2021/22,fixed_fresh_v2,0.28742903359094657
2021/22,fixed_fresh_v2,0.161312436841936
2021/22,fixed_fresh_v2,0.29656701364910704
2021/22,fixed_fresh_v2,0.2775416330232897
2021/22,fixed_fresh_v2,0.20467251272909343
2021/22,fixed_fresh_v2,0.13858658176586597
2021/22,fixed_fresh_v2,0.16145019078816095
2021/22,fixed_fresh_v2,0.10742068011243719
2021/22,fixed_fresh_v2,0.16740909043332053
2021/22,fixed_fresh_v2,0.30076667749520797
2021/22,fixed_fresh_v2,0.14465633249897517
2021/22,fixed_fresh_v2,0.1388237411198026
2021/22,fixed_fresh_v2,0.22142752381506253
2021/22,fixed_fresh_v2,0.13956821627761
2021/22,fixed_fresh_v2,0.15907947126415156
2021/22,fixed_fresh_v2,0.27193770033954934
2021/22,fixed_fresh_v2,0.24578130678552995
2021/22,fixed_fresh_v2,0.27939055907387456
2021/22,fixed_fresh_v2,0.14500994406179674
2021/22,fixed_fresh_v2,0.3146605441636303
2021/22,fixed_fresh_v2,0.18562738749904725
2021/22,fixed_fresh_v2,0.14748512692971513
2021/22,fixed_fresh_v2,0.33941928444765496
2021/22,fixed_fresh_v2,0.14793474410793184
2021/22,fixed_fresh_v2,0.2063489178400892
2021/22,fixed_fresh_v2,0.09947423850306111
2021/22,fixed_fresh_v2,0.13476932614726853
2021/22,fixed_fresh_v2,0.15371457484634893
2021/22,fixed_fresh_v2,0.31178157057546363
2021/22,fixed_fresh_v2,0.1391761109342583
2021/22,fixed_fresh_v2,0.1350447056876652
2021/22,fixed_fresh_v2,0.05094636526387321
2021/22,fixed_fresh_v2,0.32490109684360746
2021/22,fixed_fresh_v2,0.12800050401637592
2021/22,fixed_fresh_v2,0.1269880523929667
2021/22,fixed_carry_v2,0.14064319430101266
2021/22,fixed_carry_v2,0.12755768088355654
2021/22,fixed_carry_v2,0.11402762205078151
2021/22,fixed_carry_v2,0.13332033497177848
2021/22,fixed_carry_v2,0.13197795760153874
2021/22,fixed_carry_v2,0.2852332436929452
2021/22,fixed_carry_v2,0.17001985536531922
2021/22,fixed_carry_v2,0.3588785374671086
2021/22,fixed_carry_v2,0.2648648590897733
2021/22,fixed_carry_v2,0.11741777876585256
2021/22,fixed_carry_v2,0.3810489791122633
2021/22,fixed_carry_v2,0.1674105958041128
2021/22,fixed_carry_v2,0.3061991449248369
2021/22,fixed_carry_v2,0.24545494840003818
2021/22,fixed_carry_v2,0.21346710763080534
2021/22,fixed_carry_v2,0.1387414971283824
2021/22,fixed_carry_v2,0.14584529979249958
2021/22,fixed_carry_v2,0.07777285705377832
2021/22,fixed_carry_v2,0.10664828786894295
2021/22,fixed_carry_v2,0.3142180563684792
2021/22,fixed_carry_v2,0.11687996320953575
2021/22,fixed_carry_v2,0.13614063988110506
2021/22,fixed_carry_v2,0.20568542694287084
2021/22,fixed_carry_v2,0.14416858753278852
2021/22,fixed_carry_v2,0.18053211490046817
2021/22,fixed_carry_v2,0.26910440016567405
2021/22,fixed_carry_v2,0.2834675276611295
2021/22,fixed_carry_v2,0.31225508804069485
2021/22,fixed_carry_v2,0.15406877833227484
2021/22,fixed_carry_v2,0.2651965752221522
2021/22,fixed_carry_v2,0.16402897429139657
2021/22,fixed_carry_v2,0.14352712386264518
2021/22,fixed_carry_v2,0.29419372880120037
2021/22,fixed_carry_v2,0.1538771757134544
2021/22,fixed_carry_v2,0.21943594714021364
2021/22,fixed_carry_v2,0.09322238707398792
2021/22,fixed_carry_v2,0.14379290059533315
2021/22,fixed_carry_v2,0.14215282031243767
2021/22,fixed_carry_v2,0.3397537321905676
2021/22,fixed_carry_v2,0.1455124763022392
2021/22,fixed_carry_v2,0.1455151403490896
2021/22,fixed_carry_v2,0.047553346447528656
2021/22,fixed_carry_v2,0.2766421626754497
2021/22,fixed_carry_v2,0.11424609034354076
2021/22,fixed_carry_v2,0.13589499792928098
2022/23,bookmaker,0.07022014813857648
2022/23,bookmaker,0.1854986496913581
2022/23,bookmaker,0.14441426808353358
2022/23,bookmaker,0.14208025696458054
2022/23,bookmaker,0.20738688634565866
2022/23,bookmaker,0.1929896376742526
2022/23,bookmaker,0.18208505496199287
2022/23,bookmaker,0.15542718199795125
2022/23,bookmaker,0.18016060317645302
2022/23,bookmaker,0.2199518877438258
2022/23,bookmaker,0.14313939341437318
2022/23,bookmaker,0.23325031406017638
2022/23,bookmaker,0.6738041390105036
2022/23,bookmaker,0.13725893241930248
2022/23,bookmaker,0.1398165330345576
2022/23,bookmaker,0.09250292655958625
2022/23,bookmaker,0.015328929573120808
2022/23,bookmaker,0.13094158716516904
2022/23,bookmaker,0.08425576940388552
2022/23,bookmaker,0.16126699207566753
2022/23,bookmaker,0.3385687849165658
2022/23,bookmaker,0.26490957276180094
2022/23,bookmaker,0.1558586301633606
2022/23,bookmaker,0.6021035017182904
2022/23,bookmaker,0.5141726076178457
2022/23,bookmaker,0.021164712743067426
2022/23,bookmaker,0.14472180212218
2022/23,bookmaker,0.08080310765881872
2022/23,bookmaker,0.33142683509090737
2022/23,bookmaker,0.2209087329534139
2022/23,bookmaker,0.08775838848992795
2022/23,bookmaker,0.061869351713258594
2022/23,bookmaker,0.1274384069831769
2022/23,bookmaker,0.31016532073344744
2022/23,bookmaker,0.13289300981376873
2022/23,bookmaker,0.31372116013433415
2022/23,bookmaker,0.12657569352762252
2022/23,bookmaker,0.3566857178904085
2022/23,bookmaker,0.35528565309584725
2022/23,bookmaker,0.254598418774052
2022/23,bookmaker,0.22039632926424368
2022/23,bookmaker,0.448492078593489
2022/23,bookmaker,0.17903163262259172
2022/23,bookmaker,0.27836974551077476
2022/23,bookmaker,0.30646915117325335
2022/23,n0_fresh_v2,0.2430152070589926
2022/23,n0_fresh_v2,0.9152263513630085
2022/23,n0_fresh_v2,0.9275687911374545
2022/23,n0_fresh_v2,0.40012298676619434
2022/23,n0_fresh_v2,0.0010031111687676885
2022/23,n0_fresh_v2,0.0016774240802152913
2022/23,n0_fresh_v2,0.9183512766316695
2022/23,n0_fresh_v2,0.1499581140944441
2022/23,n0_fresh_v2,0.3071155914910231
2022/23,n0_fresh_v2,0.22896880444536363
2022/23,n0_fresh_v2,0.15102193857872043
2022/23,n0_fresh_v2,0.14387425527330702
2022/23,n0_fresh_v2,0.40617791296917416
2022/23,n0_fresh_v2,0.12873549723148298
2022/23,n0_fresh_v2,0.1331654108516605
2022/23,n0_fresh_v2,0.18548269848703286
2022/23,n0_fresh_v2,0.10934005562958779
2022/23,n0_fresh_v2,0.13427584567194079
2022/23,n0_fresh_v2,0.17543167716420205
2022/23,n0_fresh_v2,0.17297842745663786
2022/23,n0_fresh_v2,0.2796706764910139
2022/23,n0_fresh_v2,0.3461588089330927
2022/23,n0_fresh_v2,0.3295665912821466
2022/23,n0_fresh_v2,0.49293480991757527
2022/23,n0_fresh_v2,0.4787761600484671
2022/23,n0_fresh_v2,0.12101702379744528
2022/23,n0_fresh_v2,0.13330655382514162
2022/23,n0_fresh_v2,0.15903790620398994
2022/23,n0_fresh_v2,0.16662179159643978
2022/23,n0_fresh_v2,0.23955351507546008
2022/23,n0_fresh_v2,0.19217278797213935
2022/23,n0_fresh_v2,0.16658254404317083
2022/23,n0_fresh_v2,0.23282374792380905
2022/23,n0_fresh_v2,0.26395891048657155
2022/23,n0_fresh_v2,0.14476224146395292
2022/23,n0_fresh_v2,0.28470909398272637
2022/23,n0_fresh_v2,0.1379423876460108
2022/23,n0_fresh_v2,0.30135937050787853
2022/23,n0_fresh_v2,0.3621597958985931
2022/23,n0_fresh_v2,0.15917815625328424
2022/23,n0_fresh_v2,0.27403700821110843
2022/23,n0_fresh_v2,0.372379000044051
2022/23,n0_fresh_v2,0.1505173875016647
2022/23,n0_fresh_v2,0.280813724819556
2022/23,n0_fresh_v2,0.3300517393974005
2022/23,n0_carry_v2,0.1933793744792717
2022/23,n0_carry_v2,0.9248059257200016
2022/23,n0_carry_v2,0.8728541634728546
2022/23,n0_carry_v2,0.4023092340440867
2022/23,n0_carry_v2,0.0007986662111475207
2022/23,n0_carry_v2,0.0008594431866422306
2022/23,n0_carry_v2,0.9282547362826272
2022/23,n0_carry_v2,0.15823171037190542
2022/23,n0_carry_v2,0.3158830526977423
2022/23,n0_carry_v2,0.2183688756013626
2022/23,n0_carry_v2,0.15096095381350078
2022/23,n0_carry_v2,0.15605719078546057
2022/23,n0_carry_v2,0.4695545634430852
2022/23,n0_carry_v2,0.12964545149892265
2022/23,n0_carry_v2,0.12423716861391015
2022/23,n0_carry_v2,0.18073639791534457
2022/23,n0_carry_v2,0.09538253716393072
2022/23,n0_carry_v2,0.12936125682181682
2022/23,n0_carry_v2,0.1816987240321862
2022/23,n0_carry_v2,0.16414222425868008
2022/23,n0_carry_v2,0.2808479053098994
2022/23,n0_carry_v2,0.35182683769529366
2022/23,n0_carry_v2,0.2763510926619819
2022/23,n0_carry_v2,0.5143534102527358
2022/23,n0_carry_v2,0.4966887707281984
2022/23,n0_carry_v2,0.10338874105774046
2022/23,n0_carry_v2,0.12725402867336433
2022/23,n0_carry_v2,0.16921488435070614
2022/23,n0_carry_v2,0.1933371368681937
2022/23,n0_carry_v2,0.20741744749253205
2022/23,n0_carry_v2,0.17343676494448926
2022/23,n0_carry_v2,0.1423546901552971
2022/23,n0_carry_v2,0.20904999410884495
2022/23,n0_carry_v2,0.2558545985731232
2022/23,n0_carry_v2,0.13584223849380264
2022/23,n0_carry_v2,0.2977472727588535
2022/23,n0_carry_v2,0.12244807933219878
2022/23,n0_carry_v2,0.31534990664308005
2022/23,n0_carry_v2,0.3805451636553955
2022/23,n0_carry_v2,0.14999732415313466
2022/23,n0_carry_v2,0.23809972078451666
2022/23,n0_carry_v2,0.4134475428433685
2022/23,n0_carry_v2,0.15031736867101594
2022/23,n0_carry_v2,0.2780553909230582
2022/23,n0_carry_v2,0.29127694740363586
2022/23,n36_fresh_v2,0.2430152070589926
2022/23,n36_fresh_v2,0.23614008358624747
2022/23,n36_fresh_v2,0.25977949792683264
2022/23,n36_fresh_v2,0.1516752326299695
2022/23,n36_fresh_v2,0.22838673755538974
2022/23,n36_fresh_v2,0.26726581553546613
2022/23,n36_fresh_v2,0.24170524550068573
2022/23,n36_fresh_v2,0.13708921555703996
2022/23,n36_fresh_v2,0.2177192929627664
2022/23,n36_fresh_v2,0.2486525123658358
2022/23,n36_fresh_v2,0.148496418682983
2022/23,n36_fresh_v2,0.15152302794220965
2022/23,n36_fresh_v2,0.42826637275496793
2022/23,n36_fresh_v2,0.13272360586525983
2022/23,n36_fresh_v2,0.13743474823090035
2022/23,n36_fresh_v2,0.1666900646410998
2022/23,n36_fresh_v2,0.1133235487263865
2022/23,n36_fresh_v2,0.13431095026414794
2022/23,n36_fresh_v2,0.19393072874433556
2022/23,n36_fresh_v2,0.16198515604527475
2022/23,n36_fresh_v2,0.3128920806867063
2022/23,n36_fresh_v2,0.3186162338218489
2022/23,n36_fresh_v2,0.30430289818554346
2022/23,n36_fresh_v2,0.46929196317229105
2022/23,n36_fresh_v2,0.4367709734519406
2022/23,n36_fresh_v2,0.1197548099786112
2022/23,n36_fresh_v2,0.13741143989810958
2022/23,n36_fresh_v2,0.1342552810045285
2022/23,n36_fresh_v2,0.17411250831776667
2022/23,n36_fresh_v2,0.25821828643098094
2022/23,n36_fresh_v2,0.1971283714127975
2022/23,n36_fresh_v2,0.156367123066393
2022/23,n36_fresh_v2,0.2184702400774085
2022/23,n36_fresh_v2,0.27071443842513815
2022/23,n36_fresh_v2,0.14155617436253373
2022/23,n36_fresh_v2,0.289473781957198
2022/23,n36_fresh_v2,0.1503272508198723
2022/23,n36_fresh_v2,0.28904129635265097
2022/23,n36_fresh_v2,0.3489202702168332
2022/23,n36_fresh_v2,0.1687724469448604
2022/23,n36_fresh_v2,0.24259505691688613
2022/23,n36_fresh_v2,0.37402191241689436
2022/23,n36_fresh_v2,0.1530014118278809
2022/23,n36_fresh_v2,0.281935244187283
2022/23,n36_fresh_v2,0.32173002665748557
2022/23,n36_carry_v2,0.1933793744792717
2022/23,n36_carry_v2,0.24612567130296764
2022/23,n36_carry_v2,0.20490198533750206
2022/23,n36_carry_v2,0.14641262119563694
2022/23,n36_carry_v2,0.20728627814285308
2022/23,n36_carry_v2,0.22066315185108293
2022/23,n36_carry_v2,0.2236097384400363
2022/23,n36_carry_v2,0.1399471089207629
2022/23,n36_carry_v2,0.2256308352703339
2022/23,n36_carry_v2,0.2386294924851704
2022/23,n36_carry_v2,0.14921633153964572
2022/23,n36_carry_v2,0.16637295526814427
2022/23,n36_carry_v2,0.49368593571514086
2022/23,n36_carry_v2,0.13296004805166015
2022/23,n36_carry_v2,0.12768822428425858
2022/23,n36_carry_v2,0.16498576568861867
2022/23,n36_carry_v2,0.09862299178450898
2022/23,n36_carry_v2,0.13034036924235579
2022/23,n36_carry_v2,0.18743986581137137
2022/23,n36_carry_v2,0.1606990421855421
2022/23,n36_carry_v2,0.2974620427427056
2022/23,n36_carry_v2,0.3279594396265853
2022/23,n36_carry_v2,0.24378303173135282
2022/23,n36_carry_v2,0.4883002071713285
2022/23,n36_carry_v2,0.45940122289005236
2022/23,n36_carry_v2,0.10204311559696573
2022/23,n36_carry_v2,0.13307738366842592
2022/23,n36_carry_v2,0.14394958252990758
2022/23,n36_carry_v2,0.19763946266160692
2022/23,n36_carry_v2,0.22359991612205662
2022/23,n36_carry_v2,0.1606691496661771
2022/23,n36_carry_v2,0.14136123005587778
2022/23,n36_carry_v2,0.21620088134318985
2022/23,n36_carry_v2,0.2619556186289831
2022/23,n36_carry_v2,0.13664301988434271
2022/23,n36_carry_v2,0.28768855632584267
2022/23,n36_carry_v2,0.12804711094363141
2022/23,n36_carry_v2,0.31171626125797447
2022/23,n36_carry_v2,0.37369034434695925
2022/23,n36_carry_v2,0.1577007816943139
2022/23,n36_carry_v2,0.2426992809750796
2022/23,n36_carry_v2,0.3913116703384715
2022/23,n36_carry_v2,0.15050965733294377
2022/23,n36_carry_v2,0.28295611891826833
2022/23,n36_carry_v2,0.3028661328898559
2022/23,n72_fresh_v2,0.2430152070589926
2022/23,n72_fresh_v2,0.2254186682433333
2022/23,n72_fresh_v2,0.24837695559337183
2022/23,n72_fresh_v2,0.1542658592454425
2022/23,n72_fresh_v2,0.23999072159146273
2022/23,n72_fresh_v2,0.279561318976172
2022/23,n72_fresh_v2,0.23081817576619212
2022/23,n72_fresh_v2,0.1367902897363033
2022/23,n72_fresh_v2,0.21083646125496575
2022/23,n72_fresh_v2,0.25249940333959414
2022/23,n72_fresh_v2,0.14816842423212584
2022/23,n72_fresh_v2,0.15300624918584815
2022/23,n72_fresh_v2,0.4343679935769123
2022/23,n72_fresh_v2,0.13301721459197424
2022/23,n72_fresh_v2,0.13817193333812627
2022/23,n72_fresh_v2,0.1648741212255912
2022/23,n72_fresh_v2,0.11648557620675168
2022/23,n72_fresh_v2,0.1341345820703427
2022/23,n72_fresh_v2,0.1919046393244955
2022/23,n72_fresh_v2,0.1632238729038857
2022/23,n72_fresh_v2,0.317032907153337
2022/23,n72_fresh_v2,0.3093678249746996
2022/23,n72_fresh_v2,0.29690492072896746
2022/23,n72_fresh_v2,0.4674362822271374
2022/23,n72_fresh_v2,0.43264522554816276
2022/23,n72_fresh_v2,0.117011857458276
2022/23,n72_fresh_v2,0.1373958147379365
2022/23,n72_fresh_v2,0.13115247807207553
2022/23,n72_fresh_v2,0.17420160885318095
2022/23,n72_fresh_v2,0.24450405783583226
2022/23,n72_fresh_v2,0.17273886992494344
2022/23,n72_fresh_v2,0.14537878026892
2022/23,n72_fresh_v2,0.21594997140012356
2022/23,n72_fresh_v2,0.2631173890740338
2022/23,n72_fresh_v2,0.1418826547184585
2022/23,n72_fresh_v2,0.2773418580885716
2022/23,n72_fresh_v2,0.13582267120510683
2022/23,n72_fresh_v2,0.26872079205504895
2022/23,n72_fresh_v2,0.362956393289278
2022/23,n72_fresh_v2,0.1668477992841129
2022/23,n72_fresh_v2,0.24342499551071914
2022/23,n72_fresh_v2,0.35546809416829955
2022/23,n72_fresh_v2,0.14848602946025696
2022/23,n72_fresh_v2,0.2896879415433486
2022/23,n72_fresh_v2,0.31607214116583626
2022/23,n72_carry_v2,0.1933793744792717
2022/23,n72_carry_v2,0.234937166717612
2022/23,n72_carry_v2,0.19573456932657787
2022/23,n72_carry_v2,0.1486105400666565
2022/23,n72_carry_v2,0.21831194397679415
2022/23,n72_carry_v2,0.23218354404089747
2022/23,n72_carry_v2,0.21248651320145734
2022/23,n72_carry_v2,0.13907837050315403
2022/23,n72_carry_v2,0.21864800508853893
2022/23,n72_carry_v2,0.24101617689996502
2022/23,n72_carry_v2,0.14891840660600272
2022/23,n72_carry_v2,0.1681544532581061
2022/23,n72_carry_v2,0.4960685002136831
2022/23,n72_carry_v2,0.1333154606583149
2022/23,n72_carry_v2,0.1283149844443916
2022/23,n72_carry_v2,0.1617678911973332
2022/23,n72_carry_v2,0.09966108081104325
2022/23,n72_carry_v2,0.13065180546359711
2022/23,n72_carry_v2,0.1874694162409319
2022/23,n72_carry_v2,0.15610224761450056
2022/23,n72_carry_v2,0.3056188671855907
2022/23,n72_carry_v2,0.32103657068282926
2022/23,n72_carry_v2,0.25178295213042196
2022/23,n72_carry_v2,0.47733793702046934
2022/23,n72_carry_v2,0.4559478967899792
2022/23,n72_carry_v2,0.10098489681947845
2022/23,n72_carry_v2,0.13348141654170848
2022/23,n72_carry_v2,0.13992612623001283
2022/23,n72_carry_v2,0.20336578100158945
2022/23,n72_carry_v2,0.20724215393346743
2022/23,n72_carry_v2,0.16505819638752092
2022/23,n72_carry_v2,0.13550397649345602
2022/23,n72_carry_v2,0.21014011199839638
2022/23,n72_carry_v2,0.26100578526422996
2022/23,n72_carry_v2,0.13735566089974957
2022/23,n72_carry_v2,0.2783843953426329
2022/23,n72_carry_v2,0.1312506122540173
2022/23,n72_carry_v2,0.3143820444382416
2022/23,n72_carry_v2,0.3823232399246269
2022/23,n72_carry_v2,0.1529410518354416
2022/23,n72_carry_v2,0.23409453699324306
2022/23,n72_carry_v2,0.38030110023981983
2022/23,n72_carry_v2,0.15493789942581765
2022/23,n72_carry_v2,0.2761039726551386
2022/23,n72_carry_v2,0.2822337381332605
2022/23,n144_fresh_v2,0.2430152070589926
2022/23,n144_fresh_v2,0.2200171688463269
2022/23,n144_fresh_v2,0.24262120072969068
2022/23,n144_fresh_v2,0.15570688411197886
2022/23,n144_fresh_v2,0.24607341325948986
2022/23,n144_fresh_v2,0.2859800227529799
2022/23,n144_fresh_v2,0.22533070726326673
2022/23,n144_fresh_v2,0.13667828720184746
2022/23,n144_fresh_v2,0.20698968844302343
2022/23,n144_fresh_v2,0.2536243265580563
2022/23,n144_fresh_v2,0.14854603710960063
2022/23,n144_fresh_v2,0.15353712094627114
2022/23,n144_fresh_v2,0.43220106265028313
2022/23,n144_fresh_v2,0.1336552952581796
2022/23,n144_fresh_v2,0.1385570239338043
2022/23,n144_fresh_v2,0.1640969708446952
2022/23,n144_fresh_v2,0.11619579991097369
2022/23,n144_fresh_v2,0.134392653288082
2022/23,n144_fresh_v2,0.20166987879907727
2022/23,n144_fresh_v2,0.15885647209299641
2022/23,n144_fresh_v2,0.3235941228604948
2022/23,n144_fresh_v2,0.31667345609348746
2022/23,n144_fresh_v2,0.30017542670382347
2022/23,n144_fresh_v2,0.46472208861059455
2022/23,n144_fresh_v2,0.4343204398157929
2022/23,n144_fresh_v2,0.11975687216351298
2022/23,n144_fresh_v2,0.13882898682378036
2022/23,n144_fresh_v2,0.13476583330191239
2022/23,n144_fresh_v2,0.1731200057529604
2022/23,n144_fresh_v2,0.2537904394588302
2022/23,n144_fresh_v2,0.1737090025414262
2022/23,n144_fresh_v2,0.14343599275218638
2022/23,n144_fresh_v2,0.2247817397693274
2022/23,n144_fresh_v2,0.26901142865845473
2022/23,n144_fresh_v2,0.13977167053156173
2022/23,n144_fresh_v2,0.2596210816348441
2022/23,n144_fresh_v2,0.13037545099771786
2022/23,n144_fresh_v2,0.27873087568122934
2022/23,n144_fresh_v2,0.3828227490897175
2022/23,n144_fresh_v2,0.1758566159594365
2022/23,n144_fresh_v2,0.22864116337848608
2022/23,n144_fresh_v2,0.3563127627770418
2022/23,n144_fresh_v2,0.1455501841811119
2022/23,n144_fresh_v2,0.29736576389539415
2022/23,n144_fresh_v2,0.3186525603053345
2022/23,n144_carry_v2,0.1933793744792717
2022/23,n144_carry_v2,0.22929709878385823
2022/23,n144_carry_v2,0.19112276496266778
2022/23,n144_carry_v2,0.14985196232427242
2022/23,n144_carry_v2,0.22410452814881832
2022/23,n144_carry_v2,0.23822876313702096
2022/23,n144_carry_v2,0.20689618428903325
2022/23,n144_carry_v2,0.13863661452709353
2022/23,n144_carry_v2,0.21474295174373953
2022/23,n144_carry_v2,0.24087798245683503
2022/23,n144_carry_v2,0.14899156198022337
2022/23,n144_carry_v2,0.1686635442403879
2022/23,n144_carry_v2,0.4969939026837932
2022/23,n144_carry_v2,0.13364556422007043
2022/23,n144_carry_v2,0.12874242357019622
2022/23,n144_carry_v2,0.15915233953737573
2022/23,n144_carry_v2,0.09995211300463147
2022/23,n144_carry_v2,0.13061583282072833
2022/23,n144_carry_v2,0.19522797600042588
2022/23,n144_carry_v2,0.15814823516905108
2022/23,n144_carry_v2,0.30767358167292075
2022/23,n144_carry_v2,0.3184155132627274
2022/23,n144_carry_v2,0.24498666147665046
2022/23,n144_carry_v2,0.46674742155125437
2022/23,n144_carry_v2,0.46667819654378284
2022/23,n144_carry_v2,0.09855099699580139
2022/23,n144_carry_v2,0.13455090112640078
2022/23,n144_carry_v2,0.133158891854392
2022/23,n144_carry_v2,0.2024377048701471
2022/23,n144_carry_v2,0.2253957461842694
2022/23,n144_carry_v2,0.16091427411471637
2022/23,n144_carry_v2,0.14185226314345115
2022/23,n144_carry_v2,0.21576388691471496
2022/23,n144_carry_v2,0.264455947026156
2022/23,n144_carry_v2,0.13476710839695522
2022/23,n144_carry_v2,0.2843601751399213
2022/23,n144_carry_v2,0.13735542305852988
2022/23,n144_carry_v2,0.31780103747873933
2022/23,n144_carry_v2,0.37306494327627027
2022/23,n144_carry_v2,0.15869590521773488
2022/23,n144_carry_v2,0.23379877909624427
2022/23,n144_carry_v2,0.3808125659211263
2022/23,n144_carry_v2,0.1482749960960303
2022/23,n144_carry_v2,0.28040646066235786
2022/23,n144_carry_v2,0.29476024255428074
2022/23,fixed_fresh_v2,0.2430152070589926
2022/23,fixed_fresh_v2,0.2145908294620001
2022/23,fixed_fresh_v2,0.2368313969883763
2022/23,fixed_fresh_v2,0.15725008777355873
2022/23,fixed_fresh_v2,0.25235209268776937
2022/23,fixed_fresh_v2,0.29258698847984765
2022/23,fixed_fresh_v2,0.21981629092688948
2022/23,fixed_fresh_v2,0.13660353716194987
2022/23,fixed_fresh_v2,0.2028296597043731
2022/23,fixed_fresh_v2,0.2550898097743586
2022/23,fixed_fresh_v2,0.1474869421087601
2022/23,fixed_fresh_v2,0.15396801457519707
2022/23,fixed_fresh_v2,0.4384153212023924
2022/23,fixed_fresh_v2,0.1338862867780024
2022/23,fixed_fresh_v2,0.13872700273395477
2022/23,fixed_fresh_v2,0.16379261290000702
2022/23,fixed_fresh_v2,0.11605083915795845
2022/23,fixed_fresh_v2,0.13435818531838023
2022/23,fixed_fresh_v2,0.1974822675759104
2022/23,fixed_fresh_v2,0.16014211399720452
2022/23,fixed_fresh_v2,0.31738958088061625
2022/23,fixed_fresh_v2,0.30946339952020174
2022/23,fixed_fresh_v2,0.2878562966428793
2022/23,fixed_fresh_v2,0.45482337891997504
2022/23,fixed_fresh_v2,0.427733511193942
2022/23,fixed_fresh_v2,0.12125352428730633
2022/23,fixed_fresh_v2,0.14073602510512473
2022/23,fixed_fresh_v2,0.12901008956726057
2022/23,fixed_fresh_v2,0.17688051541572009
2022/23,fixed_fresh_v2,0.24958510907603826
2022/23,fixed_fresh_v2,0.18916205086410404
2022/23,fixed_fresh_v2,0.14301138653122414
2022/23,fixed_fresh_v2,0.2245716035339766
2022/23,fixed_fresh_v2,0.26435291526100396
2022/23,fixed_fresh_v2,0.13665368433532354
2022/23,fixed_fresh_v2,0.2563645337445891
2022/23,fixed_fresh_v2,0.13728446905525485
2022/23,fixed_fresh_v2,0.26667920972154324
2022/23,fixed_fresh_v2,0.3811824611362412
2022/23,fixed_fresh_v2,0.1687249124518827
2022/23,fixed_fresh_v2,0.2146395905822219
2022/23,fixed_fresh_v2,0.3519600180057756
2022/23,fixed_fresh_v2,0.1482163309972739
2022/23,fixed_fresh_v2,0.29126752908081066
2022/23,fixed_fresh_v2,0.3179757558035813
2022/23,fixed_carry_v2,0.1933793744792717
2022/23,fixed_carry_v2,0.2236289701308549
2022/23,fixed_carry_v2,0.18649411504038926
2022/23,fixed_carry_v2,0.15119355701198
2022/23,fixed_carry_v2,0.23009300111023223
2022/23,fixed_carry_v2,0.2444731951374232
2022/23,fixed_carry_v2,0.2012898536025628
2022/23,fixed_carry_v2,0.13819588513130726
2022/23,fixed_carry_v2,0.2105179264331164
2022/23,fixed_carry_v2,0.24340676010002144
2022/23,fixed_carry_v2,0.1481285877297786
2022/23,fixed_carry_v2,0.16947770762132056
2022/23,fixed_carry_v2,0.4990777150871156
2022/23,fixed_carry_v2,0.1339474749069525
2022/23,fixed_carry_v2,0.12910991093731403
2022/23,fixed_carry_v2,0.16012153549632852
2022/23,fixed_carry_v2,0.10037908505630652
2022/23,fixed_carry_v2,0.13091372136701132
2022/23,fixed_carry_v2,0.19489225856326398
2022/23,fixed_carry_v2,0.15685947139764206
2022/23,fixed_carry_v2,0.32171807489391757
2022/23,fixed_carry_v2,0.3116613818232225
2022/23,fixed_carry_v2,0.24053370396333648
2022/23,fixed_carry_v2,0.4668264055285257
2022/23,fixed_carry_v2,0.45350499319534254
2022/23,fixed_carry_v2,0.0993424228335236
2022/23,fixed_carry_v2,0.13502495426431765
2022/23,fixed_carry_v2,0.13742516479614603
2022/23,fixed_carry_v2,0.20368191623037235
2022/23,fixed_carry_v2,0.2142190431452607
2022/23,fixed_carry_v2,0.1540494827482847
2022/23,fixed_carry_v2,0.13799334854732026
2022/23,fixed_carry_v2,0.21390185390154856
2022/23,fixed_carry_v2,0.2553763723959545
2022/23,fixed_carry_v2,0.13483491560660266
2022/23,fixed_carry_v2,0.26909935249353645
2022/23,fixed_carry_v2,0.12984431719678366
2022/23,fixed_carry_v2,0.3062878080738441
2022/23,fixed_carry_v2,0.3899604182860072
2022/23,fixed_carry_v2,0.1589019339257954
2022/23,fixed_carry_v2,0.2532545751113164
2022/23,fixed_carry_v2,0.37972349383718984
2022/23,fixed_carry_v2,0.14532084627344255
2022/23,fixed_carry_v2,0.27022571337920975
2022/23,fixed_carry_v2,0.288612068271325
2023/24,bookmaker,0.04059595490627969
2023/24,bookmaker,0.07478159838260362
2023/24,bookmaker,0.10234931610306838
2023/24,bookmaker,0.12509317449152357
2023/24,bookmaker,0.34762658303142585
2023/24,bookmaker,0.13699698899954962
2023/24,bookmaker,0.23620304373989626
2023/24,bookmaker,0.19395571880420354
2023/24,bookmaker,0.0712648894791625
2023/24,bookmaker,0.09948350616762874
2023/24,bookmaker,0.131883060380216
2023/24,bookmaker,0.20887488148749234
2023/24,bookmaker,0.1221397642071565
2023/24,bookmaker,0.3575865916759421
2023/24,bookmaker,0.20743533346964005
2023/24,bookmaker,0.16299107618997488
2023/24,bookmaker,0.12688037935604712
2023/24,bookmaker,0.008886162353453316
2023/24,bookmaker,0.29686660465962367
2023/24,bookmaker,0.139348377124302
2023/24,bookmaker,0.024330630377926786
2023/24,bookmaker,0.2623222807032422
2023/24,bookmaker,0.2714401358708593
2023/24,bookmaker,0.2197762915734319
2023/24,bookmaker,0.031453662144829184
2023/24,bookmaker,0.13755450246081574
2023/24,bookmaker,0.1789521210541998
2023/24,bookmaker,0.19935140298633555
2023/24,bookmaker,0.22563912720182797
2023/24,bookmaker,0.33746063154456796
2023/24,bookmaker,0.2691563695626543
2023/24,bookmaker,0.19388587698908927
2023/24,bookmaker,0.1272443361483333
2023/24,bookmaker,0.03274147727806012
2023/24,bookmaker,0.2217814155564439
2023/24,bookmaker,0.13688171239109914
2023/24,bookmaker,0.05241882086479928
2023/24,bookmaker,0.2485353527824571
2023/24,bookmaker,0.12004540154254145
2023/24,bookmaker,0.010569427929713293
2023/24,bookmaker,0.2259149606064822
2023/24,bookmaker,0.10489864865735392
2023/24,bookmaker,0.36559046176029636
2023/24,bookmaker,0.021231910515044257
2023/24,bookmaker,0.1366943649546577
2023/24,n0_fresh_v2,0.2187212909781131
2023/24,n0_fresh_v2,0.7144908933115142
2023/24,n0_fresh_v2,0.6914688240377049
2023/24,n0_fresh_v2,0.7468302481235798
2023/24,n0_fresh_v2,0.014791093889062478
2023/24,n0_fresh_v2,0.35408521120562536
2023/24,n0_fresh_v2,0.7902785876172904
2023/24,n0_fresh_v2,0.1774659630632294
2023/24,n0_fresh_v2,0.09878247062215029
2023/24,n0_fresh_v2,0.19081018823021056
2023/24,n0_fresh_v2,0.28038154515738906
2023/24,n0_fresh_v2,0.2528028154760066
2023/24,n0_fresh_v2,0.13096254626838746
2023/24,n0_fresh_v2,0.27565468600657345
2023/24,n0_fresh_v2,0.15949425465288353
2023/24,n0_fresh_v2,0.22419888531969287
2023/24,n0_fresh_v2,0.14711750453351008
2023/24,n0_fresh_v2,0.12241905503059738
2023/24,n0_fresh_v2,0.20093720466762394
2023/24,n0_fresh_v2,0.16883570922409208
2023/24,n0_fresh_v2,0.1070278313825755
2023/24,n0_fresh_v2,0.3025073347455571
2023/24,n0_fresh_v2,0.25307818058671006
2023/24,n0_fresh_v2,0.2402559266094816
2023/24,n0_fresh_v2,0.1855184298045189
2023/24,n0_fresh_v2,0.1750621703215391
2023/24,n0_fresh_v2,0.21344200939215408
2023/24,n0_fresh_v2,0.15817953002840648
2023/24,n0_fresh_v2,0.34938397996700055
2023/24,n0_fresh_v2,0.3046602247568493
2023/24,n0_fresh_v2,0.2692805529710268
2023/24,n0_fresh_v2,0.14927386764564265
2023/24,n0_fresh_v2,0.14510084787043923
2023/24,n0_fresh_v2,0.1324529702673497
2023/24,n0_fresh_v2,0.29676694117900965
2023/24,n0_fresh_v2,0.14264341199219072
2023/24,n0_fresh_v2,0.12177886798526003
2023/24,n0_fresh_v2,0.20050400091991313
2023/24,n0_fresh_v2,0.16168206818089234
2023/24,n0_fresh_v2,0.09808086481232635
2023/24,n0_fresh_v2,0.21120990288701383
2023/24,n0_fresh_v2,0.2192036058587623
2023/24,n0_fresh_v2,0.31005557977291676
2023/24,n0_fresh_v2,0.0649802362842787
2023/24,n0_fresh_v2,0.14452662410472078
2023/24,n0_carry_v2,0.15258501884212353
2023/24,n0_carry_v2,0.7053185284543919
2023/24,n0_carry_v2,0.7144835008857199
2023/24,n0_carry_v2,0.7269726867195982
2023/24,n0_carry_v2,0.01636578110198663
2023/24,n0_carry_v2,0.37992318249080514
2023/24,n0_carry_v2,0.8446044785688384
2023/24,n0_carry_v2,0.221198364738822
2023/24,n0_carry_v2,0.10665834300065682
2023/24,n0_carry_v2,0.11956247130590286
2023/24,n0_carry_v2,0.26473097708033316
2023/24,n0_carry_v2,0.2653176049085124
2023/24,n0_carry_v2,0.1437714620386807
2023/24,n0_carry_v2,0.34592626107771707
2023/24,n0_carry_v2,0.20037219101935916
2023/24,n0_carry_v2,0.26630869571951155
2023/24,n0_carry_v2,0.1472098186277186
2023/24,n0_carry_v2,0.06005385638555635
2023/24,n0_carry_v2,0.2485736988582347
2023/24,n0_carry_v2,0.1518469774170702
2023/24,n0_carry_v2,0.10271122531847428
2023/24,n0_carry_v2,0.28186271591997547
2023/24,n0_carry_v2,0.2591875667289998
2023/24,n0_carry_v2,0.23768541373446359
2023/24,n0_carry_v2,0.13057594483029125
2023/24,n0_carry_v2,0.1540159592503658
2023/24,n0_carry_v2,0.14204994100318638
2023/24,n0_carry_v2,0.17525336261131025
2023/24,n0_carry_v2,0.23414938726433498
2023/24,n0_carry_v2,0.35670342442316866
2023/24,n0_carry_v2,0.292112365211106
2023/24,n0_carry_v2,0.16075476875481082
2023/24,n0_carry_v2,0.1431690506986238
2023/24,n0_carry_v2,0.06737809135438637
2023/24,n0_carry_v2,0.27517260760909085
2023/24,n0_carry_v2,0.14497546959826207
2023/24,n0_carry_v2,0.1241575732515133
2023/24,n0_carry_v2,0.2902389019217365
2023/24,n0_carry_v2,0.10615865038043684
2023/24,n0_carry_v2,0.05661592940043053
2023/24,n0_carry_v2,0.2697301636973009
2023/24,n0_carry_v2,0.16922269571460036
2023/24,n0_carry_v2,0.3042102689044877
2023/24,n0_carry_v2,0.07036118718163605
2023/24,n0_carry_v2,0.14342668122088587
2023/24,n36_fresh_v2,0.2187212909781131
2023/24,n36_fresh_v2,0.14911666575761506
2023/24,n36_fresh_v2,0.13398367345644113
2023/24,n36_fresh_v2,0.17356129788181401
2023/24,n36_fresh_v2,0.31049269995555306
2023/24,n36_fresh_v2,0.13643000692443752
2023/24,n36_fresh_v2,0.21392159098775065
2023/24,n36_fresh_v2,0.1829922611194158
2023/24,n36_fresh_v2,0.11097166387760818
2023/24,n36_fresh_v2,0.18844427457456892
2023/24,n36_fresh_v2,0.29425147725659656
2023/24,n36_fresh_v2,0.2672628761093375
2023/24,n36_fresh_v2,0.13116396398361127
2023/24,n36_fresh_v2,0.2877137427133823
2023/24,n36_fresh_v2,0.147393782241796
2023/24,n36_fresh_v2,0.23914359510858213
2023/24,n36_fresh_v2,0.1412343658437945
2023/24,n36_fresh_v2,0.1056149356859882
2023/24,n36_fresh_v2,0.20211493204965475
2023/24,n36_fresh_v2,0.17121653873223153
2023/24,n36_fresh_v2,0.09890146739907221
2023/24,n36_fresh_v2,0.288482470185328
2023/24,n36_fresh_v2,0.24577201325879677
2023/24,n36_fresh_v2,0.23500252602398475
2023/24,n36_fresh_v2,0.18945460011345247
2023/24,n36_fresh_v2,0.1662552846251791
2023/24,n36_fresh_v2,0.20980799496419184
2023/24,n36_fresh_v2,0.16050443354942662
2023/24,n36_fresh_v2,0.34472402049068884
2023/24,n36_fresh_v2,0.30638223641312856
2023/24,n36_fresh_v2,0.263278830356365
2023/24,n36_fresh_v2,0.14050454696805886
2023/24,n36_fresh_v2,0.13619146172746124
2023/24,n36_fresh_v2,0.11329830900647239
2023/24,n36_fresh_v2,0.2743689123328926
2023/24,n36_fresh_v2,0.13797536663373594
2023/24,n36_fresh_v2,0.10222833164180453
2023/24,n36_fresh_v2,0.21203517080506945
2023/24,n36_fresh_v2,0.13514982089856156
2023/24,n36_fresh_v2,0.09391671673164481
2023/24,n36_fresh_v2,0.20409910267811618
2023/24,n36_fresh_v2,0.22944307941824255
2023/24,n36_fresh_v2,0.35474766687102394
2023/24,n36_fresh_v2,0.06910823630524422
2023/24,n36_fresh_v2,0.14225587633471398
2023/24,n36_carry_v2,0.15258501884212353
2023/24,n36_carry_v2,0.12799063250138124
2023/24,n36_carry_v2,0.14777628543786137
2023/24,n36_carry_v2,0.15564335224721107
2023/24,n36_carry_v2,0.30566728395743514
2023/24,n36_carry_v2,0.13444501762648137
2023/24,n36_carry_v2,0.28477715283354366
2023/24,n36_carry_v2,0.2223112420787688
2023/24,n36_carry_v2,0.11896795943353726
2023/24,n36_carry_v2,0.12232919370965983
2023/24,n36_carry_v2,0.2775424553070669
2023/24,n36_carry_v2,0.2768884297167121
2023/24,n36_carry_v2,0.14618263062295428
2023/24,n36_carry_v2,0.3513135572308552
2023/24,n36_carry_v2,0.18290704020182907
2023/24,n36_carry_v2,0.2755953971263118
2023/24,n36_carry_v2,0.14011366282979654
2023/24,n36_carry_v2,0.05580574408422442
2023/24,n36_carry_v2,0.24681077422338427
2023/24,n36_carry_v2,0.15114442254528038
2023/24,n36_carry_v2,0.10083350763930268
2023/24,n36_carry_v2,0.2704549910011451
2023/24,n36_carry_v2,0.25762230644607
2023/24,n36_carry_v2,0.227976290725823
2023/24,n36_carry_v2,0.1541848204962175
2023/24,n36_carry_v2,0.14832969535714016
2023/24,n36_carry_v2,0.14882556800701446
2023/24,n36_carry_v2,0.17498339386024955
2023/24,n36_carry_v2,0.24811908306686037
2023/24,n36_carry_v2,0.37557396468146614
2023/24,n36_carry_v2,0.29252458338483
2023/24,n36_carry_v2,0.15542181220538173
2023/24,n36_carry_v2,0.14097120857078843
2023/24,n36_carry_v2,0.07211031161733948
2023/24,n36_carry_v2,0.24228416875105352
2023/24,n36_carry_v2,0.1399011905998914
2023/24,n36_carry_v2,0.111752330716441
2023/24,n36_carry_v2,0.26509527670581046
2023/24,n36_carry_v2,0.09916079214013282
2023/24,n36_carry_v2,0.056440622501039386
2023/24,n36_carry_v2,0.24204299240611538
2023/24,n36_carry_v2,0.18722380902400984
2023/24,n36_carry_v2,0.32195787788769803
2023/24,n36_carry_v2,0.07560995782933133
2023/24,n36_carry_v2,0.14389315139778344
2023/24,n72_fresh_v2,0.2187212909781131
2023/24,n72_fresh_v2,0.14388061560048165
2023/24,n72_fresh_v2,0.1291336063927731
2023/24,n72_fresh_v2,0.16774889022469053
2023/24,n72_fresh_v2,0.3187414361749886
2023/24,n72_fresh_v2,0.13696842203992848
2023/24,n72_fresh_v2,0.20727304583249484
2023/24,n72_fresh_v2,0.18358389313659612
2023/24,n72_fresh_v2,0.11224611712203124
2023/24,n72_fresh_v2,0.18642847701286105
2023/24,n72_fresh_v2,0.2929063512823794
2023/24,n72_fresh_v2,0.27148072641192716
2023/24,n72_fresh_v2,0.13047103323982817
2023/24,n72_fresh_v2,0.28937555533860493
2023/24,n72_fresh_v2,0.14613426437747298
2023/24,n72_fresh_v2,0.24305487320430633
2023/24,n72_fresh_v2,0.1403686213685973
2023/24,n72_fresh_v2,0.10184859502227497
2023/24,n72_fresh_v2,0.20014913735634146
2023/24,n72_fresh_v2,0.16603109934459512
2023/24,n72_fresh_v2,0.09718631215262749
2023/24,n72_fresh_v2,0.28704157071602676
2023/24,n72_fresh_v2,0.25382175585000416
2023/24,n72_fresh_v2,0.22725892546844628
2023/24,n72_fresh_v2,0.19145497750558926
2023/24,n72_fresh_v2,0.16543440408417215
2023/24,n72_fresh_v2,0.2196051966065185
2023/24,n72_fresh_v2,0.15692685892480823
2023/24,n72_fresh_v2,0.34049215667037924
2023/24,n72_fresh_v2,0.3194733087886297
2023/24,n72_fresh_v2,0.2775736783255856
2023/24,n72_fresh_v2,0.14156520790226804
2023/24,n72_fresh_v2,0.1352606808443535
2023/24,n72_fresh_v2,0.11831863860716665
2023/24,n72_fresh_v2,0.2747318516901709
2023/24,n72_fresh_v2,0.13671283227187359
2023/24,n72_fresh_v2,0.09606434193290841
2023/24,n72_fresh_v2,0.20286660905872
2023/24,n72_fresh_v2,0.14257452251065847
2023/24,n72_fresh_v2,0.08694813791428001
2023/24,n72_fresh_v2,0.19651343235458066
2023/24,n72_fresh_v2,0.24103630501944612
2023/24,n72_fresh_v2,0.33393637836623413
2023/24,n72_fresh_v2,0.06284969085520645
2023/24,n72_fresh_v2,0.1420749845489645
2023/24,n72_carry_v2,0.15258501884212353
2023/24,n72_carry_v2,0.1231049717306221
2023/24,n72_carry_v2,0.14255506497830947
2023/24,n72_carry_v2,0.15021418391104166
2023/24,n72_carry_v2,0.3136080449186536
2023/24,n72_carry_v2,0.13367999514529316
2023/24,n72_carry_v2,0.2770051108168898
2023/24,n72_carry_v2,0.22248008812969874
2023/24,n72_carry_v2,0.12024935194199418
2023/24,n72_carry_v2,0.12419161554126601
2023/24,n72_carry_v2,0.28102336830999475
2023/24,n72_carry_v2,0.2798310530857391
2023/24,n72_carry_v2,0.1457700452929916
2023/24,n72_carry_v2,0.35171693165782125
2023/24,n72_carry_v2,0.1801928388654706
2023/24,n72_carry_v2,0.2777298931224053
2023/24,n72_carry_v2,0.13938798297458904
2023/24,n72_carry_v2,0.055498624160253675
2023/24,n72_carry_v2,0.24595228883980483
2023/24,n72_carry_v2,0.1481489638027805
2023/24,n72_carry_v2,0.09975669395508768
2023/24,n72_carry_v2,0.26874036692803693
2023/24,n72_carry_v2,0.24770546463963983
2023/24,n72_carry_v2,0.22497358951419907
2023/24,n72_carry_v2,0.14962347753982708
2023/24,n72_carry_v2,0.14693377659130832
2023/24,n72_carry_v2,0.15843897724553743
2023/24,n72_carry_v2,0.17425214622163282
2023/24,n72_carry_v2,0.2625376819841283
2023/24,n72_carry_v2,0.37053840978751307
2023/24,n72_carry_v2,0.2887073584497905
2023/24,n72_carry_v2,0.14754355625086846
2023/24,n72_carry_v2,0.1377063181658023
2023/24,n72_carry_v2,0.0697450920891327
2023/24,n72_carry_v2,0.2578229624558363
2023/24,n72_carry_v2,0.13886072571145694
2023/24,n72_carry_v2,0.11098909083177136
2023/24,n72_carry_v2,0.257746771787689
2023/24,n72_carry_v2,0.09911227413132165
2023/24,n72_carry_v2,0.056641075443764274
2023/24,n72_carry_v2,0.24693910973475502
2023/24,n72_carry_v2,0.19519025445882598
2023/24,n72_carry_v2,0.3238923416966337
2023/24,n72_carry_v2,0.0707575018979249
2023/24,n72_carry_v2,0.1396780578012195
2023/24,n144_fresh_v2,0.2187212909781131
2023/24,n144_fresh_v2,0.14125136072359132
2023/24,n144_fresh_v2,0.12670101930190036
2023/24,n144_fresh_v2,0.16482508966868198
2023/24,n144_fresh_v2,0.3229929179538486
2023/24,n144_fresh_v2,0.13730013269646243
2023/24,n144_fresh_v2,0.20391983170319034
2023/24,n144_fresh_v2,0.1839298634268414
2023/24,n144_fresh_v2,0.11298884012237007
2023/24,n144_fresh_v2,0.18526844497859513
2023/24,n144_fresh_v2,0.29393708947020414
2023/24,n144_fresh_v2,0.2718627725297255
2023/24,n144_fresh_v2,0.12952550239215027
2023/24,n144_fresh_v2,0.2896004194256383
2023/24,n144_fresh_v2,0.14500549668378415
2023/24,n144_fresh_v2,0.24699554908043095
2023/24,n144_fresh_v2,0.13985626918838398
2023/24,n144_fresh_v2,0.09978841460166168
2023/24,n144_fresh_v2,0.1976533019581793
2023/24,n144_fresh_v2,0.1672846982463896
2023/24,n144_fresh_v2,0.10093840898546233
2023/24,n144_fresh_v2,0.2811229373720957
2023/24,n144_fresh_v2,0.24898472829121904
2023/24,n144_fresh_v2,0.23869449672062737
2023/24,n144_fresh_v2,0.19821204326454325
2023/24,n144_fresh_v2,0.1644863236457167
2023/24,n144_fresh_v2,0.21223964329508022
2023/24,n144_fresh_v2,0.15288736930556254
2023/24,n144_fresh_v2,0.359837923001629
2023/24,n144_fresh_v2,0.3100981904717119
2023/24,n144_fresh_v2,0.2914514990458042
2023/24,n144_fresh_v2,0.15551775188452763
2023/24,n144_fresh_v2,0.13415841873283973
2023/24,n144_fresh_v2,0.12073427683932389
2023/24,n144_fresh_v2,0.25268481671503723
2023/24,n144_fresh_v2,0.13670225547243012
2023/24,n144_fresh_v2,0.08618835044732052
2023/24,n144_fresh_v2,0.19785142650379586
2023/24,n144_fresh_v2,0.14285948599208328
2023/24,n144_fresh_v2,0.0836808082593273
2023/24,n144_fresh_v2,0.17304571617866565
2023/24,n144_fresh_v2,0.2328132555570101
2023/24,n144_fresh_v2,0.3641804696041272
2023/24,n144_fresh_v2,0.06212478763619662
2023/24,n144_fresh_v2,0.1428355163014405
2023/24,n144_carry_v2,0.15258501884212353
2023/24,n144_carry_v2,0.12065779979256427
2023/24,n144_carry_v2,0.13993369122823915
2023/24,n144_carry_v2,0.14748693614433467
2023/24,n144_carry_v2,0.31770077731176055
2023/24,n144_carry_v2,0.13334385272620627
2023/24,n144_carry_v2,0.2730689563688298
2023/24,n144_carry_v2,0.2225830068165226
2023/24,n144_carry_v2,0.12099593822124106
2023/24,n144_carry_v2,0.12350840250824836
2023/24,n144_carry_v2,0.2795817134562001
2023/24,n144_carry_v2,0.2782055032648645
2023/24,n144_carry_v2,0.14544531606871355
2023/24,n144_carry_v2,0.3521488884596555
2023/24,n144_carry_v2,0.1793681616731518
2023/24,n144_carry_v2,0.28254675158211895
2023/24,n144_carry_v2,0.1383370336603243
2023/24,n144_carry_v2,0.05423826503446435
2023/24,n144_carry_v2,0.2471998597354952
2023/24,n144_carry_v2,0.14926061085752126
2023/24,n144_carry_v2,0.10133916277270144
2023/24,n144_carry_v2,0.2603908235825467
2023/24,n144_carry_v2,0.2495664966718729
2023/24,n144_carry_v2,0.22410274691003415
2023/24,n144_carry_v2,0.15680226195332164
2023/24,n144_carry_v2,0.1450461354625304
2023/24,n144_carry_v2,0.1612373601621899
2023/24,n144_carry_v2,0.16943020585050794
2023/24,n144_carry_v2,0.2516716125719552
2023/24,n144_carry_v2,0.3892957042484541
2023/24,n144_carry_v2,0.3060931996919383
2023/24,n144_carry_v2,0.15103573685272856
2023/24,n144_carry_v2,0.13609220874935185
2023/24,n144_carry_v2,0.07373856631390162
2023/24,n144_carry_v2,0.23930641873562714
2023/24,n144_carry_v2,0.13695526433895433
2023/24,n144_carry_v2,0.10288412785946531
2023/24,n144_carry_v2,0.25085205716336234
2023/24,n144_carry_v2,0.09318519483659768
2023/24,n144_carry_v2,0.05387820268940734
2023/24,n144_carry_v2,0.23486796523179024
2023/24,n144_carry_v2,0.18655091981556934
2023/24,n144_carry_v2,0.3257395549539432
2023/24,n144_carry_v2,0.06353353961900315
2023/24,n144_carry_v2,0.13935066599235574
2023/24,fixed_fresh_v2,0.2187212909781131
2023/24,fixed_fresh_v2,0.13861524930269267
2023/24,fixed_fresh_v2,0.12426402453134854
2023/24,fixed_fresh_v2,0.16189016642906728
2023/24,fixed_fresh_v2,0.32733188096956833
2023/24,fixed_fresh_v2,0.13767580710874847
2023/24,fixed_fresh_v2,0.2005478362786439
2023/24,fixed_fresh_v2,0.1843173444229409
2023/24,fixed_fresh_v2,0.11381840742406457
2023/24,fixed_fresh_v2,0.18602781976629948
2023/24,fixed_fresh_v2,0.2933790258190452
2023/24,fixed_fresh_v2,0.2731150968489858
2023/24,fixed_fresh_v2,0.12928964640738794
2023/24,fixed_fresh_v2,0.28883280179160453
2023/24,fixed_fresh_v2,0.14385420596423892
2023/24,fixed_fresh_v2,0.24502223729127096
2023/24,fixed_fresh_v2,0.1395901050388107
2023/24,fixed_fresh_v2,0.09788162697509076
2023/24,fixed_fresh_v2,0.195511365538026
2023/24,fixed_fresh_v2,0.1649663183167651
2023/24,fixed_fresh_v2,0.09471095456682807
2023/24,fixed_fresh_v2,0.2823123704408189
2023/24,fixed_fresh_v2,0.24430011611655617
2023/24,fixed_fresh_v2,0.22884508873759096
2023/24,fixed_fresh_v2,0.20043057568660239
2023/24,fixed_fresh_v2,0.1608099167041835
2023/24,fixed_fresh_v2,0.22030353311174122
2023/24,fixed_fresh_v2,0.15805624356857262
2023/24,fixed_fresh_v2,0.349222069069339
2023/24,fixed_fresh_v2,0.32145424071621986
2023/24,fixed_fresh_v2,0.27166112540882437
2023/24,fixed_fresh_v2,0.14909865531547972
2023/24,fixed_fresh_v2,0.13381335094432917
2023/24,fixed_fresh_v2,0.1210056484466994
2023/24,fixed_fresh_v2,0.2369576533568991
2023/24,fixed_fresh_v2,0.13469649948070392
2023/24,fixed_fresh_v2,0.08090820892788723
2023/24,fixed_fresh_v2,0.18101040614925004
2023/24,fixed_fresh_v2,0.12585045247951465
2023/24,fixed_fresh_v2,0.07984087469642917
2023/24,fixed_fresh_v2,0.17384564185651774
2023/24,fixed_fresh_v2,0.258134032172618
2023/24,fixed_fresh_v2,0.3641904589899651
2023/24,fixed_fresh_v2,0.06424223121721631
2023/24,fixed_fresh_v2,0.14152229473530237
2023/24,fixed_carry_v2,0.15258501884212353
2023/24,fixed_carry_v2,0.11820845385847405
2023/24,fixed_carry_v2,0.13730578084431355
2023/24,fixed_carry_v2,0.1447518890136383
2023/24,fixed_carry_v2,0.32187775896302606
2023/24,fixed_carry_v2,0.13304085141680444
2023/24,fixed_carry_v2,0.26909955898981885
2023/24,fixed_carry_v2,0.22270193001698058
2023/24,fixed_carry_v2,0.1218297031535932
2023/24,fixed_carry_v2,0.12400940110719547
2023/24,fixed_carry_v2,0.28134917284572364
2023/24,fixed_carry_v2,0.27914224607753685
2023/24,fixed_carry_v2,0.14555608972418332
2023/24,fixed_carry_v2,0.3523937401886923
2023/24,fixed_carry_v2,0.17694014586157925
2023/24,fixed_carry_v2,0.28300034547453384
2023/24,fixed_carry_v2,0.13799795050096464
2023/24,fixed_carry_v2,0.05325468361104302
2023/24,fixed_carry_v2,0.2479954248516839
2023/24,fixed_carry_v2,0.14873921286150055
2023/24,fixed_carry_v2,0.09342517668729276
2023/24,fixed_carry_v2,0.26320118213429655
2023/24,fixed_carry_v2,0.24392725587658926
2023/24,fixed_carry_v2,0.21677853729520424
2023/24,fixed_carry_v2,0.15487374278796556
2023/24,fixed_carry_v2,0.14124137520008997
2023/24,fixed_carry_v2,0.16250580089354658
2023/24,fixed_carry_v2,0.17580722290641837
2023/24,fixed_carry_v2,0.26713350094332233
2023/24,fixed_carry_v2,0.3861506608170505
2023/24,fixed_carry_v2,0.28940992999349124
2023/24,fixed_carry_v2,0.1494575474164431
2023/24,fixed_carry_v2,0.13497275559123126
2023/24,fixed_carry_v2,0.07063402325120863
2023/24,fixed_carry_v2,0.22844423207484213
2023/24,fixed_carry_v2,0.1349614399528275
2023/24,fixed_carry_v2,0.0949863161400483
2023/24,fixed_carry_v2,0.24844805691896
2023/24,fixed_carry_v2,0.09551117248246828
2023/24,fixed_carry_v2,0.052617758591566546
2023/24,fixed_carry_v2,0.23032847860318784
2023/24,fixed_carry_v2,0.1950538897180279
2023/24,fixed_carry_v2,0.32414416662876655
2023/24,fixed_carry_v2,0.06910627809772536
2023/24,fixed_carry_v2,0.14075650791045477
2024/25,bookmaker,0.10685067672700937
2024/25,bookmaker,0.024772743298965796
2024/25,bookmaker,0.13352407903772978
2024/25,bookmaker,0.39632498795121973
2024/25,bookmaker,0.09782698493209778
2024/25,bookmaker,0.1385048114719024
2024/25,bookmaker,0.1212686643272804
2024/25,bookmaker,0.40506475139716913
2024/25,bookmaker,0.07652517548469766
2024/25,bookmaker,0.15009502466484861
2024/25,bookmaker,0.5061707077494261
2024/25,bookmaker,0.15793268796225088
2024/25,bookmaker,0.18534749799223832
2024/25,bookmaker,0.2317384075998035
2024/25,bookmaker,0.1048352149810708
2024/25,bookmaker,0.22014667219585282
2024/25,bookmaker,0.02044076476079968
2024/25,bookmaker,0.22963142920876833
2024/25,bookmaker,0.045494499368252124
2024/25,bookmaker,0.25629476875153057
2024/25,bookmaker,0.02208386294820267
2024/25,bookmaker,0.2228109652520749
2024/25,bookmaker,0.08874630447425197
2024/25,bookmaker,0.0619460126422615
2024/25,bookmaker,0.2524299538663003
2024/25,bookmaker,0.17130063426339212
2024/25,bookmaker,0.350757203625706
2024/25,bookmaker,0.311965528852093
2024/25,bookmaker,0.1275284329436876
2024/25,bookmaker,0.14109329105522495
2024/25,bookmaker,0.04048097343741409
2024/25,bookmaker,0.1664553541386394
2024/25,bookmaker,0.20286460142789015
2024/25,bookmaker,0.03360495587107781
2024/25,bookmaker,0.2215254984108132
2024/25,bookmaker,0.1881858728422697
2024/25,bookmaker,0.022062154814674547
2024/25,bookmaker,0.4460435781039862
2024/25,bookmaker,0.19245047317081038
2024/25,bookmaker,0.5348546661397583
2024/25,bookmaker,0.18984995653825826
2024/25,bookmaker,0.15024576284586805
2024/25,bookmaker,0.07648963867001561
2024/25,bookmaker,0.1642962686549198
2024/25,bookmaker,0.32352548394882075
2024/25,n0_fresh_v2,0.2813057172556482
2024/25,n0_fresh_v2,0.45372602717268384
2024/25,n0_fresh_v2,0.2598332194791037
2024/25,n0_fresh_v2,0.6436952220168739
2024/25,n0_fresh_v2,0.5146557649309154
2024/25,n0_fresh_v2,0.27554769506159965
2024/25,n0_fresh_v2,0.5589014249975255
2024/25,n0_fresh_v2,0.37675139752280984
2024/25,n0_fresh_v2,0.3012731538856851
2024/25,n0_fresh_v2,0.14056875881301048
2024/25,n0_fresh_v2,0.4220570469289454
2024/25,n0_fresh_v2,0.1393540964725457
2024/25,n0_fresh_v2,0.15362801437916312
2024/25,n0_fresh_v2,0.3429755611155271
2024/25,n0_fresh_v2,0.15791190914759617
2024/25,n0_fresh_v2,0.25974646358646436
2024/25,n0_fresh_v2,0.14072953926288115
2024/25,n0_fresh_v2,0.21225966508552063
2024/25,n0_fresh_v2,0.09490488688822159
2024/25,n0_fresh_v2,0.37668999813929693
2024/25,n0_fresh_v2,0.20845101528670515
2024/25,n0_fresh_v2,0.17918570817574614
2024/25,n0_fresh_v2,0.0957153909608281
2024/25,n0_fresh_v2,0.2453295369962969
2024/25,n0_fresh_v2,0.39870286097853314
2024/25,n0_fresh_v2,0.17358633587524644
2024/25,n0_fresh_v2,0.33939340520490663
2024/25,n0_fresh_v2,0.38307459551964157
2024/25,n0_fresh_v2,0.16089327916249918
2024/25,n0_fresh_v2,0.191855273795141
2024/25,n0_fresh_v2,0.17689379175812
2024/25,n0_fresh_v2,0.16017137022905384
2024/25,n0_fresh_v2,0.23956723694207227
2024/25,n0_fresh_v2,0.11105539060181983
2024/25,n0_fresh_v2,0.2679093018974413
2024/25,n0_fresh_v2,0.15042115154851618
2024/25,n0_fresh_v2,0.10055954293763726
2024/25,n0_fresh_v2,0.34435869675720165
2024/25,n0_fresh_v2,0.20880898719065916
2024/25,n0_fresh_v2,0.5228306487578287
2024/25,n0_fresh_v2,0.18402841037039827
2024/25,n0_fresh_v2,0.14953414470890547
2024/25,n0_fresh_v2,0.12020293819640461
2024/25,n0_fresh_v2,0.17105376645877504
2024/25,n0_fresh_v2,0.3369835097374865
2024/25,n0_carry_v2,0.17627240564193086
2024/25,n0_carry_v2,0.371776243369381
2024/25,n0_carry_v2,0.2552985949302238
2024/25,n0_carry_v2,0.7143812334572326
2024/25,n0_carry_v2,0.5322736633772694
2024/25,n0_carry_v2,0.2305891851129823
2024/25,n0_carry_v2,0.5674093604061767
2024/25,n0_carry_v2,0.4000197031659092
2024/25,n0_carry_v2,0.22200442838466167
2024/25,n0_carry_v2,0.16053685683942268
2024/25,n0_carry_v2,0.45838474546148994
2024/25,n0_carry_v2,0.14093468922677102
2024/25,n0_carry_v2,0.160472029377864
2024/25,n0_carry_v2,0.3313067850849587
2024/25,n0_carry_v2,0.14780119528387448
2024/25,n0_carry_v2,0.290340873502458
2024/25,n0_carry_v2,0.09271550045554725
2024/25,n0_carry_v2,0.2213893236983272
2024/25,n0_carry_v2,0.08128982074839555
2024/25,n0_carry_v2,0.3429422564267951
2024/25,n0_carry_v2,0.17462591424362073
2024/25,n0_carry_v2,0.207299352672347
2024/25,n0_carry_v2,0.08707654162729203
2024/25,n0_carry_v2,0.19149813010465497
2024/25,n0_carry_v2,0.29965353715338894
2024/25,n0_carry_v2,0.1658228631052689
2024/25,n0_carry_v2,0.3977679235466537
2024/25,n0_carry_v2,0.32982027186069973
2024/25,n0_carry_v2,0.14351013651120184
2024/25,n0_carry_v2,0.21264915494293715
2024/25,n0_carry_v2,0.1474413245988958
2024/25,n0_carry_v2,0.15713637166561564
2024/25,n0_carry_v2,0.2513970586903822
2024/25,n0_carry_v2,0.08724143725090269
2024/25,n0_carry_v2,0.22828924601817996
2024/25,n0_carry_v2,0.1630275210426279
2024/25,n0_carry_v2,0.08807238126553173
2024/25,n0_carry_v2,0.3969059172467256
2024/25,n0_carry_v2,0.2085619895145324
2024/25,n0_carry_v2,0.4792136396250847
2024/25,n0_carry_v2,0.16480733342067636
2024/25,n0_carry_v2,0.14242808857145556
2024/25,n0_carry_v2,0.09865053409229085
2024/25,n0_carry_v2,0.17195270768136595
2024/25,n0_carry_v2,0.35037944682536676
2024/25,n36_fresh_v2,0.2813057172556482
2024/25,n36_fresh_v2,0.11642650275411603
2024/25,n36_fresh_v2,0.14504577725828557
2024/25,n36_fresh_v2,0.21606950344633138
2024/25,n36_fresh_v2,0.14314824514922522
2024/25,n36_fresh_v2,0.14144591099346482
2024/25,n36_fresh_v2,0.16528141507484712
2024/25,n36_fresh_v2,0.35211047524856354
2024/25,n36_fresh_v2,0.28201663318575226
2024/25,n36_fresh_v2,0.1437173624953755
2024/25,n36_fresh_v2,0.41829370525164977
2024/25,n36_fresh_v2,0.13777260968592506
2024/25,n36_fresh_v2,0.15082701783730687
2024/25,n36_fresh_v2,0.3432919693046077
2024/25,n36_fresh_v2,0.15918526667213265
2024/25,n36_fresh_v2,0.2589357225189109
2024/25,n36_fresh_v2,0.14724305623925535
2024/25,n36_fresh_v2,0.2185739905945322
2024/25,n36_fresh_v2,0.10762464213229446
2024/25,n36_fresh_v2,0.3482896027258276
2024/25,n36_fresh_v2,0.1918493814177993
2024/25,n36_fresh_v2,0.17436516437079327
2024/25,n36_fresh_v2,0.10337103175480554
2024/25,n36_fresh_v2,0.22597831762045892
2024/25,n36_fresh_v2,0.36835826458167864
2024/25,n36_fresh_v2,0.16600810713226932
2024/25,n36_fresh_v2,0.36867696814698336
2024/25,n36_fresh_v2,0.397157242831052
2024/25,n36_fresh_v2,0.15713368541234662
2024/25,n36_fresh_v2,0.1891292636658296
2024/25,n36_fresh_v2,0.17933668387370305
2024/25,n36_fresh_v2,0.15941016227463758
2024/25,n36_fresh_v2,0.24847726372279183
2024/25,n36_fresh_v2,0.10895686685292513
2024/25,n36_fresh_v2,0.2615725446702033
2024/25,n36_fresh_v2,0.14113245302276284
2024/25,n36_fresh_v2,0.09514442342749758
2024/25,n36_fresh_v2,0.3396943038121767
2024/25,n36_fresh_v2,0.21860226073117825
2024/25,n36_fresh_v2,0.5164371347939704
2024/25,n36_fresh_v2,0.17572342769019633
2024/25,n36_fresh_v2,0.14779465836103226
2024/25,n36_fresh_v2,0.10782800246771646
2024/25,n36_fresh_v2,0.17045280573896257
2024/25,n36_fresh_v2,0.3560350783370201
2024/25,n36_carry_v2,0.17627240564193086
2024/25,n36_carry_v2,0.08285321959329689
2024/25,n36_carry_v2,0.1479051962157888
2024/25,n36_carry_v2,0.27720190053045357
2024/25,n36_carry_v2,0.14952763464454055
2024/25,n36_carry_v2,0.1509713880704984
2024/25,n36_carry_v2,0.16949308089682255
2024/25,n36_carry_v2,0.3742310986030198
2024/25,n36_carry_v2,0.20983995569863734
2024/25,n36_carry_v2,0.16332420403412057
2024/25,n36_carry_v2,0.45510241369755583
2024/25,n36_carry_v2,0.1394067935285382
2024/25,n36_carry_v2,0.15801061399993135
2024/25,n36_carry_v2,0.330902355769522
2024/25,n36_carry_v2,0.14996413121236074
2024/25,n36_carry_v2,0.2898300150603522
2024/25,n36_carry_v2,0.0978276743616376
2024/25,n36_carry_v2,0.22735457255526045
2024/25,n36_carry_v2,0.09658332045593113
2024/25,n36_carry_v2,0.3174146733351769
2024/25,n36_carry_v2,0.15339114188224268
2024/25,n36_carry_v2,0.19204932145375675
2024/25,n36_carry_v2,0.10282285242043938
2024/25,n36_carry_v2,0.1689990224946797
2024/25,n36_carry_v2,0.2754950079762126
2024/25,n36_carry_v2,0.16373653142897368
2024/25,n36_carry_v2,0.41727105189379105
2024/25,n36_carry_v2,0.3261421436859269
2024/25,n36_carry_v2,0.1342960130307794
2024/25,n36_carry_v2,0.20201210545222903
2024/25,n36_carry_v2,0.15865933761739362
2024/25,n36_carry_v2,0.15713632006252842
2024/25,n36_carry_v2,0.26523590191063234
2024/25,n36_carry_v2,0.07464971146815526
2024/25,n36_carry_v2,0.21246621586677553
2024/25,n36_carry_v2,0.1479903883027697
2024/25,n36_carry_v2,0.08409137698726867
2024/25,n36_carry_v2,0.4000707329641797
2024/25,n36_carry_v2,0.20662723850177372
2024/25,n36_carry_v2,0.46447781958370105
2024/25,n36_carry_v2,0.15754186274803914
2024/25,n36_carry_v2,0.14059118596859152
2024/25,n36_carry_v2,0.09807929862220667
2024/25,n36_carry_v2,0.1774449439025671
2024/25,n36_carry_v2,0.3523291398655125
2024/25,n72_fresh_v2,0.2813057172556482
2024/25,n72_fresh_v2,0.11301723202138306
2024/25,n72_fresh_v2,0.1458247616100219
2024/25,n72_fresh_v2,0.210539437985368
2024/25,n72_fresh_v2,0.13910856967340893
2024/25,n72_fresh_v2,0.14185983773932073
2024/25,n72_fresh_v2,0.16075492774337888
2024/25,n72_fresh_v2,0.34988200600998004
2024/25,n72_fresh_v2,0.2802814114417379
2024/25,n72_fresh_v2,0.14370619990286132
2024/25,n72_fresh_v2,0.4173087367560162
2024/25,n72_fresh_v2,0.13751123932054438
2024/25,n72_fresh_v2,0.1493710465792384
2024/25,n72_fresh_v2,0.3466629407962368
2024/25,n72_fresh_v2,0.15919402086310533
2024/25,n72_fresh_v2,0.25794020260169936
2024/25,n72_fresh_v2,0.147533627639227
2024/25,n72_fresh_v2,0.2181037411621235
2024/25,n72_fresh_v2,0.11053426352914356
2024/25,n72_fresh_v2,0.3416156905485984
2024/25,n72_fresh_v2,0.18701384504279617
2024/25,n72_fresh_v2,0.16951781324572215
2024/25,n72_fresh_v2,0.11039649432585745
2024/25,n72_fresh_v2,0.21816532502853084
2024/25,n72_fresh_v2,0.36479798162139343
2024/25,n72_fresh_v2,0.16372413028601224
2024/25,n72_fresh_v2,0.36426371033975047
2024/25,n72_fresh_v2,0.3985408698383246
2024/25,n72_fresh_v2,0.15608844477812045
2024/25,n72_fresh_v2,0.17735668767400453
2024/25,n72_fresh_v2,0.18527457416512882
2024/25,n72_fresh_v2,0.16252000520821366
2024/25,n72_fresh_v2,0.2651909614169858
2024/25,n72_fresh_v2,0.09982841661570432
2024/25,n72_fresh_v2,0.2428672237540378
2024/25,n72_fresh_v2,0.1373975373904469
2024/25,n72_fresh_v2,0.10041316685647853
2024/25,n72_fresh_v2,0.3262238081552429
2024/25,n72_fresh_v2,0.19296716922733628
2024/25,n72_fresh_v2,0.49192065477098756
2024/25,n72_fresh_v2,0.17697073061843105
2024/25,n72_fresh_v2,0.14557571419653803
2024/25,n72_fresh_v2,0.11771487625344985
2024/25,n72_fresh_v2,0.17999546259209903
2024/25,n72_fresh_v2,0.34790256308218614
2024/25,n72_carry_v2,0.17627240564193086
2024/25,n72_carry_v2,0.08024652982047567
2024/25,n72_carry_v2,0.14884629292878532
2024/25,n72_carry_v2,0.2708175482406715
2024/25,n72_carry_v2,0.14530054148709232
2024/25,n72_carry_v2,0.15221783925890953
2024/25,n72_carry_v2,0.16487013803156172
2024/25,n72_carry_v2,0.37189545359388787
2024/25,n72_carry_v2,0.20874326865168835
2024/25,n72_carry_v2,0.16270906409839786
2024/25,n72_carry_v2,0.45453799976267506
2024/25,n72_carry_v2,0.13920310470912794
2024/25,n72_carry_v2,0.15726976749897695
2024/25,n72_carry_v2,0.32991170622405397
2024/25,n72_carry_v2,0.14936368158732366
2024/25,n72_carry_v2,0.28978593133687713
2024/25,n72_carry_v2,0.09777401388916274
2024/25,n72_carry_v2,0.22641669806512285
2024/25,n72_carry_v2,0.09468013821961578
2024/25,n72_carry_v2,0.31412741794422083
2024/25,n72_carry_v2,0.15381987821961138
2024/25,n72_carry_v2,0.18686463366840944
2024/25,n72_carry_v2,0.1067906835089523
2024/25,n72_carry_v2,0.1699699558747464
2024/25,n72_carry_v2,0.2727928707548105
2024/25,n72_carry_v2,0.16590405632506836
2024/25,n72_carry_v2,0.4214142772318647
2024/25,n72_carry_v2,0.3377258264584103
2024/25,n72_carry_v2,0.1317731325724729
2024/25,n72_carry_v2,0.19417811381168912
2024/25,n72_carry_v2,0.16322510621705338
2024/25,n72_carry_v2,0.15623948697486215
2024/25,n72_carry_v2,0.277190835894342
2024/25,n72_carry_v2,0.07385437588125955
2024/25,n72_carry_v2,0.2018299956100384
2024/25,n72_carry_v2,0.14500292328469647
2024/25,n72_carry_v2,0.08619168013405568
2024/25,n72_carry_v2,0.38127886733850586
2024/25,n72_carry_v2,0.20034191315255814
2024/25,n72_carry_v2,0.48492240781311835
2024/25,n72_carry_v2,0.16593571978816174
2024/25,n72_carry_v2,0.13968468294487768
2024/25,n72_carry_v2,0.09642399745697375
2024/25,n72_carry_v2,0.18286289631613228
2024/25,n72_carry_v2,0.3671553216891989
2024/25,n144_fresh_v2,0.2813057172556482
2024/25,n144_fresh_v2,0.11129677849911214
2024/25,n144_fresh_v2,0.1462609790279964
2024/25,n144_fresh_v2,0.2077355938196641
2024/25,n144_fresh_v2,0.13706728053258688
2024/25,n144_fresh_v2,0.1421109891776105
2024/25,n144_fresh_v2,0.1584652340499672
2024/25,n144_fresh_v2,0.3486095368050501
2024/25,n144_fresh_v2,0.2792910274911557
2024/25,n144_fresh_v2,0.14503382152355537
2024/25,n144_fresh_v2,0.41809947780931733
2024/25,n144_fresh_v2,0.13738287694571577
2024/25,n144_fresh_v2,0.15054632084295555
2024/25,n144_fresh_v2,0.34321369427863313
2024/25,n144_fresh_v2,0.15723519979867767
2024/25,n144_fresh_v2,0.25665574174680095
2024/25,n144_fresh_v2,0.146617710416138
2024/25,n144_fresh_v2,0.22031515942576263
2024/25,n144_fresh_v2,0.1092413209402927
2024/25,n144_fresh_v2,0.33467444062672813
2024/25,n144_fresh_v2,0.1804863576880229
2024/25,n144_fresh_v2,0.1626105984467199
2024/25,n144_fresh_v2,0.11153869347323833
2024/25,n144_fresh_v2,0.22102498279904087
2024/25,n144_fresh_v2,0.3643754430236746
2024/25,n144_fresh_v2,0.15750899753315478
2024/25,n144_fresh_v2,0.3841335888648227
2024/25,n144_fresh_v2,0.39466630327684565
2024/25,n144_fresh_v2,0.14888061931328886
2024/25,n144_fresh_v2,0.18132496820819127
2024/25,n144_fresh_v2,0.20193345765069431
2024/25,n144_fresh_v2,0.15835584244915787
2024/25,n144_fresh_v2,0.2653013576078619
2024/25,n144_fresh_v2,0.09624339937103683
2024/25,n144_fresh_v2,0.22860156964510916
2024/25,n144_fresh_v2,0.13985506750936286
2024/25,n144_fresh_v2,0.09858893389094979
2024/25,n144_fresh_v2,0.33307272556810186
2024/25,n144_fresh_v2,0.19824532304722486
2024/25,n144_fresh_v2,0.48287921329021916
2024/25,n144_fresh_v2,0.18099650586580412
2024/25,n144_fresh_v2,0.1481584235482536
2024/25,n144_fresh_v2,0.11164965106576698
2024/25,n144_fresh_v2,0.17320225325947805
2024/25,n144_fresh_v2,0.3614693292472117
2024/25,n144_carry_v2,0.17627240564193086
2024/25,n144_carry_v2,0.07893402125739854
2024/25,n144_carry_v2,0.1493651656952018
2024/25,n144_carry_v2,0.26757141832365033
2024/25,n144_carry_v2,0.14316418427483937
2024/25,n144_carry_v2,0.15288838916245287
2024/25,n144_carry_v2,0.1625312354226966
2024/25,n144_carry_v2,0.3705615431105884
2024/25,n144_carry_v2,0.20811727731708227
2024/25,n144_carry_v2,0.16485471440883942
2024/25,n144_carry_v2,0.4534988159246145
2024/25,n144_carry_v2,0.13917183988361853
2024/25,n144_carry_v2,0.15720999147358028
2024/25,n144_carry_v2,0.3327427248418993
2024/25,n144_carry_v2,0.1495085562292384
2024/25,n144_carry_v2,0.2914067924284084
2024/25,n144_carry_v2,0.10005373519254851
2024/25,n144_carry_v2,0.22657171074093793
2024/25,n144_carry_v2,0.09747380485661311
2024/25,n144_carry_v2,0.3114182304406021
2024/25,n144_carry_v2,0.14308760704138923
2024/25,n144_carry_v2,0.18539182891969175
2024/25,n144_carry_v2,0.10987210940526139
2024/25,n144_carry_v2,0.16430687273417083
2024/25,n144_carry_v2,0.26985669377485794
2024/25,n144_carry_v2,0.1569223820585605
2024/25,n144_carry_v2,0.4222388602557501
2024/25,n144_carry_v2,0.34310838690131557
2024/25,n144_carry_v2,0.12768459256568948
2024/25,n144_carry_v2,0.19994754349185728
2024/25,n144_carry_v2,0.15721074151353948
2024/25,n144_carry_v2,0.15606737029588746
2024/25,n144_carry_v2,0.26371872174747124
2024/25,n144_carry_v2,0.07272345851840513
2024/25,n144_carry_v2,0.1937739776825346
2024/25,n144_carry_v2,0.1473102267902945
2024/25,n144_carry_v2,0.0844396812439062
2024/25,n144_carry_v2,0.3898699442168486
2024/25,n144_carry_v2,0.20428210340546848
2024/25,n144_carry_v2,0.4731092687591574
2024/25,n144_carry_v2,0.16020490818878672
2024/25,n144_carry_v2,0.1394091912223975
2024/25,n144_carry_v2,0.09760401111308277
2024/25,n144_carry_v2,0.18046840558291577
2024/25,n144_carry_v2,0.364146456189589
2024/25,fixed_fresh_v2,0.2813057172556482
2024/25,fixed_fresh_v2,0.10956592676584234
2024/25,fixed_fresh_v2,0.14673014971293669
2024/25,fixed_fresh_v2,0.20490579109720658
2024/25,fixed_fresh_v2,0.13501180489779865
2024/25,fixed_fresh_v2,0.14239344345103233
2024/25,fixed_fresh_v2,0.1561579776014792
2024/25,fixed_fresh_v2,0.34721062239253536
2024/25,fixed_fresh_v2,0.2782025922518008
2024/25,fixed_fresh_v2,0.14555487239076303
2024/25,fixed_fresh_v2,0.4198200938648422
2024/25,fixed_fresh_v2,0.13710600109301235
2024/25,fixed_fresh_v2,0.15001083352196826
2024/25,fixed_fresh_v2,0.34317413567229893
2024/25,fixed_fresh_v2,0.15887954888004555
2024/25,fixed_fresh_v2,0.2579835994125808
2024/25,fixed_fresh_v2,0.14837779560244582
2024/25,fixed_fresh_v2,0.22112836136338418
2024/25,fixed_fresh_v2,0.10981551649065306
2024/25,fixed_fresh_v2,0.33279040521404835
2024/25,fixed_fresh_v2,0.18122205346916576
2024/25,fixed_fresh_v2,0.1643017706754931
2024/25,fixed_fresh_v2,0.11001313818282614
2024/25,fixed_fresh_v2,0.21635416075543773
2024/25,fixed_fresh_v2,0.3512216591862015
2024/25,fixed_fresh_v2,0.1465028018639046
2024/25,fixed_fresh_v2,0.39102170379031376
2024/25,fixed_fresh_v2,0.3877591899602841
2024/25,fixed_fresh_v2,0.15099526351857107
2024/25,fixed_fresh_v2,0.18068161991426013
2024/25,fixed_fresh_v2,0.19633112405205713
2024/25,fixed_fresh_v2,0.15925936627160175
2024/25,fixed_fresh_v2,0.25997951784215856
2024/25,fixed_fresh_v2,0.08873213977107015
2024/25,fixed_fresh_v2,0.23738067859685322
2024/25,fixed_fresh_v2,0.13514134303859296
2024/25,fixed_fresh_v2,0.10577687147987641
2024/25,fixed_fresh_v2,0.33822052802585123
2024/25,fixed_fresh_v2,0.2043583692004156
2024/25,fixed_fresh_v2,0.5073575901187428
2024/25,fixed_fresh_v2,0.18065975892543518
2024/25,fixed_fresh_v2,0.14585068938151563
2024/25,fixed_fresh_v2,0.11011355744024395
2024/25,fixed_fresh_v2,0.17626543026796263
2024/25,fixed_fresh_v2,0.3554146945351796
2024/25,fixed_carry_v2,0.17627240564193086
2024/25,fixed_carry_v2,0.07761558239021361
2024/25,fixed_carry_v2,0.14991806149550127
2024/25,fixed_carry_v2,0.26428892580159563
2024/25,fixed_carry_v2,0.1410127380309843
2024/25,fixed_carry_v2,0.15359213438153696
2024/25,fixed_carry_v2,0.16017410824846395
2024/25,fixed_carry_v2,0.36909487922296397
2024/25,fixed_carry_v2,0.20742926428789316
2024/25,fixed_carry_v2,0.164592347883681
2024/25,fixed_carry_v2,0.4535818371454352
2024/25,fixed_carry_v2,0.13898388905658052
2024/25,fixed_carry_v2,0.15698545484748924
2024/25,fixed_carry_v2,0.3295028809761277
2024/25,fixed_carry_v2,0.1503118361467196
2024/25,fixed_carry_v2,0.2900040173621998
2024/25,fixed_carry_v2,0.10009658700858204
2024/25,fixed_carry_v2,0.2265417728403785
2024/25,fixed_carry_v2,0.10327911465679987
2024/25,fixed_carry_v2,0.3004412617244339
2024/25,fixed_carry_v2,0.14224663773321303
2024/25,fixed_carry_v2,0.18179117676268136
2024/25,fixed_carry_v2,0.11284613843042239
2024/25,fixed_carry_v2,0.169504327756159
2024/25,fixed_carry_v2,0.2641314615239385
2024/25,fixed_carry_v2,0.15431360897898325
2024/25,fixed_carry_v2,0.4208592028964191
2024/25,fixed_carry_v2,0.3625131847742116
2024/25,fixed_carry_v2,0.12554296392471098
2024/25,fixed_carry_v2,0.19129035202624278
2024/25,fixed_carry_v2,0.16401977743691643
2024/25,fixed_carry_v2,0.15907699808754372
2024/25,fixed_carry_v2,0.27468205927641576
2024/25,fixed_carry_v2,0.06891829227340429
2024/25,fixed_carry_v2,0.1854660428213654
2024/25,fixed_carry_v2,0.1414801586553684
2024/25,fixed_carry_v2,0.08100289868698593
2024/25,fixed_carry_v2,0.40886973324793574
2024/25,fixed_carry_v2,0.1918876048968121
2024/25,fixed_carry_v2,0.4944668242807463
2024/25,fixed_carry_v2,0.158845556868908
2024/25,fixed_carry_v2,0.13805066795142054
2024/25,fixed_carry_v2,0.09448322563169792
2024/25,fixed_carry_v2,0.17908753552013307
2024/25,fixed_carry_v2,0.36421684706407476
2025/26,bookmaker,0.030186137338569455
2025/26,bookmaker,0.43163418221853844
2025/26,bookmaker,0.45620020749339757
2025/26,bookmaker,0.151670408395773
2025/26,bookmaker,0.4144244492971837
2025/26,bookmaker,0.09773316181957162
2025/26,bookmaker,0.2526882746072014
2025/26,bookmaker,0.41871719040487526
2025/26,bookmaker,0.16274096277118796
2025/26,bookmaker,0.3185595775831787
2025/26,bookmaker,0.152721528059329
2025/26,bookmaker,0.09406758961074912
2025/26,bookmaker,0.03739941775218866
2025/26,bookmaker,0.24721164912048588
2025/26,bookmaker,0.07239865123285268
2025/26,bookmaker,0.25353979329437354
2025/26,bookmaker,0.1425901394614344
2025/26,bookmaker,0.05804580973604365
2025/26,bookmaker,0.19960060595116588
2025/26,bookmaker,0.15162435052164397
2025/26,bookmaker,0.006536073553272034
2025/26,bookmaker,0.24413768476104775
2025/26,bookmaker,0.26464659581999783
2025/26,bookmaker,0.09433725290089315
2025/26,bookmaker,0.29991381483774354
2025/26,bookmaker,0.19533444002182512
2025/26,bookmaker,0.3661836902507616
2025/26,bookmaker,0.13055218413340536
2025/26,bookmaker,0.2872635229306485
2025/26,bookmaker,0.04227486331648872
2025/26,bookmaker,0.15795848536692458
2025/26,bookmaker,0.26630398269219213
2025/26,bookmaker,0.1435588993095274
2025/26,bookmaker,0.09342939512163309
2025/26,bookmaker,0.4981391652219057
2025/26,bookmaker,0.20611946218137184
2025/26,bookmaker,0.007675209092207654
2025/26,bookmaker,0.21641251847587475
2025/26,bookmaker,0.2669851416537585
2025/26,bookmaker,0.2907738786669195
2025/26,bookmaker,0.1775546793647227
2025/26,bookmaker,0.20053139989294777
2025/26,bookmaker,0.1475238975897181
2025/26,bookmaker,0.270613811533727
2025/26,bookmaker,0.13418286093309062
2025/26,n0_fresh_v2,0.15531466565889931
2025/26,n0_fresh_v2,0.011271037065924111
2025/26,n0_fresh_v2,0.8986781435660585
2025/26,n0_fresh_v2,0.32201300723190784
2025/26,n0_fresh_v2,0.8786211665277124
2025/26,n0_fresh_v2,0.003796158399061769
2025/26,n0_fresh_v2,0.7935887696769457
2025/26,n0_fresh_v2,0.410224514616249
2025/26,n0_fresh_v2,0.16314177134431623
2025/26,n0_fresh_v2,0.38146776237455376
2025/26,n0_fresh_v2,0.13506499092732072
2025/26,n0_fresh_v2,0.17639499296786676
2025/26,n0_fresh_v2,0.1781527895169078
2025/26,n0_fresh_v2,0.2581446807861849
2025/26,n0_fresh_v2,0.12357444371815933
2025/26,n0_fresh_v2,0.2964911020737522
2025/26,n0_fresh_v2,0.14588247411427807
2025/26,n0_fresh_v2,0.18092550348521724
2025/26,n0_fresh_v2,0.2679724889670254
2025/26,n0_fresh_v2,0.14336091610196167
2025/26,n0_fresh_v2,0.07223280430216861
2025/26,n0_fresh_v2,0.27044940943244633
2025/26,n0_fresh_v2,0.29752929417271023
2025/26,n0_fresh_v2,0.1556836749557289
2025/26,n0_fresh_v2,0.23311135043446873
2025/26,n0_fresh_v2,0.22113251654807486
2025/26,n0_fresh_v2,0.3184342503719798
2025/26,n0_fresh_v2,0.16097801868395575
2025/26,n0_fresh_v2,0.291430024903374
2025/26,n0_fresh_v2,0.1498976262032197
2025/26,n0_fresh_v2,0.1562508540936185
2025/26,n0_fresh_v2,0.2529841039789865
2025/26,n0_fresh_v2,0.19197384848371812
2025/26,n0_fresh_v2,0.20603738333569618
2025/26,n0_fresh_v2,0.3815863953896246
2025/26,n0_fresh_v2,0.14834693605606425
2025/26,n0_fresh_v2,0.08424653386141054
2025/26,n0_fresh_v2,0.3012471038157774
2025/26,n0_fresh_v2,0.26892307802923565
2025/26,n0_fresh_v2,0.27656251876522137
2025/26,n0_fresh_v2,0.2553522558215697
2025/26,n0_fresh_v2,0.2254575511616897
2025/26,n0_fresh_v2,0.15033414891762126
2025/26,n0_fresh_v2,0.24163945439504322
2025/26,n0_fresh_v2,0.14866482211875448
2025/26,n0_carry_v2,0.08164406693846471
2025/26,n0_carry_v2,0.021701646592487436
2025/26,n0_carry_v2,0.9083404124817156
2025/26,n0_carry_v2,0.2718984944224724
2025/26,n0_carry_v2,0.895605403177089
2025/26,n0_carry_v2,0.003212658515874104
2025/26,n0_carry_v2,0.7778867649529141
2025/26,n0_carry_v2,0.42941601066009794
2025/26,n0_carry_v2,0.15323363761986206
2025/26,n0_carry_v2,0.39591043153941624
2025/26,n0_carry_v2,0.13234740268057202
2025/26,n0_carry_v2,0.11798981895047345
2025/26,n0_carry_v2,0.12007409970467084
2025/26,n0_carry_v2,0.22942263247601752
2025/26,n0_carry_v2,0.12714188242049007
2025/26,n0_carry_v2,0.3134001648574417
2025/26,n0_carry_v2,0.13849607960558155
2025/26,n0_carry_v2,0.14118661286835943
2025/26,n0_carry_v2,0.256419580457177
2025/26,n0_carry_v2,0.1373630645306944
2025/26,n0_carry_v2,0.05617003966141772
2025/26,n0_carry_v2,0.2718622935965377
2025/26,n0_carry_v2,0.30436832116219514
2025/26,n0_carry_v2,0.1303808125951197
2025/26,n0_carry_v2,0.291180620631978
2025/26,n0_carry_v2,0.24239589782591572
2025/26,n0_carry_v2,0.26910755297116207
2025/26,n0_carry_v2,0.12923027337601853
2025/26,n0_carry_v2,0.2551780622860656
2025/26,n0_carry_v2,0.10545874426982149
2025/26,n0_carry_v2,0.17667269453806064
2025/26,n0_carry_v2,0.2196174319551595
2025/26,n0_carry_v2,0.19637586820878844
2025/26,n0_carry_v2,0.16633472610632893
2025/26,n0_carry_v2,0.4228715890434961
2025/26,n0_carry_v2,0.1667914649119333
2025/26,n0_carry_v2,0.07243809131430302
2025/26,n0_carry_v2,0.2408279998257744
2025/26,n0_carry_v2,0.2725684872392864
2025/26,n0_carry_v2,0.2647995149872751
2025/26,n0_carry_v2,0.23901854635225175
2025/26,n0_carry_v2,0.19662231494477284
2025/26,n0_carry_v2,0.14205486305222093
2025/26,n0_carry_v2,0.2003239944835838
2025/26,n0_carry_v2,0.1591502006213741
2025/26,n36_fresh_v2,0.15531466565889931
2025/26,n36_fresh_v2,0.22255163944609074
2025/26,n36_fresh_v2,0.44386763227083226
2025/26,n36_fresh_v2,0.1412696857654933
2025/26,n36_fresh_v2,0.399491726671119
2025/26,n36_fresh_v2,0.12987445803023284
2025/26,n36_fresh_v2,0.26813118417743403
2025/26,n36_fresh_v2,0.40226282421912696
2025/26,n36_fresh_v2,0.1621699764138703
2025/26,n36_fresh_v2,0.3771158836507492
2025/26,n36_fresh_v2,0.13665603822743483
2025/26,n36_fresh_v2,0.151557552178209
2025/26,n36_fresh_v2,0.2004528248434742
2025/26,n36_fresh_v2,0.28401550618271687
2025/26,n36_fresh_v2,0.10295841778602251
2025/26,n36_fresh_v2,0.2343683228631343
2025/26,n36_fresh_v2,0.16379700087538546
2025/26,n36_fresh_v2,0.13462344513393096
2025/26,n36_fresh_v2,0.22763117684914327
2025/26,n36_fresh_v2,0.15508693424716818
2025/26,n36_fresh_v2,0.05988021867155106
2025/26,n36_fresh_v2,0.3020872876513326
2025/26,n36_fresh_v2,0.2573906635674969
2025/26,n36_fresh_v2,0.17785047057010295
2025/26,n36_fresh_v2,0.2635752012259062
2025/26,n36_fresh_v2,0.1947306513266048
2025/26,n36_fresh_v2,0.3666135426043593
2025/26,n36_fresh_v2,0.14109231226472138
2025/26,n36_fresh_v2,0.3117023351775852
2025/26,n36_fresh_v2,0.1749978412282843
2025/26,n36_fresh_v2,0.14318466064674007
2025/26,n36_fresh_v2,0.2830038038921875
2025/26,n36_fresh_v2,0.18192991686881202
2025/26,n36_fresh_v2,0.16268164301781574
2025/26,n36_fresh_v2,0.43751193177593406
2025/26,n36_fresh_v2,0.15597859270683306
2025/26,n36_fresh_v2,0.068375991105457
2025/26,n36_fresh_v2,0.3025096682336477
2025/26,n36_fresh_v2,0.26214285596670783
2025/26,n36_fresh_v2,0.24546944908486218
2025/26,n36_fresh_v2,0.26660312919438983
2025/26,n36_fresh_v2,0.24975864517109442
2025/26,n36_fresh_v2,0.15283813510643138
2025/26,n36_fresh_v2,0.253812582678829
2025/26,n36_fresh_v2,0.15435536088770796
2025/26,n36_carry_v2,0.08164406693846471
2025/26,n36_carry_v2,0.2989361265838675
2025/26,n36_carry_v2,0.4867022737394514
2025/26,n36_carry_v2,0.14567197285325595
2025/26,n36_carry_v2,0.4686719888087161
2025/26,n36_carry_v2,0.1223963803624378
2025/26,n36_carry_v2,0.2598012071876892
2025/26,n36_carry_v2,0.4216087997217178
2025/26,n36_carry_v2,0.1526633733595735
2025/26,n36_carry_v2,0.3977531659562983
2025/26,n36_carry_v2,0.13441837310691293
2025/26,n36_carry_v2,0.09756637737554998
2025/26,n36_carry_v2,0.13259552129383714
2025/26,n36_carry_v2,0.2526045389658838
2025/26,n36_carry_v2,0.10768218516061918
2025/26,n36_carry_v2,0.25500906046398353
2025/26,n36_carry_v2,0.1507455512247302
2025/26,n36_carry_v2,0.10459714837849984
2025/26,n36_carry_v2,0.21530968199623843
2025/26,n36_carry_v2,0.14984332506999537
2025/26,n36_carry_v2,0.042862771434032026
2025/26,n36_carry_v2,0.3075682961935021
2025/26,n36_carry_v2,0.2798229786526379
2025/26,n36_carry_v2,0.15000873300960943
2025/26,n36_carry_v2,0.32825213371328327
2025/26,n36_carry_v2,0.20660548338894127
2025/26,n36_carry_v2,0.3089828894014593
2025/26,n36_carry_v2,0.10174364477675518
2025/26,n36_carry_v2,0.28527167116459506
2025/26,n36_carry_v2,0.12073070359179142
2025/26,n36_carry_v2,0.15862395933052148
2025/26,n36_carry_v2,0.2513037273900033
2025/26,n36_carry_v2,0.1783146739316696
2025/26,n36_carry_v2,0.13959659884225162
2025/26,n36_carry_v2,0.46412426045191724
2025/26,n36_carry_v2,0.17569665354806197
2025/26,n36_carry_v2,0.0628734771120174
2025/26,n36_carry_v2,0.26160629978011996
2025/26,n36_carry_v2,0.2957941990413384
2025/26,n36_carry_v2,0.240060231559645
2025/26,n36_carry_v2,0.2488222539191995
2025/26,n36_carry_v2,0.21935501863922752
2025/26,n36_carry_v2,0.14753182922249602
2025/26,n36_carry_v2,0.23256576573855395
2025/26,n36_carry_v2,0.1672824021227346
2025/26,n72_fresh_v2,0.15531466565889931
2025/26,n72_fresh_v2,0.2286245967597409
2025/26,n72_fresh_v2,0.4359935927032369
2025/26,n72_fresh_v2,0.14181307595841144
2025/26,n72_fresh_v2,0.39180503584636217
2025/26,n72_fresh_v2,0.1343469536881814
2025/26,n72_fresh_v2,0.2616511487624818
2025/26,n72_fresh_v2,0.4015669472337215
2025/26,n72_fresh_v2,0.16208879969003143
2025/26,n72_fresh_v2,0.3783102097601764
2025/26,n72_fresh_v2,0.1367109067808525
2025/26,n72_fresh_v2,0.15010177256770177
2025/26,n72_fresh_v2,0.20082915950697325
2025/26,n72_fresh_v2,0.2875994055495513
2025/26,n72_fresh_v2,0.1008755729110748
2025/26,n72_fresh_v2,0.22589535009742906
2025/26,n72_fresh_v2,0.1672654577980303
2025/26,n72_fresh_v2,0.1283128345422909
2025/26,n72_fresh_v2,0.21525245683013508
2025/26,n72_fresh_v2,0.15499216409503375
2025/26,n72_fresh_v2,0.057626799039398595
2025/26,n72_fresh_v2,0.3101114145229433
2025/26,n72_fresh_v2,0.25938334295867316
2025/26,n72_fresh_v2,0.18509870951046917
2025/26,n72_fresh_v2,0.26799313460312657
2025/26,n72_fresh_v2,0.19168540558164288
2025/26,n72_fresh_v2,0.3784655974883223
2025/26,n72_fresh_v2,0.14138184407870708
2025/26,n72_fresh_v2,0.3324278368122708
2025/26,n72_fresh_v2,0.16817239795013275
2025/26,n72_fresh_v2,0.13659492201292253
2025/26,n72_fresh_v2,0.28750013233404625
2025/26,n72_fresh_v2,0.17319386718263347
2025/26,n72_fresh_v2,0.1571089822880663
2025/26,n72_fresh_v2,0.4561955495772964
2025/26,n72_fresh_v2,0.16472206086546856
2025/26,n72_fresh_v2,0.06268930614748207
2025/26,n72_fresh_v2,0.3280715310010112
2025/26,n72_fresh_v2,0.2791262534566667
2025/26,n72_fresh_v2,0.2362927950475388
2025/26,n72_fresh_v2,0.25224063274701386
2025/26,n72_fresh_v2,0.2519154987088238
2025/26,n72_fresh_v2,0.15426396604155834
2025/26,n72_fresh_v2,0.2684701840599615
2025/26,n72_fresh_v2,0.16352209093329748
2025/26,n72_carry_v2,0.08164406693846471
2025/26,n72_carry_v2,0.3057924948253298
2025/26,n72_carry_v2,0.47901184744225767
2025/26,n72_carry_v2,0.14698762690206374
2025/26,n72_carry_v2,0.46119134111927473
2025/26,n72_carry_v2,0.12675264275876774
2025/26,n72_carry_v2,0.2535566012815806
2025/26,n72_carry_v2,0.4209260897463472
2025/26,n72_carry_v2,0.15261846182097638
2025/26,n72_carry_v2,0.39574045811820785
2025/26,n72_carry_v2,0.13479698010501487
2025/26,n72_carry_v2,0.0961497274738434
2025/26,n72_carry_v2,0.13311198755198744
2025/26,n72_carry_v2,0.2549945782816916
2025/26,n72_carry_v2,0.10468733931364582
2025/26,n72_carry_v2,0.2460080548423414
2025/26,n72_carry_v2,0.15353970337409664
2025/26,n72_carry_v2,0.09897386822866089
2025/26,n72_carry_v2,0.2102869559213816
2025/26,n72_carry_v2,0.1524893908030993
2025/26,n72_carry_v2,0.04026026842128108
2025/26,n72_carry_v2,0.31276295458904474
2025/26,n72_carry_v2,0.27462748510497653
2025/26,n72_carry_v2,0.15531876493288538
2025/26,n72_carry_v2,0.3277716837010679
2025/26,n72_carry_v2,0.1962154651498736
2025/26,n72_carry_v2,0.31569444313121153
2025/26,n72_carry_v2,0.09624512444520139
2025/26,n72_carry_v2,0.3054625277620422
2025/26,n72_carry_v2,0.1287327991555906
2025/26,n72_carry_v2,0.15579692385978272
2025/26,n72_carry_v2,0.24058346478768228
2025/26,n72_carry_v2,0.16655243397692537
2025/26,n72_carry_v2,0.13175213389300627
2025/26,n72_carry_v2,0.4807422891038561
2025/26,n72_carry_v2,0.1806505589597967
2025/26,n72_carry_v2,0.05581744554186936
2025/26,n72_carry_v2,0.2671989392967891
2025/26,n72_carry_v2,0.30565659201933876
2025/26,n72_carry_v2,0.23405443433159545
2025/26,n72_carry_v2,0.26385097294420173
2025/26,n72_carry_v2,0.2228854589190043
2025/26,n72_carry_v2,0.1514734413916906
2025/26,n72_carry_v2,0.21762151194494284
2025/26,n72_carry_v2,0.16473651614639417
2025/26,n144_fresh_v2,0.15531466565889931
2025/26,n144_fresh_v2,0.2317609011497679
2025/26,n144_fresh_v2,0.43197822895980187
2025/26,n144_fresh_v2,0.14213045919829326
2025/26,n144_fresh_v2,0.38789238442517937
2025/26,n144_fresh_v2,0.13667165261879854
2025/26,n144_fresh_v2,0.2583716196594003
2025/26,n144_fresh_v2,0.4011713090702764
2025/26,n144_fresh_v2,0.1620429180967489
2025/26,n144_fresh_v2,0.3790882596374947
2025/26,n144_fresh_v2,0.1368825410100194
2025/26,n144_fresh_v2,0.1465148738997565
2025/26,n144_fresh_v2,0.20355453797618955
2025/26,n144_fresh_v2,0.2921325472983237
2025/26,n144_fresh_v2,0.09934535988937382
2025/26,n144_fresh_v2,0.2218189520131275
2025/26,n144_fresh_v2,0.16964837576273673
2025/26,n144_fresh_v2,0.12368260605392795
2025/26,n144_fresh_v2,0.21729387029154312
2025/26,n144_fresh_v2,0.16165467311829662
2025/26,n144_fresh_v2,0.055557273545539264
2025/26,n144_fresh_v2,0.32824058112167015
2025/26,n144_fresh_v2,0.2550267296020549
2025/26,n144_fresh_v2,0.18329433934944617
2025/26,n144_fresh_v2,0.28481703511100354
2025/26,n144_fresh_v2,0.1816551487471301
2025/26,n144_fresh_v2,0.380913220636664
2025/26,n144_fresh_v2,0.1314989253603264
2025/26,n144_fresh_v2,0.33443735365452887
2025/26,n144_fresh_v2,0.17602070268305325
2025/26,n144_fresh_v2,0.12812221559387624
2025/26,n144_fresh_v2,0.2988488179625776
2025/26,n144_fresh_v2,0.1591756105654912
2025/26,n144_fresh_v2,0.14524303935094077
2025/26,n144_fresh_v2,0.4616231559961118
2025/26,n144_fresh_v2,0.16562135198985448
2025/26,n144_fresh_v2,0.06591403717434188
2025/26,n144_fresh_v2,0.3355651128104654
2025/26,n144_fresh_v2,0.2816225482533403
2025/26,n144_fresh_v2,0.23878173527960428
2025/26,n144_fresh_v2,0.2652543913730394
2025/26,n144_fresh_v2,0.2520909354421115
2025/26,n144_fresh_v2,0.16565094784731663
2025/26,n144_fresh_v2,0.2813695949945444
2025/26,n144_fresh_v2,0.16376807197768017
2025/26,n144_carry_v2,0.08164406693846471
2025/26,n144_carry_v2,0.30931917073631626
2025/26,n144_carry_v2,0.4750834239915702
2025/26,n144_carry_v2,0.1476920613876874
2025/26,n144_carry_v2,0.45737285317593596
2025/26,n144_carry_v2,0.12901889997479402
2025/26,n144_carry_v2,0.25039682925292484
2025/26,n144_carry_v2,0.4205379133258127
2025/26,n144_carry_v2,0.1525932829457828
2025/26,n144_carry_v2,0.3967563991859693
2025/26,n144_carry_v2,0.13490653058003166
2025/26,n144_carry_v2,0.09371455755807587
2025/26,n144_carry_v2,0.13363488136640903
2025/26,n144_carry_v2,0.25626530330559455
2025/26,n144_carry_v2,0.10244530701602952
2025/26,n144_carry_v2,0.23715035286405609
2025/26,n144_carry_v2,0.15581509026636592
2025/26,n144_carry_v2,0.0963227999067051
2025/26,n144_carry_v2,0.20620254594612603
2025/26,n144_carry_v2,0.15371297920022295
2025/26,n144_carry_v2,0.038848008040374374
2025/26,n144_carry_v2,0.3190386475736921
2025/26,n144_carry_v2,0.2627269215860408
2025/26,n144_carry_v2,0.15398716385775904
2025/26,n144_carry_v2,0.3332419087608606
2025/26,n144_carry_v2,0.2025099290117946
2025/26,n144_carry_v2,0.3319781013267924
2025/26,n144_carry_v2,0.09295122249200861
2025/26,n144_carry_v2,0.32031192989249185
2025/26,n144_carry_v2,0.1273558076369958
2025/26,n144_carry_v2,0.14692517639270808
2025/26,n144_carry_v2,0.25761570312648374
2025/26,n144_carry_v2,0.16005372317910396
2025/26,n144_carry_v2,0.13216039234556837
2025/26,n144_carry_v2,0.49624213492039204
2025/26,n144_carry_v2,0.18373409742281516
2025/26,n144_carry_v2,0.05561883197774761
2025/26,n144_carry_v2,0.2670492468197197
2025/26,n144_carry_v2,0.3160718823802119
2025/26,n144_carry_v2,0.2285665697388768
2025/26,n144_carry_v2,0.2698186312762759
2025/26,n144_carry_v2,0.22770548794453999
2025/26,n144_carry_v2,0.15364658824562322
2025/26,n144_carry_v2,0.23358712062856873
2025/26,n144_carry_v2,0.17230902342602714
2025/26,fixed_fresh_v2,0.15531466565889931
2025/26,fixed_fresh_v2,0.2349661836593718
2025/26,fixed_fresh_v2,0.4279097412023338
2025/26,fixed_fresh_v2,0.1424798499726749
2025/26,fixed_fresh_v2,0.38393291084492576
2025/26,fixed_fresh_v2,0.13905792836370245
2025/26,fixed_fresh_v2,0.25506580031347176
2025/26,fixed_fresh_v2,0.4007377803023281
2025/26,fixed_fresh_v2,0.16199286827566076
2025/26,fixed_fresh_v2,0.37753564604164647
2025/26,fixed_fresh_v2,0.1372739477569885
2025/26,fixed_fresh_v2,0.146405663160294
2025/26,fixed_fresh_v2,0.20560223031940314
2025/26,fixed_fresh_v2,0.2942762742175535
2025/26,fixed_fresh_v2,0.09799132681154385
2025/26,fixed_fresh_v2,0.21251717099858777
2025/26,fixed_fresh_v2,0.17396826438381924
2025/26,fixed_fresh_v2,0.12154701143733321
2025/26,fixed_fresh_v2,0.2049387403143895
2025/26,fixed_fresh_v2,0.15805218996261133
2025/26,fixed_fresh_v2,0.054235317717899016
2025/26,fixed_fresh_v2,0.32619632315869995
2025/26,fixed_fresh_v2,0.2459334367654952
2025/26,fixed_fresh_v2,0.18758206458403592
2025/26,fixed_fresh_v2,0.28928377848745995
2025/26,fixed_fresh_v2,0.16591691235898776
2025/26,fixed_fresh_v2,0.3939031415706161
2025/26,fixed_fresh_v2,0.12166187196082741
2025/26,fixed_fresh_v2,0.3421387593696709
2025/26,fixed_fresh_v2,0.18409381463816477
2025/26,fixed_fresh_v2,0.12088691815116842
2025/26,fixed_fresh_v2,0.31953458123054296
2025/26,fixed_fresh_v2,0.156569312423925
2025/26,fixed_fresh_v2,0.13438366707759486
2025/26,fixed_fresh_v2,0.4803257620781053
2025/26,fixed_fresh_v2,0.16899623526877375
2025/26,fixed_fresh_v2,0.05789346880618631
2025/26,fixed_fresh_v2,0.3364564924359511
2025/26,fixed_fresh_v2,0.28651450276168694
2025/26,fixed_fresh_v2,0.24396714071303452
2025/26,fixed_fresh_v2,0.28021620906639544
2025/26,fixed_fresh_v2,0.2710628901500544
2025/26,fixed_fresh_v2,0.1634434185215654
2025/26,fixed_fresh_v2,0.31016070551125874
2025/26,fixed_fresh_v2,0.16994514829819202
2025/26,fixed_carry_v2,0.08164406693846471
2025/26,fixed_carry_v2,0.3129135722082666
2025/26,fixed_carry_v2,0.47109836299164265
2025/26,fixed_carry_v2,0.14842890712450588
2025/26,fixed_carry_v2,0.45350120791804294
2025/26,fixed_carry_v2,0.1313465603606469
2025/26,fixed_carry_v2,0.24721212521849414
2025/26,fixed_carry_v2,0.42011254064051584
2025/26,fixed_carry_v2,0.15256598877862
2025/26,fixed_carry_v2,0.3962849775383447
2025/26,fixed_carry_v2,0.13542029344109957
2025/26,fixed_carry_v2,0.09162121473404186
2025/26,fixed_carry_v2,0.13483373033679433
2025/26,fixed_carry_v2,0.2585246675207568
2025/26,fixed_carry_v2,0.10217095754195699
2025/26,fixed_carry_v2,0.23192873552420135
2025/26,fixed_carry_v2,0.15810356692630245
2025/26,fixed_carry_v2,0.09132256703674413
2025/26,fixed_carry_v2,0.19699337477500575
2025/26,fixed_carry_v2,0.15568697357061334
2025/26,fixed_carry_v2,0.035641385566842015
2025/26,fixed_carry_v2,0.3190599844677582
2025/26,fixed_carry_v2,0.25725560161438393
2025/26,fixed_carry_v2,0.165257073589921
2025/26,fixed_carry_v2,0.3448045771611259
2025/26,fixed_carry_v2,0.18719783605987325
2025/26,fixed_carry_v2,0.3391704051175423
2025/26,fixed_carry_v2,0.08884679357615774
2025/26,fixed_carry_v2,0.32259865260623327
2025/26,fixed_carry_v2,0.13640278500619427
2025/26,fixed_carry_v2,0.1543701799856737
2025/26,fixed_carry_v2,0.2625058229085021
2025/26,fixed_carry_v2,0.1479983888677636
2025/26,fixed_carry_v2,0.12324866293133035
2025/26,fixed_carry_v2,0.5052106480299267
2025/26,fixed_carry_v2,0.18735669257906154
2025/26,fixed_carry_v2,0.0515020316599229
2025/26,fixed_carry_v2,0.27859019233477
2025/26,fixed_carry_v2,0.3113182998593079
2025/26,fixed_carry_v2,0.21730341312481552
2025/26,fixed_carry_v2,0.2708504899968969
2025/26,fixed_carry_v2,0.2473629474370138
2025/26,fixed_carry_v2,0.15413975392372042
2025/26,fixed_carry_v2,0.25035009648915446
2025/26,fixed_carry_v2,0.17437046409280568
