season,Date,HomeTeam,AwayTeam,FTHG,FTAG,season_game,matchday,outcome,p_home_fresh_v2,p_draw_fresh_v2,p_away_fresh_v2,rps_fresh_v2,p_home_carry_v2,p_draw_carry_v2,p_away_carry_v2,rps_carry_v2,p_home_bookmaker,p_draw_bookmaker,p_away_bookmaker,summer_variance_scale,goal_level_prior_matches
2023/24,2023-08-18,Werder Bremen,Bayern Munich,0,4,1,1,2,0.31884594764719754,0.2606191881678804,0.42053486418492236,0.2187212909781131,0.2454517277281432,0.24248252911440502,0.512065743157452,0.14916319482261017,0.10971670145305168,0.15325507504553249,0.7370282235014158,1.0,144.0
2023/24,2023-08-19,Dortmund,FC Koln,1,0,2,1,0,0.5221356495160694,0.24516629723948735,0.23269805324444326,0.14125136072359132,0.5436044721108148,0.2347121719379746,0.22168335595121047,0.1287201940915196,0.6466761600662447,0.1960805224297248,0.1572433175040305,1.0,144.0
2023/24,2023-08-19,Wolfsburg,Heidenheim,2,0,3,1,0,0.54535178567178,0.23855323564532313,0.21609497868289662,0.12670101930190036,0.5189057852593838,0.2448014478679798,0.23629276687263634,0.1436429575666081,0.5891810901575821,0.22127615603203307,0.1895427538103849,1.0,144.0
2023/24,2023-08-19,Stuttgart,Bochum,5,0,4,1,0,0.4875850004606474,0.2534149076774977,0.25900009186185485,0.16482508966868198,0.5237924712278126,0.24404325524821033,0.23216427352397717,0.14033693018011487,0.5489408412546418,0.23488334072914957,0.21617581801620847,1.0,144.0
2023/24,2023-08-19,Hoffenheim,Freiburg,1,2,5,1,2,0.4211464808669656,0.26341285006138265,0.3154406690716522,0.3229929179538486,0.4125678790764707,0.27286851202128287,0.31456360890224655,0.32001765054338493,0.44426952141057935,0.2613350125944584,0.29439546599496225,1.0,144.0
2023/24,2023-08-19,Augsburg,M'gladbach,4,4,6,1,1,0.4118311314189514,0.26413895547562055,0.3240299131054281,0.13730013269646243,0.359727774223258,0.26705878125941424,0.3732134445173278,0.13434617335805388,0.3348297626455685,0.26282336207662904,0.40234687527780244,1.0,144.0
2023/24,2023-08-19,Leverkusen,RB Leipzig,3,2,7,1,0,0.4369181238724073,0.26178722933974974,0.30129464678784285,0.20391983170319034,0.3352955295810651,0.2723082656399492,0.39239620477898574,0.2979034072599342,0.39754944836862655,0.2716040308413757,0.3308465207899979,1.0,144.0
2023/24,2023-08-20,Union Berlin,Mainz,4,1,8,1,0,0.46265178919024413,0.2560714304078943,0.28127678040186177,0.1839298634268414,0.40948403205923006,0.2776657939737149,0.3128501739670552,0.2232921698721205,0.43676767676767686,0.2973737373737374,0.2658585858585859,1.0,144.0
2023/24,2023-08-20,Ein Frankfurt,Darmstadt,1,0,9,1,0,0.5693439640804229,0.22937747528587218,0.20127856063370494,0.11298884012237007,0.5585362971561192,0.2363970606231971,0.205066642220684,0.1184712643401481,0.6515636924608924,0.20310248990935764,0.14533381762974995,1.0,144.0
2023/24,2023-08-25,RB Leipzig,Stuttgart,5,1,10,2,0,0.4745780326024775,0.25006409522194095,0.2753578721755817,0.17594510079647352,0.5684505156531227,0.23302882385931856,0.19852066048755893,0.11282270504023616,0.5929632360686822,0.22458653744864637,0.18245022648267145,1.0,144.0
2023/24,2023-08-26,M'gladbach,Leverkusen,0,3,11,2,2,0.395328349081453,0.25636299100799104,0.34830865991055615,0.2904930531675212,0.3663593621281757,0.255263817280035,0.3783768205917891,0.2603172796982682,0.22373910435280536,0.23854536861144687,0.5377155270357477,1.0,144.0
2023/24,2023-08-26,Heidenheim,Hoffenheim,2,3,12,2,2,0.37683428779973477,0.25179818521692715,0.3713675269833384,0.26859143329628876,0.38221279561032734,0.25902840444300207,0.35875879994667087,0.2786384488870479,0.3109201739986278,0.2557176365785059,0.43336218942286625,1.0,144.0
2023/24,2023-08-26,Freiburg,Werder Bremen,1,0,13,2,0,0.5334087601351821,0.23555012079057575,0.23104111907424238,0.13554369191083304,0.5083765101854337,0.24884130811965782,0.24278218169490873,0.15031842174299626,0.5522657982861214,0.2384171860893744,0.20931701562450428,1.0,144.0
2023/24,2023-08-26,FC Koln,Wolfsburg,1,2,14,2,2,0.38680490481595864,0.2567496995650719,0.35644539561896954,0.28189028160485374,0.4549991406027033,0.2554894826373783,0.2895113767599183,0.3559091508513926,0.44687302680160823,0.2710947170901723,0.2820322561082196,1.0,144.0
2023/24,2023-08-26,Bochum,Dortmund,1,1,15,2,1,0.303155654094292,0.24941512602075497,0.4474292198849528,0.14604812870809783,0.24114024925614097,0.2191727695585552,0.5396869811853041,0.1747053287361101,0.17330134096659977,0.20634608818480737,0.6203525708485927,1.0,144.0
2023/24,2023-08-26,Darmstadt,Union Berlin,1,4,16,2,2,0.3543273720018633,0.2594814580392716,0.3861911699588652,0.2511545831931068,0.37817013056950133,0.2822032184742193,0.33962665095627914,0.28955280389108673,0.23455370650529503,0.2859909228441755,0.4794553706505295,1.0,144.0
2023/24,2023-08-27,Mainz,Ein Frankfurt,1,1,17,2,1,0.4056224729683781,0.25988891308370854,0.3344886139479131,0.1382061117188894,0.40063396335935675,0.2602212509718061,0.33914478566883755,0.13776337912169398,0.34702333800499663,0.28782523916885017,0.36515142282615315,1.0,144.0
2023/24,2023-08-27,Bayern Munich,Augsburg,3,1,18,2,0,0.5867439566887,0.2188315697732255,0.19442447353807468,0.10429071662193422,0.6974258089568224,0.17467078981596526,0.12790340122721214,0.053955210565461306,0.8735282947208508,0.08431447018609951,0.04215723509304976,1.0,144.0
2023/24,2023-09-01,Dortmund,Heidenheim,2,2,19,3,1,0.6068561242739138,0.20738349180972826,0.18576038391635777,0.2013906379007543,0.6800682484439877,0.17328651612100307,0.14664523543500926,0.24199882380873133,0.7642778535175178,0.1376784218393259,0.09804372464315633,1.0,144.0
2023/24,2023-09-02,Augsburg,Bochum,2,2,20,3,1,0.5079945476302165,0.23916623850581029,0.2528392138639729,0.16099306424469012,0.45369706107691504,0.2540507238474182,0.292252215075667,0.1456261902232319,0.43448091033543634,0.2656472957213945,0.29987179394316926,1.0,144.0
2023/24,2023-09-02,Leverkusen,Darmstadt,5,1,21,3,0,0.611467011043513,0.20675480957639605,0.18177817938009094,0.09200059500310111,0.6020145844414483,0.21187797178187018,0.18610744377668156,0.09651418581320188,0.7923164221764533,0.1333277289731411,0.07435584885040562,1.0,144.0
2023/24,2023-09-02,Hoffenheim,Wolfsburg,3,1,22,3,0,0.36414199506959216,0.2454244683735926,0.39043353655681534,0.2783768744511703,0.38091019461774334,0.25227513610235,0.36681466927990675,0.2589125943635839,0.37956326905953963,0.24666832095053207,0.37376840998992833,1.0,144.0
2023/24,2023-09-02,Werder Bremen,Mainz,4,0,23,3,0,0.38110465174304997,0.25751056184431304,0.36138478641263644,0.25681520797229934,0.3760917760415966,0.25861425862307164,0.3652939653353319,0.26135057651666993,0.3585657370517928,0.2788844621513944,0.3625498007968127,1.0,144.0
2023/24,2023-09-02,Stuttgart,Freiburg,5,0,24,3,0,0.42875463657587254,0.25199489530624736,0.3192504681178797,0.2141210633135245,0.445329270675879,0.25573040711640654,0.2989403222077142,0.19851246710530224,0.41645299066692665,0.26886388133716416,0.3146831279959092,1.0,144.0
2023/24,2023-09-02,M'gladbach,Bayern Munich,1,2,25,3,2,0.2804995588758937,0.23828068611524686,0.48121975500885933,0.17390647256131936,0.23541849227603312,0.2183459281178804,0.5462355796060867,0.13066200786047247,0.09684857801691009,0.13451191391237513,0.7686395080707149,1.0,144.0
2023/24,2023-09-03,Ein Frankfurt,FC Koln,1,1,26,3,1,0.49683979644587234,0.250932395062394,0.2522278084917337,0.15523432535445927,0.451301581233061,0.26573215774823195,0.2829662610187074,0.1418715110491841,0.4511700070136661,0.28133302161484347,0.26749697137149053,1.0,144.0
2023/24,2023-09-03,Union Berlin,RB Leipzig,0,3,27,3,2,0.3608358605066873,0.24932687503716366,0.38983726445614897,0.2512505410369785,0.2601891207449408,0.2579693814256006,0.4818414978294584,0.1680933059628222,0.27303599336061624,0.25927555868196456,0.46768844795741926,1.0,144.0
2023/24,2023-09-15,Bayern Munich,Leverkusen,2,2,28,4,1,0.5268753639542687,0.23749542683699468,0.2356292092087366,0.16655938668713885,0.5649299313092485,0.22813621441934095,0.20693385427141062,0.18098372366634682,0.6049231088584822,0.2140497154422322,0.18102717569928561,1.0,144.0
2023/24,2023-09-16,Freiburg,Dortmund,2,4,29,4,2,0.4527278501133801,0.24991978616447771,0.2973523637221423,0.349338103517572,0.3772675252854458,0.25037579586974085,0.3723566788448134,0.2681334621128586,0.3293849425278957,0.25609248149420166,0.4145225759779027,1.0,144.0
2023/24,2023-09-16,FC Koln,Hoffenheim,1,3,30,4,2,0.4289202642536772,0.2502018361058872,0.32087789964043584,0.3225897101421153,0.477121588167387,0.25108249353183,0.2717959183007828,0.37896309724938476,0.4403241263892663,0.25324340947776464,0.3064324641329691,1.0,144.0
2023/24,2023-09-16,Mainz,Stuttgart,1,3,31,4,2,0.3769430896043586,0.24865747891104026,0.3743994314846012,0.26673108206363494,0.3821032965177308,0.24807910565039673,0.3698175978318726,0.27156639460605425,0.3615934627170582,0.27681307456588355,0.3615934627170582,1.0,144.0
2023/24,2023-09-16,Wolfsburg,Union Berlin,2,1,32,4,0,0.5418193429307933,0.2338745789318325,0.2243060781373743,0.13012136560086993,0.5077573485818033,0.25684130987397785,0.2354013415442189,0.14885830973801714,0.4385971239887614,0.2919616676104292,0.2694412084008093,1.0,144.0
2023/24,2023-09-16,Bochum,Ein Frankfurt,1,1,33,4,1,0.34618774798257135,0.2659332910018358,0.3878789610155926,0.13514802262589004,0.32641053483754606,0.26169192663521634,0.41189753852723726,0.13810170974886504,0.3341085947785572,0.2879229949121096,0.37796841030933304,1.0,144.0
2023/24,2023-09-16,RB Leipzig,Augsburg,3,0,34,4,0,0.5500522798420039,0.23511651733267128,0.21483120282532506,0.12430269829137712,0.6696687561144734,0.19476011401617888,0.13557112986934783,0.0637491309705054,0.7621657349012695,0.14340007160364626,0.09443419349508414,1.0,144.0
2023/24,2023-09-17,Heidenheim,Werder Bremen,4,2,35,4,0,0.3867346829748554,0.24663220712418127,0.366633109900963,0.2552570931708014,0.3995073948640613,0.24904777682476226,0.3514448283111767,0.24205241808480932,0.4199331521206601,0.25282797013982894,0.32723887773951105,1.0,144.0
2023/24,2023-09-17,Darmstadt,M'gladbach,3,3,36,4,1,0.3819942031628979,0.25510757402169415,0.3628982228154077,0.1388073456863194,0.3773530873848616,0.2539100523409969,0.3687368602741412,0.13918111234185934,0.403971793010474,0.2635072073006326,0.33252099968889354,1.0,144.0
2023/24,2023-09-22,Stuttgart,Darmstadt,3,1,37,5,0,0.610997235933676,0.2060550035577797,0.1829477605085445,0.09239651676316588,0.6028586569991649,0.20997384023946267,0.18716750276137264,0.09637646020521769,0.6981125417247458,0.1848336062852184,0.11705385199003579,1.0,144.0
2023/24,2023-09-23,Augsburg,Mainz,2,1,38,5,0,0.47111379465671976,0.24481421477973395,0.2840719905635464,0.18020875701257497,0.4120404050778102,0.2542299010361593,0.33372969388603074,0.2285359969211646,0.3822393822393822,0.277992277992278,0.3397683397683397,1.0,144.0
2023/24,2023-09-23,Dortmund,Wolfsburg,1,0,39,5,0,0.4809162405104074,0.24281137033581685,0.27627238915377533,0.1728871911872923,0.5748910784476504,0.2140002587347613,0.21110866281758822,0.11264223135001594,0.561148958841066,0.22090479375191288,0.21794624740702118,1.0,144.0
2023/24,2023-09-23,Bayern Munich,Bochum,7,0,40,5,0,0.6585685130517033,0.18872794877848,0.15270353816981663,0.0699469154246528,0.7146895814225238,0.16130203584965314,0.12400838272782325,0.04839005696781246,0.8620689655172414,0.09195402298850576,0.04597701149425288,1.0,144.0
2023/24,2023-09-23,Werder Bremen,FC Koln,2,1,41,5,0,0.43885931184838634,0.2629269267040153,0.29821376144759837,0.20190515970799583,0.38920350603730486,0.27067831066878933,0.3401181832939055,0.24437636782213373,0.41100407175734693,0.26509205712262485,0.3239038711200284,1.0,144.0
2023/24,2023-09-23,M'gladbach,RB Leipzig,0,1,42,5,2,0.34282891880774424,0.25430015879142376,0.40287092240083194,0.23704740144266004,0.26489586276749766,0.24010519409900435,0.4949989431334979,0.16259794277381046,0.19853275540754015,0.2142408415496752,0.5872264030427845,1.0,144.0
2023/24,2023-09-23,Union Berlin,Hoffenheim,0,2,43,5,2,0.45043719997794973,0.24401276947629005,0.3055500305457603,0.342577215599485,0.4196556897660952,0.2709347801604026,0.3094095300735023,0.32651304755317906,0.45883804041873555,0.2627217812075018,0.2784401783737626,1.0,144.0
2023/24,2023-09-24,Leverkusen,Heidenheim,4,1,44,5,0,0.7022145992753248,0.1591638429458429,0.13862155777883242,0.05394604058289276,0.6929365398320584,0.1646591207602021,0.14240433940773964,0.05728348222623188,0.8065736219605871,0.12236262280059475,0.07106375523881825,1.0,144.0
2023/24,2023-09-24,Ein Frankfurt,Freiburg,0,0,45,5,1,0.4388842020579212,0.2518854519503763,0.30923034599170274,0.14412137484908313,0.4476852642840033,0.2578901650015573,0.2944245707144394,0.1435539618487099,0.4404410757170365,0.2777781784351765,0.28178074584778706,1.0,144.0
2023/24,2023-09-29,Hoffenheim,Dortmund,1,3,46,6,2,0.34082276491098923,0.2444238479198673,0.4147533871691434,0.22933687745578096,0.2931272689702865,0.23382558635243744,0.47304714467727604,0.18180145377337517,0.31351940370214354,0.23570615410859946,0.4507744421892571,1.0,144.0
2023/24,2023-09-30,RB Leipzig,Bayern Munich,2,2,47,6,1,0.30605313892350816,0.2617277472284458,0.4322191138480463,0.14024094311026117,0.3570111411899859,0.27335706235542623,0.369631796454588,0.13204230994201097,0.23756226608743353,0.21697353635985597,0.5454641975527106,1.0,144.0
2023/24,2023-09-30,Mainz,Leverkusen,0,3,48,6,2,0.29092743710599084,0.2359906035886942,0.4730819593053153,0.18114069763529303,0.30833116791118986,0.24119476058381334,0.4504740715049968,0.19852342759688685,0.18579199144624525,0.2157982201532716,0.5984097884004832,1.0,144.0
2023/24,2023-09-30,Wolfsburg,Ein Frankfurt,2,0,49,6,0,0.4181741200927371,0.27730719951627525,0.30451868039098806,0.21562649061846456,0.3990586773571745,0.2802485081885371,0.32069281445428865,0.2319871772511606,0.4426209483297526,0.2794835130882152,0.27789553858203214,1.0,144.0
2023/24,2023-09-30,FC Koln,Stuttgart,0,2,50,6,2,0.3542142292542303,0.2551552196461172,0.3906305510996525,0.24839942272964083,0.39042843407598854,0.2595668181726694,0.3500047477513423,0.2874640950404125,0.342412830822781,0.2735476804897077,0.38403948868751125,1.0,144.0
2023/24,2023-09-30,Bochum,M'gladbach,1,3,51,6,2,0.3627956492613532,0.24777570730648613,0.3894286434321604,0.2522090322920292,0.35717981958053674,0.24304313431247726,0.39977704610698617,0.24392250894781994,0.4305228774756289,0.2592273028832036,0.3102498196411675,1.0,144.0
2023/24,2023-09-30,Heidenheim,Union Berlin,1,0,52,6,0,0.3723669003333167,0.2402274176512916,0.38740568201539166,0.2720032351275098,0.38409204550001086,0.25377377183676053,0.3621341826632285,0.25524188733476266,0.30621712081668817,0.2758556499141837,0.41792722926912806,1.0,144.0
2023/24,2023-10-01,Darmstadt,Werder Bremen,4,2,53,6,0,0.31390555377725665,0.24116286061854372,0.44493158560419954,0.33434485250298007,0.3246348912464454,0.24658825654753466,0.42877685220602013,0.31998380955470185,0.32047606952356766,0.2545447948038754,0.42497913567255713,1.0,144.0
2023/24,2023-10-01,Freiburg,Augsburg,2,0,54,6,0,0.45196486588668644,0.24890453517368688,0.2991305989396269,0.1949108117222887,0.49520635902889415,0.252245500522205,0.2525481404489011,0.1592985916045317,0.5067737208489517,0.26363161219365944,0.22959466695738887,1.0,144.0
2023/24,2023-10-06,M'gladbach,Mainz,2,2,55,7,1,0.49075187104950757,0.24782682479252316,0.26142130415796916,0.154589248603123,0.48287963366301495,0.24590263324875686,0.271217733088228,0.15336589967402245,0.43307228308595946,0.25621553920792367,0.3107121777061169,1.0,144.0
2023/24,2023-10-07,Stuttgart,Wolfsburg,3,1,56,7,0,0.4863709488960613,0.24796190972094562,0.2656671413829933,0.16719691607427187,0.5131914424991291,0.24318802304575568,0.2436205344551154,0.14816676823213737,0.5193524446848389,0.24594020050566676,0.23470735480949445,1.0,144.0
2023/24,2023-10-07,RB Leipzig,Bochum,0,0,57,7,1,0.6332518468030108,0.20705164385812605,0.15969650933886312,0.21325543828722074,0.6947591910620318,0.1775428594820076,0.12769794945596086,0.24949854993021292,0.7706398996235884,0.14579673776662483,0.08356336260978671,1.0,144.0
2023/24,2023-10-07,Dortmund,Union Berlin,4,2,58,7,0,0.5261025212369159,0.24596932079126946,0.22792815797181457,0.1382650327872161,0.5731947041969833,0.23363849063176534,0.19316680517125145,0.10973808757278442,0.5700811183271305,0.23377427154421898,0.19614461012865053,1.0,144.0
2023/24,2023-10-07,Werder Bremen,Hoffenheim,2,3,59,7,2,0.41219717896458585,0.23783145222919758,0.34997136880621654,0.2962218678590132,0.39766833222098963,0.24909175529841782,0.35323991248059267,0.2882193566297675,0.36346426881211547,0.25461429247515377,0.38192143871273065,1.0,144.0
2023/24,2023-10-07,Augsburg,Darmstadt,1,2,60,7,2,0.5745046044477705,0.22845600881642675,0.1970393867358028,0.48740064349265255,0.5297267022314499,0.2430316525779019,0.2272416451906482,0.43888292699233167,0.529008430835364,0.2609774925454463,0.2100140766191896,1.0,144.0
2023/24,2023-10-08,Bayern Munich,Freiburg,3,0,61,7,0,0.6739146394550807,0.1879096486426973,0.13817571190222208,0.06271209486069794,0.6892223788935609,0.18083929130956003,0.12993832979687917,0.056733349665489985,0.8656873032528857,0.08814270724029381,0.046169989506820566,1.0,144.0
2023/24,2023-10-08,Ein Frankfurt,Heidenheim,2,0,62,7,0,0.5677905616206189,0.2257381723104139,0.20647126606896707,0.11471769116817111,0.586635730053395,0.22037771750751367,0.1929865524390916,0.10405691454540796,0.5346031058925382,0.25085222661111417,0.21454466749634762,1.0,144.0
2023/24,2023-10-08,Leverkusen,FC Koln,3,0,63,7,0,0.624985239397986,0.2091683396258521,0.16584642097616167,0.0840705530099941,0.570184564468099,0.2311965029940236,0.19861893253787702,0.11209539449198185,0.7586047576072923,0.15462007798365193,0.08677516440905578,1.0,144.0
2023/24,2023-10-20,Dortmund,Werder Bremen,1,0,64,8,0,0.597207958668752,0.21230177651797708,0.1904902648132711,0.09926398477421194,0.6403895632452984,0.19498492498067924,0.16462551177402215,0.07821061267488302,0.7554783967820177,0.14283786527045533,0.10168373794752708,1.0,144.0
2023/24,2023-10-21,Mainz,Bayern Munich,1,3,65,8,2,0.18488158694180945,0.2086254130296537,0.6064930000285369,0.09451448010833148,0.1805682520228511,0.1999621383298885,0.6194696096472605,0.08870413581029812,0.1103927434140693,0.1553282511499244,0.7342790054360063,1.0,144.0
2023/24,2023-10-21,Wolfsburg,Leverkusen,1,2,66,8,2,0.33027641658334944,0.2447722872803848,0.4249512961362657,0.2198817615832494,0.3267743254750828,0.24579287479654033,0.42743279972837694,0.21730732930829014,0.218112120107086,0.23721683135734167,0.5446710485355722,1.0,144.0
2023/24,2023-10-21,Union Berlin,Stuttgart,0,3,67,8,2,0.3689595683325804,0.2598592873631539,0.371181144304266,0.26577215817132843,0.3397636723660462,0.2736608868895472,0.38657544074440653,0.24586452147879045,0.3747681597117754,0.2902507112307815,0.33498112905744304,1.0,144.0
2023/24,2023-10-21,Hoffenheim,Ein Frankfurt,1,3,68,8,2,0.447681372274429,0.2618854958643535,0.29043313186121783,0.35195187572089814,0.42414073048493584,0.26998413671782473,0.30587513279723927,0.33085234526277246,0.47440148971704293,0.2677444024156461,0.25785410786731094,1.0,144.0
2023/24,2023-10-21,Darmstadt,RB Leipzig,1,3,69,8,2,0.28316442575268913,0.2534329406300295,0.4634026336172815,0.18405941281035987,0.2210894881164699,0.2281420808583103,0.5507684310252197,0.1253447821595727,0.14759820685011607,0.19072003591024805,0.661681757239636,1.0,144.0
2023/24,2023-10-21,Freiburg,Bochum,2,1,70,8,0,0.5417237147469404,0.24040190426764452,0.21787438098541512,0.12874319975756074,0.5407625935349704,0.23925020311678027,0.21998720334824962,0.12964668256685544,0.5389265778277418,0.24947752068240733,0.21159590148985086,1.0,144.0
2023/24,2023-10-22,FC Koln,M'gladbach,3,1,71,8,0,0.37691881251380205,0.24763639037701915,0.37544479710917866,0.26459448093778143,0.418693197423829,0.2464863290743926,0.33482047350177857,0.2250111740986432,0.38897504267401517,0.26708913011948726,0.3439358272064976,1.0,144.0
2023/24,2023-10-22,Heidenheim,Augsburg,2,5,72,8,2,0.33738985377571834,0.24677488292799307,0.4158352632962885,0.22754017651945851,0.37415984150723197,0.25132136062935084,0.374518797863417,0.26561116061147083,0.3991264908449521,0.2716277507139258,0.32924575844112214,1.0,144.0
2023/24,2023-10-27,Bochum,Mainz,2,2,73,9,1,0.3543968739552355,0.2601359576465277,0.3854671683982368,0.13709104109109888,0.3620213372366692,0.2564160912432751,0.3815625715200557,0.13832472229981188,0.3416110064508762,0.27658845692755607,0.3818005366215676,1.0,144.0
2023/24,2023-10-28,M'gladbach,Heidenheim,2,1,74,9,0,0.6046152526818445,0.19961332099045542,0.19577142632770014,0.09732777488911191,0.5869070480991413,0.20369499962770013,0.20939795227315885,0.10724664466317858,0.574644908659327,0.21872745397168075,0.20662763736899206,1.0,144.0
2023/24,2023-10-28,Augsburg,Wolfsburg,3,2,75,9,0,0.4248061164854257,0.251876501918325,0.3233173815962493,0.21769106643741615,0.39797513060689127,0.256598338676152,0.3454265307169571,0.24087671574547112,0.38331795422572496,0.268957901583796,0.3477241441904791,1.0,144.0
2023/24,2023-10-28,Bayern Munich,Darmstadt,8,0,76,9,0,0.772753201780438,0.13242413891577623,0.0948226593037856,0.030316222009242066,0.7836260609644927,0.1252437311910865,0.09113020784442076,0.027561198137754372,0.914776224089205,0.055063191228538186,0.03016058468225684,1.0,144.0
2023/24,2023-10-28,Werder Bremen,Union Berlin,2,0,77,9,0,0.3933497538526005,0.25835434541635344,0.3482959007310462,0.24466727780837552,0.40125271692254827,0.2749672235594187,0.3237800595180332,0.23166591796706557,0.3400628272251309,0.27551832460732983,0.3844188481675393,1.0,144.0
2023/24,2023-10-28,Stuttgart,Hoffenheim,2,3,78,9,2,0.5711659394393573,0.2160990882871551,0.2127349722734875,0.473008377128435,0.5645808688485293,0.22301410004885694,0.21240503110261355,0.46952869625111754,0.5807145314053102,0.21891495879161804,0.2003705098030719,1.0,144.0
2023/24,2023-10-28,RB Leipzig,FC Koln,6,0,79,9,0,0.5385517299174473,0.24602393607427067,0.215424334008282,0.1296710748225462,0.5463288802760095,0.24684113661622997,0.20682998310776052,0.12429806339198794,0.6498360737274472,0.2025639644045808,0.147599961867972,1.0,144.0
2023/24,2023-10-29,Ein Frankfurt,Dortmund,3,3,80,9,1,0.3981969859354751,0.2702000381067789,0.33160297595774557,0.13426068663606522,0.3723060446039071,0.26412679344620504,0.3635671619498881,0.13539643604845125,0.3099966192876986,0.26307821204415505,0.42692516866814645,1.0,144.0
2023/24,2023-10-29,Leverkusen,Freiburg,2,1,81,9,0,0.6303801534114023,0.2034617041728978,0.16615814241570015,0.08211367964160726,0.6167940892466554,0.21373667816539066,0.16946923258795393,0.0877832954151252,0.778432341823669,0.1447160575504272,0.07685160062590363,1.0,144.0
2023/24,2023-11-03,Darmstadt,Bochum,1,2,82,10,2,0.45568723706809683,0.23161713798649908,0.31269562494540454,0.3400190809979723,0.4636540796860638,0.23180600787736458,0.3045399124365716,0.3493199195016311,0.41052517059884974,0.2756217151046102,0.31385311429654,1.0,144.0
2023/24,2023-11-04,Hoffenheim,Leverkusen,2,3,83,10,2,0.28749747309009,0.223446591520962,0.48905593538894787,0.17185931709722496,0.2996336149601612,0.23218567465184645,0.4681807103879924,0.18630603000875728,0.17488107867629446,0.1930324081995825,0.6320865131241231,1.0,144.0
2023/24,2023-11-04,Freiburg,M'gladbach,3,3,84,10,1,0.4327614852495547,0.26876090411169273,0.298477610638753,0.13818569358400967,0.4389554898247835,0.2690517803954578,0.29199272977975893,0.13897083814577538,0.4796243501593158,0.2528928391749119,0.26748281066577223,1.0,144.0
2023/24,2023-11-04,FC Koln,Augsburg,1,1,85,10,1,0.45732010237645526,0.24387980360601427,0.2988000940175308,0.1492115861112483,0.5265588570809507,0.233112919817462,0.24032822310158744,0.16751094239478173,0.47407325340248513,0.2498329484511811,0.27609379814633367,1.0,144.0
2023/24,2023-11-04,Mainz,RB Leipzig,2,0,86,10,0,0.2811854798615885,0.24996725623481048,0.46884726390360104,0.36825603561585385,0.2406382039481686,0.2390817891657331,0.5202800068860983,0.42366081143423084,0.21282917907223145,0.2407498387029945,0.5464209822247741,1.0,144.0
2023/24,2023-11-04,Dortmund,Bayern Munich,0,4,87,10,2,0.26523677257798,0.22662552018296292,0.5081377072390569,0.15613953028381733,0.29637957966221423,0.22996932093426625,0.4736510994035196,0.18244201019993728,0.24854874547951267,0.21453103638518642,0.5369202181353009,1.0,144.0
2023/24,2023-11-04,Union Berlin,Ein Frankfurt,0,3,88,10,2,0.4060024213183252,0.27984738454963165,0.31415019413204304,0.3176139611627285,0.3627444505393484,0.29298756665712383,0.3442679828035279,0.2807840073868242,0.3832582871017811,0.2986122850424921,0.31812942785572684,1.0,144.0
2023/24,2023-11-05,Wolfsburg,Werder Bremen,2,2,89,10,1,0.5004322036732316,0.25657143078149136,0.24299636554527712,0.15473981207073034,0.4848123231541149,0.25719989127258763,0.2579877855732972,0.15080034309355184,0.5541192353986862,0.224990408804571,0.22089035579674282,1.0,144.0
2023/24,2023-11-05,Heidenheim,Stuttgart,2,0,90,10,0,0.21490441743600652,0.20267433829448903,0.5824212442695045,0.47779478976896705,0.22665421984307096,0.2084655957446958,0.5648801844122331,0.4585766592140639,0.1831776921569908,0.22843335727812972,0.5883889505648796,1.0,144.0
2023/24,2023-11-10,M'gladbach,Wolfsburg,4,0,91,11,0,0.4697379084177088,0.24108973564931496,0.2891723559329762,0.18239926860252703,0.49587027047122484,0.23455023048979748,0.26957949903897716,0.1634099452484311,0.41195869003540647,0.24928782268809213,0.33875348727650145,1.0,144.0
2023/24,2023-11-11,Bayern Munich,Heidenheim,4,2,92,11,0,0.8242951297102578,0.09927756204669863,0.07642730824304372,0.01835666744440617,0.8329292126405914,0.09327772495530216,0.07379306240410614,0.016679032023934538,0.8688693266262718,0.08037041271293015,0.05076026066079799,1.0,144.0
2023/24,2023-11-11,Stuttgart,Dortmund,2,1,93,11,0,0.4973567017719886,0.23423021908360495,0.2684130791444067,0.16234793315465748,0.461443905341579,0.23325263600457397,0.30530345865384717,0.19162643447986571,0.39105323015855314,0.25357357893093685,0.35537319091051,1.0,144.0
2023/24,2023-11-11,Augsburg,Hoffenheim,1,1,94,11,1,0.47924776015984694,0.22808351319981984,0.29266872664033317,0.1576666995857521,0.43423379563209197,0.2401565021720995,0.32560970219580854,0.14729033371654826,0.400417904696982,0.2520765565838514,0.34750553871916656,1.0,144.0
2023/24,2023-11-11,Bochum,FC Koln,1,1,95,11,1,0.4201946850475361,0.2424470550640606,0.3373582598884034,0.14518708442856476,0.3747499439780545,0.24125439833830303,0.3839956576836426,0.14394509281572407,0.37604309107231465,0.269792688608669,0.35416422031901634,1.0,144.0
2023/24,2023-11-11,Darmstadt,Mainz,0,0,96,11,1,0.38305164703144795,0.2617391512717173,0.35520920169683484,0.13645107063180378,0.380914860266063,0.256938585564625,0.362146554169312,0.13812312873411037,0.2968578464825089,0.2797970507076521,0.42334510280983884,1.0,144.0
2023/24,2023-11-12,Leverkusen,Union Berlin,4,0,97,11,0,0.5771637566547312,0.23153130996443874,0.1913049333808303,0.1076940331110916,0.5793343591751056,0.2380334201101062,0.18263222071478824,0.10515705470691711,0.7183175080460296,0.17441162515506115,0.10727086679890929,1.0,144.0
2023/24,2023-11-12,Werder Bremen,Ein Frankfurt,2,2,98,11,1,0.3632350865983577,0.2694033230556785,0.367361590345964,0.13344713309881606,0.3441660306839279,0.27767114837073015,0.378162820945342,0.1307286879110346,0.35524091050252465,0.2731852635695472,0.37157382592792815,1.0,144.0
2023/24,2023-11-12,RB Leipzig,Freiburg,3,1,99,11,0,0.5425248802674079,0.240916820240911,0.21655829949168134,0.12809049112653909,0.6008748178813512,0.22171972918704694,0.17740545293160173,0.09538680286555568,0.6582540513542626,0.19667346656316384,0.14507248208257362,1.0,144.0
2023/24,2023-11-24,FC Koln,Bayern Munich,0,1,100,12,2,0.16756911407509525,0.16050841719868877,0.6719224687262161,0.0678571372593065,0.18196946368695407,0.17485004712117105,0.6431804891918748,0.08021652450393371,0.09574759945130316,0.13827160493827162,0.7659807956104253,1.0,144.0
2023/24,2023-11-25,Dortmund,M'gladbach,4,2,101,12,0,0.5230501758559281,0.22162845643697424,0.25532136770709724,0.14633506777944208,0.5776994640442827,0.20455339525833632,0.21774714069738102,0.11287577997518554,0.6405230780793062,0.1845782152480443,0.1748987066726496,1.0,144.0
2023/24,2023-11-25,Wolfsburg,RB Leipzig,2,1,102,12,0,0.3197459719626507,0.264290390014846,0.4159636380225033,0.31788564540897746,0.2631109957226282,0.24700490985271395,0.48988409442465775,0.39149591529758176,0.25969863732526505,0.24221269416371358,0.4980886685110213,1.0,144.0
2023/24,2023-11-25,Ein Frankfurt,Stuttgart,1,2,103,12,2,0.3261081253287003,0.25162421026140996,0.4222676644098894,0.22006058049590155,0.3490247772286843,0.25235851307093904,0.39861670970037644,0.2417400784855669,0.3359060684484957,0.27578651642504337,0.38830741512646105,1.0,144.0
2023/24,2023-11-25,Werder Bremen,Leverkusen,0,3,104,12,2,0.25451659774013047,0.2320590439978148,0.5134243582620552,0.15076727682895233,0.2543558138911343,0.23524522132479433,0.5103989647840713,0.1522030268723652,0.1598516333735532,0.18769272020378067,0.6524556464226662,1.0,144.0
2023/24,2023-11-25,Freiburg,Darmstadt,1,1,105,12,1,0.5384729001860978,0.23997437658642404,0.2215527232274779,0.1695193367021694,0.5406492905128031,0.24117219485964714,0.21817851462754956,0.16995175978854066,0.6329537323979542,0.21283938693821314,0.15420688066383276,1.0,144.0
2023/24,2023-11-25,Union Berlin,Augsburg,1,1,106,12,1,0.3763900162406313,0.28423532639505356,0.33937465736431494,0.1284223011933845,0.3891707076010344,0.297287805009204,0.3135414873897616,0.12488105198463692,0.4879614007445301,0.27048556754362535,0.24155303171184456,1.0,144.0
2023/24,2023-11-26,Heidenheim,Bochum,0,0,107,12,1,0.37057803407676926,0.23922775147334394,0.3901942144498869,0.1447898021651837,0.3746750253798731,0.23464696700667748,0.39067800761344945,0.1465053401381115,0.4039645874224552,0.2704318488022548,0.32560356377529004,1.0,144.0
2023/24,2023-11-26,Hoffenheim,Mainz,1,1,108,12,1,0.48234574305930217,0.261072818544694,0.25658143839600367,0.14924572518839635,0.4600565293072456,0.2662058532701173,0.27373761742263697,0.1432921466752253,0.5218266783176931,0.24144219444549983,0.23673112723680714,1.0,144.0
2023/24,2023-12-01,Darmstadt,FC Koln,0,1,109,13,2,0.464909455818879,0.24306283943403437,0.2920277047470869,0.3586827864777423,0.433157321322472,0.2462928356713467,0.3205498430061815,0.32463889042709204,0.34774907976404995,0.28893098615410673,0.3633199340818432,1.0,144.0
2023/24,2023-12-02,RB Leipzig,Heidenheim,2,1,110,13,0,0.6786067972803282,0.1892925631025145,0.13210063961715743,0.060372084870835035,0.7192346771298654,0.16481533462856604,0.11594998824156848,0.04613678314979539,0.8035596664238316,0.12410187898437554,0.07233845459179279,1.0,144.0
2023/24,2023-12-02,Stuttgart,Werder Bremen,2,0,111,13,0,0.6882734887213575,0.1778526322232265,0.13387387905541606,0.057547816663648874,0.679745988274329,0.18201234093926352,0.13824167078640762,0.060836695784101856,0.7139925616257176,0.16887476240190885,0.11713267597237348,1.0,144.0
2023/24,2023-12-02,Bochum,Wolfsburg,3,1,112,13,0,0.45802316707247415,0.24959830418276013,0.2923785287447659,0.18961204575055254,0.46523401597608105,0.24807745540393233,0.28668852861998684,0.1840824850556816,0.3698877726871507,0.27636501197931995,0.35374721533352954,1.0,144.0
2023/24,2023-12-02,M'gladbach,Hoffenheim,2,1,113,13,0,0.4911247780129025,0.23381247853786516,0.2750627434492323,0.16730675219311802,0.48253862525709196,0.2357859396383181,0.28167543510459037,0.17355366254609014,0.450686955701575,0.23013801993271918,0.31917502436570566,1.0,144.0
2023/24,2023-12-03,Leverkusen,Dortmund,1,1,114,13,1,0.5944196380759166,0.21123472158262074,0.19434564034146273,0.1955524670250184,0.5683310307469713,0.2182749103153512,0.21339405893767713,0.18426859244990593,0.5891630661746359,0.2136525404809119,0.1971843933444522,1.0,144.0
2023/24,2023-12-03,Augsburg,Ein Frankfurt,2,1,115,13,0,0.4271788944225623,0.25031708250006546,0.3225040230773723,0.21606643194802413,0.38687128081394495,0.2556281215576703,0.35750059762838465,0.2518667517976923,0.3730326195994328,0.28890656888858146,0.3380608115119859,1.0,144.0
2023/24,2023-12-03,Mainz,Freiburg,0,1,116,13,2,0.41484787636265913,0.28470097026291724,0.3004511533744234,0.33073367466889114,0.43672246875086407,0.2793407886741563,0.2839367425749797,0.35173655167299017,0.43059627823370805,0.2780421682309086,0.29136155353538334,1.0,144.0
2023/24,2023-12-08,Hoffenheim,Bochum,3,1,117,14,0,0.4643601752757273,0.24776686938173534,0.2878729553425377,0.184890430124148,0.4779633963042335,0.24867343755838597,0.27336316613738076,0.17362481809943192,0.5419124584402157,0.2401047773782144,0.21798276418156992,1.0,144.0
2023/24,2023-12-09,Dortmund,RB Leipzig,2,3,118,14,2,0.42927831779767583,0.24176361738494362,0.32895806481738055,0.3172885764524186,0.40938172014643104,0.24397334243509652,0.3466449374184725,0.2972331152954813,0.36156641696951713,0.24938811837128233,0.3890454646592004,1.0,144.0
2023/24,2023-12-09,Werder Bremen,Augsburg,2,0,119,14,0,0.3445376941446619,0.26140763118674404,0.39405467466859434,0.29245496051268416,0.38388730063158294,0.2617378730851543,0.35437482628326283,0.25258818791316506,0.44004530225095556,0.2607238922183946,0.2992308055306498,1.0,144.0
2023/24,2023-12-09,Wolfsburg,Freiburg,0,1,120,14,2,0.37604962741404974,0.2732286391427283,0.3507217334432219,0.28148779485061004,0.37482008032373165,0.2736540949703971,0.35152582470587135,0.28050442431864453,0.4382148021559091,0.2748126725384515,0.2869725253056396,1.0,144.0
2023/24,2023-12-09,Heidenheim,Darmstadt,3,2,121,14,0,0.47914905703225047,0.24897870491955246,0.27187223804819693,0.17260010930586467,0.4722610708347909,0.24627762915773618,0.28146130000747277,0.1788644203791691,0.5338366136424912,0.24534915071447833,0.2208142356430305,1.0,144.0
2023/24,2023-12-09,Ein Frankfurt,Bayern Munich,5,1,122,14,0,0.21401966729732777,0.21374917140224176,0.5722311613004303,0.47260679267932126,0.2037757063445966,0.2091724317072129,0.5870518619481907,0.48930150721194166,0.1081932435472984,0.1582237793706406,0.733582977082061,1.0,144.0
2023/24,2023-12-09,Union Berlin,M'gladbach,3,1,123,14,0,0.3909553989960895,0.2698653015809671,0.33917929942294356,0.24298896158452568,0.3653321454345864,0.27987208460864,0.35479576995677353,0.26434166199894243,0.4652852945724447,0.2747023349311891,0.2600123704963661,1.0,144.0
2023/24,2023-12-10,FC Koln,Mainz,0,0,124,14,1,0.38762295331103885,0.26400671683837257,0.34837032985058836,0.13580672032688984,0.4021901017072693,0.26010119246865054,0.3377087058240803,0.13790202395033938,0.3502806459646367,0.28225512921208407,0.36746422482327923,1.0,144.0
2023/24,2023-12-10,Stuttgart,Leverkusen,1,1,125,14,1,0.48196761056896686,0.24947033252460496,0.26856205690642787,0.15220917802368544,0.4646208043519973,0.25422257998459796,0.28115661566340455,0.1474607671839982,0.33084336720035523,0.26217776268707393,0.40697887011257083,1.0,144.0
2023/24,2023-12-15,M'gladbach,Werder Bremen,2,2,126,15,1,0.5267101738748556,0.24334600007610543,0.2299438260490391,0.16514888520067567,0.5260011492287139,0.24057510472112698,0.23342374605015928,0.16558192710500844,0.4497945768282662,0.24847986852917012,0.3017255546425637,1.0,144.0
2023/24,2023-12-16,RB Leipzig,Hoffenheim,3,1,127,15,0,0.6909587666948482,0.17022376287046534,0.13881747043468654,0.05738838699032714,0.7016701681078209,0.16832553929288083,0.13000429259929827,0.0529509023455299,0.728879988714973,0.15891973524441214,0.11220027604061504,1.0,144.0
2023/24,2023-12-16,Darmstadt,Wolfsburg,0,1,128,15,2,0.32175818261999556,0.27914224037243607,0.39909957700756815,0.23230482321770282,0.33421749893905806,0.2762178743914174,0.3895646266695248,0.2421663408050981,0.2447685478757134,0.25174381737476226,0.5034876347495245,1.0,144.0
2023/24,2023-12-16,Mainz,Heidenheim,0,1,129,15,2,0.5830967910554588,0.23296455545476785,0.1839386534897734,0.5029789945036288,0.5967628100628263,0.21941669567877892,0.18382049425839506,0.5111374185333459,0.5642368376406719,0.23441723689419217,0.201345925465136,1.0,144.0
2023/24,2023-12-16,Augsburg,Dortmund,1,1,130,15,1,0.37653191765841454,0.23144271226523494,0.39202537007635074,0.1477300878995113,0.3263333923675888,0.2255246259614092,0.4481419816710021,0.15366235935507566,0.3088470583182106,0.24692087149806174,0.4442320701837276,1.0,144.0
2023/24,2023-12-16,Bochum,Union Berlin,3,0,131,15,0,0.46325642080283336,0.2585196210645548,0.2782239581326118,0.18275112034418123,0.467314101938705,0.26542479646338646,0.2672611015979089,0.17759138121034795,0.3718185171523423,0.2899299151604574,0.3382515676872003,1.0,144.0
2023/24,2023-12-17,Freiburg,FC Koln,2,0,132,15,0,0.5470318565638349,0.24051979046723893,0.21244835296892625,0.12515722082360783,0.5148062177660542,0.25542984031121796,0.229763941922728,0.14410223766317615,0.5062114227674037,0.26127041175091803,0.23251816548167828,1.0,144.0
2023/24,2023-12-17,Leverkusen,Ein Frankfurt,3,0,133,15,0,0.6232041724162242,0.21139914461664264,0.1653966829671334,0.08466557921053644,0.6246530296497037,0.20958612440217927,0.16576084594811685,0.0841810031002908,0.7632478678468616,0.14956334579891847,0.08718878635421992,1.0,144.0
2023/24,2023-12-17,Bayern Munich,Stuttgart,3,0,134,15,0,0.5645579199136814,0.21866311332783056,0.21677896675848782,0.11830146276938878,0.5801036361140309,0.2137785236359799,0.2061178402499891,0.1093987602369891,0.6228225692978754,0.19316167159138878,0.18401575911073592,1.0,144.0
2023/24,2023-12-19,Hoffenheim,Darmstadt,3,3,135,16,1,0.5498958390245969,0.23682531957810074,0.21327884139730227,0.17393664898217054,0.5652812089810971,0.23382403899406623,0.2008947520248367,0.17995077330912568,0.6435967717374753,0.20502766357037713,0.1513755646921476,1.0,144.0
2023/24,2023-12-19,Werder Bremen,RB Leipzig,1,1,136,16,1,0.24615865711996537,0.2370032423408661,0.5168381005391687,0.16385785332202019,0.21423230308623972,0.2220976257783005,0.5636700711354595,0.18180971438974436,0.17407744356627053,0.2054926934667652,0.6204298629669641,1.0,144.0
2023/24,2023-12-19,Dortmund,Mainz,1,1,137,16,1,0.47970585673853494,0.25451124060018593,0.2657829026612792,0.15037913016815338,0.49991232674023917,0.242180712889195,0.2579069603705661,0.1582141673172121,0.6214328379185552,0.20938125856435122,0.16918590351709356,1.0,144.0
2023/24,2023-12-20,Wolfsburg,Bayern Munich,1,2,138,16,2,0.16794527095904888,0.18591514312600324,0.6461395859149478,0.07671140334697645,0.166465252940002,0.186034376502219,0.6475003705577791,0.07598333459664099,0.1504060455673359,0.19067223099481165,0.6589217234378525,1.0,144.0
2023/24,2023-12-20,Stuttgart,Augsburg,3,0,139,16,0,0.6695572744048501,0.18436090595430468,0.14608181964084524,0.06526614646416598,0.6881937199141936,0.17672849544203406,0.13507778464377235,0.05773458210260882,0.7027640450507464,0.17794759305872107,0.11928836189053257,1.0,144.0
2023/24,2023-12-20,Leverkusen,Bochum,4,0,140,16,0,0.6379902216056736,0.20379141366960146,0.15821836472472503,0.07804206529463767,0.6506087528832707,0.19868192745046015,0.1507093196662693,0.07239377129802657,0.7902552907860445,0.1299341583233119,0.07981055089064358,1.0,144.0
2023/24,2023-12-20,Ein Frankfurt,M'gladbach,2,1,141,16,0,0.526351848893604,0.23610003352020953,0.23754811758618677,0.140385839607624,0.5033357772166818,0.2426356241398393,0.2540285986434792,0.15560293956086363,0.5589366259580947,0.23100943685678976,0.2100539371851155,1.0,144.0
2023/24,2023-12-20,Union Berlin,FC Koln,2,0,142,16,0,0.5186707715519137,0.24070534543205124,0.24062388301603527,0.14478883961807232,0.4728234739177918,0.2554204563820501,0.27175606970015814,0.17588322553549118,0.5447853633384107,0.2531900644235955,0.20202457223799394,1.0,144.0
2023/24,2023-12-20,Heidenheim,Freiburg,3,2,143,16,0,0.37528403202466354,0.2687814726614881,0.3559344953138487,0.2584797027988428,0.38895555811366206,0.2641546287490791,0.346889813137259,0.24685392620929425,0.29673050533977685,0.2837539526281248,0.41951554203209834,1.0,144.0
2023/24,2024-01-12,Bayern Munich,Hoffenheim,3,0,144,17,0,0.8039734436317243,0.11448077621080376,0.08154578015747199,0.02253806253154776,0.8016563155387052,0.1157360695569587,0.08260761490433584,0.023082117602932384,0.8556864093152986,0.0934227673938442,0.05089082329085723,1.0,144.0
2023/24,2024-01-13,Darmstadt,Dortmund,0,3,145,17,2,0.28322435421145625,0.23442587229556597,0.4823497734929781,0.1740888959106339,0.27260004714824193,0.22702111371115644,0.5003788391406016,0.16196604504185824,0.2008010594132605,0.21843899030766853,0.5807599502790709,1.0,144.0
2023/24,2024-01-13,Mainz,Wolfsburg,1,1,146,17,1,0.5081055706502253,0.2788780537559731,0.2130163755938014,0.15177362359845534,0.5133811211440563,0.2763746704849514,0.2102442083709927,0.15388140135033673,0.48384335544618023,0.27241600684784933,0.24374063770597043,1.0,144.0
2023/24,2024-01-13,RB Leipzig,Ein Frankfurt,0,1,147,17,2,0.6052968946686669,0.21880416390862423,0.17589894142270868,0.5227634427218715,0.6320542982469982,0.20652556705785494,0.161420134695147,0.5513544132136056,0.6822805839312855,0.18922625569969245,0.12849316036902195,1.0,144.0
2023/24,2024-01-13,FC Koln,Heidenheim,1,1,148,17,1,0.43477793175498997,0.2380351887461071,0.3271868794989034,0.14804155202868816,0.44357844492054593,0.23643068213641782,0.31999087294303646,0.1495779977824881,0.4813420061622733,0.25587127695994527,0.2627867168777816,1.0,144.0
2023/24,2024-01-13,Augsburg,Leverkusen,0,1,149,17,2,0.20505091491018193,0.22591123253706577,0.5690378525527524,0.11388712511892296,0.19102369471810624,0.22062975543727836,0.5883465498446151,0.10297430748429398,0.16387845681119836,0.201092523045408,0.6350290201433937,1.0,144.0
2023/24,2024-01-13,Freiburg,Union Berlin,0,0,150,17,1,0.5154324544389515,0.25511723378311224,0.22945031177793643,0.15915903033197698,0.5132698891385135,0.26465479865769953,0.2220753122037868,0.1563817116933357,0.44805566248502493,0.29197621249024147,0.2599681250247337,1.0,144.0
2023/24,2024-01-14,Bochum,Werder Bremen,1,1,151,17,1,0.4835256282551274,0.2490433852451682,0.26743098649970465,0.15265818285986038,0.4791706385517324,0.24700021330640615,0.2738291481418614,0.15229345161108626,0.4542144195962284,0.2648552746419425,0.28093030576182915,1.0,144.0
2023/24,2024-01-14,M'gladbach,Stuttgart,3,1,152,17,0,0.25242518995430296,0.23427851891653656,0.5132962911291602,0.411170589550906,0.24701641734103535,0.22940182044250268,0.5235817622164622,0.42056106873981275,0.2629090522736931,0.24078304292392688,0.49630790480237996,1.0,144.0
2023/24,2024-01-20,Freiburg,Hoffenheim,3,2,153,18,0,0.4907701449337955,0.2363873981923792,0.2728424568738254,0.16687902578184638,0.4810069249592627,0.24274080365676368,0.27625227138397374,0.17283456469252242,0.4865793603549976,0.24825477569132529,0.2651658639536772,1.0,144.0
2023/24,2024-01-20,RB Leipzig,Leverkusen,2,3,154,18,2,0.3281954294271317,0.2599836105207543,0.4118209600521139,0.22683341146543812,0.3786184323264702,0.2710507679767822,0.3503307996967473,0.28271099356001067,0.38926757001444057,0.2581349933782763,0.35259743660728315,1.0,144.0
2023/24,2024-01-20,FC Koln,Dortmund,0,4,155,18,2,0.23068756335614687,0.1997497783812459,0.5695626582626073,0.11924652852457468,0.2529602698498381,0.21093569985983002,0.5361040302903316,0.13959418441768812,0.25363181939303264,0.2323947053290228,0.5139734752779446,1.0,144.0
2023/24,2024-01-20,Heidenheim,Wolfsburg,1,1,156,18,1,0.4038117524851725,0.28434525686731554,0.3118429906475122,0.13015499113056522,0.4222545428880146,0.28029956100890574,0.29744589610307987,0.13338648004906511,0.33088629710800166,0.28611932749927205,0.3829943753927263,1.0,144.0
2023/24,2024-01-20,Bochum,Stuttgart,1,0,157,18,0,0.26216177659939566,0.2275505658598341,0.5102876575407698,0.4023993686747033,0.26300456241167636,0.22502606926872376,0.5119693683196,0.40263745456178734,0.21734828792689398,0.23988811037857186,0.5427636016945341,1.0,144.0
2023/24,2024-01-20,Darmstadt,Ein Frankfurt,2,2,158,18,1,0.2677441048534854,0.26380638573400517,0.46844950941250973,0.14556592427630746,0.27617225012456975,0.26527373184987313,0.45855401802555723,0.14327144959312546,0.2592970087197348,0.27545716223767863,0.4652458290425865,1.0,144.0
2023/24,2024-01-21,M'gladbach,Augsburg,1,2,159,18,2,0.5002880948272358,0.24493650534720418,0.2547753998255601,0.4028239412655097,0.5083204325482741,0.24181497813857822,0.249864589313148,0.41054639825619854,0.5358746595342674,0.23428336564179322,0.2298419748239393,1.0,144.0
2023/24,2024-01-21,Bayern Munich,Werder Bremen,0,1,160,18,2,0.7731538561366332,0.13431125586117543,0.09253488800219119,0.7106299073760706,0.7708658392783843,0.137590311025217,0.0915438496963988,0.7097633595954036,0.8882815169115134,0.07447898872565767,0.037239494362828834,1.0,144.0
2023/24,2024-01-24,Bayern Munich,Union Berlin,1,0,161,18,0,0.8071661921874295,0.11503901698038488,0.07779479083218561,0.021618453458059454,0.8110235301892833,0.1126368344721378,0.07633963533857914,0.020769923032873963,0.8492376979934646,0.09700711179484464,0.053755190211690694,1.0,144.0
2023/24,2024-01-26,Ein Frankfurt,Mainz,1,0,162,19,0,0.3861539008008127,0.31019786674484584,0.30364823245434147,0.23450464128735216,0.3952936365771865,0.3049619240676374,0.2997444393551761,0.22775825744419628,0.4320882570774792,0.2893448150072406,0.2785669279152803,1.0,144.0
2023/24,2024-01-27,Leverkusen,M'gladbach,0,0,163,19,1,0.751345074071166,0.14779328649400553,0.10086163943482847,0.28734624532024367,0.7501962502440511,0.15006324594617085,0.0997405038097778,0.2863712909902317,0.7883751029096545,0.12362694415806921,0.08799795293227618,1.0,144.0
2023/24,2024-01-27,Augsburg,Bayern Munich,2,3,164,19,2,0.17574436142231054,0.1913662089134819,0.6328894296642075,0.08282812571200326,0.1617048572358349,0.18088791906502857,0.6574072236991366,0.07175913561359762,0.12124991572844332,0.14757635003033776,0.7311737342412189,1.0,144.0
2023/24,2024-01-27,Stuttgart,RB Leipzig,5,2,165,19,0,0.5205285388818073,0.23325215019085477,0.24621931092733798,0.14525841555017385,0.456170779019152,0.241076737377824,0.30275248360302415,0.19370464396021764,0.3830059586190377,0.25668473216157145,0.360309309219391,1.0,144.0
2023/24,2024-01-27,Werder Bremen,Freiburg,3,1,166,19,0,0.3861354907782619,0.2754421030113926,0.33842240621034547,0.24567968035362273,0.3808263370638488,0.27733028265422077,0.3418433802819308,0.2501164607581736,0.4042710892556822,0.2783695214589126,0.3173593892854053,1.0,144.0
2023/24,2024-01-27,Wolfsburg,FC Koln,1,1,167,19,1,0.5433946774313874,0.2458837638076833,0.21072155876092935,0.16984067539369865,0.5290263868636369,0.2519761199116254,0.21899749322473763,0.16391441001835672,0.558721019194913,0.24800371770386448,0.1932752631012224,1.0,144.0
2023/24,2024-01-27,Hoffenheim,Heidenheim,1,1,168,19,1,0.5804061563810019,0.2072199691119816,0.2123738745070165,0.19098698446904502,0.5921332139631326,0.20656604355805583,0.20130074247881183,0.19557186600041487,0.5585155404004332,0.22600396285971017,0.21548049673985673,1.0,144.0
2023/24,2024-01-28,Dortmund,Bochum,3,1,169,19,0,0.6085149576781835,0.19769257256293768,0.193792469758879,0.09540802984848018,0.6465819733166217,0.18533210772963035,0.16808591895374805,0.0765785888676495,0.7004870898748125,0.1658099801075885,0.133702930017599,1.0,144.0
2023/24,2024-01-28,Union Berlin,Darmstadt,1,0,170,19,0,0.5032196451444949,0.2688475314907162,0.22793282336478907,0.14937204646870278,0.48004301957551515,0.2837839571537811,0.23617302327070372,0.16306647920648623,0.5607329452363257,0.2628910556257028,0.1763759991379715,1.0,144.0
2023/24,2024-02-02,Heidenheim,Dortmund,0,0,171,20,1,0.2528464999356296,0.21056058300217356,0.5365929170621968,0.17593165558550797,0.2420802752618611,0.20625127757305067,0.5516684471650886,0.18147046763419908,0.2956378789616546,0.23898000535229572,0.46538211568604965,1.0,144.0
2023/24,2024-02-03,Mainz,Werder Bremen,0,1,172,20,2,0.4823477726188396,0.31141121416021267,0.2062410132209479,0.4313563514214317,0.47675260451852414,0.30632473866625903,0.2169226568152167,0.4202515856622675,0.46912491734105866,0.27666341279088075,0.2542116698680606,1.0,144.0
2023/24,2024-02-03,FC Koln,Ein Frankfurt,2,0,173,20,0,0.2846142195454358,0.24110048016075625,0.474285300293808,0.36836168047568674,0.29516272704691027,0.24855543891829546,0.4562818340347937,0.35249434670705193,0.32111248655089836,0.30029964020037714,0.3785878732487245,1.0,144.0
2023/24,2024-02-03,Freiburg,Stuttgart,1,3,174,20,2,0.25460373492140165,0.24090543433073824,0.5044908307478599,0.15517619932443658,0.2538442912446421,0.230449003109306,0.5157067056460519,0.14948845957684723,0.3021213627242528,0.2803546939400847,0.4175239433356627,1.0,144.0
2023/24,2024-02-03,Bochum,Augsburg,1,1,175,20,1,0.4604958564949484,0.2638211959627521,0.2756829475422997,0.14402876070731319,0.4833171692480742,0.26402344356843077,0.2526593871834952,0.14871612601095544,0.397026149376175,0.281946106078733,0.32102774454509203,1.0,144.0
2023/24,2024-02-03,Bayern Munich,M'gladbach,3,1,176,20,0,0.7867044830561026,0.125478867875994,0.08781664906790364,0.026603370700939846,0.7870607226194832,0.12486978153135866,0.08806949584915785,0.02654968597523077,0.850085912865762,0.09604538559632989,0.05386870153790821,1.0,144.0
2023/24,2024-02-03,Darmstadt,Leverkusen,0,2,177,20,2,0.13970647925813767,0.1600535374620224,0.7002399832798398,0.054686983985387544,0.14174534118095822,0.16697221713923593,0.6912824416798058,0.05769913628084436,0.08848848530790199,0.15622397080417877,0.7552875438879193,1.0,144.0
2023/24,2024-02-04,Wolfsburg,Hoffenheim,2,2,178,20,1,0.38095068435561313,0.26277749130841416,0.35627182433597243,0.1360265183633461,0.38018213065750744,0.2649561617307529,0.35486170761173963,0.1352326420002009,0.45219997858901617,0.2531848838454127,0.2946151375655712,1.0,144.0
2023/24,2024-02-04,RB Leipzig,Union Berlin,2,0,179,20,0,0.6532582282286034,0.1983722701544783,0.14836950161691817,0.07112168265061003,0.67868364576324,0.19101972576515142,0.13029662847160864,0.0601107054455357,0.7162030108094689,0.17938294333817867,0.10441404585235238,1.0,144.0
2023/24,2024-02-07,Mainz,Union Berlin,1,1,180,20,1,0.5304254455789775,0.2903284999361024,0.17924605448492,0.1567401506830339,0.5234650541485755,0.29062678167552614,0.1859081641758985,0.1542887542110119,0.46524209572280134,0.29287830724718517,0.24187959703001363,1.0,144.0
2023/24,2024-02-09,Dortmund,Freiburg,3,0,181,21,0,0.6041530960035937,0.20329387525269824,0.19255302874370828,0.0968857201409577,0.6171131285193922,0.1968064037207001,0.1860804677599078,0.09061414841697678,0.6586740097436984,0.19097648803219655,0.15034950222410506,1.0,144.0
2023/24,2024-02-10,Leverkusen,Bayern Munich,3,0,182,21,0,0.4426113508054044,0.27310099901983703,0.28428765017475843,0.19575078714643093,0.41868003853728786,0.27357984954671255,0.3077401119159997,0.21631843703854053,0.40723983600828223,0.2757232884022081,0.31703687558950966,1.0,144.0
2023/24,2024-02-10,Werder Bremen,Heidenheim,1,2,183,21,2,0.4911301116090111,0.26348215666527747,0.24538773172571146,0.4053242309795733,0.4968023541253783,0.26145795660755095,0.24173968926707054,0.41088563894865815,0.5223417648000653,0.25634714578578405,0.2213110894141507,1.0,144.0
2023/24,2024-02-10,Union Berlin,Wolfsburg,1,0,184,21,0,0.43176466709520217,0.29004128783272853,0.2781940450720698,0.20014166013749343,0.4376431742830418,0.29427634270750497,0.2680804830094532,0.19405617240051753,0.417491279809578,0.2929983981796135,0.2895103220108085,1.0,144.0
2023/24,2024-02-10,M'gladbach,Darmstadt,0,0,185,21,1,0.5999593335679333,0.223244904853414,0.17679576157865295,0.19560397162372722,0.5814332527474152,0.22940921140034534,0.1891575358522394,0.18692260038506542,0.588024079669723,0.23492487444432034,0.17705104588595674,1.0,144.0
2023/24,2024-02-10,Augsburg,RB Leipzig,2,2,186,21,1,0.31154524359515046,0.24359270521025303,0.4448620511945965,0.14748134169991273,0.27565024331704907,0.24130084998742427,0.48304890669552664,0.154659651450246,0.22058069441753936,0.21909363355629752,0.5603256720261631,1.0,144.0
2023/24,2024-02-10,Ein Frankfurt,Bochum,1,1,187,21,1,0.5329946856764551,0.24490523828261582,0.22210007604092893,0.16670588936836486,0.5652237620677815,0.23238272037008234,0.20239351756213628,0.18022051857861537,0.5369753457425122,0.25310556661300704,0.20991908764448097,1.0,144.0
2023/24,2024-02-11,Stuttgart,Mainz,3,1,188,21,0,0.6447202720782448,0.2200454361295328,0.13523429179222257,0.07225599937435019,0.6312536415503243,0.22768744645854885,0.1410589119911271,0.0779357467610086,0.658060416347953,0.20758558198100666,0.13435400167104042,1.0,144.0
2023/24,2024-02-11,Hoffenheim,FC Koln,1,1,189,21,1,0.6978945694852339,0.16239937106924943,0.1397060594455168,0.2532873065813871,0.6636804420486868,0.17777267471402963,0.15854688323728364,0.2328044216710986,0.5551555112132911,0.23988201101808876,0.20496247776862012,1.0,144.0
2023/24,2024-02-16,FC Koln,Werder Bremen,0,1,190,22,2,0.356682856841638,0.2729563714203229,0.370360771738039,0.2618341090655151,0.36833992346917177,0.2757447318303392,0.3559153447004887,0.27525967120678263,0.39408898894208977,0.2888426714204634,0.31706833963744685,1.0,144.0
2023/24,2024-02-17,Hoffenheim,Union Berlin,0,1,191,22,2,0.5785709959295612,0.2325699108735958,0.18885909319684327,0.49634698401018607,0.575789202662005,0.23350818029234618,0.19070261704564914,0.49324772997945454,0.49851363577614066,0.2578518805738658,0.24363448364999352,1.0,144.0
2023/24,2024-02-17,Heidenheim,Leverkusen,1,2,192,22,2,0.17582040006791386,0.20705629325599587,0.6171233066760904,0.08875368768534625,0.18073420846293833,0.21262775937325035,0.6066380321638112,0.09369924592434181,0.12974701675616832,0.18286985191859953,0.6873831313252322,1.0,144.0
2023/24,2024-02-17,Darmstadt,Stuttgart,1,2,193,22,2,0.15282337145782665,0.17074220229265033,0.6764344262495229,0.06402483169010612,0.15345883624611886,0.16690774794909544,0.6796334158047859,0.06309218134546123,0.15714251367696783,0.20498294067376138,0.6378745456492707,1.0,144.0
2023/24,2024-02-17,Wolfsburg,Dortmund,1,1,194,22,1,0.3163857800265403,0.2691492129509694,0.41446500702249056,0.13594060192457766,0.29554844512872347,0.2625424044989735,0.4419091503723029,0.1413162903003884,0.3004225893200154,0.24894352669996164,0.4506338839800231,1.0,144.0
2023/24,2024-02-17,RB Leipzig,M'gladbach,2,0,195,22,0,0.6893121627036316,0.17323127035016153,0.13745656694620687,0.05771062002026587,0.7068589168945498,0.16615475556244963,0.1269863275430006,0.05102861099354733,0.7329636983478814,0.16071629266099727,0.10632000899112126,1.0,144.0
2023/24,2024-02-17,Mainz,Augsburg,1,0,196,22,0,0.4937959451705911,0.28744877938470453,0.21875527544470463,0.15204820783031184,0.5110302117742169,0.279276042817035,0.2096937454087478,0.14153146033055802,0.4852565195159366,0.2658939832964036,0.24884949718765983,1.0,144.0
2023/24,2024-02-18,Freiburg,Ein Frankfurt,3,3,197,22,1,0.4638278808455785,0.2473491393193235,0.28882297983509825,0.1492775083652628,0.46703005310890683,0.25075722191078564,0.2822127249803076,0.1488805463238595,0.3864752550056668,0.2856063468077068,0.3279183981866264,1.0,144.0
2023/24,2024-02-18,Bochum,Bayern Munich,3,2,198,22,0,0.18111522910500175,0.1969621477623994,0.6219226231325987,0.5286800085839432,0.1679907276934536,0.1853868006876466,0.6466224716188999,0.5551800250033019,0.1268892082445192,0.16970322431303708,0.7034075674424436,1.0,144.0
2023/24,2024-02-23,Leverkusen,Mainz,2,1,199,23,0,0.6006746196028871,0.24885575978962313,0.15046962060748983,0.09105093307753039,0.6066505147760055,0.24425707221659984,0.14909241300739462,0.0884761825711745,0.7457366622714936,0.16184602019247776,0.09241731753602876,1.0,144.0
2023/24,2024-02-24,Bayern Munich,RB Leipzig,2,1,200,23,0,0.6266065155682627,0.20172266561078853,0.17167081882094853,0.0844467821253645,0.5863726818622725,0.21214731959815936,0.20147999853956816,0.10584087406065659,0.5368984998433217,0.2213636183864265,0.24173788177025182,1.0,144.0
2023/24,2024-02-24,Werder Bremen,Darmstadt,1,1,201,23,1,0.556777249222087,0.25705945844482614,0.18616329233308668,0.17232883833180418,0.5437693711804663,0.2646002877469043,0.19163034107262927,0.166203658326806,0.5508678175063578,0.24544996425599735,0.2036822182376449,1.0,144.0
2023/24,2024-02-24,M'gladbach,Bochum,5,2,202,23,0,0.46674292595720035,0.2585006362158885,0.2747564378269112,0.1799271035720106,0.466407880947583,0.25712244670316486,0.2764696723492523,0.18057801462187578,0.45881500837901545,0.2679580765188741,0.2732269151021104,1.0,144.0
2023/24,2024-02-24,Union Berlin,Heidenheim,2,2,203,23,1,0.4645153339888293,0.26556450903415335,0.26992015697701727,0.14431569332662567,0.4550074655894289,0.27381383626400835,0.27117869814656304,0.14028484003528996,0.5196081192288797,0.2691598844759017,0.21123199629521852,1.0,144.0
2023/24,2024-02-24,Stuttgart,FC Koln,1,1,204,23,1,0.7972584769578102,0.11979242854167851,0.0829490945005113,0.32125081567977093,0.7737578267471076,0.1344373674153258,0.0918048058375666,0.30356464841364017,0.7289620063971931,0.1712931923159482,0.09974480128685871,1.0,144.0
2023/24,2024-02-25,Ein Frankfurt,Wolfsburg,2,2,205,23,1,0.4416949452488097,0.27821856161381797,0.2800864931373727,0.13677143414817017,0.4502051798907209,0.2772653910471722,0.2725294290621067,0.13847849685267719,0.3910148229136111,0.2855210876993817,0.32346408938700727,1.0,144.0
2023/24,2024-02-25,Dortmund,Hoffenheim,2,3,206,23,2,0.597000415136747,0.2002070296871652,0.20279255517608788,0.4959746028780596,0.6251804263495159,0.1918574727992048,0.1829621008512794,0.5292007470679587,0.6731199533028505,0.1727794532542076,0.1541005934429419,1.0,144.0
2023/24,2024-02-25,Augsburg,Freiburg,2,1,207,23,0,0.44605732588662167,0.25122063581929766,0.3027220382940804,0.1992465593364017,0.4279216515510673,0.2540345704363466,0.3180437780125862,0.2142127407482888,0.408732210706176,0.2702174059668608,0.3210503833269633,1.0,144.0
2023/24,2024-03-01,Freiburg,Bayern Munich,2,2,208,24,1,0.21705138009478966,0.22213762280479418,0.5608109971004164,0.18081013803490792,0.2116129067055442,0.2134906833744691,0.5748964099199868,0.18764295221162935,0.15593282539167763,0.2007151864029239,0.6433519882053985,1.0,144.0
2023/24,2024-03-02,Heidenheim,Ein Frankfurt,1,2,209,24,2,0.4164369313142037,0.24895564127987604,0.33460742740592037,0.3080834967128792,0.4368279138420622,0.24837516767732748,0.3147969184806103,0.3301609446176378,0.31712260910164103,0.28550334602405797,0.3973740448743011,1.0,144.0
2023/24,2024-03-02,Bochum,RB Leipzig,1,4,210,24,2,0.2864097101788133,0.2304690156615154,0.48312127415967165,0.17459706965551675,0.2700714020497599,0.23340336980048992,0.4965252281497502,0.16321270404739208,0.20863690555040407,0.21512783150086104,0.576235262948735,1.0,144.0
2023/24,2024-03-02,Darmstadt,Augsburg,0,6,211,24,2,0.3308579944624458,0.2669816967652658,0.4021603087722883,0.23343965445347864,0.35944728183304986,0.26916612151573593,0.37138659665121454,0.2621785796434556,0.26780131622174413,0.2692849800235267,0.4629137037547292,1.0,144.0
2023/24,2024-03-02,Mainz,M'gladbach,1,1,212,24,1,0.5506960961369016,0.25638790313372023,0.19291600072937817,0.17024138681892054,0.565246443996568,0.2485886435383083,0.18616491246512368,0.17708045854195623,0.5029042130624471,0.2608647522302533,0.23623103470729961,1.0,144.0
2023/24,2024-03-02,Wolfsburg,Stuttgart,2,3,213,24,2,0.2204969532121638,0.23196953877258983,0.5475335080152461,0.12667241637241813,0.24535398327717703,0.2417491100126156,0.5128969067102074,0.14873400030123085,0.30008936286492915,0.27158925577719845,0.42832138135787245,1.0,144.0
2023/24,2024-03-02,Union Berlin,Dortmund,0,2,214,24,2,0.28171519484466695,0.25659088495492666,0.46169392020040667,0.18456844327778751,0.28276387080305904,0.24607087182549117,0.4711652573714496,0.17981079582126702,0.28170151664722254,0.26626581710490893,0.45203266624786864,1.0,144.0
2023/24,2024-03-03,FC Koln,Leverkusen,0,2,215,24,2,0.13678481257644481,0.16658977818657952,0.6966254092369757,0.05537311363610281,0.1478646088260172,0.182517869181621,0.6696175219923618,0.06550826215886932,0.11239510080863853,0.1804182065121907,0.7071866926791709,1.0,144.0
2023/24,2024-03-03,Hoffenheim,Werder Bremen,2,1,216,24,0,0.5020029235396347,0.2515055451516969,0.24649153130866858,0.15437958158498158,0.5205690773099786,0.24871686114597605,0.23071406154404536,0.14154149391277743,0.49759099666088596,0.23212977116955205,0.270279232169562,1.0,144.0
2023/24,2024-03-08,Stuttgart,Union Berlin,2,0,217,25,0,0.7015280476997603,0.17786340943971568,0.12060854286052428,0.051815963460427716,0.7014046197518694,0.17887330353950284,0.1197220767086278,0.05174628837847613,0.6377502383222117,0.217349857006673,0.14489990467111533,1.0,144.0
2023/24,2024-03-09,Werder Bremen,Dortmund,1,2,218,25,2,0.2896602355986026,0.24895186216045911,0.461387902240938,0.1870030219697275,0.27812015388491046,0.24417221408218454,0.477707632032905,0.1750700688168208,0.24017068718859455,0.22670317201914064,0.5331261407922647,1.0,144.0
2023/24,2024-03-09,RB Leipzig,Darmstadt,2,0,219,25,0,0.7682795474757121,0.13758462130556293,0.09413583121872478,0.0312779614186505,0.7770638396187357,0.1317866259530121,0.0911495344282524,0.02900438461601397,0.8654010185707087,0.093018151708176,0.04158082972111514,1.0,144.0
2023/24,2024-03-09,Augsburg,Heidenheim,1,0,220,25,0,0.5066113125106135,0.23892869981479065,0.25445998767459577,0.15409114113492747,0.49054638212313234,0.24406240593440862,0.26539121194245885,0.16498774207205835,0.5778472546776039,0.22605598620489592,0.19609675911750007,1.0,144.0
2023/24,2024-03-09,Bayern Munich,Mainz,8,1,221,25,0,0.6080113059429908,0.23975191725904368,0.15223677679796563,0.08841558623917657,0.6513263756415556,0.21841723874669233,0.13025638561175248,0.06927001115794551,0.775977386028303,0.14005996487264855,0.08396264909904848,1.0,144.0
2023/24,2024-03-09,M'gladbach,FC Koln,3,3,222,25,1,0.5670931584221137,0.22804412259249385,0.20486271898539268,0.1817816919796282,0.5974684219814395,0.21279937199175844,0.18973220602680213,0.19648341263439414,0.5159579891913939,0.2635872336086469,0.22045477719995923,1.0,144.0
2023/24,2024-03-10,Bochum,Freiburg,1,2,223,25,2,0.3961286956419648,0.24239287892692296,0.3614784254311126,0.282313872350468,0.4023373996932425,0.24333150033456638,0.3543310999721908,0.2893818558275203,0.3787307937989359,0.28212699711978706,0.33914220908127707,1.0,144.0
2023/24,2024-03-10,Ein Frankfurt,Hoffenheim,3,1,224,25,0,0.4802412957833148,0.23184038991118183,0.2879183143055033,0.1765230331607651,0.46963834836689916,0.236590031306835,0.2937716203262658,0.18379262321605516,0.4699611559163197,0.25600515598599516,0.274033688097685,1.0,144.0
2023/24,2024-03-10,Leverkusen,Wolfsburg,2,0,225,25,0,0.6694983418126429,0.21203718929875717,0.1184644688886001,0.06163258822682535,0.6714701562533352,0.20854760053322474,0.11998224321344027,0.06116379845936855,0.7445849740282728,0.16717797344330826,0.08823705252841885,1.0,144.0
2023/24,2024-03-15,FC Koln,RB Leipzig,1,5,226,26,2,0.19371870030484337,0.20324945817361997,0.6030318415215367,0.09755532684679005,0.18949278654348117,0.20113152647252686,0.609375686983992,0.09424743503562077,0.14324487514422532,0.19802359017892907,0.6587315346768456,1.0,144.0
2023/24,2024-03-16,Hoffenheim,Stuttgart,0,3,227,26,2,0.2721214409625714,0.2123344624502995,0.5155440965871293,0.15437380049156357,0.28669294619163305,0.22018535049402166,0.49312170331434546,0.16955922652349456,0.22424753802764805,0.21771117481159555,0.5580412871607563,1.0,144.0
2023/24,2024-03-16,Union Berlin,Werder Bremen,2,1,228,26,0,0.40590751326746505,0.3044381900931415,0.2896542966393933,0.21842274717685453,0.40151691601341044,0.30380994405867534,0.29467313992791433,0.22250713060653768,0.4566268532453809,0.28191744852540906,0.26145569822921,1.0,144.0
2023/24,2024-03-16,Wolfsburg,Augsburg,1,3,229,26,2,0.4128350589901144,0.29298652025385735,0.29417842075602785,0.3343084438289127,0.42542507400641816,0.29164347730374685,0.2829314486898352,0.34758690043571255,0.4121822513267187,0.27096103429834434,0.3168567143749369,1.0,144.0
2023/24,2024-03-16,Heidenheim,M'gladbach,1,1,230,26,1,0.3538800015201708,0.2632091039768274,0.3829108945030021,0.1359259043025025,0.35064904548685577,0.2657379514232974,0.38361300308984686,0.13505684462022693,0.36906554783789625,0.27140196275544465,0.3595324894066591,1.0,144.0
2023/24,2024-03-16,Mainz,Bochum,2,0,231,26,0,0.5253983335825237,0.25332475859129994,0.22127690782617657,0.13710510585167976,0.5285367134744194,0.24993055352718677,0.22153273299839377,0.13567719116561966,0.5306039198234781,0.24770540134616456,0.2216906788303573,1.0,144.0
2023/24,2024-03-16,Darmstadt,Bayern Munich,2,5,232,26,2,0.12215708977769565,0.11384413387633115,0.7639987763459728,0.035309466074576995,0.12394444771922825,0.1167091625418472,0.7593463897389244,0.03663819312605705,0.05600998345629158,0.0954878987453263,0.848502117798382,1.0,144.0
2023/24,2024-03-17,Freiburg,Leverkusen,2,3,233,26,2,0.2192899796658699,0.23771385274671025,0.54299616758742,0.12847029901082163,0.22761324090909713,0.24437628614426085,0.528010472946642,0.1372909505425976,0.15141074347021763,0.21007421334287768,0.6385150431869046,1.0,144.0
2023/24,2024-03-17,Dortmund,Ein Frankfurt,3,1,234,26,0,0.5648596130406636,0.22235763053210622,0.21278275642723007,0.11731182889794552,0.5531574046612774,0.2250880922707089,0.22175450306801361,0.12442168231999357,0.581432202042307,0.2191855028015017,0.19938229515619146,1.0,144.0
2023/24,2024-03-30,Bayern Munich,Dortmund,0,2,235,27,2,0.666093657489375,0.17469130961357723,0.15921503289704778,0.5753000607269426,0.6642412412779759,0.17540903013553763,0.16034972858648638,0.5731145024496467,0.7183156943241309,0.15151971677149637,0.1301645889043727,1.0,144.0
2023/24,2024-03-30,Werder Bremen,Wolfsburg,0,2,236,27,2,0.4169594609534727,0.29688897451801327,0.2861515645285141,0.34171739045184946,0.4038847644543254,0.29781257765089725,0.29830265789477756,0.3277510314379299,0.35929387331256485,0.2814122533748702,0.35929387331256485,1.0,144.0
2023/24,2024-03-30,RB Leipzig,Mainz,0,0,237,27,1,0.5598558117236987,0.24613991123531254,0.1940042770409887,0.17553809471549914,0.5742242200573522,0.2409555230796268,0.18482025686302095,0.18194599112369378,0.7065661862525963,0.17012226277083597,0.12331155097656775,1.0,144.0
2023/24,2024-03-30,Leverkusen,Hoffenheim,2,1,238,27,0,0.766822024445168,0.1398710334044066,0.09330694215042556,0.03153907686865633,0.7602624975124279,0.14374618547462806,0.09599131701294414,0.03334420152042908,0.8043734157111628,0.12126232397655719,0.07436426031228006,1.0,144.0
2023/24,2024-03-30,Ein Frankfurt,Union Berlin,0,0,239,27,1,0.5318838040272317,0.25401681860836534,0.21409937736440293,0.16436946218715182,0.5171357123262876,0.2574827711088367,0.22538151656487565,0.1591130864861501,0.4930776323805022,0.27674157714803116,0.2301807904714667,1.0,144.0
2023/24,2024-03-30,M'gladbach,Freiburg,0,3,240,27,2,0.44016242175763765,0.24770049317403942,0.3121370850683231,0.33344917363292603,0.43101982571923114,0.2466522073768392,0.3223279669039298,0.32250873730179896,0.45472842766397825,0.26881735779030763,0.27645421454571406,1.0,144.0
2023/24,2024-03-31,Augsburg,FC Koln,1,1,241,27,1,0.6294395306568173,0.2002990272596231,0.17026144208355976,0.2125915407069239,0.62656196864156,0.20271626632065284,0.1707217650377873,0.21086291080280228,0.5787031128225042,0.23400343787253802,0.18729344930495773,1.0,144.0
2023/24,2024-03-31,Stuttgart,Heidenheim,3,3,242,27,1,0.7177452403064893,0.16895935324780895,0.1132954064457019,0.2639970395521585,0.7145469754394838,0.17362443627226104,0.11182858828825516,0.2615415066341292,0.7512549363229345,0.15072199349425647,0.09802307018280898,1.0,144.0
2023/24,2024-03-31,Bochum,Darmstadt,2,2,243,27,1,0.5176561646970629,0.24575399290823297,0.23658984239470376,0.1619713291866118,0.5415211523137391,0.23967003211929908,0.21880881556696188,0.17056122808650828,0.6473182861355581,0.20398685487465068,0.1486948589897913,1.0,144.0
2023/24,2024-04-05,Ein Frankfurt,Werder Bremen,1,1,244,28,1,0.5574718967824027,0.24086086562041625,0.2016672375971809,0.17572229521112387,0.5357527747104814,0.25060432875586686,0.21364289653365165,0.16633716142463423,0.5460097286165718,0.24542861538825703,0.2085616559951712,1.0,144.0
2023/24,2024-04-06,Heidenheim,Bayern Munich,3,2,245,28,0,0.17912273146396973,0.19307561773744067,0.6278016507985895,0.5339872013723042,0.18187731684926908,0.1904458075429303,0.6276768756078008,0.5316514924292608,0.12940149384033367,0.1673295178969832,0.703268988262683,1.0,144.0
2023/24,2024-04-06,Freiburg,RB Leipzig,1,4,246,28,2,0.2900818115765651,0.22986439481223128,0.48005379361120326,0.17724575747282134,0.28514251513549604,0.23253297056545283,0.48232451429905115,0.17464708121675498,0.17404561590048134,0.2084804474334798,0.6174739366660389,1.0,144.0
2023/24,2024-04-06,FC Koln,Bochum,2,1,247,28,0,0.3851178388459235,0.24841189982216633,0.3664702613319102,0.2561902622730931,0.3941020441435796,0.25026775663555717,0.35563019922086303,0.2467925857544298,0.42503860553475614,0.2773043893659805,0.29765700509926346,1.0,144.0
2023/24,2024-04-06,Union Berlin,Leverkusen,0,1,248,28,2,0.1916514587814776,0.23890710280204686,0.5694414384164755,0.11105547830297102,0.18290227929721412,0.23885260161896016,0.5782451190838257,0.10566521167436624,0.17336723512452526,0.24977392895517947,0.5768588359202954,1.0,144.0
2023/24,2024-04-06,Dortmund,Stuttgart,0,1,249,28,2,0.3547843054460487,0.2564224454049299,0.3887932491490213,0.24972279783832274,0.36165411494939914,0.2509220673260491,0.38742381772455187,0.25302163897549823,0.49309681086957236,0.22856487468542533,0.2783383144450022,1.0,144.0
2023/24,2024-04-06,Mainz,Darmstadt,4,0,250,28,0,0.6935464119369477,0.1860099568074592,0.12044363125559343,0.05421023497337614,0.6971574657241734,0.18115669948340113,0.12168583479242555,0.05326052147786734,0.6814437229706993,0.1893640091229732,0.12919226790632748,1.0,144.0
2023/24,2024-04-07,Hoffenheim,Augsburg,3,1,251,28,0,0.4538366938369399,0.24251067748609142,0.30365262867696846,0.19524963795069875,0.44491236539274553,0.24761789678869214,0.3074697378185621,0.20132996088404612,0.42163328936323297,0.24595275212855258,0.33241395850821437,1.0,144.0
2023/24,2024-04-07,Wolfsburg,M'gladbach,1,3,252,28,2,0.47785541123202957,0.2737038452659363,0.24844074350203427,0.39659355503575366,0.47389687352615756,0.2755096183373456,0.2505935081364967,0.39309416839251493,0.48647769768576227,0.2533738008780012,0.26014850143623647,1.0,144.0
2023/24,2024-04-12,Augsburg,Union Berlin,2,0,253,29,0,0.4919347847101059,0.272346266836063,0.2357189484538312,0.15684684282387318,0.47670081755516147,0.27892245309209635,0.24437672935274243,0.1667810100982899,0.4444299688412641,0.2829365208611536,0.27263351029758215,1.0,144.0
2023/24,2024-04-13,Mainz,Hoffenheim,4,1,254,29,0,0.5754024787566616,0.22486875868017608,0.19972876256316208,0.11008731682049963,0.5914285554768403,0.21939382171767646,0.1891776228054834,0.10135939912503757,0.5447993428350433,0.23480455938168934,0.2203960977832675,1.0,144.0
2023/24,2024-04-13,Bochum,Heidenheim,1,1,255,29,1,0.4292495210148803,0.27028653539890257,0.30046394358621725,0.13726686634344282,0.44474159351264625,0.2706523305505092,0.284606075936845,0.1393978517301684,0.4740213523131673,0.2633451957295374,0.2626334519572953,1.0,144.0
2023/24,2024-04-13,Bayern Munich,FC Koln,2,0,256,29,0,0.8564048758697352,0.07742430896466161,0.06617081516560325,0.012499068226833283,0.8532757591645834,0.07948163144854678,0.06724260938686961,0.013024785682942235,0.8130835540359059,0.12064456724472919,0.06627187871936494,1.0,144.0
2023/24,2024-04-13,M'gladbach,Dortmund,1,2,257,29,2,0.31121458246916234,0.22623648440922473,0.4625489331216128,0.19285408281508576,0.3095442367004401,0.22446337451920656,0.46599238878035354,0.19049088165748573,0.27723443708609274,0.2615841059602649,0.46118145695364243,1.0,144.0
2023/24,2024-04-13,Stuttgart,Ein Frankfurt,3,0,258,29,0,0.6862088100829928,0.17918872439176128,0.13460246552524602,0.05829136729750313,0.6804758278986853,0.18199266053705146,0.13753151156426327,0.06050530661509082,0.6551186081557736,0.18900107993577875,0.15588031190844776,1.0,144.0
2023/24,2024-04-13,RB Leipzig,Wolfsburg,3,0,259,29,0,0.5957578741503746,0.2291274185042262,0.1751147073453991,0.09703842852004457,0.6078363750821285,0.22612876733229337,0.16603485758557837,0.0906799413210941,0.7636088256812434,0.14986715270379544,0.08652402161496106,1.0,144.0
2023/24,2024-04-14,Darmstadt,Freiburg,0,1,260,29,2,0.25588056134708886,0.22694140283746814,0.5171780358154433,0.1492959553871675,0.2649567358674998,0.2313494720124029,0.5036937921200977,0.15826096193084463,0.21346147182146857,0.2322664110057408,0.5542721171727907,1.0,144.0
2023/24,2024-04-14,Leverkusen,Werder Bremen,5,0,261,29,0,0.7796011974006496,0.13820760740809712,0.08219119519125342,0.02766551237709706,0.762887381310499,0.15037104057796202,0.0867415781115389,0.03187324765753644,0.8013995523698897,0.12720627815395077,0.07139416947615944,1.0,144.0
2023/24,2024-04-19,Ein Frankfurt,Augsburg,3,1,262,30,0,0.5114959246522636,0.2392391484798059,0.24926492686793,0.15038461769891087,0.5203763602078342,0.24212079576208426,0.23750284403008143,0.14322321838493124,0.5044929396662388,0.24775353016688056,0.24775353016688056,1.0,144.0
2023/24,2024-04-20,FC Koln,Darmstadt,0,2,263,30,2,0.5628426119117214,0.22799958044944665,0.20915780763883215,0.47111158950111365,0.560547942430499,0.23033570794012256,0.20911634962937858,0.4698554720933128,0.6787954741144948,0.19297763975819632,0.12822688612730876,1.0,144.0
2023/24,2024-04-20,Union Berlin,Bayern Munich,1,5,264,30,2,0.20330568009805375,0.20594582159847635,0.5907484983034698,0.10440999560049859,0.1906461698719717,0.20107293752404265,0.6082808926039857,0.09489491059299146,0.19816813504419095,0.23398165342567123,0.5678502115301378,1.0,144.0
2023/24,2024-04-20,Wolfsburg,Bochum,1,0,265,30,0,0.5476424237549513,0.2581934255126563,0.1941641507323928,0.12116354710796311,0.539682310348379,0.2638043829830768,0.19651330666854444,0.1252549275520057,0.4881033264714929,0.26906526860893937,0.24283140491956776,1.0,144.0
2023/24,2024-04-20,Hoffenheim,M'gladbach,4,3,266,30,0,0.4412547716181427,0.24491652103025466,0.3138287073516026,0.20534234389873585,0.44431118364826966,0.23866398882836853,0.31702482752336175,0.20464740094230222,0.41219771773192226,0.25465618163542836,0.33314610063264943,1.0,144.0
2023/24,2024-04-20,Heidenheim,RB Leipzig,1,2,267,30,2,0.23715401031584135,0.2358430133581557,0.5270029763260027,0.13998410450667295,0.23405123397531657,0.23580363066520366,0.5301451353594796,0.13777178697586498,0.1455016872247536,0.1825634377442663,0.6719348750309801,1.0,144.0
2023/24,2024-04-21,Freiburg,Mainz,1,1,268,30,1,0.38583557797951734,0.26509194404778547,0.3490724779726973,0.1353603440563937,0.3722272015490032,0.26072015192993103,0.36705264652106584,0.13664036744556035,0.32252216867833894,0.278290556973881,0.3991872743477801,1.0,144.0
2023/24,2024-04-21,Werder Bremen,Stuttgart,2,1,269,30,0,0.22111260464545957,0.22215261433877295,0.5567347810157673,0.45830959551742734,0.22480647792944802,0.2227287829391289,0.5524647391314228,0.4530711423218493,0.22145434908981462,0.2292888189868599,0.5492568319233255,1.0,144.0
2023/24,2024-04-21,Dortmund,Leverkusen,1,1,270,30,1,0.30173576705006255,0.25947949684711025,0.43878473610282753,0.14178825887705865,0.32160868934328346,0.2642311893266275,0.41416012133008906,0.13748037758062934,0.35409956468185055,0.27982005829743933,0.3660803770207101,1.0,144.0
2023/24,2024-04-26,Bochum,Hoffenheim,3,2,271,31,0,0.45374254695129734,0.24334568978751,0.30291176326119235,0.1950763706666302,0.4352322894052762,0.24663950587767872,0.3181282047170452,0.21008406078344788,0.45263951787946277,0.24513223260474687,0.30222824951579036,1.0,144.0
2023/24,2024-04-27,RB Leipzig,Dortmund,4,1,272,31,0,0.5380172612034166,0.227308842002828,0.23467389679375558,0.13424994439117915,0.5363756258980397,0.2261289869939135,0.23749538710804674,0.13567580957951775,0.6184517441763498,0.19937766701373086,0.1821705888099192,1.0,144.0
2023/24,2024-04-27,Freiburg,Wolfsburg,1,2,273,31,2,0.46162210462872066,0.2716939251093872,0.26668397026189244,0.37542368347635546,0.4548518236339626,0.2732652039230442,0.271882972442993,0.3685222936407962,0.4139870629042842,0.281991187775382,0.3040217493203337,1.0,144.0
2023/24,2024-04-27,Leverkusen,Stuttgart,2,2,274,31,1,0.5356329987376757,0.24707253509640298,0.21729446616592107,0.16705979718152378,0.5567962390722672,0.24292565623660015,0.2002781046911327,0.17506668553184682,0.5243841347956357,0.24072224550171864,0.23489361970264555,1.0,144.0
2023/24,2024-04-27,Augsburg,Werder Bremen,0,3,275,31,2,0.4750580714775125,0.25011434051977227,0.2748275880027152,0.3757775991989466,0.4664432425506391,0.25146935052555186,0.282087406923809,0.3664838949092674,0.5743260746154313,0.22261721699543088,0.2030567083891378,1.0,144.0
2023/24,2024-04-27,Bayern Munich,Ein Frankfurt,2,1,276,31,0,0.718981279871033,0.16139146986751854,0.1196272502614485,0.04664110003401896,0.7172481532639037,0.15959484646549152,0.12315700027060511,0.04755812677416334,0.6736159300045256,0.18029868758485446,0.14608538241062002,1.0,144.0
2023/24,2024-04-28,Mainz,FC Koln,1,1,277,31,1,0.6251011021322195,0.21890616803111274,0.15599272983666745,0.20754255982440556,0.5998405226861894,0.23005729679451503,0.17010218051929527,0.19437170223692993,0.6143154213337114,0.22364478472517607,0.16203979394111254,1.0,144.0
2023/24,2024-04-28,M'gladbach,Union Berlin,0,0,278,31,1,0.47052569426559265,0.2632661916960608,0.2662081140383468,0.14613059447198565,0.4679801861623101,0.26477729406571376,0.26724251977197605,0.1452120095072927,0.37570271813482226,0.28286919766546215,0.34142808419971565,1.0,144.0
2023/24,2024-04-28,Darmstadt,Heidenheim,0,1,279,31,2,0.29073878573843825,0.25835792679592534,0.45090328746563646,0.19301812062435347,0.29744398376578224,0.2636698853863299,0.43888613084788825,0.20166084881665627,0.29673085793357934,0.2588503228782288,0.4444188191881919,1.0,144.0
2023/24,2024-05-03,Hoffenheim,RB Leipzig,1,1,280,32,1,0.2115211375964089,0.19259347842544342,0.5958853839781474,0.19991029124443174,0.21585652937875996,0.19813628639438088,0.5860071842268589,0.19499923062046776,0.1856160329802649,0.1811057368517725,0.6332782301679626,1.0,144.0
2023/24,2024-05-04,Dortmund,Augsburg,5,1,281,32,0,0.6967650671256161,0.1747575984872246,0.1284773343871593,0.05422892498328101,0.7385001246888955,0.1507938414481967,0.11070603386290762,0.040319005360689254,0.4840928459069183,0.23222592369281758,0.283681230400264,1.0,144.0
2023/24,2024-05-04,FC Koln,Freiburg,0,0,282,32,1,0.3217851759727203,0.24413416189907022,0.43408066212820984,0.14598586035472963,0.33418418932373084,0.24989497064877947,0.4159208400274899,0.1423346087815659,0.3856353424098335,0.2647959299380873,0.3495687276520793,1.0,144.0
2023/24,2024-05-04,Stuttgart,Bayern Munich,3,1,283,32,0,0.4174956441231705,0.23161836890969398,0.35088598696713585,0.2312161502326904,0.4123255560287326,0.23009731627394323,0.35757712769732397,0.23661132717460337,0.3685385233461298,0.2514061244531738,0.38005535220069636,1.0,144.0
2023/24,2024-05-04,Wolfsburg,Darmstadt,3,0,284,32,0,0.6181562348547213,0.22995944090324766,0.15188432424203108,0.0844367544653906,0.6104990968583477,0.2323526202924665,0.1571482828491858,0.08820326817530526,0.7428276104233948,0.16041127799840754,0.09676111157819772,1.0,144.0
2023/24,2024-05-04,Werder Bremen,M'gladbach,2,2,285,32,1,0.4589137859980873,0.25129759763917636,0.28978861636273623,0.14728965257626372,0.4601912162327703,0.2562013885273329,0.28360739523989675,0.1461045550662777,0.4610415655147664,0.2494353085220916,0.289523125963142,1.0,144.0
2023/24,2024-05-05,Ein Frankfurt,Leverkusen,1,5,286,32,2,0.20250562777848102,0.22577686038330175,0.5717175118382174,0.11221720947400214,0.21108283635495356,0.2364317996524949,0.5524853639925518,0.12241265662226558,0.3319035094650577,0.26790007788777387,0.4001964126471683,1.0,144.0
2023/24,2024-05-05,Heidenheim,Mainz,1,1,287,32,1,0.36618081066290287,0.2828634779706575,0.35095571136643955,0.1286291487192322,0.362729735865394,0.2852863756318969,0.3519838885027089,0.127732759523233,0.3192424754819074,0.2750535452598354,0.40570397925825724,1.0,144.0
2023/24,2024-05-05,Union Berlin,Bochum,3,4,288,32,2,0.4480195034236236,0.2711935424294267,0.2807869541469496,0.35899444038658607,0.4604060934507183,0.2696931366360462,0.2699007699132355,0.372509328329919,0.48626259417110834,0.27241601914347807,0.24132138668541356,1.0,144.0
2023/24,2024-05-10,Augsburg,Stuttgart,0,1,289,33,2,0.22069387129437287,0.19555160124059776,0.5837545274650295,0.1109830391163791,0.2261419582533751,0.2010395250913389,0.5728185166552865,0.11681210249763072,0.24198081033149926,0.2205811468327952,0.5374380428357055,1.0,144.0
2023/24,2024-05-11,Mainz,Dortmund,3,0,290,33,0,0.4216078940275781,0.2504315443356557,0.32796056163676623,0.22104777912015827,0.40983505066454073,0.24492805870334533,0.3452368906321137,0.2337415890387277,0.520074844101128,0.22991488379884384,0.25001027210002813,1.0,144.0
2023/24,2024-05-11,FC Koln,Union Berlin,3,2,291,33,0,0.35079828844098354,0.2732580495652682,0.3759436619937482,0.28139824964221305,0.3873476005032747,0.28283256286160735,0.3298198366351178,0.24206204362355543,0.3760110135949062,0.28228073194516146,0.3417082544599323,1.0,144.0
2023/24,2024-05-11,Freiburg,Heidenheim,1,1,292,33,1,0.4806407077535052,0.2550381061771303,0.2643211860693644,0.150440589677453,0.47112339485492283,0.2589207929188491,0.2699558122262281,0.147416696867175,0.5449485126540743,0.24372069158900805,0.21133079575691768,1.0,144.0
2023/24,2024-05-11,M'gladbach,Ein Frankfurt,1,1,293,33,1,0.44823519586522925,0.2492558112225618,0.302508992912209,0.14621324080254963,0.41763124797291445,0.2562321231346145,0.3261366288924708,0.14039047999437965,0.3549803637515986,0.26358975519766403,0.3814298810507374,1.0,144.0
2023/24,2024-05-11,RB Leipzig,Werder Bremen,1,1,294,33,1,0.7065008448713305,0.16812152274155448,0.12537763238711533,0.25743149725345116,0.7477063551099089,0.14560722477297997,0.10668642011711095,0.285223392854575,0.7003804502991149,0.16721886183612084,0.13240068786476417,1.0,144.0
2023/24,2024-05-12,Bochum,Leverkusen,0,5,295,33,2,0.18816489198308015,0.1990652116981892,0.6127698963187306,0.0926765898860054,0.18451196845002618,0.1938043682408462,0.6216836633091278,0.0885839585542525,0.20903054369747645,0.24795715004930247,0.5430123062532209,1.0,144.0
2023/24,2024-05-12,Darmstadt,Hoffenheim,0,6,296,33,2,0.27751728206667375,0.23251288697631614,0.4899698309570101,0.16857330758984732,0.29492886010500713,0.2440400432131989,0.46103109668179415,0.1887352556334343,0.18525312488477563,0.18560801592861623,0.6291388591866082,1.0,144.0
2023/24,2024-05-12,Bayern Munich,Wolfsburg,2,0,297,33,0,0.7018797859643903,0.18140880459253733,0.11671140944307228,0.05124860755541311,0.7152959794359782,0.17159175404138996,0.11311226652263184,0.04692538208160292,0.6498669100151531,0.1906105700634996,0.15952251992134728,1.0,144.0
2023/24,2024-05-18,Heidenheim,FC Koln,4,1,298,34,0,0.5245716723544664,0.24473795865449796,0.2306903689910355,0.13962507053652448,0.5129242720380324,0.24632607320007255,0.24074965476189517,0.14760158051882616,0.4585570564630079,0.2486294014582038,0.29281354207878824,1.0,144.0
2023/24,2024-05-18,Ein Frankfurt,RB Leipzig,2,2,299,34,1,0.336468642366888,0.25609338297611994,0.40743797465699205,0.13960842524440426,0.328257775922677,0.25507543526505017,0.41666678881227276,0.14068219017641678,0.4375268560515636,0.2564812604440201,0.3059918835044163,1.0,144.0
2023/24,2024-05-18,Werder Bremen,Bochum,4,1,300,34,0,0.5001278494676464,0.2325986239498602,0.2672735265824933,0.16065365244484137,0.5096981924816502,0.22948381253271927,0.2608179949856309,0.1542109444820427,0.44737614559212024,0.24969831381885782,0.30292554058902194,1.0,144.0
2023/24,2024-05-18,Dortmund,Darmstadt,4,0,301,34,0,0.8253479636954676,0.09755112575814039,0.07710091054639218,0.018223942096201224,0.8386893308468909,0.0887015255939623,0.07260914355914708,0.01564660985550831,0.8624888901429115,0.0878969569572394,0.04961415289984905,1.0,144.0
2023/24,2024-05-18,Stuttgart,M'gladbach,4,0,302,34,0,0.696823909270815,0.17505288246252282,0.1281232082666624,0.05416564924318677,0.7092743946452442,0.1704649217035977,0.12026068365115831,0.04949200482056656,0.7966295839913918,0.12131414984640483,0.08205626616220345,1.0,144.0
2023/24,2024-05-18,Union Berlin,Freiburg,2,1,303,34,0,0.34481716156888503,0.2731275610396727,0.38205527739144246,0.28761539337865216,0.35997091457833746,0.2758117213038976,0.36421736411776506,0.2711457592552912,0.5101918021551599,0.254429854338474,0.23537834350636605,1.0,144.0
2023/24,2024-05-18,Wolfsburg,Mainz,1,3,304,34,2,0.3672207076955309,0.31604682052434346,0.3167324717801256,0.3008527816400517,0.36889198799761114,0.30972575853073914,0.3213822534716492,0.298301672356023,0.2969272229080726,0.28221071331787656,0.42086206377405083,1.0,144.0
2023/24,2024-05-18,Leverkusen,Augsburg,2,1,305,34,0,0.7899779578083888,0.12684214802061616,0.08317989417099496,0.02551407650031644,0.7969257064837139,0.12161563886786488,0.0814586546484216,0.02393734055213475,0.8185266004856009,0.11482927129114545,0.06664412822325352,1.0,144.0
2023/24,2024-05-18,Hoffenheim,Bayern Munich,4,2,306,34,0,0.19427715024570874,0.18428706131629427,0.6214357884379968,0.5176858748838655,0.18711929177887782,0.18198682356435222,0.63089388465677,0.5294010697476915,0.2767328182371094,0.2122631946478048,0.5110039871150857,1.0,144.0
2024/25,2024-08-23,M'gladbach,Leverkusen,2,3,1,1,2,0.38593077796058095,0.2572401706479807,0.3568290513914386,0.2813057172556482,0.299947255394535,0.2518314255075195,0.44822131909794516,0.19721403435836285,0.19662057545912,0.22175927917078836,0.5816201453700917,1.0,144.0
2024/25,2024-08-24,RB Leipzig,Bochum,1,0,2,1,0,0.5736084884243459,0.22444142899470276,0.20195008258095135,0.11129677849911214,0.6317715021609245,0.2005744157111303,0.1676540821279451,0.08185005893749292,0.7907305472010565,0.13342894434098046,0.07584050845796296,1.0,144.0
2024/25,2024-08-24,Augsburg,Werder Bremen,2,2,3,1,1,0.45423472995348607,0.25217922105903845,0.2935860489874756,0.1462609790279964,0.4474935330584249,0.25292484976225227,0.299581617179323,0.14499980374044497,0.378829608695158,0.26969310092702387,0.3514772903778181,1.0,144.0
2024/25,2024-08-24,Freiburg,Stuttgart,3,1,4,1,0,0.43513921035218317,0.25437169811999355,0.3104890915278231,0.2077355938196641,0.36907513524846425,0.2566661721935139,0.37425869255802174,0.26906787695849177,0.26055927420295266,0.24358047438020386,0.4958602514168436,1.0,144.0
2024/25,2024-08-24,Hoffenheim,Holstein Kiel,3,2,5,1,0,0.5307502488863904,0.23700153875237479,0.23224821236123477,0.13706728053258688,0.5180320589618239,0.2364166954711482,0.24555124556702776,0.14629425519404882,0.6013847574893192,0.20688663665765042,0.19172860585303048,1.0,144.0
2024/25,2024-08-24,Mainz,Union Berlin,1,1,6,1,1,0.4299947861950815,0.2548442038429197,0.31516100996199886,0.1421109891776105,0.4771840986468496,0.25529375054178177,0.2675221508113686,0.14963638258807346,0.46340694006309147,0.2870662460567823,0.2495268138801262,1.0,144.0
2024/25,2024-08-24,Dortmund,Ein Frankfurt,2,0,7,1,0,0.4989089744530607,0.2445013682802228,0.25658965726671634,0.1584652340499672,0.5037545861220258,0.24452979779746717,0.251715616080507,0.1548101310868555,0.5556305139021996,0.23206525043647958,0.21230423566132084,1.0,144.0
2024/25,2024-08-25,St Pauli,Heidenheim,0,2,8,1,2,0.45050055952691737,0.25254162944614456,0.29695781102693836,0.3486095368050501,0.4569241861610538,0.2558891918271003,0.28718662201184564,0.35844131186891215,0.48161819689739094,0.27875895637040965,0.23962284673219947,1.0,144.0
2024/25,2024-08-25,Wolfsburg,Bayern Munich,2,3,9,1,2,0.3844761434334646,0.25642958295134577,0.35909427361518986,0.2792910274911557,0.3180310337768231,0.26227173245795693,0.4196972337652196,0.21894751947244628,0.1492841393123783,0.21232973862810914,0.6383861220595124,1.0,144.0
2024/25,2024-08-30,Union Berlin,St Pauli,1,0,10,2,0,0.5181504777838343,0.24343203198290128,0.2384174902332644,0.14451093085453795,0.49025688181396404,0.25352916209135484,0.2562139560946813,0.16274181891785505,0.49783598006677177,0.2830262860437915,0.2191377338894368,1.0,144.0
2024/25,2024-08-31,Leverkusen,RB Leipzig,2,3,11,2,2,0.5133892525406392,0.23955865225027514,0.24705209520908544,0.415249535976632,0.5409534660412603,0.23428664300281773,0.2247598909559218,0.4468139395463635,0.5942487456405336,0.21766864166158872,0.18808261269787763,1.0,144.0
2024/25,2024-08-31,Werder Bremen,Dortmund,0,0,12,2,1,0.38944680247939734,0.25712672506708545,0.3534264724535169,0.13828954169618174,0.36493443053520985,0.25368520493693425,0.3813803645278557,0.13931406051872908,0.25030447863382904,0.24649273530437985,0.503202786061791,1.0,144.0
2024/25,2024-08-31,Stuttgart,Mainz,3,3,13,2,1,0.4766265273433972,0.2525264057277148,0.27084706692888816,0.15026549011570386,0.5095940812374237,0.24523510697628254,0.24517081178629388,0.15989742729208212,0.5771370568456707,0.22893560212167935,0.1939273410326499,1.0,144.0
2024/25,2024-08-31,Bochum,M'gladbach,0,2,14,2,2,0.44178488772269175,0.24974077569055766,0.3084743365867506,0.33669081508964305,0.42078695404497896,0.2497865759091809,0.3294264700458403,0.3133652598848169,0.33805072052063423,0.2528795000258251,0.4090697794535406,1.0,144.0
2024/25,2024-08-31,Ein Frankfurt,Hoffenheim,3,1,15,2,0,0.4927385080788706,0.2390660438089676,0.26819544811216167,0.1646215097870666,0.5112820617639927,0.23614042095783316,0.25257751727817407,0.1513203126940301,0.5883720930232559,0.211046511627907,0.20058139534883723,1.0,144.0
2024/25,2024-08-31,Holstein Kiel,Wolfsburg,0,2,16,2,2,0.36295213837760165,0.24653069520370488,0.3905171664186937,0.25160178959158613,0.37115436299046234,0.2599216377093831,0.3689239993001548,0.26800623991308364,0.3179825699981457,0.26440941961802333,0.4176080103838309,1.0,144.0
2024/25,2024-09-01,Bayern Munich,Freiburg,2,0,17,2,0,0.5193529752976029,0.23738529168252287,0.24326173301987425,0.14509891655354962,0.6049916386843888,0.21147064149796213,0.1835377198176491,0.09485885005255316,0.8104789462874702,0.11907036371383822,0.07045068999869172,1.0,144.0
2024/25,2024-09-01,Heidenheim,Augsburg,4,0,18,2,0,0.4290599399567609,0.2565557862623406,0.31438427378089834,0.2124050118814602,0.43728682173864225,0.2603234790786428,0.30238969918271524,0.20404282558040568,0.4021147431369067,0.27883028034135077,0.31905497652174236,1.0,144.0
2024/25,2024-09-13,Dortmund,Heidenheim,4,2,19,3,0,0.5667624202770534,0.23429557877207494,0.19894200095087186,0.11363636011326658,0.5797201235696879,0.22886727866542705,0.19141259776488498,0.10663697855769003,0.719608939523668,0.16917122437924828,0.11121983609708365,1.0,144.0
2024/25,2024-09-14,Wolfsburg,Ein Frankfurt,1,2,20,3,2,0.45836785900918164,0.2530111643828959,0.28862097660792224,0.35808060454746354,0.43584385877719967,0.26887837127384306,0.29527776994895705,0.34329664538095717,0.3448005714417383,0.28265628240282037,0.3725431461554414,1.0,144.0
2024/25,2024-09-14,Holstein Kiel,Bayern Munich,1,6,21,3,2,0.28817795525385914,0.23444782059692704,0.4773742241492141,0.17809211773896572,0.25719816228282605,0.22403591492787933,0.5187659227892947,0.14886856587525105,0.07305017381146567,0.1240066657108407,0.8029431604776935,1.0,144.0
2024/25,2024-09-14,RB Leipzig,Union Berlin,0,0,22,3,1,0.5301307941109882,0.2411579471195656,0.22871125876944645,0.16667374937632576,0.5735068515884206,0.22924070413797026,0.19725244427360875,0.183909317795388,0.6512569735078435,0.2021610188597264,0.14658200763243,1.0,144.0
2024/25,2024-09-14,Freiburg,Bochum,2,1,23,3,0,0.577058952098836,0.2252962687744866,0.19764477912667727,0.10897129435788393,0.5724509614083869,0.2246401696642021,0.2029088689274108,0.11198509474500695,0.6132371768744995,0.21970855770106787,0.16705426542443266,1.0,144.0
2024/25,2024-09-14,Hoffenheim,Leverkusen,1,4,24,3,2,0.34563928258435783,0.23360714459043866,0.4207535728252036,0.2274964685300982,0.29162902574588,0.22876154669302678,0.4796094275610929,0.17792691827039214,0.14170408055935382,0.18049458305884175,0.6778013363818044,1.0,144.0
2024/25,2024-09-14,M'gladbach,Stuttgart,1,3,25,3,2,0.469324429359641,0.23443944686730717,0.2962361237730518,0.357774506737866,0.39623727623323995,0.2425643670767077,0.3611983566900525,0.2825357592861133,0.3603371070679421,0.2520492717832756,0.3876136211487824,1.0,144.0
2024/25,2024-09-15,Augsburg,St Pauli,3,1,26,3,0,0.472521800861815,0.2559345278266309,0.2715436713115541,0.17598460799771,0.4548033201778976,0.25848366384987176,0.28671301597223037,0.1897218866084683,0.4668452219037057,0.2916030214894018,0.24155175660689257,1.0,144.0
2024/25,2024-09-15,Mainz,Werder Bremen,1,2,27,3,2,0.44195335460389473,0.25454592522921005,0.3035007201668956,0.34021700722683473,0.48071403298836013,0.2488670546740373,0.2704189123376026,0.3816872724932905,0.44236947645535835,0.26884332823253826,0.28878719531210334,1.0,144.0
2024/25,2024-09-20,Augsburg,Mainz,2,3,28,4,2,0.4878150518294876,0.2386156604386033,0.2735692877319089,0.38283255225886575,0.43728588895160186,0.24863072801974395,0.31408338302865396,0.33085027705680425,0.4035351153534172,0.2755013110486503,0.3209635735979325,1.0,144.0
2024/25,2024-09-21,Ein Frankfurt,M'gladbach,2,0,29,4,0,0.5333396291263388,0.22629229306515108,0.24036807780851,0.1377743572866505,0.5317122219638609,0.23012410063998381,0.23816367739615557,0.13800769014444209,0.5481809023722709,0.22617254013960827,0.22564655748812082,1.0,144.0
2024/25,2024-09-21,Union Berlin,Hoffenheim,2,1,30,4,0,0.48844374185040224,0.24728832053966018,0.26426793760993744,0.16576367405031392,0.47230988024060344,0.24958852777830104,0.2781015919810956,0.17789867897705303,0.5197788713329706,0.2531214816126707,0.2270996470543587,1.0,144.0
2024/25,2024-09-21,Werder Bremen,Bayern Munich,0,5,31,4,2,0.30916782504559914,0.2518887335714237,0.4389434413829777,0.2051846030053015,0.27182866779713116,0.23829631485703112,0.4898750173458376,0.16705916128213624,0.10484182804351688,0.15967686310575105,0.735481308850732,1.0,144.0
2024/25,2024-09-21,Bochum,Holstein Kiel,2,2,32,4,1,0.5371711220839848,0.2291339665269089,0.23369491138910634,0.17158306300506476,0.5046322183610918,0.23469235996367555,0.2606754216752329,0.1613026756367985,0.5331725860223652,0.24628784430474737,0.22053956967288743,1.0,144.0
2024/25,2024-09-21,Heidenheim,Freiburg,0,3,33,4,2,0.3562899656814674,0.24628985048512356,0.3974201838334086,0.2450224872483319,0.38927095822933977,0.25339443204946865,0.35733460972119163,0.2822753413915008,0.28850299004056723,0.2793836426542275,0.4321133673052052,1.0,144.0
2024/25,2024-09-22,Leverkusen,Wolfsburg,4,3,34,4,0,0.6169673149922833,0.1978416411159324,0.18519104389178442,0.09050488026097475,0.644517774293442,0.19771454216390272,0.15776768354265533,0.07562912738185182,0.7579387158221328,0.14923754559598584,0.09282373858188127,1.0,144.0
2024/25,2024-09-22,Stuttgart,Dortmund,5,1,35,4,0,0.4171805302661375,0.24669170629823475,0.33612776343562767,0.22633020382654898,0.45652792552078253,0.23906915878090665,0.304402915698311,0.19401151541218847,0.41931470595813447,0.2553307395860556,0.32535455445581,1.0,144.0
2024/25,2024-09-22,St Pauli,RB Leipzig,0,0,36,4,1,0.3218989909521009,0.2620097379695513,0.416091271078348,0.1383754531217879,0.3026433235445517,0.25535659156163876,0.4420000848938098,0.1434785281661135,0.18495479891855351,0.2300977948631294,0.584947406218317,1.0,144.0
2024/25,2024-09-27,Dortmund,Bochum,4,2,37,5,0,0.5924685399707187,0.21691937276173542,0.1906120872675462,0.10120742936304411,0.6257451130060465,0.20100892884524402,0.1732459581487094,0.08504044122686065,0.8025616741222232,0.12572767740818117,0.07171064846959552,1.0,144.0
2024/25,2024-09-28,Mainz,Heidenheim,0,2,38,5,2,0.45032946826758213,0.24378306193802243,0.30588746979439513,0.34229441728929483,0.4905791713353442,0.2441309043519617,0.26528992431269444,0.3902334093322598,0.5222731953936897,0.2646943170115158,0.2130324875947945,1.0,144.0
2024/25,2024-09-28,M'gladbach,Union Berlin,1,0,39,5,0,0.4499565581155061,0.2561814368833158,0.2938620050011782,0.19445133297172654,0.46025401450897296,0.2567686874435683,0.2829772980474587,0.18570094003196014,0.44414429767468844,0.2803100898869071,0.2755456124384044,1.0,144.0
2024/25,2024-09-28,Freiburg,St Pauli,0,3,40,5,2,0.6051778630551639,0.22400394883060148,0.17081818811423477,0.5268913615470877,0.5670402787936566,0.2357759813037347,0.19718373990260896,0.483024312625575,0.6066080571925418,0.23108878369239688,0.16230315911506135,1.0,144.0
2024/25,2024-09-28,Bayern Munich,Leverkusen,1,1,41,5,1,0.5419577987173301,0.2267729361840277,0.2312692650986424,0.17360186428490004,0.5077400167338969,0.2372246253085289,0.2550353579575745,0.16142147920074296,0.581316813948902,0.21430443251537884,0.2043787535357192,1.0,144.0
2024/25,2024-09-28,Wolfsburg,Stuttgart,2,2,42,5,1,0.41683242757098665,0.2425547372534067,0.3406128351756066,0.1448831880805434,0.3676665432261909,0.25283508470683685,0.37949837206697207,0.1395988507046893,0.2658817236744658,0.2547453164001426,0.4793729599253916,1.0,144.0
2024/25,2024-09-28,RB Leipzig,Augsburg,4,0,43,5,0,0.48267557685433,0.2450468885880461,0.27227753455762393,0.17087980730388913,0.5562230637534359,0.22694415885868413,0.21683277738787998,0.12197721124706447,0.6420496582249267,0.20030888097513205,0.15764146079994132,1.0,144.0
2024/25,2024-09-29,Holstein Kiel,Ein Frankfurt,2,4,44,5,2,0.28845754953057196,0.22954815910399973,0.48199429136542854,0.1757688360295936,0.3017937225111865,0.23798763790844074,0.4602186395803725,0.19122168400181133,0.2592924257207394,0.2519413517956669,0.4887662224835937,1.0,144.0
2024/25,2024-09-29,Hoffenheim,Werder Bremen,3,4,45,5,2,0.47933101260210914,0.24927402089137946,0.27139496650651157,0.3803117572371054,0.4811957521500806,0.24424400131476995,0.2745602465351493,0.37890609389721247,0.4252155464602014,0.25760412735287336,0.3171803261869255,1.0,144.0
2024/25,2024-10-04,Augsburg,M'gladbach,2,1,46,6,0,0.43300295857457577,0.2424173621525664,0.3245796792728579,0.2134188065910277,0.4253268041791465,0.2452399836129214,0.329433212207932,0.21938776165029475,0.3970135814511893,0.2628873715014632,0.34009904704734756,1.0,144.0
2024/25,2024-10-05,St Pauli,Mainz,0,3,47,6,2,0.43556274860454397,0.2605735165383838,0.30386373485707213,0.33716030380954487,0.41235183296412625,0.2664272818443383,0.3212208851915354,0.31538756042451865,0.4480917625528665,0.2876802144200356,0.26422802302709786,1.0,144.0
2024/25,2024-10-05,Werder Bremen,Freiburg,0,1,48,6,2,0.3609062917117924,0.2509811294138515,0.3881125788743563,0.25232978376447424,0.3785339655997764,0.2565089723707574,0.3649570620294662,0.27328374808947,0.3540123468617435,0.28136819476005626,0.3646194583782002,1.0,144.0
2024/25,2024-10-05,Bochum,Wolfsburg,1,3,49,6,2,0.35502678246841374,0.24403951033520666,0.40093370719637955,0.24246221972167367,0.3538047360038024,0.2513790022685646,0.39481626172763296,0.2457125741440186,0.3108995681337866,0.2622953229807957,0.42680510888541767,1.0,144.0
2024/25,2024-10-05,Leverkusen,Holstein Kiel,2,2,50,6,1,0.7117231534309828,0.165130089990813,0.12314675657820442,0.2608574853927369,0.7388180883008858,0.15189743627146554,0.10928447542764878,0.27889763208503593,0.8879331275944118,0.08085606592129564,0.03121080648429245,1.0,144.0
2024/25,2024-10-05,Union Berlin,Dortmund,2,1,51,6,0,0.35966058750832247,0.2685249142064849,0.3718144982851927,0.2741402921626281,0.3414348813565573,0.2664288157926592,0.39213630285078394,0.29373944775366656,0.25791014877826546,0.2700892391372391,0.47200061208449545,1.0,144.0
2024/25,2024-10-06,Heidenheim,RB Leipzig,0,1,52,6,2,0.3866942747336166,0.26507025651697363,0.3482354687494097,0.2871647331540297,0.35886738560853676,0.2660105040567213,0.37512211033474185,0.25962908872300633,0.18701142184118985,0.2397819715686543,0.5732066065901559,1.0,144.0
2024/25,2024-10-06,Ein Frankfurt,Bayern Munich,3,3,53,6,1,0.33561995516059884,0.26478737238538236,0.3995926724540186,0.13615752909047357,0.31576310192256135,0.2593650254879671,0.4248718725894718,0.14011122232672102,0.17193466737374977,0.2024449945695091,0.625620338056741,1.0,144.0
2024/25,2024-10-06,Stuttgart,Hoffenheim,1,1,54,6,1,0.6801166245981924,0.16780258039868226,0.15208079500312535,0.24284359563181063,0.680091283216794,0.16721399063760767,0.15269472614559862,0.24291991645007238,0.7331863285556781,0.15361999264976112,0.11319367879456083,1.0,144.0
2024/25,2024-10-18,Dortmund,St Pauli,2,1,55,7,0,0.5603629235737827,0.2413713555902853,0.19826572083593208,0.11629502751359166,0.5686913561638476,0.23672087872150058,0.19458776511465176,0.11194577229004793,0.7440148756488727,0.16533663903308282,0.09064848531804448,1.0,144.0
2024/25,2024-10-19,Hoffenheim,Bochum,3,1,56,7,0,0.4978108450167125,0.22434985113302996,0.2778393038502575,0.1646943130734121,0.5188826882146466,0.2180721718059992,0.263045139979354,0.15033330668316153,0.6386687797147386,0.196513470681458,0.1648177496038035,1.0,144.0
2024/25,2024-10-19,Freiburg,Augsburg,3,1,57,7,0,0.5400595652122511,0.23490834707612948,0.22503208771161953,0.13109232202629675,0.5014341435072771,0.2463077590984173,0.25225809739430544,0.15610103048065865,0.5746088479975342,0.24216682122589347,0.18322433077657224,1.0,144.0
2024/25,2024-10-19,Leverkusen,Ein Frankfurt,2,1,58,7,0,0.5085254962248407,0.23191076845791186,0.25956373531724747,0.1544602602764406,0.5533212842596223,0.22590554399534335,0.2207731717450341,0.12413133422891776,0.6578796110865738,0.19537030874692193,0.14675008016650434,1.0,144.0
2024/25,2024-10-19,M'gladbach,Heidenheim,3,2,59,7,0,0.4673613379749163,0.2547411450387437,0.2778975169863403,0.18046548711552224,0.4620752841964554,0.2587629858929502,0.27916172991059446,0.18364713565949994,0.5079550901816023,0.25598792143716637,0.23605698838123126,1.0,144.0
2024/25,2024-10-19,Bayern Munich,Stuttgart,4,0,60,7,0,0.5911120827352032,0.21525421853593768,0.1936336987288593,0.10234166908428094,0.5816733717624308,0.2156163262477692,0.20271030198980006,0.10804431721270466,0.7445284471093566,0.15412213077104517,0.10134942211959828,1.0,144.0
2024/25,2024-10-19,Mainz,RB Leipzig,0,2,61,7,2,0.3465180196674818,0.25026860641260995,0.403213373919908,0.2381145075111663,0.34190686627873657,0.24775956546776212,0.4103335682535014,0.232303402968597,0.23762224548681152,0.24542297576794422,0.5169547787452442,1.0,144.0
2024/25,2024-10-20,Holstein Kiel,Union Berlin,0,2,62,7,2,0.3448904420136882,0.26720447952541865,0.3879050784608933,0.24680480498318128,0.3583374870686735,0.2687325471427735,0.37292996578855303,0.26081129122231855,0.2537163330085797,0.2768471667871397,0.46943650020428046,1.0,144.0
2024/25,2024-10-20,Wolfsburg,Werder Bremen,2,4,63,7,2,0.4820058572346465,0.2408197343426078,0.2771744084227455,0.37740324112375706,0.47776065382181154,0.2498021446481994,0.27243720152998896,0.3788014340288793,0.47998688682989116,0.25582414548717153,0.26418896768293737,1.0,144.0
2024/25,2024-10-25,Mainz,M'gladbach,1,1,64,8,1,0.3614253491739229,0.24680358822140736,0.3917710626046701,0.14205642425994208,0.40440000085106625,0.24842044742579286,0.3471795517231412,0.1420365009115117,0.41924621928166356,0.25868383742911155,0.322069943289225,1.0,144.0
2024/25,2024-10-26,Augsburg,Dortmund,2,1,65,8,0,0.3459145762594752,0.2507076730018511,0.40337775073867393,0.29527067567040677,0.35058067262697235,0.24979232735304321,0.39962700001998464,0.29072360095530414,0.23431498079385402,0.23431498079385402,0.5313700384122919,1.0,144.0
2024/25,2024-10-26,RB Leipzig,Freiburg,3,1,66,8,0,0.45692869801294156,0.259902851307871,0.2831684506791875,0.1875554052509851,0.5198462697203576,0.24492189318087282,0.2352318370987695,0.1429408109431588,0.531206990513666,0.2473559268804094,0.2214370826059246,1.0,144.0
2024/25,2024-10-26,Stuttgart,Holstein Kiel,2,1,67,8,0,0.6370767920028364,0.19509850287359307,0.16782470512357028,0.07993919327638294,0.6681573719804034,0.18348124670542096,0.1483613813141756,0.06606531461820131,0.804175038186325,0.12548895264285953,0.07033600917081557,1.0,144.0
2024/25,2024-10-26,Werder Bremen,Leverkusen,2,2,68,8,1,0.3207130864095874,0.23843643629028494,0.4408504773001273,0.1486030135650569,0.26905149645091203,0.22808265593694727,0.5028658476121409,0.16263138421857593,0.14959959644365972,0.1864241124913298,0.6639762910650103,1.0,144.0
2024/25,2024-10-26,St Pauli,Wolfsburg,0,0,69,8,1,0.4026732264931107,0.25568675994423035,0.34164001356265905,0.1394318131007329,0.39985956474877354,0.26719042782606184,0.3329500074251648,0.1353716894827479,0.3728486186320836,0.28206808539992406,0.34508329596799225,1.0,144.0
2024/25,2024-10-27,Bochum,Bayern Munich,0,5,70,8,2,0.16094343446900608,0.1690882578508521,0.6699683076801416,0.06741185351709439,0.15274450836833725,0.1538210558232528,0.69343443580841,0.058656664992396496,0.05346697215526185,0.1005246542729844,0.8460083735717537,1.0,144.0
2024/25,2024-10-27,Union Berlin,Ein Frankfurt,1,1,71,8,1,0.3985367323171861,0.27054948394932615,0.33091378373348795,0.13416772963543694,0.38331688445653156,0.2721008314651162,0.3445822840783524,0.1328343922050581,0.38170160030174044,0.3022792176302602,0.31601918206799934,1.0,144.0
2024/25,2024-10-27,Heidenheim,Hoffenheim,0,0,72,8,1,0.510353673971463,0.22929012793846038,0.260356198090076,0.1641231112100448,0.5017024835211457,0.23093552671854373,0.26736198976031067,0.16159390776993893,0.33786485405837663,0.2878848460615754,0.37425029988004793,1.0,144.0
2024/25,2024-11-01,Leverkusen,Stuttgart,0,0,73,9,1,0.5148303084266634,0.2264997677740967,0.25866992379924014,0.16598018797649897,0.5311876353364987,0.22632009610186135,0.24249226856164013,0.17048140212327584,0.5948790306921593,0.213110509896312,0.19201045941152864,1.0,144.0
2024/25,2024-11-02,Ein Frankfurt,Bochum,7,2,74,9,0,0.687075860327823,0.16628937109480788,0.14663476857736943,0.059711636272655376,0.6840310877556676,0.16908059704163605,0.1468883152026964,0.060706265323976674,0.6594142986805852,0.19449391435831404,0.14609178696110084,1.0,144.0
2024/25,2024-11-02,Bayern Munich,Union Berlin,3,0,75,9,0,0.6626281495748694,0.2089587541236639,0.12841309630146672,0.06515484438050324,0.6944457865730422,0.18950760135125558,0.11604661207570205,0.053415096758607686,0.8408038678034135,0.10888788828535197,0.050308243911234424,1.0,144.0
2024/25,2024-11-02,Hoffenheim,St Pauli,0,2,76,9,2,0.4560659363738104,0.2529469871899501,0.29098707643623944,0.3553477320504757,0.4619321595777111,0.2482092730485103,0.28985856737377846,0.3588410871922751,0.5132481749469106,0.25130545353618156,0.23544637151690795,1.0,144.0
2024/25,2024-11-02,Wolfsburg,Augsburg,1,1,77,9,1,0.4448390076853022,0.2598385645382238,0.2953224277764737,0.14254853955311753,0.46421669164244184,0.26321245027186985,0.27257085808568826,0.14489600473851116,0.46357133558281993,0.2711698620400897,0.2652588023770905,1.0,144.0
2024/25,2024-11-02,Holstein Kiel,Heidenheim,1,0,78,9,0,0.3792066356379289,0.2585250612333611,0.3622683031287099,0.25831136234386703,0.38488531244421254,0.26126790842993786,0.3538467791258498,0.25178681097229594,0.3889845094664372,0.2868617326448652,0.3241537578886976,1.0,144.0
2024/25,2024-11-02,Dortmund,RB Leipzig,2,1,79,9,0,0.4423769358094245,0.249470064623628,0.30815299956694736,0.20295087642969692,0.43931119027128895,0.25021606368882465,0.3104727460398861,0.20538263369427326,0.44394022884185275,0.25318466176136917,0.30287510939677803,1.0,144.0
2024/25,2024-11-03,Freiburg,Mainz,0,0,80,9,1,0.54827624169866,0.2389669698506416,0.21275678845069834,0.17293614412153133,0.5069419436535407,0.2509066081833975,0.2421514481630619,0.15781372904134883,0.5483431208053691,0.2567638422818792,0.19489303691275164,1.0,144.0
2024/25,2024-11-03,M'gladbach,Werder Bremen,4,1,81,9,0,0.4804444568896364,0.23746172559071926,0.2820938175196444,0.17475744212975564,0.4772127050952862,0.23596149872596137,0.2868257961787524,0.17778779653368176,0.4158428676723867,0.26087729500090745,0.32327983732670595,1.0,144.0
2024/25,2024-11-08,Union Berlin,Freiburg,0,0,82,10,1,0.3772865849192956,0.297527473240315,0.3251859418403895,0.12404553196534299,0.3956120202310031,0.29140908930388804,0.3129788904651088,0.12723232821401312,0.39248207652445083,0.2994940153171194,0.3080239081584297,1.0,144.0
2024/25,2024-11-09,Mainz,Dortmund,3,1,83,10,0,0.314923625057918,0.27051314466371823,0.4145632302783638,0.32059615570130795,0.337849102507586,0.27289429265841825,0.38925660483399555,0.29498225772844944,0.25957078044553195,0.25615537543966965,0.48427384411479846,1.0,144.0
2024/25,2024-11-09,RB Leipzig,M'gladbach,0,0,84,10,1,0.49900885385534377,0.23323770547108566,0.26775344067357065,0.16035087060927955,0.5301032408204208,0.2239055053666619,0.24599125381291742,0.1707605714403821,0.5836672001374851,0.2202017164155057,0.19613108344700914,1.0,144.0
2024/25,2024-11-09,Bochum,Leverkusen,1,1,85,10,1,0.2163109856951182,0.19806069090576828,0.5856283233991135,0.19487548784982517,0.1907228499771731,0.18237203438144878,0.6269051156413784,0.21469261476037244,0.08575262345103814,0.1417877445020102,0.7724596320469517,1.0,144.0
2024/25,2024-11-09,Werder Bremen,Holstein Kiel,2,1,86,10,0,0.6108696022163778,0.20456414873270493,0.18456624905091745,0.09274358338398266,0.6065907797234472,0.20588968099481383,0.1875195392817388,0.09496719610552043,0.6019548424389988,0.22279248191420417,0.1752526756467971,1.0,144.0
2024/25,2024-11-09,St Pauli,Bayern Munich,0,1,87,10,2,0.16774886118966226,0.20560904207331945,0.6266420967370185,0.08376790217967929,0.16172329978200173,0.19260753424147062,0.6456691659765277,0.07585238281607434,0.06008731640278483,0.12595676728386104,0.8139559163133542,1.0,144.0
2024/25,2024-11-10,Augsburg,Hoffenheim,0,0,88,10,1,0.5370271135686855,0.23951807060923272,0.22345481582208204,0.16916508771099717,0.5214490763351418,0.24085213469412173,0.23769878897073646,0.16420492674446363,0.44645903590557434,0.28541955961118826,0.2681214044832375,1.0,144.0
2024/25,2024-11-10,Stuttgart,Ein Frankfurt,2,3,89,10,2,0.4342509610494987,0.2288767131993431,0.3368723257511584,0.3141561047635456,0.46821810132639385,0.22615726226008995,0.3056246364135166,0.3506926679827774,0.5426809339934393,0.24454988924261312,0.21276917676394755,1.0,144.0
2024/25,2024-11-10,Heidenheim,Wolfsburg,1,3,90,10,2,0.3930396416800156,0.25886979991757963,0.3480905584024048,0.28973303998802175,0.38821359477902045,0.27015419711440697,0.3416322081065727,0.29207897228693847,0.32989452168379646,0.2958020787134345,0.37430339960276904,1.0,144.0
2024/25,2024-11-22,Bayern Munich,Augsburg,3,0,91,11,0,0.6864307495938963,0.20225864487479953,0.11131060553130426,0.055357862851995704,0.6982597734536089,0.19332994502924608,0.10841028151714512,0.05139997672744703,0.8735282947208508,0.08431447018609951,0.04215723509304976,1.0,144.0
2024/25,2024-11-23,Dortmund,Freiburg,4,0,92,11,0,0.45216605922476116,0.26232952832642975,0.28550441244880914,0.1908173980965338,0.47581986890765093,0.25380713176777114,0.2703729993245778,0.17393318429788024,0.5339201885099292,0.2510942488599667,0.21498556263010427,1.0,144.0
2024/25,2024-11-23,Leverkusen,Heidenheim,5,2,93,11,0,0.6667375300916123,0.18830121871798644,0.14496125119040154,0.06603881909806282,0.6869705130506503,0.182227800685456,0.13080168626389388,0.0575482704146256,0.7989437507882456,0.13028597553285406,0.07077027367890024,1.0,144.0
2024/25,2024-11-23,Hoffenheim,RB Leipzig,4,3,94,11,0,0.3237629736022071,0.2410568207767167,0.4351802056210761,0.32333916361786563,0.31533206814883824,0.23921675594627756,0.44545117590488437,0.33359846351019556,0.30285171725108867,0.2592410699669319,0.4379072127819795,1.0,144.0
2024/25,2024-11-23,Wolfsburg,Union Berlin,1,0,95,11,0,0.46406240197483234,0.26679535061946996,0.2691422474056979,0.17983332915778805,0.47286808281468184,0.27113911178481387,0.255992805400504,0.17170018726614478,0.4461302273284226,0.2938259503250638,0.2600438223465137,1.0,144.0
2024/25,2024-11-23,Stuttgart,Bochum,2,0,96,11,0,0.6038217761635262,0.2038521246267702,0.19232609920970356,0.09697325673972197,0.6459036960544529,0.18613420521452373,0.16796209873102314,0.07679772953901368,0.7226341642260485,0.1611197637375882,0.11624607203636315,1.0,144.0
2024/25,2024-11-23,Ein Frankfurt,Werder Bremen,1,0,97,11,0,0.5224286130398432,0.21768627504149374,0.25988511191866326,0.1478073505200119,0.5404846125355286,0.2114463769971346,0.24806901046733687,0.13634631263543348,0.5425862291848926,0.23516449158376704,0.22224927923134044,1.0,144.0
2024/25,2024-11-24,Holstein Kiel,Mainz,0,3,98,11,2,0.38255378100375276,0.25948336953141243,0.35796284946483453,0.2792795490137908,0.36340147843066395,0.2574208378152439,0.379177683754092,0.2587404914372632,0.2902991604147663,0.2868738015898133,0.42282703799542054,1.0,144.0
2024/25,2024-11-24,M'gladbach,St Pauli,2,0,99,11,0,0.5939536350238618,0.2222477409203697,0.18379862405576844,0.09932779235756449,0.587142645613903,0.22535427834430685,0.18750307604179042,0.10280429929791035,0.5061322692330262,0.25913972184730943,0.23472800891966433,1.0,144.0
2024/25,2024-11-29,St Pauli,Holstein Kiel,3,1,100,12,0,0.46355155592211644,0.2717359181851769,0.26471252589270666,0.17892482725903955,0.47017778166728197,0.26592031414561235,0.26390190418710563,0.17517789903629133,0.5771744110342166,0.2510107464654015,0.1718148425003818,1.0,144.0
2024/25,2024-11-30,Dortmund,Bayern Munich,1,1,101,12,1,0.20790678724853398,0.2366927148166523,0.5554004979348138,0.17584747264512307,0.21715871477232654,0.23579140010388547,0.5470498851237884,0.17321074210775914,0.20679602466382493,0.23258353853077673,0.5606204368053983,1.0,144.0
2024/25,2024-11-30,Augsburg,Bochum,1,0,102,12,0,0.5242184474559908,0.2524608383141769,0.22332071422983218,0.13812011357265513,0.5096061761200077,0.256632360320358,0.2337614635596343,0.14756526217259158,0.5336916055836852,0.2556101900427124,0.2106982043736024,1.0,144.0
2024/25,2024-11-30,Freiburg,M'gladbach,3,1,103,12,0,0.5373542063263796,0.2275436170673962,0.23510217660622407,0.13465708192443915,0.5243082614076856,0.22990061376890922,0.24579112482340526,0.14334795360346675,0.46728227654028187,0.26198035989320384,0.27073736356651434,1.0,144.0
2024/25,2024-11-30,RB Leipzig,Wolfsburg,1,5,104,12,2,0.5160750303910606,0.2374250835254665,0.2464998860834729,0.41704792933267676,0.5436680368942566,0.2335501297588282,0.2227818333469153,0.44982150645801844,0.5417323212768959,0.24928042547188783,0.20898725325121634,1.0,144.0
2024/25,2024-11-30,Union Berlin,Leverkusen,1,2,105,12,2,0.2742254006281831,0.2726334723064047,0.453141127065412,0.1871270986284876,0.25641182410384694,0.26774934982415943,0.4758388260719937,0.17024597989692392,0.20101467745574508,0.2826949930789729,0.5162903294652821,1.0,144.0
2024/25,2024-11-30,Werder Bremen,Stuttgart,2,2,106,12,1,0.44719124670158833,0.2554820339409909,0.29732671935742094,0.14419159458518363,0.4055030194014451,0.25525654016188026,0.3392404404366748,0.13975838758567888,0.37882127601355975,0.2734749099311372,0.34770381405530304,1.0,144.0
2024/25,2024-12-01,Heidenheim,Ein Frankfurt,0,4,107,12,2,0.39802903996128997,0.23099598850931188,0.37097497152939796,0.2770498015474738,0.3813266973899682,0.2375781330536451,0.3810951695563864,0.2642266196443891,0.237493383857624,0.2743920734400232,0.48811454270235277,1.0,144.0
2024/25,2024-12-01,Mainz,Hoffenheim,2,0,108,12,0,0.5505617462902723,0.2416618561091702,0.20777639760055758,0.12258288764875724,0.5670737867277512,0.23717580395690133,0.1957504093153475,0.11287166444268737,0.4518678600066882,0.2721333050460447,0.27599883494726696,1.0,144.0
2024/25,2024-12-06,Stuttgart,Union Berlin,3,2,109,13,0,0.48379433385152976,0.26850916317066137,0.24769650297780904,0.16391092367561075,0.5297829705681484,0.2545844618561589,0.21563256757569285,0.13380072948350025,0.5033956215463787,0.2767958830725102,0.21980849538111105,1.0,144.0
2024/25,2024-12-07,M'gladbach,Dortmund,1,1,110,13,1,0.4425986143752,0.24709973481029626,0.31030165081450406,0.1460903239725266,0.41925650481345494,0.24714940536964694,0.3335940898168981,0.14353051679457962,0.2818625054134477,0.250625165895978,0.4675123286905743,1.0,144.0
2024/25,2024-12-07,Leverkusen,St Pauli,2,1,111,13,0,0.6514013214397235,0.20852311989968167,0.14007555866059496,0.07057110041402437,0.6652314037640467,0.20104949768728803,0.13371909854866534,0.06497540517122921,0.7577504429430066,0.16005289883944693,0.08219665821754647,1.0,144.0
2024/25,2024-12-07,Holstein Kiel,RB Leipzig,0,2,112,13,2,0.3669374084209469,0.25404638361248993,0.37901620796656293,0.26013196583345377,0.3219663501806187,0.24986359036161124,0.42817005945777004,0.2153259057745795,0.13935820498016138,0.19725855898413883,0.6633832360356997,1.0,144.0
2024/25,2024-12-07,Ein Frankfurt,Augsburg,2,2,113,13,1,0.5441449304895775,0.24495082929538287,0.2109042402150398,0.1702871519590951,0.5588925825978684,0.23968844819596055,0.2014189692061708,0.17646526001949583,0.6285348940146559,0.21998721290512957,0.15147789308021442,1.0,144.0
2024/25,2024-12-07,Bochum,Werder Bremen,0,1,114,13,2,0.3323955841791859,0.24051236616278482,0.4270920496580291,0.21935517197343013,0.330936567493496,0.2420230136368005,0.4270404188697033,0.21890084665669104,0.26892670970414606,0.25618807608658123,0.4748852142092726,1.0,144.0
2024/25,2024-12-07,Bayern Munich,Heidenheim,4,2,115,13,0,0.8112374067240584,0.11359531703269034,0.07516727624325156,0.020640718019043897,0.8046479608027312,0.1184928913560566,0.07685914784121245,0.022034873912704298,0.8734260135381032,0.08617803333575953,0.04039595312613727,1.0,144.0
2024/25,2024-12-08,Wolfsburg,Mainz,4,3,116,13,0,0.4325928385426238,0.2582425433153986,0.30916461814197754,0.20876682399199586,0.41974351486759387,0.26569390073791327,0.3145625843944929,0.21782360401957834,0.4566268532453809,0.28191744852540906,0.26145569822921,1.0,144.0
2024/25,2024-12-08,Hoffenheim,Freiburg,1,1,117,13,1,0.2648572331279093,0.2463389521157423,0.4888038147563488,0.15453926163026513,0.2815275351896009,0.24546757282688864,0.47300489198351076,0.15149569045513217,0.38786816081348563,0.29501487383086333,0.31711696535565115,1.0,144.0
2024/25,2024-12-13,Freiburg,Wolfsburg,3,2,118,14,0,0.5595795829735427,0.22702233299683533,0.21339808402962213,0.11975444300063606,0.5284452617153217,0.24297656140098037,0.2285781768836977,0.1373059270731033,0.4193986319660453,0.28121526767665467,0.2993861003573,1.0,144.0
2024/25,2024-12-14,St Pauli,Werder Bremen,0,2,119,14,2,0.3553351014910332,0.27768075479477783,0.36698414371418947,0.2634860543304507,0.3404975799459914,0.2713452070358901,0.3881572130181186,0.24514509896541636,0.324556958107831,0.30522597941175333,0.37021706248041564,1.0,144.0
2024/25,2024-12-14,Union Berlin,Bochum,0,2,120,14,2,0.5585253374607171,0.24889588932098985,0.19257877321829278,0.48193979502164225,0.5428763245722135,0.25259300575787974,0.20453066966990696,0.46374307963842115,0.5817503277206022,0.2472068822629531,0.17104279001644468,1.0,144.0
2024/25,2024-12-14,M'gladbach,Holstein Kiel,4,1,121,14,0,0.6484625198193092,0.19279937432789102,0.15873810585280004,0.07438819311076209,0.6196760306764589,0.20574238311996856,0.17458158620357248,0.0875625259416846,0.6844683057101995,0.1850264040010558,0.1305052902887447,1.0,144.0
2024/25,2024-12-14,Mainz,Bayern Munich,2,1,122,14,0,0.20126541760112623,0.23481061712648202,0.5639239652723921,0.47799358586422047,0.21906561538994213,0.24512949252050684,0.5358048920895512,0.44847269772669257,0.15491056361795477,0.21127235909551131,0.6338170772865339,1.0,144.0
2024/25,2024-12-14,Augsburg,Leverkusen,0,2,123,14,2,0.32434402892914355,0.2839208003955599,0.3917351706752965,0.23759257584769988,0.28732480919913733,0.2743372889776523,0.4383379018232101,0.19900992925483718,0.15378448746780932,0.2368807508672858,0.6093347616649049,1.0,144.0
2024/25,2024-12-15,RB Leipzig,Ein Frankfurt,2,1,124,14,0,0.3945330365302544,0.2260305882614559,0.3794363752082899,0.25528110334224013,0.43419003692543234,0.2270062447254009,0.3388037183491666,0.2174644369408326,0.42313067270774796,0.2588299327733565,0.3180393945188955,1.0,144.0
2024/25,2024-12-15,Dortmund,Hoffenheim,1,1,125,14,1,0.6366009919048637,0.20297190784085645,0.1604271002542798,0.2154988386951266,0.6320200193213863,0.20200989389757273,0.1659700867810411,0.2134976872645559,0.7112940703978886,0.1755644166499326,0.11314151295217878,1.0,144.0
2024/25,2024-12-15,Heidenheim,Stuttgart,1,3,126,14,2,0.3944650699075113,0.23826315310928922,0.36727177698319974,0.2779738477895679,0.37693166886063617,0.23947917778771483,0.3835891533516487,0.2610199074279006,0.20589485125560447,0.23877732135785085,0.5553278273865445,1.0,144.0
2024/25,2024-12-20,Bayern Munich,RB Leipzig,5,1,127,15,0,0.7461679739995568,0.15356741674022825,0.10026460926021498,0.037241844646796626,0.7395695643511445,0.15568482791477462,0.10474560773408084,0.039397827075917304,0.7919768481402786,0.1312787710232527,0.07674438083646862,1.0,144.0
2024/25,2024-12-21,Leverkusen,Freiburg,5,1,128,15,0,0.5045588004006964,0.24917673432616558,0.24626446527313794,0.15305408455833075,0.5586172226552115,0.23855528190748734,0.20282749543730133,0.11797887452098378,0.6986104748816614,0.18253168422659946,0.11885784089173919,1.0,144.0
2024/25,2024-12-21,Werder Bremen,Union Berlin,4,1,129,15,0,0.4326859704265812,0.28967866437465994,0.2776353651987591,0.19946330207993906,0.442393203513504,0.2812429444025784,0.2763638520839179,0.19365115911329703,0.4173233652417087,0.29918875108097887,0.2834878836773123,1.0,144.0
2024/25,2024-12-21,Holstein Kiel,Augsburg,5,1,130,15,0,0.3179917602422251,0.29953594095355407,0.38247229880422084,0.3057101492250419,0.33721686438860443,0.30642118859633294,0.356361947015063,0.28313766106561994,0.27079086423624915,0.2893271436333733,0.43988199213037754,1.0,144.0
2024/25,2024-12-21,Hoffenheim,M'gladbach,1,2,131,15,2,0.35064768865409707,0.24268280058770067,0.4066695107582024,0.23749743551118585,0.3625371737601974,0.24291045551469923,0.39455237072510363,0.24900001707631209,0.422637675570651,0.26778695697313976,0.3095753674562093,1.0,144.0
2024/25,2024-12-21,Ein Frankfurt,Mainz,1,3,132,15,2,0.4531518665146936,0.23996626789160286,0.306881865593704,0.3428796811843078,0.44952804421208786,0.2410916272194507,0.3093803285684615,0.33951549655067553,0.4625676967187001,0.26983115641924177,0.26760114686205794,1.0,144.0
2024/25,2024-12-21,Stuttgart,St Pauli,0,1,133,15,2,0.5962619307264588,0.22314861832083493,0.1805894509527061,0.5134809689618159,0.6172793779533882,0.2179749471631973,0.16474567488341466,0.5393418090362423,0.6643365678575569,0.2033399138515793,0.132323518290864,1.0,144.0
2024/25,2024-12-22,Wolfsburg,Dortmund,1,3,134,15,2,0.39634250028869117,0.2577126035867151,0.3459448961245936,0.29243772822027986,0.3888283630354546,0.26430637871838636,0.34686525824615905,0.28888624339334384,0.28993096027974535,0.25831614812158166,0.45175289159867305,1.0,144.0
2024/25,2024-12-22,Bochum,Heidenheim,2,0,135,15,0,0.37425443153139387,0.23911274397186907,0.38663282449673714,0.27052122871821194,0.37444334664694595,0.2409953131974508,0.3845613401556034,0.26960427544827337,0.4603542277827243,0.2799272105537603,0.25971856166351553,1.0,144.0
2024/25,2025-01-10,Dortmund,Leverkusen,2,3,136,16,2,0.3578660734889979,0.2716529217370821,0.37048100477392043,0.26218114595244313,0.33153474904161556,0.26035879457005756,0.4081064563883267,0.2301266283956353,0.2502941805733847,0.2542255027813436,0.4954803166452717,1.0,144.0
2024/25,2025-01-11,Freiburg,Holstein Kiel,3,2,137,16,0,0.6940292851996396,0.17701586796660884,0.12895484683375158,0.055123715418679914,0.673243161827168,0.18609765416266022,0.14065918401017163,0.06327751866955682,0.663736659400353,0.19227292117549907,0.14399041942414792,1.0,144.0
2024/25,2025-01-11,Heidenheim,Union Berlin,2,0,138,16,0,0.3622278134988156,0.2664439989347462,0.37132818756643815,0.2723189923779387,0.37319530282184227,0.26567827803897826,0.3611264191391794,0.26164820950244416,0.2993861003573,0.28121526767665467,0.4193986319660453,1.0,144.0
2024/25,2025-01-11,Hoffenheim,Wolfsburg,0,1,139,16,2,0.4301018207369068,0.24428403743844787,0.3256141418246453,0.31989193095405594,0.42444211835326573,0.24944261629765094,0.32611526534908325,0.31713587371387203,0.4119689726706955,0.27938125732840263,0.30864977000090194,1.0,144.0
2024/25,2025-01-11,Mainz,Bochum,2,0,140,16,0,0.6283915761518537,0.2026309719276954,0.168977451920451,0.08332309996621592,0.6723980238418686,0.18620323072944164,0.14139874542868947,0.06365832999576013,0.5779332589933227,0.24456621539264037,0.17750052561403698,1.0,144.0
2024/25,2025-01-11,St Pauli,Ein Frankfurt,0,1,141,16,2,0.28589647694307485,0.24910299303074815,0.465000530026177,0.18398061420036682,0.31661540705066854,0.25332368965410973,0.430060903295222,0.21253794496725956,0.27130168497743207,0.28316619015137223,0.4455321248711958,1.0,144.0
2024/25,2025-01-11,M'gladbach,Bayern Munich,0,1,142,16,2,0.16939784681247774,0.19800643973018425,0.6325957134573381,0.08184077013731307,0.17050894104193529,0.1948906993441526,0.634600359613912,0.08129509808476225,0.11162158627630481,0.1653370936652433,0.723041320058452,1.0,144.0
2024/25,2025-01-12,RB Leipzig,Werder Bremen,4,2,143,16,0,0.4527013380407528,0.25299492091245745,0.2943037410467895,0.19307525868825912,0.46274964939531704,0.24835280042717145,0.2888975501775115,0.18604986686171127,0.508505453965796,0.2522715369025118,0.23922300913169225,1.0,144.0
2024/25,2025-01-12,Augsburg,Stuttgart,0,1,144,16,2,0.37425211883058274,0.27867589796369197,0.34707198320572524,0.28318982178204266,0.3373723373039037,0.2815981007785831,0.3810295619175133,0.24847224859896228,0.23392248897180784,0.2630835580577243,0.5029939529704678,1.0,144.0
2024/25,2025-01-14,Leverkusen,Mainz,1,0,145,17,0,0.5531596157852945,0.2414798827055569,0.20536050150914845,0.12091963227261734,0.5726561052148794,0.2356726517677126,0.19167124301740798,0.10968033490497725,0.7059865953747786,0.18422888298351364,0.1097845216417079,1.0,144.0
2024/25,2025-01-14,Ein Frankfurt,Freiburg,4,1,146,17,0,0.5143138619321989,0.2239871202264533,0.2616990178413478,0.15218870032517065,0.5193899838569597,0.22108223459970272,0.2595277815433373,0.14917032850490997,0.5715610288918421,0.2352672516019689,0.19317171950618917,1.0,144.0
2024/25,2025-01-14,Wolfsburg,M'gladbach,5,1,147,17,0,0.49631860132117134,0.23015839685163667,0.2735230018271922,0.16425489195180962,0.500149197184005,0.23323892287767908,0.2666118799383157,0.1604663598000189,0.5108230996424685,0.2547411782993938,0.23443572205813779,1.0,144.0
2024/25,2025-01-14,Holstein Kiel,Dortmund,4,2,148,17,0,0.2621676391257836,0.24841659703104838,0.48941576384316815,0.3919621913257057,0.27942656766720236,0.25209210064434234,0.46848133168845524,0.36935041476222874,0.14085177254342135,0.2024744230311682,0.6566738044254103,1.0,144.0
2024/25,2025-01-15,Union Berlin,Augsburg,0,2,149,17,2,0.49808052851388235,0.28645982218046556,0.21545964930565245,0.43179388737613944,0.4902538799348128,0.28438833378180983,0.22535778628337763,0.4202097130314638,0.44181312589738464,0.2918885516439178,0.2662983224586976,1.0,144.0
2024/25,2025-01-15,Stuttgart,RB Leipzig,2,1,150,17,0,0.591194156242725,0.20405387025928373,0.20475197349799132,0.10452279427070983,0.5557166205498398,0.2161038925501769,0.2281794868999832,0.12472679974879732,0.4830360074422677,0.2502325708657109,0.2667314216920214,1.0,144.0
2024/25,2025-01-15,Werder Bremen,Heidenheim,3,3,151,17,1,0.5804286477150942,0.2214048439229287,0.19816650836197727,0.18808369006237521,0.5613454169725256,0.22620236910705976,0.2124522139204146,0.1801223101778721,0.5507663286960622,0.23758547512379155,0.2116481961801462,1.0,144.0
2024/25,2025-01-15,Bochum,St Pauli,1,0,152,17,0,0.381650960690936,0.27222529995574885,0.3461237393533153,0.25107858867918204,0.40208461401265994,0.2761334099467244,0.3217819760406153,0.23052322445249662,0.38020492528925875,0.2985658309019946,0.3212292438087467,1.0,144.0
2024/25,2025-01-15,Bayern Munich,Hoffenheim,5,0,153,17,0,0.8146355473292455,0.11205675285850665,0.07330769981224808,0.019866999582845518,0.8150962748997667,0.11155493871269945,0.07334878638753382,0.019784716010233374,0.8800752887441703,0.08246020593003299,0.037464505325796725,1.0,144.0
2024/25,2025-01-17,Ein Frankfurt,Dortmund,2,0,154,18,0,0.4871916479785044,0.22901464905033334,0.2837937029711625,0.17175563587454323,0.5084904763040741,0.22528272274648814,0.26622680094943757,0.15622916071378376,0.33693799255381474,0.2719974297431633,0.39106457770302194,1.0,144.0
2024/25,2025-01-18,Leverkusen,M'gladbach,3,1,155,18,0,0.6808597146700879,0.17748196982049097,0.14165831550942112,0.06095880003671221,0.7067041866945046,0.16614901466320262,0.12714679864229292,0.05109437125375786,0.7661358551580214,0.14805692906428022,0.0858072157776984,1.0,144.0
2024/25,2025-01-18,Stuttgart,Freiburg,4,0,156,18,0,0.5752057215312812,0.21570044570477054,0.20909383276394833,0.11208520495983866,0.6179862122845182,0.20464042625067622,0.17737336146480534,0.08869792168102686,0.6027601213995305,0.22206951841035333,0.17517036019011628,1.0,144.0
2024/25,2025-01-18,Holstein Kiel,Hoffenheim,1,3,157,18,2,0.4339154842511739,0.26092584477839487,0.3051586709704313,0.3355435600002541,0.4225723198670291,0.2639192430014904,0.3135084371314805,0.3249190157037326,0.32547471045024273,0.27568537797343506,0.3988399115763221,1.0,144.0
2024/25,2025-01-18,Heidenheim,St Pauli,0,2,158,18,2,0.45437995788079694,0.2641675018977529,0.2814525402214505,0.3613857990389807,0.46412296104700673,0.2586233715264791,0.27725366742651414,0.3688861921097325,0.4038010492164868,0.28126026838489404,0.3149386823986192,1.0,144.0
2024/25,2025-01-18,Bochum,RB Leipzig,3,3,159,18,1,0.3664996559447054,0.24818766771285303,0.38531267634244165,0.1413939281788813,0.34752969639730075,0.24561373930831432,0.40685656429438494,0.14315457689371547,0.28686244543885303,0.27705518234692644,0.4360823722142205,1.0,144.0
2024/25,2025-01-18,Bayern Munich,Wolfsburg,3,2,160,18,0,0.8060563543920867,0.11422697741092602,0.0797166681969871,0.02198444243005822,0.8049285781510537,0.1159013955445684,0.07917002630437797,0.02216037634360274,0.846774193548387,0.10725806451612901,0.04596774193548386,1.0,144.0
2024/25,2025-01-19,Union Berlin,Mainz,2,1,161,18,0,0.35906477566823386,0.2907415615540342,0.3501936627777318,0.26671678161944756,0.35179608507575366,0.28464887010217865,0.3635550448220675,0.27617029296934764,0.3405167050332856,0.3091675480619672,0.3503157469047471,1.0,144.0
2024/25,2025-01-19,Werder Bremen,Augsburg,0,2,162,18,2,0.4408727706242569,0.2785750955368448,0.2805521338388982,0.3559870160008356,0.46390437236272153,0.2728471622367136,0.26324846540056507,0.3790050452159366,0.5084333204596865,0.26035057428364644,0.23121610525666694,1.0,144.0
2024/25,2025-01-24,Wolfsburg,Holstein Kiel,2,2,163,19,1,0.6310207506858265,0.20141869222536074,0.16756055708881262,0.21313186404400866,0.606704674161474,0.21601601171905693,0.17727931411946907,0.19975925843202486,0.6546140015802014,0.19479404500463482,0.1505919534151637,1.0,144.0
2024/25,2025-01-25,M'gladbach,Bochum,3,0,164,19,0,0.5698242896182072,0.21370333681629747,0.21647237356549545,0.11595571515977972,0.5495834320391726,0.2196168135963768,0.2307997543644507,0.12807180565415072,0.5481387039864795,0.237214060160408,0.21464723585311254,1.0,144.0
2024/25,2025-01-25,RB Leipzig,Leverkusen,2,2,165,19,1,0.2919844809958777,0.2423055851514539,0.46570993385266873,0.15107033981574444,0.2915630851805952,0.24302542466222518,0.4654114901571797,0.15080844390517678,0.2681217396870099,0.2749383940858322,0.45693986622715776,1.0,144.0
2024/25,2025-01-25,Freiburg,Bayern Munich,1,2,166,19,2,0.14199295862716804,0.16574210832157252,0.6922649330512597,0.05743143586482124,0.1399566106373097,0.16470025019099366,0.695343139171697,0.056201827855419856,0.07296300097590167,0.141646647055856,0.7853903519682423,1.0,144.0
2024/25,2025-01-25,Augsburg,Heidenheim,2,1,167,19,0,0.5060676856561833,0.2599796106076509,0.23395270373616525,0.14935149936925052,0.4826387159554609,0.2682730589516548,0.24908822509288456,0.16485382105406887,0.48317771669815385,0.27280539622564304,0.24401688707620325,1.0,144.0
2024/25,2025-01-25,Dortmund,Werder Bremen,2,2,168,19,1,0.4996740150589017,0.25044819547686525,0.24987778946423303,0.15605651549630753,0.49657306327933276,0.24865896737933513,0.2547679693413319,0.15574576268846307,0.6369426751592356,0.20169851380042464,0.1613588110403397,1.0,144.0
2024/25,2025-01-25,Mainz,Stuttgart,2,0,169,19,0,0.31923454102076926,0.2587934701992593,0.42197198877997155,0.3207509847270635,0.33433845644322596,0.268317615028126,0.397343928528648,0.30049374405448315,0.2879807904777338,0.28132227509096536,0.43069693443130097,1.0,144.0
2024/25,2025-01-26,St Pauli,Union Berlin,3,0,170,19,0,0.4363736283892354,0.2707778352882894,0.2928485363224753,0.20171747600066586,0.43106415831332867,0.26793611083081964,0.3009997308558519,0.20714441496550812,0.407153887103899,0.30409305943072457,0.2887530534653764,1.0,144.0
2024/25,2025-01-26,Hoffenheim,Ein Frankfurt,2,2,171,19,1,0.32016121826857347,0.244858933298686,0.4349798484327407,0.1458553371128935,0.3146610866207731,0.23778107009046906,0.447557843288758,0.14965981126132502,0.28367434750212506,0.25077397214749725,0.46555168035037764,1.0,144.0
2024/25,2025-01-31,Werder Bremen,Mainz,1,0,172,20,0,0.37161311975056155,0.26336103071102873,0.3650258495384092,0.2640569710504299,0.3441333207594615,0.26502415505855376,0.3908425241819848,0.29145948982347836,0.4061036836464151,0.2825069103627236,0.3113894059908614,1.0,144.0
2024/25,2025-02-01,Bayern Munich,Holstein Kiel,4,3,173,20,0,0.8374434554605069,0.09681431259838466,0.06574223194110819,0.015373335616609347,0.8314517067648993,0.10101063857669017,0.06753765465841051,0.016484930974612105,0.9274975751697382,0.05358874878758487,0.018913676042677015,1.0,144.0
2024/25,2025-02-01,Bochum,Freiburg,0,1,174,20,2,0.33504882797423374,0.2763231884166519,0.3886279836091145,0.24301672977638247,0.3399024300863755,0.26171343112750484,0.39838413878611967,0.23873765322137114,0.3548728813559322,0.2902542372881356,0.3548728813559322,1.0,144.0
2024/25,2025-02-01,Heidenheim,Dortmund,1,2,175,20,2,0.3752706505518815,0.25136372294203585,0.37336562650608246,0.26674934960487334,0.3227980513930083,0.2472210001619288,0.4299809484450627,0.21456015055935668,0.20100199603068541,0.23572496858099845,0.5632730353883162,1.0,144.0
2024/25,2025-02-01,St Pauli,Augsburg,1,1,176,20,1,0.436258575346956,0.2909011795261632,0.2728402451268811,0.13238167196232603,0.43498116465915265,0.2911336840110724,0.27388515132977537,0.13211084486358327,0.4527041700933847,0.2931668571387883,0.25412897276782687,1.0,144.0
2024/25,2025-02-01,Stuttgart,M'gladbach,1,2,177,20,2,0.6259961588257457,0.20176151175300533,0.17224232942124898,0.5385269760332742,0.6295034036670326,0.2026163108017242,0.1678802855312432,0.5443488772179722,0.578077401347763,0.2253294743072487,0.19659312434498824,1.0,144.0
2024/25,2025-02-01,Union Berlin,RB Leipzig,0,0,178,20,1,0.4898580916538428,0.24492854251055868,0.26521336583559874,0.15514953968829584,0.4610679651028443,0.2524481015973128,0.28648393329984284,0.14732835624151325,0.3287547703933125,0.2804363459262839,0.3908088836804036,1.0,144.0
2024/25,2025-02-02,Ein Frankfurt,Wolfsburg,1,1,179,20,1,0.5301662354286409,0.21169407009770963,0.25813969447364943,0.1738561695257631,0.5118305424332851,0.2171432613198501,0.27102619624686497,0.1677128516097975,0.46069092649378734,0.2715245404753886,0.26778453303082406,1.0,144.0
2024/25,2025-02-02,Leverkusen,Hoffenheim,3,1,180,20,0,0.7119354411001247,0.17211326301952448,0.11595129588035065,0.04821294655525618,0.6883879610717499,0.18644482777388155,0.12516721115436835,0.05638444677659175,0.848612762916185,0.1001468477975622,0.0512403892862527,1.0,144.0
2024/25,2025-02-07,Bayern Munich,Werder Bremen,3,0,181,21,0,0.7980573064050973,0.1221964953270441,0.07974619826785852,0.02357015381727068,0.8055083738542927,0.1166887963835288,0.07780282976217825,0.021940136479902037,0.8790521083237971,0.07472622250047735,0.04622166917572547,1.0,144.0
2024/25,2025-02-08,Freiburg,Heidenheim,1,0,182,21,0,0.6721934479298144,0.18731320142942523,0.14049335064076043,0.06359775857720548,0.6480274259815388,0.19781280082240313,0.15415977319605806,0.07382496426652058,0.5666042668294009,0.25430270243524294,0.17909303073535596,1.0,144.0
2024/25,2025-02-08,M'gladbach,Ein Frankfurt,1,1,183,21,1,0.35904135601071363,0.22690995637777397,0.41404868761151215,0.15017350551941389,0.3607163309480253,0.22595796506845556,0.4133257039835191,0.15047720449303853,0.37582853039479963,0.26096404657440514,0.3632074230307952,1.0,144.0
2024/25,2025-02-08,Wolfsburg,Leverkusen,0,0,184,21,1,0.378247416456715,0.2522761669399119,0.36947641660337305,0.13979196524112442,0.32563333258597926,0.26150076846013903,0.412865898953882,0.1382476589050239,0.2615874107833864,0.28790093731189276,0.450511651904721,1.0,144.0
2024/25,2025-02-08,Dortmund,Stuttgart,1,2,185,21,2,0.43547208733587844,0.26062327636541055,0.30390463629871134,0.3370923471075484,0.43234036141914495,0.255807469490607,0.31185216909024815,0.3302328126489167,0.4857162267740073,0.2459322667210163,0.2683515065049764,1.0,144.0
2024/25,2025-02-08,Hoffenheim,Union Berlin,0,4,186,21,2,0.39267817366641694,0.272945295375658,0.33437653095792536,0.2986253753067994,0.4016259411248637,0.26783621954653053,0.33053783932860564,0.304741490577622,0.4090909090909091,0.27272727272727276,0.31818181818181823,1.0,144.0
2024/25,2025-02-08,Mainz,Augsburg,0,0,187,21,1,0.553385969581179,0.25948388757877233,0.18713014284004853,0.17062686084431933,0.5661368141661491,0.25572407271816583,0.17813911311568503,0.17612221798791985,0.5307564460025248,0.2698011933846168,0.1994423606128584,1.0,144.0
2024/25,2025-02-09,Holstein Kiel,Bochum,2,2,188,21,1,0.37653768703682217,0.26768595322808025,0.35577635973509764,0.1341787239526987,0.40480015096734834,0.264696374537491,0.330503474495161,0.13654785443828066,0.4057818867328164,0.2790477158048021,0.3151703974623817,1.0,144.0
2024/25,2025-02-09,RB Leipzig,St Pauli,2,0,189,21,0,0.3622115465640006,0.2724512812697246,0.365337172166275,0.27012268035136716,0.42241923008377047,0.26738523618078375,0.31019553373544556,0.21491040746322132,0.5835686546683692,0.2356992619828449,0.18073208334878593,1.0,144.0
2024/25,2025-02-14,Augsburg,RB Leipzig,0,0,190,22,1,0.37184344460766094,0.3018999179714382,0.32625663742090116,0.12235547037944189,0.3821819615115723,0.2961049848273942,0.32171305366103325,0.12478117030036999,0.31493910772314515,0.28622407143074075,0.39883682084611416,1.0,144.0
2024/25,2025-02-15,Bochum,Dortmund,2,0,191,22,0,0.24370086842060934,0.22673466841317433,0.5295644631662162,0.4262134485381317,0.23808333171922205,0.22711464697041867,0.534802021310359,0.4332651057008635,0.1676978501314908,0.21598584715596023,0.6163163027125489,1.0,144.0
2024/25,2025-02-15,St Pauli,Freiburg,0,1,192,22,2,0.3195021441591125,0.2969907706856379,0.3835070851552492,0.2410725670880235,0.3482670773594696,0.3005350217216421,0.3511979009188881,0.2711170604722817,0.3758939742658985,0.3140533526931216,0.31005267304097994,1.0,144.0
2024/25,2025-02-15,Stuttgart,Wolfsburg,1,2,193,22,2,0.5333754168786967,0.2330130072783477,0.23361157584295542,0.43592027600622074,0.5713004103701887,0.2261013501201237,0.20259823950968772,0.4811168632610978,0.6175022780750444,0.21029904047241207,0.17219868145254347,1.0,144.0
2024/25,2025-02-15,Union Berlin,M'gladbach,1,2,194,22,2,0.5990211105743478,0.21835897502059493,0.18261991440505743,0.5134682476204604,0.6102778855932103,0.21423365063150546,0.17548846377528451,0.5261291855058801,0.44997190647015606,0.27073518606560926,0.2792929074642348,1.0,144.0
2024/25,2025-02-15,Leverkusen,Bayern Munich,0,0,195,22,1,0.24702364961367734,0.28592063817116337,0.46705571221515946,0.13958086089063526,0.2625122170608901,0.2940414252621118,0.4434463576769982,0.13277866812161,0.31279326705575766,0.2732547922874737,0.4139519406567686,1.0,144.0
2024/25,2025-02-16,Werder Bremen,Hoffenheim,1,3,196,22,2,0.4977564104329751,0.24455319878890192,0.2576903907781228,0.39939250003512805,0.505957158149431,0.24212348778283807,0.25191935406773097,0.4078086493505446,0.5175567864220743,0.250774937750902,0.2316682758270237,1.0,144.0
2024/25,2025-02-16,Ein Frankfurt,Holstein Kiel,3,1,197,22,0,0.6922295586088603,0.1770949476426127,0.130675493748527,0.05589936463025916,0.7108040508987044,0.16749160688833925,0.1217043422129562,0.0492231219450438,0.7211867270779752,0.16924522141584708,0.10956805150617764,1.0,144.0
2024/25,2025-02-16,Heidenheim,Mainz,0,2,198,22,2,0.23743214795525133,0.22941467526014264,0.5331531767846058,0.1371599906144748,0.23262219481844057,0.23204758658323807,0.5353302185983212,0.13501554563501617,0.25548168057716786,0.28221813552129016,0.4623001839015419,1.0,144.0
2024/25,2025-02-21,Freiburg,Werder Bremen,5,0,199,23,0,0.5792371483964133,0.24171169533927536,0.1790511562643115,0.1045503469245844,0.5587243677172059,0.25390298277355994,0.18737264950923424,0.11491634671534501,0.4807606195159135,0.2782625935307006,0.2409767869533859,1.0,144.0
2024/25,2025-02-22,M'gladbach,Augsburg,0,3,200,23,2,0.4850155797092942,0.278122341528657,0.23686207876204857,0.40880979969606207,0.49629117872470024,0.2726357760368343,0.23107304523846542,0.41877679791939965,0.4929909821983649,0.2712827471873684,0.23572627061426674,1.0,144.0
2024/25,2025-02-22,Holstein Kiel,Leverkusen,0,2,201,23,2,0.17623167700351608,0.21348095798345856,0.6102873650130255,0.09146677092398126,0.179176068244455,0.2185474962254911,0.6022764355300537,0.09514404858311049,0.06328566735254959,0.13193159614752822,0.8047827364999223,1.0,144.0
2024/25,2025-02-22,Wolfsburg,Bochum,1,1,202,23,1,0.6687211134891805,0.1757885427895825,0.1554903437212371,0.23568258730837893,0.6611440250495578,0.1810183280868076,0.15783764686363452,0.23101207231308987,0.5835636285583966,0.22269324676021574,0.19374312468138769,1.0,144.0
2024/25,2025-02-22,Dortmund,Union Berlin,6,0,203,23,0,0.4691731888826958,0.2628650092642077,0.2679618018530962,0.17679031532666217,0.4994173618786553,0.25266305191772004,0.24791958620362442,0.1560235494059508,0.6365768185815349,0.21080539526011613,0.15261778615834903,1.0,144.0
2024/25,2025-02-22,Mainz,St Pauli,2,0,204,23,0,0.6208351018750999,0.23400405183464154,0.14516084629025847,0.08241884563288496,0.5687426210094,0.2631474989016737,0.16810988008892644,0.10712192935867759,0.5571349911788833,0.26200402287871805,0.1808609859423987,1.0,144.0
2024/25,2025-02-23,RB Leipzig,Heidenheim,2,2,205,23,1,0.6066972451481696,0.2087707807081777,0.18453197414365274,0.20106679837586594,0.6275402569655483,0.20044828573014206,0.1720114573043096,0.21169735777816934,0.7403446586304737,0.16410346917189858,0.09555187219762765,1.0,144.0
2024/25,2025-02-23,Bayern Munich,Ein Frankfurt,4,0,206,23,0,0.7774726157713835,0.13384308295078928,0.08868430127782705,0.028691671012383377,0.7714516158001101,0.1359237167679828,0.09262466743190714,0.030406846468625934,0.7685503608572903,0.14136838754455272,0.09008125159815683,1.0,144.0
2024/25,2025-02-23,Hoffenheim,Stuttgart,1,1,207,23,1,0.33303159805405885,0.25501165668308945,0.41195674526285175,0.14030920263500113,0.3344728747344382,0.2601155462813148,0.40541157898424673,0.13811532615380975,0.2834818092394534,0.2467874633734328,0.4697307273871137,1.0,144.0
2024/25,2025-02-28,Stuttgart,Bayern Munich,1,3,208,24,2,0.18979608309793433,0.23699723667138814,0.5732066802306773,0.10908754547951856,0.19521233325324622,0.24189253800635738,0.5628951287403967,0.11458426176652556,0.2177225079757797,0.23178592356273198,0.5504915684614885,1.0,144.0
2024/25,2025-03-01,Werder Bremen,Wolfsburg,1,2,209,24,2,0.3768182279343257,0.2404434627055405,0.38273830936013353,0.26150198581757567,0.372603618475928,0.24319411089025386,0.3842022706338177,0.2590201499969501,0.31099597178753796,0.2765390317315324,0.41246499648092966,1.0,144.0
2024/25,2025-03-01,Ein Frankfurt,Leverkusen,1,4,210,24,2,0.3116393214928269,0.24567829431387594,0.44268238419329703,0.20386099579448855,0.33184961905257154,0.24342302655612705,0.4247273543913017,0.2205313932254841,0.23347449415606905,0.24713839584968125,0.5193871099942499,1.0,144.0
2024/25,2025-03-01,St Pauli,Dortmund,0,2,211,24,2,0.2356779959479293,0.2583812990999209,0.5059407049521499,0.14981935239860544,0.259168405290597,0.2677177225005673,0.47311387220883583,0.17238862697981913,0.22131753551494693,0.2618824746389803,0.5167999898460728,1.0,144.0
2024/25,2025-03-01,Bochum,Hoffenheim,0,1,212,24,2,0.5603074623639098,0.20911792955342356,0.23057460808266644,0.45297994305391315,0.5141363409665143,0.21864114901153145,0.2672225100219541,0.40064951346048033,0.40330098772980666,0.2737902480081223,0.32290876426207116,1.0,144.0
2024/25,2025-03-01,Heidenheim,M'gladbach,0,3,213,24,2,0.3802009672926709,0.266988323305653,0.3528107094016756,0.28170337669772216,0.3938125979902254,0.2693054443502993,0.33688195765947504,0.2974069502066704,0.3562484853380725,0.2835447128200985,0.3602068018418289,1.0,144.0
2024/25,2025-03-01,RB Leipzig,Mainz,1,2,214,24,2,0.371667747082811,0.2597959764396027,0.36853627647758636,0.2684416741732018,0.37160819400131473,0.26192651423798174,0.3664652917607032,0.2697294381963846,0.5031448195139914,0.2582631653356392,0.23859201515036935,1.0,144.0
2024/25,2025-03-02,Augsburg,Freiburg,0,0,215,24,1,0.29391098103089264,0.306800874528256,0.3992881444408513,0.12290734353077995,0.30820663936521503,0.30976075439091383,0.38203260624387103,0.1204701223911422,0.3834359480563376,0.31315990612961336,0.30340414581404906,1.0,144.0
2024/25,2025-03-02,Union Berlin,Holstein Kiel,0,1,216,24,2,0.5828523244990921,0.22939849006805757,0.18774918543285046,0.49973410896949655,0.5838463502225834,0.22556334817871584,0.1905903015987007,0.49801031026715675,0.6166146535549627,0.22203784543148883,0.16134750101354856,1.0,144.0
2024/25,2025-03-07,M'gladbach,Mainz,1,3,217,25,2,0.33187324394215795,0.25287549836185075,0.4152512576959916,0.22603547083540554,0.32079842425193644,0.2526322786591189,0.42656929708894487,0.2158672000217962,0.3568278405901692,0.278325715660332,0.36484644374949887,1.0,144.0
2024/25,2025-03-08,Freiburg,RB Leipzig,0,0,218,25,1,0.5574419201177375,0.2352803925677765,0.20727768731448584,0.17685276698149593,0.5152856357352166,0.249341694425275,0.23537266983950836,0.16045979005121228,0.3801714412886491,0.2887949227593299,0.331033635952021,1.0,144.0
2024/25,2025-03-08,Wolfsburg,St Pauli,1,1,219,25,1,0.5724079321827181,0.2451221856442128,0.18246988217306911,0.18047304936297445,0.5481694917710226,0.2568091113519902,0.19502139687698744,0.16926156847417628,0.5240215724110632,0.2723145811686706,0.2036638464202662,1.0,144.0
2024/25,2025-03-08,Leverkusen,Werder Bremen,0,2,220,25,2,0.7282995041798734,0.15948602628449277,0.11221446953563378,0.6592916579452728,0.7354601660026786,0.1549029414398807,0.10963689255744073,0.666824059435729,0.7289400964826004,0.16890075406304153,0.10215914945435813,1.0,144.0
2024/25,2025-03-08,Holstein Kiel,Stuttgart,2,2,221,25,1,0.19382554263882842,0.21547155345493507,0.5907029039062365,0.19324913083124837,0.1763374568685294,0.20014182072355471,0.623520722407916,0.2099364949834749,0.15580306588374815,0.20138031129787362,0.6428166228183781,1.0,144.0
2024/25,2025-03-08,Dortmund,Augsburg,0,1,222,25,2,0.5920652953092491,0.24323920266732124,0.16469550202342975,0.5241374591247593,0.6120231988193147,0.23486006147950667,0.1531167397011787,0.5458918262336938,0.6854014882528169,0.19844273068510712,0.11615578106207593,1.0,144.0
2024/25,2025-03-08,Bayern Munich,Bochum,2,3,223,25,2,0.8662580429286969,0.07177230820927806,0.06196964886202472,0.8151519682973443,0.8587724755590325,0.07782742215700934,0.06340010228395844,0.8073547665897445,0.8260082159105968,0.117142983347321,0.05684880074208225,1.0,144.0
2024/25,2025-03-09,Ein Frankfurt,Union Berlin,1,2,224,25,2,0.6329327771368544,0.19411269034051815,0.17295453252262735,0.5423040528245182,0.6528310674869391,0.1857808603683601,0.16138807214470102,0.564729184108659,0.48875095666598106,0.2650175487098917,0.24623149462412716,1.0,144.0
2024/25,2025-03-09,Hoffenheim,Heidenheim,1,1,225,25,1,0.4591546300201075,0.25576605086257587,0.2850793191173169,0.14604659622864732,0.4727555773274303,0.2574521529706948,0.2697922697018753,0.14814285234254054,0.5028480208975802,0.2520770598265791,0.24507491927584082,1.0,144.0
2024/25,2025-03-14,St Pauli,Hoffenheim,1,0,226,26,0,0.4838112574814926,0.26266338842739945,0.253525354091108,0.16536296153492983,0.47297217824010157,0.26481098666227165,0.2622168350976266,0.1732579967587997,0.41442991940975316,0.30245661820277014,0.28311346238747676,1.0,144.0
2024/25,2025-03-15,Mainz,Freiburg,2,2,227,26,1,0.4639511835073878,0.2798252178435112,0.25622359864910077,0.1404506165913007,0.47840493471764384,0.2725785021760246,0.24901656310633194,0.14544026513174133,0.5214229779617408,0.2739680053697282,0.20460901666853115,1.0,144.0
2024/25,2025-03-15,Augsburg,Wolfsburg,1,0,228,26,0,0.3465850452706421,0.29317952076130166,0.3602354339680562,0.27836033547506134,0.33994236794343297,0.2960787279126175,0.36397890414394984,0.28407836014897636,0.3923984833659491,0.29669153620352245,0.31090998043052837,1.0,144.0
2024/25,2025-03-15,Union Berlin,Bayern Munich,1,1,229,26,1,0.11644745654326843,0.1352478040632669,0.7483047393934645,0.28675999656705875,0.12461386046375755,0.1493581993889359,0.7260279401473063,0.2713225920471109,0.1034610475452432,0.1777163012262388,0.7188226512285181,1.0,144.0
2024/25,2025-03-15,RB Leipzig,Dortmund,2,0,230,26,0,0.30974915474899545,0.25396318726247724,0.4362876579885271,0.3333965749414202,0.31347524994444476,0.24723218749747014,0.439292562558085,0.33214709397884584,0.3471810089020772,0.26706231454005935,0.3857566765578635,1.0,144.0
2024/25,2025-03-15,Werder Bremen,M'gladbach,2,4,231,26,2,0.524168946905738,0.22178735174841868,0.2540437013458433,0.4156019422010399,0.5214992153150029,0.2183363989692607,0.2601643857157367,0.4096590838687687,0.43408360128617357,0.25723472668810293,0.30868167202572344,1.0,144.0
2024/25,2025-03-16,Bochum,Ein Frankfurt,1,3,232,26,2,0.29927081359035623,0.2142740671551234,0.48645511925451984,0.17664568220346133,0.29440581287132156,0.21795888374380215,0.48763530338487626,0.1745961824949657,0.35647099210435973,0.27490559560590455,0.36862341228973566,1.0,144.0
2024/25,2025-03-16,Heidenheim,Holstein Kiel,3,1,233,26,0,0.4713975564059187,0.2590583856797234,0.26954405791435815,0.17603727126528632,0.4709841739045599,0.26282578265746964,0.2661900434379707,0.17535744174247475,0.47426971315296085,0.2678382677585591,0.25789201908848003,1.0,144.0
2024/25,2025-03-16,Stuttgart,Leverkusen,3,4,234,26,2,0.34061543573908576,0.26783037058775916,0.3915541936731551,0.2431125871502259,0.33881768802932,0.26881554564466026,0.39236676632601997,0.24200778619331575,0.2912880218632657,0.2820005776879152,0.42671140044881906,1.0,144.0
2024/25,2025-03-28,Leverkusen,Bochum,3,1,235,27,0,0.7743639809308397,0.1298560600732672,0.0957799589958929,0.03004270682331672,0.7994825499803778,0.11440108253168933,0.08611636748793301,0.02381163825584419,0.7864521511644739,0.13779717178522832,0.0757506770502978,1.0,144.0
2024/25,2025-03-29,Ein Frankfurt,Stuttgart,1,0,236,27,0,0.43390278833531304,0.23578252894421484,0.330314682720472,0.2147869213376298,0.4381199675225879,0.23050722860499204,0.3313728038724202,0.2127585530215435,0.3777817599426568,0.2571706967419669,0.3650475433153763,1.0,144.0
2024/25,2025-03-29,Wolfsburg,Heidenheim,0,1,237,27,2,0.6682589866905746,0.190506138644188,0.14123487466523751,0.592023806891972,0.649841206946261,0.20045168955156326,0.14970710350217567,0.5726458020400165,0.5649484882607015,0.23992874069343376,0.19512277104586476,1.0,144.0
2024/25,2025-03-29,Holstein Kiel,Werder Bremen,0,3,238,27,2,0.34096253476644933,0.255853702747556,0.4031837624859945,0.23622253573736793,0.347286737299808,0.2490426643721289,0.4036705983280632,0.23810841660137808,0.30581879243629995,0.2600277433014529,0.4341534642622472,1.0,144.0
2024/25,2025-03-29,Hoffenheim,Augsburg,1,1,239,27,1,0.3495543875247451,0.32096710459634564,0.329478507878909,0.1153721784959561,0.33895085379304646,0.32044209907870125,0.3406070471282523,0.1154504209202313,0.4118856084532597,0.2833965119386859,0.30471787960805424,1.0,144.0
2024/25,2025-03-29,Bayern Munich,St Pauli,3,2,240,27,0,0.7939500974281157,0.13251622409522595,0.07353367847665838,0.023931882110095778,0.7847765396755815,0.13938304586075503,0.07584041446366324,0.026036453170018407,0.8613474682661459,0.10154833310085089,0.03710419863300321,1.0,144.0
2024/25,2025-03-29,M'gladbach,RB Leipzig,1,0,241,27,0,0.43927745931551193,0.2188207754788457,0.3419017652056422,0.2156532923412008,0.3862277770995168,0.22129867462461356,0.39247354827586955,0.26537591385022585,0.323397294420066,0.2623789369823177,0.4142237685976164,1.0,144.0
2024/25,2025-03-30,Freiburg,Union Berlin,1,2,242,27,2,0.5417575271989781,0.25033141915485196,0.20791105364616988,0.4604530586063361,0.5363880286245991,0.25053681295077174,0.21307515842462935,0.45348141177010315,0.4952867658740666,0.2789546152624053,0.22575861886352802,1.0,144.0
2024/25,2025-03-30,Dortmund,Mainz,3,1,243,27,0,0.5961027206160894,0.2209003911863348,0.18299688819757615,0.09831043669186042,0.6202713280403701,0.20993376532956068,0.16979490663006908,0.08651208731286907,0.5791939916732429,0.2281259353996027,0.1926800729271545,1.0,144.0
2024/25,2025-04-04,Augsburg,Bayern Munich,1,3,244,28,2,0.12953249094416766,0.19334681778131776,0.6771206912745145,0.060514857106624104,0.12963278239826076,0.18535760379433322,0.6850096138074062,0.05801180083303717,0.1247011676915636,0.18900020728252606,0.6862986250259102,1.0,144.0
2024/25,2025-04-05,Mainz,Holstein Kiel,1,1,245,28,1,0.6427829031013016,0.2081582335047969,0.14905886339390156,0.21769420263780953,0.6147704406141737,0.22255752764054157,0.16267203174528497,0.2022024422825421,0.6733367462772942,0.1912435729071605,0.1354196808155452,1.0,144.0
2024/25,2025-04-05,Heidenheim,Leverkusen,0,1,246,28,2,0.19125091239414208,0.21213492787148794,0.5966141597343695,0.0996485238092001,0.18659890769138693,0.20372757066889247,0.6096735216397206,0.0935869560303782,0.15760340729633587,0.2109460989966342,0.63145049370703,1.0,144.0
2024/25,2025-04-05,Werder Bremen,Ein Frankfurt,2,0,247,28,0,0.3480465872510138,0.22877314203311655,0.4231802707158699,0.3020623969591033,0.3365344383169243,0.2309174972534678,0.43254806442960814,0.31364218979061964,0.4161456193152161,0.2624745954710527,0.3213797852137312,1.0,144.0
2024/25,2025-04-05,Bochum,Stuttgart,0,4,248,28,2,0.33319790461656706,0.22907523548256561,0.4377268599008672,0.21358596385890488,0.3041288691270861,0.22089762760418927,0.4749735032687246,0.18407359565321807,0.3845222591818887,0.2811680103266411,0.3343097304914702,1.0,144.0
2024/25,2025-04-05,Freiburg,Dortmund,1,4,249,28,2,0.31685493193737657,0.259724514686716,0.4234205533759075,0.21642045308119218,0.3233734798340243,0.25980379521156055,0.41682272495441497,0.22233307079477987,0.28408723689974363,0.264015856031827,0.45189690706842944,1.0,144.0
2024/25,2025-04-05,RB Leipzig,Hoffenheim,3,1,250,28,0,0.6082403132994365,0.20676615557399594,0.18499353112656766,0.09384912934119999,0.5960218810232788,0.20939241447895024,0.19458570449777107,0.10053095850343188,0.5647085799695969,0.22640996679433717,0.2088814532360659,1.0,144.0
2024/25,2025-04-06,Union Berlin,Wolfsburg,1,0,251,28,0,0.3972212729923917,0.26909158829168633,0.3336871387159221,0.2373446501386659,0.4047035768330681,0.2675690961384202,0.3277273270285114,0.23089151615829795,0.42138877413159737,0.28629649065999707,0.2923147352084054,1.0,144.0
2024/25,2025-04-06,St Pauli,M'gladbach,1,1,252,28,1,0.5096590962638161,0.24906191367964298,0.24127899005654088,0.15898397272357706,0.4739257883251805,0.25309100312323596,0.2729832085515832,0.14956274249538057,0.42283884263823923,0.2693987086060804,0.3077624487556804,1.0,144.0
2024/25,2025-04-11,Wolfsburg,RB Leipzig,2,3,253,29,2,0.5280327479498355,0.22859923784866565,0.24336801420149898,0.4256552724204188,0.527139719531776,0.2299366996214448,0.24292358084677942,0.42552049417295135,0.35348793540512624,0.25922448596375924,0.3872875786311144,1.0,144.0
2024/25,2025-04-12,Holstein Kiel,St Pauli,1,2,254,29,2,0.3516516764458983,0.30198722348173024,0.34636110007237136,0.2754513565229056,0.3399308989330146,0.3082467461399863,0.3518223549269993,0.26784363781089426,0.2711679591382885,0.27814084951613016,0.4506911913455813,1.0,144.0
2024/25,2025-04-12,Leverkusen,Union Berlin,0,0,255,29,1,0.6325048426451993,0.2171876634966044,0.15030749385819633,0.21132735933978006,0.6570076582621436,0.20287323362173038,0.14011910811612632,0.22564621373718213,0.7016993043945823,0.18912989063760222,0.10917080496781549,1.0,144.0
2024/25,2025-04-12,Bochum,Augsburg,1,2,256,29,2,0.3951966672239685,0.2937398119036027,0.3110635208724289,0.3154069390288132,0.3820279974534975,0.29143646215032964,0.3265355403961728,0.2997498845939023,0.4107692944216469,0.29060394859083677,0.29862675698751634,1.0,144.0
2024/25,2025-04-12,M'gladbach,Freiburg,1,2,257,29,2,0.32917404032600434,0.24155630437917397,0.4292696552948219,0.21704433759591885,0.37090052041971844,0.24126180146611156,0.38783767811416986,0.25615495219213424,0.4253513501649755,0.25633015575731416,0.3183184940777104,1.0,144.0
2024/25,2025-04-12,Bayern Munich,Dortmund,2,2,258,29,1,0.6788049056241277,0.18336599850408877,0.13782909587178369,0.23988647978410707,0.663654929263113,0.1921132216559458,0.1442318490809414,0.23062034571226744,0.6723409116874214,0.1809665257625957,0.14669256254998286,1.0,144.0
2024/25,2025-04-12,Hoffenheim,Mainz,2,0,259,29,0,0.29164803681529167,0.2586826193232667,0.4496693438614419,0.3519825112782049,0.2764800927619993,0.26134691372569896,0.46217299351230184,0.3685424660509037,0.39574235807860264,0.27974890829694327,0.32450873362445415,1.0,144.0
2024/25,2025-04-13,Stuttgart,Werder Bremen,1,2,260,29,2,0.5645004975610978,0.21771182693999733,0.2177876754989048,0.46525846617406674,0.6236823523738625,0.19664095998988645,0.17967668763625086,0.5309550067350138,0.5555010464775363,0.22555146898739875,0.21894748453506496,1.0,144.0
2024/25,2025-04-13,Ein Frankfurt,Heidenheim,3,0,261,29,0,0.6800447916834722,0.1769497809384846,0.14300542737804323,0.06141094379422475,0.6909894332073039,0.1717709269000985,0.13723963989259766,0.057161124573696605,0.551131221719457,0.23891402714932128,0.2099547511312217,1.0,144.0
2024/25,2025-04-19,Mainz,Wolfsburg,2,2,262,30,1,0.469205774968342,0.25133052787557386,0.27946369715608427,0.14912700864589495,0.4405139388426984,0.25913778831994366,0.3003482728373576,0.1421308076555463,0.478818998716303,0.2605905006418485,0.2605905006418485,1.0,144.0
2024/25,2025-04-19,Union Berlin,Stuttgart,4,4,263,30,1,0.34179158043438135,0.26871669965418443,0.38949171991143405,0.13426264216769968,0.34473691544885565,0.26920437357855403,0.3860587109725902,0.13394243459550476,0.3036195034400239,0.27759497457373616,0.41878552198624,1.0,144.0
2024/25,2025-04-19,RB Leipzig,Holstein Kiel,1,1,264,30,1,0.5804333502065929,0.23039913486690647,0.18916751492650075,0.1863436113677586,0.5872127109917461,0.2262105808009137,0.18657670820734026,0.18981481799788144,0.6551813562147666,0.1861167768134078,0.15870186697182562,1.0,144.0
2024/25,2025-04-19,Werder Bremen,Bochum,1,0,265,30,0,0.5852049261568095,0.2120279782122087,0.20276709563098158,0.10658472417760076,0.5740409987219834,0.21179782670867092,0.21416117456934564,0.11365303973134354,0.5944601094708908,0.21628794161552498,0.18925194891358435,1.0,144.0
2024/25,2025-04-19,Heidenheim,Bayern Munich,0,4,266,30,2,0.12238912351499628,0.13159432690293757,0.7460165495820661,0.03974334532048404,0.12313897549501351,0.13111016245610527,0.7457508620488813,0.03990291571742429,0.09989165504402636,0.14580836710383754,0.754299977852136,1.0,144.0
2024/25,2025-04-19,Freiburg,Hoffenheim,3,2,267,30,0,0.5963565315059175,0.22734746297207747,0.17629600552200522,0.0970041656104741,0.6140214399232659,0.21849224419019345,0.16748631588654064,0.08851555742407759,0.5011209283924568,0.2558354213372016,0.24304365027034153,1.0,144.0
2024/25,2025-04-20,St Pauli,Leverkusen,1,1,268,30,1,0.2645912856354111,0.3048753784041514,0.4305333359604373,0.12768375090371134,0.26675823931407927,0.3023247467439148,0.43091701394200577,0.12842471557332127,0.19061745662914248,0.2463961016987389,0.5629864416721185,1.0,144.0
2024/25,2025-04-20,Augsburg,Ein Frankfurt,0,0,269,30,1,0.30730436151856666,0.27455580041887295,0.4181398380625604,0.1346384473916591,0.31869366587153836,0.27332870037102613,0.4079776337574354,0.13400570115647795,0.3713413979731076,0.2811891510663416,0.3474694509605507,1.0,144.0
2024/25,2025-04-20,Dortmund,M'gladbach,3,2,270,30,0,0.7871048316789196,0.11713118738252365,0.09576398093855687,0.027247546369830688,0.7859537248209103,0.11873124146086358,0.0953150337182261,0.027450381785374588,0.7084157224364207,0.1642181962331466,0.1273660813304326,1.0,144.0
2024/25,2025-04-25,Stuttgart,Heidenheim,0,1,271,31,2,0.6820785593146742,0.17676462375032523,0.14115681693500035,0.6014213870870009,0.675185644765477,0.18156291452873918,0.1432514407057837,0.594946874375044,0.6410772124124962,0.19918242607877962,0.15974036150872428,1.0,144.0
2024/25,2025-04-26,Wolfsburg,Freiburg,0,1,272,31,2,0.44256732001813903,0.24201301841526487,0.31541966156659573,0.3322580362588159,0.446830577023349,0.24373251299652782,0.30943690998012346,0.33826747293040976,0.41024320906130024,0.26348954077920916,0.32626725015949054,1.0,144.0
2024/25,2025-04-26,Ein Frankfurt,RB Leipzig,4,0,273,31,0,0.5758790749068264,0.2052580977514109,0.2188628273417628,0.11388974814695978,0.5834785913952079,0.2026048321148234,0.2139165764899691,0.10962519276165444,0.471963427239492,0.24865592330264794,0.2793806494578602,1.0,144.0
2024/25,2025-04-26,Leverkusen,Augsburg,2,0,274,31,0,0.5898603554709457,0.25920077173209893,0.15093887279695484,0.09549853566781724,0.6152713601494377,0.24807630080874646,0.13665233904181592,0.08334499404343151,0.6504042731061065,0.2004390527182341,0.14915667417565937,1.0,144.0
2024/25,2025-04-26,Holstein Kiel,M'gladbach,4,3,275,31,0,0.41425714327021584,0.2646250630263881,0.32111779370339644,0.22310566582145264,0.42568724896218124,0.2638647917395109,0.31044795929830743,0.2131065357185557,0.38787553847815,0.25419519623502773,0.3579292652868222,1.0,144.0
2024/25,2025-04-26,Hoffenheim,Dortmund,2,3,276,31,2,0.18380313785648802,0.18740884381880119,0.628788018324711,0.0857909644125932,0.19839602127846,0.19811293605048097,0.6034910426710589,0.09829016725060355,0.24229336500566864,0.23813637099821844,0.5195702639961128,1.0,144.0
2024/25,2025-04-26,Bayern Munich,Mainz,3,0,277,31,0,0.8083772178690292,0.11175181956056851,0.07987096257040231,0.021549330646768065,0.8031208088311043,0.11537822239823312,0.08150096877066265,0.022701911912937557,0.7796594084870928,0.13316496784077067,0.08717562367213662,1.0,144.0
2024/25,2025-04-27,Bochum,Union Berlin,1,1,278,31,1,0.35101223520795927,0.26407570096419547,0.3849120638278453,0.13568344307294947,0.3318387713834879,0.2592252159297226,0.4089360126867895,0.13867281633273643,0.4056226110688087,0.2813567244407922,0.313020664490399,1.0,144.0
2024/25,2025-04-27,Werder Bremen,St Pauli,0,0,279,31,1,0.49210011716705226,0.267646813372297,0.2402530694606506,0.14994203135054543,0.49622942551356375,0.26465477003825194,0.23911580444818462,0.1517100053412119,0.4788270592966068,0.2700052584366977,0.2511676822666955,1.0,144.0
2024/25,2025-05-02,Heidenheim,Bochum,0,0,280,32,1,0.4388670780398221,0.24781360778484104,0.313319314175337,0.14538665241125737,0.4382907681274881,0.24640881676756946,0.3153004151049424,0.14575657459556626,0.4038782294940601,0.28712287111524626,0.3089988993906936,1.0,144.0
2024/25,2025-05-03,Union Berlin,Werder Bremen,2,2,281,32,1,0.38033710368884216,0.28185025192045704,0.3378126443907009,0.12938684757632757,0.40173788925555015,0.2722006859412476,0.32606142480320205,0.1338546922040995,0.28812601591710485,0.27904468017186657,0.4328293039110286,1.0,144.0
2024/25,2025-05-03,St Pauli,Stuttgart,0,1,282,32,2,0.3625425330539667,0.27900712804683414,0.35845033889919925,0.2715115279658695,0.3719763859621613,0.2776353032681193,0.3503883107697196,0.2801808892490447,0.3400628272251309,0.27551832460732983,0.3844188481675393,1.0,144.0
2024/25,2025-05-03,Dortmund,Wolfsburg,4,0,283,32,0,0.6622096283612543,0.18248070023987178,0.15530967139887406,0.06911171460093407,0.6636658476265461,0.18466122952754788,0.15167292284590622,0.06806266878869491,0.7590705324051601,0.14345529407061808,0.09747417352422177,1.0,144.0
2024/25,2025-05-03,M'gladbach,Hoffenheim,4,4,284,32,1,0.511851023894251,0.23296472149666422,0.2551842546090852,0.16355523723099363,0.5107652537055084,0.22987474030273575,0.2593600059917559,0.16407437855044799,0.42870567395037856,0.24028688391786654,0.33100744213175487,1.0,144.0
2024/25,2025-05-03,RB Leipzig,Bayern Munich,3,3,285,32,1,0.13420620059168756,0.14551701994787203,0.7202767794604402,0.2684049716535801,0.1402443750078237,0.1550456857007289,0.7047099392914472,0.2581422916287453,0.23177908044353412,0.20359629917367045,0.5646246203827954,1.0,144.0
2024/25,2025-05-04,Freiburg,Leverkusen,2,2,286,32,1,0.3544607558625586,0.2926383127251086,0.3529009314123329,0.1250907474191742,0.34425383197012793,0.291901144522761,0.3638450235071112,0.12544695097850367,0.3016434122185882,0.26914591753205525,0.4292106702493567,1.0,144.0
2024/25,2025-05-04,Mainz,Ein Frankfurt,1,1,287,32,1,0.3734686373802373,0.2357021135673232,0.3908292490524399,0.1461131625107725,0.40953737364710036,0.23175337739084811,0.3587092489620517,0.14819659285234188,0.4099260570245826,0.2683770041846025,0.3216969387908149,1.0,144.0
2024/25,2025-05-04,Augsburg,Holstein Kiel,1,3,288,32,2,0.48943835565330124,0.29896575974703204,0.21159588459966672,0.43056547658239475,0.48348443386774514,0.30375859219113027,0.21275697394112458,0.4267543899353746,0.5424748158171704,0.2368365659299354,0.22068861825289432,1.0,144.0
2024/25,2025-05-09,Wolfsburg,Hoffenheim,2,2,289,33,1,0.5697228311006425,0.2227911416816545,0.20748602721770265,0.1838172778839583,0.5560794322231372,0.23114566120663574,0.2127749065702272,0.17724874790378775,0.3262779972659947,0.26859348946206196,0.40512851327194344,1.0,144.0
2024/25,2025-05-10,Werder Bremen,RB Leipzig,0,0,290,33,1,0.5027744014041481,0.24384344528848187,0.25338215330736985,0.1584923071609895,0.4983782827684557,0.2406491342530753,0.26097258297846887,0.15824380090084433,0.49759099666088596,0.23212977116955205,0.270279232169562,1.0,144.0
2024/25,2025-05-10,Union Berlin,Heidenheim,0,3,291,33,2,0.5194285588354531,0.26027650720892026,0.22029493395562658,0.43887300887456826,0.5084856858379301,0.2630902755038436,0.22842403865822658,0.42694357841127617,0.4606794550462813,0.2722783333746929,0.2670422115790257,1.0,144.0
2024/25,2025-05-10,Bayern Munich,M'gladbach,2,0,292,33,0,0.8505003200176515,0.08092785566162891,0.06857182432071972,0.01352612470274812,0.8482345847556921,0.08285895800237876,0.06890645724192916,0.0138904205569555,0.8409785932721712,0.10091743119266053,0.05810397553516819,1.0,144.0
2024/25,2025-05-10,Bochum,Mainz,1,4,293,33,2,0.3423753191511993,0.2433693116995288,0.4142553691492721,0.23015881586717069,0.33726497137909806,0.2424562143271138,0.42027881429378855,0.22491215703798,0.30801263641585297,0.24956921309592192,0.4424181504882252,1.0,144.0
2024/25,2025-05-10,Holstein Kiel,Freiburg,1,2,294,33,2,0.24048630238145777,0.2686237582448828,0.4908899393736594,0.15851335773203104,0.25811767983415596,0.2706991462037471,0.47118317396209697,0.1731359860718848,0.27083599146180404,0.2525457686617861,0.47661823987641,1.0,144.0
2024/25,2025-05-11,Ein Frankfurt,St Pauli,2,2,295,33,1,0.6189226762410651,0.21960590455737827,0.16147141920155644,0.20456914919218355,0.6254642708069661,0.21788557647067786,0.1566501527223558,0.20787241220201363,0.6164787249329229,0.22301188897343063,0.1605093860936466,1.0,144.0
2024/25,2025-05-11,Stuttgart,Augsburg,4,0,296,33,0,0.6165929787041546,0.23159237509896413,0.15181464619688118,0.08502431538941853,0.6227680766262931,0.22843508973859888,0.14879683363510812,0.08222221085603015,0.6320832899342902,0.20231954677813052,0.16559716328757942,1.0,144.0
2024/25,2025-05-11,Leverkusen,Dortmund,2,4,297,33,2,0.38681392124592795,0.2738058516034615,0.3393802271506106,0.2930217469746149,0.4151048357163022,0.27141167546254746,0.3134834888211504,0.3218084723781189,0.37566253514639847,0.25011978561161236,0.3742176792419892,1.0,144.0
2024/25,2025-05-17,Augsburg,Union Berlin,1,2,298,34,2,0.36134165537499074,0.3061834526145102,0.33247489201049896,0.2880787808527667,0.3553762427175529,0.3096745610812927,0.3349491962011538,0.2842924227607679,0.5107785532442137,0.26300250709051665,0.22621893966526951,1.0,144.0
2024/25,2025-05-17,Freiburg,Ein Frankfurt,1,3,299,34,2,0.4623101685019953,0.257514163129789,0.28017566836821567,0.36593888015474413,0.4549045222035367,0.2527245822136389,0.29237089558282436,0.35383853686974104,0.40893158122399065,0.26447205524812434,0.3265963635278851,1.0,144.0
2024/25,2025-05-17,Mainz,Leverkusen,2,2,300,34,1,0.32658466085701665,0.28785544258739154,0.3855598965555923,0.1276569872695256,0.33359823719567655,0.2829418783383804,0.3834598844659427,0.12916463342734863,0.38174498460705714,0.26168002977096655,0.35657498562197637,1.0,144.0
2024/25,2025-05-17,Dortmund,Holstein Kiel,3,0,301,34,0,0.7758107745948982,0.12731891346209528,0.09687031194300667,0.029822333061837465,0.7812017988906813,0.12562344815044238,0.0931747529588764,0.02827709369881075,0.8544110666576253,0.09195090526886825,0.053638028073506476,1.0,144.0
2024/25,2025-05-17,St Pauli,Bochum,0,2,302,34,2,0.43902038280231553,0.2852323144914056,0.27574730270627884,0.358640433026561,0.4372962751390133,0.28437118796332816,0.2783325368976585,0.35601597977551247,0.5508311992196364,0.23703249648571154,0.2121363042946521,1.0,144.0
2024/25,2025-05-17,Heidenheim,Werder Bremen,1,4,303,34,2,0.3024186580089734,0.26038607693576765,0.437195265055259,0.2041031071940843,0.2758747263612521,0.25261526566945064,0.4715100079692974,0.17770426816075396,0.3553544043388816,0.25826818776884236,0.386377407892276,1.0,144.0
2024/25,2025-05-17,M'gladbach,Wolfsburg,0,1,304,34,2,0.40181434820822504,0.23937800023224895,0.3588076515595257,0.2862911990623055,0.38563679893827907,0.24155554430727436,0.3728076567544465,0.2710429880606054,0.42285539972255104,0.2361802110645468,0.3409643892129021,1.0,144.0
2024/25,2025-05-17,RB Leipzig,Stuttgart,2,3,305,34,2,0.2288893867176855,0.20517999895262934,0.5659306143296851,0.12040329146410135,0.2383633040548854,0.20663311777739923,0.5550035781677151,0.12741944008174916,0.5089974293059126,0.22095115681233932,0.2700514138817481,1.0,144.0
2024/25,2025-05-17,Hoffenheim,Bayern Munich,0,4,306,34,2,0.14915175316379395,0.1706410841557515,0.6802071626804544,0.062256852136359286,0.14670278327753777,0.16518477420477792,0.6881124425176841,0.05939777756683049,0.2140983962156585,0.20898975769424363,0.5769118460900978,1.0,144.0
2025/26,2025-08-22,Bayern Munich,RB Leipzig,6,0,1,1,0,0.5038810580788667,0.24215964048711633,0.2539593014340169,0.15531466565889931,0.6373835384377916,0.1995172506058054,0.16309921095640267,0.07904602540524891,0.7728611675686646,0.13343597506365065,0.09370285736768483,1.0,144.0
2025/26,2025-08-23,Union Berlin,Stuttgart,2,1,2,1,0,0.4084991514401816,0.25438284480957274,0.3371180037502454,0.2317609011497679,0.3357293426003544,0.25187117924761204,0.41239947815203326,0.30566441793111343,0.2296182072589166,0.25097804049230416,0.5194037522487792,1.0,144.0
2025/26,2025-08-23,Leverkusen,Hoffenheim,1,2,3,1,2,0.52829843210627,0.23646115400799403,0.23524041388573602,0.43197822895980187,0.5574123618020369,0.23790287351465203,0.20468476468331087,0.47161743230828257,0.5515079110525217,0.2283891584593972,0.2201029304880812,1.0,144.0
2025/26,2025-08-23,St Pauli,Dortmund,3,3,4,1,1,0.33246251215343176,0.25072866307288877,0.4168088247736795,0.14213045919829326,0.29619532865371184,0.2543573858261966,0.4494472855200914,0.1448672675888295,0.23515224600542656,0.2668073560446186,0.49804039794995475,1.0,144.0
2025/26,2025-08-23,Freiburg,Augsburg,1,3,5,1,2,0.48796971821677193,0.24529034680368378,0.2667399349795443,0.38789238442517937,0.5229472899738131,0.24999778791641922,0.22705492210976733,0.4354589807628464,0.49582747584721687,0.2677195186392686,0.23645300551351459,1.0,144.0
2025/26,2025-08-23,Ein Frankfurt,Werder Bremen,4,1,6,1,0,0.5317871783274646,0.23557563879103713,0.23263718288149854,0.13667165261879854,0.5451311029101802,0.22661396867594333,0.22825492841387648,0.1295030129424665,0.5990364216342167,0.21469889447952015,0.18626468388626316,1.0,144.0
2025/26,2025-08-23,Heidenheim,Wolfsburg,1,3,7,1,2,0.3651910844312257,0.2539847477608471,0.38082416780792683,0.2583716196594003,0.36565831800625015,0.25872247615076466,0.3756192058429853,0.2617786908196522,0.34255737604554887,0.2803639619508238,0.3770786620036274,1.0,144.0
2025/26,2025-08-24,Mainz,FC Koln,0,1,8,1,2,0.5000391569863396,0.24313206125407616,0.25682878175958423,0.4011713090702764,0.5156097943922033,0.23938431198362117,0.24500589362417527,0.41793478036770004,0.5035569055740692,0.2605535731254567,0.2358895213004741,1.0,144.0
2025/26,2025-08-24,M'gladbach,Hamburg,0,0,9,1,1,0.5130913793125301,0.24028527899276503,0.2466233416947046,0.1620429180967489,0.4706308351487271,0.24452593044614243,0.28484323440513065,0.15131452558958225,0.5170195247426168,0.24179022550152235,0.24119024975586095,1.0,144.0
2025/26,2025-08-29,Hamburg,St Pauli,0,2,10,2,2,0.4751551582579467,0.2542956356512863,0.27054920609076716,0.3789354425769723,0.47600862476468403,0.2651936073525884,0.25879776788272785,0.3879824798729964,0.39045053756014453,0.3057301379008679,0.30381932453898747,1.0,144.0
2025/26,2025-08-30,Werder Bremen,Leverkusen,3,3,11,2,1,0.35092931777996894,0.2624283925368216,0.38664228968320913,0.13632182312449465,0.36581173308357534,0.2675922486630442,0.36659601825338034,0.13410543233042094,0.26897054807070675,0.2482273181423746,0.48280213378691855,1.0,144.0
2025/26,2025-08-30,Stuttgart,M'gladbach,1,0,12,2,0,0.5067179014652579,0.25157783340130646,0.24170426513343587,0.15087409025926662,0.6104948685025665,0.21030198845058803,0.17920314304684545,0.09191400697035057,0.6099398417413444,0.20035445944933977,0.1897056988093158,1.0,144.0
2025/26,2025-08-30,Augsburg,Bayern Munich,2,3,13,2,2,0.3068743977915616,0.24744605823669705,0.4456795439717418,0.2007215319956551,0.23245371857799427,0.23867026790848325,0.5288760135135223,0.137996270961824,0.09963065156054388,0.15507028831600783,0.7452990601234484,1.0,144.0
2025/26,2025-08-30,Hoffenheim,Ein Frankfurt,1,3,14,2,2,0.3827580031369228,0.2613711380499637,0.35587085881311353,0.28070301974576034,0.34272189152965576,0.25698490275095703,0.40029320571938726,0.23855326701999718,0.35354780054023793,0.2542574733543968,0.39219472610536515,1.0,144.0
2025/26,2025-08-30,RB Leipzig,Heidenheim,2,0,15,2,0,0.5939060828779814,0.21613804638632228,0.18995587073569611,0.10049775117523074,0.5773103003078032,0.2207163444287536,0.2019733552634433,0.1097299092311263,0.6518667336346894,0.19450862213293155,0.15362464423237904,1.0,144.0
2025/26,2025-08-31,FC Koln,Freiburg,4,1,16,2,0,0.4121353817692634,0.25282985613311343,0.33503476209762334,0.2289165505906903,0.3977256552999475,0.25607175034080515,0.3462025943592469,0.24129531131247556,0.3746265684126668,0.2848038239394543,0.34056960764787897,1.0,144.0
2025/26,2025-08-31,Wolfsburg,Mainz,1,1,17,2,1,0.5363834988644246,0.2346696935833329,0.22894680755224256,0.17006194927120286,0.48992444960154785,0.24665627485145092,0.2634192755470011,0.1547078405235433,0.4565377748794646,0.26641793438171496,0.2770442907388204,1.0,144.0
2025/26,2025-08-31,Dortmund,Union Berlin,3,0,18,2,0,0.559835240349638,0.22943806331501404,0.21072669633534796,0.11907537809323542,0.5898185161518145,0.22097616212568547,0.1892053217225001,0.10202375173000702,0.6856935766322951,0.18276520662599927,0.1315412167417056,1.0,144.0
2025/26,2025-09-12,Leverkusen,Ein Frankfurt,3,1,19,3,0,0.4368450382863713,0.25797376024476937,0.3051812014688596,0.20513953831632753,0.436910812557594,0.2605178646557003,0.3025713227867057,0.20430941919372295,0.4440020772027004,0.25588540765102996,0.3001125151462697,1.0,144.0
2025/26,2025-09-13,Wolfsburg,FC Koln,3,3,20,3,1,0.5114304854569853,0.2445055651559605,0.24406394938705436,0.1605641764225871,0.49210336939626387,0.2494977148706542,0.25839891573308205,0.15446786291159406,0.4932866238198424,0.26193386763479504,0.24477950854536262,1.0,144.0
2025/26,2025-09-13,Bayern Munich,Hamburg,5,0,21,3,0,0.6936095524247902,0.17832311779227086,0.12806732978293892,0.05513817366153473,0.7406279332544452,0.15445707990986157,0.10491498683569325,0.039140511735297104,0.8953488372093024,0.058604651162790705,0.04604651162790698,1.0,144.0
2025/26,2025-09-13,Union Berlin,Hoffenheim,2,4,22,3,2,0.41258832709921284,0.26589251709579514,0.3215191558049921,0.3152826917990489,0.4269855674786832,0.2717348035761833,0.3012796289451333,0.3352634158810717,0.3309390490178079,0.28449146319074714,0.3845694877914448,1.0,144.0
2025/26,2025-09-13,Freiburg,Stuttgart,3,1,23,3,0,0.40425201510187203,0.2606574076192001,0.3350905772789281,0.23360067824565262,0.3723427707531758,0.2575723408770732,0.370084888369751,0.2654582110127257,0.3657164291072768,0.2779444861215304,0.35633908477119275,1.0,144.0
2025/26,2025-09-13,Heidenheim,Dortmund,0,2,24,3,2,0.29909109826635605,0.2421179340657915,0.4587909676678522,0.1911813508700373,0.282068195050385,0.23700502985826669,0.4809267750913483,0.17449973973802488,0.18136603781122354,0.21332481099381798,0.6053091511949585,1.0,144.0
2025/26,2025-09-13,Mainz,RB Leipzig,0,1,25,3,2,0.41691264778107806,0.25410166766701736,0.3289856845519046,0.3120381837080527,0.4606608914534348,0.24719769566161842,0.2921414128849469,0.35663611813359636,0.4039416367410752,0.25685998536833543,0.33919837789058926,1.0,144.0
2025/26,2025-09-14,St Pauli,Augsburg,2,1,26,3,0,0.45048629316697014,0.251549990810357,0.297963716022673,0.19537384503170854,0.43387995177963196,0.2732040011668487,0.292916047053519,0.20314585980924574,0.43646562175900905,0.2931681736513826,0.27036620458960836,1.0,144.0
2025/26,2025-09-14,M'gladbach,Werder Bremen,0,4,27,3,2,0.5017337803406398,0.24596719165569977,0.2522990280036604,0.40539676492959015,0.4331649681559217,0.24937786411090127,0.31745716773317684,0.32674830375816855,0.4741673944586947,0.23824587221576568,0.2875867333255397,1.0,144.0
2025/26,2025-09-19,Stuttgart,St Pauli,2,0,28,4,0,0.5117657853270244,0.24831842185121614,0.2399157928217592,0.1479661180113153,0.5824572915363619,0.22924513171682048,0.18829757674681777,0.10489894539993716,0.5399576451680146,0.2376341714675859,0.22240818336439958,1.0,144.0
2025/26,2025-09-20,Werder Bremen,Freiburg,0,3,29,4,2,0.4255828699885425,0.24983627509861905,0.3245808549128389,0.31865590038897845,0.42460393358037873,0.2514143161080561,0.3239817503115651,0.3186445871618728,0.38734065469745615,0.26419158785071056,0.3484677574518333,1.0,144.0
2025/26,2025-09-20,Hoffenheim,Bayern Munich,1,4,30,4,2,0.2736560980179586,0.23203202171402174,0.49431188026802,0.16530406721024016,0.21645656827565316,0.21767183917067523,0.5658715925536715,0.11766046005077892,0.11587945881166865,0.1508070193954055,0.7333135217929259,1.0,144.0
2025/26,2025-09-20,RB Leipzig,FC Koln,3,1,31,4,0,0.5358544799892717,0.2346331838475723,0.22951233616315564,0.13405348809854944,0.5009749570900169,0.2397922651309676,0.2592327777790154,0.15811381326316742,0.49805447470817116,0.24902723735408558,0.2529182879377432,1.0,144.0
2025/26,2025-09-20,Augsburg,Mainz,1,4,32,4,2,0.39103003873532854,0.26147677155986726,0.3474931897048046,0.28933481433748165,0.35966163181092525,0.267376626257606,0.3729617419314686,0.26126673323925775,0.353807163212485,0.2844940639866473,0.3616987728008676,1.0,144.0
2025/26,2025-09-20,Hamburg,Heidenheim,2,1,33,4,0,0.4881127823615741,0.2598988488848211,0.2519883687536053,0.16276333078435595,0.47572518659140345,0.26472333597631353,0.25955147743228313,0.17111552470594987,0.5173168574500983,0.25001431671110147,0.23266882583880022,1.0,144.0
2025/26,2025-09-21,Dortmund,Wolfsburg,1,0,34,4,0,0.5239944874695323,0.24333048983367728,0.23267502269679033,0.1403594570731726,0.5536852159958172,0.2323092862915105,0.21400549771267213,0.12249761973597445,0.6086762551769777,0.20768138320416193,0.18364236161886044,1.0,144.0
2025/26,2025-09-21,Ein Frankfurt,Union Berlin,3,4,35,4,2,0.5574299638065687,0.22224556892404743,0.22032446726938398,0.4593110504440814,0.5859983722008586,0.21503760481907983,0.1989640229800618,0.4925263643511717,0.5865982922367864,0.22097880871933734,0.19242289904387622,1.0,144.0
2025/26,2025-09-21,Leverkusen,M'gladbach,1,1,36,4,1,0.5366997154536344,0.23994043405371132,0.22335985049265453,0.16896810369005646,0.5794540687198593,0.22641857858795236,0.19412735269218814,0.18672622340963835,0.6211337328320988,0.2162876391111773,0.16257862805672388,1.0,144.0
2025/26,2025-09-26,Bayern Munich,Werder Bremen,4,0,37,5,0,0.682096446604241,0.1749483435642388,0.1429552098315205,0.0607494306398121,0.7085268840739739,0.16379445319483513,0.1276786627311909,0.05062920911222594,0.8818541548897681,0.08083663086489541,0.03730921424533635,1.0,144.0
2025/26,2025-09-27,M'gladbach,Ein Frankfurt,4,6,38,5,2,0.3969277214401968,0.2590082185603669,0.3440640599994364,0.29390178671606476,0.3540555851767047,0.24764447543243684,0.39829993939085845,0.24369916016593174,0.3157475200755786,0.2614253660840812,0.4228271138403401,1.0,144.0
2025/26,2025-09-27,Wolfsburg,RB Leipzig,0,1,39,5,2,0.38608849424198044,0.25625139553002835,0.357660110227991,0.28083242968917804,0.4116247840680031,0.25231091802709954,0.3360642979048971,0.30512278968777357,0.3696729435084242,0.26065411298315166,0.3696729435084242,1.0,144.0
2025/26,2025-09-27,Heidenheim,Augsburg,2,1,40,5,0,0.4091371277499004,0.24150597262563364,0.349356899624466,0.23558458855942832,0.4125767318570203,0.25380968049665364,0.333613587646326,0.22818206090901588,0.34164160025489976,0.2735052136872091,0.3848531860578911,1.0,144.0
2025/26,2025-09-27,Mainz,Dortmund,0,2,41,5,2,0.37067707379712805,0.2693458041300738,0.3599771220727984,0.27351538865450975,0.37717575422608574,0.26159677523764074,0.3612274705362734,0.275145946986752,0.2750832418109235,0.25353625159074666,0.47138050659833,1.0,144.0
2025/26,2025-09-27,St Pauli,Leverkusen,1,2,42,5,2,0.32127068027391,0.2463235565867639,0.432405763139326,0.21268903386055582,0.3053808219830467,0.2659265354905165,0.42869264252643663,0.20982477156923351,0.288751275645504,0.2748846889619629,0.43636403539253305,1.0,144.0
2025/26,2025-09-28,Union Berlin,Hamburg,0,0,43,5,1,0.5424192551715877,0.2234303586659307,0.2341503861624815,0.17452252586046962,0.5064746362368968,0.23942835254989644,0.25409701121320705,0.16054092412939072,0.48410971274923537,0.269545851142926,0.24634443610783868,1.0,144.0
2025/26,2025-09-28,FC Koln,Stuttgart,1,2,44,5,2,0.3924893670329329,0.25776995552072124,0.3497406774463453,0.2884425449009248,0.34968552990708124,0.2508832693993197,0.3994312006935994,0.24148142626336416,0.37274268278901573,0.2615210758277771,0.36573624138320715,1.0,144.0
2025/26,2025-09-28,Freiburg,Hoffenheim,1,1,45,5,1,0.46318339182721324,0.24636940602376858,0.2904472021490182,0.14944921585037718,0.502076059089624,0.24379981438683657,0.25412412652353944,0.15832972039615978,0.4121877223866063,0.2740177534739129,0.3137945241394809,1.0,144.0
2025/26,2025-10-03,Hoffenheim,FC Koln,0,1,46,6,2,0.4894613208278078,0.2305150741911683,0.28002360498102413,0.3789691969855115,0.4692223043061938,0.2383636326388225,0.2924140630549837,0.3604237145103855,0.506105692545041,0.2460058049839186,0.2478885024710405,1.0,144.0
2025/26,2025-10-04,Augsburg,Wolfsburg,3,1,47,6,0,0.34395405847748717,0.25089113894394566,0.4051548025785674,0.29727334572031905,0.3409236722928781,0.2622483594607087,0.3968279682464133,0.2959270210632409,0.36878596896690674,0.2719538989029703,0.35926013213012314,1.0,144.0
2025/26,2025-10-04,Dortmund,RB Leipzig,1,1,48,6,1,0.48875042555346243,0.2453680983103119,0.2658814761362257,0.1547849689155345,0.5369476259404385,0.22893842298912126,0.2341139510704398,0.1715610475444428,0.5656326621274125,0.20890536765396875,0.22546197021861894,1.0,144.0
2025/26,2025-10-04,Werder Bremen,St Pauli,1,0,49,6,0,0.4309638240738234,0.25136140529203865,0.31767477063413824,0.2123597147050694,0.4743527120860758,0.25117457925408915,0.2744727086598355,0.17582016954516533,0.41048965958354056,0.2694904413332386,0.3200198990832208,1.0,144.0
2025/26,2025-10-04,Ein Frankfurt,Bayern Munich,0,3,50,6,2,0.2796756022004606,0.2317056397163581,0.4886187580831814,0.16986460852528906,0.2530941625552861,0.22446844877716954,0.5224373886675444,0.14606135143111784,0.12897900307187388,0.1709827846032452,0.7000382123248808,1.0,144.0
2025/26,2025-10-04,Leverkusen,Union Berlin,2,0,51,6,0,0.534807240575536,0.23566821956566184,0.22952453985880233,0.13454290890917106,0.5520445560643694,0.2378735768894428,0.21008186704618761,0.12239923530659001,0.5682536646829192,0.23619345475818154,0.19555288055889927,1.0,144.0
2025/26,2025-10-05,M'gladbach,Freiburg,0,0,52,6,1,0.42036735729939645,0.2524195572582698,0.32721308544233374,0.14188855918378523,0.3752948815722601,0.24873246226600643,0.3759726561617337,0.1411008431578229,0.36598493003229277,0.2863293864370291,0.34768568353067814,1.0,144.0
2025/26,2025-10-05,Hamburg,Mainz,4,0,53,6,0,0.3480908475380451,0.2597593384788731,0.39214981398308196,0.289383509835315,0.33785548633458934,0.25624196606767585,0.4059025475977348,0.3015961175617673,0.30266824085005906,0.25770956316410865,0.4396221959858324,1.0,144.0
2025/26,2025-10-05,Stuttgart,Heidenheim,1,0,54,6,0,0.6457051322047911,0.19113036479234705,0.16316450300286195,0.07607375419309774,0.6760370630032707,0.17719461415876128,0.146768322837968,0.0632464625681084,0.6883300947103258,0.18209107571136196,0.12957882957831232,1.0,144.0
2025/26,2025-10-17,Union Berlin,M'gladbach,3,1,55,7,0,0.4252416697707474,0.2465950647759701,0.3281632654532828,0.21901913348044005,0.4477739522447684,0.24408679182047066,0.3081392559347611,0.19995170443369573,0.432151028483636,0.2810230676555437,0.2868259038608204,1.0,144.0
2025/26,2025-10-18,RB Leipzig,Hamburg,2,1,56,7,0,0.5882482136644701,0.2204866852680956,0.19126510106743463,0.10306093621841786,0.5610905751521789,0.22797541691305534,0.2109340079347657,0.11856731946183449,0.660672564670835,0.18393724811858475,0.1553901872105804,1.0,144.0
2025/26,2025-10-18,Wolfsburg,Stuttgart,0,3,57,7,2,0.42472216757009196,0.2626946025650368,0.31258322986487125,0.3264653677442249,0.36872633070615646,0.2595014546107352,0.3717722146831085,0.26531462860009614,0.33671884023412907,0.2594979862071022,0.4037831735587689,1.0,144.0
2025/26,2025-10-18,Bayern Munich,Dortmund,2,1,58,7,0,0.5977295328490803,0.2274576777067424,0.17481278944417733,0.09619052004753674,0.613279025381823,0.2197950335943787,0.1669259410237984,0.08870869099815666,0.7135873039750292,0.16877891015757213,0.11763378586739877,1.0,144.0
2025/26,2025-10-18,Mainz,Leverkusen,3,4,59,7,2,0.33946995738685365,0.2659208022074529,0.3946092404056937,0.24086891188520185,0.35658275062148653,0.2714214292358774,0.3719958201426358,0.2607702539795528,0.36174241704088733,0.271054903019495,0.36720267993961775,1.0,144.0
2025/26,2025-10-18,FC Koln,Augsburg,1,1,60,7,1,0.5155438904650463,0.23379301358986246,0.2506630959450912,0.16430874533230683,0.5074271260810159,0.24153337817694803,0.251039495742036,0.1602515583526275,0.5064009709117958,0.24930509337196102,0.24429393571624314,1.0,144.0
2025/26,2025-10-18,Heidenheim,Werder Bremen,2,2,61,7,1,0.39863942997658763,0.2522550972210596,0.3491054728023527,0.1403940131363065,0.3747963948760194,0.25463171487374336,0.3705718902502375,0.13889793172784748,0.3158366310759352,0.2702157843649668,0.413947584559098,1.0,144.0
2025/26,2025-10-19,Freiburg,Ein Frankfurt,2,2,62,7,1,0.3973679510520554,0.2536111264501246,0.3490209224978198,0.139858446432269,0.3948171095355118,0.25129457187707316,0.35388831858741526,0.14055874600730206,0.3801077547067014,0.267328530782735,0.3525637145105637,1.0,144.0
2025/26,2025-10-19,St Pauli,Hoffenheim,0,3,63,7,2,0.36836531857085014,0.2541579580194979,0.37747672340965177,0.2616141189112935,0.3772600882492954,0.26418136083943766,0.35855855091126676,0.2768861533974599,0.37859868524085455,0.2787961664954144,0.34260514826373106,1.0,144.0
2025/26,2025-10-24,Werder Bremen,Union Berlin,1,0,64,8,0,0.4161072274650279,0.2360917198481933,0.34780105268677863,0.23094817103430407,0.4320220164765578,0.240526164185963,0.327451819337479,0.21491184187739032,0.4126067227894203,0.2712400740342707,0.316153203176309,1.0,144.0
2025/26,2025-10-25,Hoffenheim,Heidenheim,3,1,65,8,0,0.5469037562834316,0.22394219682373318,0.22915404689283517,0.12890389163871385,0.5229192153769852,0.2349810404709832,0.2420997441520316,0.14310918058749533,0.60375264803793,0.21466760819126401,0.18157974377080602,1.0,144.0
2025/26,2025-10-25,Hamburg,Wolfsburg,0,1,66,8,2,0.3999935854907404,0.2655241100427519,0.3344823044665076,0.30145433575097413,0.40990411279796596,0.26945499872950224,0.32064088847253197,0.3147750920520393,0.44055488854493646,0.2589431658734866,0.300501945581577,1.0,144.0
2025/26,2025-10-25,M'gladbach,Bayern Munich,0,3,67,8,2,0.20228432252475717,0.21199939221765474,0.5857162852575882,0.10627497172003604,0.17375535858521127,0.19059608477702245,0.6356485566377663,0.08147144945860917,0.09000788087436226,0.136940561615994,0.7730515575096437,1.0,144.0
2025/26,2025-10-25,Augsburg,RB Leipzig,0,6,68,8,2,0.29519080323508473,0.24876446385786347,0.45604473290705205,0.19151247145636754,0.3197937305008394,0.2550647724247011,0.4251414970744597,0.2163651642267186,0.28542855628390196,0.2554623036556708,0.45910914006042725,1.0,144.0
2025/26,2025-10-25,Ein Frankfurt,St Pauli,2,0,69,8,0,0.5371510619213672,0.23923516846877993,0.2236137696098529,0.13211612871982323,0.5547719876598558,0.2333574375347948,0.21187057480534943,0.12155856172035237,0.5855396245879575,0.21809037936120315,0.1963699960508394,1.0,144.0
2025/26,2025-10-25,Dortmund,FC Koln,1,0,70,8,0,0.5960791097939739,0.22485508195166673,0.1790658082543594,0.09760832461530779,0.6167841485066644,0.21280030678867923,0.1704155447046563,0.08794792335637348,0.6961027931033339,0.17984811940773868,0.12404908748892746,1.0,144.0
2025/26,2025-10-26,Stuttgart,Mainz,2,1,71,8,0,0.5787891948539083,0.22905310740488266,0.1921576977412092,0.10717156158651031,0.6114554955957172,0.21099247860325804,0.17755202580102486,0.09124577688440874,0.4498530174649835,0.26768113435932905,0.2824658481756874,1.0,144.0
2025/26,2025-10-26,Leverkusen,Freiburg,2,0,72,8,0,0.5386433332831604,0.23700582411309806,0.22435084260374136,0.1315916372505409,0.5172177540861396,0.24818885326228804,0.23459339265157234,0.14405637842270302,0.4809315137955727,0.27060770414124147,0.2484607820631859,1.0,144.0
2025/26,2025-10-31,Augsburg,Dortmund,0,1,73,9,2,0.25533559386722715,0.24896577398943848,0.49569863214333415,0.15975806755881683,0.2451820176912789,0.24966121810707853,0.5051567642016428,0.15249202490727767,0.1803216824584128,0.21785470233663445,0.6018236152049526,1.0,144.0
2025/26,2025-11-01,Bayern Munich,Leverkusen,3,0,74,9,0,0.5777418436680699,0.21794274746746053,0.20431540886446964,0.11002336844414803,0.602530119806586,0.21354208184310702,0.18392779835030693,0.09590587033347903,0.7946245325745592,0.12701396095313297,0.0783615064723078,1.0,144.0
2025/26,2025-11-01,Union Berlin,Freiburg,0,0,75,9,1,0.45238361308063063,0.26346874526982084,0.2841476416495483,0.14269540781944298,0.40668655496758704,0.2715521197146233,0.32176132531778984,0.13446215223083233,0.35777058908051557,0.30315763311495403,0.33907177780453046,1.0,144.0
2025/26,2025-11-01,St Pauli,M'gladbach,0,4,76,9,2,0.35866878256869233,0.27561145080189603,0.3657197666294117,0.26547735501697795,0.3779695310795259,0.2739483880515137,0.3480820808689602,0.2839289698543107,0.4141340031368967,0.2788581396480536,0.3070078572150496,1.0,144.0
2025/26,2025-11-01,RB Leipzig,Stuttgart,3,1,77,9,0,0.4720288664990423,0.2508122986988468,0.27715883480211095,0.17778526875957495,0.41077510971589765,0.25486366208109884,0.33436122820300346,0.22949170112786677,0.47640157173363323,0.24983527155182822,0.27376315671453855,1.0,144.0
2025/26,2025-11-01,Mainz,Werder Bremen,1,1,78,9,1,0.48154973471144263,0.23794907878802699,0.28050118650053046,0.15528553131443304,0.46182717943943097,0.24106532447993248,0.29710749608063663,0.1507786039481429,0.5308432371250708,0.24165251839275612,0.22750424448217318,1.0,144.0
2025/26,2025-11-01,Heidenheim,Ein Frankfurt,1,1,79,9,1,0.2828986712276505,0.23815738882825016,0.47894393994409934,0.15470947789577366,0.2761800729290436,0.23398771289557654,0.48983221417538003,0.1581055153635235,0.24993577557416635,0.23423932590042643,0.5158248985254071,1.0,144.0
2025/26,2025-11-02,Wolfsburg,Hoffenheim,2,3,80,9,2,0.4039152686129921,0.24827507241246016,0.3478096589745479,0.29424989257280065,0.4111737586284362,0.255620379624244,0.3332058617473195,0.30683914129638495,0.3484796886402335,0.2578934565799076,0.3936268547798589,1.0,144.0
2025/26,2025-11-02,FC Koln,Hamburg,4,1,81,9,0,0.41378629556306035,0.2697285514763535,0.3164851529605862,0.2219046796570826,0.41933149472015724,0.26920744325242846,0.3114610620274144,0.21709195309158585,0.3904989272007494,0.2671270133873258,0.3423740594119247,1.0,144.0
2025/26,2025-11-07,Werder Bremen,Wolfsburg,2,1,82,10,0,0.41316818009483375,0.2505935735755373,0.33623824632962906,0.2287138715740169,0.4314880851515933,0.2527761320182285,0.3157357828301783,0.21144744094199372,0.4424870765587547,0.25890201288012243,0.2986109105611228,1.0,144.0
2025/26,2025-11-08,M'gladbach,FC Koln,3,1,83,10,0,0.49852529771621845,0.237624240592042,0.26385046169173965,0.16054697158277573,0.4679246214642946,0.2405948290426265,0.2914805494930787,0.1840325595883507,0.46972536619585586,0.25791286685024445,0.2723617669538996,1.0,144.0
2025/26,2025-11-08,Union Berlin,Bayern Munich,2,2,84,10,1,0.19442961934834155,0.20910473573444835,0.5964656449172102,0.19678707122322217,0.18682129990152843,0.21460574110474587,0.5985729589937255,0.19659589266770058,0.07407566897193203,0.13659343214682504,0.789330898881243,1.0,144.0
2025/26,2025-11-08,Leverkusen,Heidenheim,6,0,85,10,0,0.6902370885697794,0.17602267930371415,0.13374023212650646,0.05691975549348926,0.6832427082394821,0.18150641190905833,0.13525087985145992,0.05931399119202591,0.6900031314543467,0.18470447113500676,0.12529239741064663,1.0,144.0
2025/26,2025-11-08,Hoffenheim,RB Leipzig,3,1,86,10,0,0.36599995262021023,0.2528074152853387,0.3811926320944509,0.2736319414203356,0.3874036809896009,0.25097238523714,0.36162393377325924,0.25302305977136863,0.34857426507087313,0.2462081517842369,0.40521758314489004,1.0,144.0
2025/26,2025-11-08,Hamburg,Dortmund,1,1,87,10,1,0.3141003939113046,0.26168939512482264,0.4242102109638727,0.1393066802706251,0.2838483548286915,0.2547091949653267,0.46144245020598174,0.14674951169552738,0.23693346190935388,0.24908389585342333,0.5139826422372228,1.0,144.0
2025/26,2025-11-09,Ein Frankfurt,Mainz,1,0,88,10,0,0.538853790330918,0.22885131863372396,0.232294891035358,0.13330837154664493,0.5451543510888581,0.22719863966244494,0.2276470092486967,0.12935386257663703,0.5166105944507694,0.24650454760595086,0.23688485794327965,1.0,144.0
2025/26,2025-11-09,Freiburg,St Pauli,2,1,89,10,0,0.5554548001508915,0.24020082065067963,0.20434437919842877,0.11968853000943752,0.56696531854717,0.24267738652155477,0.19035729493127512,0.11187746753725321,0.5446603184950642,0.2678163997019929,0.1875232818029428,1.0,144.0
2025/26,2025-11-09,Stuttgart,Augsburg,3,2,90,10,0,0.5815840821600531,0.23460477382362271,0.18381114401632426,0.10442920848321753,0.624729568582901,0.2149292345739996,0.16034119684309947,0.0832685980505266,0.6320719765945838,0.20887043719000284,0.15905758621541335,1.0,144.0
2025/26,2025-11-21,Mainz,Hoffenheim,1,1,91,11,1,0.3697711025526853,0.2490790826198256,0.38114981482748894,0.1410029248130289,0.4008469951972908,0.25163635983308624,0.34751664496962303,0.14072306604481993,0.3829936058755996,0.27325948284382673,0.34374691128057355,1.0,144.0
2025/26,2025-11-22,FC Koln,Ein Frankfurt,3,4,92,11,2,0.3251548704113638,0.2533691051469922,0.421476024441644,0.22020784002403804,0.3165296043453015,0.25145676297936803,0.4320136326753306,0.21139975194683372,0.3439187688880024,0.2652016664722198,0.39087956463977774,1.0,144.0
2025/26,2025-11-22,Wolfsburg,Leverkusen,1,3,93,11,2,0.25762049248488667,0.23457358926032257,0.5078059182547905,0.15431166612658265,0.25820680552735853,0.23776826840936963,0.5040249260632721,0.15633101419359305,0.27308542327279717,0.24800614970692803,0.47890842702027486,1.0,144.0
2025/26,2025-11-22,Dortmund,Stuttgart,3,3,94,11,1,0.4979051973007063,0.26737990448940674,0.234714898209887,0.15150033447036645,0.47878275709228024,0.2621143124212261,0.25910293048649363,0.14818362853778708,0.5309385670266218,0.24723093579102237,0.2218304971823557,1.0,144.0
2025/26,2025-11-22,Bayern Munich,Freiburg,6,2,95,11,0,0.679469673434724,0.1924312897554181,0.12809903680985818,0.05957452673982791,0.692286361463529,0.18609580779595228,0.12161783074051878,0.054739290047691715,0.811755890433769,0.12384480892515194,0.064399300641079,1.0,144.0
2025/26,2025-11-22,Augsburg,Hamburg,1,0,96,11,0,0.4425977723400249,0.2592782797499794,0.29812394790999586,0.19978756585887225,0.44388570350132206,0.26849265860673216,0.2876216378919457,0.19599465867693255,0.3845222591818887,0.2811680103266411,0.3343097304914702,1.0,144.0
2025/26,2025-11-22,Heidenheim,M'gladbach,0,3,97,11,2,0.2911763268803879,0.2521992224337053,0.4566244506859068,0.19002032046397355,0.31819066313573763,0.2527218901259101,0.4290874467383519,0.21359322078924708,0.28290067118860757,0.2602081039809652,0.45689122483042727,1.0,144.0
2025/26,2025-11-23,RB Leipzig,Werder Bremen,2,0,98,11,0,0.6218964153987808,0.2015981617437401,0.176505422857479,0.08705824249319441,0.5483419174764991,0.22469169093609623,0.2269663915874047,0.12775438320950636,0.6256403124492965,0.20119138678348744,0.173168300767216,1.0,144.0
2025/26,2025-11-23,St Pauli,Union Berlin,0,1,99,11,2,0.32301123845029905,0.26677589285662484,0.4102128686930762,0.22609256021022328,0.3074444318129238,0.27631110481201365,0.4162444633750621,0.2176463025965201,0.3524617042207336,0.31999812620040285,0.32754016957886345,1.0,144.0
2025/26,2025-11-28,M'gladbach,RB Leipzig,0,0,100,12,1,0.39260219634523574,0.2564853241472121,0.35091247950755233,0.13863802642462064,0.3805055224018766,0.24750453981214202,0.3719899377859815,0.14158048319617167,0.3330036754395028,0.2532215448654553,0.41377477969504184,1.0,144.0
2025/26,2025-11-29,Werder Bremen,FC Koln,1,1,101,12,1,0.3979973239655265,0.24237139496934756,0.3596312810651259,0.1438682641021319,0.42371707349076726,0.24130882221162317,0.3349741042976097,0.14587190445878304,0.432287779213923,0.25395496167919757,0.31375725910687957,1.0,144.0
2025/26,2025-11-29,Bayern Munich,St Pauli,3,1,102,12,0,0.7814084111568793,0.13294395692872712,0.08564763191439355,0.02755889978275168,0.78483868824233,0.13167425191628818,0.08348705984138187,0.026632239619119848,0.869176858595575,0.08849800742064037,0.04232513398378452,1.0,144.0
2025/26,2025-11-29,Hoffenheim,Augsburg,3,0,103,12,0,0.5569378567351366,0.22328582565380709,0.21977631761105654,0.12230284628856511,0.5446765266799168,0.2302875928564475,0.22503588046363576,0.1289803064261541,0.5488761108207004,0.23523261892315733,0.21589127025614216,1.0,144.0
2025/26,2025-11-29,Union Berlin,Heidenheim,1,2,104,12,2,0.6067119375015769,0.22543874865095254,0.16784931384747076,0.5302870697855214,0.5791491035694065,0.24011731357682126,0.18073358285377228,0.503305573214432,0.6185392758651366,0.2359220709901255,0.14553865314473802,1.0,144.0
2025/26,2025-11-29,Leverkusen,Dortmund,1,2,105,12,2,0.42863293324007956,0.2683061043789688,0.3030609623809519,0.33472510680767986,0.4274791614236319,0.2672570191627894,0.3052638194135787,0.3326983970336301,0.3514772903778181,0.26969310092702387,0.378829608695158,1.0,144.0
2025/26,2025-11-30,Freiburg,Mainz,4,0,106,12,0,0.44219731234526455,0.2664277618381475,0.2913749258165874,0.19802159287473428,0.4430643190174018,0.26854925155400217,0.2883864294285961,0.19667204271506253,0.5542199744982019,0.255232882992593,0.19054714250920504,1.0,144.0
2025/26,2025-11-30,Ein Frankfurt,Wolfsburg,1,1,107,12,1,0.5301849444981255,0.2406238696070665,0.22919118589480794,0.16681233753217442,0.56629458946303,0.23106915895861352,0.20263625157835638,0.18087550625441431,0.49324079904607515,0.24414180254290654,0.2626173984110184,1.0,144.0
2025/26,2025-11-30,Hamburg,Stuttgart,2,1,108,12,0,0.31483779915037313,0.2517283964593025,0.43343380439032414,0.32865605213068716,0.29852087610515515,0.24363307010631396,0.4578460537885308,0.3508479851150047,0.3413785894828863,0.2740645014158383,0.38455690910127516,1.0,144.0
2025/26,2025-12-05,Mainz,M'gladbach,0,1,109,13,2,0.32513082520394954,0.24703588902252946,0.4278332857735208,0.21654240118326323,0.36908202894877595,0.2481556871063821,0.3827622839448419,0.25860197110696653,0.3575854242071038,0.27949205570210417,0.36292252009079196,1.0,144.0
2025/26,2025-12-06,RB Leipzig,Ein Frankfurt,6,0,110,13,0,0.49304450168695263,0.2561757394958651,0.25077975881718273,0.1599471823511171,0.46863551624403194,0.25542746124735816,0.27593702250860974,0.17924472749408182,0.5438649381971661,0.23611697316852578,0.22001808863430808,1.0,144.0
2025/26,2025-12-06,Stuttgart,Bayern Munich,0,5,111,13,2,0.24546296589113717,0.23304518000952215,0.5214918540993406,0.14461105665868013,0.2521920091823679,0.2340988143885133,0.5137091764291192,0.15003978729234269,0.2028043332972313,0.2049572455403017,0.5922384211624669,1.0,144.0
2025/26,2025-12-06,Wolfsburg,Union Berlin,3,1,112,13,0,0.44349690080707455,0.27665730136347977,0.27984579782944535,0.194004684987065,0.441541093111448,0.2777187381237516,0.28074016876480035,0.19534569652062245,0.47672343542081425,0.2770700308428664,0.24620653373631923,1.0,144.0
2025/26,2025-12-06,FC Koln,St Pauli,1,1,113,13,1,0.5285429162940799,0.23726955037021497,0.23418753333570508,0.16710070756725637,0.5305384906536419,0.2428819193836255,0.22657958996273247,0.16640470032636226,0.4743134981745194,0.2731299638364508,0.2525565379890298,1.0,144.0
2025/26,2025-12-06,Augsburg,Leverkusen,2,0,114,13,0,0.2701052461493199,0.2515720782498753,0.4783226756008049,0.38076946684632884,0.25393005153311243,0.2536115827054496,0.49245836576143787,0.39956780500690525,0.2724036057874404,0.2794485266267707,0.448147867585789,1.0,144.0
2025/26,2025-12-06,Heidenheim,Freiburg,2,1,115,13,0,0.24745359729289929,0.2609128979392889,0.4916335047678117,0.4040147956188399,0.24110756957898377,0.25763337800130365,0.5012590524197125,0.4135891792915126,0.195042800335178,0.26341378197441156,0.5415434176904104,1.0,144.0
2025/26,2025-12-07,Hamburg,Werder Bremen,3,2,116,13,0,0.3953899733593076,0.27138868076219225,0.33322134587850016,0.23829487483176892,0.37904644407164345,0.2697631566465147,0.35119039928184226,0.2544590075839051,0.3972346602371697,0.27727205629090196,0.32549328347192835,1.0,144.0
2025/26,2025-12-07,Dortmund,Hoffenheim,2,0,117,13,0,0.5203258256199005,0.24713451881900433,0.2325396555610956,0.14208100248785147,0.5633534665888276,0.233508193307106,0.2031383401040664,0.11596269018011474,0.5896328293736501,0.21382289416846653,0.19654427645788336,1.0,144.0
2025/26,2025-12-12,Union Berlin,RB Leipzig,3,1,118,14,0,0.3121139633536779,0.2710441794220212,0.41684185722430134,0.3234721666735948,0.3105734091072922,0.2696965988543673,0.41972999203834044,0.32574114522322317,0.3107511432397858,0.27710856932778627,0.41214028743242787,1.0,144.0
2025/26,2025-12-13,Leverkusen,FC Koln,2,0,119,14,0,0.6182570994295337,0.20316184606198465,0.1785810545084813,0.08880941758265715,0.6121718675065259,0.20884435820989383,0.1789837742835804,0.09122292590508568,0.5360068849978715,0.225621502754918,0.23837161224721062,1.0,144.0
2025/26,2025-12-13,St Pauli,Heidenheim,2,1,120,14,0,0.452691660687471,0.2865771918735118,0.2607311474390174,0.1837635747629524,0.4534672626307739,0.2916548292993151,0.25487790806991084,0.18183039051919675,0.5166958585230803,0.2744034502890935,0.208900691187826,1.0,144.0
2025/26,2025-12-13,M'gladbach,Wolfsburg,1,3,121,14,2,0.49979582619601914,0.24361992061441837,0.2565842531895626,0.401231420244341,0.4826318268069209,0.2445428841343342,0.272825289058745,0.3808582702397418,0.4748852142092726,0.25618807608658123,0.26892670970414606,1.0,144.0
2025/26,2025-12-13,Ein Frankfurt,Augsburg,1,0,122,14,0,0.5900542595598863,0.22191269818416276,0.18803304225595116,0.10170596754251063,0.5968967198083265,0.22080436158276032,0.18229891860891315,0.09786257511363301,0.5193655220498519,0.2542443785950846,0.22639009935506366,1.0,144.0
2025/26,2025-12-13,Hoffenheim,Hamburg,4,1,123,14,0,0.5434769066376012,0.23737679756787433,0.2191462957945245,0.12821921686681736,0.5210110890128798,0.24808843611277642,0.23090047487434376,0.1413727030729124,0.5614877024595082,0.23215356928614278,0.20635872825434917,1.0,144.0
2025/26,2025-12-14,Bayern Munich,Mainz,2,2,124,14,1,0.8081825192218091,0.11121080774516566,0.08060667303302557,0.3298282100565814,0.7980992781598757,0.11721059243259685,0.08469012940752726,0.3220674379091892,0.8922282225874618,0.06762150739610237,0.040150270016435785,1.0,144.0
2025/26,2025-12-14,Werder Bremen,Stuttgart,0,4,125,14,2,0.3714643089341125,0.25565230480047385,0.37288338626541395,0.265630490016916,0.3681800754307288,0.25700326758953357,0.37481665697973765,0.2632053901670841,0.3353828954723309,0.25936277249860257,0.4052543320290665,1.0,144.0
2025/26,2025-12-14,Freiburg,Dortmund,1,1,126,14,1,0.4012927723776846,0.2796440333216388,0.31906319430067703,0.13141860555995974,0.3890940174338571,0.2780961377814365,0.3328098447847066,0.13107827359421953,0.24597506809063288,0.2706410916317549,0.48338384027761205,1.0,144.0
2025/26,2025-12-19,Dortmund,M'gladbach,2,0,127,15,0,0.5453188168767152,0.2475063363606245,0.20717484676266026,0.12482819770876089,0.5806826994301877,0.23002013899241366,0.1892971615773987,0.10583020696920704,0.6364504491759213,0.20495861922614417,0.1585909315979345,1.0,144.0
2025/26,2025-12-20,RB Leipzig,Leverkusen,1,3,128,15,2,0.45240407013865475,0.2626490242025656,0.28494690565877956,0.35798518520248745,0.42027596408311296,0.2687443318041806,0.31097970411270653,0.3256904270653018,0.46042657956834127,0.2478316537982653,0.2917417666333934,1.0,144.0
2025/26,2025-12-20,Stuttgart,Hoffenheim,0,0,129,15,1,0.4557409682955635,0.25065858066125113,0.2936004510431853,0.14695052751786983,0.49162068412158555,0.24909924972939,0.2592800661490244,0.15445852487920914,0.4858734039663135,0.24789459386036405,0.2662320021733225,1.0,144.0
2025/26,2025-12-20,Wolfsburg,Freiburg,3,4,130,15,2,0.40408066224916583,0.25659381552540184,0.3393255222254324,0.29988597359321106,0.40485936769587616,0.2582129094300974,0.33692772287402667,0.3017879761520643,0.39239698553543223,0.2788379725294761,0.3287650419350918,1.0,144.0
2025/26,2025-12-20,FC Koln,Union Berlin,0,1,131,15,2,0.35874856791967513,0.28322171770301796,0.3580297143773072,0.27041319130345,0.3834067895606416,0.2828276970726325,0.33376551336672583,0.29543457873035023,0.3619006342412904,0.29771030767861495,0.3403890580800948,1.0,144.0
2025/26,2025-12-20,Augsburg,Werder Bremen,0,0,132,15,1,0.47299303705454754,0.2587583950497219,0.26824856789573054,0.14783985364009744,0.4218292986903713,0.2734404842291652,0.30473021708046355,0.13540023121775846,0.4175239076008075,0.27558943476200604,0.30688665763718653,1.0,144.0
2025/26,2025-12-20,Hamburg,Ein Frankfurt,1,1,133,15,1,0.33534364705771447,0.26208435467020147,0.4025719982720842,0.13725978770737393,0.3440255489610595,0.26113355160953355,0.39484089942940714,0.1371264571000907,0.3862597867621516,0.28378270047831544,0.3299575127595329,1.0,144.0
2025/26,2025-12-21,Mainz,St Pauli,0,0,134,15,1,0.47496733394286644,0.2676906948864745,0.25734197117065916,0.14590942921939737,0.47431313825289406,0.27165063641866877,0.25403622532843734,0.14475367844921475,0.47689092846021464,0.2869786118167663,0.2361304597230189,1.0,144.0
2025/26,2025-12-21,Heidenheim,Bayern Munich,0,4,135,15,2,0.12348675811907894,0.1363563733484983,0.7401568685324229,0.04138371620081826,0.12655039964004147,0.13988675730899117,0.7335628430509673,0.043501881126068835,0.060514372163388806,0.10438729198184568,0.8350983358547655,1.0,144.0
2025/26,2026-01-09,Ein Frankfurt,Dortmund,3,3,136,16,1,0.3301337811289828,0.29700258173249267,0.37286363713852483,0.1240078026713442,0.32765402550374556,0.29289921381808004,0.37944676067817446,0.12566850230898446,0.27684298991847545,0.2626267282740132,0.46053028180751127,1.0,144.0
2025/26,2026-01-10,Freiburg,Hamburg,2,1,137,16,0,0.5486980307693093,0.2453005802923352,0.20600138893835546,0.12305501983801541,0.5568999993696607,0.23981172975264126,0.2032882708776982,0.11883186581752547,0.5351294609499551,0.26391943441946014,0.20095110463058474,1.0,144.0
2025/26,2026-01-10,Heidenheim,FC Koln,2,2,138,16,1,0.3508215890825498,0.25710120610601583,0.39207720481143427,0.13840016094957644,0.34617684887264355,0.2584114177427561,0.3954117333846005,0.13809442479680367,0.3468323321628706,0.2768746742550189,0.3762929935821106,1.0,144.0
2025/26,2026-01-10,Union Berlin,Mainz,2,2,139,16,1,0.5530857522718959,0.2464999648246304,0.2004142829034733,0.1730348670789413,0.503695083063518,0.26322752030376867,0.2330773966327133,0.15401690476172372,0.45905632194007556,0.2958052895176171,0.24513838854230738,1.0,144.0
2025/26,2026-01-10,Leverkusen,Stuttgart,1,4,140,16,2,0.5274395144486288,0.24438064542948076,0.22817984012189046,0.43694940029803797,0.4963541731844394,0.25338099583359147,0.25026483098196883,0.40423514445005193,0.4359718208224151,0.2592579094490628,0.30477026972852217,1.0,144.0
2025/26,2026-01-11,M'gladbach,Augsburg,4,0,141,16,0,0.4955133501155501,0.26733195275373084,0.23715469713071882,0.1553745651413993,0.4778239890969592,0.2668146322959068,0.25536137860713415,0.16893861002337432,0.49644341150785276,0.2609338685822945,0.2426227199098528,1.0,144.0
2025/26,2026-01-11,Bayern Munich,Wolfsburg,8,1,142,16,0,0.7831604368143901,0.12087998096992363,0.095959582215686,0.028113818790767596,0.7849254309880939,0.12136808571515943,0.09370648329674673,0.027518987623750317,0.8604363935776039,0.08839028406751749,0.051173322354878543,1.0,144.0
2025/26,2026-01-13,Dortmund,Werder Bremen,3,0,143,17,0,0.638386085792099,0.21077950464359058,0.15083440956431052,0.07675782102868665,0.6424353248625531,0.20823085932925,0.14933381580819674,0.07507654272499223,0.7080050086639769,0.17072461201826394,0.12127037931775926,1.0,144.0
2025/26,2026-01-13,Mainz,Heidenheim,2,1,144,17,0,0.496790553564747,0.2364585193150867,0.2667509271201667,0.162187902050571,0.5105940251574437,0.23035860622384752,0.25904736861870886,0.15331187369993504,0.5770176008766864,0.2502907515491081,0.17269164757420544,1.0,144.0
2025/26,2026-01-13,Stuttgart,Ein Frankfurt,3,2,145,17,0,0.5189349538805621,0.2403061258973734,0.2407589202220646,0.14469421813219566,0.5413816525241147,0.23077042230863215,0.2278479251672533,0.13112273282226702,0.5326929869253058,0.24044247040768166,0.2268645426670126,1.0,144.0
2025/26,2026-01-14,Hoffenheim,M'gladbach,5,1,146,17,0,0.5134863486544381,0.24494164207264263,0.24157200927291922,0.1475262843048732,0.5218762658292561,0.23910662597640056,0.23901710819434366,0.14286574159348134,0.5225806451612902,0.23870967741935487,0.23870967741935487,1.0,144.0
2025/26,2026-01-14,RB Leipzig,Freiburg,2,0,147,17,0,0.46738778836822714,0.258730492985672,0.2738817186461007,0.1793434818939152,0.45498082485928293,0.2556084376036544,0.2894107375370629,0.1904022381364071,0.560239211625499,0.2316373663451582,0.208123422029343,1.0,144.0
2025/26,2026-01-14,Wolfsburg,St Pauli,2,1,148,17,0,0.5942261015375748,0.22479940851825536,0.18097448994416993,0.09870211134197349,0.5875891725890092,0.2292078094498477,0.18320301796114305,0.10182301817794445,0.5087495084545812,0.2577664176169878,0.233484073928431,1.0,144.0
2025/26,2026-01-14,FC Koln,Bayern Munich,1,3,149,17,2,0.16551168243139033,0.1657608995438061,0.6687274180248037,0.06856782029489132,0.16771024775331017,0.16835748484141624,0.6639322674052734,0.07053412404641862,0.10154326093635525,0.1401058776262614,0.7583508614373832,1.0,144.0
2025/26,2026-01-15,Augsburg,Union Berlin,1,1,150,17,1,0.32279513741424776,0.2793014662144536,0.39790339637129885,0.1312619067910489,0.33318475972545514,0.28674294508015963,0.3800722951943856,0.1277335168438186,0.36287216139286527,0.3002680185327543,0.3368598200743803,1.0,144.0
2025/26,2026-01-16,Werder Bremen,Ein Frankfurt,3,3,151,18,1,0.34760105590638624,0.27418448708014587,0.3782144570134679,0.1319363347806135,0.3498619381021985,0.2713755651972008,0.3787624967006008,0.13293220231974956,0.3648234903537571,0.2717670638287408,0.3634094458175022,1.0,144.0
2025/26,2026-01-17,Wolfsburg,Heidenheim,1,1,152,18,1,0.5602719218848116,0.2234214987995046,0.2163065793156841,0.18034658135387632,0.582425338106346,0.2156132721451233,0.20196138974853073,0.1900038387087247,0.5655987671001019,0.2355486137299676,0.19885261916993052,1.0,144.0
2025/26,2026-01-17,RB Leipzig,Bayern Munich,1,5,153,18,2,0.3228387311956515,0.2489967517703467,0.428164517034002,0.21561033296948726,0.3062523182462562,0.24617532756710586,0.44757235418663827,0.19948339314504984,0.22856983163895844,0.21748445874191888,0.5539457096191228,1.0,144.0
2025/26,2026-01-17,Hoffenheim,Leverkusen,1,0,154,17,0,0.42774140070348926,0.24108722604351812,0.33117137325299256,0.21857719146553872,0.3950843551464476,0.2472911800260874,0.35762446482746507,0.24690909761585997,0.4070705670317482,0.2534590323027866,0.33947040066546513,1.0,144.0
2025/26,2026-01-17,FC Koln,Mainz,2,1,155,18,0,0.4825072094303435,0.23675410348685813,0.28073868708279814,0.17330649935827186,0.47128649907129766,0.24097532992195406,0.28773817100674803,0.1811656105592968,0.4518767214323854,0.27086558518137227,0.2772576933862424,1.0,144.0
2025/26,2026-01-17,Hamburg,M'gladbach,0,0,156,18,1,0.44622683177875794,0.25120878144307873,0.3025643867781631,0.14533179677287697,0.4558571566816595,0.24498526746566657,0.2991575758526742,0.1486505012439677,0.3899553562344591,0.2755989467815385,0.33444569698400234,1.0,144.0
2025/26,2026-01-17,Dortmund,St Pauli,3,2,157,18,0,0.6863959590766942,0.19875532665912327,0.11484871426418246,0.05576886082578116,0.7045582632590903,0.18806459159056255,0.10737714515034728,0.049407835554561845,0.7238591448077615,0.18451311534315493,0.09162773984908375,1.0,144.0
2025/26,2026-01-18,Stuttgart,Union Berlin,1,1,158,18,1,0.46034142800983124,0.2750676811192832,0.2645908908708857,0.14096128493698978,0.4903091521495162,0.26203918613111077,0.24765166171937314,0.1508672051169721,0.5966219864943619,0.23104478888752253,0.1723332246181155,1.0,144.0
2025/26,2026-01-18,Augsburg,Freiburg,2,2,159,18,1,0.30333898596949266,0.26208331850465955,0.43457769552584763,0.14043615692877826,0.29195394379541695,0.2629154796715291,0.4451305765330538,0.14168916773117327,0.36347865595506085,0.29419053716362736,0.34233080688131184,1.0,144.0
2025/26,2026-01-23,St Pauli,Hamburg,0,0,160,18,1,0.3147904465802075,0.2882915118431775,0.39691804157661487,0.128318478493591,0.34747594264324033,0.2904963784661224,0.3620276788906375,0.12590178549937542,0.3347331964144543,0.3232303374311397,0.342036466154406,1.0,144.0
2025/26,2026-01-24,Heidenheim,RB Leipzig,0,3,161,19,2,0.22379875088178663,0.20681081378748112,0.5693904353307321,0.11775523904045214,0.23966838626123074,0.2101289157067902,0.550202698031979,0.12987927411538674,0.20400411812264796,0.2167249291834135,0.5792709526939386,1.0,144.0
2025/26,2026-01-24,Ein Frankfurt,Hoffenheim,1,3,162,19,2,0.38359842675224387,0.2583818682453028,0.35801970500245306,0.2796432260859668,0.41118272168300407,0.2514940902607705,0.33732318805622535,0.30410589384930375,0.31366283564397257,0.26196979848477037,0.424367365871257,1.0,144.0
2025/26,2026-01-24,Bayern Munich,Augsburg,1,2,163,19,2,0.8257765552707633,0.09684724586031117,0.07737619886892526,0.7665707988242002,0.8264797163268351,0.09784882553638895,0.07567145813677612,0.7687259874013399,0.8414541081793584,0.10101056818444604,0.05753532363619546,1.0,144.0
2025/26,2026-01-24,Leverkusen,Werder Bremen,1,0,164,18,0,0.6615605085548056,0.19158280163055633,0.1468566898146381,0.0680540883564973,0.6264381523348652,0.2088162507389307,0.16474559692620416,0.08334478286878033,0.6102472597501912,0.21310221769054294,0.17665052255926586,1.0,144.0
2025/26,2026-01-24,Mainz,Wolfsburg,3,1,165,19,0,0.41002657222560257,0.2441155145397278,0.3458579132346699,0.2338431708134562,0.42712529766586393,0.23722928911771332,0.33564541321642255,0.22042163399382408,0.41049998187157827,0.2822957833291034,0.3072042347993184,1.0,144.0
2025/26,2026-01-24,Union Berlin,Dortmund,0,3,166,19,2,0.3640396481355672,0.2995900207634305,0.3363703311010021,0.2864646014288305,0.3851662224720726,0.29026148493789355,0.3245722925900337,0.30227780343524446,0.29288074496845895,0.2892760588765395,0.4178431961550015,1.0,144.0
2025/26,2026-01-25,M'gladbach,Stuttgart,0,3,167,19,2,0.3083256860294456,0.24350884956453553,0.44816546440601895,0.19979304166987655,0.2891519036285432,0.2319619571390693,0.4788861392323876,0.17758423962806846,0.32728661976570633,0.26110400690449703,0.41160937332979664,1.0,144.0
2025/26,2026-01-25,Freiburg,FC Koln,2,1,168,19,0,0.5224088345393316,0.2430861995397094,0.23450496592095885,0.14154295018383484,0.5248844384233443,0.23893006295524633,0.2361854986214096,0.14075919330567233,0.4751447394689559,0.26132960670792577,0.26352565382311843,1.0,144.0
2025/26,2026-01-27,St Pauli,RB Leipzig,1,1,169,19,1,0.18791391001581004,0.21863915702815181,0.5934469329560381,0.19374544990617917,0.19496367383004945,0.22474517565872984,0.5802911505112208,0.18737432673747306,0.19836935011477874,0.26319955671653605,0.5384310931686852,1.0,144.0
2025/26,2026-01-27,Werder Bremen,Hoffenheim,0,2,170,19,2,0.2754031251076834,0.2562264457770013,0.4683704291153154,0.17923844097905617,0.2939608569909303,0.2641693885424296,0.44186975446664023,0.19896117821098536,0.2573630112301238,0.2545807084060143,0.48805628036386184,1.0,144.0
2025/26,2026-01-30,FC Koln,Wolfsburg,1,0,171,20,0,0.46347215845850837,0.2453606912907941,0.2911671502506974,0.18632021706714208,0.446950492215216,0.2452465050062452,0.30780300277853867,0.2003032232902385,0.4634280421407755,0.25987815622811444,0.27669380163111007,1.0,144.0
2025/26,2026-01-31,Augsburg,St Pauli,2,1,172,20,0,0.4707899993273013,0.2888521811930837,0.240357819479615,0.1689175530984965,0.46047118051008135,0.3003269748739743,0.23920184461594438,0.17415443476392778,0.4457622647136417,0.3073720191326092,0.24686571615374908,1.0,144.0
2025/26,2026-01-31,Hoffenheim,Union Berlin,3,1,173,20,0,0.4700210747602585,0.2692724390373699,0.26070648620237186,0.17442276657312947,0.46049009367758537,0.2766247214795177,0.2628851848428965,0.18008977971495238,0.5190710410222606,0.2588205466254247,0.2221084123523148,1.0,144.0
2025/26,2026-01-31,Ein Frankfurt,Leverkusen,1,3,174,20,2,0.3259734245263682,0.24612637688573405,0.42790019858789763,0.21677842813660736,0.31765280847284294,0.24587632822992478,0.4364708632972321,0.20923419732182566,0.2781059710987912,0.26111060619830956,0.4607834227028991,1.0,144.0
2025/26,2026-01-31,RB Leipzig,Mainz,1,2,175,20,2,0.6539380952180198,0.1803897785538746,0.16567212622810581,0.5618690166650511,0.6506163103234016,0.18028046715207122,0.16910322252452728,0.5568455190389812,0.6189287152637939,0.208135320177205,0.1729359645590012,1.0,144.0
2025/26,2026-01-31,Werder Bremen,M'gladbach,1,1,176,20,1,0.4102453945617554,0.26731835475884796,0.3224362506793969,0.13613320975565854,0.42200346081701556,0.26823209060639824,0.309764448576586,0.13702046727174746,0.4382871536523929,0.26952141057934503,0.29219143576826195,1.0,144.0
2025/26,2026-01-31,Hamburg,Bayern Munich,2,2,177,20,1,0.17057272427567036,0.18624008645056478,0.643187189273765,0.22139240735635482,0.16155462068424478,0.17590509761342116,0.6625402817023339,0.23252976017131916,0.1040439467684699,0.1578175017481336,0.7381385514833966,1.0,144.0
2025/26,2026-02-01,Stuttgart,Freiburg,1,0,178,20,0,0.5506174741073435,0.22895682312191945,0.22042570277073714,0.1252660725098187,0.5678878162473949,0.2230321433241686,0.20908004042843628,0.11521770132650089,0.5770848613281306,0.22775988473725253,0.19515525393461677,1.0,144.0
2025/26,2026-02-01,Dortmund,Heidenheim,3,2,179,20,0,0.6954455804014261,0.18090685641842308,0.12364756318015066,0.05402105718870679,0.6977151625523166,0.18148633973229247,0.12079849771539106,0.05298420000053385,0.7490887949732787,0.15652601686008807,0.09438518816663312,1.0,144.0
2025/26,2026-02-06,Union Berlin,Ein Frankfurt,1,1,180,21,1,0.47933541744383434,0.2684279420369108,0.2522366405192551,0.14669288261824737,0.46166429993698027,0.27516083056672747,0.2631748694962922,0.1411974688853463,0.43902124113322566,0.2771402525147796,0.2838385063519948,1.0,144.0
2025/26,2026-02-07,Mainz,Augsburg,2,0,181,21,0,0.5626126132507193,0.22535046269401254,0.21203692405526833,0.1181336916250922,0.5443650758866423,0.23070719831561254,0.2249277257977453,0.12909783295216543,0.48526005589325916,0.26369874185796155,0.25104120224877935,1.0,144.0
2025/26,2026-02-07,Freiburg,Werder Bremen,1,0,182,21,0,0.5283062021464314,0.2517881665089805,0.21990563134458752,0.13542676281529253,0.542048460379891,0.24624855663414966,0.2117029829859595,0.12726888282279084,0.4476416333214887,0.2814513263398582,0.27090704033865315,1.0,144.0
2025/26,2026-02-07,Heidenheim,Hamburg,0,2,183,21,2,0.4441179752653437,0.26100306501894194,0.2948789597157142,0.34721822870269076,0.4278617953796138,0.27299656944065404,0.29914163517973263,0.337134081742003,0.32814154552720515,0.2794558562798453,0.39240259819294954,1.0,144.0
2025/26,2026-02-07,St Pauli,Stuttgart,2,1,184,21,0,0.2209438232288135,0.2346471119650394,0.5444090648061474,0.4516548782042209,0.20798010373452117,0.23057098259632547,0.5614489136691533,0.4712601993703262,0.19653299724320228,0.2497063811127159,0.5537606216440817,1.0,144.0
2025/26,2026-02-07,Wolfsburg,Dortmund,1,2,185,21,2,0.23370317054000514,0.21601320877177552,0.5502836206882192,0.12843099687087406,0.23306800565049857,0.22138093945193393,0.5455510548975673,0.13042226948130728,0.21084706667880662,0.2260523839873744,0.5631005493338189,1.0,144.0
2025/26,2026-02-07,M'gladbach,Leverkusen,1,1,186,21,1,0.29474377847182476,0.24886118549499942,0.45639503603317627,0.147585161931786,0.27177475652050925,0.24222371540972562,0.48600152806976515,0.1550295017839644,0.2707514279356131,0.2581410874564201,0.4711074846079668,1.0,144.0
2025/26,2026-02-08,Bayern Munich,Hoffenheim,5,1,187,21,0,0.6874463917133149,0.16774848333597434,0.14480512495071102,0.05932914113250877,0.688470593450486,0.16924792389988808,0.14228148264962598,0.05864729572503409,0.7705476852740659,0.1337223578996245,0.0957299568263096,1.0,144.0
2025/26,2026-02-08,FC Koln,RB Leipzig,1,2,188,21,2,0.31959730686576726,0.2341785510701069,0.4462241420641255,0.20440506969423244,0.33474791142402216,0.23603419938670495,0.4292178891892728,0.21892419111214712,0.28451604559646754,0.24460989894137858,0.47087405546215383,1.0,144.0
2025/26,2026-02-13,Dortmund,Mainz,4,0,189,22,0,0.6369393065774395,0.19598430566626884,0.1670763877562919,0.07986379322708062,0.621395968143087,0.1943643282192135,0.1842397036376998,0.08864264066740887,0.5734551574897812,0.22938206299591252,0.19716277951430636,1.0,144.0
2025/26,2026-02-14,Werder Bremen,Bayern Munich,0,3,190,22,2,0.16160369513517656,0.16196016079233128,0.6764361440724923,0.06540466157201005,0.17063968360413034,0.16767158289137604,0.6616887335044935,0.07178620732915561,0.11951862661481523,0.16154490183957873,0.7189364715456061,1.0,144.0
2025/26,2026-02-14,Stuttgart,FC Koln,3,1,191,22,0,0.662297781762303,0.17778283651947888,0.15991938171821815,0.06980849842589913,0.6548772483061039,0.18386001677093797,0.1612627349229579,0.07255769170579944,0.6326981200831708,0.2001529084764171,0.16714897144041213,1.0,144.0
2025/26,2026-02-14,Hoffenheim,Freiburg,3,0,192,22,0,0.5716694858990236,0.2193860213085899,0.20894449279238647,0.11356241518913723,0.5229342552460086,0.2317017025136568,0.24536404224033476,0.14389761902109863,0.5528070579591938,0.23973775472720138,0.2074551873136047,1.0,144.0
2025/26,2026-02-14,Hamburg,Union Berlin,3,2,193,22,0,0.3294233180351578,0.29655346879975747,0.3740232131650845,0.29478322519065575,0.3139747501265753,0.2995097987568018,0.3865154511166231,0.31001241870789065,0.40256410256410263,0.29871794871794877,0.29871794871794877,1.0,144.0
2025/26,2026-02-14,Leverkusen,St Pauli,4,0,194,22,0,0.6885043284183218,0.18879362892075394,0.12270204266092437,0.05604267234364202,0.6732515798880715,0.19828675568085202,0.12846166443107634,0.06163346463702192,0.6238683285732474,0.2227047697743743,0.1534269016523784,1.0,144.0
2025/26,2026-02-14,Ein Frankfurt,M'gladbach,3,0,195,22,0,0.4918853376928074,0.2649836227585487,0.24313103954864418,0.15864660622177829,0.5060239744307486,0.25530262686571453,0.23867339870353696,0.15048865254294555,0.44416128820192347,0.2713607870282645,0.284477924769812,1.0,144.0
2025/26,2026-02-15,Augsburg,Heidenheim,1,0,196,22,0,0.46763874018563256,0.26203983639811407,0.2703214234162533,0.1782410914544649,0.4313678472225838,0.26727894555232257,0.30135320722509384,0.2070781403385645,0.5022299786697693,0.25382974597634284,0.24394027535388793,1.0,144.0
2025/26,2026-02-15,RB Leipzig,Wolfsburg,2,2,197,22,1,0.667849841967953,0.17837968371185198,0.1537704743201949,0.2348343850946388,0.6701063299190649,0.17610459632117223,0.15378907375976258,0.23634678630274225,0.6233703704622899,0.20199340330430424,0.17463622623340588,1.0,144.0
2025/26,2026-02-20,Mainz,Hamburg,1,1,198,23,1,0.4764477229906521,0.24028034427450679,0.2832719327348411,0.15362271030915475,0.493935364934205,0.2369827119131493,0.2690819231526458,0.1581886130501063,0.45681802616259165,0.2727667054767938,0.2704152683606146,1.0,144.0
2025/26,2026-02-21,RB Leipzig,Dortmund,2,2,199,23,1,0.46392183391783254,0.2463306054647826,0.2897475606173847,0.14958855843470506,0.4514451999226778,0.2438402561870427,0.30471454389027974,0.1483268608957438,0.47593993851974464,0.2416499172381178,0.2824101442421377,1.0,144.0
2025/26,2026-02-21,Union Berlin,Leverkusen,1,0,200,23,0,0.41382474560910276,0.2604343488817996,0.32574090550909757,0.22485428319106,0.4017214907364257,0.27448007946734665,0.3237984297962273,0.23139129889257365,0.3031454677771489,0.28826716261017227,0.408587369612679,1.0,144.0
2025/26,2026-02-21,Wolfsburg,Augsburg,2,3,201,23,2,0.48404093866943315,0.24600820758784944,0.2699508537427172,0.38363369312948653,0.4949588216916397,0.24684098842174937,0.2582001898866107,0.3976255967273182,0.42792292346103766,0.27644578241288276,0.29563129412607964,1.0,144.0
2025/26,2026-02-21,Bayern Munich,Ein Frankfurt,3,2,202,23,0,0.7629839346848668,0.13293047860888646,0.10408558670624678,0.03350521228872554,0.7580440839307168,0.1363004990176512,0.10565541705163188,0.03485286623664017,0.8656552587990014,0.085929014660195,0.04841572654080382,1.0,144.0
2025/26,2026-02-21,FC Koln,Hoffenheim,2,2,203,23,1,0.33448902780566053,0.23623636593895422,0.4292746062553855,0.148079798649046,0.34188060796190456,0.23320164254615114,0.42491774949194405,0.1487187219668501,0.27411180705356447,0.25342412350235205,0.47246406944408353,1.0,144.0
2025/26,2026-02-22,St Pauli,Werder Bremen,2,1,204,23,0,0.3579887681419709,0.3125099733418575,0.32950125851617157,0.26037475059780246,0.34617466928102886,0.31407224891348945,0.33975308180548175,0.2714598598430472,0.35425993999908206,0.30186136366481264,0.34387869633610524,1.0,144.0
2025/26,2026-02-22,Heidenheim,Stuttgart,3,3,205,23,1,0.26521263570391873,0.22110447979381329,0.5136828845022681,0.16710392398379492,0.25995363316861514,0.22283377931396564,0.5172125875174194,0.16754237604201344,0.21292053676071993,0.22354127612408126,0.5635381871151989,1.0,144.0
2025/26,2026-02-22,Freiburg,M'gladbach,2,1,206,23,0,0.4141594810078146,0.28219504777795834,0.30364547121422697,0.21770484294097156,0.46722473728602426,0.2674357469058094,0.2653395158081662,0.177127269604629,0.4561657841327006,0.28134775907585724,0.2624864567914422,1.0,144.0
2025/26,2026-02-27,Augsburg,FC Koln,2,0,207,24,0,0.44642745357970365,0.25507662434224926,0.2984959220780474,0.19777118982373734,0.44457798212110305,0.2562280440323289,0.29919397384656826,0.19900532596538328,0.43367037771942535,0.2763209486353861,0.2900086736451885,1.0,144.0
2025/26,2026-02-28,Werder Bremen,Heidenheim,2,0,208,24,0,0.48375706904580545,0.26446455990196666,0.25177837105222806,0.1649495559449453,0.5032343791074259,0.2618182053626077,0.23494741552996667,0.1509881850824977,0.5875512823032879,0.22329739945018068,0.18915131824653134,1.0,144.0
2025/26,2026-02-28,Dortmund,Bayern Munich,2,3,209,24,2,0.28363608472139556,0.20302474670942375,0.5133391685691807,0.1586440967025095,0.3002619557401783,0.2085757441286344,0.49116230013118745,0.17453652343635032,0.22310744820055453,0.21444802669505356,0.5624445251043919,1.0,144.0
2025/26,2026-02-28,M'gladbach,Union Berlin,1,0,210,24,0,0.28005252478253906,0.2867837385870679,0.43316373663039304,0.3529775949018006,0.29186958630735427,0.27946082616101514,0.4286695875316304,0.34260314903552797,0.4004150481562284,0.28829883467248446,0.3112861171712872,1.0,144.0
2025/26,2026-02-28,Hoffenheim,St Pauli,0,1,211,24,2,0.6621173301548002,0.19941056781559516,0.13847210202960475,0.5903148389363044,0.6867138880914286,0.18919780906069672,0.12408830284787495,0.6193986326527818,0.6224093562712679,0.22377098284990818,0.15381966087882395,1.0,144.0
2025/26,2026-02-28,Leverkusen,Mainz,1,1,212,24,1,0.598273449135747,0.2096672133347786,0.19205933752947418,0.1974089545365219,0.613575745193712,0.20291365189518973,0.1835106029110984,0.2050756682354069,0.5583906515790252,0.2345240736631906,0.2070852747577842,1.0,144.0
2025/26,2026-03-01,Ein Frankfurt,Freiburg,2,0,213,24,0,0.44228058454444913,0.28086556941267077,0.27685384604287994,0.1938494992224081,0.44952947268631277,0.27338617071939003,0.2770843565942971,0.18989677105514224,0.4221246581258097,0.2716280408809558,0.3062473009932345,1.0,144.0
2025/26,2026-03-01,Hamburg,RB Leipzig,1,2,214,24,2,0.2883509867139804,0.24280699453469692,0.4688420187513229,0.18263754629154816,0.2990735895940878,0.25373305085155873,0.4471933595543536,0.1975200968567476,0.25244618395303325,0.24266144814090015,0.5048923679060665,1.0,144.0
2025/26,2026-03-01,Stuttgart,Wolfsburg,4,0,215,24,0,0.6511669712173992,0.1824984601628308,0.16633456861977006,0.0746758353437839,0.6533147160617706,0.1809951590851127,0.1656901248531165,0.07382195178658606,0.6844788936041284,0.1736548304143807,0.14186627598149104,1.0,144.0
2025/26,2026-03-04,Hamburg,Leverkusen,0,1,216,24,2,0.28882382808340334,0.2771206285993172,0.43405554331727947,0.20185616585932553,0.27814585720955354,0.27337903911467515,0.4484751036757712,0.1907724145741443,0.26510003670051274,0.2585273085178554,0.47637265478163193,1.0,144.0
2025/26,2026-03-06,Bayern Munich,M'gladbach,4,1,217,25,0,0.7577571578326658,0.13443500650745804,0.10780783565987646,0.03515206200548742,0.7588316745691578,0.13232178515608534,0.10884654027475688,0.03500486526045045,0.7783720052332466,0.13302685400172717,0.08860114076502618,1.0,144.0
2025/26,2026-03-07,RB Leipzig,Augsburg,2,1,218,25,0,0.677921159320022,0.17711642399673916,0.14496241668323898,0.06237444093220182,0.6661224972083896,0.18196432601606918,0.15191317677554134,0.06727590007419934,0.7043744709262815,0.17284465799482554,0.1227808710788931,1.0,144.0
2025/26,2026-03-07,FC Koln,Dortmund,1,2,219,25,2,0.3006751408293469,0.24429268123900397,0.4550321779316492,0.1936977337013346,0.297556329889682,0.24806036320044372,0.45438330690987483,0.19311867261801086,0.23257551250454392,0.23788815111505382,0.5295363363804023,1.0,144.0
2025/26,2026-03-07,Freiburg,Leverkusen,3,3,220,25,1,0.30027388306443764,0.2640182885445997,0.4357078283909628,0.14000285828588208,0.3053961840433423,0.2750156098151643,0.41958820614149317,0.13466054598063568,0.3196099411507222,0.27882885073683183,0.40156120811244594,1.0,144.0
2025/26,2026-03-07,Heidenheim,Hoffenheim,2,4,221,25,2,0.28961905707811436,0.2164404259772761,0.49394051694460933,0.16998769930655255,0.28255139020069603,0.21334562724113473,0.5041029825581692,0.1628745700060247,0.17262150445643498,0.2054838039919051,0.6218946915516599,1.0,144.0
2025/26,2026-03-07,Mainz,Stuttgart,2,2,222,25,1,0.39024567984976943,0.2318538202809273,0.3779004998693033,0.147550239221439,0.38414194559082654,0.22859772723334051,0.3872603271758329,0.14876779768331932,0.27027672895856236,0.24876929694594466,0.48095397409549306,1.0,144.0
2025/26,2026-03-07,Wolfsburg,Hamburg,1,2,223,25,2,0.46583228176393926,0.2539288204183225,0.2802388978177385,0.36752787947401117,0.45207158799216174,0.2593811085011095,0.28854730350672864,0.3552668300086508,0.3668807026625092,0.2786986940106895,0.35442060332680136,1.0,144.0
2025/26,2026-03-08,St Pauli,Ein Frankfurt,0,0,224,25,1,0.25662516405110436,0.2859289227362124,0.4574459132126833,0.13755661916962098,0.2607114369937039,0.2835880890912351,0.455700473915061,0.13781668765286662,0.3701787626657879,0.2866628223082626,0.3431584150259494,1.0,144.0
2025/26,2026-03-08,Union Berlin,Werder Bremen,1,4,225,25,2,0.4426916648328832,0.3061396839393283,0.2511686512277884,0.37836214950825964,0.44341276074765035,0.29915217033318947,0.2574350689191602,0.3740087766324727,0.3960571274059143,0.29517465155723804,0.3087682210368477,1.0,144.0
2025/26,2026-03-13,M'gladbach,St Pauli,2,0,226,26,0,0.5447186714893926,0.2725702558028493,0.1827110727077582,0.12033221209020166,0.5463490984404374,0.2728310941726978,0.1808198073868647,0.1192474716146134,0.4909610506373823,0.28416230506587886,0.22487664429673868,1.0,144.0
2025/26,2026-03-14,Hamburg,FC Koln,1,1,227,26,1,0.5062939057333069,0.2556142100512969,0.23809188421539587,0.15651063215596211,0.48709932903966713,0.2673270317220559,0.24557363923827663,0.14878608431981266,0.40323000781453505,0.2719458192237562,0.32482417296170873,1.0,144.0
2025/26,2026-03-14,Leverkusen,Bayern Munich,1,1,228,26,1,0.35836622448926164,0.21751692560049948,0.42411684991023874,0.154150726616236,0.3610639817417701,0.22139388116662265,0.41754213709160676,0.15235431757912393,0.19085049186766412,0.2006586541906276,0.6084908539417083,1.0,144.0
2025/26,2026-03-14,Ein Frankfurt,Heidenheim,1,0,229,26,0,0.6014947332211537,0.21797628200158006,0.18052898477726642,0.09569858099759497,0.6077995041983173,0.20802773019339396,0.18417276560828885,0.09387041824944571,0.5829338611816343,0.22031068462498388,0.19675545419338183,1.0,144.0
2025/26,2026-03-14,Hoffenheim,Wolfsburg,1,1,230,26,1,0.626968778158407,0.19047131904121434,0.1825599028003788,0.21320898344796474,0.6132118599345997,0.1943988501791268,0.19238928988627374,0.20652121201369783,0.6657929389807662,0.188886930374825,0.1453201306444087,1.0,144.0
2025/26,2026-03-14,Dortmund,Augsburg,2,0,231,26,0,0.5981016848319168,0.2266203331716334,0.17527798199644973,0.09612231335384583,0.6108561800106741,0.22131037274251664,0.16783344724680938,0.08980048932531619,0.6133398451126769,0.20993511477011093,0.17672504011721202,1.0,144.0
2025/26,2026-03-15,Werder Bremen,Mainz,0,2,232,26,2,0.4294811201870505,0.2556177022600799,0.31490117755286934,0.3269072145577842,0.4331825214173836,0.25109547915109787,0.3157219994315189,0.32794173946176036,0.4192169001499825,0.26984076331493123,0.3109423365350864,1.0,144.0
2025/26,2026-03-15,Freiburg,Union Berlin,0,1,233,26,2,0.4314796797246609,0.2772660648844558,0.2912542553908832,0.34424762225841365,0.41777435274399827,0.28449846075431406,0.2977271865016872,0.333861257194751,0.49662450863100327,0.2651469834216373,0.2382285079473594,1.0,144.0
2025/26,2026-03-15,Stuttgart,RB Leipzig,1,0,234,26,0,0.4276745177987311,0.22500032314373464,0.34732515905753436,0.2240956118456282,0.4388508705996289,0.2193318293734625,0.3418173000269086,0.21586370601224003,0.390824590538105,0.23989233178809513,0.3692830776737999,1.0,144.0
2025/26,2026-03-20,RB Leipzig,Hoffenheim,5,0,235,27,0,0.4979744449460823,0.2255704039577135,0.2764551510962044,0.16422855424740962,0.4865692712803644,0.22588643655807256,0.28754429216156296,0.17314641657413515,0.4930695202528009,0.23538494685435218,0.2715455328928469,1.0,144.0
2025/26,2026-03-21,Heidenheim,Leverkusen,3,3,236,27,1,0.21042178540833384,0.2024197101934882,0.5871585043981777,0.19451621853076803,0.2053690974309205,0.19502818567084174,0.599602716898238,0.2008499421456696,0.1785639168329631,0.2046857125268682,0.6167503706401687,1.0,144.0
2025/26,2026-03-21,FC Koln,M'gladbach,3,3,237,27,1,0.4081636700446473,0.27477248932986853,0.3170638406254842,0.13356353028824908,0.3987889165863402,0.27242795384665386,0.3287831295670058,0.13356547313999081,0.40796503156872277,0.2792617775619233,0.31277319086935407,1.0,144.0
2025/26,2026-03-21,Bayern Munich,Union Berlin,4,0,238,27,0,0.673122590303498,0.1736128964840344,0.1532645132124676,0.06516942599007475,0.6849158686348698,0.17221186832920846,0.14287226303592185,0.059845246691562146,0.8301656274712479,0.10819921096222723,0.061635161566524974,1.0,144.0
2025/26,2026-03-21,Wolfsburg,Werder Bremen,0,1,239,27,2,0.37965504051363214,0.2729342561240653,0.34741070336230245,0.28500536993674613,0.3650482116643481,0.26714954188800005,0.36780224644765147,0.26646709821798714,0.4017120048731225,0.26257153391148225,0.33571646121539517,1.0,144.0
2025/26,2026-03-21,Dortmund,Hamburg,3,2,240,27,0,0.6654350949727031,0.19608264306615172,0.1384822619611457,0.06555550627689968,0.6583204523606249,0.19307318993408942,0.14860635770528588,0.06941438141273967,0.6668340457066264,0.19670209298040653,0.1364638613129671,1.0,144.0
2025/26,2026-03-22,Mainz,Ein Frankfurt,2,1,241,27,0,0.4862593893073339,0.263995880102592,0.24974473059007402,0.1631509227661911,0.49112877622116247,0.25881368501591595,0.2500575387629214,0.16073934754117086,0.436941433453512,0.26764218858263555,0.29541637796385245,1.0,144.0
2025/26,2026-03-22,St Pauli,Freiburg,1,2,242,27,2,0.30882048107604204,0.3077331409360799,0.38344637798787806,0.2377542291741523,0.32402813761653326,0.3133771443265795,0.36259471805688753,0.25563986370810904,0.3525264394829612,0.3125734430082256,0.33490011750881316,1.0,144.0
2025/26,2026-03-22,Augsburg,Stuttgart,2,5,243,27,2,0.3198179039853641,0.24860060152844055,0.4315814944861953,0.2126915445600694,0.3150412088778179,0.24586283361970993,0.4390959575024723,0.20693215409063268,0.27819995738747866,0.2506775017101077,0.47112254090241357,1.0,144.0
2025/26,2026-04-04,Leverkusen,Wolfsburg,6,3,244,28,0,0.6463854688377845,0.19434939028778359,0.15926514087443214,0.07520431087341306,0.6897770900481761,0.17352280725254787,0.13670010269927602,0.05746258596848502,0.6608486307553415,0.19229611796569362,0.1468552512789648,1.0,144.0
2025/26,2026-04-04,Freiburg,Bayern Munich,2,3,245,28,2,0.21545180312552206,0.18903956698479635,0.5955086298896819,0.10501637398188067,0.20672617394882578,0.18735861429941386,0.6059152117517607,0.09901926566209004,0.17247700930103785,0.20315621702920508,0.624366773669757,1.0,144.0
2025/26,2026-04-04,Hoffenheim,Mainz,1,2,246,28,2,0.5106582032138238,0.22257938112523404,0.2667624156609421,0.39920457779847396,0.5214616987866757,0.2243717548085267,0.2541665464047976,0.4140949219016163,0.5535609090627229,0.23824140390041237,0.20819768703686484,1.0,144.0
2025/26,2026-04-04,Hamburg,Augsburg,1,1,247,28,1,0.42438191480632237,0.25055860629306553,0.32505947890061193,0.14288183721890904,0.4128957856108154,0.2575961758779602,0.32950803851122423,0.13952923860934346,0.3958544911718282,0.27839025046802157,0.3257552583601503,1.0,144.0
2025/26,2026-04-04,M'gladbach,Heidenheim,2,2,248,28,1,0.5448965725487516,0.24470373004167967,0.21039969740956863,0.1705901537227075,0.5369882773495287,0.24833272518282187,0.21467899746764968,0.1672217409822647,0.5911462595318208,0.22273046271459598,0.1861232777535832,1.0,144.0
2025/26,2026-04-04,Stuttgart,Dortmund,0,2,249,28,2,0.41975758295715826,0.23268735571985572,0.34755506132298597,0.30094041322764403,0.41360771375321526,0.23094182836185145,0.3554504578849333,0.29325772655845184,0.4025051780254463,0.24359404280501032,0.3539007791695434,1.0,144.0
2025/26,2026-04-04,Werder Bremen,RB Leipzig,1,2,250,28,2,0.28211666718260514,0.24759451970378743,0.4702888131136076,0.18009187770740578,0.2743428203411027,0.24777901488657023,0.4778781647723271,0.17393759694711186,0.2514424536896447,0.23747342848466446,0.5110841178256909,1.0,144.0
2025/26,2026-04-05,Union Berlin,St Pauli,1,1,251,28,1,0.5048471180400752,0.28668606947168446,0.20846681248824062,0.14916451225118837,0.5215999005504863,0.27919066908801426,0.19920943036149927,0.15587542669961515,0.46053670977497907,0.29543864400659037,0.24402464621843045,1.0,144.0
2025/26,2026-04-05,Ein Frankfurt,FC Koln,2,2,252,28,1,0.49392418457091675,0.2846158638819257,0.22145995154715756,0.1465028051216572,0.5012244231392763,0.28069001632248747,0.21808556053823638,0.1493936170332885,0.4940061732826071,0.25367884573971716,0.2523149809776757,1.0,144.0
2025/26,2026-04-10,Augsburg,Hoffenheim,2,2,253,29,1,0.3280578796234034,0.2396337230622278,0.43230839731436893,0.1472562613857608,0.3447314317052044,0.2420185173349863,0.41325005095980955,0.1448076823119025,0.27140379767126677,0.244546130193381,0.4840500721353521,1.0,144.0
2025/26,2026-04-11,Heidenheim,Union Berlin,3,1,254,29,0,0.33038291233744693,0.28848922241521024,0.3811278652473425,0.29682274687883803,0.34780064611527617,0.29110860357178153,0.36109075031294224,0.27787526358460746,0.3427508319791074,0.2770316459064172,0.3802175221144754,1.0,144.0
2025/26,2026-04-11,Dortmund,Leverkusen,0,1,255,29,2,0.5214494928442944,0.23140191469695448,0.24714859245875118,0.41934740771220574,0.5093659934112061,0.23011314595137713,0.26052086063741664,0.40314155639810584,0.45676624264703103,0.2482687229163282,0.29496503443664074,1.0,144.0
2025/26,2026-04-11,RB Leipzig,M'gladbach,1,0,256,29,0,0.6058553447251777,0.2161081936289316,0.17803646164589051,0.09352349547854863,0.6271153840074736,0.20746290142111004,0.16542171457141638,0.08320364024782054,0.6433104976828531,0.19856941366109207,0.1581200886560548,1.0,144.0
2025/26,2026-04-11,Wolfsburg,Ein Frankfurt,1,2,257,29,2,0.3599857934597216,0.2767221730588565,0.36329203348142186,0.26749340306052405,0.37307586596898795,0.27569627034612626,0.3512278636848858,0.2800454433136937,0.38084910088535684,0.2588090575077287,0.3603418416069145,1.0,144.0
2025/26,2026-04-11,St Pauli,Bayern Munich,0,5,258,29,2,0.1333672458041905,0.13548887909325455,0.7311438751025547,0.045035219074132965,0.1336814842112318,0.13848510145129905,0.7278334143374688,0.04597269478605877,0.11413900622507646,0.1696605119656652,0.7162004818092583,1.0,144.0
2025/26,2026-04-12,FC Koln,Werder Bremen,3,1,259,29,0,0.3918498510835611,0.2883227839734993,0.3198273649429398,0.23606807349671555,0.38382071326505357,0.28724867699963763,0.32893060973530885,0.24393612971101475,0.4101197650653649,0.27786220769221465,0.31201802724242045,1.0,144.0
2025/26,2026-04-12,Stuttgart,Hamburg,4,0,260,29,0,0.7339673857388467,0.15041335893753374,0.11561925532361957,0.04207058202610597,0.7532911336650641,0.14032099188208813,0.1063878744528478,0.0360918222794321,0.734943948137306,0.15863882860299355,0.10641722325970042,1.0,144.0
2025/26,2026-04-12,Mainz,Freiburg,0,1,261,29,2,0.4819373126841976,0.23288359256896785,0.28517909474683484,0.3716162499721105,0.4881996211665338,0.23262713488138706,0.279173243952079,0.378965041170858,0.4272921784610508,0.2937633726919724,0.2789444488469767,1.0,144.0
2025/26,2026-04-17,St Pauli,FC Koln,1,1,262,30,1,0.25401564122412323,0.26517396019035566,0.4808103985855214,0.14785129268723507,0.2547074563602659,0.2693431676634444,0.47594937597628995,0.14570184840886813,0.33280206122566947,0.28876978850965784,0.3784281502646726,1.0,144.0
2025/26,2026-04-18,Union Berlin,Wolfsburg,1,2,263,30,2,0.4710782284996621,0.24967949120548313,0.27924228029485476,0.37070319394047024,0.45780073091238793,0.2581755911133914,0.28402367797422085,0.3611018014627395,0.43850250651067124,0.26359420335192035,0.29790329013740835,1.0,144.0
2025/26,2026-04-18,Leverkusen,Augsburg,1,2,264,30,2,0.6495850220441227,0.18462814263014682,0.1657868353257303,0.5589361524899616,0.6508173370142494,0.18143040172127933,0.16775226126447126,0.5580997523943599,0.6802108482839465,0.18051749435227807,0.13927165736377536,1.0,144.0
2025/26,2026-04-18,Hoffenheim,Dortmund,2,1,265,30,0,0.3280833514568868,0.2475126949681795,0.42440395357493393,0.31579534919972196,0.3343460235329274,0.245601003218751,0.42005297324832147,0.30976985836059057,0.42898498913917793,0.2459364204750784,0.32507859038574377,1.0,144.0
2025/26,2026-04-18,Ein Frankfurt,RB Leipzig,1,3,266,30,2,0.32054672508196824,0.25450115262959677,0.424952122288435,0.21671513231067502,0.3357984309547545,0.25309595769157134,0.41110561135367396,0.22977859360540243,0.3238243523435875,0.24141147089881837,0.43476417675759416,1.0,144.0
2025/26,2026-04-18,Werder Bremen,Hamburg,3,1,267,30,0,0.4995865069920931,0.26400888563848113,0.236404607369426,0.15315040118493342,0.5064678743744878,0.26133747735684776,0.23219464826866423,0.14874415685452258,0.5258246585554166,0.24900162402491954,0.22517371741966408,1.0,144.0
2025/26,2026-04-19,Freiburg,Heidenheim,2,1,268,30,0,0.5436905789074313,0.24061427124738674,0.21569514984518193,0.1273713427222853,0.5250397539527631,0.24880197734387977,0.22615826870335684,0.13836739891407582,0.5794237066899233,0.22783165165963004,0.19274464165044675,1.0,144.0
2025/26,2026-04-19,Bayern Munich,Stuttgart,4,2,269,30,0,0.6547417424204537,0.17354915268695742,0.17170910489258925,0.07434364056493924,0.6522907092299182,0.17605999179767395,0.17164929897240785,0.07518261636277619,0.6448136547694931,0.18244727441152325,0.1727390708189835,1.0,144.0
2025/26,2026-04-19,M'gladbach,Mainz,1,1,270,30,1,0.38939448869452425,0.26536924919411714,0.34523626211135816,0.13540807225114634,0.39135886275652215,0.26017543428226714,0.34846570296121065,0.13729505279916454,0.4222626688380112,0.269374461155283,0.30836287000670565,1.0,144.0
2025/26,2026-04-24,RB Leipzig,Union Berlin,3,1,271,31,0,0.6397877903726384,0.2073867765613919,0.15282543306596924,0.07655422447821372,0.6346778669201315,0.20855410322742166,0.1567680298524471,0.07901823805092141,0.6216741698305767,0.2133472719191297,0.1649785582502936,1.0,144.0
2025/26,2026-04-25,Augsburg,Ein Frankfurt,1,1,272,31,1,0.393463150557104,0.2608041047070968,0.34573274473579935,0.1371721908144358,0.4398988323225065,0.25211084963703795,0.30799031804045507,0.14418450934268282,0.39628105655641765,0.2534480470116926,0.35027089643188974,1.0,144.0
2025/26,2026-04-25,FC Koln,Leverkusen,1,2,273,31,2,0.3214840341876972,0.23876973019166844,0.4397462356206345,0.20861813236942317,0.3136371126118666,0.23781039911611856,0.4485524882720149,0.2012312982992475,0.2659296482412061,0.23879396984924622,0.4952763819095478,1.0,144.0
2025/26,2026-04-25,Heidenheim,St Pauli,2,0,274,31,0,0.5474103117335082,0.2536073754839081,0.19898231278258374,0.12221569336273311,0.5681627596491112,0.24706871131663832,0.18476852903425045,0.11031140573767596,0.40719987875957947,0.2767025882372216,0.3160975330031989,1.0,144.0
2025/26,2026-04-25,Mainz,Bayern Munich,3,4,275,31,2,0.21848840557226878,0.17420792285673103,0.6073036715710003,0.10097379486556456,0.23068343375749079,0.18227197568028952,0.5870445905622198,0.1118735083970357,0.25719354036928715,0.22123520178685127,0.5215712578438616,1.0,144.0
2025/26,2026-04-25,Wolfsburg,M'gladbach,0,0,276,31,1,0.3983718799119376,0.2500007287137252,0.3516273913743374,0.14117098853464627,0.4268493058358139,0.25175350448648626,0.32139718967769965,0.1427482417126198,0.4411298807461092,0.2562179033374662,0.30265221591642455,1.0,144.0
2025/26,2026-04-25,Hamburg,Hoffenheim,1,2,277,31,2,0.2805823949689649,0.23274611866321096,0.486671486367824,0.17111632163716964,0.27102483239975717,0.23345269814804712,0.49552246945219564,0.16397601930246364,0.21542106209727935,0.22474216574571929,0.5598367721570014,1.0,144.0
2025/26,2026-04-26,Stuttgart,Werder Bremen,1,1,278,31,1,0.6534123205261995,0.19873625004453097,0.14785142942926954,0.22440385289985554,0.6477031568181382,0.20206732958951887,0.15022951359234288,0.22104414305318681,0.6153420634961666,0.20784887478092737,0.17680906172290609,1.0,144.0
2025/26,2026-04-26,Dortmund,Freiburg,4,0,279,31,0,0.5757546975377463,0.2348843830554601,0.18936091940679314,0.10792081722993763,0.5993108559590903,0.224345125444998,0.17634401859591162,0.09582450152339608,0.6658120468419598,0.19237602173097612,0.14181193142706394,1.0,144.0
2025/26,2026-05-02,Union Berlin,FC Koln,2,2,280,32,1,0.43088497816024285,0.24945694953007344,0.31965807230968324,0.14392157379844794,0.4221670889401377,0.2590816740659383,0.3187512369939244,0.13991370103467343,0.35892355133936865,0.27797936765452586,0.3630970810061055,1.0,144.0
2025/26,2026-05-02,Hoffenheim,Stuttgart,3,3,281,32,1,0.40965631696060384,0.23805468516522038,0.35228899787417545,0.14596291802445888,0.4072256119897579,0.23770272710209628,0.35507166090814546,0.1459542917202511,0.4331496318251285,0.23507618209604966,0.33177418607882186,1.0,144.0
2025/26,2026-05-02,Bayern Munich,Heidenheim,3,3,282,32,1,0.8477270857345004,0.08103577886527842,0.07123713540022121,0.3618579706739692,0.84643293635315,0.08150339927267575,0.07206366437417432,0.36082094373322465,0.7468746636833862,0.1428015290198887,0.1103238072967253,1.0,144.0
2025/26,2026-05-02,Leverkusen,RB Leipzig,4,1,283,32,0,0.4083552579096059,0.2262243916377588,0.3654203504526353,0.24178776668406787,0.41858489526503734,0.22271368893947466,0.3587014157954879,0.2333551148538276,0.44726508088552386,0.23369600476268618,0.31903891435179,1.0,144.0
2025/26,2026-05-02,Werder Bremen,Augsburg,1,3,284,32,2,0.43952809774508766,0.27049490798737263,0.2899769942675397,0.3486588086883864,0.4471976161619229,0.271869739956065,0.28093264388201195,0.3585217852677099,0.48547617830301,0.24527984924733226,0.2692439724496578,1.0,144.0
2025/26,2026-05-02,Ein Frankfurt,Hamburg,1,2,285,32,2,0.5704279395003728,0.2299111877019625,0.1996608727976646,0.48296537634681846,0.593945361061584,0.22280027376168063,0.18325436517673538,0.5099222619647166,0.5635059760956176,0.22486055776892427,0.21163346613545816,1.0,144.0
2025/26,2026-05-03,St Pauli,Mainz,1,2,286,32,2,0.18531135953070907,0.2176348775391144,0.5970537629301766,0.09835298496992503,0.1905465520637471,0.21811883382410024,0.5913346141121527,0.10165769306312274,0.3402314335491329,0.2870050436380722,0.372763522812795,1.0,144.0
2025/26,2026-05-03,M'gladbach,Dortmund,1,0,287,32,0,0.2714423522102696,0.2620694996048118,0.46648814818491835,0.3742037192749497,0.281283138433983,0.2649505290943576,0.4537663324716593,0.3612289057920429,0.25781132830075487,0.24566315052742088,0.4965255211718243,1.0,144.0
2025/26,2026-05-03,Freiburg,Wolfsburg,1,1,288,32,1,0.5100223774988839,0.2452790357288694,0.24469858677224665,0.16000011195897437,0.5152808438389607,0.24283824848764263,0.24188090767339665,0.16201036076214884,0.4565447077943285,0.2607010169856193,0.2827542752200523,1.0,144.0
2025/26,2026-05-08,Dortmund,Ein Frankfurt,3,2,289,33,0,0.6089651608829766,0.23232047308412934,0.15871436603289388,0.08904924769424992,0.6164655282713631,0.22904561869106202,0.15448885303757476,0.08548274835851498,0.5517041480519972,0.22120213483216863,0.22709371711583418,1.0,144.0
2025/26,2026-05-09,Augsburg,M'gladbach,3,1,290,33,0,0.5422019581371086,0.23706759897571314,0.22073044288717805,0.12915048777533378,0.547856418774125,0.2329682321003482,0.21917534912552641,0.12623582585402796,0.48977191887222515,0.2398626577040898,0.270365423423685,1.0,144.0
2025/26,2026-05-09,Wolfsburg,Bayern Munich,0,1,291,33,2,0.20941105760797338,0.17624705022989534,0.6143418921621313,0.09629258359478755,0.19013895203652506,0.1659071904507014,0.6439538575127735,0.08146083833079115,0.17731457944981077,0.18143817432073658,0.6412472462294526,1.0,144.0
2025/26,2026-05-09,Stuttgart,Leverkusen,3,1,292,33,0,0.4327616325267466,0.21887109143800207,0.3483672760352513,0.2215595622729713,0.46053760099995983,0.21683138652027054,0.32263101247976983,0.19755522507429996,0.47151346196170485,0.22774557992810504,0.30074095811018997,1.0,144.0
2025/26,2026-05-09,Hoffenheim,Werder Bremen,1,0,293,33,0,0.6197625773270325,0.21499846265056335,0.16523896002240399,0.08594220575513328,0.6115685290927421,0.2175480212337721,0.1708834496734858,0.09004008048174339,0.6341298174637114,0.19271296300745233,0.17315721952883634,1.0,144.0
2025/26,2026-05-09,RB Leipzig,St Pauli,2,1,294,33,0,0.7848357148893877,0.128313933891595,0.08685035121901713,0.026919326547013747,0.772724687374752,0.13687210085101964,0.09040321177422828,0.029913404214000107,0.7395833191219987,0.1562846614450813,0.10413201943292001,1.0,144.0
2025/26,2026-05-10,FC Koln,Heidenheim,1,3,295,33,2,0.5890352902330733,0.21244299284257664,0.19852171692434967,0.4946650056909263,0.6080533198968843,0.2049574303813515,0.1869892497217645,0.5153576599528013,0.46412120580728217,0.23148761376066915,0.3043911804320487,1.0,144.0
2025/26,2026-05-10,Hamburg,Freiburg,3,2,296,33,0,0.3498738454917508,0.2787440751004465,0.37138207940780266,0.28029433284047367,0.3248373058433718,0.2772404731823484,0.3979222209742799,0.30709337876297016,0.3187426592080903,0.26103159277765614,0.4202257480142536,1.0,144.0
2025/26,2026-05-10,Mainz,Union Berlin,1,3,297,33,2,0.6188573830807356,0.21068926967059678,0.1704533472486679,0.5355660548422378,0.6370152754403857,0.20502445513653283,0.15796026942308175,0.5574096845072201,0.5645739145269982,0.21948306747419602,0.21594301799880575,1.0,144.0
2025/26,2026-05-16,Ein Frankfurt,Stuttgart,2,2,298,34,1,0.29543103783472596,0.24591249214450475,0.45865647002076965,0.14882262780400804,0.2949464259795001,0.2477510729284675,0.45730250109203235,0.1480594858515545,0.2678923542644486,0.21987391340572668,0.5122337323298247,1.0,144.0
2025/26,2026-05-16,Bayern Munich,FC Koln,5,1,299,34,0,0.7477686304487247,0.13572246526443518,0.11650890428684026,0.038597494281916056,0.7572512139116159,0.13059918823630717,0.11214959785207695,0.035752252722883335,0.822435011866992,0.10291722431705497,0.07464776381595309,1.0,144.0
2025/26,2026-05-16,Freiburg,RB Leipzig,4,1,300,34,0,0.3101444009612539,0.2389727442651231,0.45088285477362305,0.3395980481269596,0.33276849684422205,0.23417955715884564,0.4330519459969324,0.3163659333676244,0.3816297401628443,0.25031628118208066,0.36805397865507516,1.0,144.0
2025/26,2026-05-16,Heidenheim,Mainz,0,2,301,34,2,0.3161674846426576,0.21232445929675112,0.4715080560605914,0.1896328065770601,0.33536271530190864,0.2199932190337262,0.4446440656643651,0.21044418230823753,0.4852923942341498,0.23063400914098206,0.28407359662486814,1.0,144.0
2025/26,2026-05-16,Leverkusen,Hamburg,1,1,302,34,1,0.7241515087679263,0.15110275262946943,0.1247457386026041,0.2699784534751867,0.7129431156136748,0.15975942787679082,0.12729745650953428,0.2622462642673653,0.7360782190460734,0.15102089469927518,0.11290088625465138,1.0,144.0
2025/26,2026-05-16,St Pauli,Wolfsburg,1,3,303,34,2,0.294446285405017,0.27742537469666884,0.42812833989831395,0.20686790530813537,0.29257048563436855,0.27791526535709427,0.4295142490085372,0.20552574057431178,0.3650938924935035,0.2625394283099351,0.37236667919656136,1.0,144.0
2025/26,2026-05-16,M'gladbach,Hoffenheim,4,0,304,34,0,0.34169051002382056,0.25599830535055773,0.4023111846256218,0.29761283693378426,0.33076765945041736,0.2571512280030431,0.41208111254653934,0.3088413844775331,0.21349334079029958,0.2106017831272256,0.5759048760824749,1.0,144.0
2025/26,2026-05-16,Union Berlin,Augsburg,4,0,305,34,0,0.40892057876192156,0.2519900031559346,0.33908941808214393,0.23217825783321433,0.4148566346401239,0.2537342897293451,0.331409075630531,0.22611236671748225,0.3717382450285299,0.23621847975230628,0.3920432752191639,1.0,144.0
2025/26,2026-05-16,Werder Bremen,Dortmund,0,2,306,34,2,0.24885625927982621,0.25517484985661715,0.4959688908635565,0.15798839838003065,0.25625845427240496,0.2638101878160485,0.4799313579115464,0.1680698939349051,0.2990326015541811,0.23679739006320938,0.4641700083826095,1.0,144.0
