season,Date,HomeTeam,AwayTeam,FTHG,FTAG,season_game,matchday,outcome,p_home_fresh_v2,p_draw_fresh_v2,p_away_fresh_v2,rps_fresh_v2,p_home_carry_v2,p_draw_carry_v2,p_away_carry_v2,rps_carry_v2,p_home_bookmaker,p_draw_bookmaker,p_away_bookmaker,summer_variance_scale,goal_level_prior_matches,goal_level_prior_fade_matches
2015/16,2015-08-14,Bayern Munich,Hamburg,5,0,1,1,0,0.5631444592794002,0.2456738832553716,0.1911816574652283,0.11369659480471977,0.6673095750769972,0.20871892068736497,0.12397150423563796,0.06302592634894748,0.8904040609992958,0.07791920979309669,0.03167672920760755,1.0,144.0,180.0
2015/16,2015-08-15,Werder Bremen,Schalke 04,0,3,2,1,2,0.3663593179347082,0.28247329033257423,0.35116739173271766,0.27760145169425465,0.3950502726773869,0.2716108510452485,0.3333388762773647,0.30025088591280236,0.30434532125419483,0.26202992899425326,0.43362474975155196,1.0,144.0,180.0
2015/16,2015-08-15,Leverkusen,Hoffenheim,2,1,3,1,0,0.47265650914495116,0.27166666102040743,0.2556768298346416,0.1717308993307406,0.4984077266843871,0.2655062225367577,0.2360860507788551,0.15366571601114032,0.6626545903168538,0.2026299160473024,0.1347154936358439,1.0,144.0,180.0
2015/16,2015-08-15,Mainz,Ingolstadt,0,1,4,1,2,0.47865853946103654,0.27037896548729295,0.2509624950516706,0.3950855906090957,0.4797437535502039,0.2714736778552702,0.24878256859452585,0.3972408491589384,0.4970803133894774,0.269765349139744,0.23315433747077868,1.0,144.0,180.0
2015/16,2015-08-15,Darmstadt,Hannover,2,2,5,1,1,0.3668706382135482,0.28248234515707554,0.35064701662937636,0.1287736977271491,0.3959701594946893,0.2928174891578305,0.3112123513474807,0.12682274742073857,0.36308115123291856,0.2988777769295366,0.3380410718375449,1.0,144.0,180.0
2015/16,2015-08-15,Augsburg,Hertha,0,1,6,1,2,0.4247870609344326,0.27949420114615753,0.29571873791940984,0.33822807162757107,0.44601284477503644,0.2805977971671908,0.27338935805777276,0.36344524134400813,0.4605368610593586,0.2859893626986687,0.25347377624197254,1.0,144.0,180.0
2015/16,2015-08-15,Dortmund,M'gladbach,4,0,7,1,0,0.47836679889174133,0.27044306136878116,0.2511901397394776,0.1675988414003937,0.503384112566454,0.2664507454957834,0.23016514193776255,0.14980166610731943,0.6012988870491895,0.23115971365334406,0.16754139929746648,1.0,144.0,180.0
2015/16,2015-08-16,Stuttgart,FC Koln,1,3,8,1,2,0.4585438855732918,0.27461330428017094,0.26684281014653743,0.37389098001523935,0.49984277202734967,0.27137800641665066,0.22877922155599956,0.4223121429258775,0.4732374036741493,0.26692136937479266,0.2598412269510581,1.0,144.0,180.0
2015/16,2015-08-16,Wolfsburg,Ein Frankfurt,2,1,9,1,0,0.5121571656135199,0.2622746830670539,0.22556815131942612,0.14443581097594912,0.5692659248172979,0.2398592036202409,0.19087487156246125,0.11098253005874187,0.6799133523406017,0.1857827755921189,0.13430387206727937,1.0,144.0,180.0
2015/16,2015-08-21,Hertha,Werder Bremen,1,1,10,2,1,0.44490153595948934,0.2793869537426808,0.27571151029783003,0.13697710680491154,0.43733899029006645,0.279008627137492,0.283652382572442,0.1358620332834788,0.4666445815561721,0.27682305685535635,0.2565323615884716,1.0,144.0,180.0
2015/16,2015-08-22,Schalke 04,Darmstadt,1,1,11,2,1,0.5813016648385684,0.23840605319810443,0.18029228196332728,0.18520846623981757,0.5557416307953555,0.2422352890107099,0.20202308019393442,0.17483104256506307,0.6549657534246575,0.21404109589041095,0.1309931506849315,1.0,144.0,180.0
2015/16,2015-08-22,Hannover,Leverkusen,0,1,12,2,2,0.3313462042466889,0.2742940564104476,0.3943597393428633,0.23829521619876637,0.2990236295324293,0.287862392124385,0.41311397834318553,0.21692516671745515,0.21058058731226184,0.2543375924680565,0.5350818202196818,1.0,144.0,180.0
2015/16,2015-08-22,Hamburg,Stuttgart,3,2,13,2,0,0.3868987182022934,0.27791215577821665,0.3351891260194901,0.2441224659718502,0.30743012395270913,0.28029046475764524,0.4122794112896457,0.3248136730907483,0.3416273421624797,0.2738744335213175,0.38449822431620273,1.0,144.0,180.0
2015/16,2015-08-22,Hoffenheim,Bayern Munich,1,2,14,2,2,0.26628775930269233,0.26677906149081954,0.4669331792064882,0.17753470309267533,0.23465623167584462,0.26005643777900617,0.505287330545149,0.14990208619172607,0.06709476954945624,0.13758674262040393,0.7953184878301398,1.0,144.0,180.0
2015/16,2015-08-22,Ein Frankfurt,Augsburg,1,1,15,2,1,0.45585090916159937,0.2787830336904475,0.265366057147953,0.13910959783485372,0.431847409425073,0.2816679378580587,0.2864846527168684,0.13428282063472563,0.42660300037122495,0.2787462786516527,0.2946507209771223,1.0,144.0,180.0
2015/16,2015-08-22,FC Koln,Wolfsburg,1,1,16,2,1,0.365086936266021,0.2779583400694247,0.3569547236645542,0.130352572889274,0.3318388104228704,0.28000618083769674,0.38815500873943276,0.13039065345618744,0.28446289591318846,0.26741062422356954,0.4481264798632421,1.0,144.0,180.0
2015/16,2015-08-23,M'gladbach,Mainz,1,2,17,2,2,0.4686332295753694,0.2798531012162248,0.2515136692084056,0.3899244456220523,0.4930639960206109,0.272035318622799,0.23490068535659012,0.4142445327198143,0.5421660505138802,0.257564449194258,0.20026950029186183,1.0,144.0,180.0
2015/16,2015-08-23,Ingolstadt,Dortmund,0,4,18,2,2,0.2826692048452564,0.2873252302657574,0.43000556488898634,0.2023977677126866,0.25299636025486866,0.2825716678708273,0.46443197187430396,0.1754201355263288,0.13738458046816826,0.21636558377696105,0.6462498357548706,1.0,144.0,180.0
2015/16,2015-08-28,Wolfsburg,Schalke 04,3,0,19,3,0,0.4115598810356828,0.2822387998972179,0.3062013190670995,0.22001051070258565,0.47059555654154944,0.26368241927341834,0.26572202418503205,0.17543862944527133,0.45995536821224897,0.26407141086040165,0.2759732209273494,1.0,144.0,180.0
2015/16,2015-08-29,Mainz,Hannover,3,0,20,3,0,0.4957746166736195,0.2695214131788875,0.2347039701474931,0.15466459539681535,0.4947787549978191,0.27793162317431,0.22728962182787113,0.15345453929610514,0.47161554136294637,0.27023700441733567,0.258147454219718,1.0,144.0,180.0
2015/16,2015-08-29,Stuttgart,Ein Frankfurt,1,4,21,3,2,0.43633296734342414,0.27450042670870534,0.2891666059478704,0.3478352862451938,0.4808037957332097,0.2625718150896083,0.256624389177182,0.39188979437882987,0.508341320663994,0.2575062333022331,0.23415244603377283,1.0,144.0,180.0
2015/16,2015-08-29,FC Koln,Hamburg,2,1,22,3,0,0.4222802155437273,0.27520981553728124,0.3025099689189917,0.21263621532378565,0.4808461474081834,0.27832633053981976,0.24082752205199667,0.16375930901931537,0.5420866217292939,0.2568525616047178,0.2010608166659881,1.0,144.0,180.0
2015/16,2015-08-29,Augsburg,Ingolstadt,0,1,23,3,2,0.4929515244768837,0.2781552292367731,0.22889324628634344,0.4188034155534489,0.4887845152446072,0.2808569105693375,0.23035857418605551,0.4156291133359137,0.5328845096729578,0.2686321911776006,0.19848329914944174,1.0,144.0,180.0
2015/16,2015-08-29,Bayern Munich,Leverkusen,3,0,24,3,0,0.4027649965791101,0.28335830286132424,0.3138767005595655,0.22760411623265486,0.4741249329650731,0.2838454945743999,0.2420295724605274,0.1675614500372072,0.7096758727202196,0.18305658025306598,0.10726754702671443,1.0,144.0,180.0
2015/16,2015-08-29,Darmstadt,Hoffenheim,0,0,25,3,1,0.4132800479841242,0.27195237076334033,0.3147675812525358,0.13493951413466576,0.4080829700211216,0.2665373594979121,0.32537967048096644,0.13620182019178095,0.3151160447009115,0.28324014422538574,0.40164381107370273,1.0,144.0,180.0
2015/16,2015-08-30,Werder Bremen,M'gladbach,2,1,26,3,0,0.44548381530097686,0.2789131647048008,0.2756030199942222,0.19172261186154846,0.36529714710853334,0.28038413241788157,0.3543187204735852,0.2641947335733027,0.3476144694147338,0.27535752914313183,0.37702800144213433,1.0,144.0,180.0
2015/16,2015-08-30,Dortmund,Hertha,3,1,27,3,0,0.6541880055023054,0.2119993531074653,0.13381264139022914,0.06874587926715184,0.6708615268739297,0.2034034343392295,0.12573503878684084,0.06207071723524461,0.801719060188922,0.13307445624904557,0.06520648356203232,1.0,144.0,180.0
2015/16,2015-09-11,M'gladbach,Hamburg,0,3,28,4,2,0.4140030158824551,0.2854584401968808,0.30053854392066376,0.3303224128501966,0.5188267833609158,0.2674514825323875,0.21372173410669687,0.4437073712744074,0.560437117778957,0.2445797895544077,0.19498309266663516,1.0,144.0,180.0
2015/16,2015-09-12,Bayern Munich,Augsburg,2,1,29,4,0,0.6766334525065274,0.19304632815993567,0.13032021933353685,0.060774641802494714,0.6822242461198736,0.1942433858322947,0.12353236804783187,0.058120837854793786,0.8605429682355957,0.1011359777101628,0.03832105405424137,1.0,144.0,180.0
2015/16,2015-09-12,Ein Frankfurt,FC Koln,6,2,30,4,0,0.45648323340863123,0.2628783432197488,0.28063842337162015,0.18708420011922247,0.4631754471239916,0.26957628554374646,0.2672482673322619,0.17980111848131122,0.46224721290484216,0.27145819705215113,0.26629459004300693,1.0,144.0,180.0
2015/16,2015-09-12,Hannover,Dortmund,2,4,31,4,2,0.21636104486456556,0.24253029002991913,0.5411086651055153,0.12869667948806432,0.20555322066836135,0.24197576866715761,0.5524710106644809,0.12126716141140356,0.1153505563469757,0.18348284757247912,0.7011665960805452,1.0,144.0,180.0
2015/16,2015-09-12,Hertha,Stuttgart,2,1,32,4,0,0.3477385387951421,0.2732285244503745,0.3790329367544839,0.28455549045891226,0.3432584282365076,0.26919630318581816,0.3875452685776746,0.29075041363966203,0.378514974729675,0.27384183925973693,0.3476431860105881,1.0,144.0,180.0
2015/16,2015-09-12,Ingolstadt,Wolfsburg,0,0,33,4,1,0.297642691007627,0.30832910042928785,0.39402820856308474,0.1219247003268479,0.2891178681977731,0.30390189159874403,0.406980240203483,0.12461102881365477,0.2350275169957915,0.2699902881191324,0.49498219488507605,1.0,144.0,180.0
2015/16,2015-09-12,Leverkusen,Darmstadt,0,1,34,4,2,0.5865255787738376,0.24521602556800262,0.16825839565815975,0.5179031754745618,0.5900411538374232,0.24343003440291147,0.16652881175966508,0.5214113924242765,0.7783757461778065,0.15444936065890333,0.06717489316329014,1.0,144.0,180.0
2015/16,2015-09-13,Schalke 04,Mainz,2,1,35,4,0,0.503588452114884,0.2659615803115896,0.23044996757352668,0.14976580621416807,0.460827197358482,0.2764011905016799,0.26277161213983846,0.17987811562743944,0.5568110200774287,0.24561087602412893,0.19757810389844244,1.0,144.0,180.0
2015/16,2015-09-13,Hoffenheim,Werder Bremen,1,3,36,4,2,0.43012079148992194,0.2740053313360203,0.2958738771740577,0.3403987460589054,0.48471078362577247,0.25507052258871915,0.2602186937855086,0.3911104623937649,0.49234022866961863,0.2551450664199326,0.25251470491044875,1.0,144.0,180.0
2015/16,2015-09-18,Mainz,Hoffenheim,3,1,37,5,0,0.4762627728128927,0.2496113413587105,0.2741258858283969,0.17472284221142143,0.436883579137244,0.26222486175703685,0.300891559105719,0.20381791689317544,0.42426293211662097,0.2655954940892668,0.31014157379411217,1.0,144.0,180.0
2015/16,2015-09-19,Wolfsburg,Hertha,2,0,38,5,0,0.5282108046840538,0.27739915441475377,0.19439004090119258,0.13018626640921765,0.5461460327496382,0.26926778708700044,0.18458618016336154,0.12002774074809665,0.5662501526313648,0.249265334364443,0.1844845130041923,1.0,144.0,180.0
2015/16,2015-09-19,Werder Bremen,Ingolstadt,0,1,39,5,2,0.5423435585346644,0.25660380594264565,0.20105263552268982,0.4662267133446414,0.505390067685485,0.26634469882334916,0.22826523349116568,0.42549683517679193,0.4805725284433501,0.276159988175897,0.2432674833807529,1.0,144.0,180.0
2015/16,2015-09-19,Darmstadt,Bayern Munich,0,3,40,5,2,0.17330999890654666,0.21311367135761447,0.6135763297358388,0.08967980433070616,0.16234105764662818,0.21904223308116927,0.6186167092722026,0.08590391672209474,0.06320363420896702,0.153071301599842,0.783725064191191,1.0,144.0,180.0
2015/16,2015-09-19,FC Koln,M'gladbach,1,0,41,5,0,0.5225101178713193,0.24730289988731705,0.23018698224136355,0.14049131716432364,0.4353552619749764,0.27234664274231557,0.2922980952827077,0.20213092834262325,0.3872476825781859,0.28398163389066966,0.3287706835311444,1.0,144.0,180.0
2015/16,2015-09-19,Hamburg,Ein Frankfurt,0,0,42,5,1,0.41244014495346837,0.27598772347973377,0.311572131566798,0.133592033169158,0.37755686110631037,0.27852190943805955,0.3439212294556299,0.13041549771936095,0.3904661969719682,0.27842902113626145,0.33110478189177034,1.0,144.0,180.0
2015/16,2015-09-20,Stuttgart,Schalke 04,0,1,43,5,2,0.33122795746642725,0.25653390814573657,0.41223813438783613,0.22758798523763635,0.40007778530276045,0.2556073322892344,0.34431488240800534,0.29499260386219495,0.40520791816128604,0.26792436118860985,0.32686772065010405,1.0,144.0,180.0
2015/16,2015-09-20,Augsburg,Hannover,2,0,44,5,0,0.43486538252027823,0.29147414172068326,0.27366047575903846,0.1971335959333074,0.44508452560964235,0.29316549775648765,0.2617499766338699,0.18822211699285363,0.46496097946887854,0.2748088702183008,0.26023015031282065,1.0,144.0,180.0
2015/16,2015-09-20,Dortmund,Leverkusen,3,0,45,5,0,0.5052680132304921,0.2749568252184562,0.2197751615510522,0.1465304301838477,0.5340312380419895,0.25892601323829934,0.2070427487197112,0.12999679345904727,0.5726223057116484,0.23538080354974006,0.19199689073861156,1.0,144.0,180.0
2015/16,2015-09-22,Bayern Munich,Wolfsburg,5,1,46,6,0,0.6191166672754864,0.22443092218627395,0.15645241053823994,0.0847747349552792,0.6483124060958564,0.21043012567996625,0.14125746822417726,0.07181891801759516,0.7768364160899812,0.14609162451841437,0.07707195939160444,1.0,144.0,180.0
2015/16,2015-09-22,Darmstadt,Werder Bremen,2,1,47,6,0,0.3434286203972767,0.2895502265912226,0.3670211530115009,0.2828952516356574,0.32664094280720973,0.28922122155566565,0.3841378356371248,0.300487148335769,0.3211464849220428,0.27905891139949585,0.3997946036784613,1.0,144.0,180.0
2015/16,2015-09-22,Hertha,FC Koln,2,0,48,6,0,0.4669025721430166,0.2765188681097912,0.2565785597471921,0.1750127124548375,0.45340715919132646,0.2802210145759499,0.26637182623272365,0.18485884171692615,0.3939068757034051,0.2802366058575654,0.3258565184390295,1.0,144.0,180.0
2015/16,2015-09-22,Ingolstadt,Hamburg,0,1,49,6,2,0.3113585351069751,0.3265988205191101,0.36204264437391503,0.25196686249069433,0.33240438131068634,0.31518036443558317,0.35241525425373027,0.2649293378189004,0.40636849490938404,0.29321798584778913,0.3004135192428269,1.0,144.0,180.0
2015/16,2015-09-23,Leverkusen,Mainz,1,0,50,6,0,0.5310609167228797,0.2503224707426174,0.21861661253450296,0.13384854355042347,0.5024598152511117,0.2575370947703866,0.2400030899785016,0.15257385931959333,0.646289172765885,0.20945832464907146,0.14425250258504335,1.0,144.0,180.0
2015/16,2015-09-23,M'gladbach,Augsburg,4,2,51,6,0,0.4490082664011504,0.3159300894563221,0.23506164414252737,0.17942293352062696,0.5015691649841137,0.2843014541286151,0.21412938088727163,0.1471423445268998,0.4626602775254328,0.27785829698411263,0.25948142549045444,1.0,144.0,180.0
2015/16,2015-09-23,Hannover,Stuttgart,1,3,52,6,2,0.29037985854383674,0.25909859009132735,0.45052155136483607,0.19312351388122262,0.2594160796296067,0.2608857392236598,0.47969818114673296,0.16900534253620592,0.32047096072029285,0.2657564064509746,0.4137726328287325,1.0,144.0,180.0
2015/16,2015-09-23,Hoffenheim,Dortmund,1,1,53,6,1,0.27102322914052673,0.2545044051567155,0.47447236570275786,0.14928880827466495,0.256705387357227,0.24365307407396278,0.4996415385688103,0.15776966148081592,0.11418410638525435,0.17588862348033796,0.7099272701344076,1.0,144.0,180.0
2015/16,2015-09-23,Schalke 04,Ein Frankfurt,2,0,54,6,0,0.43346722669852716,0.26914145436087944,0.2973913189405938,0.20470048990294193,0.4464158069864276,0.25780968452161956,0.29577450849195297,0.19696900931407224,0.4809003059586198,0.2574899275998909,0.2616097664414892,1.0,144.0,180.0
2015/16,2015-09-25,FC Koln,Ingolstadt,1,1,55,7,1,0.5637941850209949,0.2689779231971935,0.16722789178181152,0.17291452542663854,0.5363828616947043,0.26855217107944496,0.1950649672258509,0.16287845787931127,0.4647830453373642,0.28180811082236734,0.2534088438402683,1.0,144.0,180.0
2015/16,2015-09-26,Stuttgart,M'gladbach,1,3,56,7,2,0.4448507984903959,0.2631370235577492,0.2920121779518548,0.34956949454300934,0.44367786650199764,0.26480122306956405,0.29152091042843864,0.3493963347919567,0.4666551485832757,0.2648583275742916,0.2684865238424326,1.0,144.0,180.0
2015/16,2015-09-26,Werder Bremen,Leverkusen,0,3,57,7,2,0.4345310484014171,0.2740769189231815,0.29139203267540115,0.3454712416903671,0.4161957632336826,0.2703279960664851,0.31347624069983204,0.3222668927086511,0.2476226356266889,0.2520785699438786,0.5002987944294326,1.0,144.0,180.0
2015/16,2015-09-26,Wolfsburg,Hannover,1,1,58,7,1,0.6234296920939686,0.2409145476193533,0.13565576028667797,0.20353353314166858,0.6597010561531852,0.21416310330505345,0.12613584054176144,0.22555786687940232,0.6710149309605056,0.2007544670496595,0.12823060198983485,1.0,144.0,180.0
2015/16,2015-09-26,Mainz,Bayern Munich,0,3,59,7,2,0.18862570750464966,0.2309474772783691,0.5804268152169815,0.10581065746029741,0.19537135131975591,0.24403773868137238,0.5605909099988717,0.11562515664606356,0.06772784019975031,0.14029338327091134,0.7919787765293383,1.0,144.0,180.0
2015/16,2015-09-26,Augsburg,Hoffenheim,1,3,60,7,2,0.44420035035708566,0.2566163619773973,0.299183287665517,0.34422900777233556,0.4110795841257399,0.2590210152069642,0.32989940066729617,0.3090106188555202,0.41572819729647587,0.2687996015396391,0.3154722011638852,1.0,144.0,180.0
2015/16,2015-09-26,Hamburg,Schalke 04,0,1,61,7,2,0.41962898104646146,0.27010532096983414,0.3102656979837046,0.325910944555999,0.40992643465368206,0.27251764751413315,0.3175559178321846,0.31688480355687565,0.3500551432233449,0.2670720438761215,0.3828728129005335,1.0,144.0,180.0
2015/16,2015-09-27,Dortmund,Darmstadt,2,2,62,7,1,0.6932150486632332,0.19861170534343128,0.10817324599333561,0.24612427742095175,0.7313377689655516,0.17294550690558838,0.09571672412886027,0.2720083117967354,0.8628224067817828,0.09806755171796934,0.03911004150024781,1.0,144.0,180.0
2015/16,2015-09-27,Ein Frankfurt,Hertha,1,1,63,7,1,0.5200916964623531,0.2656995300008831,0.2142087735367637,0.1581903856946065,0.5845894704541521,0.24363893792877567,0.1717715916170723,0.1856251643262641,0.48751456246047337,0.2662783343873781,0.24620710315214855,1.0,144.0,180.0
2015/16,2015-10-02,Darmstadt,Mainz,2,3,64,8,2,0.36412447654203256,0.2810007905527084,0.3548747329052586,0.274386622330535,0.2978565695339207,0.2833476602933423,0.4187957701727373,0.2132584463918087,0.3120152289948117,0.2848045985592177,0.40318017244597065,1.0,144.0,180.0
2015/16,2015-10-03,M'gladbach,Wolfsburg,2,0,65,8,0,0.35181638139818544,0.2735246412930056,0.37465897730880915,0.28025567635091264,0.377589472559716,0.26700056882394935,0.35540995861633473,0.2568555516760786,0.35046264146693945,0.2764212383401212,0.3731161201929393,1.0,144.0,180.0
2015/16,2015-10-03,Hoffenheim,Stuttgart,2,2,66,8,1,0.4012062490760378,0.2626484773723891,0.3361452735515732,0.13698004961436278,0.45261194383192305,0.25709149992164615,0.29029655624643097,0.14456483113392452,0.39818456883509834,0.2605143721633888,0.3413010590015128,1.0,144.0,180.0
2015/16,2015-10-03,Ingolstadt,Ein Frankfurt,2,0,67,8,0,0.3696822973575207,0.3056336870905735,0.32468401555190574,0.25136005810970163,0.43136042692344556,0.28464316822019214,0.2839964048563622,0.20200246102001246,0.3752386146713936,0.28470139078265616,0.34005999454595043,1.0,144.0,180.0
2015/16,2015-10-03,Hannover,Werder Bremen,1,0,68,8,0,0.364497309805069,0.30445366445629607,0.3310490257386347,0.25672856334374694,0.31605405821196986,0.3002786431309476,0.383667298657083,0.30749132367356924,0.40997032333886463,0.27293288935372884,0.31709678730740665,1.0,144.0,180.0
2015/16,2015-10-03,Hertha,Hamburg,3,0,69,8,0,0.4492862920240776,0.2766939870530814,0.2740197209228412,0.18918619780361057,0.4524813043686906,0.2763718267695911,0.2711468688617188,0.18664867327966211,0.4242563984320959,0.29167627392206597,0.28406732764583814,1.0,144.0,180.0
2015/16,2015-10-04,Bayern Munich,Dortmund,5,1,70,8,0,0.48855817856609957,0.2821546970255978,0.22928712440830262,0.15707266106552709,0.4699055397303492,0.28499628793247916,0.2450981723371714,0.17053662544579715,0.6353630156910387,0.21410482366831501,0.15053216064064612,1.0,144.0,180.0
2015/16,2015-10-04,Leverkusen,Augsburg,1,1,71,8,1,0.5615639964904221,0.23194554967314046,0.2064904538364375,0.17899621483993636,0.5509885293240343,0.2513707775021776,0.19764069317378802,0.17132510152243885,0.6935505226818406,0.18805889172719137,0.11839058559096795,1.0,144.0,180.0
2015/16,2015-10-04,Schalke 04,FC Koln,0,3,72,8,2,0.49222707605700505,0.2647365862554403,0.24303633768755448,0.40764074023254926,0.5884401473655332,0.22906642913142478,0.18249342350304196,0.5072894048236736,0.5597508834267195,0.24550477343277174,0.19474434314050879,1.0,144.0,180.0
2015/16,2015-10-16,Mainz,Dortmund,0,2,73,9,2,0.283640125983123,0.24246710800976878,0.47389276600710795,0.1786202713636867,0.26142591715434504,0.2401616883119721,0.4984123945336828,0.1599668180587121,0.13436006372809348,0.19383961763143923,0.6718003186404673,1.0,144.0,180.0
2015/16,2015-10-17,Werder Bremen,Bayern Munich,0,1,74,9,2,0.18817094965904507,0.23366245595948287,0.5781665943814719,0.1066758641956562,0.17576117450335033,0.22414375932419753,0.6000950661724522,0.09540797328120632,0.05464491784295326,0.11879329965859406,0.8265617824984527,1.0,144.0,180.0
2015/16,2015-10-17,Wolfsburg,Hoffenheim,4,2,75,9,0,0.5304725033730576,0.2532922133323285,0.2162352832946136,0.13360688391513267,0.5303533381910361,0.24775737166474315,0.22188929014422104,0.1349014220145047,0.6123950863276221,0.22068291399193588,0.16692199968044213,1.0,144.0,180.0
2015/16,2015-10-17,Schalke 04,Hertha,2,1,76,9,0,0.45189106843985416,0.26194088246729413,0.28616804909285143,0.19115777658880673,0.5089724469499473,0.25717455682037965,0.23385299622967348,0.14789764084995893,0.5001361038018329,0.26422284729153434,0.2356410489066328,1.0,144.0,180.0
2015/16,2015-10-17,Hamburg,Leverkusen,0,0,77,9,1,0.27610315236337984,0.29271976723533166,0.43117708040128844,0.13107331270418746,0.2382727001673679,0.28647511641138085,0.4752521834212513,0.14131925874585755,0.2138399992775676,0.25560562413646754,0.5305543765859649,1.0,144.0,180.0
2015/16,2015-10-17,Ein Frankfurt,M'gladbach,1,5,78,9,2,0.5117366533240296,0.250772674964046,0.23749067171192426,0.42164743904080515,0.4886785887447414,0.25393715811131856,0.25738425314393976,0.3951424552880679,0.3725650052034219,0.2736999898561451,0.3537350049404331,1.0,144.0,180.0
2015/16,2015-10-17,Augsburg,Darmstadt,0,2,79,9,2,0.3993859163123108,0.30683070171580956,0.29378338197187975,0.3291255108638501,0.4309900706478457,0.29621690401462686,0.2727930253375274,0.3572912124973905,0.5182830916417075,0.27285655799521646,0.2088603503630761,1.0,144.0,180.0
2015/16,2015-10-18,FC Koln,Hannover,0,1,80,9,2,0.534156161931918,0.2418409870648314,0.22400285100325068,0.4437471902904602,0.519734750578024,0.2613443914251506,0.2189208579968255,0.4401044185154081,0.5350667917616048,0.25835678863423134,0.20657641960416387,1.0,144.0,180.0
2015/16,2015-10-18,Stuttgart,Ingolstadt,1,0,81,9,0,0.6160565869902127,0.22209101412183346,0.16185239888795372,0.08680437170969471,0.6129011335251768,0.21518039195828628,0.17191847451653722,0.08970074715309305,0.5364419539052269,0.25107129811932616,0.21248674797544703,1.0,144.0,180.0
2015/16,2015-10-23,Hoffenheim,Hamburg,0,1,82,10,2,0.4253228615038189,0.30429159482415785,0.27038554367202344,0.3566183957002829,0.46585456604076547,0.30149600165566437,0.2326494323035702,0.4029236852225315,0.5025301107428664,0.2578772936706814,0.23959259558645218,1.0,144.0,180.0
2015/16,2015-10-24,Mainz,Werder Bremen,1,3,83,10,2,0.496081006541716,0.2410933430312408,0.2628256504270431,0.39476119335987697,0.4896311447271529,0.2528248299967445,0.2575440252761028,0.3954897661450174,0.4897942236468419,0.2557672186145388,0.2544385577386192,1.0,144.0,180.0
2015/16,2015-10-24,Leverkusen,Stuttgart,4,3,84,10,0,0.5718968337301744,0.26068507178592515,0.1674180944839004,0.10565056966543507,0.5348918715652833,0.2731653456892156,0.19194278274550136,0.1265838014920658,0.6570926408666474,0.1969955804610271,0.14591177867232558,1.0,144.0,180.0
2015/16,2015-10-24,Ingolstadt,Hertha,0,1,85,10,2,0.3670964071066106,0.3226061253009399,0.31029746759244964,0.30522467765998534,0.39612181008539327,0.3201258717842709,0.2837523181303359,0.33496161510449796,0.38026445494408373,0.2894048064176213,0.33033073863829493,1.0,144.0,180.0
2015/16,2015-10-24,Darmstadt,Wolfsburg,0,1,86,10,2,0.31268595519804937,0.283108050591829,0.4042059942101216,0.22637150195663303,0.3007307599864975,0.2788088676196924,0.4204603723938101,0.21315258498398884,0.20824920680703776,0.27112777617536776,0.5206230170175944,1.0,144.0,180.0
2015/16,2015-10-24,Bayern Munich,FC Koln,4,0,87,10,0,0.8193237741474337,0.10686033255289536,0.07381589329967118,0.019046342345977966,0.8026999309621562,0.12028796443186335,0.07701210460598029,0.0224290907490902,0.8626157554230623,0.09640999619434226,0.04097424838259545,1.0,144.0,180.0
2015/16,2015-10-24,Hannover,Ein Frankfurt,1,2,88,10,2,0.4035278103234224,0.2872372564251227,0.3092349332514552,0.31999553557226895,0.420214921942611,0.28914883320959106,0.29063624484779793,0.339888758873434,0.3680754157398581,0.2797373159622921,0.35218726829784985,1.0,144.0,180.0
2015/16,2015-10-25,Dortmund,Augsburg,5,1,89,10,0,0.6304326033506378,0.21584494550547548,0.15372245114388675,0.08010532632593584,0.6521566506069191,0.20717159713195232,0.14067175226112866,0.07039176880060666,0.8024325347047379,0.12813713250520684,0.06943033279005534,1.0,144.0,180.0
2015/16,2015-10-25,M'gladbach,Schalke 04,3,1,90,10,0,0.5209049008536334,0.2456814081242909,0.23341369102207568,0.14200703259130792,0.512095148441929,0.24852804868400752,0.23937680287406357,0.14767619896405576,0.4456567322249785,0.26427083851615973,0.29007242925886173,1.0,144.0,180.0
2015/16,2015-10-30,Ein Frankfurt,Bayern Munich,0,0,91,11,1,0.15250067145712354,0.18835240550201074,0.6591469230408659,0.22886556047455728,0.14529942507205348,0.1816482144416245,0.6730523604863222,0.2370557014412396,0.05285012843102967,0.11148544765952668,0.8356644239094436,1.0,144.0,180.0
2015/16,2015-10-31,Augsburg,Mainz,3,3,92,11,1,0.3903780874150164,0.27084031651541535,0.3387815960695686,0.13358401048462515,0.3327881890802382,0.26705538018344416,0.40015643073631774,0.13543657392546687,0.4396260823365546,0.27538375382317887,0.2849901638402665,1.0,144.0,180.0
2015/16,2015-10-31,Hertha,M'gladbach,1,4,93,11,2,0.440898845561173,0.2718736041623608,0.2872275502764665,0.3512181785510312,0.32406627479776845,0.2784014037207449,0.3975323214814866,0.23399312706039477,0.3561579275430622,0.2863842984629886,0.35745777399394923,1.0,144.0,180.0
2015/16,2015-10-31,FC Koln,Hoffenheim,0,0,94,11,1,0.4374984575561507,0.26116353851784085,0.3013380039260084,0.14110474648706106,0.46129362927696077,0.2544639222635599,0.2842424484594797,0.14679279095887493,0.4451430367808865,0.2782143979880541,0.27664256523105946,1.0,144.0,180.0
2015/16,2015-10-31,Wolfsburg,Leverkusen,2,1,95,11,0,0.3784334299699827,0.3188734494700301,0.3026931205599873,0.23898406310661166,0.40935707850729247,0.3094110976373959,0.2812318238553114,0.2139751997292129,0.33331120992898394,0.26342337558903567,0.4032654144819805,1.0,144.0,180.0
2015/16,2015-10-31,Schalke 04,Ingolstadt,1,1,96,11,1,0.46482087291199486,0.27881396559075244,0.25636516149725264,0.14089076996209066,0.493867968200639,0.2767093028009921,0.2294227289983688,0.1482701792978432,0.550365499139172,0.26124015692472696,0.18839434393610113,1.0,144.0,180.0
2015/16,2015-10-31,Werder Bremen,Dortmund,1,3,97,11,2,0.21244093422550947,0.20775057531420235,0.5798084904602883,0.11084602761193449,0.18858016508811704,0.1856524491469247,0.6257673857649583,0.08780626411092751,0.11770808198946006,0.17773706754125368,0.7045548504692862,1.0,144.0,180.0
2015/16,2015-11-01,Hamburg,Hannover,1,2,98,11,2,0.5435890717737417,0.2575545242176088,0.19885640400864946,0.4686600701748952,0.5364024158317328,0.26055700512173224,0.20304057904653472,0.4614359351783006,0.466625367817872,0.2840328325847917,0.2493417995973362,1.0,144.0,180.0
2015/16,2015-11-01,Stuttgart,Darmstadt,2,0,99,11,0,0.5409350741992999,0.2314851658237302,0.22757975997696958,0.1312665766257888,0.5949763477778047,0.2208774932429911,0.1841461589792042,0.09897698336310007,0.5868514488603827,0.23845302179971747,0.17469552933989999,1.0,144.0,180.0
2015/16,2015-11-06,Hannover,Hertha,1,3,100,12,2,0.3303356552432648,0.29617162207594594,0.3734927226807896,0.25081650682946377,0.3052283609708847,0.3056623794592649,0.3891092595698506,0.23317592454213454,0.35010706638115635,0.29978586723768735,0.35010706638115635,1.0,144.0,180.0
2015/16,2015-11-07,M'gladbach,Ingolstadt,0,0,101,12,1,0.5493464099112702,0.2538728375950178,0.1967807524937123,0.1702520713171964,0.5697725576044057,0.2439041849722863,0.18632325742330783,0.17967856182794906,0.5900917321242204,0.24246343448668461,0.16744483338909502,1.0,144.0,180.0
2015/16,2015-11-07,Mainz,Wolfsburg,2,0,102,12,0,0.2865119767556859,0.24622805677867432,0.46725996646563983,0.3636985177872749,0.3345506184179054,0.24425415840765802,0.42119522317443675,0.3101141477364778,0.2752039424228082,0.26266113539549524,0.4621349221816967,1.0,144.0,180.0
2015/16,2015-11-07,Leverkusen,FC Koln,1,2,103,12,2,0.5479024848282543,0.2458732880101423,0.20622422716160346,0.46513855521308467,0.5320978402999108,0.2515709994467209,0.21633116025336857,0.44863248102083064,0.6231927295072114,0.224406556267505,0.15240071422528376,1.0,144.0,180.0
2015/16,2015-11-07,Hoffenheim,Ein Frankfurt,0,0,104,12,1,0.4546875591868368,0.2731175193547427,0.27219492145842045,0.14041542587351946,0.441906764285526,0.2755385440789653,0.2825546916355086,0.13755937104327043,0.4437682189832919,0.26083185211517956,0.29539992890152866,1.0,144.0,180.0
2015/16,2015-11-07,Darmstadt,Hamburg,1,1,105,12,1,0.29024292869134444,0.2993687658357724,0.4103883054728831,0.12632975946211666,0.3355724079257981,0.3114333251791667,0.3529942668950354,0.1186068967109408,0.36588711336671015,0.297144686006904,0.336968200626386,1.0,144.0,180.0
2015/16,2015-11-07,Bayern Munich,Stuttgart,4,0,106,12,0,0.7913393502356263,0.12505179914904568,0.08360885061532801,0.02526485333065344,0.7767712160474307,0.13471552452244331,0.08851325943012611,0.028832843539943823,0.8851244621166731,0.07557601176534672,0.03929952611798029,1.0,144.0,180.0
2015/16,2015-11-08,Augsburg,Werder Bremen,1,2,107,12,2,0.3570503589605607,0.2791388989411186,0.363810742098321,0.2661108653516773,0.33495241631742423,0.26780038628318953,0.39724719739938624,0.23775203111988774,0.4499093501839502,0.26580010390271314,0.2842905459133367,1.0,144.0,180.0
2015/16,2015-11-08,Dortmund,Schalke 04,3,2,108,12,0,0.6030405865477443,0.22691185793895535,0.17004755551330034,0.09324647353220392,0.7153317146353202,0.16981284518794368,0.11485544017673625,0.04711390241532929,0.750298011528871,0.15238610776787923,0.09731588070324962,1.0,144.0,180.0
2015/16,2015-11-20,Hamburg,Dortmund,3,1,109,13,0,0.1942800094741265,0.21387306626625185,0.5918469242596213,0.49973374244429397,0.19566772152460826,0.20437133004878494,0.5999609484266069,0.5034517769171843,0.09547009595286124,0.18037154659728766,0.7241583574498511,1.0,144.0,180.0
2015/16,2015-11-21,Ein Frankfurt,Leverkusen,1,3,110,13,2,0.294229079291347,0.30785087819755974,0.3979200425110931,0.22453551315523876,0.33428005346350737,0.28584567540858596,0.3798742711279066,0.24814953687635521,0.2179510591672754,0.2547479912344777,0.5273009495982469,1.0,144.0,180.0
2015/16,2015-11-21,FC Koln,Mainz,0,0,111,13,1,0.42026597240800234,0.2640145821217551,0.3157194454702428,0.13815112790604062,0.40998143594343855,0.2686832260894852,0.3213353379670763,0.13567058862232947,0.44765923889297393,0.2746144910856058,0.2777262700214201,1.0,144.0,180.0
2015/16,2015-11-21,M'gladbach,Hannover,2,1,112,13,0,0.6125993850265571,0.22392160378706188,0.16347901118638092,0.08840231179013934,0.6294093938136003,0.2147180566844236,0.15587254950197615,0.0808168245409246,0.652806167143608,0.21287157624248088,0.13432225661391112,1.0,144.0,180.0
2015/16,2015-11-21,Schalke 04,Bayern Munich,1,3,113,13,2,0.19695372524915947,0.23116169999353534,0.5718845747573056,0.1110367936101274,0.1858387864444603,0.21247025681291723,0.6016909567426226,0.09659307424387858,0.08655505144098666,0.15524953671161099,0.7581954118474025,1.0,144.0,180.0
2015/16,2015-11-21,Wolfsburg,Werder Bremen,6,0,114,13,0,0.5173123657143777,0.26753201762441564,0.2151556166612067,0.1396396458365574,0.597501621266272,0.23289970214490618,0.16959867658882188,0.09538432799197964,0.5757790893581851,0.2422832801754739,0.181937630466341,1.0,144.0,180.0
2015/16,2015-11-21,Stuttgart,Augsburg,0,4,115,13,2,0.6211572057786661,0.18613797887200334,0.1927048153493304,0.5187808947254593,0.6243492549443164,0.1865657839046238,0.1890849611510595,0.5236975961904505,0.4713216957605985,0.259351620947631,0.26932668329177056,1.0,144.0,180.0
2015/16,2015-11-22,Hertha,Hoffenheim,1,0,116,13,0,0.4877278351711384,0.2649535203803489,0.24731864444851273,0.16179464137514912,0.4576634802354339,0.2816018179588374,0.2607347018057286,0.18105574269803193,0.4739597685312758,0.27252686690548356,0.25351336456324053,1.0,144.0,180.0
2015/16,2015-11-22,Ingolstadt,Darmstadt,3,1,117,13,0,0.3711960687167183,0.3383743174805346,0.2904296138027473,0.23987187228546147,0.3624657065187826,0.34356529978507905,0.2939689936961383,0.24643387230965758,0.45150706535897095,0.29334441072723566,0.2551485239137935,1.0,144.0,180.0
2015/16,2015-11-27,Darmstadt,FC Koln,0,0,118,14,1,0.34813449300710503,0.2945385200132993,0.35732698697959564,0.12444010042261508,0.4188501763384084,0.29282405770567566,0.28832576595591625,0.1292836087663907,0.3010103277952403,0.3000898069151325,0.39889986528962734,1.0,144.0,180.0
2015/16,2015-11-28,Hannover,Ingolstadt,4,0,119,14,0,0.31393951842770434,0.33388493578588374,0.3521755457864119,0.29735329971258373,0.29532111547276,0.3216121994328151,0.3830666850944248,0.32165620776389325,0.3440159665986098,0.3007501548484779,0.35523387855291233,1.0,144.0,180.0
2015/16,2015-11-28,Bayern Munich,Hertha,2,0,120,14,0,0.7733951977915279,0.1450803981011409,0.0815244041073312,0.02899798242449811,0.7576235976991694,0.1605706967333598,0.08180570556747073,0.03271924692784289,0.8532868959512407,0.10666086199390509,0.04005224205485415,1.0,144.0,180.0
2015/16,2015-11-28,Werder Bremen,Hamburg,1,3,121,14,2,0.4390571874421639,0.26538276088803714,0.2955600516697993,0.3445034273240399,0.48671913734693056,0.2572288157880941,0.2560520468649756,0.3951770378167665,0.4274476834506077,0.28209083432331167,0.29046148222608054,1.0,144.0,180.0
2015/16,2015-11-28,Mainz,Ein Frankfurt,2,1,122,14,0,0.48644531544926495,0.27838470406055993,0.23516998049017512,0.15952166687387717,0.5258162012020755,0.27257543166210907,0.20160836713581534,0.13274810437080015,0.4602106158474308,0.2620985592927881,0.2776908248597812,1.0,144.0,180.0
2015/16,2015-11-28,Hoffenheim,M'gladbach,3,3,123,14,1,0.2793263255061336,0.23621321605204246,0.48446045844182434,0.15636256595721038,0.28577045517857963,0.2384937537794188,0.4757357910420014,0.15399464796566578,0.3184438040345821,0.2694524495677233,0.41210374639769454,1.0,144.0,180.0
2015/16,2015-11-29,Augsburg,Wolfsburg,0,0,124,14,1,0.29645764871540115,0.2739676944607159,0.42957465682388324,0.1362107616336105,0.3179168098122298,0.2816991645234664,0.4003840256643039,0.13068923298416973,0.31046511627906975,0.27558139534883724,0.413953488372093,1.0,144.0,180.0
2015/16,2015-11-29,Dortmund,Stuttgart,4,1,125,14,0,0.7976915638991674,0.11262447050460014,0.08968396559623225,0.02448595850131544,0.7858252129727086,0.1180147789929556,0.09616000803433569,0.02755879327167459,0.7901158195002921,0.12891363370794237,0.08097054679176546,1.0,144.0,180.0
2015/16,2015-11-29,Leverkusen,Schalke 04,1,1,126,14,1,0.5665077504978452,0.24421469844061292,0.1892775510615421,0.1783785113549917,0.6023015102705829,0.22902024052072062,0.16867824920869665,0.19560973051516808,0.5695141189892627,0.23378622545621283,0.19669965555452443,1.0,144.0,180.0
2015/16,2015-12-04,Schalke 04,Hannover,3,1,127,15,0,0.49763863861179913,0.2716394846555943,0.2307218767326067,0.15279976090941133,0.49730412999278073,0.2635022686824082,0.23919360132481118,0.1549583583185239,0.6097476195221201,0.23318139368898183,0.15707098678889816,1.0,144.0,180.0
2015/16,2015-12-05,Wolfsburg,Dortmund,1,2,128,15,2,0.30921929573638773,0.25748089865631124,0.4332998056073008,0.20838284159021525,0.30742170174833644,0.2415129715974426,0.4510653266542213,0.19791868915354016,0.26713892220741814,0.2450999611253061,0.4877611166672759,1.0,144.0,180.0
2015/16,2015-12-05,Hertha,Leverkusen,2,1,129,15,0,0.3497552649491695,0.3065826623578935,0.3436620726929369,0.27046091783446513,0.32637692475819974,0.28320204386408054,0.3904210313777196,0.3030983146201312,0.21831130546331198,0.27380384400286895,0.5078848505338192,1.0,144.0,180.0
2015/16,2015-12-05,Ingolstadt,Hoffenheim,1,1,130,15,1,0.42580072565289856,0.290432513234014,0.28376676111308763,0.1309149163395735,0.3918260901426921,0.31350481610512015,0.2946690937521876,0.12017877986462233,0.41161709899181875,0.29507490831341227,0.2933079926947691,1.0,144.0,180.0
2015/16,2015-12-05,FC Koln,Augsburg,0,1,131,15,2,0.5283385583778037,0.2509476112142953,0.22071383040790116,0.44321428319313083,0.4998394712402216,0.275613064026522,0.22454746473325649,0.4255830657306623,0.4225259175623561,0.2891622798656832,0.28831180257196065,1.0,144.0,180.0
2015/16,2015-12-05,M'gladbach,Bayern Munich,3,1,132,15,0,0.12129930952740517,0.13503116616629898,0.7436695243062957,0.6625796324094836,0.1347392997640826,0.15233612012826228,0.7129245801076551,0.6284687681472132,0.10296161117781304,0.1770641812479208,0.7199742075742661,1.0,144.0,180.0
2015/16,2015-12-05,Hamburg,Mainz,1,3,133,15,2,0.4567247184177128,0.2703525553409475,0.2729227262413395,0.36861941521503244,0.42727700979035893,0.2754771769953921,0.2972458132142486,0.3382145450701463,0.41524190749097145,0.28322858430020015,0.3015295082088285,1.0,144.0,180.0
2015/16,2015-12-06,Stuttgart,Werder Bremen,1,1,134,15,1,0.5403973111714584,0.21937418500511136,0.24022850382343017,0.17486949398529295,0.5905838026945264,0.20211618653252011,0.20730001077295337,0.19588126123579694,0.4665341285619615,0.25513585155732277,0.2783300198807157,1.0,144.0,180.0
2015/16,2015-12-06,Ein Frankfurt,Darmstadt,0,1,135,15,2,0.42429450466974183,0.32972916364229576,0.24597633168796218,0.3742887595338416,0.41025918426921965,0.3207400015779754,0.26900081415280513,0.35133620399325377,0.46935177558897007,0.29022047662158207,0.24042774778944787,1.0,144.0,180.0
2015/16,2015-12-11,Mainz,Stuttgart,0,0,136,16,1,0.5764906390410746,0.21547734620885564,0.20803201475006966,0.1878093880314799,0.5378965707078824,0.22084723688859825,0.24125619240351964,0.17376863557617192,0.4565854884656203,0.259698095291292,0.2837164162430878,1.0,144.0,180.0
2015/16,2015-12-12,Wolfsburg,Hamburg,1,1,137,16,1,0.46436889700577605,0.295652197132761,0.2399789058614632,0.13661417388241298,0.4670786678826239,0.2936129364260535,0.23930839569132273,0.13771549511968056,0.6160396080397179,0.22673680018128506,0.15722359177899703,1.0,144.0,180.0
2015/16,2015-12-12,Leverkusen,M'gladbach,5,0,138,16,0,0.5584695843536178,0.20963018549564214,0.23190023015073996,0.1243634123424166,0.5603720490663889,0.21253634803712998,0.22709160289648128,0.12242166567408931,0.557461987379923,0.23641761392497937,0.2061203986950976,1.0,144.0,180.0
2015/16,2015-12-12,Werder Bremen,FC Koln,1,1,139,16,1,0.4636697563391267,0.2648421911467003,0.271488052514173,0.14434770280076173,0.3905148897137317,0.2784727808164958,0.3310123294697725,0.1310355206745666,0.35386173388305,0.2857717209492852,0.36036654516766486,1.0,144.0,180.0
2015/16,2015-12-12,Darmstadt,Hertha,0,4,140,16,2,0.4538760292331647,0.29799518570198974,0.24812878506484565,0.385656886880265,0.445651617331616,0.29745667993421315,0.25689170273417095,0.3754076527478025,0.35513027438321426,0.32031358081623246,0.32455614480055345,1.0,144.0,180.0
2015/16,2015-12-12,Bayern Munich,Ingolstadt,2,0,141,16,0,0.8038088989769318,0.1276386230313439,0.0685524779917245,0.021595195179724812,0.8185468160666908,0.11581634835913955,0.06563683557416938,0.018616726071862967,0.8765783461749747,0.09368012859885226,0.029741525226173033,1.0,144.0,180.0
2015/16,2015-12-12,Hoffenheim,Hannover,1,0,142,16,0,0.5391759218662132,0.24740199790481615,0.21342208022897075,0.1289539076585578,0.48685867470382305,0.2715536140834143,0.24158771121276246,0.16083932096786907,0.5160949671391833,0.26791815234001315,0.2159868805208036,1.0,144.0,180.0
2015/16,2015-12-13,Augsburg,Schalke 04,2,1,143,16,0,0.3831211752784125,0.25551886519093425,0.36135995953065364,0.25556025237094127,0.445511268057048,0.25231147855056435,0.30217725339238755,0.19938442315973506,0.34030281182408073,0.27685652487382845,0.3828406633020909,1.0,144.0,180.0
2015/16,2015-12-13,Dortmund,Ein Frankfurt,4,1,144,16,0,0.7722442974704689,0.14045049878644825,0.08730520374308302,0.029747429317670753,0.7991313480267326,0.1219576771771511,0.07891097479611636,0.02328757864441547,0.8502647941801501,0.0982718103826304,0.0514633954372196,1.0,144.0,180.0
2015/16,2015-12-18,Schalke 04,Hoffenheim,1,0,145,17,0,0.5414137489524451,0.2395479884452238,0.2190382626023311,0.1291395550668494,0.5380925711632177,0.2519898709481584,0.20991755788862412,0.1287119269622654,0.5912527843299678,0.2293176686887258,0.17942954698130648,1.0,144.0,180.0
2015/16,2015-12-19,FC Koln,Dortmund,2,1,146,17,0,0.1837078142223143,0.19473538135354576,0.6215568044241396,0.5263328968438301,0.16081600973797497,0.17818098898917306,0.6610030012728522,0.5705773686019062,0.15207749171552382,0.22411419831761406,0.6238083099668621,1.0,144.0,180.0
2015/16,2015-12-19,Hannover,Bayern Munich,0,1,147,17,2,0.1374493209739286,0.1721676915292448,0.6903829874968265,0.05737750513379214,0.135495134695669,0.17505007151222524,0.6894547937921057,0.05739862831245053,0.062163295590180315,0.1393163220318935,0.7985203823779261,1.0,144.0,180.0
2015/16,2015-12-19,Hamburg,Augsburg,0,1,148,17,2,0.4532164678348218,0.2833284060376336,0.2634551261275445,0.37395175897223165,0.4383550334372041,0.2795536876348051,0.2820912789279908,0.3537740335654901,0.40173725836111657,0.2900115119529954,0.30825122968588814,1.0,144.0,180.0
2015/16,2015-12-19,Ein Frankfurt,Werder Bremen,2,1,149,17,0,0.3540175884250208,0.27796925157610264,0.3680131599988768,0.2763634809982923,0.33146955634464464,0.28542185829892397,0.3831085853564312,0.29685257113391617,0.44383616255601793,0.2651021403375134,0.29106169710646873,1.0,144.0,180.0
2015/16,2015-12-19,Ingolstadt,Leverkusen,0,1,150,17,2,0.24874074207631727,0.3115069430107734,0.4397523149129094,0.18787471270706047,0.2337155204904113,0.2982686144141473,0.4680158650954417,0.16881503215412774,0.18236166699319883,0.26953455176467295,0.5481037812421282,1.0,144.0,180.0
2015/16,2015-12-19,Stuttgart,Wolfsburg,3,1,151,17,0,0.2779220923614559,0.28367830939975547,0.4383995982387885,0.3567953562177946,0.29932570936476355,0.2880676329641169,0.41260665767111965,0.3305943577558621,0.27710016295114936,0.2601948479700448,0.462704989078806,1.0,144.0,180.0
2015/16,2015-12-20,Hertha,Mainz,2,0,152,17,0,0.44412014535003913,0.2986957403068274,0.2571841143431337,0.18757304073806175,0.4774517130821344,0.28315703072062004,0.23939125619724544,0.16518244285224562,0.44130921866317724,0.28730394880711246,0.2713868325297102,1.0,144.0,180.0
2015/16,2015-12-20,M'gladbach,Darmstadt,3,2,153,17,0,0.5683644017746073,0.2394766978170848,0.1921589004083081,0.11161716633076128,0.5811417775026828,0.2349440537593421,0.1839141687379752,0.10463331600809621,0.6129571966352186,0.22493842078356646,0.16210438258121485,1.0,144.0,180.0
2015/16,2016-01-22,Hamburg,Bayern Munich,1,2,154,18,2,0.12171088505938377,0.17330083839089178,0.7049882765497247,0.050922728257520186,0.12099178947878514,0.17084871609968558,0.7081594944215291,0.049904946908788037,0.06117601970523277,0.13651552514417356,0.8023084551505938,1.0,144.0,180.0
2015/16,2016-01-23,M'gladbach,Dortmund,1,3,155,18,2,0.12916631077117474,0.12792438829996106,0.7429093009288642,0.0413897816935605,0.1376763996615248,0.1425656470065464,0.719757953331929,0.04874519787223465,0.16391303097535997,0.2067029590615592,0.6293840099630809,1.0,144.0,180.0
2015/16,2016-01-23,Ingolstadt,Mainz,1,0,156,18,0,0.30454022699770217,0.3379531296459179,0.3575066433563802,0.3057376479541767,0.32529467013759217,0.32592073660537635,0.3487845932570314,0.2884389873191067,0.4083042666646835,0.30432616148920505,0.2873695718461115,1.0,144.0,180.0
2015/16,2016-01-23,Hoffenheim,Leverkusen,1,1,157,18,1,0.2709904364754446,0.30183953138772557,0.4271700321368294,0.12795502650846613,0.2712068112586152,0.3222043974821557,0.406588791259229,0.11943378982535358,0.18260177695265875,0.2416655615966052,0.575732661450736,1.0,144.0,180.0
2015/16,2016-01-23,FC Koln,Stuttgart,1,3,158,18,2,0.4298498181774478,0.27118014510908384,0.2989700367134682,0.33810693780635037,0.446154188524924,0.2729957009717588,0.2808501105033175,0.3581150617507122,0.46224721290484216,0.27145819705215113,0.26629459004300693,1.0,144.0,180.0
2015/16,2016-01-23,Hannover,Darmstadt,1,2,159,18,2,0.4998953756826938,0.27127096871830814,0.2288336555989981,0.4222964586828732,0.49482143817830665,0.28055389587550533,0.22462466594618774,0.4230275821699542,0.4015487388412917,0.2951141333652867,0.30333712779342165,1.0,144.0,180.0
2015/16,2016-01-23,Hertha,Augsburg,0,0,160,18,1,0.5525949821373815,0.23859600602289013,0.20880901183972864,0.1744812088544484,0.5108581960796805,0.24916811080240223,0.23997369311791714,0.15928173494521883,0.4647830453373642,0.28180811082236734,0.2534088438402683,1.0,144.0,180.0
2015/16,2016-01-24,Schalke 04,Werder Bremen,1,3,161,18,2,0.5552183580911901,0.25233822844216874,0.19244341346664107,0.48020753280744377,0.5837699578102676,0.23589746041568435,0.18033258177404782,0.5063210200714997,0.5721155544205027,0.2318288147059383,0.196055630873559,1.0,144.0,180.0
2015/16,2016-01-24,Ein Frankfurt,Wolfsburg,3,2,162,18,0,0.20758228347005123,0.2502368017565233,0.5421809147734257,0.4609429909075433,0.18747691277151476,0.23465994611644714,0.5778631411120378,0.4970597885675899,0.2785091614388326,0.2738414101298018,0.44764942843136557,1.0,144.0,180.0
2015/16,2016-01-29,Mainz,M'gladbach,1,0,163,19,0,0.4383007597484735,0.2591170534497656,0.3025821868017608,0.20353100813443892,0.41092397621575383,0.2559259042546347,0.33315011952961177,0.2289997819700261,0.4049106977776135,0.26846133934844507,0.3266279628739415,1.0,144.0,180.0
2015/16,2016-01-30,Augsburg,Ein Frankfurt,0,0,164,19,1,0.5738435598427065,0.2337196059186524,0.19243683423864127,0.18316418317237004,0.5873870357044679,0.22233815644076318,0.19027480785476858,0.19061401610892556,0.49248595343435636,0.2606508104612684,0.24686323610437513,1.0,144.0,180.0
2015/16,2016-01-30,Darmstadt,Schalke 04,0,2,165,19,2,0.3927583919572996,0.26572514351837767,0.34151646452432227,0.29392986047271563,0.3863837651921008,0.25230759612834486,0.36130863867955443,0.27860953451469433,0.2924690320458947,0.2815434647568239,0.4259875031972815,1.0,144.0,180.0
2015/16,2016-01-30,Dortmund,Ingolstadt,2,0,166,19,0,0.7759026482227486,0.13874551283808387,0.08535183893916733,0.028752279741937385,0.7750084472935921,0.13924368209632018,0.08574787061008753,0.02898694805170234,0.766474019395638,0.16600452535133953,0.06752145525302247,1.0,144.0,180.0
2015/16,2016-01-30,Leverkusen,Hannover,3,0,167,19,0,0.6875521639237833,0.19671474531844557,0.11573309075777123,0.05550889928252845,0.714898507230477,0.17982662579272427,0.10527486697679858,0.04618282939819653,0.7668115490233844,0.1500793245795003,0.08310912639711533,1.0,144.0,180.0
2015/16,2016-01-30,Stuttgart,Hamburg,2,1,168,19,0,0.5901289683109441,0.21111202737368337,0.1987590043153724,0.10374970220714468,0.5872073373579828,0.22303398395145174,0.18975867869056565,0.10320306923473772,0.5161472200469852,0.25472200469851214,0.22913077525450276,1.0,144.0,180.0
2015/16,2016-01-30,Werder Bremen,Hertha,3,3,169,19,1,0.4211475124074228,0.27881924981939715,0.3000332377731799,0.13369258548780896,0.41909503837974865,0.27940299088764753,0.3015019707326037,0.13327204477508345,0.38150433149847557,0.2883723917503183,0.33012327675120606,1.0,144.0,180.0
2015/16,2016-01-31,Wolfsburg,FC Koln,1,1,170,19,1,0.6785503760909877,0.18851590595064524,0.13293371795836734,0.23905099313172773,0.6652612079008569,0.19648953049214668,0.1382492616069964,0.23084266653629343,0.6087324042875425,0.2306021578595161,0.16066543785294157,1.0,144.0,180.0
2015/16,2016-01-31,Bayern Munich,Hoffenheim,2,0,171,19,0,0.8004403956656142,0.12682889096663574,0.07273071336775028,0.022556896174539213,0.7714523286720906,0.1458134938295882,0.08273417749832133,0.029539491097866917,0.8975717562339999,0.07003244196815031,0.03239580179784967,1.0,144.0,180.0
2015/16,2016-02-05,M'gladbach,Werder Bremen,5,1,172,20,0,0.4939236039705321,0.24614798228224577,0.2599284137472222,0.16183804944566094,0.4635925052452517,0.2536442810302482,0.28276321372450014,0.18384401773243636,0.5733768447713214,0.22487945058691736,0.20174370464176125,1.0,144.0,180.0
2015/16,2016-02-06,Leverkusen,Bayern Munich,0,0,173,20,1,0.17722408959731753,0.259172024511038,0.5636038858916449,0.1745288590628799,0.17532881139028703,0.2398666630565497,0.5848045255531631,0.18636826260549563,0.183206106870229,0.24023349797934435,0.5765603951504265,1.0,144.0,180.0
2015/16,2016-02-06,Schalke 04,Wolfsburg,3,0,174,20,0,0.35269112379205636,0.28534054623555727,0.3619683299723863,0.27501492656029464,0.3447610166907042,0.28403413041706876,0.37120485289222727,0.28356558402946974,0.3952574778744538,0.2769035438216513,0.3278389783038948,1.0,144.0,180.0
2015/16,2016-02-06,Ingolstadt,Augsburg,2,1,175,20,0,0.4372421753522925,0.29941228064658426,0.2633455440011228,0.19302362237373372,0.402548003981572,0.30034726384894833,0.2971047321694795,0.22261005471195103,0.3873999303863558,0.3082144100243648,0.3043856595892795,1.0,144.0,180.0
2015/16,2016-02-06,Ein Frankfurt,Stuttgart,2,4,176,20,2,0.3707846460013797,0.23491040689996442,0.3943049470986561,0.2521738754097653,0.3785699911216531,0.2294835969802971,0.39194641189804935,0.2565222020907523,0.3346545507425789,0.2731303157871187,0.3922151334703025,1.0,144.0,180.0
2015/16,2016-02-06,Hannover,Mainz,0,1,177,20,2,0.2901401714370669,0.2827321960653107,0.42712763249762215,0.20618203426465487,0.27619841122422745,0.2868015715102689,0.4370000172655037,0.19662727146091533,0.3563297570703822,0.2899132638886246,0.3537569790409932,1.0,144.0,180.0
2015/16,2016-02-06,Hertha,Dortmund,0,0,178,20,1,0.17351990422822852,0.19107683754503407,0.6354032582267376,0.21692322886426374,0.19292362671561672,0.21102835265535938,0.5960480206290241,0.196246384320442,0.15093082152219311,0.2281512418358733,0.6209179366419336,1.0,144.0,180.0
2015/16,2016-02-07,Hamburg,FC Koln,1,1,179,20,1,0.4538971594508285,0.2829840813902002,0.26311875915897104,0.13762705638944378,0.44270903524498567,0.28158735236619686,0.2757036123888172,0.13600188588589462,0.3334605578540786,0.30072823315674574,0.36581120898917574,1.0,144.0,180.0
2015/16,2016-02-07,Hoffenheim,Darmstadt,0,2,180,20,2,0.6338869495530313,0.22094993948718086,0.145163110959788,0.5662793858387976,0.6275802167538023,0.22851388659545022,0.14390589665074757,0.563377021125055,0.48271485981528056,0.26920636412775256,0.2480787760569669,1.0,144.0,180.0
2015/16,2016-02-12,Mainz,Schalke 04,2,1,181,21,0,0.2556013767626109,0.2954905019832287,0.44890812125416024,0.37782390580283015,0.28243691442012353,0.3088603652862497,0.40870272029362675,0.3409673476811618,0.3464352431354794,0.2917892077599425,0.3617755491045781,1.0,144.0,180.0
2015/16,2016-02-13,Wolfsburg,Ingolstadt,2,0,182,21,0,0.6350449077632349,0.24345853021845384,0.12149656201831124,0.07397681696590755,0.6037016372269106,0.2576788499571466,0.13861951281594248,0.08813388083498024,0.5421048569443928,0.2695631294146568,0.18833201364095029,1.0,144.0,180.0
2015/16,2016-02-13,Werder Bremen,Hoffenheim,1,1,183,21,1,0.3708508871983959,0.2686279936666545,0.3605211191349502,0.13375292893907692,0.3336500371663811,0.25517710322811515,0.4111728596055039,0.1401927338886474,0.47427454313642164,0.2646221844453889,0.26110327241818954,1.0,144.0,180.0
2015/16,2016-02-13,Stuttgart,Hertha,2,0,184,21,0,0.3524689340448417,0.23092235812865855,0.41660870782649956,0.2964296484069447,0.3855244832169801,0.2325675084029722,0.3819080083800476,0.261716943795287,0.45586815732664054,0.2792354809835548,0.2648963616898046,1.0,144.0,180.0
2015/16,2016-02-13,Darmstadt,Leverkusen,1,2,185,21,2,0.2202656982247627,0.30709992291183946,0.472634378863398,0.16331573808561822,0.2278961214357492,0.3013172537703077,0.47078662479394334,0.16600171933122226,0.2260226545250258,0.2835081851556682,0.49046916031930593,1.0,144.0,180.0
2015/16,2016-02-13,Dortmund,Hannover,1,0,186,21,0,0.8241402391543357,0.10339062043493241,0.07246914041073205,0.01808921589828232,0.8393528022252886,0.0924888555025904,0.06815834227212118,0.015226540887075415,0.8391153437284679,0.10824310387677037,0.05264155239476179,1.0,144.0,180.0
2015/16,2016-02-13,FC Koln,Ein Frankfurt,3,1,187,21,0,0.522509075595633,0.26423349716174105,0.21325742724262584,0.13673815658134042,0.48304758840435197,0.28078807415347773,0.23616433744217052,0.1615066950670278,0.563658056302008,0.23979584791332376,0.19654609578466814,1.0,144.0,180.0
2015/16,2016-02-14,Augsburg,Bayern Munich,1,3,188,21,2,0.11376247172541432,0.13672229382390866,0.7495152344506769,0.037842258872687495,0.11682243952431916,0.1460567381362945,0.7371208223393861,0.04137647221196684,0.07140310769083426,0.1549695207927254,0.7736273715164402,1.0,144.0,180.0
2015/16,2016-02-14,Hamburg,M'gladbach,3,2,189,21,0,0.351731794495509,0.2609354348599941,0.3873327706444969,0.28513917074157774,0.31731803050933666,0.25328518468663913,0.4293967848040245,0.3252181351338423,0.27235722431792264,0.2716027721729976,0.4560400035090797,1.0,144.0,180.0
2015/16,2016-02-19,Ein Frankfurt,Hamburg,0,0,190,22,1,0.35951569461593086,0.27476816362770357,0.36571614175636546,0.13149991550816867,0.3456493749384485,0.2903737351375543,0.3639768899239968,0.12597633339704287,0.4136323914943198,0.2761433148849403,0.3102242936207399,1.0,144.0,180.0
2015/16,2016-02-20,Hertha,Wolfsburg,1,1,191,22,1,0.326387200164082,0.3479320586403155,0.3256807411956028,0.10629827480833276,0.3008818387258972,0.33436873768329795,0.3647494235908047,0.1117860114424506,0.34407116494747797,0.28589003501466825,0.3700388000378537,1.0,144.0,180.0
2015/16,2016-02-20,Bayern Munich,Darmstadt,3,1,192,22,0,0.8364222801671026,0.09569413057068138,0.06788358926221585,0.01568292605842556,0.847091117859924,0.08757348620848145,0.06533539593159471,0.013824920099432942,0.8987478632966716,0.07365677977393774,0.027595356929390764,1.0,144.0,180.0
2015/16,2016-02-20,M'gladbach,FC Koln,1,0,193,22,0,0.46611208863283043,0.24378624779764285,0.2901016635695268,0.18459763855490274,0.5171360295571928,0.2382638790229615,0.24460009141984568,0.14649340933719449,0.4335511351288701,0.2799501615403561,0.28649870333077376,1.0,144.0,180.0
2015/16,2016-02-20,Hoffenheim,Mainz,3,2,194,22,0,0.37206442369109316,0.3077177064070166,0.3202178699018903,0.24842128609945144,0.3861807431633002,0.30236138870759804,0.31145786812910164,0.23689004184154172,0.3831140646281412,0.27395866073967634,0.3429272746321823,1.0,144.0,180.0
2015/16,2016-02-20,Ingolstadt,Werder Bremen,2,0,195,22,0,0.47245722164020615,0.2806974354939054,0.24684534286588844,0.16961700314707434,0.470180518411333,0.2875799201035772,0.24223956148508985,0.16969434410968623,0.43550276661319687,0.29603662383072293,0.26846060955608025,1.0,144.0,180.0
2015/16,2016-02-21,Hannover,Augsburg,0,1,196,22,2,0.2825327889956588,0.31472189705245224,0.40274531395188895,0.2182689684320466,0.2781939236361827,0.2868417407305483,0.43496433563326914,0.1983285805772237,0.38161319612590794,0.2936365012106537,0.3247503026634382,1.0,144.0,180.0
2015/16,2016-02-21,Leverkusen,Dortmund,0,1,197,22,2,0.2882533832445585,0.3133656037722315,0.3983810129832098,0.22251770924552144,0.28911913527742716,0.2942183233341104,0.4166625413884625,0.21193623250146731,0.3513863489214762,0.28416461260606335,0.36444903847246046,1.0,144.0,180.0
2015/16,2016-02-21,Schalke 04,Stuttgart,1,1,198,22,1,0.48005961981076634,0.24347174807520577,0.27646863211402783,0.1534460715579296,0.46601401336800513,0.23659671560649131,0.29738927102550355,0.1528047195882178,0.4598384878415504,0.2442533613721951,0.29590815078625443,1.0,144.0,180.0
2015/16,2016-02-26,FC Koln,Hertha,0,1,199,23,2,0.37712647413501843,0.3615224052065624,0.2613511206584192,0.34391327222304197,0.3930715714452671,0.3404871737929542,0.2664412547617787,0.34630684649696264,0.43535621955484727,0.29773601641288944,0.26690776403226335,1.0,144.0,180.0
2015/16,2016-02-27,Hamburg,Ingolstadt,1,1,200,23,1,0.2964757694592329,0.3075898907816916,0.39593433975907566,0.12233094163844964,0.3581717829227326,0.3246469040452479,0.31718131303201974,0.11444550570938254,0.4053391931819869,0.3143977075321821,0.28026309928583093,1.0,144.0,180.0
2015/16,2016-02-27,Stuttgart,Hannover,1,2,201,23,2,0.6462226520066172,0.21242477803148588,0.14135256996189696,0.5774395625387523,0.6813694319162421,0.18915885783408834,0.12947171024966966,0.6110419030027489,0.6579403458327887,0.2108238957614742,0.13123575840573698,1.0,144.0,180.0
2015/16,2016-02-27,Werder Bremen,Darmstadt,2,2,202,23,1,0.509731008323191,0.25040602253954547,0.23986296913726327,0.1586799724047604,0.5543244341388949,0.22239532554109265,0.22328024032001226,0.17856482200038426,0.5109722588173297,0.27101291075394285,0.21801483042872732,1.0,144.0,180.0
2015/16,2016-02-27,Wolfsburg,Bayern Munich,0,2,203,23,2,0.22846631376015453,0.2538504245348658,0.5176832617049799,0.14241314628135024,0.1998004202606903,0.22990949325212567,0.5702900864871838,0.11228540885377011,0.1206051216622619,0.19287341656793947,0.6865214617697986,1.0,144.0,180.0
2015/16,2016-02-28,Augsburg,M'gladbach,2,2,204,23,1,0.3519147340674038,0.23962497817391018,0.40846028775868576,0.14534189336482006,0.3671207824733821,0.24409014569381945,0.38878907183279854,0.14296730565023863,0.3300860111624369,0.27460937063093493,0.39530461820662816,1.0,144.0,180.0
2015/16,2016-02-28,Dortmund,Hoffenheim,3,1,205,23,0,0.7731669460079795,0.137233198836522,0.08959985515549827,0.029740684213616593,0.7063942700485947,0.18748261673382557,0.10612311321757985,0.048733219909644396,0.7793109530507943,0.14590368511797935,0.07478536183122626,1.0,144.0,180.0
2015/16,2016-02-28,Ein Frankfurt,Schalke 04,0,0,206,23,1,0.2226533875719755,0.24552800112927567,0.531818611298749,0.16620278316050302,0.25670309238232275,0.2694967305695096,0.4738001770481674,0.14519154270476117,0.35763199588594075,0.2807769824434033,0.36159102167065593,1.0,144.0,180.0
2015/16,2016-02-28,Mainz,Leverkusen,3,1,207,23,0,0.2597717681050561,0.33346616363641035,0.4067620682585336,0.35669660773413736,0.22100012052279444,0.2856847931523638,0.4933150863248418,0.4251002933105934,0.26806665592625534,0.27559661817137493,0.4563367259023696,1.0,144.0,180.0
2015/16,2016-03-01,Hannover,Wolfsburg,0,4,208,24,2,0.16174618520673661,0.23057317886045034,0.607680635932813,0.09003815592550696,0.17023705230870467,0.24053568092038724,0.5892272667709082,0.09885744617162769,0.22887332974276112,0.2661896335051678,0.5049370367520709,1.0,144.0,180.0
2015/16,2016-03-01,Ingolstadt,FC Koln,1,1,209,24,1,0.4134264944454057,0.3457325100158179,0.24084099553877633,0.11446292572076301,0.3728154477649912,0.34613137124578863,0.2810531809892201,0.10899112431818511,0.37842442959452627,0.3171907031229201,0.3043848672825537,1.0,144.0,180.0
2015/16,2016-03-02,Bayern Munich,Mainz,1,2,210,24,2,0.7843747337205191,0.1407153126913175,0.07490995358816348,0.7355176584346947,0.8003863439258321,0.12684009805598734,0.07277355801818063,0.7501835871266124,0.8594114469848754,0.10048503072438542,0.04010352229073917,1.0,144.0,180.0
2015/16,2016-03-02,Hertha,Ein Frankfurt,2,0,211,24,0,0.5237601616721785,0.30457114825707127,0.17166869007075022,0.12813726138055842,0.573225962890634,0.27082207224848226,0.15595196486088372,0.10322854704729842,0.4803979878829424,0.27762376636861263,0.2419782457484451,1.0,144.0,180.0
2015/16,2016-03-02,Darmstadt,Dortmund,0,2,212,24,2,0.21210241714582226,0.2354360790256045,0.552461503828573,0.12263907045724129,0.17052817447381968,0.19546119212609767,0.6340106334000827,0.08151403737679108,0.142114453353507,0.23905805356286752,0.6188274930836253,1.0,144.0,180.0
2015/16,2016-03-02,M'gladbach,Stuttgart,4,0,213,24,0,0.3912835254392919,0.2082002610652197,0.40051621349548827,0.2654744918371904,0.42784491766176685,0.21421183271680833,0.35794324962142504,0.22774240409750793,0.45359385903698524,0.24494068387997206,0.30146545708304257,1.0,144.0,180.0
2015/16,2016-03-02,Hoffenheim,Augsburg,2,1,214,24,0,0.4645071695599228,0.2584608533835999,0.27703197705647725,0.18174964388227294,0.4251576704063832,0.2593140769767882,0.31552825261682865,0.2150008910460228,0.43363100289243817,0.2684948127498384,0.29787418435772345,1.0,144.0,180.0
2015/16,2016-03-02,Schalke 04,Hamburg,3,2,215,24,0,0.6030559151650366,0.2428415845519187,0.15410250028304495,0.09065609353947618,0.5532832128155226,0.2760514827517163,0.17066530443276093,0.11434126704477433,0.513361379392072,0.2716122533625645,0.21502636724536353,1.0,144.0,180.0
2015/16,2016-03-02,Leverkusen,Werder Bremen,1,4,216,24,2,0.5807845240134927,0.2555193212350154,0.1636961547514921,0.5183573924555099,0.5887544952931164,0.24311230008448032,0.16813320462240333,0.5193171104898222,0.6132959805342818,0.22150644895143365,0.16519757051428466,1.0,144.0,180.0
2015/16,2016-03-05,Wolfsburg,M'gladbach,2,1,217,25,0,0.6822756451558266,0.1762966440791531,0.1414277107650204,0.06047528151669021,0.6617782793512405,0.18675964414627738,0.15146207650248208,0.06866734646852565,0.5082033170906165,0.25021234744512494,0.24158433546425856,1.0,144.0,180.0
2015/16,2016-03-05,Augsburg,Leverkusen,3,3,218,25,1,0.20951918512432444,0.2827694803714955,0.50771133450418,0.15083454405958818,0.20690000688100774,0.27683809602999626,0.516261897088996,0.1546669796166451,0.3264287874206229,0.28802540066525556,0.3855458119141215,1.0,144.0,180.0
2015/16,2016-03-05,Dortmund,Bayern Munich,0,0,219,25,1,0.26905879470800115,0.3321430317142333,0.39879817357776576,0.11571630912934194,0.2511268005264309,0.3138755174009009,0.4349976820726677,0.12614382667561796,0.3057766385832562,0.2711444778597383,0.42307888355700546,1.0,144.0,180.0
2015/16,2016-03-05,Ein Frankfurt,Ingolstadt,1,1,220,25,1,0.2703895774458717,0.3083379863091088,0.4212724362450194,0.12529049456558555,0.20553915792889862,0.2614652336845705,0.5329956083865309,0.1631653320007245,0.37141897770112486,0.3122758283856591,0.316305193913216,1.0,144.0,180.0
2015/16,2016-03-05,FC Koln,Schalke 04,1,3,221,25,2,0.39977512883356553,0.3339875821509152,0.26623728901551963,0.3491139348325942,0.41207196526991463,0.3366106652919623,0.25131736943812266,0.36516449293323083,0.37561463076730905,0.2874938962764447,0.3368914729562463,1.0,144.0,180.0
2015/16,2016-03-05,Stuttgart,Hoffenheim,5,1,222,25,0,0.5739104541049956,0.19393942838593303,0.2321501175090714,0.11772298909024333,0.6267232465582933,0.1943919309458261,0.17888482249588059,0.08566765718968172,0.5422787847422341,0.24056975499594205,0.21715146026182383,1.0,144.0,180.0
2015/16,2016-03-05,Werder Bremen,Hannover,4,1,223,25,0,0.5346427198811914,0.273310153105835,0.19204712701297386,0.12671974857675625,0.5982797832857167,0.23924925385753992,0.16247096285674348,0.09388797314428399,0.5939423012059932,0.23167962103779874,0.17437807775620798,1.0,144.0,180.0
2015/16,2016-03-06,Mainz,Darmstadt,0,0,224,25,1,0.44653084508249974,0.24413621012455308,0.3093329447929474,0.14753833317218393,0.3927070630102438,0.24967622121895477,0.3576167157708017,0.1410542763684129,0.5544817361575951,0.2624151532082736,0.1831031106341312,1.0,144.0,180.0
2015/16,2016-03-06,Hamburg,Hertha,2,0,225,25,0,0.29886974242612757,0.33532660877283543,0.3658036488010371,0.3126979737808786,0.2656950177028163,0.33819600339167194,0.39610897890551156,0.3480530650980172,0.3551303230543319,0.29974302496328925,0.34512665198237885,1.0,144.0,180.0
2015/16,2016-03-11,Hertha,Schalke 04,2,0,226,26,0,0.31355765541008346,0.40502845410127386,0.2814138904886427,0.2751984351030278,0.32945042655119505,0.4016750919503851,0.2688744814984196,0.2609651086267092,0.3773092270555199,0.29459579289620175,0.3280949800482782,1.0,144.0,180.0
2015/16,2016-03-12,Hoffenheim,Wolfsburg,1,0,227,26,0,0.17931887564826426,0.21724560158019313,0.6034355227715426,0.5188259690048971,0.22041638179570858,0.23029537281381218,0.5492882453904792,0.4547340971483229,0.27309134434621235,0.2600525003190723,0.46685615533471536,1.0,144.0,180.0
2015/16,2016-03-12,M'gladbach,Ein Frankfurt,3,0,228,26,0,0.6418257877843285,0.2149805134751893,0.14319369874048232,0.07439660082764842,0.7015788348659042,0.18116297258834904,0.11725819254574675,0.05140233775954334,0.6419477153561141,0.2116767251066497,0.14637555953723613,1.0,144.0,180.0
2015/16,2016-03-12,Ingolstadt,Stuttgart,3,3,229,26,1,0.4509880621135416,0.2669457840405332,0.28206615384592537,0.14147577365718042,0.408950044897693,0.27672221287087456,0.3143277422314325,0.13302103437906748,0.31654676258992803,0.28776978417266186,0.3956834532374101,1.0,144.0,180.0
2015/16,2016-03-12,Hannover,FC Koln,0,2,230,26,2,0.23168691403054445,0.2853778568466384,0.48293522912281694,0.16051740170763523,0.24375998759413517,0.28756214507416566,0.46867786733169914,0.17086107010754223,0.28398956832564337,0.2881658855069028,0.42784454616745393,1.0,144.0,180.0
2015/16,2016-03-12,Bayern Munich,Werder Bremen,5,0,231,26,0,0.8222599212175641,0.10464442032290489,0.07309565845953125,0.01846725544560947,0.8427409478562938,0.0900626913437152,0.06719636079999075,0.014622880192949734,0.8863912867157177,0.07716818260819189,0.03644053067609061,1.0,144.0,180.0
2015/16,2016-03-12,Darmstadt,Augsburg,2,2,232,26,1,0.5166510721036204,0.23836492819231056,0.24498399970406892,0.16347274520841182,0.44711129114981046,0.2544746708505135,0.2984140379996758,0.14447972237446133,0.3500045968557507,0.3024731083938586,0.34752229475039076,1.0,144.0,180.0
2015/16,2016-03-13,Leverkusen,Hamburg,1,0,233,26,0,0.6080509938994129,0.24078117617326478,0.15116782992732228,0.08823786809408699,0.6524793016944478,0.21929160292487773,0.1282290953806743,0.06860666832646238,0.6013792575363838,0.23792431790881202,0.16069642455480418,1.0,144.0,180.0
2015/16,2016-03-13,Dortmund,Mainz,2,0,234,26,0,0.7199288197645634,0.16883415581151176,0.11123702442392493,0.04540677080057966,0.740196171351358,0.1597783252773965,0.10002550337124559,0.038751565352582014,0.7147348529650422,0.18615717653272013,0.09910797050223763,1.0,144.0,180.0
2015/16,2016-03-18,Schalke 04,M'gladbach,2,1,235,27,0,0.38821640012954894,0.23568985169993145,0.37609374817051994,0.25786284024169914,0.3664840261396237,0.2513492105763042,0.3821667632840718,0.2736969620476425,0.3741168516536143,0.27456194715195226,0.3513212011944335,1.0,144.0,180.0
2015/16,2016-03-19,Ein Frankfurt,Hannover,1,0,236,27,0,0.44129175345929195,0.3169722055998059,0.24173604094090195,0.18529560912118706,0.44190975969838103,0.299724113561383,0.25836612674023596,0.18910888588333524,0.48550156739811906,0.2770376175548589,0.2374608150470219,1.0,144.0,180.0
2015/16,2016-03-19,FC Koln,Bayern Munich,0,1,237,27,2,0.1297198985722363,0.1684310773721494,0.7018490240556143,0.052860628271090455,0.14583473002814787,0.20180546874716895,0.6523598012246832,0.07106073814346228,0.10687518852820381,0.1995730561291969,0.6935517553425993,1.0,144.0,180.0
2015/16,2016-03-19,Hamburg,Hoffenheim,1,3,238,27,2,0.5257057543066427,0.27802562267165404,0.19626862302170311,0.4611753332252726,0.4285182946877691,0.3029523047045717,0.2685294006076592,0.3593385833287519,0.41186016183052254,0.28745665253860514,0.30068318563087226,1.0,144.0,180.0
2015/16,2016-03-19,Hertha,Ingolstadt,2,1,239,27,0,0.39359954774240186,0.37161142396114405,0.2347890282964542,0.2114236981533063,0.40172266630723114,0.3467917530999209,0.2514855805928479,0.2105903826283253,0.4802917966964161,0.2960106541573078,0.22369754914627601,1.0,144.0,180.0
2015/16,2016-03-19,Werder Bremen,Mainz,1,1,240,27,1,0.4157728439311303,0.2856188568217257,0.298608299247144,0.13101698706492595,0.4666439972429813,0.27481894603865353,0.25853705671836524,0.14229901492975133,0.43543153796236206,0.26768332251784555,0.29688513951979234,1.0,144.0,180.0
2015/16,2016-03-19,Wolfsburg,Darmstadt,1,1,241,27,1,0.5701064097604291,0.24665291221642474,0.18324067802314645,0.17929923226615432,0.5772878409040745,0.2471350684711455,0.17557709062477986,0.1820442830039751,0.6249916539411705,0.23197089756208927,0.14303744849674016,1.0,144.0,180.0
2015/16,2016-03-20,Stuttgart,Leverkusen,0,2,242,27,2,0.411540522589143,0.23125860446241658,0.3572008729484405,0.291278159735596,0.4424801732416998,0.23015857268733508,0.32736125407096517,0.32411579311849464,0.45430463576158936,0.25960264900662255,0.28609271523178803,1.0,144.0,180.0
2015/16,2016-03-20,Augsburg,Dortmund,1,3,243,27,2,0.14751248287954546,0.1719865891064315,0.680500928014023,0.06191979480259433,0.1717999775852837,0.205121167611361,0.6230788548033552,0.08579239099732705,0.1485332905617337,0.23195127601938983,0.6195154334188765,1.0,144.0,180.0
2015/16,2016-04-01,Leverkusen,Wolfsburg,3,0,244,28,0,0.5024048934084839,0.28606200563417106,0.21153310095734512,0.1461735714522263,0.47709842597648994,0.28929397335022994,0.23360760067328012,0.16399928360429555,0.47832737190832153,0.26430488205176794,0.2573677460399105,1.0,144.0,180.0
2015/16,2016-04-02,Mainz,Augsburg,4,2,245,28,0,0.3131434503901623,0.2754883183848748,0.41136823122496274,0.32049787070154306,0.30604135276412125,0.27231265734186294,0.4216459898940157,0.32968197243357766,0.45156501299022644,0.2799703080539404,0.26846467895583326,1.0,144.0,180.0
2015/16,2016-04-02,Dortmund,Werder Bremen,3,2,246,28,0,0.7952177031482299,0.12327120722027131,0.08151108963149878,0.024289923418400354,0.8112129184174618,0.11263794013381818,0.07614914144872018,0.02071962695791455,0.7915891149476926,0.13728258776715227,0.07112829728515499,1.0,144.0,180.0
2015/16,2016-04-02,Ingolstadt,Schalke 04,3,0,247,28,0,0.4490529438130331,0.3157461417617619,0.23520091442520513,0.17943106443376874,0.4208727817940956,0.31406151259095233,0.26506570561495224,0.20282408158003085,0.34044799586792557,0.29094665522244084,0.3686053489096337,1.0,144.0,180.0
2015/16,2016-04-02,Hannover,Hamburg,0,3,248,28,2,0.2305227352154179,0.29146971522925397,0.47800754955532854,0.16280842488621547,0.2271923143267978,0.27442310886932725,0.4983845768038752,0.15161719023869707,0.3045459252355804,0.28342135238686966,0.41203272237755,1.0,144.0,180.0
2015/16,2016-04-02,Bayern Munich,Ein Frankfurt,1,0,249,28,0,0.8223942106214698,0.11171680202187155,0.06588898735665873,0.017942587537828385,0.7723476341280726,0.1541111713536437,0.07354119451828375,0.028616953489130962,0.8911877221178441,0.07718948774249045,0.03162279013966544,1.0,144.0,180.0
2015/16,2016-04-02,Darmstadt,Stuttgart,2,2,250,28,1,0.3642026144254889,0.21133641649739193,0.4244609690771189,0.15640532931212422,0.37965605436206784,0.2229327101092507,0.3974112355286812,0.15103720486910327,0.3110008271298594,0.272125723738627,0.41687344913151364,1.0,144.0,180.0
2015/16,2016-04-03,Hoffenheim,FC Koln,1,1,251,28,1,0.41124320766624256,0.26097968046887404,0.3277771118648833,0.13827940545705228,0.46609294321012595,0.2694317636646423,0.2644752931252319,0.14359490619197748,0.36417184585526463,0.27830177992916527,0.35752637421557,1.0,144.0,180.0
2015/16,2016-04-03,M'gladbach,Hertha,5,0,252,28,0,0.47558634317221077,0.31274600767077515,0.21166764915701436,0.15990643858357556,0.5290362792446591,0.2999208335830453,0.1710428871722959,0.12553124775997465,0.5182012847965739,0.2698072805139186,0.21199143468950749,1.0,144.0,180.0
2015/16,2016-04-08,Hertha,Hannover,2,2,253,29,1,0.6908540588834524,0.20508250168139164,0.10406343943515592,0.24405426505140757,0.6574408573826971,0.2187961590757166,0.12376298354158626,0.2237728785256054,0.6402359591987219,0.22062185080496494,0.13914218999631314,1.0,144.0,180.0
2015/16,2016-04-09,Wolfsburg,Mainz,1,1,254,29,1,0.5184077645934224,0.2773246933802247,0.204267542026353,0.15523591955811855,0.570855372843234,0.25534686167506787,0.173797765481698,0.17804075999520952,0.44330701054462046,0.2807187659895734,0.275974223465806,1.0,144.0,180.0
2015/16,2016-04-09,Werder Bremen,Augsburg,1,2,255,29,2,0.42387890232819453,0.24654751691119842,0.3295735807606071,0.3145724537265547,0.43156419477298896,0.2420006082897457,0.32643519693726547,0.31996859906749947,0.5187323666426087,0.24388163506331603,0.23738599829407514,1.0,144.0,180.0
2015/16,2016-04-09,Stuttgart,Bayern Munich,1,3,256,29,2,0.14177945475905718,0.17250598301763903,0.6857145622233037,0.059438375095132556,0.1327937053832078,0.1542772155510139,0.7129290790657782,0.050021940917712185,0.0797822217568841,0.14626740655428752,0.7739503716888284,1.0,144.0,180.0
2015/16,2016-04-09,Ingolstadt,M'gladbach,1,0,257,29,0,0.1961382879790262,0.2706453834233315,0.5332163285976425,0.4652566525682199,0.16827590160046496,0.25597256679367986,0.575751531605855,0.5116274010025038,0.2825611739072691,0.2777584344074288,0.4396803916853021,1.0,144.0,180.0
2015/16,2016-04-09,Ein Frankfurt,Hoffenheim,0,2,258,29,2,0.42512675435999775,0.28948354560920775,0.2853897000307948,0.34570031904737186,0.43292547670681597,0.30125760140207014,0.26581692189111394,0.3632246302816313,0.40051536630737067,0.27563557512726355,0.3238490585653657,1.0,144.0,180.0
2015/16,2016-04-09,Hamburg,Darmstadt,1,2,259,29,2,0.3985756003871892,0.26278140903016867,0.3386429905826422,0.2981278015647398,0.3382719545055647,0.26921098906813196,0.3925170564263029,0.24173172096898893,0.45569620253164556,0.29689298043728424,0.2474108170310702,1.0,144.0,180.0
2015/16,2016-04-10,FC Koln,Leverkusen,0,2,260,29,2,0.35886402117195204,0.3152953379869581,0.3258406408410901,0.2916371136166278,0.4535813957713365,0.29921930092898624,0.2471993032996774,0.38622248577118246,0.3270621466793047,0.2911532463020517,0.38178460701864364,1.0,144.0,180.0
2015/16,2016-04-10,Schalke 04,Dortmund,2,2,261,29,1,0.1724612917536539,0.24086366189319083,0.5866750463531553,0.1869652535834079,0.16929542830428726,0.24903295465109115,0.5816716170446216,0.18350140606001847,0.2750785938839669,0.2797942269219777,0.4451271791940555,1.0,144.0,180.0
2015/16,2016-04-15,Hannover,M'gladbach,2,0,262,30,0,0.12686894344984367,0.16637414427416858,0.7067569122759877,0.6309315874811403,0.12724967173488394,0.16982177501685272,0.7029285532482633,0.6279008432292822,0.1858364322776791,0.2266088596827126,0.5875547080396082,1.0,144.0,180.0
2015/16,2016-04-16,Darmstadt,Ingolstadt,2,0,263,30,0,0.43659429021179325,0.2760183593876443,0.2873873504005626,0.20000874149610437,0.4584369890781897,0.2830412093562016,0.2585218015656088,0.18006200834171246,0.3540156467195883,0.30549013751191884,0.34049421576849287,1.0,144.0,180.0
2015/16,2016-04-16,Augsburg,Stuttgart,1,0,264,30,0,0.5251404735290565,0.21197667311435495,0.2628828533565887,0.1472994822345552,0.46322278749711815,0.2163035056342797,0.320473706868602,0.19541658632823333,0.4152459681398077,0.26132812928265226,0.32342590257753995,1.0,144.0,180.0
2015/16,2016-04-16,Bayern Munich,Schalke 04,3,0,265,30,0,0.7660688272418715,0.15915265776508689,0.07477851499304168,0.030157809946278945,0.7490847570265815,0.1700194969751652,0.0808957459982533,0.03475129043851178,0.801719060188922,0.13307445624904557,0.06520648356203232,1.0,144.0,180.0
2015/16,2016-04-16,Hoffenheim,Hertha,2,1,266,30,0,0.48166330026934073,0.28283945230672025,0.23549724742393907,0.1620659439159618,0.4301513287500631,0.3016752641878068,0.26817340706213,0.19832224219031475,0.38005840949362063,0.28755152389839916,0.3323900666079801,1.0,144.0,180.0
2015/16,2016-04-16,Werder Bremen,Wolfsburg,3,2,267,30,0,0.2492507757746999,0.25435072787839397,0.4963984963469061,0.40501793242517964,0.23918443470279446,0.23815408569750401,0.5226614795997016,0.4260076733279278,0.3527212946466762,0.2657358263191761,0.38154287903414774,1.0,144.0,180.0
2015/16,2016-04-16,Leverkusen,Ein Frankfurt,3,0,268,30,0,0.6552720838436905,0.2332787638292061,0.1114491523271036,0.06562912486595071,0.6301275145486639,0.25119077714440236,0.11868170830693363,0.07544550169030048,0.648340426905931,0.20874073446225064,0.14291883863181834,1.0,144.0,180.0
2015/16,2016-04-17,Dortmund,Hamburg,3,0,269,30,0,0.768719184736748,0.14842065876223398,0.08286015650101826,0.030178310522103836,0.7493069395689332,0.16287287542088094,0.08782018501018582,0.03527969772175888,0.6707873102156242,0.20617883640311818,0.1230338533812577,1.0,144.0,180.0
2015/16,2016-04-17,Mainz,FC Koln,2,3,270,30,2,0.40011579907395073,0.3130644688274945,0.2868197320985549,0.3343593735962816,0.4401266580362799,0.29687145147255867,0.2630018904911615,0.3684388442668933,0.4644502928234841,0.269969729437342,0.26557997773917386,1.0,144.0,180.0
2015/16,2016-04-22,Hamburg,Werder Bremen,2,1,271,31,0,0.33448373337504905,0.27542196862863605,0.39009429799631484,0.2975427312358253,0.3743688241003802,0.2523726937875487,0.37325848211207147,0.26536813136307413,0.34027443428021187,0.2784063553201734,0.38131921039961486,1.0,144.0,180.0
2015/16,2016-04-23,Stuttgart,Dortmund,0,3,272,31,2,0.1310086438929265,0.12932293417144514,0.7396684219356284,0.042467897656074824,0.16745752666219188,0.16654812042215236,0.6659943529156556,0.0698008977600251,0.18631511788058006,0.21973486996678276,0.593950012152637,1.0,144.0,180.0
2015/16,2016-04-23,Wolfsburg,Augsburg,0,2,273,31,2,0.4961759465331853,0.26127942832587203,0.24254462514094283,0.40996460741048873,0.483150806645513,0.2652220928230076,0.25162710053147896,0.3967483493105652,0.5211839814277422,0.2605919907138711,0.21822402785838652,1.0,144.0,180.0
2015/16,2016-04-23,Schalke 04,Leverkusen,2,3,274,31,2,0.36594022976500273,0.3066407299367654,0.327419040298232,0.2931386995569072,0.3216498530865375,0.3115621702676565,0.3667879766458058,0.25220804725545176,0.3122897592652178,0.26865475180624215,0.41905548892854017,1.0,144.0,180.0
2015/16,2016-04-23,FC Koln,Darmstadt,4,1,275,31,0,0.4239205125676419,0.28682363559514035,0.28925585183721747,0.2077682618312014,0.43300720522591013,0.2812318560632021,0.2857609387108874,0.20157007170933042,0.5021403550152519,0.2821826202535277,0.21567702473122047,1.0,144.0,180.0
2015/16,2016-04-23,Ingolstadt,Hannover,2,2,276,31,1,0.5458487426896167,0.2818889940339141,0.17226226327646932,0.16381256862248347,0.5870134530010114,0.25738283409241564,0.155603712906573,0.1843986547372409,0.45366348562188896,0.2807774008433468,0.26555911353476436,1.0,144.0,180.0
2015/16,2016-04-23,Hertha,Bayern Munich,0,2,277,31,2,0.13974454743879028,0.24920424301307145,0.6110512095481382,0.08540485006641926,0.14058935993051608,0.2585151342002413,0.6008955058692428,0.08952488268051997,0.09141422981810332,0.193286103284037,0.7152996668978596,1.0,144.0,180.0
2015/16,2016-04-24,Ein Frankfurt,Mainz,2,1,278,31,0,0.29429492286062847,0.3239908617727191,0.3817142153666527,0.32186269905663273,0.2622846383736847,0.3376327530483025,0.40008260857801253,0.35214502423301625,0.32454660014591336,0.2670655946704791,0.4083878051836076,1.0,144.0,180.0
2015/16,2016-04-24,M'gladbach,Hoffenheim,3,1,279,31,0,0.7384082848867213,0.16690152215870468,0.09469019295457413,0.03869822902884062,0.7456803458803652,0.16273395275256253,0.09158570136707228,0.0365332135832146,0.6286969020540368,0.21182876181518306,0.1594743361307801,1.0,144.0,180.0
2015/16,2016-04-29,Augsburg,FC Koln,0,0,280,32,1,0.5129345564876815,0.2646618115498881,0.22240363196243018,0.15628261737464735,0.3906507182020772,0.2653799410768069,0.3439693407211161,0.13546144549395894,0.3701746949650307,0.28683126949044774,0.34299403554452146,1.0,144.0,180.0
2015/16,2016-04-30,Hoffenheim,Ingolstadt,2,1,281,32,0,0.6762030611270325,0.19211976933437508,0.1316771695385924,0.0610916673005997,0.6349711536647049,0.21220131431950523,0.15282753201579002,0.07830115659945688,0.49244911359159554,0.2613263296126067,0.24622455679579777,1.0,144.0,180.0
2015/16,2016-04-30,Leverkusen,Hertha,2,1,282,32,0,0.4267736254894062,0.3182016135708019,0.25502476093979154,0.19681305256347875,0.4271247410281466,0.31797036766668596,0.2549048913051676,0.19658128297668362,0.6053877558735139,0.23462396280265374,0.1599882813238324,1.0,144.0,180.0
2015/16,2016-04-30,Mainz,Hamburg,0,0,283,32,1,0.5642558831403517,0.22758900280387567,0.20815511405577283,0.180856626583035,0.5262186488505028,0.24985073867437987,0.22393061247511714,0.16352549280076498,0.5700023344064364,0.23624193136845073,0.1937557342251128,1.0,144.0,180.0
2015/16,2016-04-30,Darmstadt,Ein Frankfurt,1,2,284,32,2,0.3961981396454859,0.33412598637536584,0.2696758739791484,0.34517314745333244,0.4340696217890747,0.32727092384976764,0.2386594543611578,0.3840279314968803,0.3814540665728169,0.2917669497298034,0.3267789836973798,1.0,144.0,180.0
2015/16,2016-04-30,Bayern Munich,M'gladbach,1,1,285,32,1,0.4091564133241304,0.3443645438224611,0.24647904285340827,0.1140804445650995,0.36253177897997385,0.3383321019126981,0.2991361191073282,0.11045585426248909,0.6573545208585047,0.2088397091853245,0.133805769956171,1.0,144.0,180.0
2015/16,2016-04-30,Hannover,Schalke 04,1,3,286,32,2,0.21165033366013317,0.2597689032453091,0.5285807630945575,0.1335159803314776,0.2069590443691863,0.24802321003603126,0.5450177455947823,0.12492044893493047,0.2263728856025604,0.23505865579354593,0.5385684586038937,1.0,144.0,180.0
2015/16,2016-04-30,Dortmund,Wolfsburg,5,1,287,32,0,0.7063440005968739,0.18719375892324006,0.10646224047988596,0.048784027316722954,0.7309096880115687,0.16820767896318686,0.10088263302524442,0.041293450826068695,0.7163552880426852,0.16804910010590388,0.11559561185141091,1.0,144.0,180.0
2015/16,2016-05-02,Werder Bremen,Stuttgart,6,2,288,32,0,0.5922507347963856,0.19958638304871462,0.2081628821548999,0.10479562439056109,0.5998912101045745,0.20389309175909115,0.1962156981363342,0.09929382197335543,0.508527082370564,0.24173824358994792,0.24973467403948815,1.0,144.0,180.0
2015/16,2016-05-07,Schalke 04,Augsburg,1,1,289,33,1,0.2967211631581784,0.29666712263917555,0.4066117142026461,0.12668826739637828,0.32627334522340273,0.2788335423975386,0.39489311237905866,0.1311974330038448,0.568887872836796,0.22597855456796515,0.20513357259523882,1.0,144.0,180.0
2015/16,2016-05-07,M'gladbach,Leverkusen,2,1,290,33,0,0.5560218682774067,0.26625515251069176,0.17772297921190175,0.11435101939391917,0.5237551147166347,0.28158312854147494,0.19466175674189018,0.13235119514820232,0.5507623458396212,0.22693448509132538,0.22230316906905345,1.0,144.0,180.0
2015/16,2016-05-07,Stuttgart,Mainz,1,3,291,33,2,0.4310750785106827,0.2617186919419098,0.30720622954740734,0.33289446584545535,0.44755916423174213,0.2608040711053366,0.2916367646629213,0.3510438393325146,0.46031343299144645,0.2546669122783846,0.2850196547301689,1.0,144.0,180.0
2015/16,2016-05-07,Ingolstadt,Bayern Munich,1,2,292,33,2,0.15182809628523655,0.28691560225296453,0.5612563014617991,0.10777390191428945,0.16319922948649865,0.3203150544609883,0.5164857160525131,0.13021002564311895,0.0595936064582198,0.1522328887717764,0.7881735047700038,1.0,144.0,180.0
2015/16,2016-05-07,FC Koln,Werder Bremen,0,0,293,33,1,0.3773664544495553,0.2621609011312507,0.3604726444191946,0.13617298415919749,0.3496497175752131,0.2695485253953691,0.38080175702941726,0.13363245157855902,0.3279309121022122,0.24760440080444812,0.4244646870933396,1.0,144.0,180.0
2015/16,2016-05-07,Hannover,Hoffenheim,1,0,294,33,0,0.2593988210452446,0.22780781605140984,0.5127933629033453,0.4057235696534479,0.23779074131331268,0.2177010777337882,0.5445081809528992,0.4387260565761723,0.34651645070671117,0.25806356723684015,0.3954199820564486,1.0,144.0,180.0
2015/16,2016-05-07,Ein Frankfurt,Dortmund,1,0,295,33,0,0.14174467255557432,0.25428639656138347,0.6039689308830425,0.5506903382793717,0.14280896887098468,0.2598186645546825,0.5973723665743331,0.5458151040973217,0.1397803189040375,0.19364822836310336,0.6665714527328591,1.0,144.0,180.0
2015/16,2016-05-07,Hertha,Darmstadt,1,2,296,33,2,0.4244935186861995,0.3000457833093566,0.2754606980044436,0.35257597377139926,0.44524032628398696,0.2980681264531985,0.25669154726281446,0.37537320203000996,0.5163088586895928,0.26950187678852366,0.21418926452188347,1.0,144.0,180.0
2015/16,2016-05-07,Hamburg,Wolfsburg,0,1,297,33,2,0.3899235683216755,0.2960228144399599,0.31405361723836456,0.3112814145782402,0.3662748061155946,0.29454600388179464,0.33917919000261093,0.285420688260311,0.37418185101036694,0.276936850182814,0.34888129880681906,1.0,144.0,180.0
2015/16,2016-05-14,Mainz,Hertha,0,0,298,34,1,0.4133203115764676,0.33734695086368205,0.2493327375598506,0.11650024699037875,0.355104112795988,0.34581781796001587,0.29907806924399605,0.10777331121367115,0.4805825569271131,0.2730886953012008,0.2463287477716861,1.0,144.0,180.0
2015/16,2016-05-14,Werder Bremen,Ein Frankfurt,1,0,299,34,0,0.5390077668115999,0.285783055165466,0.17520917802293393,0.12160604756175025,0.5862914294899505,0.25999632645624504,0.15371224405380438,0.09739111764276247,0.5027742004202455,0.2586832957307331,0.2385425038490215,1.0,144.0,180.0
2015/16,2016-05-14,Leverkusen,Ingolstadt,3,2,300,34,0,0.5575551620965449,0.27248032948029455,0.1699645084231609,0.11232268435547066,0.5349355458689867,0.27217806600359956,0.19288638812741374,0.1267450526105083,0.5803614738989415,0.23352640259266932,0.18611212350838924,1.0,144.0,180.0
2015/16,2016-05-14,Wolfsburg,Stuttgart,3,1,301,34,0,0.5764183075531444,0.22163466054166484,0.20194703190519092,0.11010202693572937,0.535451258620794,0.2333956326819707,0.23115310869723535,0.13461864638870014,0.4687846386197798,0.22116476178675842,0.3100505995934619,1.0,144.0,180.0
2015/16,2016-05-14,Darmstadt,M'gladbach,0,2,302,34,2,0.2925372037136184,0.2687748522534607,0.43868794403292094,0.2003246198652862,0.30346405486413225,0.2712331371050379,0.4253028080308299,0.21118364752591512,0.24509516365570258,0.2482055083721455,0.506699327972152,1.0,144.0,180.0
2015/16,2016-05-14,Bayern Munich,Hannover,3,1,303,34,0,0.7989709614133913,0.1322652838671979,0.06876375471941083,0.022570564159083747,0.7836345267574566,0.14696406177847413,0.06940141146406933,0.02581528696233741,0.8886811985494731,0.06821697965139013,0.04310182179913671,1.0,144.0,180.0
2015/16,2016-05-14,Augsburg,Hamburg,1,3,304,34,2,0.6376845628922204,0.23715302613782774,0.12516241096995195,0.5859912044654748,0.6003576870963789,0.2529566951449238,0.1466856177586972,0.5442873936977848,0.49773607941839926,0.25402592654255096,0.24823799403904973,1.0,144.0,180.0
2015/16,2016-05-14,Dortmund,FC Koln,2,2,305,34,1,0.7931922828314891,0.12944705920299615,0.07736065796551471,0.3175693344721432,0.7426755484486839,0.16522564448649227,0.09209880706482383,0.2800245802631585,0.7839541286491161,0.13083346606293658,0.0852124052879474,1.0,144.0,180.0
2015/16,2016-05-14,Hoffenheim,Schalke 04,1,4,306,34,2,0.47585505554054386,0.2510944018811563,0.2730505425782998,0.3774467737645991,0.532276611053839,0.23535809536974236,0.23236529357641855,0.436290716590489,0.28194257082289453,0.23472730776642897,0.4833301214106764,1.0,144.0,180.0
2016/17,2016-08-26,Bayern Munich,Werder Bremen,6,0,1,1,0,0.5778518077341169,0.23837085248343112,0.18377733978245195,0.10599160342543389,0.576524427466956,0.2512666729141513,0.17220889961889257,0.10449373282006966,0.9039568741061278,0.06732920165755987,0.028713924236312298,1.0,144.0,180.0
2016/17,2016-08-27,FC Koln,Darmstadt,2,0,2,1,0,0.5253164669732828,0.25553745196829025,0.21914608105842687,0.13667473068499655,0.5124284883492908,0.2677785545259658,0.2197929571247433,0.1430174614874985,0.6361524144391758,0.2262528217635868,0.13759476379723748,1.0,144.0,180.0
2016/17,2016-08-27,Hamburg,Ingolstadt,1,1,3,1,1,0.4943142220719991,0.2636669334203172,0.24201884450768357,0.15145983561974,0.45400146336638453,0.27275347858456406,0.27324505804905136,0.14039009524352403,0.39853300733496333,0.30073349633251834,0.30073349633251834,1.0,144.0,180.0
2016/17,2016-08-27,M'gladbach,Leverkusen,2,1,4,1,0,0.42652351770694596,0.27545261782376124,0.298023864469293,0.20884674976821344,0.4525411709442355,0.2730374115749468,0.2744214174808174,0.187509141941645,0.38589849314041524,0.27610765424694506,0.33799385261263964,1.0,144.0,180.0
2016/17,2016-08-27,Ein Frankfurt,Schalke 04,1,0,5,1,0,0.3891305933708589,0.27797879505559125,0.33289061157354993,0.2419887956146255,0.35866332377157767,0.299964953554863,0.3413717226735594,0.2639236926584168,0.2973168090482493,0.2779448923113945,0.4247382986403561,1.0,144.0,180.0
2016/17,2016-08-27,Augsburg,Wolfsburg,0,2,6,1,2,0.3852678922606665,0.2780600352534584,0.3366720724858756,0.2942176441135803,0.3449581415190724,0.282967734900751,0.3720741235801765,0.2566435128389479,0.3278715775872817,0.28918466577757296,0.3829437566351454,1.0,144.0,180.0
2016/17,2016-08-27,Dortmund,Mainz,2,1,7,1,0,0.5407535572135321,0.25090262128059654,0.20834382150587147,0.1271572215858474,0.576804494191518,0.24111898206209875,0.18207652374638317,0.10612314831803209,0.7596527117797715,0.14961099209097792,0.0907362961292505,1.0,144.0,180.0
2016/17,2016-08-28,Hertha,Freiburg,2,1,8,1,0,0.48612629461638984,0.2661887277873404,0.2476849775962695,0.16270701660577302,0.4488946596322282,0.28519579608566,0.26590954428211205,0.187212490961099,0.4857801996738395,0.2771966111133209,0.2370231892128396,1.0,144.0,180.0
2016/17,2016-08-28,Hoffenheim,RB Leipzig,2,2,9,1,1,0.47579842525418287,0.2683857709093678,0.2558158038364495,0.14591293348342446,0.4640012808848361,0.26609535027120473,0.2699033688439589,0.1440725085880434,0.396684384363042,0.2799458369647753,0.32336977867218275,1.0,144.0,180.0
2016/17,2016-09-09,Schalke 04,Bayern Munich,0,2,10,2,2,0.31920545470275613,0.27347731591109115,0.40731722938615283,0.22658249444724984,0.2923415159932422,0.2963544893807208,0.41130399462603695,0.21601327435824405,0.0865506953889352,0.16112402930724345,0.7523252753038213,1.0,144.0,180.0
2016/17,2016-09-10,Wolfsburg,FC Koln,0,0,11,2,1,0.47311426401022566,0.277993428757635,0.248892307232139,0.1428922437046376,0.4809195821819243,0.2830112523692654,0.23606916544881035,0.14350614770086723,0.5366210489218476,0.25309704111520137,0.210281909962951,1.0,144.0,180.0
2016/17,2016-09-10,RB Leipzig,Dortmund,1,0,12,2,0,0.37225725028298734,0.27723243886660687,0.3505103108504057,0.25845921891736207,0.32698474226473595,0.274811588149613,0.39820366958565084,0.3057578498079711,0.1763991518659439,0.22189576569562172,0.6017050824384343,1.0,144.0,180.0
2016/17,2016-09-10,Leverkusen,Hamburg,3,1,13,2,0,0.5336688338098418,0.26077227845069717,0.2055588877394611,0.12985960644447866,0.5453923740275755,0.25605435826847694,0.19855326770394777,0.12304574685409968,0.6288072674790282,0.22143100164047047,0.14976173088050138,1.0,144.0,180.0
2016/17,2016-09-10,Darmstadt,Ein Frankfurt,1,0,14,2,0,0.3414714924730359,0.2819220853260978,0.37660642220086643,0.287746096234314,0.3874901573116279,0.2940260087590728,0.31848383392929935,0.23830012993221994,0.29978586723768735,0.2883234664315405,0.41189066633077215,1.0,144.0,180.0
2016/17,2016-09-10,Freiburg,M'gladbach,3,1,15,2,0,0.3456900295371318,0.2796340365903075,0.374675933872561,0.2842517964351975,0.3199307612278126,0.28095072909804764,0.39911850967413953,0.3108948771443444,0.25588321305281697,0.2613420549312771,0.482774732015906,1.0,144.0,180.0
2016/17,2016-09-10,Ingolstadt,Hertha,0,2,16,2,2,0.405215077766336,0.2875997268612903,0.3071851953723737,0.32209580638019686,0.4368333980655309,0.29325362887021594,0.2699129730642534,0.3619252422826783,0.4102215003718187,0.31124742409163386,0.2785310755365474,1.0,144.0,180.0
2016/17,2016-09-11,Mainz,Hoffenheim,4,4,17,2,1,0.4904426195108162,0.2557919179845004,0.2537654625046838,0.15246543649642358,0.506065509551128,0.25448705454118936,0.23944743590768242,0.1567186872600033,0.4895907754166182,0.26251516108129663,0.24789406350208515,1.0,144.0,180.0
2016/17,2016-09-11,Werder Bremen,Augsburg,1,2,18,2,2,0.4135544066753257,0.28478589850412,0.30165969482055405,0.329353214559351,0.4452423279764513,0.2798841374408514,0.27487353458269775,0.3620245607352402,0.40151492559568186,0.27832284615155223,0.3201622282527659,1.0,144.0,180.0
2016/17,2016-09-16,FC Koln,Freiburg,3,0,19,3,0,0.5060326765116662,0.2730838544987864,0.22088346898954775,0.1463966117735423,0.5037435804491672,0.2825382745136679,0.21371814503716474,0.1459729397317694,0.564507704361452,0.24804126403760773,0.18745103160094018,1.0,144.0,180.0
2016/17,2016-09-17,Bayern Munich,Ingolstadt,3,1,20,3,0,0.614585457760112,0.22702066966946585,0.15839387257042223,0.08681649411891879,0.5914951365157033,0.24561515723265093,0.16288970625164556,0.09670463994653566,0.85419947696686,0.1092691210802991,0.0365314019528408,1.0,144.0,180.0
2016/17,2016-09-17,Ein Frankfurt,Leverkusen,2,1,21,3,0,0.41066867901499515,0.2807926122540144,0.30853870873099015,0.2212537703396589,0.36289606283077536,0.29291036746545634,0.34419356970376824,0.2621853200909751,0.25987261146496815,0.25987261146496815,0.48025477707006364,1.0,144.0,180.0
2016/17,2016-09-17,Dortmund,Darmstadt,6,0,22,3,0,0.6453839700474834,0.21186539379404137,0.14275063615847536,0.07306513641146678,0.6671353910489941,0.20240829077471975,0.13045631817628625,0.06390884942210924,0.8322664463386935,0.11513181789913932,0.052601735762167014,1.0,144.0,180.0
2016/17,2016-09-17,Hoffenheim,Wolfsburg,0,0,23,3,1,0.438592009051124,0.2786316645872932,0.28277632636158284,0.1361627005770268,0.405169180160146,0.2743915178024447,0.3204393020374093,0.13342170542093343,0.3430119400669944,0.263006474153245,0.39398158577976056,1.0,144.0,180.0
2016/17,2016-09-17,Hamburg,RB Leipzig,0,4,24,3,2,0.3892230360877636,0.28761240777535435,0.3231645561368822,0.30480039494538014,0.3853819278589814,0.2880838666421099,0.32653420549890866,0.30103770334164565,0.35419975814002863,0.2877223841782637,0.35807785768170775,1.0,144.0,180.0
2016/17,2016-09-17,M'gladbach,Werder Bremen,4,1,25,3,0,0.5523875225714343,0.24896281688771216,0.19864966054085365,0.11990930879136728,0.5603601365733181,0.24823220575683394,0.1914076576698478,0.11496005046424464,0.668431945345782,0.19079513779772808,0.1407729168564899,1.0,144.0,180.0
2016/17,2016-09-18,Augsburg,Mainz,1,3,26,3,2,0.43795712890876637,0.27534060360247187,0.2867022674887621,0.35030005098384187,0.40903004833742745,0.28179180632989187,0.3091781453326807,0.3222702076644565,0.408379065720787,0.2891179226341855,0.3025030116450274,1.0,144.0,180.0
2016/17,2016-09-18,Hertha,Schalke 04,2,0,27,3,0,0.4382115668385736,0.2844577002779737,0.27733073288345284,0.19625928951782176,0.4025725291357356,0.3007570624831688,0.29667040838109593,0.22246645707613877,0.34017865609649706,0.28730631365334647,0.37251503025015653,1.0,144.0,180.0
2016/17,2016-09-20,Ingolstadt,Ein Frankfurt,0,2,28,4,2,0.3711046406217011,0.2957290680914302,0.33316629128686887,0.2911929246835356,0.4207026280272135,0.3004993704080684,0.27879800156471785,0.34856151188802414,0.4901106400850472,0.28086569632380926,0.22902366359114354,1.0,144.0,180.0
2016/17,2016-09-20,Wolfsburg,Dortmund,1,5,29,4,2,0.38304888044104796,0.2765006366350506,0.3404504829239017,0.2908660051412275,0.3559353699930008,0.2800161746986442,0.3640484553083552,0.2655621774038719,0.2036823358250138,0.23326477031388482,0.5630528938611014,1.0,144.0,180.0
2016/17,2016-09-20,Darmstadt,Hoffenheim,1,1,30,4,1,0.28486416808076753,0.25960323034804744,0.4555326015711854,0.14432877267527988,0.3264636607308765,0.2713166577627705,0.402219681506353,0.13417959698443846,0.26094102256767476,0.25093049740523204,0.48812848002709314,1.0,144.0,180.0
2016/17,2016-09-20,Freiburg,Hamburg,1,0,31,4,0,0.5005404055046221,0.26682206267099645,0.232637531824382,0.1517900538734137,0.5052686697780249,0.26501387353496314,0.22971745668701207,0.1487645995049771,0.45398932617057036,0.2809790672001238,0.2650316066293059,1.0,144.0,180.0
2016/17,2016-09-21,Werder Bremen,Mainz,1,2,32,4,2,0.3867842894341325,0.26431309763717065,0.34890261292869706,0.28676494700207256,0.3725594216238718,0.26433375164550804,0.36310682673062017,0.27221671839892714,0.30152891965959905,0.2648564834847829,0.4336145968556181,1.0,144.0,180.0
2016/17,2016-09-21,Schalke 04,FC Koln,1,3,33,4,2,0.47982712302224656,0.255185395623526,0.2649874813542277,0.3852387352769041,0.45636645588389035,0.27266887454251204,0.2709646695735975,0.36988142753297826,0.4299917149958575,0.28666114333057163,0.28334714167357083,1.0,144.0,180.0
2016/17,2016-09-21,Bayern Munich,Hertha,3,0,34,4,0,0.5477441656466978,0.26243803371921043,0.18981780063409187,0.12028306857208267,0.5411487833941115,0.2790582816116659,0.17979293499422286,0.12143496922727035,0.8526127359340067,0.10846290335443669,0.03892436071155647,1.0,144.0,180.0
2016/17,2016-09-21,Leverkusen,Augsburg,0,0,35,4,1,0.5709332817664322,0.2516974842329145,0.17736923400065305,0.17871232869928338,0.5865114991623688,0.24586974986169036,0.16761875097594106,0.18604589216421188,0.6581526500750837,0.19972453128551418,0.14212281863940213,1.0,144.0,180.0
2016/17,2016-09-21,RB Leipzig,M'gladbach,1,1,36,4,1,0.43459770709915985,0.2687874350147936,0.2966148578860464,0.13842777046730337,0.42822014781008405,0.27055252619249825,0.30122732599741786,0.13705519845902236,0.43821982390550884,0.27807716871057786,0.28370300738391324,1.0,144.0,180.0
2016/17,2016-09-23,Dortmund,Freiburg,3,1,37,5,0,0.5228196374974832,0.26039878851174947,0.21678157399076736,0.13734767458997396,0.5784323216562552,0.24329336368955676,0.1782743146541879,0.10475051934477773,0.8009889836583617,0.1338639123374248,0.06514710400421342,1.0,144.0,180.0
2016/17,2016-09-24,Augsburg,Darmstadt,1,0,38,5,0,0.6114910274599015,0.23923173972783582,0.14927723281226288,0.08661145699012475,0.4819351918334424,0.2959715140947732,0.22209329407178405,0.15885828836615407,0.5932789288292821,0.24908657317259938,0.15763449799811843,1.0,144.0,180.0
2016/17,2016-09-24,Hamburg,Bayern Munich,0,1,39,5,2,0.22329173758636356,0.23069609004253003,0.5460121723711066,0.1279820738547697,0.19923388480092763,0.23517186338461793,0.5655942518144547,0.11420124745475646,0.06077893641986657,0.1346474380220638,0.8045736255580697,1.0,144.0,180.0
2016/17,2016-09-24,Ein Frankfurt,Hertha,3,3,40,5,1,0.45771429936470986,0.2886780699088137,0.2536076307264763,0.13690960510281205,0.4094311745982895,0.30980396883478384,0.28076485656692707,0.12323139570799096,0.41189066633077215,0.29978586723768735,0.2883234664315405,1.0,144.0,180.0
2016/17,2016-09-24,Werder Bremen,Wolfsburg,2,1,41,5,0,0.35468792789631537,0.25956581454437955,0.3857462575593049,0.28261392281188047,0.357041710406646,0.2653612636746264,0.3775970259187277,0.27798743806973975,0.24730046948356812,0.2530516431924883,0.4996478873239438,1.0,144.0,180.0
2016/17,2016-09-24,Mainz,Leverkusen,2,3,42,5,2,0.437479210077544,0.26181784200325076,0.30070294791920504,0.3402022131494808,0.44682207638461585,0.27321892998927483,0.27995899362610893,0.3590545094022924,0.2919913280528903,0.26805761263871897,0.43995105930839085,1.0,144.0,180.0
2016/17,2016-09-24,M'gladbach,Ingolstadt,2,0,43,5,0,0.4931734938028768,0.294609713202205,0.21221679299491822,0.15095453730651526,0.5083775335987053,0.2779023733130299,0.2137200930882647,0.14368446383007435,0.4841306119204245,0.29105471311882664,0.2248146749607489,1.0,144.0,180.0
2016/17,2016-09-25,FC Koln,RB Leipzig,1,1,44,5,1,0.4430882569666075,0.270389958672209,0.28652178436118364,0.13921096818761147,0.4128973106589438,0.2717289017446193,0.31537378759643697,0.1349724075261554,0.41226747109100054,0.2885872297637004,0.29914529914529914,1.0,144.0,180.0
2016/17,2016-09-25,Hoffenheim,Schalke 04,2,1,45,5,0,0.3745515861417139,0.2711155799957129,0.3543328338625732,0.25836873777546393,0.36918060145099646,0.2767288152116695,0.3540905833373341,0.26165662739695006,0.3321917808219178,0.25256849315068497,0.41523972602739734,1.0,144.0,180.0
2016/17,2016-09-30,RB Leipzig,Augsburg,2,1,46,6,0,0.5779775448746708,0.24957096014634692,0.17245149497898227,0.10392123537524822,0.5556697511081082,0.2599726298805097,0.18435761901138212,0.1157085508839382,0.5519983389263629,0.2572138856777293,0.19078777539590794,1.0,144.0,180.0
2016/17,2016-10-01,Leverkusen,Dortmund,2,0,47,6,0,0.4495885718646327,0.2722510374017748,0.27816039073359244,0.19016297159753978,0.4233632010489454,0.2755090858810073,0.3011277130700468,0.21159394874165782,0.29152165864494634,0.2570899666790078,0.451388374676046,1.0,144.0,180.0
2016/17,2016-10-01,Hertha,Hamburg,2,0,48,6,0,0.5193129499699982,0.2919037971501641,0.18878325287983763,0.13334957831721908,0.4944055594996214,0.30112977515417416,0.20446466534620425,0.14871576882001314,0.46644173996867094,0.285576575491023,0.24798168454030603,1.0,144.0,180.0
2016/17,2016-10-01,Ingolstadt,Hoffenheim,1,2,49,6,2,0.46176116181315435,0.2732660372476421,0.26497280093920356,0.3767441769590969,0.44667735775109074,0.2756673208802441,0.27765532136866494,0.36065124833725115,0.4602821083890126,0.2761692650334076,0.2635486265775798,1.0,144.0,180.0
2016/17,2016-10-01,Darmstadt,Werder Bremen,2,2,50,6,1,0.2398065555384039,0.26600263877763086,0.49419080568396534,0.15086586825088014,0.24565044270838324,0.26646457368490073,0.4878849836067159,0.14918794861587514,0.3223720259284248,0.27762350108283607,0.40000447298873926,1.0,144.0,180.0
2016/17,2016-10-01,Bayern Munich,FC Koln,1,1,51,6,1,0.6445154626925724,0.22289248831277697,0.1325920489946505,0.21649041655321027,0.6260016810835608,0.23946096594786442,0.13453735296857489,0.20498920203161752,0.7967785166043617,0.14328034728411768,0.05994113611152078,1.0,144.0,180.0
2016/17,2016-10-01,Freiburg,Ein Frankfurt,1,0,52,6,0,0.4234707840815471,0.31291158778682604,0.26361762813162676,0.20094009533464544,0.45071611036438597,0.29715028512641845,0.25213360450919564,0.18264207296801444,0.408020652512574,0.27507010281746563,0.3169092446699604,1.0,144.0,180.0
2016/17,2016-10-02,Schalke 04,M'gladbach,4,0,53,6,0,0.4851864090072545,0.26689111825230355,0.24792247274044169,0.1632492929802905,0.46001113170043395,0.2745521459868033,0.26543672231276283,0.1810223157197944,0.4063840932648262,0.276662617166167,0.3169532895690069,1.0,144.0,180.0
2016/17,2016-10-02,Wolfsburg,Mainz,0,0,54,6,1,0.43274591278002106,0.27960330265005506,0.28765078456992427,0.13500599944575317,0.4435046269129176,0.292350842971674,0.2641445301154081,0.13323434344152807,0.5108426601835347,0.267252835845337,0.2219045039711282,1.0,144.0,180.0
2016/17,2016-10-14,Dortmund,Hertha,1,1,55,7,1,0.5247707687568243,0.26768676073908765,0.20754247050408794,0.1592291184022843,0.5605883379518743,0.26086862366682256,0.1785430383813032,0.1730684506010362,0.6906482465462274,0.18297024442082888,0.12638150903294368,1.0,144.0,180.0
2016/17,2016-10-15,Werder Bremen,Leverkusen,2,1,56,7,0,0.2954534354202132,0.23105644235422731,0.47349012222555953,0.3602893787531775,0.3068658283489241,0.24885321159809345,0.44428096005298245,0.3389102756880115,0.18960492669727252,0.20901012175370978,0.6013849515490177,1.0,144.0,180.0
2016/17,2016-10-15,Hoffenheim,Freiburg,2,1,57,7,0,0.4650725079036432,0.2666142289339808,0.26831326316237614,0.17906971449467018,0.48438165248855697,0.25776144096332054,0.25785690654812254,0.16617623227249922,0.4802530208417809,0.259184169978104,0.26056280918011515,1.0,144.0,180.0
2016/17,2016-10-15,FC Koln,Ingolstadt,2,1,58,7,0,0.5187025531072,0.29321079434301384,0.1880866525497861,0.1335119106264558,0.5343164529928193,0.28447389572230686,0.18120965128487418,0.12484905183598735,0.5214508297702731,0.2792956011305167,0.19925356909921008,1.0,144.0,180.0
2016/17,2016-10-15,Augsburg,Schalke 04,1,1,59,7,1,0.34705069490371954,0.3027120519232887,0.3502372531729916,0.12155515917165849,0.37761116333431716,0.2982501973217759,0.3241386393439072,0.12382802409520788,0.27218449765593794,0.2699350389976244,0.4578804633464376,1.0,144.0,180.0
2016/17,2016-10-15,M'gladbach,Hamburg,0,0,60,7,1,0.5475994431488759,0.2625705248241647,0.18983003202695964,0.16795029559815772,0.6022761974423334,0.2461798592645116,0.1515439432931549,0.1928510923772178,0.5722951738251273,0.23468219358296588,0.19302263259190683,1.0,144.0,180.0
2016/17,2016-10-15,Ein Frankfurt,Bayern Munich,2,2,61,7,1,0.22263856963630407,0.2727709501139834,0.5045904802497124,0.15208974272416748,0.237348774707108,0.30632149515154544,0.4563297301413467,0.13228563173291985,0.08492605502142493,0.1611918873268493,0.7538820576517259,1.0,144.0,180.0
2016/17,2016-10-16,Wolfsburg,RB Leipzig,0,1,62,7,2,0.3849467790663112,0.3056647791681886,0.3093884417655004,0.3125641735403057,0.36550449232244636,0.3078448162526337,0.3266506914249199,0.29349641263321385,0.4034585035536404,0.28920476803402545,0.3073367284123343,1.0,144.0,180.0
2016/17,2016-10-16,Mainz,Darmstadt,2,1,63,7,0,0.5827345228238328,0.23648431394511116,0.180781163231056,0.10339615371111414,0.5551469603455695,0.25224103335147763,0.19261200630295322,0.1174968059309175,0.6006689248205194,0.24538605199434751,0.15394502318513312,1.0,144.0,180.0
2016/17,2016-10-21,Hamburg,Ein Frankfurt,0,3,64,8,2,0.28692356775071787,0.26132809256332473,0.4517483396859569,0.19145250838395259,0.30986368412014276,0.28991712770014855,0.4002191881797089,0.22787626248215764,0.396500538580774,0.2855266269080209,0.3179728345112051,1.0,144.0,180.0
2016/17,2016-10-22,Leverkusen,Hoffenheim,0,3,65,8,2,0.5274850305397883,0.2440820566304627,0.22843291282974879,0.43677811372397357,0.562827741297536,0.22856889319282273,0.2086033655096414,0.4715418497283762,0.6210936970250391,0.21855858380836568,0.1603477191665951,1.0,144.0,180.0
2016/17,2016-10-22,Ingolstadt,Dortmund,3,3,66,8,1,0.27164790241114223,0.2396744842454973,0.4886776133433604,0.15629919633366818,0.2812211777212203,0.23950858824272786,0.47927023403605207,0.15439265401594104,0.1777421462082072,0.22400380070075424,0.5982540530910387,1.0,144.0,180.0
2016/17,2016-10-22,Hertha,FC Koln,2,1,67,8,0,0.38721607944871933,0.2743228248590036,0.338461095692277,0.24503002329170748,0.3626652552810506,0.2892970047093112,0.3480377400096378,0.26366292264849245,0.3540807174887893,0.29811659192825113,0.34780269058295965,1.0,144.0,180.0
2016/17,2016-10-22,Freiburg,Augsburg,2,1,68,8,0,0.4642506014254238,0.30230470988794733,0.23344468868662885,0.1707619203745086,0.44998179555744344,0.3066964350533483,0.24332176938920821,0.18086275433845447,0.45383385236932916,0.2908846056729231,0.2552815419577477,1.0,144.0,180.0
2016/17,2016-10-22,Bayern Munich,M'gladbach,2,0,69,8,0,0.43386663780545937,0.2747766580001522,0.29135670419438875,0.20269785643435562,0.46301043098045247,0.27601224141244857,0.2609773276070989,0.17823348138037126,0.8234279397294221,0.12067478427069118,0.0558972759998866,1.0,144.0,180.0
2016/17,2016-10-22,Darmstadt,Wolfsburg,3,1,70,8,0,0.27039584194211275,0.25496581418123365,0.47463834387665366,0.3788018924666655,0.2876299688794024,0.26310387110633726,0.4492661600142603,0.3546555718863601,0.20325013969081765,0.2524911529148818,0.5442587073943007,1.0,144.0,180.0
2016/17,2016-10-23,RB Leipzig,Werder Bremen,3,1,71,8,0,0.6490132224284983,0.2040107949892746,0.14697598258222683,0.07239682874301893,0.6311284168446425,0.21778026625353503,0.1510913169018228,0.07944741545133338,0.6047599301825476,0.225739881773209,0.16950018804424344,1.0,144.0,180.0
2016/17,2016-10-23,Schalke 04,Mainz,3,0,72,8,0,0.5036420959641168,0.30017621042043546,0.19618169361544763,0.14242921290436023,0.4834805112358228,0.2929439004464731,0.22357558831770413,0.1583892129824072,0.5164356497254242,0.26306373578506864,0.22050061448950697,1.0,144.0,180.0
2016/17,2016-10-28,M'gladbach,Ein Frankfurt,0,0,73,9,1,0.40639700519580285,0.29962961706863056,0.29397337773556625,0.12578943632468778,0.5004774648817922,0.27667839223033547,0.22284414288787244,0.15006860243696798,0.49227316033394153,0.29242495195956525,0.2153018877064931,1.0,144.0,180.0
2016/17,2016-10-29,Darmstadt,RB Leipzig,0,2,74,9,2,0.2932317363219581,0.2721780103683373,0.43459025330970413,0.20283651641938721,0.29192419215643434,0.25784038412573224,0.4502354237178335,0.1937304116504485,0.18783672280735814,0.24210066495170604,0.5700626122409357,1.0,144.0,180.0
2016/17,2016-10-29,Wolfsburg,Leverkusen,1,2,75,9,2,0.38033545936442825,0.27549087352462653,0.3441736671109452,0.287381620280328,0.4061544200430019,0.28565094778301825,0.30819463217397997,0.3217780399366811,0.37265403483505105,0.2722444754489401,0.35510148971600886,1.0,144.0,180.0
2016/17,2016-10-29,Werder Bremen,Freiburg,1,3,76,9,2,0.4279958523737471,0.2736155197485602,0.2983886278776927,0.3377194835702385,0.4763222464502742,0.26261358012977964,0.26106417341994637,0.3864545191334916,0.441952506596306,0.2651715039577836,0.29287598944591026,1.0,144.0,180.0
2016/17,2016-10-29,Augsburg,Bayern Munich,1,3,77,9,2,0.20999375843086035,0.26361147135858026,0.5263947702105594,0.1341996461319137,0.19163933642351533,0.27123774192056926,0.5371229216559157,0.12549041246060055,0.06023340823887625,0.13648990975578226,0.8032766820053415,1.0,144.0,180.0
2016/17,2016-10-29,Dortmund,Schalke 04,0,0,78,9,1,0.4634547327106367,0.2639551311600429,0.27259013612932065,0.14454783579344455,0.4793010427315999,0.26958621408547556,0.25111274318292476,0.1463935496762262,0.6135311016005159,0.2157472005628188,0.1707216978366653,1.0,144.0,180.0
2016/17,2016-10-29,Mainz,Ingolstadt,2,0,79,9,0,0.5488654249852376,0.24834603136085842,0.20278854365390395,0.1223227991055108,0.5231962974940234,0.25086860512980647,0.22593509737617012,0.13919421947489366,0.4398286279876652,0.2972175273977253,0.26295384461460947,1.0,144.0,180.0
2016/17,2016-10-30,Hoffenheim,Hertha,1,0,80,9,0,0.503747640419729,0.25942822994046744,0.2368241296398036,0.15117603638431856,0.5365722409523619,0.25053579313505075,0.21289196591258752,0.130044138503021,0.47564859935208126,0.2691857457871668,0.25516565486075193,1.0,144.0,180.0
2016/17,2016-10-30,FC Koln,Hamburg,3,0,81,9,0,0.6832240654963225,0.19943489875142617,0.1173410357522513,0.05705795567604464,0.6928098557488552,0.1919690342423909,0.11522111000875378,0.05382084445834425,0.5909860251935952,0.23869508560130606,0.1703188892050986,1.0,144.0,180.0
2016/17,2016-11-04,Hertha,M'gladbach,3,0,82,10,0,0.325572718814953,0.34143346799923974,0.3329938131858072,0.2828685186133394,0.3388163510579744,0.34029244745765,0.3208912014843757,0.27006749040918887,0.32669811536439086,0.30064243745189345,0.37265944718371585,1.0,144.0,180.0
2016/17,2016-11-05,Freiburg,Wolfsburg,0,3,83,10,2,0.38737203726412095,0.2719179281520304,0.340710034583849,0.2923601768762928,0.41936234366520136,0.26241347356021805,0.3182241827745804,0.3203415201188794,0.3827478694658075,0.28734150904177924,0.3299106214924132,1.0,144.0,180.0
2016/17,2016-11-05,Ein Frankfurt,FC Koln,1,0,84,10,0,0.48606081803892026,0.2738134601733463,0.24012572178773356,0.1608969225094519,0.45322645232423475,0.29414888407659795,0.252624663599167,0.1813902665482674,0.3687895177877657,0.3009141464157843,0.33029633579645007,1.0,144.0,180.0
2016/17,2016-11-05,Bayern Munich,Hoffenheim,1,1,85,10,1,0.6829484928957381,0.1816217848391937,0.13542972226506816,0.24237992681067677,0.65515467819565,0.1956289217261137,0.14921640007823625,0.225746593206977,0.8322533329314727,0.10768190053280019,0.060064766535727065,1.0,144.0,180.0
2016/17,2016-11-05,Ingolstadt,Augsburg,0,2,86,10,2,0.4066760956572912,0.28906556818651546,0.3042583361561935,0.32472095479360336,0.43759072708768565,0.29404382038569515,0.26836545252661903,0.36338737774485397,0.3954445746566904,0.30646954535893506,0.2980858799843745,1.0,144.0,180.0
2016/17,2016-11-05,Leverkusen,Darmstadt,3,2,87,10,0,0.676171291883243,0.199922657402124,0.12390605071463297,0.06010887080213251,0.6350829050050976,0.22131335452949225,0.14360374046541005,0.07689326024758777,0.7091644616324039,0.19076938733971097,0.1000661510278852,1.0,144.0,180.0
2016/17,2016-11-05,Hamburg,Dortmund,2,5,88,10,2,0.17681547493961106,0.20178989193971728,0.6213946331206717,0.08730286800397552,0.20509849193878266,0.23203780001778831,0.5628637080434289,0.11657676457055169,0.14255949559594427,0.2112333171303346,0.6462071872737212,1.0,144.0,180.0
2016/17,2016-11-06,RB Leipzig,Mainz,3,1,89,10,0,0.5084886425734447,0.2726352605732294,0.2188760968533256,0.14474508012652074,0.5033354669491423,0.2777350515117629,0.2189294815390945,0.14730288813880166,0.6124418890273747,0.2372656228677481,0.15029248810487725,1.0,144.0,180.0
2016/17,2016-11-06,Schalke 04,Werder Bremen,3,1,90,10,0,0.48644775144586355,0.26438929261980676,0.24916295593432955,0.1629090453024711,0.4713614147440952,0.28057824000902326,0.24806034524688125,0.1704963443526833,0.6229751252945629,0.22078350941590608,0.15624136528953095,1.0,144.0,180.0
2016/17,2016-11-18,Leverkusen,RB Leipzig,2,3,91,11,2,0.42232538240126344,0.2894708257739509,0.28820379182478567,0.3425062852964932,0.34090258932979633,0.2955189618342927,0.363578448835911,0.26062348309893246,0.41892975653543074,0.2858004753040547,0.2952697681605144,1.0,144.0,180.0
2016/17,2016-11-19,M'gladbach,FC Koln,1,2,92,11,2,0.29521555133864835,0.27121614336159716,0.4335683052997545,0.2039985432565871,0.3771304588813922,0.29173151660575347,0.3311380245128541,0.2948018626343283,0.47124538499860097,0.28247561982625075,0.24627899517514823,1.0,144.0,180.0
2016/17,2016-11-19,Wolfsburg,Schalke 04,0,1,93,11,2,0.4662987755877105,0.27095351396188394,0.26274771045040574,0.3804877432803585,0.4437341045818384,0.2886581412539297,0.26760775416423166,0.36664917866470303,0.3924665856622115,0.2868907789928446,0.32064263534494397,1.0,144.0,180.0
2016/17,2016-11-19,Mainz,Freiburg,4,2,94,11,0,0.5435051451450907,0.2846276942433539,0.17186716061155574,0.11896293670284143,0.4579728189804053,0.3141403771326342,0.22788680388696042,0.1728629301749312,0.46210122581947527,0.27595904189782755,0.2619397322826972,1.0,144.0,180.0
2016/17,2016-11-19,Dortmund,Bayern Munich,1,0,95,11,0,0.3601611868758347,0.2728376041324998,0.36700120899166555,0.2720417970907423,0.3530774266089299,0.28203149731943206,0.36489107607163834,0.2758271566798213,0.26908146412388306,0.2774664389266103,0.45345209694950667,1.0,144.0,180.0
2016/17,2016-11-19,Darmstadt,Ingolstadt,0,1,96,11,2,0.4048195790299368,0.280288154241703,0.31489226672836024,0.3166257488772898,0.4391504695863144,0.2741961481769987,0.28665338223668674,0.35085826600611936,0.33476795119751096,0.3046180425492879,0.3606140062532011,1.0,144.0,180.0
2016/17,2016-11-19,Augsburg,Hertha,0,0,97,11,1,0.3851997989847007,0.2954890812655549,0.31931111974974424,0.12516923816684475,0.37857557437390116,0.3071782409323293,0.31424618469376975,0.12103506505355993,0.37105359765051393,0.31497797356828194,0.31396842878120407,1.0,144.0,180.0
2016/17,2016-11-20,Werder Bremen,Ein Frankfurt,1,2,98,11,2,0.35304718821210973,0.2533424066125097,0.3936104051753805,0.24617532890802146,0.37959346861776033,0.26843434033599617,0.3519721910462434,0.2820156212973345,0.38010152284263954,0.27939086294416243,0.3405076142131979,1.0,144.0,180.0
2016/17,2016-11-20,Hoffenheim,Hamburg,2,2,99,11,1,0.728346486968155,0.16894379636483947,0.10270971666700573,0.27051894548833466,0.6549209774044017,0.20847723299834509,0.1366017895972531,0.22379076778275453,0.6463164414850374,0.20595408617552557,0.14772947233943712,1.0,144.0,180.0
2016/17,2016-11-25,Freiburg,RB Leipzig,1,4,100,12,2,0.27906239112772585,0.2847242879642046,0.43621332090806947,0.19786561883171563,0.2915513681730915,0.2842719902866135,0.42417664154029494,0.20828737021570773,0.24602859610914146,0.26681030313743415,0.4871611007534245,1.0,144.0,180.0
2016/17,2016-11-26,Ingolstadt,Wolfsburg,1,1,101,12,1,0.3522985904410819,0.280056789786165,0.3676446197727529,0.12963843163731267,0.34227138383901945,0.2828975957466752,0.3748310204143059,0.12882399702995337,0.32141575537801953,0.29263225489640576,0.38595198972557454,1.0,144.0,180.0
2016/17,2016-11-26,M'gladbach,Hoffenheim,1,1,102,12,1,0.4762392477767659,0.28235906886813816,0.2414016833550958,0.14253929692482692,0.497949614351249,0.27035184822322006,0.2316985374255309,0.1508190153388439,0.5182627623542216,0.25180375857313075,0.22993347907264758,1.0,144.0,180.0
2016/17,2016-11-26,Hamburg,Werder Bremen,2,2,103,12,1,0.33970204704758317,0.2717143201776008,0.3885836327748161,0.1331973602143957,0.3469446305038748,0.2723484380851994,0.3807069314109259,0.13265417212989677,0.4103567759444123,0.27017980564935135,0.3194634184062363,1.0,144.0,180.0
2016/17,2016-11-26,Bayern Munich,Leverkusen,2,1,104,12,0,0.6079330390236143,0.24151476231837868,0.1505521986580069,0.08819123320500939,0.6019285018120013,0.24538882930434494,0.15268266888365378,0.09088645752353666,0.7601708180726736,0.1594504642786584,0.08037871764866797,1.0,144.0,180.0
2016/17,2016-11-26,Ein Frankfurt,Dortmund,2,1,105,12,0,0.4038357529019699,0.2770919778611081,0.3190722692369219,0.22860946125698,0.38130042572695716,0.2851092222213717,0.3335903520516714,0.24703584309380117,0.18773106084341123,0.22896171439313237,0.5833072247634563,1.0,144.0,180.0
2016/17,2016-11-26,FC Koln,Augsburg,0,0,106,12,1,0.5293092050724525,0.2711466245842197,0.19954417034332766,0.15999305524621932,0.5100451221857849,0.28329514573762576,0.20665973207658953,0.15142713576373995,0.5265880897727138,0.27984395627921355,0.19356795394807266,1.0,144.0,180.0
2016/17,2016-11-27,Hertha,Mainz,2,1,107,12,0,0.5263662578260955,0.26238446913595764,0.21124927303794705,0.13447758854235886,0.4931660431687773,0.26909415067148024,0.23773980615974277,0.1567004376150328,0.5022766626050151,0.2751234528313987,0.22259988456358623,1.0,144.0,180.0
2016/17,2016-11-27,Schalke 04,Darmstadt,3,1,108,12,0,0.6742575142614554,0.20506799709299972,0.12067448864554516,0.060335249612494826,0.5896241245761983,0.24771061887370782,0.16266525655009414,0.09743417240917975,0.711945691093793,0.19340256962784136,0.09465173927836552,1.0,144.0,180.0
2016/17,2016-12-02,Mainz,Bayern Munich,1,3,109,13,2,0.19940921192212693,0.2272059166743733,0.5733848714034997,0.11088225087340606,0.20813416373430874,0.24929818835565254,0.5425676479100389,0.12628209342596716,0.07643190090032564,0.14711704233446138,0.7764510567652129,1.0,144.0,180.0
2016/17,2016-12-03,Wolfsburg,Hertha,2,3,110,13,2,0.4467136296629636,0.2618849992388696,0.29140137109816716,0.3508325419041086,0.5014153007926173,0.2519043061827787,0.24668039302460407,0.409453867061258,0.4247844395428113,0.29645077200721875,0.27876478844996994,1.0,144.0,180.0
2016/17,2016-12-03,RB Leipzig,Schalke 04,2,1,111,13,0,0.5537133909129494,0.253603192150772,0.1926834169362789,0.11814931830632888,0.5675454605126561,0.25061863028343934,0.18183590920390472,0.11004061329961065,0.4975389009802103,0.26853469450164774,0.23392640451814184,1.0,144.0,180.0
2016/17,2016-12-03,Werder Bremen,Ingolstadt,2,1,112,13,0,0.46403601664387556,0.2456959465006654,0.2902680368554595,0.18575646233744314,0.4261809557635129,0.24762405391035758,0.32619499032612914,0.21783573362116965,0.40853669818127997,0.27619382412255544,0.3152694776961646,1.0,144.0,180.0
2016/17,2016-12-03,Hoffenheim,FC Koln,4,0,113,13,0,0.5390369021911495,0.2534305704895868,0.20753252731926392,0.12777836371852638,0.49042276967617754,0.27655896258114004,0.23301826774268242,0.15698323338314918,0.47388719486227276,0.2588249322862545,0.26728787285147265,1.0,144.0,180.0
2016/17,2016-12-03,Dortmund,M'gladbach,4,1,114,13,0,0.5810752681147995,0.247210322357963,0.17171440952723746,0.10249188471218748,0.5742363986631608,0.2526929960653113,0.17307060527152807,0.10561403931618399,0.6581479090675771,0.19931715132331093,0.1425349396091119,1.0,144.0,180.0
2016/17,2016-12-03,Leverkusen,Freiburg,1,1,115,13,1,0.5102816459782487,0.2520196855270119,0.23769866849473936,0.15844400761322136,0.5283571874034624,0.2423364548212304,0.22930635777530733,0.16587136159853733,0.65789045263932,0.21496859088433923,0.12714095647634072,1.0,144.0,180.0
2016/17,2016-12-04,Augsburg,Ein Frankfurt,1,1,116,13,1,0.32694352568106827,0.3373493294300078,0.335707144888924,0.10979567805712015,0.33715069247851864,0.3423505507388282,0.32049875678265294,0.10819502126898546,0.3464178076128084,0.3257017925396172,0.32788039984757444,1.0,144.0,180.0
2016/17,2016-12-04,Darmstadt,Hamburg,0,2,117,13,2,0.4550948042382011,0.28125881518326673,0.26364638057853235,0.37466396683985126,0.48112730641415635,0.27425740725155395,0.2446152863342896,0.40104477530858434,0.34499640469378706,0.2987163991860839,0.35628719612012916,1.0,144.0,180.0
2016/17,2016-12-09,Ein Frankfurt,Hoffenheim,0,0,118,14,1,0.4890145671468213,0.26815120400205045,0.2428342288511286,0.14905185479175756,0.5028739884244235,0.26838212886195795,0.2287438827136186,0.15260300605639449,0.4190968282122752,0.2809990194890326,0.2999041522986923,1.0,144.0,180.0
2016/17,2016-12-10,Freiburg,Darmstadt,1,0,119,14,0,0.532146989808986,0.254264236516881,0.21358877367413306,0.13225330169220653,0.5488925085080828,0.23985043907545844,0.21125705241645873,0.12406375553791027,0.5362256422877133,0.2659330421101668,0.19784131560212004,1.0,144.0,180.0
2016/17,2016-12-10,Bayern Munich,Wolfsburg,5,0,120,14,0,0.7047904615997268,0.18662679903148502,0.1085827393687884,0.049469441425666276,0.7203718027370263,0.18177591628313833,0.09785228097983535,0.0438834987987486,0.8538162833599205,0.10080993078684893,0.04537378585323053,1.0,144.0,180.0
2016/17,2016-12-10,FC Koln,Dortmund,1,1,121,14,1,0.2983147460295938,0.2742503378838581,0.4274349160865482,0.13584614759430771,0.24379836170846397,0.2563376665769495,0.49986397171458635,0.154650815695006,0.18785961534053133,0.21895941743269987,0.5931809672267687,1.0,144.0,180.0
2016/17,2016-12-10,Hertha,Werder Bremen,0,1,122,14,2,0.6035280656700168,0.22534968986238366,0.17112224446759974,0.525642229833911,0.6222320278172878,0.2131644787997728,0.16460349338293923,0.5425300098548013,0.5868145195336186,0.2350072536261734,0.17817822684020784,1.0,144.0,180.0
2016/17,2016-12-10,Ingolstadt,RB Leipzig,1,0,123,14,0,0.19256250799245117,0.2535004723462277,0.5539370196613211,0.4794007626253537,0.2011815060549081,0.2453364532767976,0.5534820406682944,0.47222667780552213,0.21724044921779218,0.2604580452160267,0.5223015055661812,1.0,144.0,180.0
2016/17,2016-12-10,Hamburg,Augsburg,1,0,124,14,0,0.360589524753706,0.29231987951659916,0.3470905957296949,0.264658818749343,0.37949063576739395,0.2912042133536917,0.32930515087891415,0.2467368767478688,0.4015890726914638,0.30057587035802813,0.2978350569505081,1.0,144.0,180.0
2016/17,2016-12-11,M'gladbach,Mainz,1,0,125,14,0,0.5423438377363605,0.24830462831257288,0.20935153395106654,0.12663861381277364,0.5321825281063267,0.2623699636491658,0.20544750824450753,0.13053093282643238,0.5629870629485926,0.24862880444937846,0.18838413260202905,1.0,144.0,180.0
2016/17,2016-12-11,Schalke 04,Leverkusen,0,1,126,14,2,0.33208362249836876,0.27403361961779765,0.39388275788383365,0.23882882176107334,0.3489839499840123,0.2796640065721997,0.3713520434437878,0.25849402531437227,0.343811216921631,0.28076274161222015,0.37542604146614883,1.0,144.0,180.0
2016/17,2016-12-16,Hoffenheim,Dortmund,2,2,127,15,1,0.31670685375473284,0.24072669011079223,0.44256645613447515,0.1480841496553249,0.3074142827637931,0.23824577219358214,0.45433994504262504,0.15046416345425634,0.22577143378275413,0.2316287115459859,0.5425998546712598,1.0,144.0,180.0
2016/17,2016-12-17,RB Leipzig,Hertha,2,0,128,15,0,0.6114738284624928,0.2448129674996202,0.143713204037887,0.08580303549221392,0.6035238669087865,0.249776847328808,0.14669928576240526,0.0893570022770808,0.5974462528112984,0.24192885299025416,0.16062489419844744,1.0,144.0,180.0
2016/17,2016-12-17,Mainz,Hamburg,3,1,129,15,0,0.5322869957631633,0.2587041630277221,0.20900884120911448,0.13122007501791205,0.5493522519805748,0.24578250915667832,0.20486523886274707,0.12252657944463485,0.48721240841589947,0.26611329916194504,0.2466742924221556,1.0,144.0,180.0
2016/17,2016-12-17,Augsburg,M'gladbach,1,0,130,15,0,0.3117899114311237,0.3402775451584353,0.34793254341044105,0.2973450903860194,0.2925063833302888,0.3326328875282866,0.3748607291414245,0.3205338919404144,0.3120474840111017,0.2960208760709545,0.3919316399179438,1.0,144.0,180.0
2016/17,2016-12-17,Werder Bremen,FC Koln,1,1,131,15,1,0.32676901169051215,0.2814048212306649,0.39182616707882306,0.13015286610443788,0.30131446262167644,0.2706764903091858,0.428009047069138,0.13699107487901052,0.36291618611862136,0.280766103874005,0.3563177100073737,1.0,144.0,180.0
2016/17,2016-12-17,Wolfsburg,Ein Frankfurt,1,0,132,15,0,0.3671830235736948,0.3424475996738634,0.2903693767524416,0.2423858503044662,0.38223832361447024,0.350399026142117,0.26736265024341266,0.22655613777792077,0.41573613224334016,0.2982180158341285,0.28604585192253135,1.0,144.0,180.0
2016/17,2016-12-17,Schalke 04,Freiburg,1,1,133,15,1,0.5292907896750215,0.24896062365618812,0.22174858666879058,0.16466058786220697,0.5265399793884549,0.2411542865076609,0.23230573410388403,0.16560515199596954,0.6028130768772703,0.23450723515750607,0.1626796879652236,1.0,144.0,180.0
2016/17,2016-12-18,Darmstadt,Bayern Munich,0,1,134,15,2,0.16090778829399965,0.231168299390321,0.6079239123156793,0.08980748743375487,0.15311678994073785,0.2302190521493127,0.6166641579099498,0.0851955595963221,0.042109803560021856,0.11133793866436617,0.8465522577756119,1.0,144.0,180.0
2016/17,2016-12-18,Leverkusen,Ingolstadt,1,2,135,15,2,0.705984076472,0.17338357698923404,0.12063234653876603,0.6358504930929698,0.6664695982491876,0.19550861425821536,0.13802178749259733,0.5935940821139455,0.608981799689402,0.2426882914603805,0.14832990885021743,1.0,144.0,180.0
2016/17,2016-12-20,Dortmund,Augsburg,1,1,136,16,1,0.5499878572799056,0.29094522121376637,0.1590669215063278,0.1638944643364211,0.5989174413997155,0.2626643693365969,0.13841818926368757,0.18893084836590981,0.7107438016528926,0.19008264462809915,0.09917355371900825,1.0,144.0,180.0
2016/17,2016-12-20,Ein Frankfurt,Mainz,3,0,137,16,0,0.4671925277681658,0.2832369683877303,0.2495705038441041,0.17308461942753833,0.42546197586260737,0.2889826197981477,0.2855554043392452,0.20581791506352443,0.387524878863069,0.3162703043624402,0.2962048167744908,1.0,144.0,180.0
2016/17,2016-12-20,Hamburg,Schalke 04,2,1,138,16,0,0.31050092416782066,0.2853892867733602,0.40410978905881945,0.3193568485932963,0.3025564086671113,0.2684052430669243,0.4290383482659643,0.33525073368705216,0.31411850768105337,0.28910021945866865,0.396781272860278,1.0,144.0,180.0
2016/17,2016-12-20,M'gladbach,Wolfsburg,1,2,139,16,2,0.5243474380707798,0.286016740356837,0.18963582157238326,0.46581516874502826,0.5290965099343505,0.2757799428072175,0.19512354725843217,0.46388461050127994,0.4741625234330427,0.274166598744804,0.2516708778221534,1.0,144.0,180.0
2016/17,2016-12-21,Hertha,Darmstadt,2,0,140,16,0,0.6131469290573816,0.22812205077222591,0.15873102017039253,0.08742541763103408,0.5703932996833461,0.2501974630487411,0.17940923726791289,0.10837479568700877,0.5666366413917884,0.2707959639800535,0.16256739462815817,1.0,144.0,180.0
2016/17,2016-12-21,Bayern Munich,RB Leipzig,3,0,141,16,0,0.48213761001425853,0.2964391483787959,0.22142324160694593,0.158604853442736,0.4842459033653672,0.320847611650072,0.19490648498456098,0.15199541304222147,0.7088455719974266,0.1859708915126328,0.10518353648994068,1.0,144.0,180.0
2016/17,2016-12-21,Hoffenheim,Werder Bremen,1,1,142,16,1,0.6926641645668131,0.17988215837402682,0.12745367705916016,0.24801404233547092,0.689286369899904,0.17957876214422708,0.13113486795586887,0.24615602666179523,0.6131163010143901,0.21325784383109223,0.17362585515451756,1.0,144.0,180.0
2016/17,2016-12-21,Ingolstadt,Freiburg,1,2,143,16,2,0.42114743807161964,0.25856789063684815,0.3202846712915321,0.3196890463377746,0.45981431964538355,0.2518560383191112,0.28832964203550504,0.3589519534781295,0.48971193415637865,0.27983539094650206,0.23045267489711935,1.0,144.0,180.0
2016/17,2016-12-21,FC Koln,Leverkusen,1,1,144,16,1,0.45780967062455463,0.242345199599215,0.29984512977623046,0.1497483981839438,0.4471378244104179,0.2605252124270697,0.2923369631625119,0.1426965670247809,0.3348315633903676,0.2991025855895662,0.3660658510200661,1.0,144.0,180.0
2016/17,2017-01-20,Freiburg,Bayern Munich,1,2,145,17,2,0.2295548725899452,0.2502197178824318,0.5202254095276233,0.14143954859636154,0.23420121510399192,0.24828060930331391,0.5175181755926942,0.1438194600197943,0.06935045247019721,0.1403899560750554,0.7902595914547473,1.0,144.0,180.0
2016/17,2017-01-21,Werder Bremen,Dortmund,1,2,146,17,2,0.20574399465513746,0.2194480913949947,0.574807913949868,0.1115594506881581,0.23095587939479265,0.23756923851136436,0.5314748820938431,0.13642820216800017,0.18460206970734785,0.2140255437000037,0.6013723865926485,1.0,144.0,180.0
2016/17,2017-01-21,Augsburg,Hoffenheim,0,2,147,17,2,0.3774624034906452,0.2888108789444259,0.33372671756492867,0.29319897646786935,0.3259015021814639,0.3041237314188125,0.3699747663997237,0.2515717920486088,0.3358461138549519,0.3036132050948791,0.3605406810501689,1.0,144.0,180.0
2016/17,2017-01-21,Darmstadt,M'gladbach,0,0,148,17,1,0.30369833608798424,0.31043011112608626,0.3858715527859297,0.12056476729601733,0.33522979217293203,0.3074488390902088,0.3573213687368594,0.12002878705814485,0.24372285307051617,0.2783425765180327,0.4779345704114512,1.0,144.0,180.0
2016/17,2017-01-21,RB Leipzig,Ein Frankfurt,3,0,149,17,0,0.5071000998645894,0.3155091620138729,0.1773907381215379,0.1372088927624009,0.5023604422261053,0.3186728797452886,0.17896667802860602,0.13983710065299612,0.5872402244441304,0.2580766249530783,0.15468315060279142,1.0,144.0,180.0
2016/17,2017-01-21,Schalke 04,Ingolstadt,1,0,150,17,0,0.5923437213367304,0.22374003901119477,0.18391623965207501,0.10000441237067237,0.4685523615184192,0.2603415060016652,0.2711061324799155,0.1779675637579332,0.5215716120439519,0.288398420777244,0.19002996717880416,1.0,144.0,180.0
2016/17,2017-01-21,Wolfsburg,Hamburg,1,0,151,17,0,0.5829924051339098,0.23270546833774605,0.18430212652834435,0.10393130400943548,0.5248976509193674,0.25319948488589683,0.22190286419473587,0.13748156161988134,0.48522190431831785,0.27687803579745823,0.2379000598842238,1.0,144.0,180.0
2016/17,2017-01-22,Mainz,FC Koln,0,0,152,17,1,0.3497039600732131,0.2840084883016987,0.36628755162508797,0.12822971508319453,0.3775824888492349,0.2935843453540367,0.32883316579672833,0.12534989340674063,0.3843311160384332,0.30155210643015523,0.31411677753141165,1.0,144.0,180.0
2016/17,2017-01-22,Leverkusen,Hertha,3,1,153,17,0,0.6458629956127058,0.22279410531136085,0.1313428990759332,0.07133198750703863,0.5682563413791493,0.2590244465643631,0.1727192120564875,0.10811725648636583,0.5628702741501773,0.264701155951705,0.17242856989811772,1.0,144.0,180.0
2016/17,2017-01-27,Schalke 04,Ein Frankfurt,0,1,154,18,2,0.46471093883252584,0.3464017845657412,0.18888727660173285,0.4369300533645807,0.4184399818510656,0.35225032141914947,0.22930969672978466,0.38452778098312806,0.5830790947588907,0.25117253312690685,0.16574837211420246,1.0,144.0,180.0
2016/17,2017-01-28,Wolfsburg,Augsburg,1,2,155,18,2,0.42182650059864213,0.3394551624832281,0.2387183369181299,0.3787436835759972,0.4398618118780976,0.33967643843861073,0.2204617496832916,0.40057914862775895,0.5568350556077456,0.26134125276523523,0.18182369162701897,1.0,144.0,180.0
2016/17,2017-01-28,Werder Bremen,Bayern Munich,1,2,156,18,2,0.13547655591419616,0.15515831477242098,0.7093651293133831,0.05141126263069949,0.12876633291672737,0.1559829621570419,0.7152507049262308,0.04883146476891499,0.07058446243886796,0.13818648280285417,0.791229054758278,1.0,144.0,180.0
2016/17,2017-01-28,RB Leipzig,Hoffenheim,2,1,157,18,0,0.49580075242815724,0.2509008045582435,0.2532984430135995,0.15918849124256298,0.4772330710555595,0.25482503767184583,0.26794189127259466,0.17253905954836832,0.5421531543136864,0.24906020540806403,0.20878664027824945,1.0,144.0,180.0
2016/17,2017-01-28,Ingolstadt,Hamburg,3,1,158,18,0,0.4423063810443289,0.28702554543468795,0.2706680735209832,0.19214168932371684,0.45054934028080834,0.2814193413030136,0.2680313184161781,0.18686840755888479,0.4192036955565332,0.303695556533216,0.27710074791025074,1.0,144.0,180.0
2016/17,2017-01-28,Darmstadt,FC Koln,1,6,159,18,2,0.32446264136964437,0.2914340103886169,0.384103348241739,0.2423023456458017,0.2863486313695208,0.28591248799475805,0.42773888063572135,0.20473916371162754,0.25443028615088853,0.29416114164592216,0.4514085722031893,1.0,144.0,180.0
2016/17,2017-01-28,Leverkusen,M'gladbach,2,3,160,18,2,0.5208532697373236,0.29817601624326007,0.18097071401941633,0.4710485499449629,0.4749770179093842,0.30378078581252144,0.22124219627809463,0.41603344219992877,0.5356768475723066,0.2539607852480107,0.21036236717968265,1.0,144.0,180.0
2016/17,2017-01-29,Freiburg,Hertha,2,1,161,18,0,0.5222651863119421,0.257167048478344,0.22056776520971422,0.13844034562958546,0.45640296786336343,0.27466241894156407,0.2689346131950725,0.18391177976107137,0.3934203678982736,0.3042287938095346,0.3023508382921918,1.0,144.0,180.0
2016/17,2017-01-29,Mainz,Dortmund,1,1,162,18,1,0.2283782888855958,0.2536639412984143,0.5179577698159901,0.16021844707353328,0.23431387213262814,0.25048527635483764,0.5152008515125343,0.160167454036513,0.17275330893558016,0.21011537360901397,0.6171313174554057,1.0,144.0,180.0
2016/17,2017-02-03,Hamburg,Leverkusen,1,0,163,19,0,0.2569771799593962,0.2610261611307323,0.48199665890987126,0.3922018451506853,0.3213449957251739,0.2720578288387559,0.40659717543607027,0.3129469389499273,0.29993237361151065,0.2981090765074893,0.401958549881,1.0,144.0,180.0
2016/17,2017-02-04,M'gladbach,Freiburg,3,0,164,19,0,0.42429846474731847,0.3393810851794835,0.23632045007319852,0.1936398064075467,0.44646368561330274,0.32772277925422183,0.22581353513247537,0.17869710199691713,0.598784689774813,0.24127933445471578,0.15993597577047125,1.0,144.0,180.0
2016/17,2017-02-04,Hoffenheim,Mainz,4,0,165,19,0,0.5403606023852542,0.2845960671897551,0.17504333042499068,0.12095427168295944,0.5089748315857097,0.29766541284859327,0.19335975556569715,0.13924685554435415,0.49271142787508315,0.262164636757063,0.2451239353678539,1.0,144.0,180.0
2016/17,2017-02-04,Hertha,Ingolstadt,1,0,166,19,0,0.5496141063675907,0.25223625907355285,0.19814963455885637,0.12105536542943615,0.5002968365603808,0.2615799899231939,0.23812317351642556,0.15320294865854817,0.4417153996101364,0.3173489278752437,0.24093567251461986,1.0,144.0,180.0
2016/17,2017-02-04,FC Koln,Wolfsburg,1,0,167,19,0,0.6439072223647632,0.21751033513566984,0.13858244249956683,0.073003579826562,0.636177615605374,0.2206507988892255,0.14317158550540038,0.07643241514136061,0.4737550471063257,0.27860026917900405,0.24764468371467024,1.0,144.0,180.0
2016/17,2017-02-04,Bayern Munich,Schalke 04,1,1,168,19,1,0.5971736306391806,0.2653861447769985,0.13744022458382094,0.18775308023221582,0.6428328374369779,0.2434583013289742,0.113708861234048,0.21308188100521003,0.7981343394432726,0.13885505481120583,0.06301060574552152,1.0,144.0,180.0
2016/17,2017-02-04,Dortmund,RB Leipzig,1,0,169,19,0,0.48903289557823465,0.2630409532690985,0.247926151152667,0.16127737911326917,0.5312806678726579,0.2534291735238546,0.21529015860348766,0.1330238323507082,0.6132728685587038,0.22453926537618443,0.16218786606511174,1.0,144.0,180.0
2016/17,2017-02-05,Augsburg,Werder Bremen,3,2,170,19,0,0.4675765913009743,0.33164901405097535,0.2007743946480502,0.16189252183849043,0.48093914228237317,0.310480720398811,0.208580137318816,0.15646492384924723,0.4641028132069449,0.27819799314393573,0.25769919364911936,1.0,144.0,180.0
2016/17,2017-02-05,Ein Frankfurt,Darmstadt,2,0,171,19,0,0.6102941735079407,0.23167021918921268,0.1580356073028468,0.0884229421887193,0.5710514454530015,0.24689407810886072,0.18205447643813785,0.10857034741956192,0.5704226416996396,0.27482547443231936,0.15475188386804103,1.0,144.0,180.0
2016/17,2017-02-10,Mainz,Augsburg,2,0,172,20,0,0.5075791229819127,0.2840064656143384,0.20841441140374922,0.14295744350201672,0.5318813620642239,0.27843021549163516,0.18968842244414083,0.12755837839609657,0.46207216020852276,0.29241581481852785,0.24551202497294944,1.0,144.0,180.0
2016/17,2017-02-11,Ingolstadt,Bayern Munich,0,2,173,20,2,0.2113311241140023,0.23429780730335936,0.5543710685826384,0.12162299426773374,0.23149185889197013,0.25877767690613224,0.5097304642018976,0.14697634923247332,0.08795886149726564,0.20647185383042357,0.7055692846723108,1.0,144.0,180.0
2016/17,2017-02-11,Werder Bremen,M'gladbach,0,1,174,20,2,0.2896545357756391,0.31490850090008765,0.3954369633242734,0.22469810770498855,0.2506898936926826,0.31992466166566547,0.42938544464165207,0.19422319679322686,0.343811216921631,0.28076274161222015,0.37542604146614883,1.0,144.0,180.0
2016/17,2017-02-11,Darmstadt,Dortmund,2,1,175,20,0,0.15160700207117378,0.16593155097546278,0.6824614469533635,0.59276215275617,0.16502581712435324,0.17052370716340282,0.664450475712244,0.5693381603715406,0.10570966989486051,0.18419711276792422,0.7100932173372152,1.0,144.0,180.0
2016/17,2017-02-11,RB Leipzig,Hamburg,0,3,176,20,2,0.6176949022666773,0.22753211988908492,0.1547729778442378,0.5479778556342688,0.6326747874502534,0.22631912043626035,0.1410060921134862,0.5690739602306839,0.6297141993678722,0.23114215317973663,0.13914364745239105,1.0,144.0,180.0
2016/17,2017-02-11,Leverkusen,Ein Frankfurt,3,0,177,20,0,0.4214479907694092,0.3139312305508755,0.2646207786797151,0.20237329194690623,0.4549646682628071,0.3089443162447955,0.2360910154923974,0.17640124021905165,0.520581410299583,0.2733779473081609,0.206040642392256,1.0,144.0,180.0
2016/17,2017-02-11,Schalke 04,Hertha,2,0,178,20,0,0.5290843093252039,0.29673752117426283,0.17417816950053333,0.12604981122713838,0.45957711490357667,0.3317193997968633,0.20870348529955968,0.16780701975606283,0.5245328264189936,0.27322461988955943,0.20224255369144706,1.0,144.0,180.0
2016/17,2017-02-12,Wolfsburg,Hoffenheim,2,1,179,20,0,0.3178518934548819,0.28537728186622724,0.3967708246788904,0.3113765632897284,0.2968904032991988,0.2808205612676615,0.4222890354331393,0.3363455672099074,0.3739238276006791,0.2823286536927318,0.3437475187065892,1.0,144.0,180.0
2016/17,2017-02-12,Freiburg,FC Koln,2,1,180,20,0,0.3156395146765832,0.2601788942575473,0.42418159106586995,0.3241396480356376,0.30983696299138397,0.272145703246682,0.41801733376193423,0.3255317544891962,0.35953384577237785,0.30200843044879744,0.3384577237788247,1.0,144.0,180.0
2016/17,2017-02-17,Augsburg,Leverkusen,1,3,181,21,2,0.21626936758920212,0.2553078376314004,0.5284227947793972,0.13457874992055385,0.20768034537039792,0.2542371022965961,0.5380825523330057,0.12824942715617896,0.2823715114622079,0.29161581689698257,0.42601267164080936,1.0,144.0,180.0
2016/17,2017-02-18,Mainz,Werder Bremen,0,2,182,21,2,0.5301675273515927,0.2470598581131904,0.2227726145352171,0.44258000788726215,0.48902007511471784,0.26953627328158924,0.24144365160369305,0.407274183778772,0.4999141958859356,0.26844707505107773,0.2316387290629867,1.0,144.0,180.0
2016/17,2017-02-18,Hoffenheim,Darmstadt,2,0,183,21,0,0.6920203544624675,0.18513011373935434,0.12284953179817822,0.054971734764227884,0.7150660102114809,0.174524600878636,0.11040938890988324,0.04668880584812888,0.6854824777067524,0.19526692094036968,0.11925060135287782,1.0,144.0,180.0
2016/17,2017-02-18,Hertha,Bayern Munich,1,1,184,21,1,0.21203613921275383,0.278986102864883,0.5089777579223633,0.15200884119596297,0.21392220097889567,0.2936544233613087,0.4924233756597959,0.14412174448392162,0.10203828374647099,0.21294946173176554,0.6850122545217633,1.0,144.0,180.0
2016/17,2017-02-18,Ein Frankfurt,Ingolstadt,0,2,185,21,2,0.5717002470139201,0.291268558111187,0.1370311948748929,0.5357781655274161,0.45540422055857394,0.3369285856340403,0.20766719380738569,0.4175921399358125,0.4711626652279471,0.2987860803884543,0.2300512543835986,1.0,144.0,180.0
2016/17,2017-02-18,Dortmund,Wolfsburg,3,0,186,21,0,0.7266752482112226,0.17611420960366683,0.09721054218511054,0.042078154726159944,0.7802847943074323,0.13970640304776646,0.08000880264480142,0.027338090056591057,0.7257764209406373,0.1731092170088093,0.10111436205055321,1.0,144.0,180.0
2016/17,2017-02-18,Hamburg,Freiburg,2,2,187,21,1,0.45623761483015884,0.2691924818504689,0.27456990331937225,0.1417706964973609,0.4045713591188886,0.27037185019176446,0.325056790689347,0.1346699508962813,0.502664042624682,0.27456439303028846,0.22277156434502948,1.0,144.0,180.0
2016/17,2017-02-19,M'gladbach,RB Leipzig,1,2,188,21,2,0.4023841984862849,0.3078600738672528,0.2897557276464619,0.3331799848012281,0.4125377917038593,0.327593723022985,0.2598684852731559,0.3589910443378749,0.37680906183287877,0.2933244193908638,0.3298665187762575,1.0,144.0,180.0
2016/17,2017-02-19,FC Koln,Schalke 04,1,1,189,21,1,0.45142846319327246,0.32258344903280023,0.22598808777392704,0.127429136598378,0.4131951180584865,0.3166607180074867,0.27014416393402707,0.12185403744749046,0.3584437626476924,0.30295711208303416,0.33859912526927344,1.0,144.0,180.0
2016/17,2017-02-24,Wolfsburg,Werder Bremen,1,2,190,22,2,0.5151593500916722,0.2676777838175629,0.21716286609076527,0.4391115671070499,0.4035779745314461,0.29108894543773656,0.3053330800308172,0.3227186556131877,0.5052737059828621,0.25795552358072427,0.23677077043641362,1.0,144.0,180.0
2016/17,2017-02-25,Leverkusen,Mainz,0,2,191,22,2,0.7108738178706732,0.1738200048917188,0.11530617723760796,0.6440123724839808,0.5703204199298517,0.23000215394576184,0.19967742612438635,0.4828908018219247,0.5871839548730806,0.24576371043560014,0.16705233469131933,1.0,144.0,180.0
2016/17,2017-02-25,RB Leipzig,FC Koln,3,1,192,22,0,0.4478495420647354,0.29131810527649754,0.2608323526587672,0.1864518221958149,0.5105944656149365,0.2653726410334492,0.22403289335161444,0.14485425719511266,0.5768161458065181,0.25469803840807287,0.16848581578540905,1.0,144.0,180.0
2016/17,2017-02-25,Hertha,Ein Frankfurt,2,0,193,22,0,0.2770304268803688,0.37603725688148776,0.34693231623814363,0.3215235178535725,0.28714941664078214,0.3642792337147168,0.34857134964450104,0.31482896999428306,0.49969755606297167,0.29236036115923114,0.20794208277779713,1.0,144.0,180.0
2016/17,2017-02-25,Bayern Munich,Hamburg,8,0,194,22,0,0.7666219278036139,0.15408978480022897,0.07928828739615704,0.030375978550158597,0.7576167613685543,0.16083521661186986,0.08154802201957592,0.0326998571323868,0.8439733387668776,0.11344253452718168,0.04258412670594076,1.0,144.0,180.0
2016/17,2017-02-25,Darmstadt,Augsburg,1,2,195,22,2,0.44317168059711176,0.29545043236279905,0.2613778870400889,0.3709818821183159,0.5164995627532281,0.25862071337181475,0.22487972387495708,0.43379162039221925,0.34497816593886466,0.3100436681222707,0.34497816593886466,1.0,144.0,180.0
2016/17,2017-02-25,Freiburg,Dortmund,0,3,196,22,2,0.15182477943271636,0.17704517973480188,0.6711300408324818,0.06560310684631905,0.14772407336097437,0.16908978669074934,0.6831861399482761,0.06109671188561586,0.14454919214379092,0.20112479808531564,0.6543260097708935,1.0,144.0,180.0
2016/17,2017-02-26,Schalke 04,Hoffenheim,1,1,197,22,1,0.47424694745375756,0.2814984647234914,0.24425458782275125,0.14228523542083457,0.450430590179183,0.28858497883732137,0.2609844309834959,0.13550029489247306,0.46872093744187493,0.2721185442370885,0.25916051832103665,1.0,144.0,180.0
2016/17,2017-02-26,Ingolstadt,M'gladbach,0,2,198,22,2,0.29768770464873034,0.29688792714798873,0.405424368203281,0.22106907571274867,0.2992813834262168,0.3219882715743996,0.37873034499938335,0.23777266534504754,0.3212520278652543,0.3061933390590705,0.37255463307567516,1.0,144.0,180.0
2016/17,2017-03-03,Augsburg,RB Leipzig,2,2,199,23,1,0.30041078910421737,0.3606538392920064,0.33893537160377607,0.1025619141672042,0.24251889462877751,0.3289415762168604,0.4285395291543621,0.12123077114990323,0.22685114793979014,0.2627337691956819,0.510415082864528,1.0,144.0,180.0
2016/17,2017-03-04,Dortmund,Leverkusen,6,2,200,23,0,0.7889662438580606,0.12423164637729198,0.0868021097646477,0.026034926245484726,0.780391568899423,0.13333083215488695,0.08627759894569023,0.02783584354514512,0.6986035000883861,0.18384302633904895,0.11755347357256496,1.0,144.0,180.0
2016/17,2017-03-04,FC Koln,Bayern Munich,0,3,201,23,2,0.22661238181191443,0.2948182304930752,0.4785693876950102,0.16162152751961265,0.23016179489304822,0.3229731478055443,0.4468650573014075,0.17946635833128244,0.09255750401980842,0.17803410609274625,0.7294083898874454,1.0,144.0,180.0
2016/17,2017-03-04,Hoffenheim,Ingolstadt,5,2,202,23,0,0.7327869204639488,0.15668210910453795,0.1105309704315134,0.041809962649836045,0.7055020615029145,0.17166279614552288,0.12283514235156255,0.0509087539877809,0.5412100102376112,0.26404046321565394,0.1947495265467348,1.0,144.0,180.0
2016/17,2017-03-04,Mainz,Wolfsburg,1,1,203,23,1,0.479645782104155,0.2748710213952895,0.24548319650055578,0.14516103802721844,0.5581508632344796,0.2583197381015948,0.18352939866392545,0.17260771315166845,0.4102400451221005,0.29443654890144755,0.2953234059764519,1.0,144.0,180.0
2016/17,2017-03-04,M'gladbach,Schalke 04,4,2,204,23,0,0.38768789760082967,0.3444446682655371,0.26786743413363334,0.22333953650691418,0.4016093704236631,0.36036742211789546,0.23802320745844135,0.20736319642678447,0.45569238007956664,0.28234542281586983,0.26196219710456364,1.0,144.0,180.0
2016/17,2017-03-04,Werder Bremen,Darmstadt,2,0,205,23,0,0.6874357125759029,0.17603921495873545,0.13652507246536197,0.05816776459230294,0.6137675325217281,0.20403978395051914,0.18219268352775253,0.09118484643269911,0.5728429644297408,0.239501581705344,0.1876554538649151,1.0,144.0,180.0
2016/17,2017-03-05,Hamburg,Hertha,1,0,206,23,0,0.34991439916861766,0.3383484770017265,0.3117371238296558,0.2598956613909428,0.38578548044955474,0.3309840097136956,0.28323050983674963,0.22873949886448472,0.39075603330330655,0.30178389033578445,0.3074600763609089,1.0,144.0,180.0
2016/17,2017-03-05,Ein Frankfurt,Freiburg,1,2,207,23,2,0.5036754598369976,0.2978008115464447,0.19852372861655768,0.44802659121635807,0.4763964229236245,0.29644804279724285,0.22715553427913268,0.41212105998489884,0.467077894132836,0.29192368383302253,0.24099842203414143,1.0,144.0,180.0
2016/17,2017-03-10,Leverkusen,Werder Bremen,1,1,208,24,1,0.618391146843087,0.19779137995341936,0.1838174732034936,0.20809823697441276,0.6500421013735568,0.19210759478452297,0.15785030384192017,0.223735725990568,0.6506538040041321,0.2117429405272068,0.13760325546866098,1.0,144.0,180.0
2016/17,2017-03-11,RB Leipzig,Wolfsburg,0,1,209,24,2,0.6801912217595353,0.19899813060660848,0.12081064763385617,0.6178170077363644,0.598847530166307,0.23829347872684367,0.16285899110684926,0.529711716578464,0.6098706636439254,0.2299512338329555,0.16017810252311906,1.0,144.0,180.0
2016/17,2017-03-11,Ingolstadt,FC Koln,2,2,210,24,1,0.3897288696776918,0.29080961090614316,0.3194615194161647,0.12697212712396802,0.4609886630993833,0.27496084468298987,0.2640504922176268,0.14111660497326384,0.3714069851299838,0.3112744256327484,0.3173185892372678,1.0,144.0,180.0
2016/17,2017-03-11,Hertha,Dortmund,2,1,211,24,0,0.14246115562847397,0.22389572649088443,0.6336431178806415,0.5684382352217766,0.14771535022803822,0.2392091891878002,0.6130754605841614,0.5511253223036987,0.2168585036713634,0.26291178805318516,0.5202297082754515,1.0,144.0,180.0
2016/17,2017-03-11,Darmstadt,Mainz,2,1,212,24,0,0.22550656016656434,0.2529433150661058,0.5215501247673302,0.4359273104949225,0.25017012928252363,0.2515677406182338,0.49826213009924275,0.405254992655611,0.26846467895583326,0.2799703080539404,0.45156501299022644,1.0,144.0,180.0
2016/17,2017-03-11,Bayern Munich,Ein Frankfurt,3,0,213,24,0,0.7683864068150198,0.15406327354918742,0.07755031963579292,0.029829454311835563,0.7802935802904502,0.1438325398075115,0.07587387990203849,0.027013878256488905,0.8628613161654234,0.10130400622333496,0.03583467761124163,1.0,144.0,180.0
2016/17,2017-03-11,Freiburg,Hoffenheim,1,1,214,24,1,0.26986885011488154,0.29488118114437845,0.43524996874073985,0.1311358657755718,0.2820220228623146,0.2982332364545987,0.41974474068308687,0.12786103435523183,0.2813359473068081,0.268268430628623,0.45039562206456896,1.0,144.0,180.0
2016/17,2017-03-12,Hamburg,M'gladbach,2,1,215,24,0,0.2385208636112252,0.32590099977237497,0.43557813661639994,0.38478939412680463,0.26303477400797554,0.3277242362693253,0.40924098972269946,0.3552979659953451,0.37432299641216665,0.3113416668571037,0.31433533673072966,1.0,144.0,180.0
2016/17,2017-03-12,Schalke 04,Augsburg,3,0,216,24,0,0.583880401324709,0.2719941900376453,0.1441254086376456,0.09696382690832683,0.5771203005617201,0.27160210754875275,0.15127759188952716,0.10085607500245211,0.5694572991165335,0.26049642406394613,0.1700462768195204,1.0,144.0,180.0
2016/17,2017-03-17,Dortmund,Ingolstadt,1,0,217,25,0,0.802177669478367,0.12324838911674996,0.07457394140488303,0.02234747359483457,0.801330564089561,0.12596490745205566,0.07270452845838318,0.02237774661166394,0.7489882295462055,0.1671506951798176,0.08386107527397686,1.0,144.0,180.0
2016/17,2017-03-18,Wolfsburg,Darmstadt,1,0,218,25,0,0.649964341528069,0.2030529191527211,0.1469827393192098,0.07206444392982854,0.6078495336982978,0.2278720176778523,0.16427844862384994,0.09038469845145072,0.6027011975029303,0.24498826731415868,0.15231053518291104,1.0,144.0,180.0
2016/17,2017-03-18,Werder Bremen,RB Leipzig,3,0,219,25,0,0.3401850516473944,0.30448018359799206,0.35533476475461384,0.2808092805563841,0.33745814406479796,0.29252770484730045,0.3700141510879017,0.2879360914356813,0.28274334885647007,0.2630346971935526,0.45422195394997733,1.0,144.0,180.0
2016/17,2017-03-18,Hoffenheim,Leverkusen,1,0,220,25,0,0.5682129829166908,0.22797780941909457,0.20380920766421481,0.11398911062520847,0.5810542189525659,0.23177624400095406,0.1871695370464801,0.1052740015278191,0.4352768081239362,0.2661339180105588,0.29858927386550504,1.0,144.0,180.0
2016/17,2017-03-18,FC Koln,Hertha,4,2,221,25,0,0.49607547857339257,0.32172216603200243,0.18220235539460516,0.14356881080318867,0.5113072572596805,0.322210113549539,0.16648262919078038,0.1332685313146655,0.3906297122866277,0.3122549610953616,0.29711532661801077,1.0,144.0,180.0
2016/17,2017-03-18,Augsburg,Freiburg,1,1,222,25,1,0.45147786347420354,0.25225862728214793,0.2962635092436484,0.1458021640582965,0.38775323280628027,0.2584456130862184,0.35380115410750096,0.13776391309976066,0.4005662822969545,0.30383510576703987,0.2955986119360056,1.0,144.0,180.0
2016/17,2017-03-18,Ein Frankfurt,Hamburg,0,0,223,25,1,0.4450635089441695,0.3208032254777258,0.23413326557810493,0.1264499565219821,0.4331095185619092,0.3127559389137902,0.25413454252430023,0.12608411038648215,0.4283972833343009,0.29909444476693564,0.27250827189876364,1.0,144.0,180.0
2016/17,2017-03-19,Mainz,Schalke 04,0,1,224,25,2,0.341929569833152,0.2923142960803004,0.3657561340865478,0.2595905560875629,0.4175132128121013,0.3044030140161149,0.27808377317178395,0.34774016071528574,0.3311492754444633,0.2874492244327306,0.38140150012280605,1.0,144.0,180.0
2016/17,2017-03-19,M'gladbach,Bayern Munich,0,1,225,25,2,0.1793524268449212,0.23638798034654782,0.5842595928085311,0.10250368959344562,0.19098923220994612,0.23066206401575648,0.5783487037742976,0.10713335121447998,0.1090759703647556,0.17436656008575496,0.7165574695494894,1.0,144.0,180.0
2016/17,2017-03-31,Hertha,Hoffenheim,1,3,226,26,2,0.23734795175759874,0.3540188334991863,0.40863321474321496,0.20302436245423594,0.2626198730721607,0.3459542088852768,0.3914259180425626,0.2196658054813878,0.3280336764610815,0.2990306989690956,0.3729356245698227,1.0,144.0,180.0
2016/17,2017-04-01,Bayern Munich,Augsburg,6,0,227,26,0,0.8370668972915848,0.09932692596089687,0.06360617674751837,0.015296470839313762,0.812809527996012,0.1165239237443142,0.07066654825967378,0.020017016926006305,0.8689519111582191,0.0934267992015973,0.03762128964018343,1.0,144.0,180.0
2016/17,2017-04-01,Freiburg,Werder Bremen,2,5,228,26,2,0.41201028622488245,0.2613966383299839,0.32659307544513383,0.3116146809967765,0.3983491836454956,0.26053139978586476,0.3411194165686399,0.2964028476669413,0.4222463470453612,0.2790916026054809,0.2986620503491579,1.0,144.0,180.0
2016/17,2017-04-01,Ein Frankfurt,M'gladbach,0,0,229,26,1,0.3564213967320472,0.30733761230722334,0.33624099096072985,0.12004710802533837,0.3660209290594849,0.30820479772263704,0.32577427321787805,0.12005009880010259,0.35816740945804115,0.29382595865719546,0.34800663188476344,1.0,144.0,180.0
2016/17,2017-04-01,Hamburg,FC Koln,2,1,230,26,0,0.32688575574726636,0.30817705872667617,0.36493718552605725,0.2931309675978044,0.3233308606609669,0.29124240364812554,0.3854267356909074,0.3032174463595883,0.45868716209642674,0.28701477394337815,0.25429806396019516,1.0,144.0,180.0
2016/17,2017-04-01,Schalke 04,Dortmund,1,1,231,26,1,0.18350942300539758,0.27953572121400067,0.5369548557806019,0.1609981127390704,0.16951151691686056,0.24438553535392582,0.5861029477292137,0.18612540985216422,0.25911899541558703,0.2511461032489536,0.4897349013354594,1.0,144.0,180.0
2016/17,2017-04-01,RB Leipzig,Darmstadt,4,0,232,26,0,0.6248144831828901,0.23783256359806623,0.1373529532190436,0.07981500289365731,0.6645274393816395,0.21464158226754107,0.12083097835081943,0.06357098212852788,0.7217211227518816,0.18380912489561033,0.09446975235250808,1.0,144.0,180.0
2016/17,2017-04-02,Ingolstadt,Mainz,2,1,233,26,0,0.438630873718383,0.2968889528365486,0.2644801734450687,0.1925425290438597,0.39765230890674663,0.32007489208216217,0.28227279901109137,0.2212503370134646,0.4098414303989527,0.298634456906554,0.2915241126944932,1.0,144.0,180.0
2016/17,2017-04-02,Leverkusen,Wolfsburg,3,3,234,26,1,0.5573085281118152,0.24192073407433778,0.20077073781384694,0.17545084233423722,0.5238923878471536,0.252394987897281,0.22371262425556535,0.1622552861477521,0.4805825569271131,0.2730886953012008,0.2463287477716861,1.0,144.0,180.0
2016/17,2017-04-04,Werder Bremen,Schalke 04,3,0,235,27,0,0.29281669196933524,0.3069134552818096,0.40026985274885557,0.3301620930883921,0.35047958250098865,0.3209441141375089,0.3285763033615025,0.2649195799394,0.3265328915528089,0.27363091470905776,0.39983619373813334,1.0,144.0,180.0
2016/17,2017-04-04,Hoffenheim,Bayern Munich,1,0,236,27,0,0.36560421878840943,0.30110264805991377,0.333293133151677,0.25677115991256283,0.3589816254066262,0.28838730137189933,0.35263107322147436,0.26762661518382985,0.16180555398603708,0.21467622842445708,0.6235182175895059,1.0,144.0,180.0
2016/17,2017-04-04,Dortmund,Hamburg,3,0,237,27,0,0.8288384703511177,0.10685143159277166,0.06431009805611056,0.016716028971865894,0.8313287247821293,0.10526378543865252,0.06340748977921842,0.016235254421862175,0.7639320803053651,0.15066765220198264,0.08540026749265218,1.0,144.0,180.0
2016/17,2017-04-04,FC Koln,Ein Frankfurt,1,0,238,27,0,0.3608857830235385,0.32129946594290587,0.31781475103355583,0.2547365991579782,0.41916545406977124,0.31802151328292144,0.26281303264730743,0.2032197299376248,0.39388520963009993,0.31334638082394534,0.2927684095459549,1.0,144.0,180.0
2016/17,2017-04-05,Augsburg,Ingolstadt,2,3,239,27,2,0.4372150842215225,0.2818118420178944,0.28097307376058306,0.35407837526406843,0.38854828949656284,0.28021890830738416,0.3312328021960532,0.29910966906462416,0.36688963594433033,0.3032802872976353,0.3298300767580343,1.0,144.0,180.0
2016/17,2017-04-05,Darmstadt,Leverkusen,0,2,240,27,2,0.19708321475289503,0.18492015053058958,0.6179966347165156,0.09238418231262156,0.19960651380254507,0.20373900908977682,0.5966544771076782,0.10126518559484309,0.18709061497255294,0.23623007770028373,0.5766793073271633,1.0,144.0,180.0
2016/17,2017-04-05,Mainz,RB Leipzig,2,3,241,27,2,0.3646409063175307,0.3129800764628598,0.3223790172196094,0.29606659343216624,0.364785934627525,0.3140625271742004,0.3211515381982744,0.2969520060963228,0.2806190972097533,0.2782274571767157,0.44115344561353115,1.0,144.0,180.0
2016/17,2017-04-05,M'gladbach,Hertha,1,0,242,27,0,0.4936571691034771,0.2910972481128418,0.21524558278368136,0.15135686165409562,0.5283341262218424,0.28716290274773487,0.18450297103042254,0.12825502140298295,0.5106268045077769,0.28253702151438953,0.20683617397783363,1.0,144.0,180.0
2016/17,2017-04-05,Wolfsburg,Freiburg,0,1,243,27,2,0.5909786984971751,0.23774024158199922,0.17128105992082557,0.5180154518616826,0.6480024934718948,0.21197163239809844,0.1400258741300067,0.579731364355826,0.6119503344656085,0.23038130238705262,0.15766836314733876,1.0,144.0,180.0
2016/17,2017-04-07,Ein Frankfurt,Werder Bremen,2,2,244,28,1,0.6104652522641372,0.25343570076115324,0.1360990469747097,0.19559538740467042,0.5196887802182756,0.29010680768067515,0.19020441210104927,0.15312707333373246,0.4875742466079978,0.27684300442996485,0.23558274896203735,1.0,144.0,180.0
2016/17,2017-04-08,Schalke 04,Wolfsburg,4,1,245,28,0,0.4673044528853443,0.3043683851889394,0.22832716192571592,0.16794891939441733,0.477122461007979,0.2730022983712703,0.24987524062075084,0.16791927832881529,0.4694776416349941,0.26956271181789493,0.26095964654711107,1.0,144.0,180.0
2016/17,2017-04-08,Freiburg,Mainz,1,0,246,28,0,0.41162345397262906,0.2883786355579763,0.2999979104693944,0.2180928531005509,0.4409491111823802,0.2893523647544287,0.2696985240631911,0.19263759508481715,0.3355934274021135,0.298760002443345,0.3656465701545416,1.0,144.0,180.0
2016/17,2017-04-08,RB Leipzig,Leverkusen,1,0,247,28,0,0.45392080534117335,0.2517760175392657,0.29430317711956094,0.19240842345095016,0.44040126808041286,0.2502467866594836,0.3093519452601038,0.20442468340111006,0.5162714666867084,0.253466611551614,0.2302619217616775,1.0,144.0,180.0
2016/17,2017-04-08,Hamburg,Hoffenheim,2,1,248,28,0,0.23790744215057605,0.3066323799127637,0.45546017793666,0.3941145202077859,0.25598877541497145,0.3314265594312799,0.4125846651537488,0.36188940411427234,0.34402662380294763,0.28174594190758645,0.3742274342894659,1.0,144.0,180.0
2016/17,2017-04-08,Bayern Munich,Dortmund,4,1,249,28,0,0.5178719812905402,0.28217137815211096,0.1999566405573491,0.13621504226384495,0.46169033200386633,0.29168506367718305,0.24662460431895084,0.1753004970567933,0.6727340491614162,0.20003904516816043,0.1272269056704233,1.0,144.0,180.0
2016/17,2017-04-08,FC Koln,M'gladbach,2,3,250,28,2,0.42783755953652736,0.3009669306105871,0.2711955098528853,0.3571004811043835,0.4206777582658714,0.3052134295449647,0.27410881218916366,0.3519438964205127,0.33688815969373803,0.29176920973475523,0.3713426305715067,1.0,144.0,180.0
2016/17,2017-04-09,Hertha,Augsburg,2,0,251,28,0,0.5600769546036087,0.26384410837113936,0.1760789370252518,0.11226803896738898,0.558432019748678,0.2701611117813155,0.17140686847000633,0.11218129787096302,0.5301415059755114,0.27941931226629524,0.19043918175819344,1.0,144.0,180.0
2016/17,2017-04-09,Ingolstadt,Darmstadt,3,2,252,28,0,0.6755165931665447,0.1870852595030027,0.13739814733045236,0.06208386610004323,0.7356512393691274,0.15518032159020503,0.10916843904066745,0.04089900766482719,0.6662121866559811,0.22057025098745323,0.11321756235656559,1.0,144.0,180.0
2016/17,2017-04-15,Augsburg,FC Koln,2,1,253,29,0,0.2902390394744301,0.3100446517237581,0.3997163088018121,0.3317668743041625,0.295921304406594,0.3110435600413243,0.393035135552082,0.3251017136834777,0.3417305585980285,0.29901423877327493,0.35925520262869665,1.0,144.0,180.0
2016/17,2017-04-15,Hoffenheim,M'gladbach,5,3,254,29,0,0.7600059799200829,0.15009104693893732,0.08990297314097981,0.03283983712685369,0.7468901952335916,0.15657554896708925,0.09653425579931947,0.03669171790580889,0.5508835252499419,0.24092694716090818,0.20818952758915,1.0,144.0,180.0
2016/17,2017-04-15,Dortmund,Ein Frankfurt,3,1,255,29,0,0.5121798882330341,0.29232807081233886,0.195492040954627,0.13809279976047034,0.5601564582420946,0.26651515030906797,0.1733283914488371,0.11175253625418986,0.6948957997628169,0.18915117329451195,0.11595302694267123,1.0,144.0,180.0
2016/17,2017-04-15,Wolfsburg,Ingolstadt,3,0,256,29,0,0.5825254277301333,0.2321559096201789,0.1853186626496881,0.1043140126090885,0.5453977171466131,0.24047710815215864,0.21412517470122797,0.12625641300817114,0.4786063466998169,0.280326574495607,0.24106707880457603,1.0,144.0,180.0
2016/17,2017-04-15,RB Leipzig,Freiburg,4,0,257,29,0,0.5857263838163189,0.24361312669137222,0.17066048949230866,0.10037381586982919,0.5595018214717831,0.2681765307684596,0.17232164775975733,0.11186669778665738,0.7042866676320988,0.18718135143568207,0.1085319809322192,1.0,144.0,180.0
2016/17,2017-04-15,Mainz,Hertha,1,0,258,29,0,0.4308289713683764,0.352545775619256,0.21662525301236735,0.18544108003812637,0.4266344671474017,0.3313645515382367,0.24200098131436173,0.19365625461022898,0.4580296802062287,0.28999512297080754,0.2519751968229639,1.0,144.0,180.0
2016/17,2017-04-15,Leverkusen,Bayern Munich,0,0,259,29,1,0.15630825195011386,0.1929086041984666,0.6507831438514198,0.22397548497441885,0.1426279796400984,0.17756925229548323,0.6798027680644186,0.24123727202213083,0.17980425173647654,0.24376447063776052,0.5764312776257631,1.0,144.0,180.0
2016/17,2017-04-16,Darmstadt,Schalke 04,2,1,260,29,0,0.22697024549075365,0.2304416936152097,0.5425880608940364,0.4459884025906883,0.18023397718457207,0.20393022944409311,0.6158357933713349,0.5256350282799631,0.2172865532299353,0.2518295437434122,0.5308839030266526,1.0,144.0,180.0
2016/17,2017-04-16,Werder Bremen,Hamburg,2,1,261,29,0,0.5072687813618472,0.277772498033719,0.2149587206044337,0.1444956526922671,0.49807085800282486,0.29212994461626335,0.20979919738091174,0.14797428340384763,0.4491119976149576,0.26461193372989394,0.28627606865514843,1.0,144.0,180.0
2016/17,2017-04-21,FC Koln,Hoffenheim,1,1,262,30,1,0.3927361447325785,0.29338682591756154,0.31387702934986006,0.12638023446645086,0.3510781129912724,0.29689297399625586,0.35202891301247163,0.1235900985091275,0.32589646432036956,0.268752974686113,0.4053505609935175,1.0,144.0,180.0
2016/17,2017-04-22,M'gladbach,Dortmund,2,3,263,30,2,0.20218735305923996,0.2206664434887175,0.5771462034520427,0.10984252949606158,0.21307942184737422,0.21968764298585203,0.567232935166774,0.11634508620958856,0.2849829937815646,0.24818772116672963,0.4668292850517058,1.0,144.0,180.0
2016/17,2017-04-22,Ingolstadt,Werder Bremen,2,4,264,30,2,0.4815821744107014,0.2791154585782935,0.23930236701100477,0.4052911397725994,0.5150487167809797,0.25880005488587576,0.2261512283331447,0.43205855103401747,0.4283276388682568,0.26799734781647755,0.30367501331526564,1.0,144.0,180.0
2016/17,2017-04-22,Hertha,Wolfsburg,1,0,265,30,0,0.23374344290681312,0.30323641612027047,0.4630201409729165,0.40076838111744184,0.2159564783615531,0.29362435764576844,0.49041916399267854,0.4276176001172477,0.33696820062638594,0.29714468600690397,0.36588711336671004,1.0,144.0,180.0
2016/17,2017-04-22,Hamburg,Darmstadt,1,2,266,30,2,0.6854348338217953,0.18869101975531224,0.12587414642289246,0.6169584596541094,0.674265912884012,0.19589759247611085,0.12983649463987695,0.6059095236689633,0.7319054175634634,0.1745112561450251,0.09358332629151155,1.0,144.0,180.0
2016/17,2017-04-22,Bayern Munich,Mainz,2,2,267,30,1,0.7728634947084655,0.15274759747095154,0.07438890782058319,0.30142584552986074,0.8082832699487711,0.1259709936361895,0.06574573641503959,0.3288221731679169,0.8365822554199307,0.11368190927309162,0.04973583530697758,1.0,144.0,180.0
2016/17,2017-04-22,Ein Frankfurt,Augsburg,3,1,268,30,0,0.6446889170063637,0.24153518635485074,0.11377589663878553,0.06959546017703518,0.6673740670812525,0.22715232904178256,0.10547360387696506,0.06088234618243103,0.5325279788565214,0.27757832325665704,0.18989369788682156,1.0,144.0,180.0
2016/17,2017-04-23,Freiburg,Leverkusen,2,1,269,30,0,0.3730255696568606,0.3055100864784951,0.32146434386464423,0.2482181303402152,0.3437621966812025,0.32515246597487724,0.33108533734392037,0.27013277755440906,0.26997395124606355,0.27841063722250303,0.4516154115314335,1.0,144.0,180.0
2016/17,2017-04-23,Schalke 04,RB Leipzig,1,1,270,30,1,0.5013120178184736,0.2726066382488626,0.22608134393266396,0.1512132566418145,0.5254412866796699,0.26816089371467394,0.2063978196056563,0.15934430284277804,0.3192659227344018,0.25458347605054893,0.4261506012150494,1.0,144.0,180.0
2016/17,2017-04-28,Leverkusen,Schalke 04,1,4,271,31,2,0.3643704453156341,0.2763539933917164,0.35927556129264937,0.27164681388818146,0.38524055296356624,0.2929135612457336,0.3218458857906999,0.3041516431333372,0.4453834249730786,0.28319177310426963,0.2714248019226518,1.0,144.0,180.0
2016/17,2017-04-29,Wolfsburg,Bayern Munich,0,6,272,31,2,0.17956758969941577,0.22247308826030282,0.5979593220402815,0.09694061300238395,0.17854963110264746,0.2492977405163866,0.5721526283809658,0.10746667208410368,0.1192571606065455,0.18053293926073738,0.7002099001327172,1.0,144.0,180.0
2016/17,2017-04-29,Werder Bremen,Hertha,2,0,273,31,0,0.6379617148841803,0.22208205156549538,0.13995623355032438,0.07532973359959826,0.6210029611919404,0.233972731311432,0.14502430749662765,0.0823354025950771,0.5448287930933908,0.24517295689202587,0.2099982500145832,1.0,144.0,180.0
2016/17,2017-04-29,RB Leipzig,Ingolstadt,0,0,274,31,1,0.4702014984935637,0.29405008703003177,0.23574841447640482,0.1383333820568657,0.5229134085929816,0.27543644723491395,0.20165014417210428,0.15705060676548052,0.6200639276243105,0.22115146854320789,0.1587846038324815,1.0,144.0,180.0
2016/17,2017-04-29,Darmstadt,Freiburg,3,0,275,31,0,0.2924336375803625,0.2587661216061488,0.4488002408134884,0.35103590669100165,0.3548791611950967,0.2759018321578757,0.36921900664702795,0.27625178576487985,0.2801999620325255,0.26577232171106757,0.45402771625640703,1.0,144.0,180.0
2016/17,2017-04-29,Mainz,M'gladbach,1,2,276,31,2,0.34163086812152876,0.29414030935437635,0.3642288225240947,0.2604583200812841,0.286745769445987,0.2849305198127029,0.4283237107413099,0.20451845799787824,0.4538558786346397,0.2730720606826802,0.2730720606826802,1.0,144.0,180.0
2016/17,2017-04-29,Dortmund,FC Koln,0,0,277,31,1,0.7893126879997925,0.13516357838010448,0.07552373362010302,0.31435917688868903,0.7681146643119701,0.1524085024783048,0.07947683320972512,0.29815835227406845,0.7546580308183715,0.15305077068079298,0.09229119850083564,1.0,144.0,180.0
2016/17,2017-04-30,Augsburg,Hamburg,4,0,278,31,0,0.3245088587027117,0.31301977111499785,0.36247137018229064,0.2938368880864701,0.3470215129072136,0.31558632156530764,0.3373921655274788,0.2701071889826529,0.3879631932355136,0.29743844814722703,0.3145983586172593,1.0,144.0,180.0
2016/17,2017-04-30,Hoffenheim,Ein Frankfurt,1,0,279,31,0,0.4386399840690688,0.3052219301902621,0.256138085740669,0.19036589322643485,0.422414577669908,0.2997569935526311,0.27782842877746106,0.20539677796259173,0.6584686263404176,0.20786403670491999,0.13366733695466243,1.0,144.0,180.0
2016/17,2017-05-05,FC Koln,Werder Bremen,4,3,280,32,0,0.4328574790435055,0.30085201188000005,0.266290509076495,0.19628063715055316,0.4598188525221576,0.3009468376965585,0.2392343097812843,0.17451436353350291,0.41027762592160283,0.2754391926833233,0.31428318139507394,1.0,144.0,180.0
2016/17,2017-05-06,Hertha,RB Leipzig,1,4,281,32,2,0.3033723266665107,0.33958730438598156,0.3570403689475082,0.25271592787510455,0.2752564342686159,0.3390450166265296,0.3856985491048548,0.22656618858907682,0.2562599184342098,0.27187686637202874,0.47186321519376134,1.0,144.0,180.0
2016/17,2017-05-06,Ingolstadt,Leverkusen,1,1,282,32,1,0.4280222846043837,0.29637978080555105,0.27559793459006515,0.12957864883413295,0.39238297550566015,0.3000351354749208,0.3075818890194192,0.12428550895971485,0.41697647881621086,0.27680641955313434,0.30621710163065485,1.0,144.0,180.0
2016/17,2017-05-06,M'gladbach,Augsburg,1,1,283,32,1,0.6719217501976453,0.19667318147264234,0.13140506832971233,0.2343730651857016,0.6301248951756445,0.20992791464996483,0.15994719017439066,0.21132024358239984,0.5450737916562319,0.2575151771604245,0.19741103118334355,1.0,144.0,180.0
2016/17,2017-05-06,Ein Frankfurt,Wolfsburg,0,2,284,32,2,0.5264023034594196,0.28279235495047367,0.19080534159010676,0.46594769014324333,0.46623908964176186,0.31311829798363844,0.22064261237459956,0.4123884131781337,0.3811119254528322,0.2690817715422469,0.349806303004921,1.0,144.0,180.0
2016/17,2017-05-06,Bayern Munich,Darmstadt,1,0,285,32,0,0.8853923173066448,0.06021006953824676,0.054397613155108264,0.00804701062465681,0.8834800032597411,0.06194504895129994,0.054574947788958765,0.008277667283258775,0.9010479709498631,0.06727001974899663,0.031682009301140346,1.0,144.0,180.0
2016/17,2017-05-06,Dortmund,Hoffenheim,2,1,286,32,0,0.7348196790094871,0.1675934987503936,0.09758682224011946,0.03992189525777805,0.7425951639770925,0.15807598134382794,0.09932885467907945,0.03806173548991881,0.650841647397442,0.19655417751402748,0.15260417508853064,1.0,144.0,180.0
2016/17,2017-05-07,Freiburg,Schalke 04,2,0,287,32,0,0.32749992681608076,0.27380348283969524,0.3986965903442238,0.30560765979224336,0.2476124003855218,0.25963220288139904,0.49275539673307917,0.4044474905316053,0.2512400040489928,0.2684482235044033,0.4803117724466039,1.0,144.0,180.0
2016/17,2017-05-07,Hamburg,Mainz,0,0,288,32,1,0.35834235762753236,0.30907671141173787,0.33258093096073016,0.11950966045438197,0.37955236669027276,0.32420729551895744,0.29624033779076936,0.11590916839728835,0.40826025838409535,0.28649842693620725,0.3052413146796974,1.0,144.0,180.0
2016/17,2017-05-13,Wolfsburg,M'gladbach,1,1,289,33,1,0.47342689429528834,0.28389283921180475,0.24268026649290694,0.1415133679935752,0.4702926267338074,0.29064582264996264,0.23906155061623027,0.13916278987161027,0.4692810278090428,0.256753232492382,0.2739657396985752,1.0,144.0,180.0
2016/17,2017-05-13,Schalke 04,Hamburg,1,1,290,33,1,0.5801447606319121,0.23717100962918053,0.1826842297389073,0.18497073554197824,0.6225792419434908,0.22895354355846476,0.1484672144980446,0.20482371313987,0.535619372139202,0.24261966609275734,0.22176096176804064,1.0,144.0,180.0
2016/17,2017-05-13,RB Leipzig,Bayern Munich,4,5,291,33,2,0.148687905340763,0.2311099118186023,0.6202021828406347,0.0831772375568212,0.17697944316632347,0.2632233377024694,0.5597972191312073,0.1125501057940402,0.19922380336351878,0.21733505821474774,0.5834411384217335,1.0,144.0,180.0
2016/17,2017-05-13,Mainz,Ein Frankfurt,4,2,292,33,0,0.3063627236749937,0.3395788583987402,0.35405841792626624,0.3032450172060118,0.28606953592956963,0.36071033354577714,0.35322013052465334,0.31723058406783655,0.5247118060156353,0.2725586325692328,0.20272956141513185,1.0,144.0,180.0
2016/17,2017-05-13,Werder Bremen,Hoffenheim,3,5,293,33,2,0.27409321476729553,0.2351359123899512,0.49077087284275345,0.1672206971634011,0.25660654680222605,0.2182873866609487,0.5251060665368253,0.14568558395094466,0.33220789671640744,0.2322306386998583,0.43556146458373424,1.0,144.0,180.0
2016/17,2017-05-13,Freiburg,Ingolstadt,1,1,294,33,1,0.49006581653502423,0.27614270576618855,0.2337914776987872,0.1474114797903613,0.4070662710556314,0.2961504341464911,0.2967832947978772,0.12689163655111033,0.3744567346253568,0.268788121840667,0.3567551435339763,1.0,144.0,180.0
2016/17,2017-05-13,Darmstadt,Hertha,0,2,295,33,2,0.3729604719895755,0.30413471018516963,0.3229048178252544,0.2987786996954691,0.38448379700018787,0.3117758927976811,0.3037403102021309,0.3163026728965532,0.3566152309350437,0.27470360926368914,0.368681159801267,1.0,144.0,180.0
2016/17,2017-05-13,Augsburg,Dortmund,1,1,296,33,1,0.12527946219277825,0.1429283862322663,0.7317921515749556,0.2756073483770072,0.138399671072326,0.15631514898530408,0.7052851799423698,0.25829082699963457,0.13073713490959665,0.17385257301808066,0.6954102920723226,1.0,144.0,180.0
2016/17,2017-05-13,Leverkusen,FC Koln,2,2,297,33,1,0.389351072737744,0.2842164549389579,0.32643247232329775,0.1290762084145664,0.3852716287459812,0.281315148015432,0.33341322323858674,0.12979930267346246,0.4376009409767309,0.29086828124269354,0.27153077778057544,1.0,144.0,180.0
2016/17,2017-05-20,FC Koln,Mainz,2,0,298,34,0,0.40183068335875494,0.3422058755577907,0.25596344108345437,0.21166190727116857,0.37367798645897293,0.34262305285934863,0.28369896068167855,0.23638218246897547,0.6631663572153207,0.19207166510345883,0.14476197768122043,1.0,144.0,180.0
2016/17,2017-05-20,Ein Frankfurt,RB Leipzig,2,2,299,34,1,0.38365000599225113,0.32055252319594,0.29579747081180896,0.11734173541825861,0.34935342834634014,0.32009327908875923,0.3305532925649008,0.1156566485614191,0.33563987815426277,0.2800195554886992,0.3843405663570382,1.0,144.0,180.0
2016/17,2017-05-20,Bayern Munich,Freiburg,4,1,300,34,0,0.846445559035308,0.09238575970141265,0.06116868126327935,0.013660286953733863,0.8489314784014536,0.09116742608474228,0.05990109551380443,0.013204919730862193,0.8461288952245978,0.10288359732290707,0.050987507452495244,1.0,144.0,180.0
2016/17,2017-05-20,Dortmund,Werder Bremen,4,3,301,34,0,0.8221614652034591,0.10528561008580975,0.07255292471073091,0.018445235671330752,0.8030839938877721,0.11602004501050062,0.08089596110172688,0.022660034992881578,0.8252276604701659,0.102829415283717,0.07194292424611703,1.0,144.0,180.0
2016/17,2017-05-20,Ingolstadt,Schalke 04,1,1,302,34,1,0.38574415684302027,0.2605984246066001,0.35365741855037985,0.1369360621171255,0.2872100079415536,0.2561526833997887,0.4566373086586577,0.14550361016040475,0.39825825560320044,0.25918394412271784,0.34255780027408156,1.0,144.0,180.0
2016/17,2017-05-20,Hoffenheim,Augsburg,0,0,303,34,1,0.7233211768562906,0.1705428757869932,0.1061359473567162,0.26722918210503843,0.6596306782636954,0.20411095584885777,0.13625836588744691,0.22683948699047007,0.6770823239219487,0.19288199797383607,0.1300356781042153,1.0,144.0,180.0
2016/17,2017-05-20,M'gladbach,Darmstadt,2,2,304,34,1,0.8060026259591923,0.11516240536294492,0.07883496867786279,0.3279275926697766,0.7626497188417631,0.13902815595433415,0.09832212520390271,0.2956509169770162,0.7833152762730229,0.13542795232936078,0.08125677139761647,1.0,144.0,180.0
2016/17,2017-05-20,Hertha,Leverkusen,2,6,305,34,2,0.32419721156213976,0.2883690948258534,0.3874336936120067,0.24017065585324776,0.31722848916897634,0.28847758825808806,0.39429392257293544,0.23375688328625613,0.46002891243164723,0.26626673464114364,0.27370435292720907,1.0,144.0,180.0
2016/17,2017-05-20,Hamburg,Wolfsburg,2,1,306,34,0,0.22105237935845634,0.25857168432827315,0.5203759363132705,0.4387752553985176,0.24986592002302735,0.2567050564793544,0.49342902349761814,0.4030866695863562,0.39659466557985784,0.28035140153058913,0.3230539328895531,1.0,144.0,180.0
2017/18,2017-08-18,Bayern Munich,Leverkusen,3,1,1,1,0,0.5234046718946592,0.2581367025274663,0.21845862557787482,0.13743363893060567,0.5875754455946627,0.23045058738526047,0.18197396702007654,0.10160426887473253,0.7666835443037976,0.14647088607594938,0.08684556962025317,1.0,144.0,180.0
2017/18,2017-08-19,Wolfsburg,Dortmund,0,3,2,1,2,0.3757820861895334,0.2799707443129319,0.3442471694975344,0.2856119755064765,0.31558086210304265,0.2746508622614787,0.40976827563547863,0.223982384486008,0.24064950587412176,0.25707178186553165,0.5022787122603466,1.0,144.0,180.0
2017/18,2017-08-19,Schalke 04,RB Leipzig,2,0,3,1,0,0.452416938358038,0.2736545851947939,0.27392847644716756,0.18744200980292575,0.4336593579119038,0.2774353525104549,0.28890528957764144,0.20210399461334894,0.34402662380294763,0.28174594190758645,0.3742274342894659,1.0,144.0,180.0
2017/18,2017-08-19,Mainz,Hannover,0,1,4,1,2,0.4916103581539378,0.26585685647218793,0.24253278537387396,0.40771866273885204,0.4775093889636724,0.2799264728413197,0.24256413819500797,0.40086215064836545,0.528769615647032,0.2608596770525358,0.21037070730043209,1.0,144.0,180.0
2017/18,2017-08-19,Hertha,Stuttgart,2,0,5,1,0,0.48111985078520497,0.26821815304190855,0.25066199617288654,0.166034022787272,0.4290282223286163,0.27976807548538746,0.2912037021859966,0.20540418353202516,0.48604430526713865,0.2727248601776722,0.24123083455518918,1.0,144.0,180.0
2017/18,2017-08-19,Hamburg,Augsburg,1,0,6,1,0,0.4607824062053977,0.2722291429549872,0.26698845083961514,0.18101922316968916,0.41776713227233947,0.2939624876894587,0.28827038003820166,0.21104746213487235,0.4224073449393544,0.29517621694557294,0.28241643811507267,1.0,144.0,180.0
2017/18,2017-08-19,Hoffenheim,Werder Bremen,1,0,7,1,0,0.49018805537098825,0.26618838084946517,0.2436235637795465,0.15963032985753062,0.5395144212095299,0.24672213615508937,0.2137634426353809,0.128870888840662,0.5289447639591498,0.23354363086501845,0.23751160517583186,1.0,144.0,180.0
2017/18,2017-08-20,M'gladbach,FC Koln,1,0,8,1,0,0.47167487464208246,0.2724489363296143,0.2558761890283033,0.1723000310980536,0.4646060312989552,0.2784570666001579,0.2569369021008872,0.176331636691328,0.5447719085029733,0.2546985546247667,0.2005295368722601,1.0,144.0,180.0
2017/18,2017-08-20,Freiburg,Ein Frankfurt,0,0,9,1,1,0.4381836682155204,0.2782207741132689,0.28359555767121036,0.13621568371082712,0.3822301277445662,0.2949744594647945,0.32279541279063934,0.1251483745371533,0.3332847297898792,0.30910318788083435,0.3576120823292865,1.0,144.0,180.0
2017/18,2017-08-25,FC Koln,Hamburg,1,3,10,2,2,0.47978686871097953,0.2792085960955224,0.24100453519349813,0.4031347774921623,0.5019209613079662,0.28574195160072396,0.21233708709130963,0.43616875788605775,0.4797896712856898,0.2820665502659387,0.23814377844837156,1.0,144.0,180.0
2017/18,2017-08-26,Werder Bremen,Bayern Munich,0,2,11,2,2,0.31314974753039565,0.2770504527388618,0.4097997997307423,0.22319952038811108,0.2644108779464101,0.24621960692152706,0.489369515132063,0.16532830222642797,0.07500816544585867,0.13830619535797567,0.7866856391961657,1.0,144.0,180.0
2017/18,2017-08-26,Stuttgart,Mainz,1,0,12,2,0,0.4380620987394721,0.29410944080352547,0.2678284604570021,0.19375314455192746,0.42478506104868347,0.3050891810007925,0.2701257579505242,0.201920075550556,0.3968400135704938,0.2753356273930112,0.32782435903649493,1.0,144.0,180.0
2017/18,2017-08-26,Leverkusen,Hoffenheim,2,2,13,2,1,0.484248960716753,0.2668787911643212,0.24887224811892564,0.14821722591951178,0.46492592542503686,0.2696263614729692,0.265447713101994,0.1433093022617027,0.4973751008634235,0.24133717948299127,0.26128771965358516,1.0,144.0,180.0
2017/18,2017-08-26,Dortmund,Hertha,2,0,14,2,0,0.5749275528660523,0.25144547168511633,0.17362697544883152,0.1054164559579759,0.6658872085882945,0.2056461849408149,0.1284666064708905,0.06406751318153424,0.6959227427096971,0.1872616540497467,0.11681560324055629,1.0,144.0,180.0
2017/18,2017-08-26,Augsburg,M'gladbach,2,2,15,2,1,0.3676086137801741,0.2827818277775582,0.3496095584422677,0.12868146813978928,0.35737990649373275,0.28446318775418983,0.3581569057520774,0.12799838335168584,0.28328266595079343,0.2849296581946934,0.4317876758545133,1.0,144.0,180.0
2017/18,2017-08-26,Ein Frankfurt,Wolfsburg,0,1,16,2,2,0.43228561098816276,0.2849296528669266,0.28278473614491045,0.3506342920870673,0.4467393514921948,0.2952894038372737,0.2579712446705313,0.3750913609537334,0.43924562191288735,0.29239335428828017,0.26836102379883253,1.0,144.0,180.0
2017/18,2017-08-27,Hannover,Schalke 04,1,0,17,2,0,0.35018621761723806,0.2945627841823022,0.35525099820045997,0.2742306117485072,0.3642865871041517,0.29378452771262387,0.3419288851832244,0.26052345292916507,0.3148105677515894,0.2888085149579478,0.3963809172904627,1.0,144.0,180.0
2017/18,2017-08-27,RB Leipzig,Freiburg,4,1,18,2,0,0.5227854797271014,0.26226984614117504,0.21494467413172408,0.1369674556484428,0.5410932100140142,0.25725558719577346,0.2016512027902123,0.12562932474099048,0.7105027457610041,0.1896506361992622,0.09984661803973376,1.0,144.0,180.0
2017/18,2017-09-08,Hamburg,RB Leipzig,0,2,19,3,2,0.4000722035780018,0.29833225199845737,0.3015955444235408,0.3239132758224042,0.34207902640121285,0.31041765841993174,0.34750331517885535,0.27138499200309296,0.22996823591936622,0.2461469057830402,0.5238848582975936,1.0,144.0,180.0
2017/18,2017-09-09,Augsburg,FC Koln,3,0,20,3,0,0.4312515474312213,0.267690694543201,0.30105775802557777,0.20705528798338382,0.41119570286078794,0.2812724292998713,0.3075318678393406,0.22063317503317764,0.43608819494207846,0.28276612063967627,0.28114568441824545,1.0,144.0,180.0
2017/18,2017-09-09,Freiburg,Dortmund,0,0,21,3,1,0.2623241295949234,0.27700430207267346,0.4606715683324033,0.14051612141878508,0.2263131356682385,0.2531219532556654,0.5205649110760965,0.1611027310098272,0.0983103319332481,0.16473176628142583,0.736957901785326,1.0,144.0,180.0
2017/18,2017-09-09,Hoffenheim,Bayern Munich,2,0,22,3,0,0.314105943884422,0.2919679221157162,0.3939261339998617,0.3128142276313784,0.29994449814535257,0.2864586908770496,0.41359681097759776,0.33057001386390056,0.1407091293423204,0.1940334224065728,0.6652574482511067,1.0,144.0,180.0
2017/18,2017-09-09,Mainz,Leverkusen,3,1,23,3,0,0.3531034168468705,0.2779456000496738,0.3689509831034555,0.2773000086141001,0.3543339111130495,0.2835542972488877,0.36211179163806323,0.2740048239909496,0.2794229309035687,0.2665148063781321,0.4540622627182991,1.0,144.0,180.0
2017/18,2017-09-09,M'gladbach,Ein Frankfurt,0,1,24,3,2,0.4331725094789093,0.29727004110895694,0.2695574494121338,0.36059237133878164,0.4126503068540566,0.3043399345225728,0.2830097586233707,0.34217764098803216,0.49479716976503035,0.27138459726724656,0.23381823296772314,1.0,144.0,180.0
2017/18,2017-09-09,Wolfsburg,Hannover,1,1,25,3,1,0.4961221919853253,0.28469410224797453,0.21918370576670024,0.14708936312697368,0.4943235433858196,0.2842633820245469,0.2214130745896336,0.14668975757237343,0.5264483473965336,0.26251847886261465,0.21103317374085187,1.0,144.0,180.0
2017/18,2017-09-10,Schalke 04,Stuttgart,3,1,26,3,0,0.4532640619708773,0.296705149671638,0.2500307883574843,0.18071779052962497,0.4425336532885506,0.2925589462438581,0.2649074004675914,0.1904723292691533,0.548201783939972,0.2555419774095182,0.19625623865050998,1.0,144.0,180.0
2017/18,2017-09-10,Hertha,Werder Bremen,1,1,27,3,1,0.5018001307702077,0.28497416889930344,0.21322570033048896,0.1486342852612125,0.44898130830208927,0.2829905293100564,0.2680281623878544,0.13671165551883285,0.45586815732664054,0.2792354809835548,0.2648963616898046,1.0,144.0,180.0
2017/18,2017-09-15,Hannover,Hamburg,2,0,28,4,0,0.41588035163580434,0.307841320474971,0.2762783278892243,0.20876273903318882,0.44872566206047376,0.31064356687090927,0.24063077106861727,0.18090328182787005,0.4994483456860632,0.26967458885528484,0.23087706545865183,1.0,144.0,180.0
2017/18,2017-09-16,RB Leipzig,M'gladbach,2,2,29,4,1,0.4900966080236359,0.27943072140809094,0.23047267056827295,0.1466561685375726,0.48117960732588244,0.2805782562574689,0.2382421364166491,0.14414656503532974,0.5664984208019078,0.23390030262226738,0.1996012765758249,1.0,144.0,180.0
2017/18,2017-09-16,Bayern Munich,Mainz,4,0,30,4,0,0.6426035671787662,0.2139624393772822,0.14343399344395188,0.07415276033431112,0.6508023632401279,0.21571504557757448,0.13348259118229763,0.06987829583371001,0.8356958636675265,0.1138258626881264,0.050478273644347225,1.0,144.0,180.0
2017/18,2017-09-16,Ein Frankfurt,Augsburg,1,2,31,4,2,0.4450396078473155,0.2920380534786467,0.2629223386740381,0.3706718656893211,0.498840688260721,0.28310060158515077,0.21805871015412806,0.4301371065151277,0.5126745538875183,0.2758333515282141,0.2114920945842678,1.0,144.0,180.0
2017/18,2017-09-16,Werder Bremen,Schalke 04,1,2,32,4,2,0.34081708439458014,0.3011452684827578,0.3580376471226618,0.26413597376351505,0.3518345525254749,0.2816087425802432,0.366556704894282,0.2625189802325955,0.3439558819638423,0.28331626115518804,0.3727278568809698,1.0,144.0,180.0
2017/18,2017-09-16,Stuttgart,Wolfsburg,1,0,33,4,0,0.3989898539089425,0.29775009493193927,0.30326005115911864,0.22658992716671267,0.40235029946969225,0.2988120190998502,0.2988376814304575,0.2232445621933491,0.43574684274055525,0.27158736735907185,0.2926657899003729,1.0,144.0,180.0
2017/18,2017-09-17,Dortmund,FC Koln,5,0,34,4,0,0.6031933506901734,0.2401089910061127,0.1566976583037139,0.09100483652717957,0.6286069459527722,0.22732923744520012,0.14406381660202755,0.07934359192423485,0.7331973330551509,0.1623941200485789,0.10440854689627017,1.0,144.0,180.0
2017/18,2017-09-17,Hoffenheim,Hertha,1,1,35,4,1,0.455598132620717,0.3016097720602991,0.24279209531898385,0.13325882999843353,0.5354750997907881,0.2765642677885926,0.18796063242061942,0.16103139091795682,0.5508669668069085,0.25534979190528573,0.19378324128780577,1.0,144.0,180.0
2017/18,2017-09-17,Leverkusen,Freiburg,4,0,36,4,0,0.6130186033137008,0.23770025213364182,0.14928114455265742,0.08601973075011511,0.6263218057175718,0.22570089716623748,0.14797729711619068,0.08076633667199479,0.7044899788614243,0.1826942295927947,0.11281579154578107,1.0,144.0,180.0
2017/18,2017-09-19,Wolfsburg,Werder Bremen,1,1,37,5,1,0.48182724706482466,0.30020785407073736,0.21796489886443793,0.13983309657552614,0.4815840971046842,0.29347683819280745,0.22493906470250827,0.14126041270668657,0.5050972706388858,0.259917428392424,0.23498530096869025,1.0,144.0,180.0
2017/18,2017-09-19,Schalke 04,Bayern Munich,0,3,38,5,2,0.3073489706319552,0.2725535558328862,0.42009747353515864,0.21537516497441428,0.2936211164017708,0.26357845020585624,0.4428004333923732,0.1983423585123748,0.15971100702899838,0.2245478149283853,0.6157411780426163,1.0,144.0,180.0
2017/18,2017-09-19,M'gladbach,Stuttgart,2,0,39,5,0,0.5360350600581388,0.265401510546236,0.19856342939562482,0.12734545049430313,0.5267281068093309,0.26372556284011234,0.20954633035055642,0.13394797472383238,0.5733759798905906,0.23512540182563788,0.1914986182837715,1.0,144.0,180.0
2017/18,2017-09-19,Augsburg,RB Leipzig,1,0,40,5,0,0.36893791880558746,0.28736435630474394,0.3436977248896688,0.2581837382078788,0.3532632856196199,0.294450246494139,0.352286467886241,0.27118706659164654,0.30643937182555897,0.2708856325529803,0.4226749956214607,1.0,144.0,180.0
2017/18,2017-09-20,Mainz,Hoffenheim,2,3,41,5,2,0.402287422050541,0.3129961148610283,0.28471646308843085,0.3367328540583972,0.36630297654848376,0.3260863965308109,0.30761062692070507,0.3067904572907089,0.38114629391014926,0.27515336386210215,0.34370034222774865,1.0,144.0,180.0
2017/18,2017-09-20,Hertha,Leverkusen,2,1,42,5,0,0.3234156197938133,0.3222010810353972,0.35438329917078953,0.29167697313508156,0.3031766496807582,0.3092141325293007,0.3876092177899413,0.3179018436329314,0.3045127232657663,0.27465853471029905,0.4208287420239346,1.0,144.0,180.0
2017/18,2017-09-20,FC Koln,Ein Frankfurt,0,1,43,5,2,0.4062179945606509,0.29718233864554344,0.2965996667938058,0.3298925439297311,0.3785871067031086,0.3165195120069855,0.30489338128990595,0.3132507043682055,0.33005229160258387,0.2943709627806829,0.3755767456167334,1.0,144.0,180.0
2017/18,2017-09-20,Freiburg,Hannover,1,1,44,5,1,0.3383638195247821,0.3350345514657987,0.32660162900941925,0.11057934921750279,0.3491614779830453,0.3189801287592403,0.331858393257714,0.11602186544144823,0.32604536448052857,0.29649442510162866,0.37746021041784267,1.0,144.0,180.0
2017/18,2017-09-20,Hamburg,Dortmund,0,3,45,5,2,0.2719495477303928,0.2717244673040173,0.4563259849655897,0.18476899556720064,0.2268103719807605,0.26893787563761073,0.5042517523816287,0.14860463492736842,0.11413407125967247,0.17190316180938364,0.7139627669309438,1.0,144.0,180.0
2017/18,2017-09-22,Bayern Munich,Wolfsburg,2,2,46,6,1,0.6594185994974116,0.2112666323333435,0.12931476816924495,0.2257775993148966,0.6593984561235718,0.21098973700217338,0.12961180687425472,0.22580277220967962,0.8647667265481256,0.08843315846148252,0.04680011499039185,1.0,144.0,180.0
2017/18,2017-09-23,Mainz,Hertha,1,0,47,6,0,0.4143380054721816,0.3334644612561704,0.2521975332716476,0.2033017838113032,0.4595310717443811,0.3230441772838957,0.2174247509717232,0.16969009237244656,0.43769527462345664,0.29442565019716005,0.2678790751793833,1.0,144.0,180.0
2017/18,2017-09-23,Dortmund,M'gladbach,6,1,48,6,0,0.523386976966805,0.2831489431454235,0.1934640798877713,0.13229416196583144,0.5692903174447927,0.2544731255282076,0.17623655702699992,0.10828507733976916,0.7000553403431101,0.17819590481460987,0.12174875484228001,1.0,144.0,180.0
2017/18,2017-09-23,Hoffenheim,Schalke 04,2,0,49,6,0,0.3863722308629756,0.29010480498263364,0.3235229641543904,0.2406030736956623,0.4447847196075924,0.29066243447630463,0.26455284591610356,0.1891261079317645,0.4666625202139569,0.2677571837293195,0.2655802960567235,1.0,144.0,180.0
2017/18,2017-09-23,Werder Bremen,Freiburg,0,0,50,6,1,0.5358024653757627,0.2634406169369323,0.20075691768730525,0.16369381095102636,0.5125360948695677,0.2654212254524418,0.2220426796779907,0.1559981000713646,0.5478503163980104,0.24394330008767137,0.20820638351431822,1.0,144.0,180.0
2017/18,2017-09-23,Stuttgart,Augsburg,0,0,51,6,1,0.421668605381661,0.29784051722639554,0.2804908773919432,0.12823977253230862,0.40146375239298854,0.3005963586349408,0.29793988897207047,0.1249706609630743,0.4453834249730786,0.28319177310426963,0.2714248019226518,1.0,144.0,180.0
2017/18,2017-09-23,RB Leipzig,Ein Frankfurt,2,1,52,6,0,0.5271762108063917,0.26132766926548406,0.2114961199281244,0.13414647218602666,0.48047579614343294,0.2847402243210549,0.234783979535512,0.16251445771966586,0.5422903708211224,0.26600150980656684,0.19170811937231083,1.0,144.0,180.0
2017/18,2017-09-24,Hannover,FC Koln,0,0,53,6,1,0.4208452630196588,0.2965614958140763,0.282593241166265,0.12848483767947025,0.41032999218832394,0.30904999717079595,0.28062001064088005,0.1235591464306788,0.47105534630424867,0.2744524146534558,0.2544922390422954,1.0,144.0,180.0
2017/18,2017-09-24,Leverkusen,Hamburg,3,0,54,6,0,0.6270538154612346,0.22907689023386515,0.14386929430490034,0.07989361520290642,0.6389928913156412,0.2258926424859145,0.13511446619844422,0.07429102574836549,0.6959199751712942,0.1851409745267028,0.11893905030200301,1.0,144.0,180.0
2017/18,2017-09-29,Schalke 04,Leverkusen,1,1,55,7,1,0.4435279874756176,0.28474212033930085,0.2717298921850817,0.13527710499054382,0.467154421948969,0.2770638152702531,0.25578176278077835,0.14182878205885874,0.35171656634093706,0.27798561475671796,0.3702978189023451,1.0,144.0,180.0
2017/18,2017-09-30,Wolfsburg,Mainz,1,1,56,7,1,0.4769352584219038,0.2788526902179411,0.24421205136015503,0.14355338337775161,0.4765024731407577,0.2999018636787246,0.22359566318051755,0.138524813751197,0.4395355433561086,0.2874381999073672,0.2730262567365243,1.0,144.0,180.0
2017/18,2017-09-30,M'gladbach,Hannover,2,1,57,7,0,0.5985052774061133,0.2254589095709426,0.17603581302294416,0.0960933098686955,0.6218930490917752,0.22082754196297255,0.1572794089452524,0.0838508394016413,0.5762397242110846,0.23892866613630337,0.18483160965261203,1.0,144.0,180.0
2017/18,2017-09-30,Ein Frankfurt,Stuttgart,2,1,58,7,0,0.46851479397700124,0.32633792818817675,0.20514727783482195,0.16228096491217353,0.4672296147818471,0.32835013550467274,0.2044202497134801,0.16281596092921033,0.4583843925806273,0.28682532167325797,0.2547902857461149,1.0,144.0,180.0
2017/18,2017-09-30,Augsburg,Dortmund,1,2,59,7,2,0.24766399131114808,0.30199463468789833,0.45034137400095337,0.181731028863664,0.26042447067783875,0.3025829111457356,0.4369926181764258,0.19239910845783426,0.17445497963367262,0.22452634053080875,0.6010186798355185,1.0,144.0,180.0
2017/18,2017-09-30,Hamburg,Werder Bremen,0,0,60,7,1,0.37597327501620176,0.30427393246215584,0.3197527925216425,0.12179887592589847,0.35799656890586223,0.31473510362720736,0.3272683274669303,0.11763305075568586,0.3754110111157885,0.28903325634578403,0.33555573253842735,1.0,144.0,180.0
2017/18,2017-10-01,Hertha,Bayern Munich,2,2,61,7,1,0.23066234507642033,0.29883519402101,0.47050246090256986,0.13728884157576385,0.23126803837365698,0.2790181006625723,0.4897138609637706,0.1466522855966213,0.07816392990017648,0.1542418522519966,0.7675942178478269,1.0,144.0,180.0
2017/18,2017-10-01,FC Koln,RB Leipzig,1,2,62,7,2,0.43840071677152603,0.27830996044870165,0.2832893227797724,0.35293469165363256,0.4559306598714228,0.2703675829546888,0.2737017571738883,0.3676909520715442,0.25516088591725866,0.28483075637275385,0.46000835770998744,1.0,144.0,180.0
2017/18,2017-10-01,Freiburg,Hoffenheim,3,2,63,7,0,0.3687561225790313,0.305689958173219,0.3255539192477498,0.25222709355951467,0.355349412571009,0.3123746644918612,0.33227592293712993,0.26299083441813226,0.2986398280667293,0.26984535428619066,0.4315148176470802,1.0,144.0,180.0
2017/18,2017-10-13,Stuttgart,FC Koln,2,1,64,8,0,0.4782394375460988,0.2883636978716638,0.23339686458223727,0.1633540904645153,0.42225819215583776,0.30105654974139673,0.2766852581027656,0.20517016429121743,0.5215683629261472,0.26573130685668206,0.21270033021717064,1.0,144.0,180.0
2017/18,2017-10-14,Hertha,Schalke 04,0,2,65,8,2,0.4049822829776737,0.29693905953383737,0.2980786574884892,0.3283521102994853,0.3917778391509054,0.29068061113290533,0.3175415497161894,0.3096197058067666,0.35409479540381283,0.30651330727142545,0.3393918973247617,1.0,144.0,180.0
2017/18,2017-10-14,Mainz,Hamburg,3,2,66,8,0,0.5050510122138113,0.27753027183529716,0.2174187159508915,0.1461226992781536,0.5162583956645656,0.2815479467585088,0.20219365757692595,0.13744410746467753,0.5363125525419229,0.2596433786115659,0.20404406884651122,1.0,144.0,180.0
2017/18,2017-10-14,Hoffenheim,Augsburg,2,2,67,8,1,0.4173952775200001,0.3305663413766779,0.2520383811033218,0.11887108162259064,0.41001857138336995,0.33699999315698037,0.2529814354596501,0.11605741778324227,0.5215916101172116,0.25805058605798886,0.2203578038247995,1.0,144.0,180.0
2017/18,2017-10-14,Hannover,Ein Frankfurt,1,2,68,8,2,0.3560135070803821,0.3254576616529609,0.31852883126665704,0.2955742855192309,0.36284968545105595,0.32695822071120606,0.31019209383773816,0.30374742081794714,0.3602912495124171,0.3006111038876609,0.339097646599922,1.0,144.0,180.0
2017/18,2017-10-14,Dortmund,RB Leipzig,2,3,69,8,2,0.6484493314372293,0.21053864532691874,0.1410120232358521,0.579173439833377,0.6020387159230447,0.232308483934198,0.16565280014275718,0.5292929326899452,0.6394267308457892,0.20553002062900366,0.1550432485252072,1.0,144.0,180.0
2017/18,2017-10-14,Bayern Munich,Freiburg,5,0,70,8,0,0.6594538583390264,0.21171850970497708,0.12882763195599664,0.0662841166777828,0.7368602317868475,0.16328425795460358,0.0998555102585491,0.039606830272133416,0.9024171888988362,0.07025962399283796,0.027323187108325875,1.0,144.0,180.0
2017/18,2017-10-15,Leverkusen,Wolfsburg,2,2,71,8,1,0.5092965285028926,0.28522153107984555,0.2054819404172619,0.15080289089137044,0.5123514117514458,0.2826413601677713,0.2050072280807827,0.15226596634453288,0.6287782373528475,0.2109449570474069,0.16027680559974547,1.0,144.0,180.0
2017/18,2017-10-15,Werder Bremen,M'gladbach,0,2,72,8,2,0.38183307650653575,0.2899070279976715,0.32825989549579304,0.2985156331568847,0.391929120630822,0.28871307799433454,0.31935780137484326,0.30844111907386823,0.34895665409502963,0.2739017312868808,0.37714161461808965,1.0,144.0,180.0
2017/18,2017-10-20,Schalke 04,Mainz,2,0,73,9,0,0.6190346602285947,0.22551993743669327,0.15544540233471238,0.08464893160707142,0.6215610853583348,0.22080458259941552,0.1576343320422499,0.08403229737678392,0.553932206929444,0.2507570348504133,0.19531075822014263,1.0,144.0,180.0
2017/18,2017-10-21,Ein Frankfurt,Dortmund,2,2,74,9,1,0.2875231904067332,0.2757115475133821,0.43676526207988464,0.13671673959068847,0.2578444603855336,0.28306243445708423,0.4590931051573824,0.13862512247727707,0.2525554840838418,0.2599244769881449,0.4875200389280131,1.0,144.0,180.0
2017/18,2017-10-21,Augsburg,Hannover,1,2,75,9,2,0.44475579515842956,0.3148089903624711,0.24043521447909932,0.3873731903652094,0.4336198938642816,0.30536148080026365,0.26101862533545483,0.36705984222798593,0.49189587345209035,0.2681843255259342,0.23991980102197544,1.0,144.0,180.0
2017/18,2017-10-21,M'gladbach,Leverkusen,1,5,76,9,2,0.35000526640254614,0.28092350325676235,0.36907123034069167,0.260287399446663,0.367798112179924,0.2753434092872519,0.35685847853282393,0.27445323397911486,0.3349134114749379,0.2562131320160752,0.40887345650898677,1.0,144.0,180.0
2017/18,2017-10-21,Hamburg,Bayern Munich,0,1,77,9,2,0.22898425694198873,0.244451733461025,0.5265640095969866,0.13828771346807864,0.2125650669480151,0.2660061637094136,0.5214287693425715,0.13710716524978997,0.08012602575419064,0.1283063811096517,0.7915675931361577,1.0,144.0,180.0
2017/18,2017-10-21,RB Leipzig,Stuttgart,1,0,78,9,0,0.5291964975797194,0.26589737246581946,0.2049061299544613,0.1318212299920588,0.5302296635004711,0.26636998515341387,0.20340035134611534,0.13102793599130186,0.6795904053864498,0.191134801514939,0.1292747930986113,1.0,144.0,180.0
2017/18,2017-10-22,FC Koln,Werder Bremen,0,0,79,9,1,0.4129156514949129,0.29453136783414796,0.2925529806709394,0.12804329087445965,0.39515378583533345,0.2913013542052277,0.3135448599594386,0.12722844683349033,0.3813192103996148,0.2784063553201733,0.3402744342802118,1.0,144.0,180.0
2017/18,2017-10-22,Freiburg,Hertha,1,1,80,9,1,0.3932973254402474,0.35950143433103643,0.24720124022871595,0.10789561968453365,0.45063476992875773,0.32899915020663717,0.2203660798646054,0.12581645251181897,0.32050075158287916,0.3008381287863835,0.3786611196307375,1.0,144.0,180.0
2017/18,2017-10-22,Wolfsburg,Hoffenheim,1,1,81,9,1,0.45330850514742127,0.30515462948228556,0.24153686537029342,0.13191432908594838,0.3980094564242481,0.32988552026872725,0.27210502330702485,0.11622633555602094,0.37596198389097263,0.27106651324735875,0.3529715028616686,1.0,144.0,180.0
2017/18,2017-10-27,Mainz,Ein Frankfurt,1,1,82,10,1,0.3776086938666249,0.3020387392563216,0.3203525668770535,0.12260704639418774,0.3828412457360585,0.32729944117674964,0.2898593130871917,0.1152929204100579,0.3391141770356521,0.2882470504803043,0.37263877248404365,1.0,144.0,180.0
2017/18,2017-10-28,Bayern Munich,RB Leipzig,2,0,83,10,0,0.5519891064946746,0.25887654558435697,0.18913434792096864,0.11824278113146497,0.6109691700773291,0.23946865821928298,0.14956217170338795,0.08685691491747789,0.6963780703139579,0.18284787321092752,0.12077405647511447,1.0,144.0,180.0
2017/18,2017-10-28,Hannover,Dortmund,4,2,84,10,0,0.28857327334365546,0.3100777855622207,0.4013489410941237,0.3336044799591678,0.2630202827386682,0.2794762767073377,0.4575034405539943,0.37622425088666733,0.12976585628420204,0.1860141742172782,0.6842199694985198,1.0,144.0,180.0
2017/18,2017-10-28,Hertha,Hamburg,2,1,85,10,0,0.43999839013976333,0.3107987551925632,0.24920285466767375,0.18785193291028718,0.388256755662143,0.34320766350347154,0.2685355808343859,0.2231705775835339,0.43553082745681565,0.3024519635116775,0.2620172090315067,1.0,144.0,180.0
2017/18,2017-10-28,Hoffenheim,M'gladbach,1,3,86,10,2,0.43756787823763393,0.27107845690350674,0.2913536648588593,0.34682263818717735,0.523336087325087,0.2525719878458074,0.22409192482910534,0.4379570007060667,0.4207482783951712,0.2546346723794153,0.32461704922541357,1.0,144.0,180.0
2017/18,2017-10-28,Schalke 04,Wolfsburg,1,1,87,10,1,0.5131240779643854,0.25607021766802607,0.23080570436758877,0.1582837962777097,0.48221082885071176,0.2651375424532349,0.2526516286960531,0.14818006447182944,0.5082725022466773,0.27324956248916077,0.2184779352641619,1.0,144.0,180.0
2017/18,2017-10-28,Leverkusen,FC Koln,2,1,88,10,0,0.6533708235584218,0.18891790630252292,0.1577112701390554,0.07251231534472041,0.620947748024689,0.20524183240999158,0.1738104195653195,0.08694533583851352,0.6794087548943111,0.18997060331025398,0.13062064179543498,1.0,144.0,180.0
2017/18,2017-10-29,Stuttgart,Freiburg,3,0,89,10,0,0.5341500044602449,0.2901592389252363,0.17569075661451888,0.12394173015208598,0.4925393882102544,0.29695506504059366,0.2105055467491517,0.1509144288650911,0.5206351183063511,0.25226650062266504,0.22709838107098382,1.0,144.0,180.0
2017/18,2017-10-29,Werder Bremen,Augsburg,0,3,90,10,2,0.41594004483755964,0.3116722566102968,0.2723876985521436,0.35121289105885867,0.3974914750422029,0.3176770054207559,0.2848315195370414,0.3347327140894618,0.46963942645210566,0.27341125383980525,0.2569493197080892,1.0,144.0,180.0
2017/18,2017-11-03,Ein Frankfurt,Werder Bremen,2,1,91,11,0,0.46319759350306694,0.32645634343840985,0.2103460630585229,0.16620114493255936,0.5249183905738054,0.28204679380499664,0.19303481562119787,0.1314824878284466,0.5421338834777658,0.24593040829442506,0.21193570822780908,1.0,144.0,180.0
2017/18,2017-11-04,RB Leipzig,Hannover,2,1,92,11,0,0.5160084612506172,0.28854948401055236,0.19544205473882997,0.13622270317076568,0.5287320002789437,0.27839830593702897,0.19286969378402727,0.12964612317071497,0.6533369647593785,0.20545187571049642,0.14121115953012503,1.0,144.0,180.0
2017/18,2017-11-04,M'gladbach,Mainz,1,1,93,11,1,0.5943314644142789,0.22841226481028465,0.17725627077543626,0.19232483756101804,0.5806999797118223,0.24363921523239712,0.17566080505578044,0.18403459243507791,0.6117199563137875,0.22295032576356724,0.16532971792264528,1.0,144.0,180.0
2017/18,2017-11-04,Hamburg,Stuttgart,3,1,94,11,0,0.306294163684814,0.32130119055451256,0.37240464576067367,0.30995650376094214,0.2846771242866017,0.3237468761975043,0.39157599951589406,0.33250928995787865,0.344882370913535,0.29501985945615644,0.36009776963030854,1.0,144.0,180.0
2017/18,2017-11-04,Freiburg,Schalke 04,0,1,95,11,2,0.3061067500206618,0.33442049989326045,0.35947275008607765,0.25198825014525206,0.3262264168306204,0.32545370817757735,0.34831987499180234,0.265555330184423,0.2374043787918755,0.27235557900290164,0.4902400422052229,1.0,144.0,180.0
2017/18,2017-11-04,Dortmund,Bayern Munich,1,3,96,11,2,0.26321129646737,0.24733552499246114,0.48945317854016857,0.16496912174538525,0.30230902074069965,0.2669842870386845,0.4307066922206157,0.2077428071517967,0.26128771965358516,0.24133717948299127,0.4973751008634235,1.0,144.0,180.0
2017/18,2017-11-04,Augsburg,Leverkusen,1,1,97,11,1,0.35660882751276946,0.282801187615747,0.3605899848714835,0.12859749652482444,0.36492890240322506,0.2689894142563788,0.3660816833403962,0.13359445134328032,0.2899059206337979,0.26060691801655234,0.4494871613496499,1.0,144.0,180.0
2017/18,2017-11-05,FC Koln,Hoffenheim,0,3,98,11,2,0.3765627681246416,0.2573932619266643,0.3660439699486945,0.2718498831880524,0.3800661343407558,0.2650280533241755,0.35490581233506857,0.2802983887159015,0.37136267653093313,0.2708280292932772,0.3578092941757896,1.0,144.0,180.0
2017/18,2017-11-05,Wolfsburg,Hertha,3,3,99,11,1,0.4877983174338579,0.31563709520653815,0.1965645873596039,0.13829241774757708,0.4885070620571283,0.31286784572182696,0.1986250922210449,0.13904553846975276,0.4903724277072327,0.281015717883801,0.2286118544089663,1.0,144.0,180.0
2017/18,2017-11-17,Stuttgart,Dortmund,2,1,100,12,0,0.27737051602026086,0.2670116577016167,0.45561782627812236,0.3648904873696127,0.3198445180833049,0.28901438317973077,0.39114109873696457,0.3078014193512457,0.22226594979745584,0.2361910454474169,0.5415430047551273,1.0,144.0,180.0
2017/18,2017-11-18,Mainz,FC Koln,1,0,101,12,0,0.5065130324442633,0.27147660298250686,0.22201036457323,0.1464089945626476,0.49835253699971155,0.2697629360440642,0.2318845269562239,0.15271030548816886,0.5113260371595826,0.2660558242131162,0.22261813862730123,1.0,144.0,180.0
2017/18,2017-11-18,Leverkusen,RB Leipzig,2,2,102,12,1,0.395824448855088,0.27564867392398584,0.3285268772209261,0.13230345168398386,0.4407808449132631,0.2785763105709908,0.2806428445157467,0.13652407971016964,0.4028208141895501,0.259643124265413,0.33753606154503685,1.0,144.0,180.0
2017/18,2017-11-18,Wolfsburg,Freiburg,3,1,103,12,0,0.4804464240079069,0.29892691213317085,0.22062666385892224,0.15930602156584475,0.4501483415980584,0.3181943759439165,0.23165728245802525,0.1780009713816014,0.5955794025786819,0.24145110915351967,0.16296948826779853,1.0,144.0,180.0
2017/18,2017-11-18,Hertha,M'gladbach,2,4,104,12,2,0.26313804057537166,0.277481802296414,0.45938015712821445,0.18075572145228008,0.2512648385597107,0.2611233604355316,0.4876118010047578,0.16283784278301278,0.3129004579846447,0.27902519472704784,0.4080743472883075,1.0,144.0,180.0
2017/18,2017-11-18,Bayern Munich,Augsburg,3,0,105,12,0,0.6359771983828182,0.23210529470070249,0.1319175069164795,0.07495741436414073,0.6648231809444514,0.21261000436931624,0.12256681468623246,0.06368306204726262,0.8303378864126527,0.1113407620416966,0.0583213515456506,1.0,144.0,180.0
2017/18,2017-11-18,Hoffenheim,Ein Frankfurt,1,1,106,12,1,0.46703887719866316,0.27947290509864026,0.25348821770269664,0.14119079466453882,0.43590943830591883,0.29899637044156546,0.26509419125251577,0.13014598432000352,0.433391615970406,0.26615898154704276,0.30044940248255136,1.0,144.0,180.0
2017/18,2017-11-19,Werder Bremen,Hannover,4,0,107,12,0,0.37778151049636616,0.35061347223112427,0.27160501727250963,0.23046256704389192,0.3541517659720707,0.36114478631173114,0.28470344771619804,0.2490879972692424,0.44986074392433517,0.2650530869608245,0.28508616911484036,1.0,144.0,180.0
2017/18,2017-11-19,Schalke 04,Hamburg,2,0,108,12,0,0.6019249589610819,0.24239042260948054,0.15568461842943768,0.09135071935682795,0.5770814093432346,0.2449360453034855,0.1779825453532801,0.10526896038676853,0.5513443799590658,0.26100877561891944,0.1876468444220147,1.0,144.0,180.0
2017/18,2017-11-24,Hannover,Stuttgart,1,1,109,13,1,0.3549636461555764,0.3258403458407194,0.3191960080037041,0.11394264080878103,0.35311677475129866,0.31265573813576636,0.33422748711293504,0.11819973487629323,0.3935024564067674,0.2873375708072876,0.31915997278594493,1.0,144.0,180.0
2017/18,2017-11-25,RB Leipzig,Werder Bremen,2,0,110,13,0,0.6546447158031141,0.203975324647113,0.141379959549773,0.06962928264250362,0.6632635530009225,0.19746036425899688,0.1392760827400804,0.06639463098049213,0.6700105683656031,0.1976192787502587,0.13237015288413811,1.0,144.0,180.0
2017/18,2017-11-25,Freiburg,Mainz,2,1,111,13,0,0.3640665515299556,0.318634083358512,0.31729936511153206,0.25254511899159204,0.3712858709980736,0.3198732810525629,0.3088408479493636,0.24533206268436647,0.4534019439679817,0.2790165809033734,0.26758147512864494,1.0,144.0,180.0
2017/18,2017-11-25,M'gladbach,Bayern Munich,2,1,112,13,0,0.33200612210321045,0.25606718124437844,0.41192669665241105,0.30794971216127925,0.34662433347850585,0.26193610312390037,0.391439563397594,0.2900623466976528,0.1863266164493557,0.22081596757542157,0.5928574159752227,1.0,144.0,180.0
2017/18,2017-11-25,Dortmund,Schalke 04,4,4,113,13,1,0.6431364907623973,0.20817043021549764,0.1486930790221052,0.21786708874962257,0.7182603832185566,0.16975089914463357,0.11198871763680987,0.26421972548960243,0.5935271197125864,0.22307966914026597,0.1833932111471475,1.0,144.0,180.0
2017/18,2017-11-25,Ein Frankfurt,Leverkusen,0,1,114,13,2,0.2901072491681327,0.3149828252171662,0.394909925614701,0.22514810706975383,0.3362660271206357,0.3216692943447638,0.34206467853460115,0.2729768641136374,0.37971464578269865,0.2728868485012152,0.34739850571608605,1.0,144.0,180.0
2017/18,2017-11-25,Augsburg,Wolfsburg,2,1,115,13,0,0.4928020537860685,0.27947195432577937,0.22772599188815235,0.15455444201253646,0.48398471108008057,0.2869952673011172,0.22902002161880242,0.1593609743506923,0.44983788987838197,0.2739236312667242,0.2762384788548938,1.0,144.0,180.0
2017/18,2017-11-26,FC Koln,Hertha,0,2,116,13,2,0.3988385285841162,0.3111980591098082,0.2899634123060755,0.3316120638735875,0.47080249013997955,0.2694488091656164,0.25974870069440387,0.3848134854228143,0.2995332750701947,0.29064504732330465,0.40982167760650073,1.0,144.0,180.0
2017/18,2017-11-26,Hamburg,Hoffenheim,3,0,117,13,0,0.3549171794019507,0.28351452713963826,0.3615682934584111,0.27343173813258126,0.27255123761674993,0.2862612919969293,0.4411874703863206,0.36191404295940144,0.3788875440719886,0.28037678261327154,0.34073567331473975,1.0,144.0,180.0
2017/18,2017-12-01,Freiburg,Hamburg,0,0,118,14,1,0.5225318054743117,0.2825620675312634,0.19490612699442494,0.1555139430361054,0.542138651356118,0.2741018650727463,0.18375948357113528,0.16384093254828047,0.356589888177387,0.30172990538086597,0.3416802064417471,1.0,144.0,180.0
2017/18,2017-12-02,Leverkusen,Dortmund,1,1,119,14,1,0.31994756371556254,0.2450755324984265,0.43497690378601067,0.1457856751773943,0.28577049490174433,0.25495266702554087,0.4592768380727146,0.14629999487322928,0.43544454104026625,0.2401348571913233,0.3244206017684103,1.0,144.0,180.0
2017/18,2017-12-02,Hoffenheim,RB Leipzig,4,0,120,14,0,0.46163038259297756,0.25904836030776973,0.27932125709925293,0.1839311048072453,0.4527088189422509,0.2629245125024791,0.2843666685552701,0.19019601952440432,0.28239090063389855,0.2532032106458986,0.4644058887202028,1.0,144.0,180.0
2017/18,2017-12-02,Bayern Munich,Hannover,3,1,121,14,0,0.7347729398791736,0.17261385235155008,0.09261320776927622,0.0394612998368258,0.7194797362429233,0.1835404719718061,0.09697979178527069,0.04404834919652717,0.8850444449584074,0.07986986454502702,0.03508569049656544,1.0,144.0,180.0
2017/18,2017-12-02,Mainz,Augsburg,1,3,122,14,2,0.3296194683979894,0.3320502965194736,0.33833023508253707,0.27322793587645194,0.33904227259123115,0.34036098008597415,0.32059674732279514,0.2882692211760966,0.3093707949024323,0.29990991432437625,0.39071929077319145,1.0,144.0,180.0
2017/18,2017-12-02,Schalke 04,FC Koln,2,2,123,14,1,0.6389757231474191,0.20968908163369823,0.1513351952188826,0.21559615804185225,0.6367629174431046,0.20966655965890751,0.15357052289798762,0.21452545926690775,0.667598371035777,0.2027623151699571,0.1296393137942658,1.0,144.0,180.0
2017/18,2017-12-02,Werder Bremen,Stuttgart,1,0,124,14,0,0.39261230439617145,0.2876610957865296,0.3197265998172989,0.23557245570083016,0.36867202287368295,0.2650171628765346,0.3663108142497828,0.26637931366937306,0.43810430339161366,0.26451580582135165,0.29737989078703475,1.0,144.0,180.0
2017/18,2017-12-03,Hertha,Ein Frankfurt,1,2,125,14,2,0.344598387049644,0.31200400410079654,0.34339760884955955,0.27493737421084624,0.32185360824351306,0.32613017271492517,0.35201621904156183,0.261736362762281,0.3847637415621986,0.31147540983606553,0.30376084860173574,1.0,144.0,180.0
2017/18,2017-12-03,Wolfsburg,M'gladbach,3,0,126,14,0,0.3996754175163851,0.2637260966177545,0.3365984858658606,0.23684407251065823,0.4063733447684369,0.2490645802456372,0.34456207498592595,0.23555781466000997,0.3940324752651553,0.26880571600280456,0.3371618087320401,1.0,144.0,180.0
2017/18,2017-12-08,Stuttgart,Leverkusen,0,2,127,15,2,0.38279491174488167,0.30752115880524555,0.309683929449873,0.31153411085877,0.37811303119060735,0.29549699283240644,0.3263899759769862,0.2983599644102173,0.3111440551394528,0.2753100487891226,0.4135458960714246,1.0,144.0,180.0
2017/18,2017-12-09,Ein Frankfurt,Bayern Munich,0,1,128,15,2,0.2834998083828714,0.3147556402436081,0.4017445513735204,0.21914086158219753,0.2176263882654082,0.30221082761614754,0.48016278411844415,0.1587959879424667,0.13085439480596392,0.20152114189830173,0.6676244632957343,1.0,144.0,180.0
2017/18,2017-12-09,Dortmund,Werder Bremen,1,2,129,15,2,0.7314778952217802,0.16126145984687157,0.10726064493134817,0.666021733643239,0.681943928806932,0.18859239886119025,0.1294636723318778,0.6114405099132671,0.7100796674748875,0.17041912019397296,0.11950121233113958,1.0,144.0,180.0
2017/18,2017-12-09,Hamburg,Wolfsburg,0,0,130,15,1,0.36839184328861113,0.3092060465366362,0.3224021101747524,0.11982783542335701,0.3295296320419027,0.3123903677493473,0.35808000020874986,0.11840553247158508,0.35628719612012916,0.2987163991860839,0.34499640469378706,1.0,144.0,180.0
2017/18,2017-12-09,RB Leipzig,Mainz,2,2,131,15,1,0.6235534159323582,0.2295290490911309,0.1469175349765108,0.20520181230224344,0.5941811466753858,0.24443535369487604,0.16138349962973814,0.18954793450860902,0.6289842482466114,0.22818963424760785,0.14282611750578075,1.0,144.0,180.0
2017/18,2017-12-09,M'gladbach,Schalke 04,1,1,132,15,1,0.4246074965086907,0.24315044735451338,0.33224205613679597,0.14533815497869182,0.4398703424067432,0.2564727772298708,0.3036568803633864,0.14284670956052462,0.40999922043499726,0.28568458799989604,0.30431619156510664,1.0,144.0,180.0
2017/18,2017-12-10,Augsburg,Hertha,1,1,133,15,1,0.5184707907967591,0.3007961153394077,0.18073309386383343,0.15073820606350494,0.5175697160186359,0.2957030952820535,0.1867271886993109,0.15137272696957968,0.44571976830958393,0.2892576667495825,0.26502256494083365,1.0,144.0,180.0
2017/18,2017-12-10,FC Koln,Freiburg,3,4,134,15,2,0.3371932090744996,0.2735920466099744,0.38921474431552655,0.2433789444037537,0.382873542110505,0.2651891922374235,0.35193726565207184,0.2832887284493792,0.39703009280959967,0.2936120746226681,0.30935783256773225,1.0,144.0,180.0
2017/18,2017-12-10,Hannover,Hoffenheim,2,0,135,15,0,0.2625436924738171,0.28802060516490285,0.44943570236127967,0.3729171280335645,0.27266334679074844,0.28358861648470196,0.44374803672454977,0.3629654635992637,0.26367395718039777,0.26017695509577715,0.47614908772382514,1.0,144.0,180.0
2017/18,2017-12-12,Mainz,Dortmund,0,2,136,16,2,0.22939952289026233,0.24788019375965173,0.5227202833500861,0.14021003451385114,0.19856271007605172,0.22630708256594728,0.5751302073580009,0.1099707452662007,0.1805224209454634,0.2264887781306508,0.5929888009238858,1.0,144.0,180.0
2017/18,2017-12-12,Wolfsburg,RB Leipzig,1,1,137,16,1,0.3491063609577296,0.2917222740956006,0.35917136494666957,0.12543966032940124,0.3383533583912311,0.2864909712337283,0.3751556703750405,0.1276123860745855,0.34503509781788005,0.27069051873004957,0.3842743834520704,1.0,144.0,180.0
2017/18,2017-12-12,Freiburg,M'gladbach,1,0,138,16,0,0.42064862226010463,0.25572153056243374,0.32362984717746124,0.22019214843661106,0.4250142594481614,0.2526287006817397,0.32235703987009884,0.2172613314958794,0.344864873068328,0.2855440931527847,0.36959103377888736,1.0,144.0,180.0
2017/18,2017-12-12,Hamburg,Ein Frankfurt,1,2,139,16,2,0.2895682619449597,0.36443069379078646,0.3460010442642538,0.25578220621463565,0.2915175975456716,0.35709393630407915,0.3513884661502492,0.2528397157608632,0.4195229196438387,0.2983840826646147,0.28209299769154667,1.0,144.0,180.0
2017/18,2017-12-13,Schalke 04,Augsburg,3,2,140,16,0,0.4084331843079957,0.27986727223915386,0.31169954345285017,0.2235539514083466,0.42349956585350573,0.2781927912354512,0.2983076429110434,0.2106701001951194,0.4711515490727405,0.28323561331540476,0.2456128376118547,1.0,144.0,180.0
2017/18,2017-12-13,Leverkusen,Werder Bremen,1,0,141,16,0,0.6016059778931373,0.2447913815964828,0.15360264051038,0.09115578401112219,0.5973543498729451,0.23840105202378978,0.16424459810326517,0.09454990378617088,0.6095448762764896,0.23877548681390467,0.15167963690960562,1.0,144.0,180.0
2017/18,2017-12-13,Hertha,Hannover,3,1,142,16,0,0.45301497752017833,0.27560060247548385,0.27138442000433755,0.1864210591191709,0.46223265332830865,0.2677789074176493,0.26998843925404176,0.1810437382385723,0.49781246684947,0.28180763209582066,0.2203799010547092,1.0,144.0,180.0
2017/18,2017-12-13,Bayern Munich,FC Koln,1,0,143,16,0,0.8130106911411893,0.11666075727706712,0.07032855158174339,0.019955553397540834,0.8496560399216844,0.08961264670770916,0.060731313370606305,0.013145799377874483,0.9091812780534803,0.06709130810463614,0.02372741384188351,1.0,144.0,180.0
2017/18,2017-12-13,Hoffenheim,Stuttgart,1,0,144,16,0,0.5713808088641167,0.2669678234435672,0.161651367692316,0.10492278784338763,0.5602343300241681,0.2649847303058438,0.17478093966998826,0.11197111068060815,0.4850373233804319,0.27599306851506267,0.23896960810450546,1.0,144.0,180.0
2017/18,2017-12-15,M'gladbach,Hamburg,3,1,145,17,0,0.5424012038866634,0.2634336429400608,0.19416515317327585,0.12354838245558836,0.5223886673764156,0.2806748943690908,0.19693643825449358,0.13344827288142105,0.4922565715302914,0.26764769872821853,0.24009572974149018,1.0,144.0,180.0
2017/18,2017-12-16,Dortmund,Hoffenheim,2,1,146,17,0,0.5780600611831004,0.23349077602552723,0.18844916279137233,0.10677319946278908,0.5421229753432293,0.2584246471947609,0.1994523774620098,0.12471631029189253,0.5756401979771896,0.22864213471056596,0.19571766731224446,1.0,144.0,180.0
2017/18,2017-12-16,Stuttgart,Bayern Munich,0,1,147,17,2,0.2378523256965003,0.2932652260176683,0.46888244828583114,0.16932979128904332,0.21941204878025025,0.2845188118479992,0.49606913937175,0.15104397972173753,0.11029959755552243,0.18929795796691012,0.7004024444775675,1.0,144.0,180.0
2017/18,2017-12-16,Werder Bremen,Mainz,2,2,148,17,1,0.5005934028426869,0.276471536261252,0.22293506089606113,0.15014689817317556,0.5118189292670757,0.27509775759316357,0.21308331313976084,0.15368155734735658,0.4825376567983745,0.2713438901109973,0.24611845309062816,1.0,144.0,180.0
2017/18,2017-12-16,FC Koln,Wolfsburg,1,0,149,17,0,0.2709850341005988,0.2508213830974457,0.47819358280195584,0.38006596156913786,0.3679718261547145,0.2647200248517874,0.3673081489934981,0.26718744442561815,0.27328708118705175,0.2787217674606579,0.44799115135229034,1.0,144.0,180.0
2017/18,2017-12-16,Augsburg,Freiburg,3,3,150,17,1,0.5527479841097694,0.2607503073749205,0.1865017085153098,0.17015661060827178,0.48260157612471194,0.29352264518350096,0.22387577869178718,0.1415123227814551,0.5413730303270251,0.2532003061736215,0.20542666349935335,1.0,144.0,180.0
2017/18,2017-12-16,Ein Frankfurt,Schalke 04,2,2,151,17,1,0.4119786173569185,0.31372626093582623,0.2742951217072554,0.12248209747585814,0.44969235187876944,0.29904456688089953,0.2512630812403311,0.1326781736663221,0.3335944838917011,0.29630446605486443,0.37010105005343447,1.0,144.0,180.0
2017/18,2017-12-17,RB Leipzig,Hertha,2,3,152,17,2,0.4531828336797172,0.3203080088248408,0.22650915749544176,0.4018313820901945,0.37883340102720436,0.3362305673133557,0.28493603165944004,0.32741561227639404,0.6127692238226395,0.23912945319907888,0.14810132297828146,1.0,144.0,180.0
2017/18,2017-12-17,Hannover,Leverkusen,4,4,153,17,1,0.30964579694622707,0.27260865374869225,0.4177455493050807,0.13519593176533384,0.3290724477504453,0.26314638468230717,0.4077811675672479,0.1372870782454886,0.20667604699314773,0.24180079389592413,0.551523159110928,1.0,144.0,180.0
2017/18,2018-01-12,Leverkusen,Bayern Munich,1,3,154,18,2,0.4416016787563153,0.3021433341942112,0.2562549870494738,0.37408434348458736,0.41840495492408836,0.30031027018978657,0.28128477488612486,0.34580714055775813,0.2351699037642623,0.2567168844756476,0.5081132117600901,1.0,144.0,180.0
2017/18,2018-01-13,Augsburg,Hamburg,1,0,155,18,0,0.5820418804809925,0.2470906935798503,0.17086742593915724,0.10194233345946917,0.5603105088613707,0.25301445698146646,0.186675034157163,0.11408720849766235,0.5480375411999246,0.2643649927739474,0.18759746602612803,1.0,144.0,180.0
2017/18,2018-01-13,Ein Frankfurt,Freiburg,1,1,156,18,1,0.44394570382260945,0.3160450977737023,0.24000919840368817,0.12734610163046656,0.4474222893377655,0.327486357068525,0.22509135359370958,0.12542641122944775,0.47088813971482263,0.28171631480048637,0.24739554548469103,1.0,144.0,180.0
2017/18,2018-01-13,Hannover,Mainz,3,2,157,18,0,0.5633907642570709,0.23359128943960691,0.2030179463033221,0.1159219556286216,0.4620723613730277,0.26270719371196766,0.27522044491500436,0.18255621884900178,0.41006295891967875,0.28206642838983687,0.3078706126904843,1.0,144.0,180.0
2017/18,2018-01-13,Stuttgart,Hertha,1,0,158,18,0,0.4940907102149617,0.2719218803720965,0.23398740941294155,0.15534715862729076,0.4987608631909953,0.27350763226061087,0.22773150454839408,0.15155115521645568,0.48750200717229564,0.27698977680244075,0.23550821602526362,1.0,144.0,180.0
2017/18,2018-01-13,Werder Bremen,Hoffenheim,1,1,159,18,1,0.3979545111167523,0.2965691271761447,0.30547636170710313,0.1258418002399911,0.41730843420491825,0.2836934279789595,0.29899813781612267,0.1317731078380347,0.3770779117319029,0.2790376546816081,0.34388443358648896,1.0,144.0,180.0
2017/18,2018-01-13,RB Leipzig,Schalke 04,3,1,160,18,0,0.4630746930594582,0.2748187941744465,0.2621065127660953,0.17849430463379912,0.4771142704390533,0.26768702912251496,0.2551987004384319,0.16926793144197394,0.4044758157309983,0.2918523101532054,0.3036718741157962,1.0,144.0,180.0
2017/18,2018-01-14,FC Koln,M'gladbach,2,1,161,18,0,0.3231945809481468,0.23993121283285357,0.4368742062189998,0.3244623236587178,0.3387299562468649,0.25051436073672484,0.4107556830164098,0.3029991509477755,0.2876869331393747,0.2826836821282552,0.4296293847323701,1.0,144.0,180.0
2017/18,2018-01-14,Dortmund,Wolfsburg,0,0,162,18,1,0.634948294133629,0.22656896168505003,0.1384827441813212,0.2111684033295973,0.7216477619340855,0.18037764980769178,0.0979745882582227,0.26518725612442146,0.6139944908801092,0.21503331288532457,0.1709721962345663,1.0,144.0,180.0
2017/18,2018-01-19,Hertha,Dortmund,1,1,163,19,1,0.3434663794087763,0.26668740739644403,0.38984621319477947,0.13497461186324156,0.3000702654117359,0.2442112789796804,0.45571845560858393,0.14886073748327117,0.2706910387873384,0.2760588497547927,0.4532501114578689,1.0,144.0,180.0
2017/18,2018-01-20,Mainz,Stuttgart,3,2,164,19,0,0.38202536406561277,0.32680272310367386,0.29117191283071364,0.23333686673986742,0.4292677894691616,0.32828930279707086,0.2424429077337675,0.19225690982391064,0.3488372093023256,0.2959830866807611,0.35517970401691334,1.0,144.0,180.0
2017/18,2018-01-20,M'gladbach,Augsburg,2,0,165,19,0,0.3947198760972491,0.27963876689421174,0.32564135700853913,0.23620316089304613,0.4124156976316998,0.28131249630124616,0.30627180606705384,0.21952886579060865,0.44119543560949104,0.2770005433798225,0.28180402101068647,1.0,144.0,180.0
2017/18,2018-01-20,Wolfsburg,Ein Frankfurt,1,3,166,19,2,0.40469924578087196,0.3226163740214216,0.27268438019770624,0.3463847451720006,0.3494367135381115,0.32711750300003745,0.32344578346185127,0.28991581234193237,0.38412703269133686,0.3011366243938258,0.3147363429148373,1.0,144.0,180.0
2017/18,2018-01-20,Hoffenheim,Leverkusen,1,4,167,19,2,0.4651259182221521,0.2736357718530058,0.2612383099248423,0.3810554772623519,0.5279240458861817,0.25226836714573764,0.2198075869680803,0.4437019997887021,0.3408196678514021,0.2613255362077775,0.39785479594082035,1.0,144.0,180.0
2017/18,2018-01-20,Freiburg,RB Leipzig,2,1,168,19,0,0.4226556067549508,0.27378730943938756,0.30355708380566127,0.2127367257700458,0.37725915608206184,0.257564511201014,0.3651763327169244,0.2605799563301038,0.2700762011259622,0.26785029836942953,0.4620735005046083,1.0,144.0,180.0
2017/18,2018-01-20,Hamburg,FC Koln,0,2,169,19,2,0.5279451096659622,0.2658231124553665,0.20623177787867142,0.45439701463492993,0.411960304831368,0.3112687774362143,0.2767709177324179,0.34638579909718137,0.49040365373953904,0.28369281132025664,0.22590353494020432,1.0,144.0,180.0
2017/18,2018-01-21,Schalke 04,Hannover,1,1,170,19,1,0.44479110489778195,0.26755053700127157,0.28765835810094625,0.140293228990761,0.456309264642564,0.25801709805617723,0.285673637301259,0.1449137860237843,0.6382235015935027,0.2179647226424239,0.1438117757640735,1.0,144.0,180.0
2017/18,2018-01-21,Bayern Munich,Werder Bremen,4,2,171,19,0,0.7287059963319256,0.17430975693268627,0.09698424673538808,0.041503190270541925,0.7198749214308028,0.17441376236348977,0.10571131620570744,0.044822471008671,0.8423191983543669,0.10495061977347642,0.05273018187215679,1.0,144.0,180.0
2017/18,2018-01-26,Ein Frankfurt,M'gladbach,2,0,172,20,0,0.5084753841378257,0.28151834345181487,0.21000627241035957,0.1428495412250761,0.4906310665876617,0.28880279334779974,0.22056614006453856,0.1540530662342964,0.388471653504461,0.2809982277510654,0.3305301187444736,1.0,144.0,180.0
2017/18,2018-01-27,Bayern Munich,Hoffenheim,5,2,173,20,0,0.6482538022795783,0.21822244232488322,0.1335237553955383,0.0707769904328508,0.6766205448104106,0.1987332173751941,0.12464623781439552,0.06005547831999924,0.773855781422553,0.14172358787680478,0.08442063070064214,1.0,144.0,180.0
2017/18,2018-01-27,Dortmund,Freiburg,2,2,174,20,1,0.640563563604158,0.21413025895423554,0.1453061774416066,0.21571778210997491,0.6809943417706503,0.1877940578109041,0.13121160041844548,0.24048488880400556,0.7175005659950193,0.17550373556712706,0.10699569843785377,1.0,144.0,180.0
2017/18,2018-01-27,FC Koln,Augsburg,1,1,175,20,1,0.2744960573979722,0.22336637615206845,0.5021375664499592,0.1637451105836591,0.2897085688282344,0.24323790059395972,0.467053530577806,0.15103502763884863,0.3208319024239291,0.2810746349765834,0.39809346259948747,1.0,144.0,180.0
2017/18,2018-01-27,RB Leipzig,Hamburg,1,1,176,20,1,0.6760606845872461,0.21140018285567017,0.11253913255708362,0.23486155280063836,0.7044439155489552,0.19647132338682963,0.09908476106421502,0.2530295100145481,0.6128521162986892,0.238832074734048,0.14831580896726268,1.0,144.0,180.0
2017/18,2018-01-27,Stuttgart,Schalke 04,0,2,177,20,2,0.377607266823494,0.31381886376159795,0.3085738694149081,0.310328671006891,0.3070796452255879,0.30515256676770003,0.3877677880067121,0.2345630949570336,0.3339538006163987,0.2851301455555217,0.38091605382807975,1.0,144.0,180.0
2017/18,2018-01-27,Werder Bremen,Hertha,0,0,178,20,1,0.46471443207309865,0.2964610301012072,0.23882453782569463,0.1364983316223395,0.4967939950061144,0.2879207359211867,0.21528526907269896,0.1465760102769198,0.4948584419360808,0.2707975362816887,0.23434402178223057,1.0,144.0,180.0
2017/18,2018-01-28,Leverkusen,Mainz,2,0,179,20,0,0.6541465052286782,0.22674474159645125,0.11910875317487031,0.06690076746420445,0.690488124892591,0.2046887719935854,0.1048231031138234,0.053392741889457807,0.6588595023225988,0.20022834978181647,0.14091214789558473,1.0,144.0,180.0
2017/18,2018-01-28,Hannover,Wolfsburg,0,1,180,20,2,0.6090240113381549,0.23405332788460192,0.1569226607772429,0.5408448231486702,0.5821613768033007,0.246777731414757,0.1710608917819422,0.5130259568874318,0.4205708450193514,0.2764091672648428,0.3030199877158059,1.0,144.0,180.0
2017/18,2018-02-02,FC Koln,Dortmund,2,3,181,21,2,0.3164328081628572,0.22005101675865052,0.46351617507849197,0.19397230824212125,0.259692290794441,0.23005305589111272,0.5102546533144466,0.15364529524910883,0.1965608748809772,0.24312766568819125,0.5603114594308315,1.0,144.0,180.0
2017/18,2018-02-03,Wolfsburg,Stuttgart,1,1,182,21,1,0.4230866236806359,0.3164978386716659,0.26041553764769826,0.12340927169290986,0.4378871567466402,0.30903801683809834,0.2530748264152615,0.12789601490438568,0.46013609659194976,0.274785499936601,0.26507840347144934,1.0,144.0,180.0
2017/18,2018-02-03,M'gladbach,RB Leipzig,0,1,183,21,2,0.4297449067351067,0.24921124307179893,0.3210438501930943,0.32283106911269144,0.5001061297707989,0.24595218368808572,0.25394168654111526,0.40335457405772124,0.36958155850663993,0.2756201453269857,0.3547982961663743,1.0,144.0,180.0
2017/18,2018-02-03,Schalke 04,Werder Bremen,1,2,184,21,2,0.5323585811690213,0.25966882954081477,0.2079725892901641,0.4553565391300105,0.5553608479762401,0.25436808570363734,0.19027106632012292,0.4820433087516199,0.5281055453733016,0.26621124221814935,0.20568321240854903,1.0,144.0,180.0
2017/18,2018-02-03,Hertha,Hoffenheim,1,1,185,21,1,0.4139455574138156,0.3209671983317747,0.26508724425440977,0.12081108578451577,0.4216744324973618,0.31572075945790706,0.26260480804473124,0.12338530611509113,0.3105564129519038,0.2762456477815801,0.4131979392665161,1.0,144.0,180.0
2017/18,2018-02-03,Freiburg,Leverkusen,0,0,186,21,1,0.37068378191668233,0.3293568884945356,0.2999593295887819,0.11369103279170306,0.3602864874964355,0.3203533249959766,0.319360187507588,0.11589864121870047,0.22868844805213623,0.265353172060495,0.5059583798873688,1.0,144.0,180.0
2017/18,2018-02-03,Mainz,Bayern Munich,0,2,187,21,2,0.1641508259231348,0.24826786166226325,0.587581312414602,0.09851733376045471,0.17901431962401534,0.2602610842370131,0.5607245961389714,0.11250450353385939,0.10396822582361076,0.18267314443774602,0.7133586297386432,1.0,144.0,180.0
2017/18,2018-02-04,Augsburg,Ein Frankfurt,3,0,188,21,0,0.4805779429298598,0.34030218041254,0.17911987665760043,0.15094160179240496,0.440575256558085,0.33453256436382245,0.22489217907809267,0.18176626789277267,0.37819634571767385,0.30397089468897154,0.3178327595933546,1.0,144.0,180.0
2017/18,2018-02-04,Hamburg,Hannover,1,1,189,21,1,0.45926107805310984,0.3004809935997788,0.24025792834711113,0.13432230497407519,0.4134815980236708,0.2965235283069885,0.2899948736693405,0.12753202932935268,0.4477675488656164,0.28625608695807736,0.26597636417630627,1.0,144.0,180.0
2017/18,2018-02-09,RB Leipzig,Augsburg,2,0,190,22,0,0.33001280568326796,0.2956265399051761,0.37436065441155547,0.2945143700599274,0.33393766323017887,0.2869060636677167,0.37915627310210465,0.293699257947976,0.5420659657610719,0.26586341644957207,0.19207061778935616,1.0,144.0,180.0
2017/18,2018-02-10,Bayern Munich,Schalke 04,2,1,191,22,0,0.609544162106395,0.23594973107744185,0.15450610681616325,0.08816394919434241,0.6501046834948023,0.21144763314782625,0.1384476833573712,0.07079724676964773,0.7874685635079391,0.1415160896738905,0.0710153468181705,1.0,144.0,180.0
2017/18,2018-02-10,Dortmund,Hamburg,2,0,192,22,0,0.6372478202742372,0.21826324072536685,0.14448893900039594,0.07623309869462612,0.708815018636114,0.1825795048608346,0.10860547650305148,0.04829192144917076,0.7077545811763959,0.1896507421404711,0.102594676683133,1.0,144.0,180.0
2017/18,2018-02-10,Ein Frankfurt,FC Koln,4,2,193,22,0,0.5659336983924937,0.23008642541685964,0.20397987619064664,0.11501067204098506,0.567444981811029,0.22284413542500944,0.2097108827639616,0.11554124905505053,0.49024031257579326,0.2763677682792716,0.23339191914493512,1.0,144.0,180.0
2017/18,2018-02-10,Hannover,Freiburg,2,1,194,22,0,0.45885385294835807,0.3039280721032541,0.23721807494838784,0.1745557837755281,0.4333976800907914,0.3137466292144068,0.25285569069480157,0.19248709462162122,0.46895395402330703,0.280294317347264,0.25075172862942896,1.0,144.0,180.0
2017/18,2018-02-10,Hoffenheim,Mainz,4,2,195,22,0,0.5945725065306079,0.2375420313523709,0.16788546211702127,0.09627849042555986,0.5340103556818432,0.2737887194330485,0.1922009248851084,0.12704377206922668,0.5886521537748958,0.22938088621275282,0.18196696001235138,1.0,144.0,180.0
2017/18,2018-02-10,Leverkusen,Hertha,0,2,196,22,2,0.6045320049420495,0.24783686591296566,0.14763112914498505,0.5459958185009539,0.6270059580386484,0.23805422129100187,0.13493982067034976,0.5707327926389051,0.6377400364874268,0.22125674735278072,0.14100321615979236,1.0,144.0,180.0
2017/18,2018-02-11,Stuttgart,M'gladbach,1,0,197,22,0,0.36022625725823265,0.25783854227344194,0.3819352004683251,0.2775924696292945,0.39469192328255875,0.2797485414913076,0.3255595352261335,0.2361934393580119,0.4012324082747412,0.2769871454851197,0.321780446240139,1.0,144.0,180.0
2017/18,2018-02-11,Werder Bremen,Wolfsburg,3,1,198,22,0,0.5529755801554663,0.2766148137527372,0.17040960609179615,0.11443513289285157,0.5666181431802639,0.2616509403001674,0.17173091651956862,0.10865567075458664,0.5020599006016219,0.26324221815328275,0.23469788124509547,1.0,144.0,180.0
2017/18,2018-02-16,Hertha,Mainz,0,2,199,23,2,0.485722662825693,0.2724289479614408,0.24184838921286603,0.4053601850608037,0.45922329924384236,0.29257640207262464,0.24820029868353286,0.3880444147339643,0.4928843020097773,0.2796306355241716,0.22748506246605102,1.0,144.0,180.0
2017/18,2018-02-17,Freiburg,Werder Bremen,1,0,200,23,0,0.41222648743480766,0.30089499200772707,0.2868785205574654,0.21388849381523223,0.4868615383274453,0.2874351892146508,0.22570327245790414,0.15712652402294136,0.35449233381611145,0.2884183189332268,0.35708934725066166,1.0,144.0,180.0
2017/18,2018-02-17,FC Koln,Hannover,1,1,201,23,1,0.22861665929910116,0.22596479073181602,0.5454185499690827,0.17487348577972908,0.24892967826153214,0.22319166691605935,0.5278786548224087,0.1703109294682527,0.45361940218822744,0.2724250599733768,0.27395553783839577,1.0,144.0,180.0
2017/18,2018-02-17,Schalke 04,Hoffenheim,2,1,202,23,0,0.47496977899340587,0.2647665543353914,0.26026366667120254,0.17169695457968598,0.44808707005078297,0.26850562749056456,0.28340730245865237,0.19246379066600977,0.4338879590430246,0.2781333070788619,0.2879787338781136,1.0,144.0,180.0
2017/18,2018-02-17,Hamburg,Leverkusen,1,2,203,23,2,0.22551945473164015,0.29927372200300145,0.47520682326535857,0.16313345140484656,0.23027618205470402,0.28400887521785784,0.4857149427274382,0.15875812007776674,0.23102431592979045,0.2715661875274974,0.49740949654271205,1.0,144.0,180.0
2017/18,2018-02-17,Wolfsburg,Bayern Munich,1,2,204,23,2,0.18434130795910023,0.23037049854071157,0.585288193500188,0.10298380013520457,0.1962560407891665,0.24601155377117595,0.5577324054396576,0.11705852937221524,0.12814018903102736,0.19846102447488387,0.6733987864940887,1.0,144.0,180.0
2017/18,2018-02-18,M'gladbach,Dortmund,0,1,205,23,2,0.35370097855969346,0.2539733505276547,0.39232567091265175,0.24718623623292169,0.38065330032441214,0.2533617852828345,0.3659849143927535,0.2734360319127157,0.28549501151189566,0.26247122026093633,0.45203376822716806,1.0,144.0,180.0
2017/18,2018-02-18,Augsburg,Stuttgart,0,1,206,23,2,0.6399231888224595,0.2181782996467397,0.14189851153080074,0.5729199260528801,0.6293762295503498,0.2225513419097712,0.1480724285398788,0.5609475126684771,0.4691165296677488,0.28447882848656486,0.24640464184568628,1.0,144.0,180.0
2017/18,2018-02-19,Ein Frankfurt,RB Leipzig,2,1,207,23,0,0.2988455179233565,0.27774932825505483,0.4234051538215885,0.3354447660094247,0.3109266905956821,0.26254759722682003,0.42652571217749763,0.3283731044409703,0.37059794464943235,0.29446301946465464,0.33493903588591306,1.0,144.0,180.0
2017/18,2018-02-23,Mainz,Wolfsburg,1,1,208,24,1,0.5197433365964271,0.274727154203545,0.2055295092000281,0.15618775754419564,0.4794034521869622,0.286286899119237,0.234309648693801,0.14236434071989462,0.43573539904189174,0.28539394557129755,0.2788706553868107,1.0,144.0,180.0
2017/18,2018-02-24,Stuttgart,Ein Frankfurt,1,0,209,24,0,0.39184650134662335,0.3147812787572482,0.29337221989612844,0.22795896866556242,0.4250631578765734,0.3089288848186938,0.2660079573047328,0.2006563028901473,0.3981984368790568,0.29209166777056567,0.3097098953503775,1.0,144.0,180.0
2017/18,2018-02-24,Hoffenheim,Freiburg,1,1,210,24,1,0.3786932145340733,0.31912682675465426,0.3021799587112727,0.117360639090448,0.3847937682179926,0.3131209021168976,0.30208532966510987,0.11966089522914014,0.5664045332043398,0.24294658282081408,0.19064888397484625,1.0,144.0,180.0
2017/18,2018-02-24,Werder Bremen,Hamburg,1,0,211,24,0,0.48160293709757385,0.2853252818007026,0.23307178110172336,0.16152898498589588,0.49701706349008945,0.27930235082677823,0.22368058568313207,0.15151241941584093,0.45219318301734146,0.3023954412747547,0.24541137570790392,1.0,144.0,180.0
2017/18,2018-02-24,Bayern Munich,Hertha,0,0,212,24,1,0.7067023867028589,0.19090113091383906,0.10239648238330232,0.2549566514879955,0.7277227060479994,0.1764542479321827,0.09582304601981793,0.26938119652316955,0.8258681153246935,0.11656990144535148,0.05756198322995501,1.0,144.0,180.0
2017/18,2018-02-24,Hannover,M'gladbach,0,1,213,24,2,0.4643106348893237,0.28025847304100565,0.25543089206967057,0.3849837610777467,0.42547841760540267,0.2884485740756296,0.28607300831896776,0.34536181664936305,0.3387225321644085,0.27872025503814185,0.3825572127974497,1.0,144.0,180.0
2017/18,2018-02-25,RB Leipzig,FC Koln,1,2,214,24,2,0.6968486384090216,0.17090559469087702,0.1322457669001014,0.6192977169576502,0.6336213447951018,0.20476971665743487,0.1616089385474631,0.5521877902517323,0.6465982880306262,0.21271534094253716,0.14068637102683654,1.0,144.0,180.0
2017/18,2018-02-25,Leverkusen,Schalke 04,0,2,215,24,2,0.4954182414379594,0.27820826638241414,0.2263734921796262,0.4219686037759133,0.5171213288318423,0.2779373844664432,0.2049412867017145,0.4497664131621678,0.4641937145801133,0.27305512622359607,0.26275115919629055,1.0,144.0,180.0
2017/18,2018-02-26,Dortmund,Augsburg,1,1,216,24,1,0.5601819190008922,0.2278212100270591,0.21199687097204864,0.1793732278387308,0.6464963958427634,0.20307488193800213,0.15042872221923445,0.2202931951530973,0.6839664292310834,0.19483505852598593,0.1211985122429305,1.0,144.0,180.0
2017/18,2018-03-02,M'gladbach,Werder Bremen,2,2,217,25,1,0.6552823974648532,0.20638211026759168,0.13833549226755518,0.22426586442409632,0.6165396578418718,0.21806480643685683,0.1653955357212712,0.20373841646414934,0.47566012407689057,0.27237521071442056,0.25196466520868877,1.0,144.0,180.0
2017/18,2018-03-03,Schalke 04,Hertha,1,0,218,25,0,0.6664279708405615,0.21506932234738554,0.11850270681205276,0.06265659507966434,0.6507575971379534,0.22103980123063435,0.12820260163141192,0.0692030815109593,0.5922599392418438,0.2571654999339585,0.15057456082419757,1.0,144.0,180.0
2017/18,2018-03-03,RB Leipzig,Dortmund,1,1,219,25,1,0.44573589198573393,0.29097280400737763,0.26329130400688827,0.13400139808498282,0.37908917219525257,0.30445429488009557,0.3164565329246518,0.12192666885318654,0.44503801109513047,0.26998150811588245,0.284980480788987,1.0,144.0,180.0
2017/18,2018-03-03,Hamburg,Mainz,0,0,220,25,1,0.3128251880048419,0.3480277350529683,0.33914707694219,0.10644016902434814,0.3158004755493173,0.35487006875934607,0.32932945569133654,0.10409391537156351,0.45592451870789136,0.288662269241091,0.2554132120510177,1.0,144.0,180.0
2017/18,2018-03-03,Ein Frankfurt,Hannover,1,0,221,25,0,0.31290316797921836,0.3057312192954174,0.38136561272536423,0.30877089357119336,0.36714350616338204,0.3061072294453057,0.3267492643913123,0.25363621178572043,0.5537414350647883,0.2591981185409647,0.1870604463942471,1.0,144.0,180.0
2017/18,2018-03-03,Wolfsburg,Leverkusen,1,2,222,25,2,0.15027294740015237,0.19426645383723962,0.655460598762608,0.07064467886267478,0.19694104275650176,0.2248281784295972,0.578230778813901,0.10833752513097336,0.2755457869264747,0.264344738677431,0.46010947439609445,1.0,144.0,180.0
2017/18,2018-03-03,Augsburg,Hoffenheim,0,2,223,25,2,0.6803183013150408,0.1889122914446692,0.13076940724028988,0.6091974072467896,0.6355128288408111,0.2097496475032788,0.15473752365591004,0.5591726047682966,0.32953546862216293,0.28029453652919606,0.39016999484864096,1.0,144.0,180.0
2017/18,2018-03-04,Freiburg,Bayern Munich,0,4,224,25,2,0.3103382617152158,0.30582166132027866,0.38384007696450567,0.23798144371976407,0.27214656772609663,0.29836091508658524,0.42949251718731823,0.19977127113517873,0.12464183381088827,0.2106017191977078,0.664756446991404,1.0,144.0,180.0
2017/18,2018-03-04,FC Koln,Stuttgart,2,3,225,25,2,0.5563422084371418,0.25239769769939613,0.19126009386346213,0.4817884443332261,0.5403366103795383,0.25456586404864223,0.2050975255718194,0.4619167981842466,0.3782089415640873,0.2853155173202764,0.3364755411156363,1.0,144.0,180.0
2017/18,2018-03-09,Mainz,Schalke 04,0,1,226,26,2,0.3314921696550852,0.3288227143563433,0.3396851159885714,0.27295140229483106,0.40612723896624425,0.3221380735511494,0.271734687482606,0.347654849823201,0.28829110857688034,0.29350118885236615,0.41820770257075346,1.0,144.0,180.0
2017/18,2018-03-10,Hoffenheim,Wolfsburg,3,0,227,26,0,0.6517758630197091,0.22558562078961295,0.1226385161906778,0.06815012761455977,0.6241309655727251,0.2330997145300158,0.14276931989725902,0.08083030487260895,0.5699145896018091,0.24303090978032263,0.18705450061786827,1.0,144.0,180.0
2017/18,2018-03-10,Leverkusen,M'gladbach,2,0,228,26,0,0.6488170581739071,0.20283625736245695,0.1483466844636359,0.07266809871049125,0.6426295242362058,0.20169835089714358,0.15567212486665075,0.07597373370406935,0.5765734699045761,0.23311224022457744,0.19031428987084642,1.0,144.0,180.0
2017/18,2018-03-10,Hertha,Freiburg,0,0,229,26,1,0.3266930348441346,0.33431840106967753,0.3389885640861881,0.1108207927984432,0.3513257849117926,0.31175536589486647,0.33691884919334103,0.11847205904282618,0.4222009189778851,0.3156259297213316,0.26217315130078345,1.0,144.0,180.0
2017/18,2018-03-10,Bayern Munich,Hamburg,6,0,230,26,0,0.6528625900045187,0.2328843634231215,0.11425304657236003,0.06677907003471834,0.6846022763242678,0.21652338269588878,0.09887434097984314,0.054625929702015914,0.8487505480052608,0.11091626479614203,0.040333187198597104,1.0,144.0,180.0
2017/18,2018-03-10,Hannover,Augsburg,1,3,231,26,2,0.4737272487502784,0.28239324560315876,0.24387950564656288,0.3980678540948972,0.3971279713211577,0.2877587923644628,0.31511323631437954,0.31339025233871054,0.4114216363820247,0.28763105552371643,0.30094730809425885,1.0,144.0,180.0
2017/18,2018-03-11,Dortmund,Ein Frankfurt,3,2,232,26,0,0.604859955549236,0.22798603377885757,0.1671540106719066,0.0920380590061278,0.581050606248408,0.24350665872983907,0.17544273502175292,0.10314937389836974,0.5188346448923206,0.2771048671583985,0.2040604879492809,1.0,144.0,180.0
2017/18,2018-03-11,Stuttgart,RB Leipzig,0,0,233,26,1,0.4143309285485723,0.3152652051668142,0.2704038662846137,0.12239418462679463,0.3688946705509627,0.32264710953526765,0.30845821991376976,0.11561487569663739,0.3039514704061765,0.2878124542784149,0.4082360753154086,1.0,144.0,180.0
2017/18,2018-03-12,Werder Bremen,FC Koln,3,1,234,26,0,0.498581568327879,0.24370805227933245,0.25771037939278857,0.1589175416336523,0.54671890848814,0.23814418211399294,0.21513690939786695,0.12587381885372464,0.5276265981661322,0.249007450665139,0.22336595116872876,1.0,144.0,180.0
2017/18,2018-03-16,Freiburg,Stuttgart,1,2,235,27,2,0.41225208991292983,0.3770540978608404,0.21069381222623002,0.39647802184777026,0.47541204210383087,0.3408066430842284,0.18378131481194035,0.44611477591372944,0.3829348013074144,0.30707035953896433,0.30999483915362114,1.0,144.0,180.0
2017/18,2018-03-17,Wolfsburg,Schalke 04,0,1,236,27,2,0.25679006491387846,0.33368344599490396,0.40952648909121786,0.20730005226170894,0.23095525599643105,0.3127338559636762,0.45631088803989317,0.17446909036817354,0.24364383257466413,0.2900521816365049,0.4663039857888309,1.0,144.0,180.0
2017/18,2018-03-17,M'gladbach,Hoffenheim,3,3,237,27,1,0.3715276518274995,0.2530165670285139,0.3754557811439863,0.13949991983344845,0.35675866018446845,0.2502521708594709,0.3929891689560607,0.14085861426669616,0.3038883005165669,0.25670564333109996,0.43940605615233325,1.0,144.0,180.0
2017/18,2018-03-17,Augsburg,Werder Bremen,1,3,238,27,2,0.502435001946464,0.27623342364457754,0.22133157440895826,0.42938272409668726,0.45976033525467397,0.28320027683595905,0.2570393879093671,0.3816850184957892,0.3949356161427235,0.2852312783253003,0.31983310553197614,1.0,144.0,180.0
2017/18,2018-03-17,Ein Frankfurt,Mainz,3,0,239,27,0,0.4559938660356448,0.30592806597792477,0.23807806798643041,0.17631192012349767,0.4929056228772155,0.2877444827109502,0.21934989441183417,0.1526295417440138,0.558052693451352,0.2604245902772976,0.18152271627135058,1.0,144.0,180.0
2017/18,2018-03-17,Hamburg,Hertha,1,2,240,27,2,0.30270082550252675,0.34936581946010137,0.34793335503737216,0.25840934961636464,0.25453271164772867,0.3637595966059272,0.38170769174634434,0.2235361398721898,0.3363097893336333,0.3115969294145484,0.35209328125181827,1.0,144.0,180.0
2017/18,2018-03-18,Dortmund,Hannover,1,0,241,27,0,0.6157402395706358,0.20129271493825185,0.182967045491112,0.09056625161048955,0.6300257345078955,0.20181537338083624,0.1681588921112682,0.08257918506125572,0.663820533668979,0.19874056710659857,0.1374388992244224,1.0,144.0,180.0
2017/18,2018-03-18,FC Koln,Leverkusen,2,0,242,27,0,0.1981564553566811,0.2566770514322725,0.5451664932110468,0.470079787703096,0.16541760349601367,0.20913480511355365,0.6254475913904326,0.5438562330652154,0.19730733519034352,0.22934076137418755,0.5733519034354688,1.0,144.0,180.0
2017/18,2018-03-18,RB Leipzig,Bayern Munich,2,1,243,27,0,0.1870989174141957,0.25372599590246664,0.5591750866833377,0.4867424738182453,0.21391059265694104,0.27989334703316004,0.5061960603098989,0.4370855039051123,0.1796933902990701,0.22786294713914718,0.5924436625617827,1.0,144.0,180.0
2017/18,2018-03-31,Hoffenheim,FC Koln,6,0,244,28,0,0.547856661615243,0.2537349020735275,0.1984084363112292,0.12189975302259001,0.6180391584197702,0.22683953444671248,0.15512130713351724,0.08497835221374421,0.6102800748417369,0.20513615961066786,0.18458376554759529,1.0,144.0,180.0
2017/18,2018-03-31,Bayern Munich,Dortmund,6,0,245,28,0,0.6933132703495629,0.17582485226286532,0.13086187738757182,0.05559079054854008,0.670894869680813,0.18533024252088443,0.1437748877983024,0.06449070258191175,0.7159716758457907,0.17387883556254918,0.11014948859166013,1.0,144.0,180.0
2017/18,2018-03-31,Hertha,Wolfsburg,0,0,246,28,1,0.6330101288599249,0.24588638366055549,0.12110348747951939,0.20768393895948045,0.5783143925012133,0.28094111763207874,0.14074448986670798,0.17712827400094364,0.41193261319751495,0.3050875916494096,0.28297979515307553,1.0,144.0,180.0
2017/18,2018-03-31,Hannover,RB Leipzig,2,3,247,28,2,0.35013619326191747,0.24694589842000317,0.40291790831807933,0.23955118901960212,0.3157803352158423,0.24403216630673105,0.44018749847742694,0.20655362848499545,0.21659831382972325,0.24489759101350617,0.5385040951567706,1.0,144.0,180.0
2017/18,2018-03-31,Stuttgart,Hamburg,1,1,248,28,1,0.6394066204940042,0.23950491396879134,0.12108846553720454,0.21175162140885914,0.6340451588110279,0.25060616336243147,0.1153486778265406,0.2076592904440163,0.5759682752315036,0.24705238201554341,0.17697934275295293,1.0,144.0,180.0
2017/18,2018-03-31,Schalke 04,Freiburg,2,0,249,28,0,0.3798816085015036,0.367739175330489,0.2523792161680075,0.22412104411413014,0.3927004868714141,0.3646948556692233,0.24260465745936263,0.21383485923359605,0.6168951884253028,0.25717530282637957,0.12592950874831763,1.0,144.0,180.0
2017/18,2018-03-31,Leverkusen,Augsburg,0,0,250,28,1,0.6361304354397226,0.2323460059247703,0.13152355863550685,0.21098018868443938,0.6505436626203249,0.2161374389415533,0.13331889843812156,0.22049049282811067,0.6556391407568433,0.2156517262092045,0.1287091330339521,1.0,144.0,180.0
2017/18,2018-04-01,Mainz,M'gladbach,0,0,251,28,1,0.33245501731074584,0.2913119853862226,0.3762329973030315,0.12603880339735565,0.2827725825710913,0.3051413697346035,0.41208604769430535,0.12488762207911892,0.31764824143053405,0.27088336144214986,0.41146839712731614,1.0,144.0,180.0
2017/18,2018-04-01,Werder Bremen,Ein Frankfurt,2,1,252,28,0,0.4442224858406878,0.29286283594162843,0.2629146782176839,0.18900638663370634,0.45798964967153516,0.30057186670426994,0.241438483624195,0.17603388061896788,0.41193038929685144,0.27814103208932706,0.30992857861382156,1.0,144.0,180.0
2017/18,2018-04-06,Hannover,Werder Bremen,2,1,253,29,0,0.3720720118451282,0.27975742779001656,0.34817056036485533,0.2577581487065011,0.3253179108058681,0.28206784709569993,0.3926142420984317,0.3046709322889423,0.3087700938926194,0.2594982703991163,0.43173163570826434,1.0,144.0,180.0
2017/18,2018-04-07,FC Koln,Mainz,1,1,254,29,1,0.46529180789643426,0.28055156287137134,0.2541566292321943,0.1405460293391017,0.44138564647498996,0.28164278655327724,0.27697156697173286,0.13576726891246094,0.4709223891881019,0.2634619853025326,0.2656156255093654,1.0,144.0,180.0
2017/18,2018-04-07,Augsburg,Bayern Munich,1,4,255,29,2,0.16088401075569247,0.2011529553597648,0.6379630338845429,0.07847721487546126,0.17759686514514686,0.21836796219493246,0.6040351726599209,0.09416439549992116,0.1259342331249853,0.22227101975515842,0.6517947471198564,1.0,144.0,180.0
2017/18,2018-04-07,Hamburg,Schalke 04,3,2,256,29,0,0.3176644426586114,0.31442026946739776,0.3679152878739906,0.30047173593189247,0.29660234275517294,0.2852170039814772,0.41818065326334936,0.33482166149063664,0.23684995327815073,0.27031075000165683,0.49283929672019244,1.0,144.0,180.0
2017/18,2018-04-07,M'gladbach,Hertha,2,1,257,29,0,0.55053344121829,0.23427261279497008,0.21519394598673983,0.1241643109262082,0.4910726858949367,0.2528645021280751,0.2560628119769878,0.16228758735987808,0.5512767568311653,0.25278752839149293,0.19593571477734184,1.0,144.0,180.0
2017/18,2018-04-07,Freiburg,Wolfsburg,0,2,258,29,2,0.4744828095975626,0.32794078398599597,0.1975764064164414,0.43450878007157445,0.41532496062569735,0.35013465055086446,0.23454038882343795,0.37921161963065514,0.40271905827737714,0.31642211721793917,0.2808588245046838,1.0,144.0,180.0
2017/18,2018-04-08,Dortmund,Stuttgart,3,0,259,29,0,0.40265169615287766,0.31619835878777525,0.28114994505934754,0.21793514385795396,0.48450440553734264,0.2879893322704245,0.22750626219223238,0.15874740362354475,0.6410147884164459,0.20908636875386216,0.14989884282969196,1.0,144.0,180.0
2017/18,2018-04-08,Ein Frankfurt,Hoffenheim,1,1,260,29,1,0.4285237036462798,0.2865071287500765,0.2849691676036438,0.1324199955357191,0.4110645943558144,0.2821436575657807,0.3067917480784047,0.13154763871095684,0.41877277601117197,0.26442833824011674,0.31679888574871123,1.0,144.0,180.0
2017/18,2018-04-09,RB Leipzig,Leverkusen,1,4,261,29,2,0.3321846751172707,0.30335240835907573,0.3644629165236537,0.2571270214281936,0.27969689305456436,0.2920614936805008,0.4282416132649343,0.2025690023931304,0.44702666976295524,0.25312159482681623,0.29985173541022847,1.0,144.0,180.0
2017/18,2018-04-13,Wolfsburg,Augsburg,0,0,262,30,1,0.30809352123997785,0.3383973696834274,0.3535091090765947,0.10994515401508821,0.35078852428764595,0.32622335946760667,0.3229881162447476,0.11368695600361743,0.4318085618787676,0.299351947805526,0.26883949031570653,1.0,144.0,180.0
2017/18,2018-04-14,Hoffenheim,Hamburg,2,0,263,30,0,0.6548287581540995,0.2044133283661989,0.14075791347970176,0.06947798820230017,0.631990432919277,0.21171964485611527,0.15628992222460775,0.07992879062595752,0.6412401406767508,0.2030593778809711,0.15570048144227813,1.0,144.0,180.0
2017/18,2018-04-14,Hertha,FC Koln,2,1,264,30,0,0.48391361943074945,0.2691691628867155,0.24691721768253502,0.16365663229857688,0.4864954998081793,0.27535109340252983,0.23815340678929098,0.16020195844129853,0.5357184956370088,0.24809355268685906,0.2161879516761322,1.0,144.0,180.0
2017/18,2018-04-14,Bayern Munich,M'gladbach,5,1,265,30,0,0.7718603531743374,0.1425663060026632,0.08557334082299943,0.029685247556673632,0.813572349614937,0.11533494104755598,0.07109270933750719,0.01990472107452128,0.7217219281985401,0.17305943216128403,0.10521863964017593,1.0,144.0,180.0
2017/18,2018-04-14,Stuttgart,Hannover,1,1,266,30,1,0.5969672731222494,0.24857084187034512,0.15446188500740562,0.19011419954952766,0.568656851967111,0.2599562856053191,0.1713868624275698,0.17637203595095577,0.5447167619859741,0.25001102665510094,0.20527221135892496,1.0,144.0,180.0
2017/18,2018-04-14,Leverkusen,Ein Frankfurt,4,1,267,30,0,0.5262371412488591,0.2912495502230656,0.18251330852807518,0.12888117706095892,0.5695443158620164,0.26796209414129984,0.16249358999668373,0.10584813139835494,0.5740023527768676,0.24153564349521658,0.18446200372791588,1.0,144.0,180.0
2017/18,2018-04-15,Schalke 04,Dortmund,2,0,268,30,0,0.37755367142529783,0.2995830100897246,0.32286331848497735,0.24584007718962908,0.42815898457018725,0.2941070175391029,0.2777339978907101,0.2020691602560781,0.31071760155465933,0.284447017166656,0.40483538127868474,1.0,144.0,180.0
2017/18,2018-04-15,Werder Bremen,RB Leipzig,1,1,269,30,1,0.4661240661552172,0.2651238005379848,0.2687521333067983,0.14474967710301412,0.5208851361418414,0.2563215022480696,0.22279336161008917,0.16047910351551425,0.36670012149384607,0.2679731657070413,0.3653267127991126,1.0,144.0,180.0
2017/18,2018-04-16,Mainz,Freiburg,2,0,270,30,0,0.3453360186205006,0.38189022869234257,0.2727737526871567,0.2514952243353459,0.32897399692544566,0.3906737228774797,0.2803522801970741,0.2644366489069554,0.4538898655289885,0.29842911647930437,0.24768101799170694,1.0,144.0,180.0
2017/18,2018-04-20,M'gladbach,Wolfsburg,3,0,271,31,0,0.5810724708199478,0.23657928190962846,0.18234824727042365,0.10437557899374951,0.5762995817240744,0.2557223589904775,0.16797805928544793,0.10386933642424992,0.5660206625104784,0.24157705695236295,0.1924022805371587,1.0,144.0,180.0
2017/18,2018-04-21,Stuttgart,Werder Bremen,2,0,272,31,0,0.4188334501259681,0.3421297828708538,0.23903676700317805,0.19744656733590865,0.4051564044551431,0.3391397945739766,0.2557038009708806,0.20961166849584442,0.39015122729690704,0.28687590242419636,0.32297287027889654,1.0,144.0,180.0
2017/18,2018-04-21,RB Leipzig,Hoffenheim,2,5,273,31,2,0.4965378023754968,0.2550968392599941,0.24836535836450888,0.40575221184720034,0.4278950211505396,0.24941440522039798,0.32269057362906256,0.32092110408817465,0.4131417228826532,0.2506463922887048,0.33621188482864195,1.0,144.0,180.0
2017/18,2018-04-21,Hamburg,Freiburg,1,0,274,31,0,0.2950011233208225,0.309577480630353,0.3954213960488247,0.3266907482860517,0.32080939091113064,0.324000432059883,0.3551901770289864,0.293729972666196,0.4711347574049075,0.27944095926308266,0.24942428333200986,1.0,144.0,180.0
2017/18,2018-04-21,Ein Frankfurt,Hertha,0,3,275,31,2,0.5705953572380565,0.2521218543775476,0.177282788384396,0.50122133599509,0.5530394806292999,0.2570749386990806,0.18988558067161995,0.48106901976924243,0.49532744001443263,0.27721450478080467,0.22745805520476278,1.0,144.0,180.0
2017/18,2018-04-21,Dortmund,Leverkusen,4,0,276,31,0,0.35767727158768514,0.28839331369431637,0.3539294147179986,0.2689222590188327,0.38190273652182277,0.2862556662967067,0.3318415971814705,0.24608153636958024,0.4519091348477525,0.2609956500724988,0.2870952150797487,1.0,144.0,180.0
2017/18,2018-04-21,Hannover,Bayern Munich,0,3,277,31,2,0.13020987530591413,0.13940278286549232,0.7303873418285937,0.04482279853671668,0.14816232667285537,0.15823434857861687,0.6936033247485276,0.057915498825135026,0.12978762025776003,0.18769286621891448,0.6825195135233256,1.0,144.0,180.0
2017/18,2018-04-22,Augsburg,Mainz,2,0,278,31,0,0.42628553943401093,0.3538225704858515,0.21989189008013726,0.1887503627927696,0.4318887478280559,0.33738733679175875,0.2307239153801854,0.18799195998636856,0.41329525148227625,0.2946757684284507,0.292028980089273,1.0,144.0,180.0
2017/18,2018-04-22,FC Koln,Schalke 04,2,2,279,31,1,0.4020996579312993,0.2647485579574011,0.33315178411129975,0.13633712308250495,0.3220341278619369,0.3112061224458267,0.3667597496922363,0.1191093467510551,0.2655383383841272,0.28329235519469387,0.45116930642117903,1.0,144.0,180.0
2017/18,2018-04-27,Hoffenheim,Hannover,3,1,280,32,0,0.6552095795367231,0.1960723635055122,0.14871805695776433,0.07049874725426812,0.683170854684427,0.18215534331249925,0.13467380200307374,0.05925887013367981,0.750827775964184,0.15156461316047193,0.09760761087534395,1.0,144.0,180.0
2017/18,2018-04-28,Hertha,Augsburg,2,2,281,32,1,0.3826826605980285,0.3011881966416476,0.31612914276032367,0.12319182681238156,0.4649902633999045,0.2928264946551037,0.24218324194499175,0.1374343338678495,0.46688682955008126,0.27564787394340956,0.2574652965065092,1.0,144.0,180.0
2017/18,2018-04-28,Freiburg,FC Koln,3,2,282,32,0,0.38566620225759957,0.30306553750391024,0.31126826023849036,0.23714697244024846,0.45474770849997814,0.2783358509997807,0.2669164405002415,0.18427222379767177,0.4583211351860409,0.2742202297601874,0.2674586350537718,1.0,144.0,180.0
2017/18,2018-04-28,Bayern Munich,Ein Frankfurt,4,1,283,32,0,0.7491770229829737,0.16707004635050793,0.08375293066651854,0.03496335959745716,0.7407703047955729,0.1716372540312757,0.08759244117315133,0.03743623531322607,0.466522535088484,0.27621305901839416,0.2572644058931218,1.0,144.0,180.0
2017/18,2018-04-28,Leverkusen,Stuttgart,0,1,284,32,2,0.41724690928083097,0.33610419647847145,0.2466488942406977,0.3708164359265848,0.35023945761267095,0.3566135269125114,0.29314701547481753,0.3111544097004878,0.6733227405316954,0.19256764768657952,0.134109611781725,1.0,144.0,180.0
2017/18,2018-04-28,Wolfsburg,Hamburg,1,3,285,32,2,0.38841257750831687,0.32329049184919156,0.28829693064249123,0.3286927946497763,0.3736224166112699,0.340393239054369,0.285984344334361,0.32470603336503884,0.41520511406815774,0.2836430285058636,0.3011518574259786,1.0,144.0,180.0
2017/18,2018-04-28,Schalke 04,M'gladbach,1,1,286,32,1,0.4874759699807512,0.2897038862231227,0.22282014379612555,0.1436408188950003,0.5127854031439965,0.2970157201159048,0.19019887674009867,0.14956224119537312,0.5163518809645063,0.2534818324734849,0.2301662865620087,1.0,144.0,180.0
2017/18,2018-04-29,Mainz,RB Leipzig,3,0,287,32,0,0.33410949898020276,0.2756657356321619,0.3902247653876349,0.2978427634351159,0.3412552895567024,0.2686107956276741,0.3901339148156233,0.29307453251319404,0.27781581469816824,0.2600356025574855,0.4621485827443462,1.0,144.0,180.0
2017/18,2018-04-29,Werder Bremen,Dortmund,1,1,288,32,1,0.33099899452854215,0.2798236396111747,0.3891773658602836,0.1305096782384273,0.31158491795129145,0.2851094994583252,0.4033055825903836,0.12987027702164075,0.2370932154012207,0.24732312571041043,0.515583658888369,1.0,144.0,180.0
2017/18,2018-05-05,Werder Bremen,Leverkusen,0,0,289,33,1,0.23059714947786925,0.22940999256029226,0.5399928579618385,0.1723836659985565,0.2513140397043495,0.24544825216544344,0.5032377081302074,0.1582034687183314,0.2488878903617165,0.24030554931476075,0.5108065603235228,1.0,144.0,180.0
2017/18,2018-05-05,Stuttgart,Hoffenheim,2,0,290,33,0,0.4661580879375099,0.29278982177501295,0.24105209028747707,0.1715466486532487,0.5017111453045061,0.291284666121927,0.20700418857356695,0.14557125840037394,0.32762530009780966,0.26387118764634393,0.4085035122558463,1.0,144.0,180.0
2017/18,2018-05-05,RB Leipzig,Wolfsburg,4,1,291,33,0,0.6025637890547593,0.2393475561828223,0.1580886547624183,0.0914737822675505,0.6042413743646542,0.24225348753235335,0.15350513810299257,0.0900943585943983,0.548347348750292,0.24219808455968228,0.20945456669002568,1.0,144.0,180.0
2017/18,2018-05-05,M'gladbach,Freiburg,3,1,292,33,0,0.715610235557793,0.17964214358087366,0.10474762086133313,0.04592480109780181,0.65339293904342,0.21344714708963872,0.13315991386694115,0.0689340086830048,0.46698123041215267,0.2788545061603997,0.2541642634274477,1.0,144.0,180.0
2017/18,2018-05-05,Hannover,Hertha,3,1,293,33,0,0.3707921148945886,0.2879662009882015,0.34124168411720973,0.25617422482898716,0.3313749716549159,0.2876780865642619,0.3809469417808225,0.2960900004908128,0.36394030949496187,0.2877168228455746,0.34834286765946354,1.0,144.0,180.0
2017/18,2018-05-05,FC Koln,Bayern Munich,1,3,294,33,2,0.11018126215715887,0.12159514992168023,0.7682235879211607,0.0329301078633422,0.10859977508924044,0.11066221290489797,0.7807380120058615,0.029934865264287656,0.10221673466010704,0.1580774297843091,0.7397058355555839,1.0,144.0,180.0
2017/18,2018-05-05,Ein Frankfurt,Hamburg,3,0,295,33,0,0.5913265698490895,0.26542856982194574,0.14324486032896497,0.09376653126098788,0.6521977194991528,0.23420582286178218,0.1135964576390652,0.06693529075486693,0.4900700406309351,0.25529826723967564,0.25463169212938924,1.0,144.0,180.0
2017/18,2018-05-05,Dortmund,Mainz,1,2,296,33,2,0.6491776265287438,0.2214308265204952,0.12939154695076102,0.5896953346531411,0.6434559177227357,0.2270990761519763,0.1294450061252879,0.5859507577063039,0.7273560848933478,0.1695055919577541,0.10313832314889801,1.0,144.0,180.0
2017/18,2018-05-05,Augsburg,Schalke 04,1,2,297,33,2,0.45569556058017197,0.30183814175155543,0.24246629766827238,0.39075787705044573,0.39133520213777717,0.32266107063236454,0.28600372722985834,0.33146695898093476,0.31375358712180396,0.2974919682770763,0.3887544446011197,1.0,144.0,180.0
2017/18,2018-05-12,Hamburg,M'gladbach,2,1,298,34,0,0.24330862198534042,0.2780242869150776,0.47866709109958205,0.40085201283173,0.1828056452737512,0.24343977241244066,0.5737545823138083,0.4985004670612713,0.42608562353167656,0.23511712720181666,0.3387972492665067,1.0,144.0,180.0
2017/18,2018-05-12,Freiburg,Augsburg,2,0,299,34,0,0.32353276965878597,0.3112676481777175,0.3651995821634965,0.2954893242689528,0.32428923059142356,0.3058563275500576,0.3698544418585191,0.2966886760286034,0.4754416813196015,0.30553462279159344,0.21902369588880516,1.0,144.0,180.0
2017/18,2018-05-12,Leverkusen,Hannover,3,2,300,34,0,0.7222268448320303,0.17061760209093865,0.10715555307703095,0.044320119143606715,0.6974378382045143,0.18257941245322132,0.11998274934226458,0.05296986094504315,0.7948664594814103,0.1269289372470315,0.0782046032715581,1.0,144.0,180.0
2017/18,2018-05-12,Bayern Munich,Stuttgart,1,4,301,34,2,0.6628042479595024,0.23148408378237254,0.10571166825812502,0.6195305457014136,0.6249655452682872,0.254315482810412,0.12071897192130074,0.5818585295558107,0.8278856990083789,0.10586079429943206,0.066253506692189,1.0,144.0,180.0
2017/18,2018-05-12,Mainz,Werder Bremen,1,2,302,34,2,0.4144900401795652,0.31849199927872507,0.2670179605417098,0.35453233178824606,0.44214181775196326,0.32478868187242965,0.23306950037560686,0.3918358891295656,0.37493233784414365,0.2572095193653756,0.3678581427904806,1.0,144.0,180.0
2017/18,2018-05-12,Schalke 04,Ein Frankfurt,1,0,303,34,0,0.4514615864594276,0.31170833203273446,0.23683008150783783,0.17849143931830858,0.45102999911409636,0.3203825201988181,0.22858748068708562,0.1768101490997689,0.42963986070499727,0.28351234994196045,0.28684778935304234,1.0,144.0,180.0
2017/18,2018-05-12,Wolfsburg,FC Koln,4,1,304,34,0,0.4005607707988577,0.2839974755123515,0.315441753688791,0.2294154447377597,0.34791159222150114,0.29547782220635854,0.3566105855721402,0.2761952006506013,0.5914230525504087,0.23179288282854502,0.17678406462104612,1.0,144.0,180.0
2017/18,2018-05-12,Hoffenheim,Dortmund,3,1,305,34,0,0.5022123638765519,0.2503747499833966,0.24741288614005136,0.15450283345276025,0.47494649146229506,0.25158495847223256,0.2734685500654724,0.17523311735133276,0.42930337650765366,0.22876024992309246,0.34193637356925394,1.0,144.0,180.0
2017/18,2018-05-12,Hertha,RB Leipzig,2,6,306,34,2,0.5643695778273242,0.22826704629290215,0.20736337587977346,0.47339291913685067,0.5427542019007257,0.23448984521430774,0.22275595288496639,0.4493452162283249,0.22452338919162038,0.2430003763320779,0.5324762344763018,1.0,144.0,180.0
2018/19,2018-08-24,Bayern Munich,Hoffenheim,3,1,1,1,0,0.5373978274448493,0.2532672229629675,0.20933494959218343,0.12891094558675364,0.58640049933955,0.23219419561733942,0.18140530504311073,0.1019862158221788,0.7941159094937082,0.1366101494653512,0.06927394104094052,1.0,144.0,180.0
2018/19,2018-08-25,M'gladbach,Leverkusen,2,0,2,1,0,0.4186530605152738,0.27751489619576936,0.3038320432889565,0.2151390872887002,0.37098410795870546,0.2768149446775736,0.35220094736372126,0.259853249882204,0.3719537944668463,0.26438877822913665,0.363657427304017,1.0,144.0,180.0
2018/19,2018-08-25,Fortuna Dusseldorf,Augsburg,1,2,3,1,2,0.3964556834235116,0.2790094117005743,0.32453490487591363,0.30671510182489703,0.40716619886983557,0.2856997556944811,0.3071340454356832,0.3229237722482161,0.3560702801667769,0.29298275305014077,0.3509469667830823,1.0,144.0,180.0
2018/19,2018-08-25,Freiburg,Ein Frankfurt,0,2,4,1,2,0.42983303425193,0.2763588213845054,0.29380814436356456,0.34173168715072644,0.39403300762179977,0.2895259350359436,0.31644105734225675,0.31125741959142667,0.38692453997570975,0.29546964870872383,0.31760581131556637,1.0,144.0,180.0
2018/19,2018-08-25,Hertha,Nurnberg,1,0,5,1,0,0.5397517156632244,0.2523958555713477,0.20785242876542798,0.12751555768931633,0.539869750083746,0.2552424455675465,0.20488780434870732,0.12684942962941428,0.5436511262895314,0.26956662494688677,0.1867822487635818,1.0,144.0,180.0
2018/19,2018-08-25,Werder Bremen,Hannover,1,1,6,1,1,0.4740092737398311,0.2693442644257129,0.2566464618344558,0.14527609898175348,0.4755876822498977,0.2719148461150038,0.25249747163509867,0.1449693083449735,0.5609379375896395,0.23183658228170378,0.20722548012865666,1.0,144.0,180.0
2018/19,2018-08-25,Wolfsburg,Schalke 04,2,1,7,1,0,0.42173160898444995,0.27722280094248275,0.30104559007306736,0.21251138967507718,0.38003546059208987,0.29105641652699615,0.32890812288091426,0.24626829171015424,0.30195111557544213,0.3047819072839619,0.393266977140596,1.0,144.0,180.0
2018/19,2018-08-26,Mainz,Stuttgart,1,0,8,1,0,0.4213518220264189,0.27710468791661813,0.30154349005696285,0.2128810951339394,0.34705738247928414,0.3023238249925059,0.35061879252820993,0.27463379972437185,0.332517432649647,0.29703538953154446,0.37044717781880837,1.0,144.0,180.0
2018/19,2018-08-26,Dortmund,RB Leipzig,4,1,9,1,0,0.4710091762420265,0.2698339945861799,0.2591568291717936,0.1734967768632588,0.5431557168732394,0.2408471504440329,0.2159971326827277,0.12768073017638185,0.5592410977895305,0.2367590049035968,0.20399989730687276,1.0,144.0,180.0
2018/19,2018-08-31,Hannover,Dortmund,0,0,10,2,1,0.35637841100803574,0.2830743561247865,0.36054723286717816,0.12849993948039568,0.32380472100955365,0.2682340943472463,0.4079611846432004,0.13564091276177903,0.1856314145470772,0.23427041499330656,0.5800981704596163,1.0,144.0,180.0
2018/19,2018-09-01,Stuttgart,Bayern Munich,0,3,11,2,2,0.3469721248402379,0.27546172324857615,0.37756615191118603,0.25390677533139927,0.31677419782519495,0.28260245682600965,0.4006233453487954,0.22979913327433255,0.08248995704241625,0.16103237488643307,0.7564776680711506,1.0,144.0,180.0
2018/19,2018-09-01,Nurnberg,Mainz,1,1,12,2,1,0.40719516477186996,0.28167514064066734,0.311129694587463,0.13130479453383906,0.4296913819316818,0.2877200019797737,0.28258861608854435,0.13224550482459863,0.3582337726320975,0.2899987683212218,0.3517674590466806,1.0,144.0,180.0
2018/19,2018-09-01,Leverkusen,Wolfsburg,1,3,13,2,2,0.5135898066103012,0.25268144828161837,0.23372874510808073,0.4254730627638218,0.5745348593351772,0.24195865445502412,0.1835064862097987,0.49837598132638083,0.5837070788594546,0.24994636453725366,0.16634655660329165,1.0,144.0,180.0
2018/19,2018-09-01,Hoffenheim,Freiburg,3,1,14,2,0,0.4860993934390886,0.27196279510226967,0.2419378114586421,0.16131386901853495,0.5358080000854136,0.25862995392889504,0.2055620459856911,0.1288649837672634,0.6404272051548745,0.21208046880945736,0.14749232603566806,1.0,144.0,180.0
2018/19,2018-09-01,Ein Frankfurt,Werder Bremen,1,2,15,2,2,0.46230721306055883,0.2700380845647897,0.267654702374651,0.3750287971008907,0.4628333737450036,0.27940674698145235,0.2577598792735441,0.38256756433410305,0.40253884859866546,0.27596147694299444,0.32149967445834005,1.0,144.0,180.0
2018/19,2018-09-01,Augsburg,M'gladbach,1,1,16,2,1,0.3856188262100453,0.27310822873352675,0.3412729450564283,0.1325845510775504,0.39153608411105706,0.27879325501348406,0.3296706608754585,0.13099162490154131,0.36812382346789374,0.27713867391759045,0.35473750261451575,1.0,144.0,180.0
2018/19,2018-09-02,RB Leipzig,Fortuna Dusseldorf,1,1,17,2,1,0.5706320394237306,0.2427291101181467,0.18663885045812312,0.18022749245860778,0.5601107282670398,0.24030679925525686,0.1995824724777035,0.17677859562007345,0.7269194482530061,0.17119016883286964,0.1018903829141243,1.0,144.0,180.0
2018/19,2018-09-02,Schalke 04,Hertha,0,2,18,2,2,0.546208680543958,0.24883601584203524,0.20495530361400677,0.46521999597653385,0.5110064873528994,0.2642026875980762,0.22479082504902434,0.4310384475224607,0.5761715020432066,0.2667752982063066,0.15705319975048693,1.0,144.0,180.0
2018/19,2018-09-14,Dortmund,Ein Frankfurt,3,1,19,3,0,0.5595131222107372,0.2549111762812769,0.18557570150798555,0.11423351524735699,0.5716865585458574,0.24708114540350226,0.18123229605064048,0.10814877463103911,0.6559205536782837,0.20480219819490714,0.13927724812680917,1.0,144.0,180.0
2018/19,2018-09-15,Bayern Munich,Leverkusen,3,1,20,3,0,0.6280735217041721,0.21789421743741408,0.15403226085841376,0.0810276213213457,0.6071097360256928,0.22367422702353093,0.16921603695077622,0.09149841334356361,0.8278127513526657,0.11006146807757032,0.06212578056976388,1.0,144.0,180.0
2018/19,2018-09-15,Fortuna Dusseldorf,Hoffenheim,2,1,21,3,0,0.3564619688832196,0.266244551273838,0.3772934798429426,0.2782457837128295,0.3476186584076627,0.26359204950366283,0.38878929208867474,0.28837926425031524,0.23205128205128203,0.23205128205128203,0.5358974358974359,1.0,144.0,180.0
2018/19,2018-09-15,Mainz,Augsburg,2,1,22,3,0,0.4279089949194942,0.26799444233411623,0.30409656274638974,0.2098814187840961,0.39392803938670246,0.29763518890135743,0.3084367717119401,0.23122823179286497,0.35212264877012595,0.2825170088969615,0.3653603423329126,1.0,144.0,180.0
2018/19,2018-09-15,M'gladbach,Schalke 04,2,1,23,3,0,0.44580197290604334,0.2672450055376705,0.28695302155628644,0.19473874490755813,0.4178530851849812,0.2703930986833278,0.311753816131691,0.21804273615065847,0.34059514809978697,0.2742079582159302,0.38519689368428284,1.0,144.0,180.0
2018/19,2018-09-15,RB Leipzig,Hannover,3,2,24,3,0,0.5414156948014661,0.25363156409485316,0.2049527411036806,0.12615259553016722,0.5478463650705334,0.2404343224033163,0.2117193125261502,0.12463398843823752,0.643076916623496,0.21155689413975573,0.14536618923674835,1.0,144.0,180.0
2018/19,2018-09-15,Wolfsburg,Hertha,2,2,25,3,1,0.49018603228867297,0.26811949394777734,0.2416944737635497,0.14934928244937556,0.4369676272996591,0.2839488723503162,0.2790835003500251,0.134414153737758,0.4455491329479769,0.2961271676300578,0.2583236994219653,1.0,144.0,180.0
2018/19,2018-09-16,Freiburg,Stuttgart,3,3,26,3,1,0.40573356193692983,0.2815112829042838,0.3127551551587865,0.1312177551802125,0.3653431520461309,0.2943379289935608,0.34031891896030836,0.1246462926746576,0.3479858767532138,0.30151571308741193,0.3504984101593742,1.0,144.0,180.0
2018/19,2018-09-16,Werder Bremen,Nurnberg,1,1,27,3,1,0.4810542858065585,0.2772432573956398,0.24170245679780158,0.14491665175747565,0.48308452219799997,0.28338929671906404,0.2335261810829362,0.14395256641922505,0.6037261704832415,0.22604631034372535,0.1702275191730331,1.0,144.0,180.0
2018/19,2018-09-21,Stuttgart,Fortuna Dusseldorf,0,0,28,4,1,0.5877817871953457,0.23347068647472344,0.1787475263299311,0.18871905376381198,0.5794851210305454,0.24349646752798915,0.17701841144146546,0.1835692617425229,0.5638358184362144,0.24930529761189943,0.18685888395188607,1.0,144.0,180.0
2018/19,2018-09-22,Hoffenheim,Dortmund,1,1,29,4,1,0.38077677364330376,0.27887284754647684,0.3403503788102195,0.1304146658512318,0.3890847969983927,0.26753634797012266,0.343378855031485,0.13464800866900692,0.37648735465773875,0.25971587567298554,0.3637967696692757,1.0,144.0,180.0
2018/19,2018-09-22,Augsburg,Werder Bremen,2,3,30,4,2,0.3896202526602812,0.2822374153053784,0.32814233203434023,0.30159833364365796,0.3866494643516136,0.29593569312376106,0.31741484252462543,0.30771015274453595,0.3363886097664413,0.27935720753592397,0.3842541826976346,1.0,144.0,180.0
2018/19,2018-09-22,Hertha,M'gladbach,4,2,31,4,0,0.3578480099053552,0.2732181034862443,0.36893388660840043,0.27423569553524646,0.41007322407630975,0.27325791051731757,0.31666886540637285,0.22414638563473963,0.33516016981860286,0.29100733307603244,0.37383249710536465,1.0,144.0,180.0
2018/19,2018-09-22,Schalke 04,Bayern Munich,0,2,32,4,2,0.3969965391427537,0.2983122827627686,0.3046911780944776,0.3205303049554847,0.34864489161841333,0.2937054105400349,0.3576496978415518,0.26708358556733247,0.1080488178006443,0.1829301077265146,0.7090210744728411,1.0,144.0,180.0
2018/19,2018-09-22,Nurnberg,Hannover,2,0,33,4,0,0.39559394819744337,0.2924802524489913,0.3119257993535654,0.2313021898789578,0.4309826302243863,0.2916352712745168,0.2773820985010969,0.20036079783761482,0.38532819715570127,0.2798348866952067,0.33483691614909217,1.0,144.0,180.0
2018/19,2018-09-22,Wolfsburg,Freiburg,1,3,34,4,2,0.600647412257502,0.22614683896845578,0.17320574877404202,0.5221830238559628,0.5463887330045751,0.25555687671841665,0.19805439027700822,0.470828704254163,0.5242087516284772,0.2778756992873017,0.19791554908422102,1.0,144.0,180.0
2018/19,2018-09-23,Leverkusen,Mainz,1,0,35,4,0,0.5016965475343272,0.2522555290324323,0.2460479234332404,0.15442295568250938,0.555717398961916,0.2488172993767927,0.19546530166129145,0.11779685686935248,0.6135376442173623,0.22702329692352052,0.15943905885911722,1.0,144.0,180.0
2018/19,2018-09-23,Ein Frankfurt,RB Leipzig,1,1,36,4,1,0.34139182939608903,0.268165007414734,0.390443163189177,0.1344971224297893,0.4166166781786513,0.26627085247289817,0.31711246934845044,0.13706488737644296,0.318886181537176,0.2658833012271822,0.4152305172356419,1.0,144.0,180.0
2018/19,2018-09-25,Werder Bremen,Hertha,3,1,37,5,0,0.4519678500345088,0.292443116566924,0.255589033398567,0.18283249569470628,0.4189592845817911,0.30027455286706134,0.28076616255114767,0.20821897550370072,0.4798535048820319,0.2690891201410289,0.25105737497693936,1.0,144.0,180.0
2018/19,2018-09-25,Hannover,Hoffenheim,1,3,38,5,2,0.33440894588125974,0.2602800519625882,0.40531100215615223,0.23274217362096772,0.32334563808837846,0.2588795854879829,0.41777477642363864,0.22176930631966232,0.30404048081830326,0.26025865158046757,0.43570086760122917,1.0,144.0,180.0
2018/19,2018-09-25,Freiburg,Schalke 04,1,0,39,5,0,0.5446605725994238,0.2523582374104164,0.20298118999015993,0.12426767881765298,0.47137689064200206,0.27696080369813525,0.2516623056598628,0.171388153918678,0.30119938677969155,0.2921814410677248,0.40661917215258364,1.0,144.0,180.0
2018/19,2018-09-25,Bayern Munich,Augsburg,1,1,40,5,1,0.6555964539462612,0.203628998707512,0.14077454734622719,0.22481209180372363,0.7143300687582318,0.176269736097495,0.10940019514427314,0.26111792491487257,0.8674163733024765,0.0940470801644505,0.038536546533073125,1.0,144.0,180.0
2018/19,2018-09-26,Dortmund,Nurnberg,7,0,41,5,0,0.6039192902641074,0.24193521662016954,0.1541454931157231,0.09032038083638894,0.6446410453672708,0.21691116623068962,0.13844778840203945,0.07272388837554097,0.68100758838707,0.2006287915995102,0.11836362001341973,1.0,144.0,180.0
2018/19,2018-09-26,Fortuna Dusseldorf,Leverkusen,1,2,42,5,2,0.3689390486937078,0.2837061152135975,0.34735483609269446,0.28103086581130576,0.3415202942887951,0.2855927345217353,0.3728869711894695,0.2549534311575112,0.24203314212874444,0.26155194391332054,0.49641491395793497,1.0,144.0,180.0
2018/19,2018-09-26,Mainz,Wolfsburg,0,0,43,5,1,0.3468498994904654,0.27298479634330286,0.3801653041662316,0.13241525563417472,0.3841576802159591,0.2969426820423513,0.3188996377416899,0.12463705111034398,0.38437714024807856,0.28799939121832435,0.3276234685335972,1.0,144.0,180.0
2018/19,2018-09-26,M'gladbach,Ein Frankfurt,3,1,44,5,0,0.5569625763926521,0.22618427360025517,0.21685315000709293,0.12165372369231763,0.5118974671703889,0.23903685869262772,0.24906567413698338,0.15013889629399582,0.49665551839464883,0.25752508361204013,0.24581939799331104,1.0,144.0,180.0
2018/19,2018-09-26,RB Leipzig,Stuttgart,2,0,45,5,0,0.5532640092021393,0.2507655840334346,0.19597040676442623,0.11898872290078048,0.5099561676684874,0.25504403180276275,0.23499980052874953,0.14768393192735393,0.6148290736395441,0.22644054460384144,0.15873038175661436,1.0,144.0,180.0
2018/19,2018-09-28,Hertha,Bayern Munich,2,0,46,6,0,0.3022848404276018,0.2528817466852595,0.44483341288713885,0.34234160455897844,0.27487443989714483,0.24263653651780318,0.4824890235850522,0.3793013678972682,0.07772922070869827,0.14933140856400612,0.7729393707272957,1.0,144.0,180.0
2018/19,2018-09-29,Nurnberg,Fortuna Dusseldorf,3,0,47,6,0,0.3530795799323036,0.3153109433049309,0.33160947676276536,0.2642354374897199,0.3834294142985817,0.3121108601787726,0.30445972552264533,0.23642750580875743,0.44701107489043845,0.27296474601152826,0.2800241790980333,1.0,144.0,180.0
2018/19,2018-09-29,Leverkusen,Dortmund,2,4,48,6,2,0.36519451620872107,0.3082477424976649,0.3265577412936141,0.29344575524024036,0.36355094899498674,0.28898719808734985,0.34746185291766335,0.2789876629564023,0.3767077861785383,0.27483751160631387,0.3484547022151479,1.0,144.0,180.0
2018/19,2018-09-29,Hoffenheim,RB Leipzig,1,2,49,6,2,0.44420730149383686,0.2576587617817267,0.2981339367244366,0.34496804873918696,0.4377776382233716,0.2603483427207068,0.3018740190559217,0.3395145728987825,0.4295883526502355,0.25068523406581866,0.3197264132839458,1.0,144.0,180.0
2018/19,2018-09-29,Stuttgart,Werder Bremen,2,1,50,6,0,0.45164364558747144,0.2755769115977858,0.2727794428147424,0.18755165792346007,0.4437195459323123,0.29385343662406394,0.26242701744362423,0.18915794153105447,0.33549253856312633,0.28463069598212754,0.3798767654547462,1.0,144.0,180.0
2018/19,2018-09-29,Wolfsburg,M'gladbach,2,2,51,6,1,0.41173176257749566,0.27706580245591206,0.31120243496659217,0.13318499992215369,0.3849622480706149,0.2756500836539762,0.33938766827540845,0.13168996090850033,0.41519273197293066,0.27407385397089523,0.3107334140561742,1.0,144.0,180.0
2018/19,2018-09-29,Schalke 04,Mainz,1,0,52,6,0,0.4819617497795334,0.28977467760456804,0.2282635726158981,0.16023394363742816,0.5343904125936167,0.26677520583223824,0.19883438157414485,0.12816369959035756,0.6036289639608476,0.24235477106657474,0.15401626497257762,1.0,144.0,180.0
2018/19,2018-09-30,Augsburg,Freiburg,4,1,53,6,0,0.4519518840773239,0.27738107299808007,0.27066704292459626,0.18680869274597006,0.40215793345598155,0.2838104754122171,0.3140315911318016,0.22801548837919675,0.5076875381470466,0.2585570486053924,0.233755413247561,1.0,144.0,180.0
2018/19,2018-09-30,Ein Frankfurt,Hannover,4,1,54,6,0,0.4510287154619227,0.28270534934656544,0.2662659351915116,0.1861335097453985,0.44580625025547427,0.27670424532059307,0.27748950442393294,0.19206556866066887,0.4803264215323678,0.26641055620511106,0.2532630222625212,1.0,144.0,180.0
2018/19,2018-10-05,Werder Bremen,Wolfsburg,2,0,55,7,0,0.47706985531268237,0.2835751864372163,0.23935495825010145,0.1653733661308033,0.4718899121476813,0.29433421987646713,0.23377586797585168,0.1667757106696233,0.46861947986857494,0.2707579217018433,0.26062259842958174,1.0,144.0,180.0
2018/19,2018-10-06,Fortuna Dusseldorf,Schalke 04,0,2,56,7,2,0.352084507754851,0.279490216403343,0.36842527584180607,0.26142506639823726,0.3817595557177583,0.2934281302835081,0.3248123139987336,0.3008093848547825,0.250801337166912,0.2755980795421717,0.47360058329091637,1.0,144.0,180.0
2018/19,2018-10-06,Dortmund,Augsburg,4,3,57,7,0,0.5385087238878008,0.24508984526730435,0.2164014308448948,0.12990188859969193,0.569914999103608,0.2330839337332088,0.1970010671631833,0.11189126422974127,0.6224039418719346,0.22372123256226223,0.1538748255658032,1.0,144.0,180.0
2018/19,2018-10-06,Hannover,Stuttgart,3,1,58,7,0,0.43054365945217893,0.2608895582498329,0.30856678229798806,0.20974699146392498,0.33651247606698714,0.2728795181005764,0.39060800583243616,0.2963951543175765,0.3890215971683292,0.28220930892847,0.3287690939032007,1.0,144.0,180.0
2018/19,2018-10-06,Mainz,Hertha,0,0,59,7,1,0.46951382411405373,0.26779482551157185,0.26269135037437435,0.14472498829785746,0.3958635930588838,0.2839975123206514,0.3201388946204645,0.12959844807915133,0.3628923069882037,0.2821330363578809,0.3549746566539156,1.0,144.0,180.0
2018/19,2018-10-06,Bayern Munich,M'gladbach,0,3,60,7,2,0.6523050145140559,0.20078798805335402,0.14690699743259014,0.5766347514948308,0.6769608744922923,0.19145752825914214,0.13158159724856563,0.6062132739153607,0.8278809343993333,0.11517487434568607,0.05694419125498059,1.0,144.0,180.0
2018/19,2018-10-07,Freiburg,Leverkusen,0,0,61,7,1,0.5986352792478803,0.21442296755075974,0.18694175320135994,0.1966557083250929,0.4783391832820871,0.24346280768149794,0.27819800903641523,0.15310125324739968,0.2762955343524988,0.26794594402865957,0.4557585216188415,1.0,144.0,180.0
2018/19,2018-10-07,Hoffenheim,Ein Frankfurt,1,2,62,7,2,0.5247763981244626,0.24664628848044054,0.2285773133950966,0.4352416147186056,0.5742091711911345,0.2296759076567225,0.196114921152143,0.4879736961371174,0.5743950820258051,0.22627685049501411,0.1993280674791808,1.0,144.0,180.0
2018/19,2018-10-07,RB Leipzig,Nurnberg,6,0,63,7,0,0.6178855292189008,0.22911549523902214,0.15299897554207695,0.08471007764862229,0.5834179064501295,0.24215820578672698,0.17442388776314358,0.10198216664440139,0.7006569524282413,0.1838225464545576,0.11552050111720108,1.0,144.0,180.0
2018/19,2018-10-19,Ein Frankfurt,Fortuna Dusseldorf,7,1,64,8,0,0.49740914864182373,0.24785778125255997,0.25473307010561635,0.15874325043718462,0.4891917082082679,0.2558602929372529,0.25494799885447955,0.16296179654154538,0.5372896132874263,0.2701372777917338,0.19257310892083992,1.0,144.0,180.0
2018/19,2018-10-20,Schalke 04,Werder Bremen,0,2,65,8,2,0.41407041202239825,0.32821470805498837,0.2577148799226134,0.36122075280034943,0.43305415385672075,0.3158684873604655,0.25107735878281384,0.3742105113501434,0.4557585216188416,0.2762955343524989,0.2679459440286596,1.0,144.0,180.0
2018/19,2018-10-20,Wolfsburg,Bayern Munich,1,3,66,8,2,0.31677669410380443,0.26834324270649196,0.4148800631897035,0.22135640719011027,0.2792097244473443,0.2556171392845389,0.465173136268117,0.18199892219762215,0.09779874496490036,0.16796976821527948,0.7342314868198201,1.0,144.0,180.0
2018/19,2018-10-20,Stuttgart,Dortmund,0,4,67,8,2,0.32535284500836653,0.26597786161826353,0.4086692933733699,0.22776323917729385,0.4136768813325152,0.2701997176640879,0.3161234010033969,0.3194078824020783,0.22764925533284694,0.23825056869393538,0.5341001759732177,1.0,144.0,180.0
2018/19,2018-10-20,Nurnberg,Hoffenheim,1,3,68,8,2,0.3941671702919771,0.28191211970109564,0.32392071000692707,0.30622548224676094,0.361959534976,0.2716528595221671,0.3663876055018328,0.26623968571087153,0.22437740857598582,0.22232829982186722,0.5532942916021468,1.0,144.0,180.0
2018/19,2018-10-20,Augsburg,RB Leipzig,0,0,69,8,1,0.39386102068415124,0.25722357083838315,0.34891540847746555,0.13843423294367904,0.3987348895591777,0.2537683819587619,0.34749672848206054,0.13987174422875226,0.3274003168686612,0.2574282174851215,0.4151714656462172,1.0,144.0,180.0
2018/19,2018-10-20,Leverkusen,Hannover,2,2,70,8,1,0.5869740241762376,0.2220617646396672,0.1909642111840955,0.19050291750540502,0.6348899022698457,0.1990235815606359,0.16608651616951822,0.21533495942877093,0.6304811862503202,0.22218330133306477,0.14733551241661505,1.0,144.0,180.0
2018/19,2018-10-21,Hertha,Freiburg,1,1,71,8,1,0.4517178446808843,0.24850918554718066,0.2997729697719351,0.1469564223045145,0.4652397216778818,0.2528862353563345,0.28187404296578383,0.14795048736239472,0.5050344887353916,0.2769081145623028,0.21805739670230553,1.0,144.0,180.0
2018/19,2018-10-21,M'gladbach,Mainz,4,0,72,8,0,0.6416216398646017,0.20679542275636675,0.15158293737903164,0.0757062179588963,0.6317650686053627,0.21710605504409625,0.1511288763505412,0.07921845098309516,0.6129578842136604,0.21379105012308683,0.17325106566325285,1.0,144.0,180.0
2018/19,2018-10-26,Freiburg,M'gladbach,3,1,73,9,0,0.3701253585487844,0.2985471991432949,0.3313274423079206,0.2532599689848029,0.4376344230908585,0.2758833477488355,0.28648222916030613,0.19916355485850484,0.27552670781017236,0.268695467120664,0.45577782506916364,1.0,144.0,180.0
2018/19,2018-10-27,Hannover,Augsburg,1,2,74,9,2,0.4003161893775882,0.2630849025214981,0.3365989081009139,0.30017703010534647,0.4599306086813297,0.258650596404168,0.28141879491450233,0.36394755655205224,0.39040680938171446,0.2718710371738958,0.3377221534443896,1.0,144.0,180.0
2018/19,2018-10-27,Fortuna Dusseldorf,Wolfsburg,0,3,75,9,2,0.3406226489253067,0.28732119030759184,0.3720561607671014,0.2551686270957225,0.32879147714944834,0.2785160844199032,0.3926924384306487,0.2384631548927139,0.301578882950512,0.2767328954347028,0.42168822161478514,1.0,144.0,180.0
2018/19,2018-10-27,Dortmund,Hertha,2,2,76,9,1,0.613024681134627,0.21028219183015748,0.1766931270352154,0.20350986041084698,0.647937622604446,0.19862518214456584,0.15343719525098806,0.2216830678363957,0.6545257210349066,0.20787512170207334,0.13759915726302016,1.0,144.0,180.0
2018/19,2018-10-27,Hoffenheim,Stuttgart,4,0,77,9,0,0.5677071607607713,0.2400058285120934,0.19228701072713503,0.11192569667594553,0.5491517051912239,0.25288281514662386,0.19796547966215244,0.12122725803492353,0.638753710748766,0.20311833479877076,0.15812795445246325,1.0,144.0,180.0
2018/19,2018-10-27,Mainz,Bayern Munich,1,2,78,9,2,0.19867899438059472,0.23489315613244552,0.5664278494869597,0.11372907625429338,0.17976831028317264,0.21742424893210807,0.6028074407847194,0.09503928723902566,0.07477790771629633,0.1345376582343407,0.790684434049363,1.0,144.0,180.0
2018/19,2018-10-28,Nurnberg,Ein Frankfurt,1,1,79,9,1,0.32361563826618805,0.2769909444820539,0.3993934172517581,0.1321210915372346,0.38591435611145636,0.2967641599509941,0.3173214839375493,0.12481140721062423,0.2337221722600816,0.26129261617279903,0.5049852115671194,1.0,144.0,180.0
2018/19,2018-10-28,RB Leipzig,Schalke 04,0,0,80,9,1,0.5775315189587618,0.25380079142494316,0.16866768961629497,0.1809957224556567,0.5735366887821732,0.24045617586198254,0.1860071353558442,0.18177149389125338,0.5250861679065487,0.25563405542818823,0.21927977666526308,1.0,144.0,180.0
2018/19,2018-10-28,Werder Bremen,Leverkusen,2,6,81,9,2,0.5124710685363733,0.24693753834821347,0.24059139311541322,0.41966401414860044,0.4107367169755995,0.2787337136132319,0.31052956941116877,0.32203706266412113,0.38563327032136113,0.2608695652173913,0.3534971644612477,1.0,144.0,180.0
2018/19,2018-11-02,Stuttgart,Ein Frankfurt,0,3,82,10,2,0.5164017728113813,0.2504583192633546,0.23313990792526418,0.427372595889805,0.500924095987468,0.2724824302818092,0.22659347373072253,0.42454130240838606,0.32195740763609015,0.2732579678255891,0.40478462453832076,1.0,144.0,180.0
2018/19,2018-11-03,Hertha,RB Leipzig,0,3,83,10,2,0.36513297931734245,0.24543954299053986,0.3894274776921179,0.25306044879128414,0.3117944898408748,0.24335524360515548,0.4448502665539696,0.20270351522016491,0.2926239419588876,0.2684401451027812,0.43893591293833134,1.0,144.0,180.0
2018/19,2018-11-03,Wolfsburg,Dortmund,0,1,84,10,2,0.38036558464383063,0.28871057520816573,0.3309238401480037,0.2961704428318686,0.36948545521424137,0.27417580007600545,0.35633874470975324,0.2754096565883457,0.280916379642995,0.2677966586157122,0.4512869617412928,1.0,144.0,180.0
2018/19,2018-11-03,Schalke 04,Hannover,3,1,85,10,0,0.5278571907440626,0.29026171273682155,0.18188109651911605,0.12799978280154223,0.5033716062877052,0.27577144772754913,0.22085694598474573,0.1477087760154815,0.5715333555287361,0.2683996420991302,0.16006700237213364,1.0,144.0,180.0
2018/19,2018-11-03,Leverkusen,Hoffenheim,1,4,86,10,2,0.36927258380554107,0.2479118350113095,0.3828155811831497,0.258639423990357,0.41266927989736574,0.2473871092710629,0.3399436108315715,0.3029851857265372,0.44950396825396827,0.24756944444444443,0.3029265873015873,1.0,144.0,180.0
2018/19,2018-11-03,Bayern Munich,Freiburg,1,1,87,10,1,0.6987081537013339,0.1839028766991616,0.11738896959950453,0.2509866271161801,0.7416943959048705,0.16187493660073501,0.09643066749439456,0.27970472527505263,0.8655674964186221,0.0977253624988767,0.036707141082501206,1.0,144.0,180.0
2018/19,2018-11-03,Augsburg,Nurnberg,2,2,88,10,1,0.5870888968500748,0.2339838798165062,0.1789272233334189,0.18834416202722248,0.526540785668669,0.2545203977496123,0.2189388165817191,0.16258970218939134,0.5931980762235783,0.23612738956472537,0.1706745342116962,1.0,144.0,180.0
2018/19,2018-11-04,Mainz,Werder Bremen,2,1,89,10,0,0.4103342846273709,0.3044522184691964,0.2852134969034329,0.21452619735089937,0.4080021150131651,0.32446568691355815,0.2675321980732766,0.2110174864174024,0.34111321423454266,0.2717503600865716,0.3871364256788857,1.0,144.0,180.0
2018/19,2018-11-04,M'gladbach,Fortuna Dusseldorf,3,0,90,10,0,0.7470436645936326,0.15305314400706577,0.09990319139930165,0.036983777636992066,0.7244405445314912,0.16181905080662212,0.11374040466188674,0.0444349465753754,0.6809033441374337,0.19732300993370525,0.12177364592886093,1.0,144.0,180.0
2018/19,2018-11-09,Hannover,Wolfsburg,2,1,91,11,0,0.30239347402302813,0.3070842720165326,0.3905222539604396,0.3195812479620007,0.41770509054504906,0.28605466939337587,0.2962402400615752,0.21341282070444462,0.32501695937288005,0.27700309037461374,0.39797995025250615,1.0,144.0,180.0
2018/19,2018-11-10,Fortuna Dusseldorf,Hertha,4,1,92,11,0,0.3684256379881196,0.248844486943661,0.3827298750682193,0.27268416601022427,0.4104037557898972,0.24881487151855067,0.3407813726915522,0.2318778375800989,0.29849396391735794,0.2638041248675028,0.43770191121513924,1.0,144.0,180.0
2018/19,2018-11-10,Dortmund,Bayern Munich,3,2,93,11,0,0.353024831218306,0.27486915631360664,0.37210601246808744,0.2785198767675009,0.3055752306314092,0.275138685530378,0.419286083838213,0.32901329020650266,0.25350814362679464,0.22599109339478685,0.5205007629784186,1.0,144.0,180.0
2018/19,2018-11-10,Freiburg,Mainz,1,3,94,11,2,0.48437143835272534,0.2817123621120599,0.2339161995352149,0.4107500398132284,0.53753353139865,0.2634990205574243,0.19896744804392538,0.4652977233355822,0.4221254516816455,0.2867969980542944,0.29107755026406,1.0,144.0,180.0
2018/19,2018-11-10,Werder Bremen,M'gladbach,1,3,95,11,2,0.36147439781896973,0.2773766759508052,0.36114892623022504,0.2693972173676906,0.3358409939369321,0.26899097608639155,0.39516802997667616,0.23930544258542058,0.4015156299336912,0.26087780233659613,0.3376065677297127,1.0,144.0,180.0
2018/19,2018-11-10,Nurnberg,Stuttgart,0,2,96,11,2,0.48233714084482665,0.2619020070007053,0.25576085215446775,0.39327051331210283,0.4186851631325836,0.27314311572494815,0.30817172114246816,0.3269618166271664,0.3921022497515182,0.2813644385825016,0.3265333116659801,1.0,144.0,180.0
2018/19,2018-11-10,Hoffenheim,Augsburg,2,1,97,11,0,0.6134483065444662,0.20739795071311326,0.1791537427424206,0.09075913762597916,0.5974193840098285,0.21447775151248114,0.18810286447769028,0.09872691999786912,0.6212159900133345,0.200641189321077,0.17814282066558856,1.0,144.0,180.0
2018/19,2018-11-11,Ein Frankfurt,Schalke 04,3,0,98,11,0,0.5232309216557967,0.26255636088516016,0.21421271745904313,0.13659792119318448,0.5037562845078051,0.2666417764204173,0.22960193907177798,0.14948743779550938,0.38869946419873364,0.2903677545056016,0.32093278129566494,1.0,144.0,180.0
2018/19,2018-11-11,RB Leipzig,Leverkusen,3,0,99,11,0,0.5379497459488923,0.24346638532801534,0.21858386872309235,0.1306346724673236,0.5158516125508773,0.23263744765050867,0.25151093979861405,0.14882870695398392,0.5121888442395365,0.24512816223050862,0.24268299352995493,1.0,144.0,180.0
2018/19,2018-11-23,Leverkusen,Stuttgart,2,0,100,12,0,0.5351650638365901,0.2306783608819663,0.23415657528144387,0.13545040981278786,0.5352687355715053,0.23706907580776052,0.22766218862073376,0.1339026101324451,0.6329284750337383,0.20647773279352227,0.16059379217273956,1.0,144.0,180.0
2018/19,2018-11-24,Augsburg,Ein Frankfurt,1,3,101,12,2,0.49588353544103264,0.23725914217718488,0.26685732238178234,0.3916993332333537,0.3787438264700867,0.2529095247264162,0.36834664880349716,0.27121642108348787,0.34006020906766715,0.27569853108028386,0.3842412598520491,1.0,144.0,180.0
2018/19,2018-11-24,Bayern Munich,Fortuna Dusseldorf,3,3,102,12,1,0.7398512890334891,0.15965523411795207,0.10049347684855889,0.2787394343868136,0.7764949436721411,0.13887444277727465,0.08463061355058403,0.30505336914917497,0.8868760284784495,0.07257469001813138,0.04054928150341905,1.0,144.0,180.0
2018/19,2018-11-24,Hertha,Hoffenheim,3,3,103,12,1,0.3389450934549264,0.20461824425952918,0.45643666228554475,0.16160910152776847,0.2937651358039679,0.1967096278217568,0.5095252363742755,0.17295696075809242,0.2806665355946702,0.2465602224084824,0.4727732419968474,1.0,144.0,180.0
2018/19,2018-11-24,Mainz,Dortmund,1,2,104,12,2,0.28322659534901934,0.2798933745996598,0.4368800300513212,0.1986607024339992,0.27413399185600656,0.2901304761898641,0.4357355319541294,0.1967719176949992,0.1844293584796649,0.22292264201555825,0.5926479995047769,1.0,144.0,180.0
2018/19,2018-11-24,Schalke 04,Nurnberg,5,2,105,12,0,0.6610178463787892,0.20090215377175752,0.13807999984945338,0.06698749341604958,0.6805918859109918,0.1946431172981306,0.12476499679087752,0.05879392388506226,0.6375170057265795,0.2422564621761002,0.12022653209732019,1.0,144.0,180.0
2018/19,2018-11-24,Wolfsburg,RB Leipzig,1,0,106,12,0,0.27201017186143,0.2662978374057967,0.46169199073277345,0.3715643420900079,0.3020266812817632,0.2721459534132308,0.42582736530500587,0.33424784934257623,0.30480484964314514,0.2819004389763192,0.4132947113805358,1.0,144.0,180.0
2018/19,2018-11-25,Freiburg,Werder Bremen,1,1,107,12,1,0.536284389394482,0.23778128288854322,0.22593432771697466,0.16932363337456685,0.5015412266752606,0.25532671679512586,0.24313205652961362,0.15532839948362215,0.3576962068899558,0.28720901317928804,0.35509477993075617,1.0,144.0,180.0
2018/19,2018-11-25,M'gladbach,Hannover,4,1,108,12,0,0.6469030428127197,0.19109434200900766,0.1620026151782728,0.07546115424975777,0.6787639059995619,0.17251121546671896,0.14872487853371924,0.06265585879176389,0.6832469363561754,0.18875693572485777,0.1279961279189669,1.0,144.0,180.0
2018/19,2018-11-30,Fortuna Dusseldorf,Mainz,0,1,109,13,2,0.42935540755392093,0.27236032486196426,0.2982842675841144,0.3383755175578778,0.4955929530367832,0.2560773966824858,0.2483296502807312,0.40531034487340367,0.37112623400677874,0.2765048145716227,0.3523689514215986,1.0,144.0,180.0
2018/19,2018-12-01,Dortmund,Freiburg,2,0,110,13,0,0.7090959845661277,0.160405153623091,0.1304988618107813,0.05082754956473003,0.6625627238785525,0.18743618613310362,0.15000108998834402,0.06818212115697661,0.7340634363054035,0.16706271309019527,0.09887385060440126,1.0,144.0,180.0
2018/19,2018-12-01,Werder Bremen,Bayern Munich,1,2,111,13,2,0.24268464689789795,0.25516140507269763,0.5021539480294043,0.1533732646513332,0.2511813676193065,0.26315140629917333,0.48566722608151996,0.16381514088289162,0.12373449594991417,0.16908221697867853,0.7071832870714073,1.0,144.0,180.0
2018/19,2018-12-01,Hannover,Hertha,0,2,112,13,2,0.45027457309141306,0.22704061669126135,0.32268481021732526,0.3307515287414972,0.40724526877766376,0.22571207516456904,0.3670426560577669,0.2832418540960988,0.36802931627015023,0.274726109328422,0.3572445744014278,1.0,144.0,180.0
2018/19,2018-12-01,Stuttgart,Augsburg,1,0,113,13,0,0.3762426221056469,0.22966821266263024,0.394089165231723,0.2721897683153375,0.42397657459668614,0.2370309502968795,0.3389924751064344,0.2233594423960768,0.3533300610485628,0.28682087308648035,0.3598490658649569,1.0,144.0,180.0
2018/19,2018-12-01,Hoffenheim,Schalke 04,1,1,114,13,1,0.5527115960938747,0.2464365729988824,0.20085183090724287,0.17291578321771506,0.5375188634252525,0.25318227162230694,0.20929886495244102,0.16636627170417756,0.516831253806443,0.25237474211847083,0.23079400407508618,1.0,144.0,180.0
2018/19,2018-12-02,Ein Frankfurt,Wolfsburg,1,2,115,13,2,0.5130631968852294,0.27109773289560307,0.21583907021916726,0.4390711038964157,0.5318096088119785,0.26631517514612557,0.20187521604189598,0.45991231539645994,0.48016339835851485,0.269262900184471,0.25057370145701413,1.0,144.0,180.0
2018/19,2018-12-02,RB Leipzig,M'gladbach,2,0,116,13,0,0.43398933449372706,0.26914195187524065,0.29686871363103245,0.20424955329989888,0.4842726214600556,0.2576602036458791,0.25806717489406533,0.16628669786674355,0.5551904145642785,0.22647627633740966,0.2183333090983118,1.0,144.0,180.0
2018/19,2018-12-03,Nurnberg,Leverkusen,1,1,117,13,1,0.39041644247717533,0.25950888647151427,0.3500746710513108,0.13748863693410837,0.3577191826407515,0.2764746514946912,0.3658061658645579,0.13088858230684763,0.19460917643911357,0.23966647344718423,0.5657243501137023,1.0,144.0,180.0
2018/19,2018-12-07,Werder Bremen,Fortuna Dusseldorf,3,1,118,14,0,0.49705719596233955,0.2631065556698854,0.23983624836777512,0.1552364450821968,0.49015744625736757,0.2517619711833856,0.2580805825592471,0.16327250835046464,0.5231274376643281,0.26016498236782093,0.21670757996785087,1.0,144.0,180.0
2018/19,2018-12-08,Wolfsburg,Hoffenheim,2,2,119,14,1,0.455289943857926,0.2595084546087194,0.2852016015333546,0.1443144432476719,0.39845312389918186,0.2670843205429458,0.3344625555578723,0.13531504650765983,0.3154719389142487,0.25319695876494236,0.43133110232080896,1.0,144.0,180.0
2018/19,2018-12-08,Schalke 04,Dortmund,1,2,120,14,2,0.2894714282528708,0.2713188474283037,0.43920972431882505,0.1991397205366623,0.27540336747590194,0.2552129462048221,0.46938368631927607,0.1787003435805936,0.29925077449264326,0.27098820134611584,0.4297610241612409,1.0,144.0,180.0
2018/19,2018-12-08,Leverkusen,Augsburg,1,0,121,14,0,0.5525744003612885,0.2357502704923806,0.2116753291463312,0.12249805609063405,0.5513241497629908,0.2364587686814989,0.21221708155551042,0.12317305414492058,0.5521824062510007,0.2423543728183943,0.20546322093060487,1.0,144.0,180.0
2018/19,2018-12-08,Hertha,Ein Frankfurt,1,0,122,14,0,0.4656057278114478,0.21584598869219712,0.3185482834963552,0.1935251235332033,0.4046221015476396,0.219595388874655,0.3757825095777058,0.24784366823503368,0.3669294308452457,0.26887941764417456,0.3641911515105797,1.0,144.0,180.0
2018/19,2018-12-08,Bayern Munich,Nurnberg,3,0,123,14,0,0.7619092738618962,0.1475486470944387,0.09054207904366506,0.03244253097525941,0.7759829709431227,0.13715983162662987,0.08685719743024743,0.02886390102645339,0.8930422271819407,0.0773166026710338,0.02964117014702544,1.0,144.0,180.0
2018/19,2018-12-08,Freiburg,RB Leipzig,3,0,124,14,0,0.3659411858094919,0.2782929807659236,0.3557658334245845,0.26429995404248124,0.35988505170341395,0.2817756405829634,0.3583393077136227,0.26907710324270967,0.21357252004270194,0.24354761057501098,0.542879869382287,1.0,144.0,180.0
2018/19,2018-12-09,Mainz,Hannover,1,1,125,14,1,0.4390173117642662,0.2874521962556293,0.2735304919801046,0.13377756503580046,0.4348045549287522,0.27864353320168594,0.28655191186956197,0.13558349959144572,0.5075356533310191,0.2684486100263242,0.22401573664265675,1.0,144.0,180.0
2018/19,2018-12-09,M'gladbach,Stuttgart,3,0,126,14,0,0.6079871927508149,0.2409388598066343,0.15107394744255084,0.08824868932163067,0.6311807619337996,0.2221046792867143,0.14671455877948616,0.07877639606279596,0.6063684937499693,0.22099990660591134,0.17263159964411937,1.0,144.0,180.0
2018/19,2018-12-14,Nurnberg,Wolfsburg,0,2,127,15,2,0.28034729694764576,0.33478377895155675,0.3848689241007974,0.22849042372138098,0.2944293025701607,0.3269577025279309,0.3786129949019085,0.2364052121583635,0.26199563123700714,0.2760973790939566,0.46190698966903637,1.0,144.0,180.0
2018/19,2018-12-15,Hoffenheim,M'gladbach,0,0,128,15,1,0.4407655233905315,0.24517051110201046,0.31406396550745813,0.1464552105199995,0.4771585754090305,0.24201387963241014,0.28082754495855916,0.15327220804691355,0.5430551367296548,0.2127064977562543,0.24423836551409098,1.0,144.0,180.0
2018/19,2018-12-15,Augsburg,Schalke 04,1,1,129,15,1,0.46427389393338453,0.23993260009420378,0.29579350597241183,0.15152202338175938,0.39081745203367363,0.27433066411398727,0.3348518838523391,0.1324320324667766,0.36262512201190455,0.2852226836877261,0.3521521943003694,1.0,144.0,180.0
2018/19,2018-12-15,Dortmund,Werder Bremen,2,1,130,15,0,0.6922096976200768,0.17178034818656893,0.1360099541933542,0.05661678893940145,0.6612150502306129,0.18904672554064958,0.1497382242287378,0.06859838899271091,0.7025918171014658,0.18156867183521022,0.1158395110633241,1.0,144.0,180.0
2018/19,2018-12-15,Fortuna Dusseldorf,Freiburg,2,0,131,15,0,0.4152133294755085,0.26619659225360537,0.31859007827088626,0.22173754399788478,0.38728036496008184,0.2697982890129139,0.34292134602700414,0.24651020036221147,0.3694050275801087,0.2859909890942776,0.34460398332561376,1.0,144.0,180.0
2018/19,2018-12-15,Hannover,Bayern Munich,0,4,132,15,2,0.14495790508735978,0.1851329690568845,0.6699091258557556,0.06498638972031368,0.15477324616941038,0.18512821473871535,0.6600985390918744,0.06974388042864751,0.07865821754549153,0.13348061159234928,0.7878611708621591,1.0,144.0,180.0
2018/19,2018-12-15,Stuttgart,Hertha,2,1,133,15,0,0.3611280591707119,0.2715878056432483,0.36728413518603953,0.2715274963691693,0.3453397695470497,0.26790720076275015,0.3867530296902005,0.2890789616556294,0.3779527559055118,0.2834645669291339,0.33858267716535434,1.0,144.0,180.0
2018/19,2018-12-16,Ein Frankfurt,Leverkusen,2,1,134,15,0,0.5939457118324688,0.21633804078011087,0.18971624738742018,0.10043616973100267,0.5872450505286697,0.2186765841745835,0.194078365296747,0.10401653009466896,0.3888973041271202,0.25223055125557403,0.3588721446173057,1.0,144.0,180.0
2018/19,2018-12-16,RB Leipzig,Mainz,4,1,135,15,0,0.7122412634264751,0.16985358505048348,0.11790515152304165,0.048353357615031324,0.7011365849487284,0.17789414586670635,0.12096926918456506,0.0519764524715782,0.6480231436837031,0.21697203471552556,0.13500482160077149,1.0,144.0,180.0
2018/19,2018-12-18,Fortuna Dusseldorf,Dortmund,2,1,136,16,0,0.2169505670008905,0.2141241791876525,0.568925253811457,0.46842117947232886,0.1846163253256822,0.19345643031579932,0.6219272443585186,0.525822017100387,0.16044098104269688,0.21228653823553345,0.6272724807217698,1.0,144.0,180.0
2018/19,2018-12-18,Hertha,Augsburg,2,2,137,16,1,0.4072527686806084,0.23542030015110763,0.3573269311682843,0.14676867666808233,0.4472075763709559,0.24903371183344192,0.3037587117956022,0.146131985677654,0.42743142880322155,0.2816600166680188,0.2909085545287597,1.0,144.0,180.0
2018/19,2018-12-18,M'gladbach,Nurnberg,2,0,138,16,0,0.5996152814253761,0.24332432952609437,0.15706038904852956,0.09248794433807811,0.6535972137194941,0.2174596767152845,0.12894310956522131,0.06831060792362327,0.6997563619242037,0.188606206924883,0.1116374311509134,1.0,144.0,180.0
2018/19,2018-12-18,Wolfsburg,Stuttgart,2,0,139,16,0,0.45869443065434756,0.29193752814839175,0.24936804119726094,0.17759806968758984,0.40732184969210633,0.3148630922621504,0.2778150580457433,0.21422429816467298,0.5954386995063197,0.24571267853045592,0.15884862196322438,1.0,144.0,180.0
2018/19,2018-12-19,Freiburg,Hannover,1,1,140,16,1,0.5378528342580493,0.2454575720830694,0.2166895936588813,0.16812002565973388,0.5418127887491946,0.23305940325752092,0.22512780799328472,0.17212181399202026,0.5381082927328373,0.24783104576245177,0.2140606615047111,1.0,144.0,180.0
2018/19,2018-12-19,Bayern Munich,RB Leipzig,1,0,141,16,0,0.5905439784884083,0.21671814709514667,0.19273787441644502,0.10240106089333517,0.5833901691823744,0.21586356070877832,0.2007462701088473,0.10693140804825244,0.7423879326075056,0.16525758773797214,0.09235447965452223,1.0,144.0,180.0
2018/19,2018-12-19,Mainz,Ein Frankfurt,2,2,142,16,1,0.23330215170045876,0.24039754999663626,0.5263002983029053,0.16571094899089533,0.26140329822376407,0.23982479721405944,0.49877190456217646,0.15855254855142148,0.29169285905244985,0.26546434584064915,0.44284279510690105,1.0,144.0,180.0
2018/19,2018-12-19,Werder Bremen,Hoffenheim,1,1,143,16,1,0.25449551027447886,0.21780735704240273,0.5276971326831186,0.171616114295926,0.24491596517509248,0.2155485074299923,0.5395355273949148,0.1755412076594782,0.30294283742235045,0.2390872393382276,0.45796992323942187,1.0,144.0,180.0
2018/19,2018-12-19,Schalke 04,Leverkusen,1,2,144,16,2,0.38858732431607595,0.2724518083900471,0.338960867293877,0.2939864217939953,0.45603196933591245,0.2669458821741278,0.27702214848995993,0.3653310654152322,0.38374679082471513,0.28584071809230976,0.3304124910829751,1.0,144.0,180.0
2018/19,2018-12-21,Dortmund,M'gladbach,2,1,145,17,0,0.5797085532674614,0.24686194404763503,0.17342950268490356,0.10336134629903165,0.6013414481061199,0.23274578743414617,0.16591276445973416,0.09322784320439832,0.6477810204287008,0.1974942135453356,0.15472476602596358,1.0,144.0,180.0
2018/19,2018-12-22,RB Leipzig,Werder Bremen,3,2,146,17,0,0.7755520552568369,0.13280022003352354,0.09164772470963957,0.029388092671941937,0.7625128955197328,0.13640169745473682,0.10108540702553023,0.033309192153969255,0.6466492781006757,0.21318108069253044,0.14016964120679387,1.0,144.0,180.0
2018/19,2018-12-22,Ein Frankfurt,Bayern Munich,0,3,147,17,2,0.37490832488357917,0.24399120740002023,0.38110046771640066,0.2617964415639347,0.3099780934026978,0.2417444463004351,0.4482774602968674,0.20024208960302337,0.1460647492478584,0.18244313962657033,0.6714921111255713,1.0,144.0,180.0
2018/19,2018-12-22,Hannover,Fortuna Dusseldorf,0,1,148,17,2,0.4430473665916622,0.24917299818329322,0.30777963522504453,0.33773000122648955,0.4555659262158728,0.23463595400647164,0.30979811977765553,0.34195947429569273,0.3856399654945715,0.2836247420643215,0.33073529244110705,1.0,144.0,180.0
2018/19,2018-12-22,Leverkusen,Hertha,3,1,149,17,0,0.600891003575974,0.21504794973094354,0.18406104669308251,0.09658322996817313,0.5623426375598409,0.24164546023813183,0.19601190220202747,0.11498231635146693,0.5750431468722231,0.24055022728070719,0.18440662584706966,1.0,144.0,180.0
2018/19,2018-12-22,Nurnberg,Freiburg,0,1,150,17,2,0.4314444491170712,0.2662497702145289,0.30230578066839997,0.3364607681813319,0.45669484142250477,0.2565502097019709,0.28675494887552405,0.35864434056774136,0.3316337483898669,0.2919171318162302,0.376449119793903,1.0,144.0,180.0
2018/19,2018-12-22,Stuttgart,Schalke 04,1,3,151,17,2,0.29560218753168693,0.29128822921426634,0.4131095832540468,0.21591050727087863,0.28631730376883235,0.28961829333357975,0.42406440289758773,0.20683970522358286,0.27641839599901374,0.29748687130381657,0.42609473269716963,1.0,144.0,180.0
2018/19,2018-12-23,Augsburg,Wolfsburg,2,3,152,17,2,0.37007720199026134,0.28727420189664965,0.34264859611308895,0.28453400181251676,0.39089705719264123,0.30770759886129345,0.3013953439460651,0.3204244873910517,0.36142519821082336,0.29129792094603674,0.3472768808431399,1.0,144.0,180.0
2018/19,2018-12-23,Hoffenheim,Mainz,1,1,153,17,1,0.6774483214809786,0.1802692728940821,0.14228240562493927,0.2395902556139075,0.7032369694072582,0.16697006737707243,0.1297929632156693,0.25569422422070454,0.5849472390558123,0.22687206000762808,0.18818070093655972,1.0,144.0,180.0
2018/19,2019-01-18,Hoffenheim,Bayern Munich,1,3,154,18,2,0.34056786147154394,0.2390167355673517,0.4204154029611044,0.22595238669601989,0.38863536266833537,0.23105787848167353,0.3803067588499909,0.2675285791216758,0.15513340430725553,0.18974242209791525,0.6551241735948291,1.0,144.0,180.0
2018/19,2019-01-19,Augsburg,Fortuna Dusseldorf,1,2,155,18,2,0.5647901845382342,0.21162044518153472,0.22358937028023146,0.46090070924629023,0.4878526857366303,0.25126994145354814,0.2608773728098218,0.3921512505024775,0.4558164278621081,0.2717122996169669,0.2724712725209249,1.0,144.0,180.0
2018/19,2019-01-19,Ein Frankfurt,Freiburg,3,1,156,18,0,0.7586982828445373,0.14777113995842459,0.09353057719703807,0.033487243786493,0.7319756302784,0.1643160827342764,0.10370828698732362,0.04129623577725301,0.621086432967621,0.22584961198822584,0.15306395504415307,1.0,144.0,180.0
2018/19,2019-01-19,Hannover,Werder Bremen,0,1,157,18,2,0.4530559282706929,0.24672976703541027,0.300214304693897,0.3474798467481328,0.4296259700052363,0.2623430256143773,0.3080310043803864,0.33169978250087845,0.2744684332751892,0.25708784647148325,0.46844372025332764,1.0,144.0,180.0
2018/19,2019-01-19,Leverkusen,M'gladbach,0,1,158,18,2,0.43594763149204363,0.2861195172622506,0.27793285124570577,0.35571565235683933,0.45559495249298343,0.2711596860199244,0.27324536148709183,0.36786953266855554,0.5099228954392443,0.24288098012193432,0.24719612443882144,1.0,144.0,180.0
2018/19,2019-01-19,RB Leipzig,Dortmund,0,1,159,18,2,0.3091575558176728,0.27245361780051386,0.41838882638181335,0.2169249757983409,0.40564234657071346,0.24349758234863603,0.35086007108065054,0.29296418032440646,0.4115796262399951,0.27477287723627847,0.31364749652372625,1.0,144.0,180.0
2018/19,2019-01-19,Stuttgart,Mainz,2,3,160,18,2,0.48022708867767194,0.26220076894729544,0.25757214237503256,0.39090859023871577,0.42327717370736345,0.28191584155170857,0.29480698474092765,0.33823037727593763,0.3965726429384236,0.2771501993262847,0.32627715773529165,1.0,144.0,180.0
2018/19,2019-01-20,Schalke 04,Wolfsburg,2,1,161,18,0,0.47631960346480035,0.2506360756663309,0.273044320868869,0.1743971794370029,0.5106448304625215,0.26212836031093356,0.22722680922654503,0.14555025239216549,0.4376123917692138,0.2993483538789407,0.26303925435184544,1.0,144.0,180.0
2018/19,2019-01-20,Nurnberg,Hertha,1,3,162,18,2,0.3894242853083194,0.31505557219882313,0.2955201424928577,0.32397157181058955,0.3292657707819455,0.30513669262992293,0.3655975365881321,0.2554412166958379,0.31572140238744245,0.28114672431619514,0.4031318732963624,1.0,144.0,180.0
2018/19,2019-01-25,Hertha,Schalke 04,2,2,163,19,1,0.3859012534989896,0.24917525070394397,0.36492349579706634,0.1410444676184215,0.42264971622286823,0.263778088694436,0.313572195082696,0.13848015207612563,0.3680096165330395,0.299148921414894,0.3328414620520664,1.0,144.0,180.0
2018/19,2019-01-26,Wolfsburg,Leverkusen,0,3,164,19,2,0.5212498153186778,0.2662794178810315,0.21247076680029078,0.44595183155693885,0.4926326257066423,0.26926623161894103,0.23810114267441695,0.4115883863523252,0.3273112598595596,0.267963613841068,0.4047251262993724,1.0,144.0,180.0
2018/19,2019-01-26,Werder Bremen,Ein Frankfurt,2,2,165,19,1,0.31420765112374854,0.2314827997620532,0.4543095491141985,0.1525618072205247,0.34577702104887875,0.23477266458754706,0.4194503143635741,0.14775015725256896,0.34729742850527673,0.26234026185479237,0.39036230963993107,1.0,144.0,180.0
2018/19,2019-01-26,M'gladbach,Augsburg,2,0,166,19,0,0.507164344225471,0.25911390755616054,0.23372174821836805,0.14875641959648025,0.4813733976507079,0.27219798713423343,0.24642861521505888,0.16485030753059104,0.5473577692170855,0.25175628661664395,0.20088594416627056,1.0,144.0,180.0
2018/19,2019-01-26,Dortmund,Hannover,5,1,167,19,0,0.8003111007796241,0.12454000275873808,0.07514889646163758,0.022761506555623704,0.7684715580585265,0.14700720476537482,0.0845212371760987,0.030374629480812286,0.8245619867089715,0.11925062106915904,0.05618739222186934,1.0,144.0,180.0
2018/19,2019-01-26,Freiburg,Hoffenheim,2,4,168,19,2,0.3335560062497688,0.2564476563103264,0.4099963374399048,0.22968196556981121,0.3203376606382826,0.25366236804967945,0.4259999713120383,0.21604612487849442,0.25389209988247224,0.23431487772285994,0.5117930223946677,1.0,144.0,180.0
2018/19,2019-01-26,Mainz,Nurnberg,2,1,169,19,0,0.4785462263107841,0.28904604595051203,0.23240772773870416,0.16296369500369579,0.5227304778539532,0.25818063174771533,0.21908889039833165,0.13789306933274398,0.5051707081213995,0.2842505733744317,0.21057871850416868,1.0,144.0,180.0
2018/19,2019-01-27,Fortuna Dusseldorf,RB Leipzig,0,4,170,19,2,0.29947691519324504,0.23998439159390966,0.46053869321284546,0.19035246212708337,0.32227754456188434,0.25428991176352006,0.42343254367459554,0.21814642371119225,0.2777234058571106,0.2730557855906045,0.44922080855228486,1.0,144.0,180.0
2018/19,2019-01-27,Bayern Munich,Stuttgart,4,1,171,19,0,0.8021380608210531,0.12058080956667791,0.07728112961226924,0.0225608599849008,0.8209210037513799,0.10691576086095542,0.0721632353876648,0.018638409719514398,0.8816224317858107,0.08499427475586256,0.03338329345832673,1.0,144.0,180.0
2018/19,2019-02-01,Hannover,RB Leipzig,0,3,172,20,2,0.21966523390300116,0.21340977854691365,0.5669249875500854,0.11790339069707703,0.24624601767756998,0.22657604265825965,0.5271779396641706,0.1420989009811405,0.1858490797512561,0.24239169254340887,0.571759227705335,1.0,144.0,180.0
2018/19,2019-02-02,Nurnberg,Werder Bremen,1,1,173,20,1,0.3089255519614039,0.28242892756273263,0.4086455204758634,0.1312130790298237,0.32883882686418225,0.26165229143682356,0.4095088816989947,0.13791624912188624,0.23666617097548862,0.24317449067731456,0.5201593383471969,1.0,144.0,180.0
2018/19,2019-02-02,Schalke 04,M'gladbach,0,2,174,20,2,0.5265814524823671,0.24271790247141994,0.23070064504621296,0.4345547618153761,0.46932952622754853,0.2677417513461578,0.26292872242629384,0.38177213620655537,0.4222414616007903,0.2794778728647065,0.2982806655345032,1.0,144.0,180.0
2018/19,2019-02-02,Leverkusen,Bayern Munich,3,1,175,20,0,0.3153897603291955,0.25215334049834387,0.4324568991724606,0.32785507495198807,0.2693403395659401,0.23874850654873372,0.49191115388532625,0.38792006135120427,0.17596517708834397,0.20535470983671428,0.6186801130749418,1.0,144.0,180.0
2018/19,2019-02-02,Ein Frankfurt,Dortmund,1,1,176,20,1,0.3602379059626793,0.26268989100594536,0.3770722030313752,0.13597739759565547,0.37690534931372327,0.2582309151352616,0.3648637355510154,0.13759159393077042,0.29442954721548775,0.25646363191664856,0.4491068208678638,1.0,144.0,180.0
2018/19,2019-02-02,Hertha,Wolfsburg,0,1,177,20,2,0.4819372344044333,0.24747490782596293,0.2705878577696041,0.3821527855692648,0.41732179567475974,0.2879339738341918,0.2947442304910485,0.33577159078543467,0.40784868092081766,0.28753933551644667,0.3046119835627357,1.0,144.0,180.0
2018/19,2019-02-02,Hoffenheim,Fortuna Dusseldorf,1,1,178,20,1,0.6915937663372066,0.17442882078759142,0.13397741287520196,0.24812594239860752,0.7080657100119085,0.16735625245490257,0.12457803753318895,0.2584383685651444,0.6668900974067096,0.18703880875043113,0.14607109384285932,1.0,144.0,180.0
2018/19,2019-02-03,Stuttgart,Freiburg,2,2,179,20,1,0.32581723571326987,0.2802216954286343,0.39396106885809573,0.1306810974318249,0.4748554091996674,0.27508965296470794,0.2500549378356248,0.14400756579108084,0.42027134402174326,0.284265165635698,0.29546349034255887,1.0,144.0,180.0
2018/19,2019-02-03,Augsburg,Mainz,3,0,180,20,0,0.3905953024534141,0.27914885654322685,0.3302558410033592,0.2402215029543409,0.4475228198692987,0.2609053699935854,0.2915718101371155,0.1951225775159029,0.4242898729710657,0.268833803810868,0.30687632321806635,1.0,144.0,180.0
2018/19,2019-02-08,Mainz,Leverkusen,1,5,181,21,2,0.46496649600467177,0.2496491486212469,0.28538435537408124,0.36343468097548987,0.32766430617505754,0.23333472284370008,0.43900097098124247,0.21104190405058537,0.22663152446171145,0.22716103736933227,0.5462074381689562,1.0,144.0,180.0
2018/19,2019-02-09,Bayern Munich,Schalke 04,3,1,182,21,0,0.8179039295894917,0.1066676965661312,0.07542837384437731,0.019424209219877968,0.8080983994528131,0.11267098229588501,0.0792306182513019,0.021551857580527797,0.7755826526431069,0.14938032600984338,0.07503702134704981,1.0,144.0,180.0
2018/19,2019-02-09,Dortmund,Hoffenheim,3,3,183,21,1,0.5759969499033315,0.2279104273281315,0.1960926227685369,0.18511240150109237,0.5474259444357902,0.23001871274413033,0.2225553428200797,0.17460302262959,0.549877844776137,0.2274027535639632,0.22271940165989987,1.0,144.0,180.0
2018/19,2019-02-09,Freiburg,Wolfsburg,3,3,184,21,1,0.35203265687244323,0.26047089365255804,0.3874964494749986,0.13704024493020078,0.37253456745905267,0.26520880109367445,0.36225663144727305,0.13500593548971435,0.3354098775952006,0.29487696187372614,0.36971316053107334,1.0,144.0,180.0
2018/19,2019-02-09,Hannover,Nurnberg,2,0,185,21,0,0.37901531131253846,0.3064800142797889,0.31450467440767266,0.24226758690426986,0.41027730911295685,0.2940189007766185,0.2957037901104244,0.2176067918163626,0.44532826783806245,0.286002611895999,0.2686691202659385,1.0,144.0,180.0
2018/19,2019-02-09,M'gladbach,Hertha,0,3,186,21,2,0.6046007241650323,0.20618735466640298,0.18921192116856478,0.5114596722180256,0.49472083270543754,0.25446930771467025,0.2508098595798924,0.4030172844077312,0.6103985604349323,0.22676021287185572,0.16284122669321183,1.0,144.0,180.0
2018/19,2019-02-09,RB Leipzig,Ein Frankfurt,0,0,187,21,1,0.5364017374962667,0.25021146795123544,0.213386794552498,0.1666303740392019,0.4791142151154405,0.2673491035741058,0.25353668131045365,0.14691563994780157,0.556412659505443,0.22911109509047653,0.21447624540408045,1.0,144.0,180.0
2018/19,2019-02-10,Fortuna Dusseldorf,Stuttgart,3,0,188,21,0,0.5560371187717094,0.24637461810793593,0.19758826312035474,0.1180720808157219,0.5374545435176085,0.24313596116032304,0.2194094953220686,0.13104441297499436,0.44521399460193795,0.2785767566223554,0.2762092487757065,1.0,144.0,180.0
2018/19,2019-02-10,Werder Bremen,Augsburg,4,0,189,21,0,0.46509375246440826,0.24393161508641215,0.2909746324491793,0.1853954651907714,0.3849815217142129,0.25858289798508793,0.35643558030069933,0.25264702576863063,0.5877337480068,0.2239632065152933,0.1883030454779068,1.0,144.0,180.0
2018/19,2019-02-15,Augsburg,Bayern Munich,2,3,190,22,2,0.21476152504833282,0.23388094010723462,0.5513575348444325,0.12370128709097511,0.2038660348669385,0.23535096980843923,0.5607829953246224,0.11723646868418927,0.07187889312544829,0.11812450451130657,0.8099966023632451,1.0,144.0,180.0
2018/19,2019-02-16,Wolfsburg,Mainz,3,0,191,22,0,0.6240701983738204,0.21372327105378366,0.16220653057239592,0.0838170871555162,0.6641149722142874,0.18821348872335775,0.1476715390623547,0.06731281766982676,0.5471519348245016,0.2503677233901318,0.2024803417853665,1.0,144.0,180.0
2018/19,2019-02-16,Stuttgart,RB Leipzig,1,3,192,22,2,0.1697260572338974,0.21528403708528326,0.6149899056808192,0.0885198536159143,0.18486528178785175,0.22263080067844035,0.5925039175337078,0.10011411481793848,0.17266717492927794,0.2283269466123628,0.5990058784583592,1.0,144.0,180.0
2018/19,2019-02-16,Hertha,Werder Bremen,1,1,193,22,1,0.5857231414529106,0.2118183134139109,0.20245854513317837,0.1920305304654548,0.6094959854695244,0.21144046435736702,0.17906355017310854,0.20177455565203206,0.3744250825937683,0.2874263134028633,0.33814860400336855,1.0,144.0,180.0
2018/19,2019-02-16,Hoffenheim,Hannover,3,0,194,22,0,0.8552983035171688,0.07816196601645307,0.06653973046637807,0.012683058347773815,0.8175627712786661,0.10354628386303276,0.07889094485830114,0.019753561802077917,0.7659507264687303,0.14213518635502212,0.09191408717624763,1.0,144.0,180.0
2018/19,2019-02-16,Schalke 04,Freiburg,0,0,195,22,1,0.5711086177208333,0.23463116912678156,0.1942602131523851,0.18195104182450553,0.5334986826287496,0.24387362519740255,0.22262769217384812,0.1670919668446324,0.5256309016016074,0.27469411524377796,0.19967498315461474,1.0,144.0,180.0
2018/19,2019-02-17,Ein Frankfurt,M'gladbach,1,1,196,22,1,0.45437740607074834,0.2356563933759936,0.30996620055325824,0.15126893631650218,0.4326887306775642,0.23249391546046655,0.3348173538619695,0.1496610990512464,0.42406272357813524,0.2739731079296941,0.30196416849217056,1.0,144.0,180.0
2018/19,2019-02-17,Leverkusen,Fortuna Dusseldorf,2,0,197,22,0,0.5884704013891834,0.22650956741764963,0.1850200311931672,0.10179451123775017,0.5698783029620937,0.22826175798738835,0.20185993905051786,0.11287605462812361,0.6629049357992696,0.19434562374838024,0.1427494404523501,1.0,144.0,180.0
2018/19,2019-02-18,Nurnberg,Dortmund,0,0,198,22,1,0.16197653291862169,0.217865745276693,0.6201577218046854,0.2054159985651574,0.1539336241894209,0.2090750508675913,0.6369913249429876,0.21472675435435648,0.15869587769845234,0.2276131015815831,0.6136910207199645,1.0,144.0,180.0
2018/19,2019-02-22,Werder Bremen,Stuttgart,1,1,199,23,1,0.6124006622236235,0.2170799863720614,0.17051935140431493,0.20205571014764048,0.4984948696398199,0.24820857306601102,0.2532965572941685,0.15632814049714966,0.6063383854554053,0.219489008309649,0.17417260623494588,1.0,144.0,180.0
2018/19,2019-02-23,Bayern Munich,Hertha,1,0,200,23,0,0.7497052332180458,0.14943585316096736,0.10085891362098676,0.03640999536761925,0.7048205154445647,0.17517016185226067,0.12000932270317441,0.05076658281904359,0.799484373114701,0.1336154822470702,0.06690014463822877,1.0,144.0,180.0
2018/19,2019-02-23,Fortuna Dusseldorf,Nurnberg,2,1,201,23,0,0.46555254906209015,0.3122252414781962,0.22222220945971366,0.16750839409559318,0.41828224533277647,0.3051412552573336,0.2765764994098896,0.20744505306045244,0.5049705372170784,0.27453327797998905,0.2204961848029324,1.0,144.0,180.0
2018/19,2019-02-23,Mainz,Schalke 04,3,0,202,23,0,0.3475469306510595,0.26430799037729036,0.3881450789716504,0.28817580501638096,0.3407868194473281,0.27628930717821204,0.3829238733744598,0.2905963551072345,0.29734256531427117,0.28940166594386035,0.4132557687418684,1.0,144.0,180.0
2018/19,2019-02-23,M'gladbach,Wolfsburg,0,3,203,23,2,0.39358576036147874,0.2946245037594055,0.3117897358791157,0.31427155920033034,0.4014166930977797,0.28485035905688444,0.3137329478453358,0.3160489141853048,0.4727886451041695,0.2735799463243228,0.2536314085715076,1.0,144.0,180.0
2018/19,2019-02-23,Freiburg,Augsburg,5,1,204,23,0,0.4000396635014476,0.24745380288908808,0.35250653360946455,0.24210663080440833,0.40033660024488016,0.2585211824833435,0.3411422172717767,0.2379871027054863,0.3921456964202325,0.2958917527534482,0.3119625508263192,1.0,144.0,180.0
2018/19,2019-02-24,Dortmund,Leverkusen,3,2,205,23,0,0.4612331385092623,0.24883478063309453,0.2899320808576431,0.18716517127551136,0.5224106647865968,0.2304481835845789,0.2471411516288244,0.14458516096900098,0.4919782160730056,0.2550044156608773,0.25301736826611715,1.0,144.0,180.0
2018/19,2019-02-24,Hannover,Ein Frankfurt,0,3,206,23,2,0.2084707614905442,0.19765336092274968,0.5938758775867063,0.10419843060120774,0.20980044864334071,0.2138442869962208,0.5763552643604384,0.1117455451430305,0.18412718371067752,0.2277817507406738,0.5880910655486488,1.0,144.0,180.0
2018/19,2019-02-25,RB Leipzig,Hoffenheim,1,1,207,23,1,0.6066978893757853,0.22122336755929348,0.17207874306492132,0.19884671139391788,0.6260196075701951,0.21199232919711436,0.16198806323269097,0.20907034084610962,0.5102422116347917,0.24303307337218258,0.2467247149930258,1.0,144.0,180.0
2018/19,2019-03-01,Augsburg,Dortmund,2,1,208,24,0,0.31777885827643126,0.30236111455878706,0.37986002716478195,0.3048596632261191,0.30856336623162167,0.27437910846247787,0.4170575253059005,0.3260107989656142,0.16732559748552,0.23257457449542374,0.6000998280190563,1.0,144.0,180.0
2018/19,2019-03-02,Hertha,Mainz,2,1,209,24,0,0.7137403500335555,0.16683526788302427,0.11942438208342027,0.04810338511745903,0.6109458401719717,0.21717222360856384,0.1718819362194644,0.0904532696390225,0.5034321388001592,0.27920230686330666,0.21736555433653407,1.0,144.0,180.0
2018/19,2019-03-02,Ein Frankfurt,Hoffenheim,3,2,210,24,0,0.41057595358554566,0.2442087448613067,0.34521530155314806,0.23329715545900975,0.342785291305652,0.23621623453424012,0.42099847416010805,0.3045854442846679,0.3950187387493729,0.25146811461622454,0.3535131466344026,1.0,144.0,180.0
2018/19,2019-03-02,Leverkusen,Freiburg,2,0,211,24,0,0.6633235241581537,0.17200252872354466,0.16467394711830158,0.07023427912240326,0.6664625570435679,0.17647151712320805,0.157065925833224,0.0679584654558815,0.659677905315437,0.20545053407069758,0.13487156061386543,1.0,144.0,180.0
2018/19,2019-03-02,Schalke 04,Fortuna Dusseldorf,0,4,212,24,2,0.4445715388309924,0.3097236279596407,0.24570483320936637,0.38330252589113273,0.4336594251837269,0.3049773095409868,0.2613632652752866,0.3668223614677337,0.5146088242728354,0.28191613851468367,0.2034750372124809,1.0,144.0,180.0
2018/19,2019-03-02,Nurnberg,RB Leipzig,0,1,213,24,2,0.1808335582792773,0.28853059183072316,0.5306358498899997,0.1265017406042139,0.1860072815183822,0.3111301428006514,0.5028625756809666,0.14087216371821076,0.13523354477304556,0.22507620067550868,0.6396902545514458,1.0,144.0,180.0
2018/19,2019-03-02,M'gladbach,Bayern Munich,1,5,214,24,2,0.2412493482149984,0.23797922383389095,0.5207714279511104,0.14393063614108956,0.24283698491245428,0.252100727238668,0.5050622878488774,0.15196657007537934,0.1582636541540651,0.2334104251912471,0.6083259206546877,1.0,144.0,180.0
2018/19,2019-03-03,Stuttgart,Hannover,5,1,215,24,0,0.5887394661066357,0.23315527047928364,0.1781052634140809,0.10042835579702702,0.5032047817903627,0.2533537577957127,0.24344146041392467,0.1530346167422128,0.5655687536522479,0.24627297627389017,0.18815827007386196,1.0,144.0,180.0
2018/19,2019-03-03,Wolfsburg,Werder Bremen,1,1,216,24,1,0.5451873255669277,0.24330283120948545,0.2115098432235867,0.17098281686964276,0.6225834730179238,0.22017353443554546,0.1572429925465306,0.2061677697900241,0.42798160419635906,0.27721535726355073,0.2948030385400902,1.0,144.0,180.0
2018/19,2019-03-08,Werder Bremen,Schalke 04,4,2,217,25,0,0.6142864163895055,0.21561015908238731,0.17010342452810726,0.08885507180891966,0.5384787971141372,0.2403178194837089,0.22120338340215362,0.13096637877088704,0.4412116294401902,0.2801947416847185,0.2785936288750915,1.0,144.0,180.0
2018/19,2019-03-09,Bayern Munich,Wolfsburg,6,0,218,25,0,0.7858950949607497,0.13102385579545375,0.08308104924379646,0.026371685552658265,0.8109208975206674,0.11061049375246951,0.0784686087268631,0.020954114774959745,0.789910649944685,0.13806461216798216,0.07202473788733299,1.0,144.0,180.0
2018/19,2019-03-09,Dortmund,Stuttgart,3,1,219,25,0,0.6026763270897137,0.250315155980861,0.147008516929425,0.08973880255235463,0.6370042846952598,0.2251476032672587,0.13784811203748126,0.07538399566094901,0.7385369420042313,0.16151642638155977,0.099946631614209,1.0,144.0,180.0
2018/19,2019-03-09,Freiburg,Hertha,2,1,220,25,0,0.37749888085671873,0.26072783460597554,0.36177328453730584,0.259193776369774,0.31998601281755396,0.28702165951936826,0.39299232766307757,0.30843099618290587,0.3887839958059651,0.28701406749205066,0.32420193670198416,1.0,144.0,180.0
2018/19,2019-03-09,Mainz,M'gladbach,0,1,221,25,2,0.23613837701899829,0.23106394516614706,0.5327976778148547,0.13701967147817948,0.24936170515128483,0.238406559901477,0.512231734947238,0.15004957019426882,0.3285219334379126,0.27484792741143677,0.3966301391506506,1.0,144.0,180.0
2018/19,2019-03-09,RB Leipzig,Augsburg,0,0,222,25,1,0.6527060948035269,0.20273951460001166,0.14455439059646108,0.2234606090171925,0.6013769331361497,0.22698521687722134,0.17163784998662893,0.1955568836281368,0.7342571518390444,0.17245897516504247,0.09328387299591323,1.0,144.0,180.0
2018/19,2019-03-10,Hannover,Leverkusen,2,3,223,25,2,0.1373824149663015,0.15496552912622982,0.7076520559074688,0.052170624178551436,0.15799364105177283,0.17892824911377417,0.6630781098344528,0.06923917534276067,0.12632804540823753,0.18337942075389316,0.6902925338378693,1.0,144.0,180.0
2018/19,2019-03-10,Hoffenheim,Nurnberg,2,1,224,25,0,0.7367026855565423,0.16045461959462848,0.10284269484882935,0.039951047838453234,0.6847947026209316,0.19221243399147228,0.12299286338759624,0.057240811970053436,0.7495157655225052,0.15202442413899872,0.09845981033849611,1.0,144.0,180.0
2018/19,2019-03-11,Fortuna Dusseldorf,Ein Frankfurt,0,3,225,25,2,0.31248907513113633,0.27258109885294624,0.4149298260159173,0.2199782652810388,0.333607046804609,0.28270515453117634,0.38368779866421493,0.24556719559652712,0.35599442871633385,0.2717060542291796,0.37229951705448655,1.0,144.0,180.0
2018/19,2019-03-15,M'gladbach,Freiburg,1,1,226,26,1,0.48987118831605514,0.25828122620045596,0.25184758548348884,0.15170049372802363,0.5545440361379894,0.23716677015063525,0.20828919371137541,0.17545173811657327,0.593034733402487,0.24014245994569847,0.16682280665181454,1.0,144.0,180.0
2018/19,2019-03-16,Augsburg,Hannover,3,1,227,26,0,0.5822982597267196,0.24342391204262803,0.17427782823065258,0.10242375262005991,0.5790469326317212,0.24972933720796675,0.1712237301603121,0.10325952534838699,0.5924267798473596,0.23188064891400229,0.17569257123863827,1.0,144.0,180.0
2018/19,2019-03-16,Hertha,Dortmund,2,3,228,26,2,0.28186446101618207,0.2826963909071921,0.43543914807662587,0.19908826495419446,0.28045048470989997,0.2838002136712762,0.43574930161882386,0.19851566249883143,0.26638707401988343,0.2671169016199379,0.46649602436017873,1.0,144.0,180.0
2018/19,2019-03-16,Wolfsburg,Fortuna Dusseldorf,5,2,229,26,0,0.5250256182673557,0.27698569884285734,0.197988682889787,0.13240009092737015,0.5145578176776797,0.2620398636343792,0.22340231868794122,0.14278135418650262,0.5096969619180861,0.26598939815943834,0.2243136399224757,1.0,144.0,180.0
2018/19,2019-03-16,Stuttgart,Hoffenheim,1,1,230,26,1,0.3668221328010354,0.2273433861396459,0.4058344810593184,0.14963005156469344,0.36240689094885253,0.23366273985516806,0.40393036919597947,0.1472492488830069,0.2527917296532891,0.24030818744818844,0.5069000828985225,1.0,144.0,180.0
2018/19,2019-03-16,Schalke 04,RB Leipzig,0,1,231,26,2,0.21198266735652113,0.22983146857505807,0.5581858640684212,0.12006819098427672,0.23894049239273873,0.24221674596237167,0.5188427616448894,0.14430242346320046,0.24788140634507325,0.2698542733895119,0.48226432026541477,1.0,144.0,180.0
2018/19,2019-03-17,Bayern Munich,Mainz,6,0,232,26,0,0.848875854959347,0.08410116640322976,0.06702297863742322,0.013665293439850405,0.8552680923743018,0.07858819761378479,0.06614371001191338,0.012661157729556869,0.8616450166320563,0.10031625973263027,0.038038723635313486,1.0,144.0,180.0
2018/19,2019-03-17,Ein Frankfurt,Nurnberg,1,0,233,26,0,0.7070095135128313,0.17553449603762944,0.11745599044953951,0.04981966743223505,0.6940494005358985,0.1926054865835346,0.11334511288056705,0.05322644196317577,0.7214424609679717,0.1723231546697116,0.10623438436231672,1.0,144.0,180.0
2018/19,2019-03-17,Leverkusen,Werder Bremen,1,3,234,26,2,0.6707539387333376,0.18178787726255283,0.14745818400410982,0.5883691971739283,0.6784457774098241,0.18457892123104463,0.1369753013591312,0.6025501516746915,0.6082568008283897,0.2221942651427908,0.16954893402881943,1.0,144.0,180.0
2018/19,2019-03-29,Hoffenheim,Leverkusen,4,1,235,27,0,0.46391998772990345,0.23160170636359928,0.3044783059064973,0.19004440916159873,0.49440379156992526,0.23507007342193847,0.2705261350081362,0.16440595785065393,0.4168625647006835,0.2432564592018951,0.33988097609742135,1.0,144.0,180.0
2018/19,2019-03-30,Werder Bremen,Mainz,3,1,236,27,0,0.6295163780908941,0.20591593115834178,0.164567690750764,0.08217031947096422,0.6523112834445459,0.19321284353248572,0.15447587302296825,0.07237511948309357,0.5898957941377484,0.23567265383227234,0.17443155202997937,1.0,144.0,180.0
2018/19,2019-03-30,RB Leipzig,Hertha,5,0,237,27,0,0.5577589162418375,0.25551313437916756,0.18672794937899484,0.1152222516214393,0.5984965149399187,0.233869238959897,0.16763424610018438,0.09465314449048404,0.6074282583643474,0.23879243572062794,0.15377930591502464,1.0,144.0,180.0
2018/19,2019-03-30,Nurnberg,Augsburg,3,0,238,27,0,0.45489184631065627,0.2945435343448823,0.2505646193444615,0.17996276384292004,0.4092655920971652,0.31429638229809803,0.27643802560473685,0.21269256134027895,0.3076383361561994,0.28938086813506,0.40298079570874057,1.0,144.0,180.0
2018/19,2019-03-30,Freiburg,Bayern Munich,1,1,239,27,1,0.13270839173566606,0.1702111299943106,0.6970804782700233,0.25176635521111573,0.13382850294938617,0.17378750768437637,0.6923839893662376,0.24865282846618994,0.07266478898980767,0.13278743631836087,0.7945477746918315,1.0,144.0,180.0
2018/19,2019-03-30,Dortmund,Wolfsburg,2,0,240,27,0,0.5479139969701515,0.2309796041965279,0.2211063988333203,0.1266348968702718,0.6200848182485362,0.1944691864937076,0.18544599525775643,0.08936288124119374,0.6480716129148694,0.21747369560901658,0.13445469147611397,1.0,144.0,180.0
2018/19,2019-03-30,Fortuna Dusseldorf,M'gladbach,3,1,241,27,0,0.37580700067077466,0.26675948974698577,0.35743350958223974,0.2586878070919456,0.4597047365323584,0.2591975823834927,0.2810976810841492,0.18546743901822713,0.25506417090649,0.25776326266211425,0.48717256643139584,1.0,144.0,180.0
2018/19,2019-03-31,Ein Frankfurt,Stuttgart,3,0,242,27,0,0.7398997132757846,0.1470261214446301,0.11307416527958535,0.04021896300384701,0.7310766858687078,0.1556680001202625,0.1132553140110298,0.042573257517547314,0.6378918683187931,0.2094159049340314,0.15269222674717564,1.0,144.0,180.0
2018/19,2019-03-31,Hannover,Schalke 04,0,1,243,27,2,0.3470713670945771,0.2818192460620506,0.3711093868433724,0.2579809685867089,0.35803236717937204,0.29351800782293286,0.3484496249976952,0.27635253355685435,0.22771909132864981,0.26199938464694117,0.510281524024409,1.0,144.0,180.0
2018/19,2019-04-05,Mainz,Freiburg,5,0,244,28,0,0.4777725825334879,0.25103287682882025,0.2711945406376921,0.17313397721271567,0.5358860411172289,0.24042026268748623,0.22369369619528476,0.13272031827367348,0.4510309278350515,0.2706185567010309,0.2783505154639175,1.0,144.0,180.0
2018/19,2019-04-06,Leverkusen,RB Leipzig,2,4,245,28,2,0.3854420372509406,0.2523643229805899,0.36219363976846947,0.27768125861597415,0.3826489916689495,0.254329556007295,0.36302145232375566,0.27608096051250075,0.3809893848974326,0.26942895727553245,0.34958165782703493,1.0,144.0,180.0
2018/19,2019-04-06,Bayern Munich,Dortmund,5,0,246,28,0,0.6679938354952206,0.20891582368918005,0.12309034081559943,0.06268966263563751,0.6533162217497627,0.21087169108910875,0.1358120871611288,0.06931728256046085,0.6699819168173599,0.19067711472774768,0.13934096845489252,1.0,144.0,180.0
2018/19,2019-04-06,Hertha,Fortuna Dusseldorf,1,2,247,28,2,0.5611038867318056,0.25035077037969333,0.18854534288850097,0.4866481161267395,0.49415460412378825,0.2680318300342803,0.23781356584193186,0.4125584665956649,0.4919782160730056,0.2550044156608773,0.25301736826611715,1.0,144.0,180.0
2018/19,2019-04-06,Stuttgart,Nurnberg,1,1,248,28,1,0.4909221540249625,0.30273212641194114,0.20634571956309636,0.1417915586472605,0.49146203991522186,0.29434361023622807,0.2141943498485501,0.1437070780923371,0.5426242385617525,0.2562789939381364,0.20109676750011116,1.0,144.0,180.0
2018/19,2019-04-06,Wolfsburg,Hannover,3,1,249,28,0,0.4582438335995567,0.3057720954464276,0.23598407095401538,0.1745941127884674,0.4914066009259536,0.2832933476916776,0.22530005138236842,0.15471367936729508,0.6668244310938418,0.19813430841927676,0.13504126048688136,1.0,144.0,180.0
2018/19,2019-04-06,Schalke 04,Ein Frankfurt,1,2,250,28,2,0.3307291936753323,0.27148678555044936,0.39778402077421804,0.23602294259200132,0.2552209065956038,0.2672330207811595,0.4775460726232365,0.1690479086974431,0.2994755787819541,0.27044055036819126,0.4300838708498548,1.0,144.0,180.0
2018/19,2019-04-07,Augsburg,Hoffenheim,0,4,251,28,2,0.18698746319199094,0.1797310547486681,0.6332814820593411,0.0847233913957848,0.2629115167810332,0.22545438824544062,0.5116340949735263,0.15381186142421516,0.23989942038868056,0.22494033412887826,0.5351602454824411,1.0,144.0,180.0
2018/19,2019-04-07,M'gladbach,Werder Bremen,1,1,252,28,1,0.4793056328195611,0.2658105876849337,0.2548837794955054,0.14734981535123665,0.4465393009478223,0.2769119399876692,0.2765487590645086,0.13793828171554467,0.4820071269032071,0.25555233499855073,0.2624405380982421,1.0,144.0,180.0
2018/19,2019-04-12,Nurnberg,Schalke 04,1,1,253,29,1,0.2419945161739119,0.2813832595752499,0.4766222242508384,0.14286504525403101,0.2602975275761264,0.2796556773847839,0.46004679503908963,0.13969892824399122,0.2848711578885475,0.284040629731438,0.43108821238001443,1.0,144.0,180.0
2018/19,2019-04-13,Stuttgart,Leverkusen,0,1,254,29,2,0.24216505309635586,0.2511536748802089,0.5066812720234352,0.15100364015678835,0.1832914389867953,0.20732940514424666,0.609379155868958,0.09309019773774894,0.22599896603953842,0.23584879991051103,0.5381522340499506,1.0,144.0,180.0
2018/19,2019-04-13,RB Leipzig,Wolfsburg,2,0,255,29,0,0.6524089350357142,0.21525271563337325,0.13233834933091254,0.06916649357331851,0.643068606480407,0.21554483735141494,0.14138655616817825,0.07369508897246797,0.6504091626268159,0.20707471203289654,0.1425161253402876,1.0,144.0,180.0
2018/19,2019-04-13,Werder Bremen,Freiburg,2,1,256,29,0,0.5203913376623954,0.2338468473036443,0.24576181503396005,0.14521166935902644,0.5074943613868718,0.24472250781738683,0.247783130795741,0.1519791419863324,0.5917835916916856,0.2361374915752711,0.17207891673304335,1.0,144.0,180.0
2018/19,2019-04-13,Dortmund,Mainz,2,1,257,29,0,0.6085163465554734,0.23441094579016378,0.15707270765436282,0.08896564320207359,0.6151527108905348,0.23221012011269043,0.15263716899677487,0.08570277064712713,0.7544175745377063,0.1552499188759267,0.0903325065863671,1.0,144.0,180.0
2018/19,2019-04-13,Hannover,M'gladbach,0,1,258,29,2,0.18451165663912872,0.24102197536801978,0.5744663679928516,0.10756171170245551,0.1880504436330472,0.23388996591122002,0.5780595904557326,0.10669833927848492,0.16844388712438105,0.20262601484627427,0.6289300980293449,1.0,144.0,180.0
2018/19,2019-04-14,Ein Frankfurt,Augsburg,1,3,259,29,2,0.783831288328295,0.1267364221068297,0.08943228956487546,0.7217625219247299,0.7466451165434489,0.14779673231028698,0.10555815114626386,0.6787525755195349,0.6630414789371881,0.20042247603484362,0.13653604502796823,1.0,144.0,180.0
2018/19,2019-04-14,Fortuna Dusseldorf,Bayern Munich,1,4,260,29,2,0.10911007964948834,0.1039068756177705,0.7869830447327414,0.02864061635622552,0.10786876588229842,0.09875995653288186,0.7933712775848196,0.027165549789949863,0.05398999209902554,0.10282717477184504,0.8431828331291294,1.0,144.0,180.0
2018/19,2019-04-14,Hoffenheim,Hertha,2,0,261,29,0,0.6853993799202391,0.16012677079312124,0.15447384928663963,0.061417860134000746,0.6666317313498524,0.166780576613815,0.16658769203633253,0.06944293084039446,0.7381409341151938,0.14876378826013906,0.11309527762466712,1.0,144.0,180.0
2018/19,2019-04-20,M'gladbach,RB Leipzig,1,2,262,30,2,0.20621509846381886,0.23403334721274324,0.559751554323438,0.11817168037753567,0.2197375838071608,0.24364965902288674,0.5366127571699525,0.1315061712775212,0.3272385891188698,0.2664401627252,0.40632124815593007,1.0,144.0,180.0
2018/19,2019-04-20,Schalke 04,Hoffenheim,2,5,263,30,2,0.16812800898150768,0.15216117963642348,0.6797108113820691,0.0654260958748093,0.20384501020375645,0.17601397094653462,0.620141018849709,0.09292281687275337,0.2797346325282471,0.2477039494143257,0.4725614180574272,1.0,144.0,180.0
2018/19,2019-04-20,Mainz,Fortuna Dusseldorf,3,1,264,30,0,0.4269195475617237,0.258885894487442,0.31419455795083406,0.21356971260638985,0.3547396062381149,0.2707298859136234,0.3745305078482618,0.2783170385334099,0.48416750400564873,0.24699915813486134,0.26883333785949,1.0,144.0,180.0
2018/19,2019-04-20,Bayern Munich,Werder Bremen,1,0,265,30,0,0.866627737234921,0.07009196360675922,0.06328029915832002,0.010896278368321858,0.8505256805854696,0.08210026795171263,0.06737405146281784,0.013440917487475732,0.8510874534648291,0.09741362419175753,0.051498922343413224,1.0,144.0,180.0
2018/19,2019-04-20,Leverkusen,Nurnberg,2,0,266,30,0,0.806607123017259,0.11488964114823132,0.07850323583450965,0.02178178145207512,0.7899222891260178,0.1262551077474298,0.0838226031265526,0.02557943670048199,0.7564638523103002,0.15567101783877563,0.08786512985092416,1.0,144.0,180.0
2018/19,2019-04-20,Augsburg,Stuttgart,6,0,267,30,0,0.34218448260008444,0.28293580611376146,0.3748797112861543,0.28662802643305446,0.4594064880012675,0.26710694944945806,0.2734865625492745,0.18351812255507094,0.4002454246373211,0.2847226927449164,0.3150318826177624,1.0,144.0,180.0
2018/19,2019-04-21,Freiburg,Dortmund,0,4,268,30,2,0.23025758903371735,0.24203733216007606,0.5277050788062064,0.1380405249465359,0.24749120915110404,0.2605863215525434,0.4919224692963526,0.15969733790649568,0.15202590622763512,0.19803783694683755,0.6499362568255274,1.0,144.0,180.0
2018/19,2019-04-21,Hertha,Hannover,0,0,269,30,1,0.6656138606333324,0.18869858041335366,0.1456875589533138,0.23213333815049228,0.6427938479530239,0.1991184509122233,0.1580877011347531,0.21908782610816305,0.5775547445255474,0.22992700729927007,0.19251824817518245,1.0,144.0,180.0
2018/19,2019-04-22,Wolfsburg,Ein Frankfurt,1,1,270,30,1,0.29700730495046407,0.26554461418940684,0.43744808086012915,0.139787081321074,0.33083335291342947,0.27070304832928543,0.39846359875728515,0.13411197346727424,0.32826998926330003,0.2586105750960216,0.4131194356406785,1.0,144.0,180.0
2018/19,2019-04-26,Augsburg,Leverkusen,1,4,271,31,2,0.17364284117038473,0.19196892773140314,0.6343882310982121,0.0819119009246089,0.18031659969504318,0.18707782466182996,0.6326055756431268,0.08374636958705031,0.1993280674791808,0.22627685049501411,0.5743950820258051,1.0,144.0,180.0
2018/19,2019-04-27,Dortmund,Schalke 04,2,4,272,31,2,0.6913589381297329,0.1761156948641815,0.13252536700608533,0.6152447101098992,0.6189634538107759,0.2161004468014735,0.16493609938775047,0.5402237376295546,0.6547810546902119,0.2093036632703053,0.13591528203948297,1.0,144.0,180.0
2018/19,2019-04-27,Fortuna Dusseldorf,Werder Bremen,4,1,273,31,0,0.39275920696287187,0.26036980741191057,0.3468709856252176,0.24453043069848512,0.4209612538897735,0.27553104388769384,0.3035077022225327,0.2137013974026524,0.32512901945216355,0.25803890432711396,0.41683207622072255,1.0,144.0,180.0
2018/19,2019-04-27,Hannover,Mainz,1,0,274,31,0,0.26220809750275953,0.26995073258154334,0.46784116991569735,0.3816061258292929,0.25389881282055543,0.2411031748111886,0.504998012368256,0.4058449870032329,0.3144896439987739,0.2579147874064019,0.42759556859482417,1.0,144.0,180.0
2018/19,2019-04-27,RB Leipzig,Freiburg,2,1,275,31,0,0.7099834479294086,0.17090772682206987,0.11910882524852141,0.04914825636349845,0.6939029534656307,0.17944828467499283,0.12664876185937665,0.05486765538878845,0.7552799020841833,0.161665263322367,0.08305483459344971,1.0,144.0,180.0
2018/19,2019-04-27,Stuttgart,M'gladbach,1,0,276,31,0,0.33179773989602446,0.2804666141378629,0.3877356459661127,0.2984165957804098,0.33561750847205124,0.2887336885192393,0.3756488030087097,0.2912580591253806,0.26891466791720436,0.2515429193437415,0.47954241273905407,1.0,144.0,180.0
2018/19,2019-04-27,Ein Frankfurt,Hertha,0,0,277,31,1,0.6324236674329505,0.1927184430167516,0.1748578895502979,0.2152674883336637,0.6330629610105498,0.2007602062622682,0.16617683272718228,0.21419172616934137,0.6963445722184837,0.17924425099698002,0.12441117678453627,1.0,144.0,180.0
2018/19,2019-04-28,Hoffenheim,Wolfsburg,1,4,278,31,2,0.6297223556797475,0.2099836382705135,0.1602940060497393,0.5508282007594232,0.6865635059276278,0.17400701130602994,0.13942948276634234,0.6059755314017206,0.6683241611347146,0.18529063740828605,0.1463852014569994,1.0,144.0,180.0
2018/19,2019-04-28,Nurnberg,Bayern Munich,1,1,279,31,1,0.10383956711215837,0.11360789494907259,0.7825525379387691,0.3115855651662245,0.1066754673283804,0.13266489188385086,0.7606596407877685,0.29499137222655286,0.04367657841549877,0.09709303381765376,0.8592303877668475,1.0,144.0,180.0
2018/19,2019-05-03,Mainz,RB Leipzig,3,3,280,32,1,0.19609401188433812,0.19601176594170547,0.6078942221739566,0.20399412342468717,0.2554603628317862,0.22922514247898138,0.5153144946892323,0.16540451270748338,0.20256011937572732,0.22669695603031165,0.5707429245939611,1.0,144.0,180.0
2018/19,2019-05-04,M'gladbach,Hoffenheim,2,2,281,32,1,0.26572990156096415,0.22746057656850785,0.5068095218705279,0.16373413602111644,0.27717132652485366,0.23193310001753317,0.49089557345761287,0.15890120414391296,0.420910058253828,0.24351903619672843,0.33557090554944363,1.0,144.0,180.0
2018/19,2019-05-04,Hertha,Stuttgart,3,1,282,32,0,0.4838681586363944,0.2506684279509337,0.26546341341267243,0.16843145076504662,0.5162046001836257,0.23949571666526695,0.2442996831511078,0.14687016203560846,0.42566473394118104,0.26488376106665884,0.3094515049921601,1.0,144.0,180.0
2018/19,2019-05-04,Werder Bremen,Dortmund,2,2,283,32,1,0.36660228828990754,0.2466528794727263,0.38674483223736617,0.14198440152085245,0.33970388821483233,0.2413236999847617,0.41897241180040634,0.14546830675906214,0.2521586318884497,0.2217157902253795,0.5261255778861706,1.0,144.0,180.0
2018/19,2019-05-04,Wolfsburg,Nurnberg,2,0,284,32,0,0.5358014453922132,0.2670672252072143,0.1971313294005729,0.1271705295655977,0.5044927733114222,0.2709456948038802,0.2245615318846978,0.14797764665150387,0.5959518502006241,0.22382523406152474,0.1802229157378511,1.0,144.0,180.0
2018/19,2019-05-04,Bayern Munich,Hannover,3,1,285,32,0,0.8717956760353822,0.06666165556709946,0.0615426683975184,0.010111924358355786,0.8716442726087363,0.06672819878269715,0.06162752860856657,0.010136572518270041,0.9264906247972491,0.045442159216246024,0.028067215986504898,1.0,144.0,180.0
2018/19,2019-05-05,Freiburg,Fortuna Dusseldorf,1,1,286,32,1,0.31250163088446903,0.23963100879365815,0.44786736032187263,0.1491212208735676,0.37523923370446804,0.24211484470810068,0.38264592158743127,0.1436111919093055,0.4262077127057294,0.2609667545711551,0.3128255327231154,1.0,144.0,180.0
2018/19,2019-05-05,Leverkusen,Ein Frankfurt,6,1,287,32,0,0.47907875452863263,0.2842463901777403,0.2366748552936273,0.16368696555584997,0.5001469790118623,0.2733209147295942,0.22653210625854286,0.15058491887844982,0.5707892539168603,0.23158513882068316,0.1976256072624567,1.0,144.0,180.0
2018/19,2019-05-05,Schalke 04,Augsburg,0,0,288,32,1,0.6369190805154419,0.20098762103594814,0.16209329844861003,0.21597007626329306,0.6127861173285905,0.21212080954484244,0.17509307312656724,0.20308220492377718,0.57905163599182,0.23843302658486704,0.18251533742331286,1.0,144.0,180.0
2018/19,2019-05-11,Hoffenheim,Werder Bremen,0,1,289,33,2,0.7152134696748819,0.1596826048435412,0.12510392548157698,0.6384867242060647,0.6932179793547258,0.1739254527339144,0.13285656791135977,0.6162444493575576,0.6807436292468616,0.1732358339660472,0.14602053678709112,1.0,144.0,180.0
2018/19,2019-05-11,Augsburg,Hertha,3,4,290,33,2,0.27469137909643976,0.2301600932509197,0.4951485276526405,0.16516518144060033,0.2907383185796792,0.24799796251070486,0.4612637189096159,0.18738277522681818,0.3799608464621982,0.25970728069357696,0.36033187284422485,1.0,144.0,180.0
2018/19,2019-05-11,Hannover,Freiburg,3,0,291,33,0,0.3881792617964253,0.27691554131054896,0.3349051968930259,0.24324305330096171,0.3888218174468526,0.26413849166890424,0.3470396908842432,0.2469876589389997,0.3102860985629285,0.26050758007689717,0.4292063213601742,1.0,144.0,180.0
2018/19,2019-05-11,Dortmund,Fortuna Dusseldorf,3,2,292,33,0,0.7214060538855761,0.15552837721531654,0.12306556889910748,0.046379860530033734,0.698854117222509,0.1682678245478262,0.13287805822966492,0.05417271053636027,0.7053687615511935,0.1674792380112886,0.1271520004375178,1.0,144.0,180.0
2018/19,2019-05-11,Leverkusen,Schalke 04,1,1,293,33,1,0.7374652874489275,0.1623972298577793,0.10013748269329295,0.2769412828161394,0.7257059823799756,0.1687788727138973,0.10551514490612751,0.2688913093333232,0.7055193454444598,0.17573845513798364,0.1187421994175565,1.0,144.0,180.0
2018/19,2019-05-11,Stuttgart,Wolfsburg,3,0,294,33,0,0.3635556821865391,0.27379782658032187,0.3626464912331387,0.26828692364037443,0.3660608323650876,0.26053371289720606,0.3734054547377062,0.27065525094475945,0.3186923268159284,0.2573083166376625,0.42399935654640913,1.0,144.0,180.0
2018/19,2019-05-11,Nurnberg,M'gladbach,0,4,295,33,2,0.3779446944073006,0.3427783281783383,0.2792769774143608,0.33114193365780364,0.37023772692049484,0.3352180666615386,0.2945442064179666,0.3173719255668557,0.2270003546035352,0.2302278477969504,0.5427717975995143,1.0,144.0,180.0
2018/19,2019-05-11,RB Leipzig,Bayern Munich,0,0,296,33,1,0.2640280709234845,0.2736409596056566,0.46233096947085883,0.1417303737837204,0.24161913423388215,0.24689013670699952,0.5114907290591185,0.16000128597067956,0.1952166501548148,0.209552214097069,0.5952311357481163,1.0,144.0,180.0
2018/19,2019-05-12,Ein Frankfurt,Mainz,0,2,297,33,2,0.634538082038878,0.1875223207549439,0.1779395972061781,0.5392109416995592,0.5667564397240425,0.21227829566113754,0.22096526461482013,0.46405399045266493,0.6331363203050525,0.20350810295519545,0.16335557673975215,1.0,144.0,180.0
2018/19,2019-05-18,Freiburg,Nurnberg,5,1,298,34,0,0.4136037428390259,0.30596045704974817,0.28043580011122576,0.21125240419821137,0.4363836733189204,0.31057722656189574,0.2530391001191837,0.1908460749452999,0.5593411436126071,0.22954094101083403,0.21111791537655886,1.0,144.0,180.0
2018/19,2019-05-18,Fortuna Dusseldorf,Hannover,2,1,299,34,0,0.5424037222101534,0.22341742561042832,0.23417885217941833,0.13211704412759612,0.5772468716040741,0.2124529457605129,0.21030018263541297,0.11147318719251516,0.709961787656506,0.15649076680921364,0.1335474455342805,1.0,144.0,180.0
2018/19,2019-05-18,Mainz,Hoffenheim,4,2,300,34,0,0.2266767651710691,0.17117267746883225,0.6021505573600986,0.4803070596276797,0.2467899891195095,0.17863335196464367,0.574576658915847,0.4487318287307429,0.23499899209353373,0.19936389903017002,0.5656371088762963,1.0,144.0,180.0
2018/19,2019-05-18,Bayern Munich,Ein Frankfurt,5,1,301,34,0,0.8118381373346787,0.10858668097764937,0.079575181687672,0.020868548051154623,0.7905555254526414,0.12476923391534354,0.08467524063201487,0.025518442147254395,0.7371859859728751,0.16795019854338547,0.09486381548373936,1.0,144.0,180.0
2018/19,2019-05-18,Schalke 04,Stuttgart,0,0,302,34,1,0.6301179816277785,0.19422409840489852,0.17565791996732288,0.21395218780895595,0.6324502685212677,0.20961240390572833,0.15793732757300402,0.21246877079676302,0.5881359024599202,0.214221686326461,0.19764241121361878,1.0,144.0,180.0
2018/19,2019-05-18,Werder Bremen,RB Leipzig,2,1,303,34,0,0.2282006452742907,0.2632090794900821,0.5085902752356268,0.4271691560096361,0.24446308755712423,0.263408643712573,0.4921282687303029,0.4065131294735994,0.43922392724496306,0.2431613761805033,0.3176146965745336,1.0,144.0,180.0
2018/19,2019-05-18,Wolfsburg,Augsburg,8,1,304,34,0,0.5958628054404094,0.22371627538481897,0.18042091917477174,0.09793929005118295,0.6125221567241691,0.21756401000924847,0.16991383326658263,0.08950489488251666,0.7322453122058618,0.1566553990456625,0.11109928874847559,1.0,144.0,180.0
2018/19,2019-05-18,M'gladbach,Dortmund,0,2,305,34,2,0.37547773006483204,0.25713809334718835,0.3673841765879797,0.2705931529029537,0.3647354977880765,0.25887206715122674,0.3763924350606967,0.26095918919812167,0.33769415436744077,0.22855646513393532,0.4337493804986239,1.0,144.0,180.0
2018/19,2019-05-18,Hertha,Leverkusen,1,5,306,34,2,0.24584406586559582,0.24484306250426,0.5093128716301443,0.1506065813345914,0.2143088232922657,0.23507104933412404,0.5506201273736105,0.12393527083131292,0.1595807868937956,0.18592233712962367,0.6544968759765807,1.0,144.0,180.0
2019/20,2019-08-16,Bayern Munich,Hertha,2,2,1,1,1,0.5262852337591457,0.251083442790324,0.22263132345053008,0.16327042672712663,0.6586258846382941,0.19940914707121232,0.1419649682904939,0.22697105406864815,0.8285819854584496,0.11516216052308251,0.05625585401846782,1.0,144.0,180.0
2019/20,2019-08-17,Wolfsburg,FC Koln,2,1,2,1,0,0.5012980565956123,0.2573752993565163,0.2413266440478716,0.15347108874136056,0.500441569857078,0.2630980531471747,0.23646037699574735,0.15273606750791582,0.4474851776329848,0.27586444189306164,0.27665038047395357,1.0,144.0,180.0
2019/20,2019-08-17,M'gladbach,Schalke 04,0,0,3,1,1,0.46764983832355633,0.2643989240772324,0.2679512375992113,0.14524711850749866,0.45159594487539,0.2774369605690612,0.27096709455554857,0.138681031879886,0.4232124772128823,0.28669232327324284,0.2900951995138748,1.0,144.0,180.0
2019/20,2019-08-17,Werder Bremen,Fortuna Dusseldorf,1,3,4,1,2,0.4935783966469074,0.2591613300202492,0.24726027333284337,0.40511836486973873,0.46558123788151956,0.2726538716319282,0.26176489048655227,0.38087848299281024,0.5692889137737962,0.23320268756998877,0.19750839865621497,1.0,144.0,180.0
2019/20,2019-08-17,Leverkusen,Paderborn,3,2,5,1,0,0.6129257839960582,0.221010486269583,0.16606372973435898,0.08870180551417617,0.6615809822297022,0.1995508561136416,0.13886816165665636,0.06690589895525619,0.7625632237945076,0.144761628433337,0.09267514777215548,1.0,144.0,180.0
2019/20,2019-08-17,Freiburg,Mainz,3,0,6,1,0,0.44072694477131785,0.2685325081384703,0.29074054709021185,0.19865820801357015,0.40034993085323156,0.2758450311483511,0.32380503799841726,0.23221495403044032,0.3546762478271666,0.29448876334740504,0.3508349888254284,1.0,144.0,180.0
2019/20,2019-08-17,Dortmund,Augsburg,5,1,7,1,0,0.5506459913386925,0.24364477635247347,0.20570923230883387,0.12211765667853812,0.6439255040801066,0.20996299521587164,0.14611150070402174,0.07406880864129374,0.8359296276523098,0.11585165687893423,0.04821871546875581,1.0,144.0,180.0
2019/20,2019-08-18,Ein Frankfurt,Hoffenheim,1,0,8,1,0,0.4565435202938818,0.2664359482842552,0.27702053142186295,0.18604266008190892,0.4337513332490477,0.26202460111842174,0.30422406563253085,0.20659491735360866,0.45599974353220274,0.25492899047863304,0.2890712659891642,1.0,144.0,180.0
2019/20,2019-08-18,Union Berlin,RB Leipzig,0,4,9,1,2,0.3220759773442621,0.2676690713536651,0.41025495130207296,0.22576607882299107,0.2952121120927316,0.26629701554664403,0.4384908723606237,0.2012213457742921,0.21367909315687,0.24131917485875373,0.5450017319843764,1.0,144.0,180.0
2019/20,2019-08-23,FC Koln,Dortmund,1,3,10,2,2,0.34082077288422014,0.27176640276297354,0.38741282435280644,0.24571092349840143,0.33278920114612726,0.2733282818004669,0.39388251705340593,0.23906352776649623,0.15710144670394136,0.2134792087596227,0.629419344536436,1.0,144.0,180.0
2019/20,2019-08-24,Schalke 04,Bayern Munich,0,3,11,2,2,0.3499650523340403,0.27244273097408767,0.3775922166918719,0.25493349328885256,0.26569983914190004,0.26448200263248683,0.4698181582256129,0.17584459493365628,0.09346344842055772,0.17499181619748308,0.7315447353819592,1.0,144.0,180.0
2019/20,2019-08-24,Paderborn,Freiburg,1,3,12,2,2,0.3625630005776597,0.27124962913863787,0.36618737028370274,0.26658518948788235,0.41011470917237813,0.2763462565794724,0.3135390342481493,0.3197113660902538,0.409276578647798,0.25392290350661817,0.3368005178455838,1.0,144.0,180.0
2019/20,2019-08-24,Mainz,M'gladbach,1,3,13,2,2,0.3702746706606535,0.28118246565358673,0.34854286368575965,0.28074986609380304,0.4014327890000838,0.275768889244443,0.32279832175547285,0.30987519855079465,0.36363636363636365,0.2727272727272727,0.36363636363636365,1.0,144.0,180.0
2019/20,2019-08-24,Augsburg,Union Berlin,1,1,14,2,1,0.5252701637961592,0.24897181320802667,0.22575802299581377,0.16343771496071122,0.4551284673332307,0.2663614678404749,0.2785100648262944,0.14235488899332116,0.38848782735580983,0.28991628907149986,0.3215958835726903,1.0,144.0,180.0
2019/20,2019-08-24,Fortuna Dusseldorf,Leverkusen,1,3,15,2,2,0.35892497643102567,0.2691824267275852,0.37189259684138903,0.26167302430433304,0.31203888290442794,0.26454494880899726,0.4234161682865748,0.21490858971878937,0.20182276052284445,0.21105648159251708,0.5871207578846384,1.0,144.0,180.0
2019/20,2019-08-24,Hoffenheim,Werder Bremen,3,2,16,2,0,0.443523374445444,0.27269800512577874,0.283778620428777,0.19509827010052283,0.5048710897873981,0.25746235811844,0.2376665520941621,0.15081901385632285,0.4512913865508355,0.2658291728998072,0.2828794405493575,1.0,144.0,180.0
2019/20,2019-08-25,RB Leipzig,Ein Frankfurt,2,1,17,2,0,0.5143786058498719,0.25375269908337117,0.23186869506675692,0.14479561510413735,0.5270346157809326,0.2553654537324348,0.21759993048663262,0.1355229922086387,0.6756022325312222,0.1883257685223485,0.13607199894642927,1.0,144.0,180.0
2019/20,2019-08-25,Hertha,Wolfsburg,0,3,18,2,2,0.44115887305567764,0.2724397732073706,0.28640135373695175,0.3519220896121053,0.4161889863654075,0.27640625974549576,0.3074047538890965,0.326450723653644,0.37979561511186444,0.28128954779178433,0.33891483709635123,1.0,144.0,180.0
2019/20,2019-08-30,M'gladbach,RB Leipzig,1,3,19,3,2,0.3948212169508915,0.26406236026021246,0.3411164227888956,0.29500568083654183,0.36578331916929696,0.27136215767595784,0.3628545231547455,0.26987589762343744,0.3131868131868132,0.260989010989011,0.42582417582417587,1.0,144.0,180.0
2019/20,2019-08-31,Bayern Munich,Mainz,6,1,20,3,0,0.5809810241711321,0.23443068325761465,0.18458829257125373,0.10482486992952202,0.6590752668085285,0.19901337089567153,0.14191136229580018,0.06818425422516294,0.8776887537422141,0.0839857341942981,0.038325512063487714,1.0,144.0,180.0
2019/20,2019-08-31,Leverkusen,Hoffenheim,0,0,21,3,1,0.49258838884959827,0.268305419714271,0.23910619143613054,0.14990754580626733,0.5147136788966556,0.2502129030435627,0.23507341805978163,0.1600948415608192,0.6453543455614097,0.19516764482703927,0.159478009611551,1.0,144.0,180.0
2019/20,2019-08-31,Freiburg,FC Koln,1,2,22,3,2,0.49296709404299155,0.24963402582127456,0.2573988801357339,0.3972364895164269,0.44937418807687257,0.2617199984080687,0.2889058135150583,0.35379605148121446,0.36270491803278687,0.27459016393442626,0.36270491803278687,1.0,144.0,180.0
2019/20,2019-08-31,Union Berlin,Dortmund,3,1,23,3,0,0.2480238862915067,0.24039484333602965,0.5115812703724638,0.41359173589201625,0.24598600308920757,0.24229911669681067,0.5117148802139819,0.4151946130848991,0.12188044109112015,0.1807893209518282,0.6973302379570517,1.0,144.0,180.0
2019/20,2019-08-31,Schalke 04,Hertha,3,0,24,3,0,0.4382822282716884,0.2612408788543117,0.30047689287400026,0.20290660911331643,0.4503681884626335,0.2684568399999964,0.28117497153737053,0.19057724643644403,0.45593869731800774,0.2720306513409962,0.2720306513409962,1.0,144.0,180.0
2019/20,2019-08-31,Wolfsburg,Paderborn,1,1,25,3,1,0.588961065289793,0.2300759080502841,0.18096302665992273,0.18981137672260387,0.5738637116996154,0.23748009311517285,0.18865619518521162,0.18245535979371003,0.6543456948169274,0.2017565892352193,0.14389771594785328,1.0,144.0,180.0
2019/20,2019-09-01,Werder Bremen,Augsburg,3,2,26,3,0,0.4973970681001424,0.26524635643451944,0.23735657546533845,0.15447392553548284,0.5178029021814211,0.26340971353741377,0.21878738428116482,0.1401909803326272,0.6157099190890022,0.21529277794426133,0.16899730296673662,1.0,144.0,180.0
2019/20,2019-09-01,Ein Frankfurt,Fortuna Dusseldorf,2,1,27,3,0,0.47312276429730554,0.26430611357868367,0.26257112212401085,0.17327160783758744,0.48597255829022074,0.263194057472268,0.2508333842375112,0.1635707987393717,0.5980260956841753,0.22582803613248575,0.1761458681833389,1.0,144.0,180.0
2019/20,2019-09-13,Fortuna Dusseldorf,Wolfsburg,1,1,28,4,1,0.34243475051054834,0.28993341540276146,0.36763183408669026,0.1262073618955826,0.3604257264402649,0.28620076777633224,0.353373505783403,0.12738976943482266,0.30546455248329185,0.2569781155811821,0.43755733193552615,1.0,144.0,180.0
2019/20,2019-09-14,RB Leipzig,Bayern Munich,1,1,29,4,1,0.44788565699131927,0.258672362918387,0.29344198009029393,0.143354878708929,0.3898062447056242,0.26978627483290746,0.34040748046146885,0.13391308058281293,0.20863690555040407,0.21512783150086104,0.576235262948735,1.0,144.0,180.0
2019/20,2019-09-14,Mainz,Hertha,2,1,30,4,0,0.37550723254608354,0.26439394000397276,0.3600988274499435,0.25983119106653785,0.42635369375683135,0.2599340259840835,0.31371228025908515,0.21374273972589303,0.4028673563957557,0.2734958672996539,0.3236367763045904,1.0,144.0,180.0
2019/20,2019-09-14,Union Berlin,Werder Bremen,1,2,31,4,2,0.3701196167794124,0.26198530586408203,0.36789507735650573,0.26827258197753867,0.3619836124644841,0.2687441941174315,0.36927219341808465,0.264424850844236,0.40810502283105027,0.2522831050228311,0.3396118721461188,1.0,144.0,180.0
2019/20,2019-09-14,Dortmund,Leverkusen,4,0,32,4,0,0.45625190203279237,0.26902523330956346,0.2747228646576441,0.18556732320432912,0.4159384962229568,0.2772646560470303,0.30679684773001326,0.21762607298568687,0.527599486521181,0.23620025673940953,0.23620025673940953,1.0,144.0,180.0
2019/20,2019-09-14,Augsburg,Ein Frankfurt,2,1,33,4,0,0.35844577008239853,0.26476122641199623,0.37679300350560524,0.27678239870797083,0.3266922136514507,0.2613345569291146,0.41197322941943476,0.31153265845793093,0.248771242041828,0.24196406875212625,0.5092646892060457,1.0,144.0,180.0
2019/20,2019-09-14,FC Koln,M'gladbach,0,1,34,4,2,0.42593068132915174,0.26933350494976677,0.3047358137210814,0.33240461700980106,0.42669468341702,0.26902479219961234,0.3042805243833677,0.33304697080431633,0.4376781002638522,0.2577308707124011,0.3045910290237467,1.0,144.0,180.0
2019/20,2019-09-15,Hoffenheim,Freiburg,0,3,35,4,2,0.44125208601383314,0.2859493872554113,0.27279852673075544,0.3617626930682594,0.5176335016294185,0.2608892278285198,0.22147727054206198,0.4370210411458856,0.48653420737523595,0.26586568709029285,0.24760010553447123,1.0,144.0,180.0
2019/20,2019-09-15,Paderborn,Schalke 04,1,5,36,4,2,0.3862541404879237,0.2793484427180681,0.334397416794008,0.29610952990727696,0.38188033879236144,0.28465172219333684,0.33346793901430166,0.2950487907390057,0.3140230004336208,0.26225164090267244,0.42372535866370664,1.0,144.0,180.0
2019/20,2019-09-20,Schalke 04,Mainz,2,1,37,5,0,0.5281531564102174,0.2417748756669958,0.23007196792278659,0.13778627711475228,0.5022616393056145,0.2585126900527111,0.2392256706416746,0.15248619860034654,0.5779121564914244,0.2368030299769739,0.18528481353160167,1.0,144.0,180.0
2019/20,2019-09-21,Leverkusen,Union Berlin,2,0,38,5,0,0.6081666064377278,0.20277404743372862,0.18905934612854353,0.09463842233453948,0.6512324636630857,0.1956806557971539,0.15308688053976022,0.07253719369795784,0.7058822603568736,0.17487499035965945,0.11924274928346694,1.0,144.0,180.0
2019/20,2019-09-21,Hertha,Paderborn,2,1,39,5,0,0.6103159199183558,0.22125877866251223,0.16842530141913192,0.09011038221360139,0.5758832625677995,0.22983296985823656,0.19428376757396407,0.10881059465643406,0.5945579256802593,0.20886409889198765,0.1965779754277531,1.0,144.0,180.0
2019/20,2019-09-21,Werder Bremen,RB Leipzig,0,3,40,5,2,0.31098171568194016,0.24238980070545774,0.44662848361260243,0.20146483131868562,0.3094027725084523,0.2541422377103591,0.43645498978118846,0.2066565270892186,0.2278638511694682,0.226799066818209,0.5453370820123228,1.0,144.0,180.0
2019/20,2019-09-21,Bayern Munich,FC Koln,4,0,41,5,0,0.651359478844706,0.20144501279377472,0.14719550836151918,0.07160836533662054,0.6716239774574031,0.19212818646654048,0.13624783607605653,0.06319714250815202,0.8681120999810642,0.09366912832165625,0.03821877169727956,1.0,144.0,180.0
2019/20,2019-09-21,Freiburg,Augsburg,1,1,42,5,1,0.4551556906484906,0.2545339397360909,0.29031036961541834,0.1457234067179727,0.47110292892107564,0.25825813044870005,0.27063894063022426,0.14759170291173307,0.49159462458224534,0.2581849752447867,0.25022040017296804,1.0,144.0,180.0
2019/20,2019-09-22,Ein Frankfurt,Dortmund,2,2,43,5,1,0.38645916937700836,0.2653566088315612,0.3481842217914304,0.13529147095003563,0.36310543747608504,0.2615122504411253,0.37538231208278994,0.13637871947466002,0.18327605956471935,0.21076746849942726,0.6059564719358533,1.0,144.0,180.0
2019/20,2019-09-22,M'gladbach,Fortuna Dusseldorf,2,1,44,5,0,0.5616152744053343,0.2380409434336798,0.2003437821609861,0.11615939934263945,0.5121202408223947,0.25411526547807234,0.23376449369953275,0.14633624896489855,0.5424625717586634,0.24644873183959579,0.21108869640174077,1.0,144.0,180.0
2019/20,2019-09-23,Wolfsburg,Hoffenheim,1,1,45,5,1,0.6016008427146389,0.22431684635317967,0.17408231093218168,0.19611411246722618,0.545390021537889,0.2384696290731346,0.21614034938897675,0.1720834631135439,0.45546890922157746,0.25665311551374603,0.2878779752646765,1.0,144.0,180.0
2019/20,2019-09-27,Union Berlin,Ein Frankfurt,1,2,46,6,2,0.28645250114617893,0.2709622726486006,0.4425852262052205,0.19638313272879346,0.26680058126564393,0.262877477218154,0.4703219415162018,0.17587069790142554,0.3249413788009076,0.2752336324687575,0.39982498873033484,1.0,144.0,180.0
2019/20,2019-09-28,Augsburg,Leverkusen,0,3,47,6,2,0.36986631265829417,0.275330418411983,0.35480326892972264,0.27653995551160726,0.2695779056889996,0.27110641338122743,0.45931568092977326,0.18250589006205115,0.22505101949748024,0.2287577421715564,0.5461912383309634,1.0,144.0,180.0
2019/20,2019-09-28,Hoffenheim,M'gladbach,0,3,48,6,2,0.36255394922186196,0.2823375122431354,0.3551085385350027,0.27366518158341435,0.4505675359163713,0.2590549934963635,0.2903774705872656,0.35328761933593905,0.34426379980953914,0.2750209392246177,0.38071526096584335,1.0,144.0,180.0
2019/20,2019-09-28,Paderborn,Bayern Munich,2,3,49,6,2,0.21355337051981882,0.20977858909847394,0.5766680403817074,0.11240749504731942,0.16317696740743984,0.1702928879750541,0.666530144617506,0.06891443357055506,0.0469745422116003,0.08525467354017632,0.8677707842482233,1.0,144.0,180.0
2019/20,2019-09-28,RB Leipzig,Schalke 04,1,3,50,6,2,0.5653396684195222,0.24384359214533777,0.19081673943514008,0.4871932449335368,0.567340663280977,0.24347471265467804,0.1891846240643452,0.4896485010328882,0.6084135759528428,0.22392999670486577,0.16765642734229122,1.0,144.0,180.0
2019/20,2019-09-28,Dortmund,Werder Bremen,2,2,51,6,1,0.6212316886959411,0.20319216001891785,0.17557615128514104,0.2083778979700567,0.6437518987838773,0.19954888395172557,0.15669921726439737,0.21948557593956108,0.7315155168826457,0.16619629643461145,0.10228818668274285,1.0,144.0,180.0
2019/20,2019-09-28,Mainz,Wolfsburg,0,1,52,6,2,0.38049610873014333,0.2997262750160025,0.31977761625385365,0.303739890054035,0.35850137734766835,0.299634450572907,0.34186417207942466,0.28083300277643825,0.33849121514632563,0.27136027582959626,0.3901485090240781,1.0,144.0,180.0
2019/20,2019-09-29,Fortuna Dusseldorf,Freiburg,1,2,53,6,2,0.3348510808232219,0.26163866455474005,0.4035102546220382,0.2339626313347729,0.40239030782049345,0.2763406122784416,0.3212690799010653,0.31129681086310923,0.37326997601033396,0.2788798671341576,0.3478501568555084,1.0,144.0,180.0
2019/20,2019-09-29,FC Koln,Hertha,0,4,54,6,2,0.37154009894013684,0.2794695015045479,0.34899039955531536,0.2809277724957974,0.383607486691565,0.2854800184223152,0.3309124948861201,0.297416396672668,0.4514594594594594,0.2696216216216216,0.2789189189189189,1.0,144.0,180.0
2019/20,2019-10-04,Hertha,Fortuna Dusseldorf,3,1,55,7,0,0.5595667279206916,0.23823152397143876,0.20220174810786948,0.11743350704618222,0.5988273155134547,0.2179521053402855,0.1832205791462599,0.09725465170041603,0.5802896308059398,0.2258936325048763,0.19381673668918387,1.0,144.0,180.0
2019/20,2019-10-05,Freiburg,Dortmund,2,2,56,7,1,0.3016483344141725,0.24986744543141948,0.44848422015440814,0.146064906691176,0.260203616576906,0.24555039610114107,0.494245987321953,0.15599250903177678,0.18404599841998148,0.2256601285988584,0.5902938729811601,1.0,144.0,180.0
2019/20,2019-10-05,Leverkusen,RB Leipzig,1,1,57,7,1,0.3621219925907882,0.27143979821503045,0.366438209194181,0.13270464933768072,0.4131798784751327,0.2730687568403905,0.3137513646844767,0.13457876540904848,0.3998150396800036,0.26400830065826325,0.3361766596617331,1.0,144.0,180.0
2019/20,2019-10-05,Bayern Munich,Hoffenheim,1,2,58,7,2,0.6805537376773946,0.18454120019733183,0.13490506212527373,0.6057713207015742,0.6939517167971386,0.17743683107932462,0.12861145212353647,0.6204434933079737,0.8730948319291693,0.08561265578104046,0.04129251228979029,1.0,144.0,180.0
2019/20,2019-10-05,Schalke 04,FC Koln,1,1,59,7,1,0.44155107763853607,0.26684544323254755,0.2916034791289167,0.13999997160192046,0.4666297651301869,0.2753479858128944,0.2580222490569188,0.14215940935692198,0.5988430506926473,0.21948546201857208,0.18167148728878066,1.0,144.0,180.0
2019/20,2019-10-05,Paderborn,Mainz,1,2,60,7,2,0.31157075717319976,0.2825870365842862,0.40584220624251394,0.22504991030412214,0.33005827027193624,0.27962196441686543,0.39031976531119816,0.24032422517254742,0.3901732500194226,0.24595731456920564,0.36386943541137173,1.0,144.0,180.0
2019/20,2019-10-06,M'gladbach,Augsburg,5,1,61,7,0,0.547272737066921,0.25377137889639645,0.19895588403668252,0.12227270919784754,0.5155700472212217,0.2675729218234981,0.21685703095528,0.14084967551199437,0.6211020390955465,0.2115544063294875,0.1673435545749659,1.0,144.0,180.0
2019/20,2019-10-06,Wolfsburg,Union Berlin,1,0,62,7,0,0.5649889950729609,0.25053837167972,0.18447263324731908,0.11163236341241621,0.5573592878621155,0.25161938991482463,0.19102132222306004,0.11620997279288979,0.4842068492966641,0.28625169620185137,0.22954145450148455,1.0,144.0,180.0
2019/20,2019-10-06,Ein Frankfurt,Werder Bremen,2,2,63,7,1,0.4818512888465267,0.2787365797549889,0.2394121313984847,0.14474941661191204,0.49016655484438915,0.28381543593397734,0.22601800922163337,0.14567369599026397,0.4840529155574595,0.2501147455708209,0.2658323388717195,1.0,144.0,180.0
2019/20,2019-10-18,Ein Frankfurt,Leverkusen,3,0,64,8,0,0.45306872474006205,0.2653185547684159,0.28161272049152225,0.1892197721000491,0.42655421759807943,0.26449212055397725,0.3089536618479435,0.21214621526190208,0.34808960921541715,0.2522519505742893,0.39965844021029373,1.0,144.0,180.0
2019/20,2019-10-19,RB Leipzig,Wolfsburg,1,1,65,8,1,0.4566530590183363,0.25650978050254913,0.28683716047911423,0.14540378647126273,0.45172272960557325,0.2601794047863224,0.2880978656081044,0.1435269023051276,0.6248921449662718,0.2191363856782175,0.15597146935551068,1.0,144.0,180.0
2019/20,2019-10-19,Fortuna Dusseldorf,Mainz,1,0,66,8,0,0.4110831837736034,0.24252586080671798,0.34639095541967874,0.23340485521539656,0.39733967588393865,0.25635454206592717,0.346305782050134,0.24156358047251555,0.3569131832797428,0.262379421221865,0.3807073954983924,1.0,144.0,180.0
2019/20,2019-10-19,Augsburg,Bayern Munich,2,2,67,8,1,0.2224785264636387,0.2189774249785099,0.5585440485578516,0.18073407445841377,0.1705691827757071,0.19499366753538527,0.6344371496889075,0.215802171509079,0.04842507996512566,0.1004934261345241,0.8510814939003502,1.0,144.0,180.0
2019/20,2019-10-19,Union Berlin,Freiburg,2,0,68,8,0,0.3093656716519426,0.2621157977895101,0.4285185305585471,0.33030195326241446,0.29012568942082684,0.26906914094945694,0.4408051696297162,0.3491153671962696,0.3622572557684953,0.2847065822462075,0.3530361619852973,1.0,144.0,180.0
2019/20,2019-10-19,Werder Bremen,Hertha,1,1,69,8,1,0.3876439824949819,0.2726442254818581,0.3397117920231602,0.13283597940207828,0.3551596669578773,0.28142589936894813,0.36341443367317444,0.12910421981781228,0.41022935213354733,0.2678356927152913,0.3219349551511614,1.0,144.0,180.0
2019/20,2019-10-19,Dortmund,M'gladbach,1,0,70,8,0,0.4861031588252306,0.2572688998766618,0.2566279412981077,0.16497393181215556,0.5341598323132325,0.24037005871422296,0.22547010897254452,0.1339219159352634,0.6167731549505739,0.21423315337884982,0.16899369167057612,1.0,144.0,180.0
2019/20,2019-10-20,FC Koln,Paderborn,3,0,71,8,0,0.4940517237420813,0.24718936871633204,0.25875890754158704,0.16146991524023732,0.4951559242213726,0.24708736640025075,0.25775670937837647,0.16065303103917272,0.5580693815987934,0.2187028657616893,0.2232277526395174,1.0,144.0,180.0
2019/20,2019-10-20,Hoffenheim,Schalke 04,2,0,72,8,0,0.42712820560996106,0.2735731702815697,0.2992986241084695,0.2088808796004429,0.4675033786158962,0.261417818350366,0.27107880303373766,0.17851818461984484,0.3641912512716175,0.27161749745676494,0.3641912512716175,1.0,144.0,180.0
2019/20,2019-10-25,Mainz,FC Koln,3,1,73,9,0,0.3445664203460035,0.2837877394068204,0.371645840247176,0.28385690395554064,0.33387857216092615,0.27759501645255835,0.3885264113865153,0.2973352644856252,0.3779207432531631,0.25831284844697583,0.3637664082998611,1.0,144.0,180.0
2019/20,2019-10-26,Bayern Munich,Union Berlin,2,1,74,9,0,0.7138897723697424,0.17386765042242297,0.11224257720783475,0.04722872924644727,0.7444287289234829,0.15276535081181908,0.10280592026469808,0.03794286592056902,0.8701198271326026,0.08812344964572892,0.04175672322166835,1.0,144.0,180.0
2019/20,2019-10-26,Hertha,Hoffenheim,2,3,75,9,2,0.5529644768984096,0.2539472167219364,0.19308830637965424,0.4784380970063934,0.5230420111034585,0.2514064539699173,0.22555153492662405,0.4366716852168291,0.4562133985684773,0.2537165898044012,0.29007001162712137,1.0,144.0,180.0
2019/20,2019-10-26,Freiburg,RB Leipzig,2,1,76,9,0,0.24899777843826024,0.22998990198232622,0.5210123195794137,0.41772908697209477,0.26515737264427636,0.24750972414475567,0.48733290321096795,0.38874352276554675,0.1955461852681513,0.22829094742390302,0.5761628673079457,1.0,144.0,180.0
2019/20,2019-10-26,Paderborn,Fortuna Dusseldorf,2,0,77,9,0,0.3602840975739949,0.2497763694735862,0.389939532952419,0.28064463758793434,0.3745307402198601,0.2532166367145085,0.3722526230656313,0.26489190515457955,0.37772397094431,0.2489104116222761,0.37336561743341407,1.0,144.0,180.0
2019/20,2019-10-26,Schalke 04,Dortmund,0,0,78,9,1,0.37183074347044676,0.26373921797967137,0.3644300385498818,0.1355336773936268,0.3514610002011835,0.2777626132281329,0.3707763865706839,0.1304999817504147,0.3054960264309313,0.27212251093847667,0.42238146263059206,1.0,144.0,180.0
2019/20,2019-10-26,Leverkusen,Werder Bremen,2,2,79,9,1,0.47078109619656056,0.2710672984541434,0.25815160534929593,0.14413854594022696,0.5527100734951241,0.24549610991484155,0.20179381659003398,0.173104584878479,0.5669203052678136,0.23026929263847062,0.20281040209371573,1.0,144.0,180.0
2019/20,2019-10-27,Wolfsburg,Augsburg,0,0,80,9,1,0.6234253042084184,0.21169853909048794,0.1648761567010941,0.2079216284879413,0.6212938849463402,0.212346950264133,0.1663591647895267,0.20684073159059257,0.5902505204072123,0.2343851945442683,0.1753642850485196,1.0,144.0,180.0
2019/20,2019-10-27,M'gladbach,Ein Frankfurt,4,2,81,9,0,0.5402544935691395,0.21996488768989633,0.23978061874096387,0.13443033790358405,0.5392528852755599,0.2215838271400293,0.23916328758441077,0.13474349092753996,0.4624194299093101,0.2502785574251421,0.2873020126655477,1.0,144.0,180.0
2019/20,2019-11-01,Hoffenheim,Paderborn,3,0,82,10,0,0.5564749334622076,0.24308805399948502,0.20043701253830698,0.11844474032131742,0.6190219085148111,0.21170311654119012,0.16927497494399876,0.08689916166699418,0.6594912760142947,0.19159133907925166,0.14891738490645365,1.0,144.0,180.0
2019/20,2019-11-02,Werder Bremen,Freiburg,2,2,83,10,1,0.4187712293799533,0.26111186279142085,0.32011690782862584,0.13892208861707922,0.4087723848667728,0.2813021312123839,0.30992548392084335,0.13157433410661895,0.5175931166493905,0.2444912209298628,0.23791566242074674,1.0,144.0,180.0
2019/20,2019-11-02,Union Berlin,Hertha,1,0,84,10,0,0.3266634971692383,0.29046000716130993,0.38287649566945187,0.29998822849024,0.3184929071109218,0.2799516109591121,0.40155548192996615,0.31284936136306496,0.36773904927920775,0.2830411341390986,0.3492198165816937,1.0,144.0,180.0
2019/20,2019-11-02,RB Leipzig,Mainz,8,0,85,10,0,0.6178442532516322,0.20501157692950642,0.17714416981886147,0.08871153583680813,0.5915159452195138,0.22198814332221703,0.186495911458269,0.10081997400027892,0.7262906772921871,0.16099443346643483,0.11271488924137794,1.0,144.0,180.0
2019/20,2019-11-02,Dortmund,Wolfsburg,3,0,86,10,0,0.3958664905622765,0.2625717062431575,0.34156180319456575,0.2408208813135317,0.42658062705012506,0.26775453552718714,0.30566483742268796,0.21112038505543296,0.6364478049533215,0.2208677313993262,0.14268446364735232,1.0,144.0,180.0
2019/20,2019-11-02,Ein Frankfurt,Bayern Munich,5,1,87,10,0,0.2896450254981388,0.23724199023922718,0.47311298426263443,0.3642200428387176,0.25908349706120565,0.22986672001275843,0.511049782926036,0.4050645724779004,0.14489660912059069,0.1658095217771708,0.6892938691022387,1.0,144.0,180.0
2019/20,2019-11-02,Leverkusen,M'gladbach,1,2,88,10,2,0.3511176305489832,0.23843358919570445,0.41044878025531256,0.23542711559239068,0.4642435177864661,0.23884973497157969,0.29690674724195465,0.35493108294032105,0.5048103725389835,0.2479094195929359,0.2472802078680807,1.0,144.0,180.0
2019/20,2019-11-03,Fortuna Dusseldorf,FC Koln,2,0,89,10,0,0.5195042615255823,0.25985811157539396,0.22063762689902372,0.13977855854785443,0.5203508981290833,0.2548190681750939,0.2248300336958228,0.1403059024886209,0.32797211350293537,0.2805772994129158,0.3914505870841487,1.0,144.0,180.0
2019/20,2019-11-03,Augsburg,Schalke 04,2,3,90,10,2,0.28261260004343963,0.27000967801336573,0.44737772194319475,0.1926306319540031,0.2905905785570461,0.27323208293941187,0.4361773385035418,0.2011694389815341,0.2249509775340549,0.2393922748572288,0.5356567476087164,1.0,144.0,180.0
2019/20,2019-11-08,FC Koln,Hoffenheim,1,2,91,11,2,0.39437316768523917,0.2757530509387886,0.3298737813759725,0.302299672138714,0.41300897239262796,0.27102781630425626,0.3159632113031159,0.3192413697837802,0.42429956005424896,0.2550251948882494,0.32067524505750167,1.0,144.0,180.0
2019/20,2019-11-09,Bayern Munich,Dortmund,4,0,92,11,0,0.3958752591770288,0.24068650365240113,0.3634382371705699,0.2485270273560368,0.5013561793938611,0.23505648038626709,0.263587340219872,0.15906197287643684,0.6060649992751197,0.20076687346587813,0.1931681272590023,1.0,144.0,180.0
2019/20,2019-11-09,Schalke 04,Fortuna Dusseldorf,3,3,93,11,1,0.485549857025142,0.27322691655785425,0.24122322641700417,0.14697365431008244,0.49305326816521133,0.27848285298101155,0.22846387885377734,0.14764863459465458,0.5766845538382442,0.24652164133543264,0.17679380482632306,1.0,144.0,180.0
2019/20,2019-11-09,Paderborn,Augsburg,0,1,94,11,2,0.30706221890634133,0.27389472870544807,0.41904305238821093,0.21589909062904666,0.34472067937603357,0.2707943717354835,0.38448494888848295,0.2488455624671438,0.37068138561096303,0.2682832127902551,0.3610354015987819,1.0,144.0,180.0
2019/20,2019-11-09,Mainz,Union Berlin,2,3,95,11,2,0.43071069186568467,0.25385356453785496,0.3154357435964601,0.327069960616374,0.49067919944656796,0.23702582365994526,0.2722949768934867,0.38516033871198785,0.3867897306468554,0.2906713245280261,0.32253894482511863,1.0,144.0,180.0
2019/20,2019-11-09,Hertha,RB Leipzig,2,4,96,11,2,0.34297331701577277,0.25574772756415337,0.4012789554200738,0.23804879270383983,0.34254430585632356,0.257242266670876,0.4002134274728007,0.23854026702925807,0.21224086870681144,0.22507403751233956,0.562685093780849,1.0,144.0,180.0
2019/20,2019-11-10,M'gladbach,Werder Bremen,3,1,97,11,0,0.6017690636208016,0.20629189464235045,0.1919390417368478,0.0977142372161563,0.5322959570244354,0.24072031893153237,0.22698372404403216,0.13513434139829306,0.47646117335393784,0.2505105138252663,0.27302831282079587,1.0,144.0,180.0
2019/20,2019-11-10,Wolfsburg,Leverkusen,0,2,98,11,2,0.43518624037631437,0.29887596176683506,0.26593779785685084,0.36411719021406064,0.37916487561804396,0.29412709314835533,0.32670803123360076,0.2985440390538904,0.29913630199823826,0.2649027197532083,0.4359609782485535,1.0,144.0,180.0
2019/20,2019-11-10,Freiburg,Ein Frankfurt,1,0,99,11,0,0.3271734840337642,0.26930964128871404,0.403516874677522,0.30776069436838915,0.3041499212360076,0.2739436150818529,0.42190646368213974,0.3311061981063115,0.34173889408993446,0.26373327696071025,0.39452782894935523,1.0,144.0,180.0
2019/20,2019-11-22,Dortmund,Paderborn,3,3,100,12,1,0.6238116355019498,0.20939324304817838,0.1667951214498715,0.20848078456354752,0.5961867653968629,0.22032743447551287,0.1834858001276243,0.19455284904142425,0.825999579200917,0.11614054689370469,0.057859873905378244,1.0,144.0,180.0
2019/20,2019-11-23,Leverkusen,Freiburg,1,1,101,12,1,0.5507981480580124,0.25874838348638335,0.1904534684556044,0.16982556177545302,0.553913838345091,0.254255093228526,0.19183106842638326,0.17180984956189962,0.663604520027186,0.21154205223574052,0.12485342773707366,1.0,144.0,180.0
2019/20,2019-11-23,Ein Frankfurt,Wolfsburg,0,2,102,12,2,0.4377121038436864,0.2901156353196892,0.27217226083662455,0.3606625518734684,0.4348723455509231,0.2821446330523964,0.2829830213966807,0.3516136522651973,0.4555515324029096,0.2687880232737389,0.27566044432335157,1.0,144.0,180.0
2019/20,2019-11-23,Fortuna Dusseldorf,Bayern Munich,0,4,103,12,2,0.2978889916487665,0.24026934053035384,0.4618416678208799,0.18917612091966565,0.2323985325225225,0.22193637862796464,0.5456650888495128,0.1302146447043715,0.09060266954294188,0.14358905217743023,0.7658082782796278,1.0,144.0,180.0
2019/20,2019-11-23,Union Berlin,M'gladbach,2,0,104,12,0,0.26365610701646186,0.21736950896683083,0.518974384016707,0.40576836999983656,0.2733860287660338,0.23645384365497704,0.4901601275789895,0.384112406930323,0.2697182360951084,0.25892950665130404,0.4713522572535875,1.0,144.0,180.0
2019/20,2019-11-23,Werder Bremen,Schalke 04,1,2,105,12,2,0.3427927479603887,0.3151367437923643,0.3420705082472471,0.2751890420861352,0.3874624245797152,0.32567147635141963,0.2868660990688657,0.3293435455592245,0.341862545499414,0.28471836633968783,0.37341908816089825,1.0,144.0,180.0
2019/20,2019-11-23,RB Leipzig,FC Koln,4,1,106,12,0,0.6602574413805172,0.17990352002033508,0.15983903859914805,0.07048676219880626,0.6497238861861601,0.19069808799694465,0.1595780258168955,0.07407925111607193,0.6804847699425547,0.19287193080208134,0.12664329925536402,1.0,144.0,180.0
2019/20,2019-11-24,Augsburg,Hertha,4,0,107,12,0,0.5044259932200932,0.2624108106948746,0.23316319608503216,0.14997933610223915,0.482183371461495,0.2575552953583867,0.2602613331801182,0.16793501116983833,0.36244620886114304,0.26395539123583245,0.3735983999030244,1.0,144.0,180.0
2019/20,2019-11-24,Hoffenheim,Mainz,1,5,108,12,2,0.5545070783686457,0.2524952014205063,0.19299772021084804,0.47936538977291,0.5330734980535428,0.25965056874723136,0.20727593319922616,0.4562894002060993,0.5602375171149527,0.2447502284365829,0.19501225444846443,1.0,144.0,180.0
2019/20,2019-11-29,Schalke 04,Union Berlin,2,1,109,13,0,0.49243632897054496,0.2912783968063214,0.2162852742231339,0.1522000999973365,0.47442997937484654,0.2988205212186139,0.22674949940653918,0.16381959103052024,0.5638424821002387,0.2565632458233891,0.17959427207637232,1.0,144.0,180.0
2019/20,2019-11-30,FC Koln,Augsburg,1,1,110,13,1,0.319038403308823,0.2778751603796946,0.403086436311482,0.13213208896206696,0.3549359973701829,0.27533455947743124,0.36972944315238593,0.1313397116814699,0.479442568436209,0.25679905380620166,0.26375837775758926,1.0,144.0,180.0
2019/20,2019-11-30,Hoffenheim,Fortuna Dusseldorf,1,1,111,13,1,0.521198306315426,0.25057541771949354,0.22822627596508036,0.16186745377347883,0.5225061674850652,0.23253194952103698,0.24496188299389804,0.16650950958992355,0.5484243678996851,0.2501832812325883,0.20139235086772664,1.0,144.0,180.0
2019/20,2019-11-30,Hertha,Dortmund,1,2,112,13,2,0.37788469898906013,0.2509581444551597,0.3711571565557801,0.2691200837405321,0.3766766530735618,0.24945221609471913,0.3738711308317191,0.26696133088832535,0.21562836593586046,0.22671206698863833,0.5576595670755011,1.0,144.0,180.0
2019/20,2019-11-30,Bayern Munich,Leverkusen,1,2,113,13,2,0.44931965149200526,0.2637695867992783,0.2869107617087163,0.35519220549187003,0.5528570721014568,0.23605093554351464,0.21109199235502848,0.46401339334947694,0.7659476736396869,0.144691764435683,0.08936056192463014,1.0,144.0,180.0
2019/20,2019-11-30,Paderborn,RB Leipzig,2,3,114,13,2,0.15814671693710913,0.1690503540482598,0.6728029290146311,0.06603415366969534,0.16411752380048222,0.1781875237452705,0.6576949524542475,0.07205365359685095,0.13851966620457204,0.1515670444969964,0.7099132892984317,1.0,144.0,180.0
2019/20,2019-12-01,M'gladbach,Freiburg,4,2,115,13,0,0.604331933634043,0.20809302699451726,0.18757503937143966,0.09586880706848624,0.6097396298253082,0.2095280928306534,0.18073227734403827,0.09248365630142497,0.6250488809668883,0.21919134966033413,0.15575976937277763,1.0,144.0,180.0
2019/20,2019-12-01,Wolfsburg,Werder Bremen,2,3,116,13,2,0.4999787713685685,0.2664985799233906,0.23352264870804093,0.4187331509313803,0.49698487790394225,0.27393527836471143,0.22907984373134613,0.4206559281032409,0.4577947093570756,0.26089375909596785,0.28131153154695665,1.0,144.0,180.0
2019/20,2019-12-02,Mainz,Ein Frankfurt,2,1,117,13,0,0.42877936542130135,0.24856551896187562,0.3226551156168232,0.2151996685010983,0.416016874344558,0.2553037089199959,0.3286794167354466,0.22453322501792639,0.31963130225004455,0.2485112938210065,0.431857403928949,1.0,144.0,180.0
2019/20,2019-12-06,Ein Frankfurt,Hertha,2,2,118,14,1,0.5154289377553234,0.2623903579793538,0.22218070426532296,0.15751562761170793,0.47504310943913247,0.2664835662683417,0.25847332429252606,0.14623720759821443,0.5329681839465706,0.24557015057791357,0.2214616654755157,1.0,144.0,180.0
2019/20,2019-12-07,Freiburg,Wolfsburg,1,0,119,14,0,0.34731125585257855,0.28897171160831003,0.36371703253911164,0.2791463382478976,0.29543205240959575,0.255204003457136,0.4493639441332681,0.34917197352938084,0.29599595280253543,0.2781853080780276,0.425818739119437,1.0,144.0,180.0
2019/20,2019-12-07,Dortmund,Fortuna Dusseldorf,5,0,120,14,0,0.5037606898934865,0.2552405781540122,0.24099873195250107,0.152166920848851,0.5292973538729039,0.2367203364187273,0.23398230970836884,0.13815435116375666,0.7333711691259932,0.16923950056753692,0.09738933030646993,1.0,144.0,180.0
2019/20,2019-12-07,Augsburg,Mainz,2,1,121,14,0,0.5131949071160296,0.24629671692566424,0.24050837595830638,0.14741173868193652,0.4671536480499421,0.2606249491258775,0.2722214028241798,0.17901486347102485,0.4475203499838635,0.2490049126833292,0.3034747373328074,1.0,144.0,180.0
2019/20,2019-12-07,M'gladbach,Bayern Munich,2,1,122,14,0,0.2821165305809015,0.20246606561958114,0.5154174037995175,0.3905058879023183,0.2556270538565604,0.20338651186792567,0.5409864342755141,0.42337870251019954,0.17759925122845333,0.1909367444037127,0.6314640043678341,1.0,144.0,180.0
2019/20,2019-12-07,RB Leipzig,Hoffenheim,3,1,123,14,0,0.5556324125690929,0.22851871738384638,0.2158488700470609,0.12202664372987887,0.5457870188807705,0.22986760598726186,0.2243453751319677,0.12832013978016038,0.6896113844816045,0.1828515034610315,0.1275371120573641,1.0,144.0,180.0
2019/20,2019-12-07,Leverkusen,Schalke 04,2,1,124,14,0,0.6146314622251676,0.23180476678382178,0.15356377099101068,0.08604537083384597,0.5546139534174414,0.25740043453651046,0.18798561204604827,0.11685366041338421,0.4561663396516667,0.2563678900944723,0.287465770253861,1.0,144.0,180.0
2019/20,2019-12-08,Union Berlin,FC Koln,2,0,125,14,0,0.5966802444056344,0.22495662216006695,0.17836313343429894,0.09724011631060012,0.5542418587054895,0.23388430790729833,0.21187383338721205,0.12179542090226449,0.45373275793978474,0.2735177752087717,0.2727494668514437,1.0,144.0,180.0
2019/20,2019-12-08,Werder Bremen,Paderborn,0,1,126,14,2,0.5786596202030505,0.24541178102287478,0.17592859877407513,0.5069703151859992,0.5576107259212961,0.25636964544093027,0.18601962863777355,0.4867468833127314,0.6312940535067565,0.19591884419175204,0.1727871023014915,1.0,144.0,180.0
2019/20,2019-12-13,Hoffenheim,Augsburg,2,4,127,15,2,0.36373347700451675,0.2711729433568585,0.3650935796386251,0.2677041024549453,0.3794177840739621,0.2591385668748401,0.3614436490511978,0.27585603410432274,0.49832193042733514,0.24663141226733587,0.25504665730532894,1.0,144.0,180.0
2019/20,2019-12-14,Fortuna Dusseldorf,RB Leipzig,0,3,128,15,2,0.20504281651037598,0.1811105529587761,0.6138466305308479,0.09557849067744359,0.21326208778836322,0.1908539999486439,0.5958839122629931,0.104395265227858,0.14709302325581394,0.19098837209302327,0.6619186046511627,1.0,144.0,180.0
2019/20,2019-12-14,Mainz,Dortmund,0,4,129,15,2,0.29625987040919455,0.218952567812101,0.4847875617787046,0.17660688365640254,0.2843301054081661,0.218309337270788,0.4973605573210463,0.1667450090890142,0.15382188214877338,0.20115169204070366,0.6450264258105229,1.0,144.0,180.0
2019/20,2019-12-14,Paderborn,Union Berlin,1,1,130,15,1,0.2879445710895296,0.26541828680877744,0.44663714210169314,0.14119840636235054,0.3644452995517886,0.2931149157570023,0.3424397846912092,0.12504269125237727,0.3337237507273098,0.2682696449216772,0.3980066043510129,1.0,144.0,180.0
2019/20,2019-12-14,FC Koln,Leverkusen,2,0,131,15,0,0.24971852805714329,0.2291911572061273,0.5210903147367292,0.41722870162658177,0.24285946276547693,0.2300893219241854,0.5270512153103377,0.425522388341943,0.25751628656192976,0.2581993536350383,0.4842843598030321,1.0,144.0,180.0
2019/20,2019-12-14,Bayern Munich,Werder Bremen,6,1,132,15,0,0.7081326289979144,0.165410519018932,0.12645685198315357,0.05058894883457915,0.747545259635702,0.1436530296354553,0.10880171072884275,0.03778560409496396,0.8686498000017531,0.08578303185070695,0.04556716814753998,1.0,144.0,180.0
2019/20,2019-12-14,Hertha,Freiburg,1,0,133,15,0,0.4352590613618388,0.27877403166726933,0.2859669069708921,0.20035469982820506,0.4759392428224941,0.26160834584442344,0.26245241133308206,0.17176047271400513,0.4969910358631532,0.2654230055290954,0.23758595860775128,1.0,144.0,180.0
2019/20,2019-12-15,Wolfsburg,M'gladbach,2,1,134,15,0,0.38681919848023333,0.26076560435847307,0.3524151971612934,0.25009358327132847,0.4687873486633417,0.2606745776267815,0.27053807370987665,0.1776888651333864,0.36234308981153507,0.2766608207108017,0.3609960894776632,1.0,144.0,180.0
2019/20,2019-12-15,Schalke 04,Ein Frankfurt,1,0,135,15,0,0.29476946311024776,0.27299579679673797,0.4322347400930145,0.34208849035254185,0.3101949359556748,0.2800720982770159,0.4097329657673096,0.3218560648088353,0.5160813035789366,0.240752568418958,0.24316612800210546,1.0,144.0,180.0
2019/20,2019-12-17,Dortmund,RB Leipzig,3,3,136,16,1,0.3449276253343892,0.2605345816766622,0.3945377929889485,0.13731756840770565,0.3334180804277552,0.24610326618052752,0.4204786533917174,0.1439849571571205,0.43181611138845666,0.2517062825450849,0.31647760606645853,1.0,144.0,180.0
2019/20,2019-12-17,Union Berlin,Hoffenheim,0,2,137,16,2,0.38230336962647116,0.2708270807273607,0.34686954964616784,0.2863676258035767,0.379178018226343,0.2745202872563433,0.34630169451731374,0.28554872204849624,0.3948649140362048,0.2713317565723642,0.33380332939143087,1.0,144.0,180.0
2019/20,2019-12-17,Werder Bremen,Mainz,0,5,138,16,2,0.4463156297820624,0.2625539509168535,0.29113041930108396,0.35084686191400793,0.4283216018996055,0.25407681849293307,0.31760157960746116,0.324563499404038,0.5666465851526903,0.22586612135456885,0.20748729349274098,1.0,144.0,180.0
2019/20,2019-12-17,Augsburg,Fortuna Dusseldorf,3,0,139,16,0,0.6271131351336654,0.21235159523860614,0.1605352696277284,0.08240809339214578,0.670135121472211,0.19633144762174254,0.1335334309060465,0.06332100762784645,0.5043893323052897,0.25284971723356076,0.2427609504611494,1.0,144.0,180.0
2019/20,2019-12-18,Wolfsburg,Schalke 04,1,1,140,16,1,0.581522993656818,0.25672494456133743,0.16175206178184437,0.18216636082113263,0.531560017474815,0.29242676073760737,0.17601322178757758,0.1567683532109343,0.46478684453725205,0.2683437859344908,0.2668693695282573,1.0,144.0,180.0
2019/20,2019-12-18,M'gladbach,Paderborn,2,0,141,16,0,0.678826896412428,0.17587358311738704,0.14529952047018482,0.062132056558469484,0.6712196247830964,0.18040445980483943,0.14837591541206435,0.06505597370106797,0.6954404182097479,0.17048715719780413,0.13407242459244792,1.0,144.0,180.0
2019/20,2019-12-18,Ein Frankfurt,FC Koln,2,4,142,16,2,0.5761744574508765,0.21788538409171454,0.20594015845740904,0.4812540186847283,0.5603131059724118,0.2255583360435601,0.2141285579840281,0.4657723500503571,0.49382707799432657,0.257364905727202,0.24880801627847146,1.0,144.0,180.0
2019/20,2019-12-18,Leverkusen,Hertha,0,1,143,16,2,0.5941640021652151,0.22497346854307418,0.18086252929171087,0.5120085286936797,0.6642506743770072,0.1864054101828288,0.14934391544016384,0.58242236630449,0.63613065172267,0.21111759620490358,0.1527517520724263,1.0,144.0,180.0
2019/20,2019-12-18,Freiburg,Bayern Munich,1,3,144,16,2,0.15893242229830543,0.17133400269151106,0.6697335750101836,0.06716771316658049,0.1549291255463809,0.16983269960618375,0.6752381748474354,0.06473663850949563,0.09704189240163785,0.11071446143417103,0.7922436461641912,1.0,144.0,180.0
2019/20,2019-12-20,Hoffenheim,Dortmund,2,1,145,17,0,0.34554675068557866,0.3002534540002375,0.35419979531418394,0.27688327526940687,0.41334039678002105,0.2573862926684739,0.3292733105515051,0.2262952015458855,0.21442252937826783,0.2213076564683957,0.5642698141533364,1.0,144.0,180.0
2019/20,2019-12-21,Bayern Munich,Wolfsburg,2,0,146,17,0,0.6581852004852197,0.195399977353847,0.14641482216093346,0.06913732865787361,0.6624878641456092,0.1999094958089468,0.137602640045444,0.06642446419823438,0.7880075137620666,0.14014127795768527,0.0718512082802482,1.0,144.0,180.0
2019/20,2019-12-21,Hertha,M'gladbach,0,0,147,17,1,0.2965851390452013,0.25333577359988907,0.4500790873549098,0.1452669647883449,0.35075794588080816,0.2511742552973905,0.39806779882180154,0.140744554528679,0.32982361170940727,0.26918751596338814,0.4009888723272047,1.0,144.0,180.0
2019/20,2019-12-21,Schalke 04,Freiburg,2,2,148,17,1,0.43337618746095236,0.2426683370772597,0.323955475461788,0.1463810349699318,0.40841051993869665,0.2680582831618937,0.32353119689941,0.13573579408188058,0.502559354366334,0.26868131687729213,0.2287593287563737,1.0,144.0,180.0
2019/20,2019-12-21,RB Leipzig,Augsburg,3,1,149,17,0,0.6408588923975506,0.18046822980568106,0.17867287779676858,0.08045316621504654,0.6530511955116156,0.1807475383155839,0.16620126617280043,0.07399816690668062,0.776978417266187,0.14273381294964027,0.08028776978417265,1.0,144.0,180.0
2019/20,2019-12-21,FC Koln,Werder Bremen,1,0,150,17,0,0.4709320583335144,0.2712481599557106,0.25781978171077513,0.17319196337030177,0.5999212283706258,0.2336196241379328,0.16645914749144128,0.09388583564602321,0.5022067563495979,0.2453820353809427,0.25241120826945934,1.0,144.0,180.0
2019/20,2019-12-21,Mainz,Leverkusen,0,1,151,17,2,0.3077343675138318,0.25472706052255617,0.4375385719636122,0.2055316494889355,0.34978543697042197,0.25254522207204727,0.3976693409575307,0.2425760373695622,0.2655541544817965,0.23991897620261318,0.4945268693155904,1.0,144.0,180.0
2019/20,2019-12-22,Paderborn,Ein Frankfurt,2,1,152,17,0,0.2783541614547041,0.25588974352510935,0.46575609502018683,0.3688507281690982,0.3009813760068828,0.2641131070117352,0.43490551698138186,0.33888492269503706,0.302261573271471,0.24363653261176504,0.45410189411676394,1.0,144.0,180.0
2019/20,2019-12-22,Fortuna Dusseldorf,Union Berlin,2,1,153,17,0,0.2961437152737361,0.2685267868923389,0.4353294978339251,0.3424627206164984,0.2647236215656333,0.26181483569920877,0.47346154273515784,0.38239859256635694,0.315040033793514,0.28530174151802,0.399658224688466,1.0,144.0,180.0
2019/20,2020-01-17,Schalke 04,M'gladbach,2,0,154,18,0,0.33598234021514917,0.25985392334590385,0.4041637364389471,0.30213388917922024,0.3646527092569084,0.2489138545908682,0.3864334361522235,0.27649849021550055,0.3539831194357729,0.2714533472077697,0.3745635333564573,1.0,144.0,180.0
2019/20,2020-01-18,Mainz,Freiburg,1,2,155,18,2,0.49711344097840426,0.2321049696792778,0.27078158934231766,0.3894406318217526,0.5773738771000764,0.20942451062915524,0.21320161227076825,0.4762061484454462,0.4344497325868587,0.26184402801856616,0.3037062393945752,1.0,144.0,180.0
2019/20,2020-01-18,Hoffenheim,Ein Frankfurt,1,2,156,18,2,0.3540843465128712,0.2469301120184638,0.3989855414686652,0.2432970519045804,0.40794937429569894,0.2473430071359091,0.3447076185683921,0.29791539857528015,0.39348559445660103,0.26447392414296134,0.3420404814004377,1.0,144.0,180.0
2019/20,2020-01-18,RB Leipzig,Union Berlin,3,1,157,18,0,0.6599671941071164,0.19025270134048466,0.149780104552399,0.06902819440155752,0.7053395999967187,0.17397289965741902,0.12068750034586231,0.05069511203491313,0.7770221979115248,0.14380709334481948,0.07917070874365577,1.0,144.0,180.0
2019/20,2020-01-18,FC Koln,Wolfsburg,3,1,158,18,0,0.1492243706822035,0.20367625171157971,0.6470993776062172,0.571278387969723,0.19115618150808922,0.24331728077122236,0.5655265377206884,0.48702429378946216,0.2995254883277751,0.2905307289185326,0.4099437827536922,1.0,144.0,180.0
2019/20,2020-01-18,Augsburg,Dortmund,3,5,159,18,2,0.3570059321852682,0.2683972906664632,0.37459677714826867,0.2592912133844024,0.33594775293613727,0.26555998450548923,0.39849226255837333,0.23733622545249228,0.17316355322615712,0.20052411465066428,0.6263123321231786,1.0,144.0,180.0
2019/20,2020-01-18,Fortuna Dusseldorf,Werder Bremen,0,1,160,18,2,0.24949799477448178,0.23520884493611616,0.515293160289402,0.1485949849293613,0.2926195171413458,0.25201296967198866,0.4553675131866658,0.1911253637522557,0.3624900832812746,0.26810208375651057,0.36940783296221485,1.0,144.0,180.0
2019/20,2020-01-19,Paderborn,Leverkusen,1,4,161,18,2,0.26836380777398877,0.24766389694256669,0.48397229528344415,0.16915186267899548,0.2771761286202744,0.24861263792928648,0.47421123345043953,0.17664021665331575,0.20207618312294745,0.20771350153624857,0.5902103153408038,1.0,144.0,180.0
2019/20,2020-01-19,Hertha,Bayern Munich,0,4,162,18,2,0.17823339873251323,0.23529176901859225,0.5864748322488942,0.1013851043936615,0.19005855024034896,0.22397315289967623,0.5859682968599749,0.10377225186224659,0.09398843625419119,0.13530638646144097,0.7707051772843677,1.0,144.0,180.0
2019/20,2020-01-24,Dortmund,FC Koln,5,1,163,19,0,0.6091121190864744,0.21681629992780757,0.17407158098571776,0.09154712537596696,0.6470362656379337,0.19964645001586662,0.1533172843461998,0.07404479372705436,0.7627956184040959,0.14458961721988087,0.09261476437602313,1.0,144.0,180.0
2019/20,2020-01-25,Bayern Munich,Schalke 04,5,0,164,19,0,0.7373413603536193,0.1456057647336275,0.11705287491275326,0.04134546825311396,0.7478053202326199,0.13938809885924125,0.11280658090813904,0.03816374059957794,0.8115062089974342,0.123332361265255,0.06516142973731084,1.0,144.0,180.0
2019/20,2020-01-25,Wolfsburg,Hertha,1,2,165,19,2,0.5509752674681543,0.2592765642079345,0.18974816832391103,0.48004088804803047,0.5793440616347422,0.2500330844626352,0.17062285390262247,0.5117529961100351,0.5525650609523753,0.25247750826805665,0.19495743077956795,1.0,144.0,180.0
2019/20,2020-01-25,Union Berlin,Augsburg,2,0,166,19,0,0.4636265665947379,0.24929691083884675,0.2870765225664154,0.18505469493588736,0.4985699331465161,0.24376618986838722,0.2576638769850965,0.1589113927238402,0.4440850852096031,0.2711780072148277,0.2847369075755691,1.0,144.0,180.0
2019/20,2020-01-25,M'gladbach,Mainz,3,1,167,19,0,0.38604422066944594,0.24472501583204526,0.36923076349850886,0.2566365278435399,0.3019032066680616,0.24034422864221208,0.4577525646897261,0.3484382716701786,0.5896800455571256,0.2218062556682766,0.1885136987745977,1.0,144.0,180.0
2019/20,2020-01-25,Ein Frankfurt,RB Leipzig,2,0,168,19,0,0.24602486725699704,0.22620111403566953,0.5277740187073335,0.42351195780865886,0.24497001586615139,0.22349151436087136,0.5315384697729771,0.42630171089487895,0.20482355027487145,0.21971980847668027,0.5754566412484483,1.0,144.0,180.0
2019/20,2020-01-25,Freiburg,Paderborn,0,2,169,19,2,0.5400618370052706,0.22564147354183217,0.23429668945289706,0.4389841737861502,0.45119107566474687,0.24746909821665072,0.30133982611860266,0.34584971266374803,0.5589080000813106,0.2285841229646967,0.21250787695399279,1.0,144.0,180.0
2019/20,2020-01-26,Werder Bremen,Hoffenheim,0,3,170,19,2,0.2947907075964139,0.2686491725523915,0.43656011985119497,0.2021830299136473,0.3321560304062228,0.2555912645241304,0.4122527050696468,0.22788725561658363,0.3901979264844487,0.26295947219604143,0.3468426013195099,1.0,144.0,180.0
2019/20,2020-01-26,Leverkusen,Fortuna Dusseldorf,3,0,171,19,0,0.6545980172051494,0.19656596047231237,0.1488360223225382,0.07072734562970467,0.6651883320463876,0.19250822549455388,0.14230344245905852,0.0661745613667893,0.7104038213145517,0.17566349036141643,0.11393268832403187,1.0,144.0,180.0
2019/20,2020-01-31,Hertha,Schalke 04,0,0,172,20,1,0.4564100878549448,0.27904783915057946,0.2645420729944757,0.1391463383399865,0.5806767059548871,0.22635046252563154,0.19297283151948122,0.18721197527163227,0.32807307355942084,0.29239140996987656,0.37953551647070255,1.0,144.0,180.0
2019/20,2020-02-01,RB Leipzig,M'gladbach,2,2,173,20,1,0.5093897223471261,0.23515331509689955,0.25545696255597444,0.16236807447560336,0.4766713657902849,0.24696276669761613,0.2763658675120992,0.15179684184504533,0.6120635167592061,0.2158616867141843,0.17207479652660956,1.0,144.0,180.0
2019/20,2020-02-01,Hoffenheim,Leverkusen,2,1,174,20,0,0.2665277924780548,0.20776746763206844,0.5257047398898766,0.4071734763748992,0.2722186630105296,0.219905546351524,0.507875790637947,0.39380174659315004,0.31188310848670314,0.2405068747036766,0.44761001680962026,1.0,144.0,180.0
2019/20,2020-02-01,Mainz,Bayern Munich,1,3,175,20,2,0.19825568946735855,0.1943622971169183,0.6073820134157231,0.09672710089783454,0.17613138197351932,0.17375527002845167,0.6501133479980291,0.07672146648252506,0.0644791368632844,0.09897414835393034,0.8365467147827853,1.0,144.0,180.0
2019/20,2020-02-01,Dortmund,Union Berlin,5,0,176,20,0,0.5653938771139769,0.23366355501505814,0.20094256787096487,0.11463019881629916,0.6076608815960299,0.2161254430790462,0.17621367532492407,0.09249062160076107,0.7725364625026847,0.14765605170158344,0.07980748579573188,1.0,144.0,180.0
2019/20,2020-02-01,Augsburg,Werder Bremen,2,1,177,20,0,0.6280438122193119,0.22209716676889626,0.14985902101179183,0.08040456590347757,0.5887615885863028,0.24795370555594884,0.16328470585774837,0.09788946309455634,0.4437232597871005,0.2586408305710906,0.29763590964180897,1.0,144.0,180.0
2019/20,2020-02-01,Fortuna Dusseldorf,Ein Frankfurt,1,1,178,20,1,0.20523127111006986,0.24248200035473058,0.5522867285351994,0.1735702525787841,0.23771408901533503,0.2593157870648795,0.5029701239197856,0.1547434668361375,0.2660550458715596,0.25688073394495414,0.47706422018348627,1.0,144.0,180.0
2019/20,2020-02-02,FC Koln,Freiburg,4,0,179,20,0,0.4496551693399165,0.2544134806063646,0.2959313500537187,0.19522739828944635,0.5309436027477017,0.2405282530427396,0.22852814420955872,0.13611950824958535,0.4745538803497662,0.2645054415064271,0.2609406781438067,1.0,144.0,180.0
2019/20,2020-02-02,Paderborn,Wolfsburg,2,4,180,20,2,0.31452793767121845,0.25299641032947967,0.43247565199930205,0.21050585457466373,0.32799758813770397,0.26217360433498804,0.40982880752730794,0.22794222712439507,0.25158597269061156,0.2542272952385445,0.4941867320708441,1.0,144.0,180.0
2019/20,2020-02-07,Ein Frankfurt,Augsburg,5,0,181,21,0,0.4729307347200121,0.24414486793501464,0.2829243973449733,0.17892411250790125,0.5221757305677384,0.23702161900283372,0.24080265042942778,0.14315097445615593,0.4854675201372087,0.26747521770645105,0.2470572621563403,1.0,144.0,180.0
2019/20,2020-02-08,Leverkusen,Dortmund,4,3,182,21,0,0.49413488480808426,0.21315522979467552,0.2927098853972399,0.17078929588869785,0.4274734180891517,0.21312220746713154,0.359404374443717,0.22847909568189928,0.26677916698626986,0.21810999463066655,0.5151108383830636,1.0,144.0,180.0
2019/20,2020-02-08,Werder Bremen,Union Berlin,0,2,183,21,2,0.2928494201175509,0.3049924183730857,0.4021581615093633,0.2215878233565251,0.3128373707210071,0.31246997120491526,0.37469265807407776,0.24443824619304755,0.42489100129114354,0.28243483467749475,0.29267416403136165,1.0,144.0,180.0
2019/20,2020-02-08,Wolfsburg,Fortuna Dusseldorf,1,1,184,21,1,0.6574577111185811,0.1968493250015209,0.14569296387989789,0.22673854081669645,0.6589179511154535,0.19989530639673422,0.14118674248781204,0.22705328127825347,0.6163597043765445,0.23430623144580506,0.14933406417765044,1.0,144.0,180.0
2019/20,2020-02-08,Hertha,Mainz,1,3,185,21,2,0.3766271680797965,0.2930492221893936,0.33032360973081015,0.29515724570989,0.3588142305919078,0.31412899548166107,0.3270567739264311,0.2908001187967826,0.47027167354270155,0.2767884707137043,0.252939855743594,1.0,144.0,180.0
2019/20,2020-02-08,Freiburg,Hoffenheim,1,0,186,21,0,0.3689252893978537,0.24107610430506085,0.3899986062970857,0.27517710163762593,0.37400164375128736,0.23424054747660694,0.3917578087721058,0.2726740613800059,0.35449578814220734,0.2718464892214118,0.3736577226363807,1.0,144.0,180.0
2019/20,2020-02-08,Schalke 04,Paderborn,1,1,187,21,1,0.43406949052438715,0.2704461327019396,0.2954843767736728,0.13786366976071354,0.4884393457739076,0.2545104954878373,0.257050158738255,0.15232388930370253,0.6035207041408281,0.22404480896179235,0.17243448689737947,1.0,144.0,180.0
2019/20,2020-02-09,Bayern Munich,RB Leipzig,0,0,188,21,1,0.41875212215720997,0.24049327704297316,0.3407546007998167,0.14573351888870473,0.5004021081495894,0.23486959823319342,0.26472829361721734,0.16024166964101844,0.657726099570664,0.181399130650821,0.16087476977851517,1.0,144.0,180.0
2019/20,2020-02-14,Dortmund,Ein Frankfurt,4,0,189,22,0,0.6167001781608471,0.20421738683399088,0.17908243500516208,0.08949463597465222,0.6159632593352314,0.20671871791250396,0.17731802275226455,0.08946294968659567,0.6806477866927875,0.1876737586609239,0.13167845464628858,1.0,144.0,180.0
2019/20,2020-02-15,Union Berlin,Leverkusen,2,3,190,22,2,0.21521142852388545,0.22859179421909862,0.5561967772570161,0.1216386297421751,0.24456956880983696,0.2281751938009537,0.5272552373892094,0.14165094228188121,0.30522441644956216,0.2740967139221281,0.4206788696283097,1.0,144.0,180.0
2019/20,2020-02-15,Fortuna Dusseldorf,M'gladbach,1,4,191,22,2,0.1390615771957865,0.17499294810590207,0.6859454746983116,0.05898418355732431,0.15629953821442133,0.2100537321959293,0.6336467295896495,0.07932213219320042,0.24149944350414576,0.2554809902333331,0.5030195662625212,1.0,144.0,180.0
2019/20,2020-02-15,RB Leipzig,Werder Bremen,3,0,192,22,0,0.736172376630651,0.15930809964994957,0.10451952371939958,0.04026467284562457,0.7162585095837344,0.17335327542102968,0.11038821499523603,0.0463473956967391,0.764377297106509,0.14184320977234188,0.09377949312114912,1.0,144.0,180.0
2019/20,2020-02-15,Augsburg,Freiburg,1,1,193,22,1,0.6212248246518522,0.19751520800400915,0.1812599673441388,0.2093877292626614,0.608484404897557,0.2003504150124765,0.19116518008996677,0.2033986985411817,0.45637893281087927,0.2687564826552956,0.27486458453382506,1.0,144.0,180.0
2019/20,2020-02-15,Hoffenheim,Wolfsburg,2,3,194,22,2,0.28585198941838885,0.2314109692334375,0.48273704134817397,0.17463616412384586,0.37192133615238226,0.2392029470646679,0.3888757167829503,0.25589918491146335,0.3823801362575973,0.28287185518471375,0.33474800855768894,1.0,144.0,180.0
2019/20,2020-02-15,Paderborn,Hertha,1,2,195,22,2,0.4373333413583696,0.2577867343458756,0.30487992429575467,0.337226185555376,0.4091082607243207,0.26929949085833266,0.3215922484173467,0.31380332320015497,0.3795813042044198,0.2889350226033643,0.3314836731922159,1.0,144.0,180.0
2019/20,2020-02-16,FC Koln,Bayern Munich,1,4,196,22,2,0.30287381464200197,0.24908837044790166,0.44803781491009653,0.19819740068250946,0.25686813488794724,0.23721005373298357,0.5059218113790694,0.15504724759587635,0.10843481281114821,0.15170611823894076,0.739859068949911,1.0,144.0,180.0
2019/20,2020-02-16,Mainz,Schalke 04,0,0,197,22,1,0.5142770252941086,0.26710555408616,0.2186174206197311,0.1561372176718909,0.5815059682593972,0.22501816180869555,0.19347586993190735,0.18779105168360363,0.35279927630917685,0.27540456327269075,0.37179616041813246,1.0,144.0,180.0
2019/20,2020-02-21,Bayern Munich,Paderborn,3,2,198,23,0,0.7646278117263485,0.13225232960672148,0.10311985866693009,0.033016886132107424,0.8014838782880306,0.10985570919313203,0.08866041251883762,0.023634659663785938,0.9097197631103006,0.06333117413975418,0.02694906274994523,1.0,144.0,180.0
2019/20,2020-02-22,Freiburg,Fortuna Dusseldorf,0,2,199,23,2,0.5998898596849418,0.21721786664046808,0.1828922736745902,0.51376644008675,0.5654679632845387,0.23222402759158023,0.2023080091238812,0.47803326490453535,0.5020748674436243,0.2556740090148271,0.24225112354154868,1.0,144.0,180.0
2019/20,2020-02-22,Hertha,FC Koln,0,5,200,23,2,0.3368196288298331,0.2584770391515437,0.4047033320186229,0.233912792637398,0.3214108484879049,0.26119878364934124,0.41739036786275413,0.2213694584924061,0.3638427660913094,0.29417074705254803,0.34198648685614247,1.0,144.0,180.0
2019/20,2020-02-22,M'gladbach,Hoffenheim,1,1,201,23,1,0.7110255985416296,0.15403409170795418,0.134940309750416,0.26188314448851047,0.6761378830188504,0.1660169907749869,0.1578451262061627,0.241038760360126,0.6103315331644592,0.21009233603482477,0.17957613080071613,1.0,144.0,180.0
2019/20,2020-02-22,Werder Bremen,Dortmund,0,2,202,23,2,0.16242622244334487,0.22934788414694632,0.6082258934097088,0.0899346141659179,0.1827045736470124,0.2324616373954143,0.5848337889575733,0.10287197201143068,0.1343116918974366,0.17590183328644246,0.6897864748161209,1.0,144.0,180.0
2019/20,2020-02-22,Schalke 04,RB Leipzig,0,5,203,23,2,0.21677878488433389,0.26906425841448567,0.5141569567011801,0.1415182521488935,0.2100184939504885,0.268361559342864,0.5216199467066475,0.13647762159509105,0.2241254164314385,0.2438845841269054,0.5319899994416561,1.0,144.0,180.0
2019/20,2020-02-23,Leverkusen,Augsburg,2,0,204,23,0,0.6039884664595273,0.19243060731663147,0.20358092622384102,0.09913516410961701,0.619667415201847,0.18729682810045326,0.19303575669769976,0.0909578392115489,0.623006936312044,0.19547788487523646,0.18151517881271956,1.0,144.0,180.0
2019/20,2020-02-23,Wolfsburg,Mainz,4,0,205,23,0,0.5441269145435572,0.23334484880741727,0.2225282366490258,0.12866954307485096,0.588495346658874,0.21623216009161436,0.19527249324951163,0.1037337131706404,0.5160727794945441,0.25070202208003695,0.23322519842541897,1.0,144.0,180.0
2019/20,2020-02-24,Ein Frankfurt,Union Berlin,1,2,206,23,2,0.4247334874882274,0.28718577735842105,0.2880807351533517,0.34361378752685234,0.442373399993649,0.2804231050439318,0.27720349496241925,0.35906450635824133,0.504917321981119,0.2592088925678472,0.23587378545103369,1.0,144.0,180.0
2019/20,2020-02-28,Fortuna Dusseldorf,Hertha,3,3,207,24,1,0.37571747058712224,0.31978335675343844,0.30449917265943915,0.11694168192733403,0.3287288492937714,0.30643435916512995,0.36483679154109866,0.12058427041000505,0.4325475127219856,0.2849724789697788,0.2824800083082355,1.0,144.0,180.0
2019/20,2020-02-29,Hoffenheim,Bayern Munich,0,6,208,24,2,0.22119190299117272,0.17332778970429696,0.6054803073045301,0.10228582293669211,0.2602627652105031,0.18730495558998628,0.5524322791995104,0.13402678582878116,0.12728386848775675,0.14010516326973516,0.7326109682425082,1.0,144.0,180.0
2019/20,2020-02-29,Dortmund,Freiburg,1,0,209,24,0,0.7741404663273914,0.13180481076152917,0.09405472291107929,0.029929409926344068,0.7399941550588383,0.15044842598397903,0.10955741895718248,0.039802933726063555,0.7999858308061129,0.13501870562128485,0.06499546357260225,1.0,144.0,180.0
2019/20,2020-02-29,Mainz,Paderborn,2,0,210,24,0,0.493254909511331,0.23781344303600813,0.26893164745266096,0.1645574088679858,0.4822302638286204,0.24101066670907928,0.2767590694623006,0.17234054111230918,0.5295262877093141,0.23809167236069897,0.2323820399299868,1.0,144.0,180.0
2019/20,2020-02-29,FC Koln,Schalke 04,3,0,211,24,0,0.5931904280705531,0.234459368018546,0.17235020391090103,0.09759931030077446,0.5980405700432618,0.23825789778435125,0.16370153217238667,0.09418478748336646,0.44569933476621937,0.26210502884625914,0.29219563638752144,1.0,144.0,180.0
2019/20,2020-02-29,Augsburg,M'gladbach,2,3,212,24,2,0.31072775164260646,0.26772956786765173,0.42154268048974175,0.21558230306793116,0.3046410778256486,0.26201935255191205,0.4333395696224391,0.20695511482722756,0.2491913777863118,0.24855242553557771,0.5022561966781104,1.0,144.0,180.0
2019/20,2020-03-01,Union Berlin,Wolfsburg,2,2,213,24,1,0.3476854093145576,0.24862531218814518,0.4036892784972971,0.14192508871194992,0.32750567870233216,0.2590580108961934,0.413436310401474,0.13909477617032978,0.3383348938826467,0.2923377028714107,0.36932740324594254,1.0,144.0,180.0
2019/20,2020-03-01,RB Leipzig,Leverkusen,1,1,214,24,1,0.6145606440531657,0.2138311538457225,0.17160820210111183,0.20356708012370892,0.6148941933339249,0.20398597500218096,0.18111983166389406,0.2054496312088678,0.6446608174620159,0.20062058634710037,0.15471859619088382,1.0,144.0,180.0
2019/20,2020-03-06,Paderborn,FC Koln,1,2,215,25,2,0.25057607474585014,0.22587195354206138,0.5235519717120887,0.14489554644723823,0.24490383264459104,0.22551132053757408,0.5295848468178346,0.14063415179370486,0.2990052579224102,0.24402444223390654,0.4569702998436834,1.0,144.0,180.0
2019/20,2020-03-07,Wolfsburg,RB Leipzig,0,0,216,25,1,0.2854895438611479,0.25543056526297064,0.45907989087588125,0.1461293129303288,0.29775748811819386,0.26110963510963053,0.44113287677217555,0.14162886834987592,0.27559455091202956,0.2593396444239206,0.46506580466404984,1.0,144.0,180.0
2019/20,2020-03-07,M'gladbach,Dortmund,1,2,217,25,2,0.33709787827930526,0.2794852214580623,0.38341690026263225,0.24690484921107494,0.33880318441729573,0.2837371117318936,0.37745970385081057,0.25117200905041015,0.27921830179881024,0.25497039664259774,0.465811301558592,1.0,144.0,180.0
2019/20,2020-03-07,Schalke 04,Hoffenheim,1,1,218,25,1,0.3646595559712791,0.26786574894587883,0.3674746950828422,0.13400712164369907,0.3414891108665359,0.26142824543042553,0.3970826437030385,0.13714471938530576,0.35301693856841776,0.28873624229178046,0.35824681913980166,1.0,144.0,180.0
2019/20,2020-03-07,Hertha,Werder Bremen,2,2,219,25,1,0.3520760368205017,0.3197088514114873,0.32821511176801105,0.11584134764805962,0.4403867926902083,0.2975453678035849,0.26206783950620693,0.13131003983970974,0.4226292384866388,0.27109830704044896,0.30627245447291224,1.0,144.0,180.0
2019/20,2020-03-07,Freiburg,Union Berlin,3,1,220,25,0,0.3906561056285996,0.2502299840701718,0.3591139103012291,0.25013139108977167,0.3938192263135993,0.2595948870036999,0.34658588668270074,0.24378845361733859,0.40334183732101414,0.3006274563883335,0.29603070629065253,1.0,144.0,180.0
2019/20,2020-03-07,Leverkusen,Ein Frankfurt,4,0,221,25,0,0.38899231808179174,0.2552266564971818,0.35578102542102646,0.2499552627063497,0.46916324224195477,0.2460837822366439,0.2847529755214016,0.1814359602276827,0.5337008642362806,0.2379306808541054,0.2283684549096141,1.0,144.0,180.0
2019/20,2020-03-08,Mainz,Fortuna Dusseldorf,1,1,222,25,1,0.5955382736171264,0.22048988336198,0.18397184302089362,0.19425573718368583,0.5490224836071962,0.2516813910324831,0.19929612536032051,0.17057231654492533,0.4851924554066741,0.2587693095502262,0.2560382350430998,1.0,144.0,180.0
2019/20,2020-03-08,Bayern Munich,Augsburg,2,0,223,25,0,0.7604631186048944,0.130716152159742,0.1088207292353637,0.034609934329904626,0.7181624086060024,0.15691037261367372,0.12492721878032381,0.047519618957478416,0.8601210619969992,0.09398395994503797,0.045894978057962804,1.0,144.0,180.0
2019/20,2020-03-11,M'gladbach,FC Koln,2,1,224,25,0,0.4794933645713805,0.23799570715243307,0.2825109282761866,0.1753697910603472,0.5899026674671425,0.20600515841657804,0.20409217411627972,0.10491671884303742,0.48481469064935245,0.2538296809682474,0.26135562838240023,1.0,144.0,180.0
2019/20,2020-05-16,RB Leipzig,Freiburg,1,1,225,26,1,0.7257863897758214,0.16435182443087695,0.10986178579330172,0.26941774778075694,0.7187709338746351,0.17160768032596735,0.10962138579939745,0.2643242518037977,0.7148071456147124,0.1742182290387113,0.11097462534657637,1.0,144.0,180.0
2019/20,2020-05-16,Ein Frankfurt,M'gladbach,1,3,226,26,2,0.24931371773236136,0.24100153606936633,0.5096847461982724,0.1512831889800921,0.2789098715676565,0.2574952037403956,0.4635949246919479,0.1827605606370618,0.3294464219958267,0.26954707254204,0.40100650546213334,1.0,144.0,180.0
2019/20,2020-05-16,Fortuna Dusseldorf,Paderborn,0,0,227,26,1,0.3732297159593247,0.2966305245125866,0.33013975952808877,0.12414634084817122,0.34913064010701506,0.3014181195348471,0.3494512403581379,0.12200418662468754,0.4419612871710326,0.26115894241924653,0.29687977040972097,1.0,144.0,180.0
2019/20,2020-05-16,Augsburg,Wolfsburg,1,2,228,26,2,0.2995246155993298,0.2636240151015765,0.4368513692990934,0.20342568780511605,0.2818039679019235,0.24963614349128363,0.46855988860679304,0.18092103416144636,0.2836725116259226,0.2673962199752549,0.44893126839882247,1.0,144.0,180.0
2019/20,2020-05-16,Hoffenheim,Hertha,0,3,229,26,2,0.5446536311643053,0.21236108436375575,0.2429852844719388,0.43485942873324723,0.5673630507920223,0.20734113895434875,0.2252958102536289,0.46103370650730613,0.44022876874932554,0.26271716844717813,0.2970540628034963,1.0,144.0,180.0
2019/20,2020-05-16,Dortmund,Schalke 04,4,0,230,26,0,0.6274938692584208,0.23415691983524586,0.13834921090633334,0.07895066079923381,0.6748128803374087,0.20228370767471496,0.12290341198787645,0.06042595573635707,0.624131583635176,0.21305148150347364,0.16281693486135027,1.0,144.0,180.0
2019/20,2020-05-17,FC Koln,Mainz,2,2,231,26,1,0.6643832301764396,0.1874578050751799,0.14815896474838025,0.23167807768749593,0.7064741776264032,0.16773680561146176,0.12578901676213503,0.2574643201954437,0.5334597398335444,0.24466950473568583,0.22187075543076965,1.0,144.0,180.0
2019/20,2020-05-17,Union Berlin,Bayern Munich,0,2,232,26,2,0.17115967255020437,0.16391624202971034,0.6649240854200854,0.07078575101952973,0.14894212567463608,0.1465426951504019,0.7045151791749623,0.054747518069241954,0.05288738106354804,0.11447538885905463,0.8326372300773974,1.0,144.0,180.0
2019/20,2020-05-18,Werder Bremen,Leverkusen,1,4,233,26,2,0.240959784245287,0.2661094971773703,0.4929307185773423,0.1575904368930126,0.22547465839966901,0.2559050190613153,0.5186203225390156,0.14128260772644435,0.23847860538827256,0.24690966719492866,0.5146117274167986,1.0,144.0,180.0
2019/20,2020-05-22,Hertha,Union Berlin,4,0,234,27,0,0.4420143491050241,0.2671376968473863,0.29084795404758973,0.19797025948917935,0.41322951384521667,0.26636885046227426,0.32040163569250896,0.22347840578837802,0.41237481851010754,0.2841070697293474,0.303518111760545,1.0,144.0,180.0
2019/20,2020-05-23,Paderborn,Hoffenheim,1,1,235,27,1,0.28926436438623604,0.23511035659398005,0.4756252790197838,0.15494663927321023,0.25622573035697993,0.23311951432037356,0.5106547553226468,0.16320995201529986,0.30503295711060946,0.24730293453724606,0.4476641083521444,1.0,144.0,180.0
2019/20,2020-05-23,Bayern Munich,Ein Frankfurt,5,2,236,27,0,0.6783419152182185,0.17526641040911625,0.14639167437266548,0.062447222915558084,0.701349048963447,0.1732058889912286,0.12544506204532435,0.052464427073296446,0.8436942704226638,0.1015640410012499,0.054741688576086314,1.0,144.0,180.0
2019/20,2020-05-23,Wolfsburg,Dortmund,0,2,237,27,2,0.3277597752497529,0.2975437140565017,0.37469651069374527,0.2492154620051729,0.33086794660804325,0.3024424638253495,0.3666895895666073,0.2552778370279677,0.2628587315807359,0.25457971641283866,0.4825615520064256,1.0,144.0,180.0
2019/20,2020-05-23,M'gladbach,Leverkusen,1,3,238,27,2,0.6194743818989408,0.17706420274647147,0.20346141535458748,0.5091111133289956,0.5597919255240934,0.19243884122590002,0.24776923325000683,0.4396090631636276,0.39017775528242166,0.2566686559948026,0.3531535887227758,1.0,144.0,180.0
2019/20,2020-05-23,Freiburg,Werder Bremen,0,1,239,27,2,0.519548645735949,0.268651604932571,0.21179974933147994,0.4455952152199883,0.47348442947939284,0.2941604595787434,0.23235511094186395,0.4067330903282522,0.45240057249425336,0.26451836752396235,0.28308105998178423,1.0,144.0,180.0
2019/20,2020-05-24,Schalke 04,Augsburg,0,3,240,27,2,0.3178190674272392,0.3147343517565629,0.36744658081619785,0.2505663938707194,0.3306375226384875,0.31398501330346495,0.3553774640580473,0.262429692610375,0.4752060862005574,0.2775420161570207,0.24725189764242195,1.0,144.0,180.0
2019/20,2020-05-24,Mainz,RB Leipzig,0,5,241,27,2,0.16211806650002708,0.22717114875794034,0.6107107847420323,0.08891418030093566,0.16482324566921355,0.2173141293182422,0.6178626250125444,0.08659783783761865,0.1206506235570266,0.1797493578317254,0.6996000186112479,1.0,144.0,180.0
2019/20,2020-05-24,FC Koln,Fortuna Dusseldorf,2,2,242,27,1,0.6234623178645725,0.20815314415585845,0.16838453797956882,0.2085293072138291,0.6038921355582134,0.21950462332159254,0.1766032411201939,0.1979372080816085,0.5322042926811348,0.24594289282991838,0.22185281448894686,1.0,144.0,180.0
2019/20,2020-05-26,Ein Frankfurt,Freiburg,3,3,243,28,1,0.6073954464464956,0.21732985187278694,0.17527470168071754,0.19982522470660108,0.6005360415507239,0.22590054066695475,0.1735634177823213,0.19538389859684674,0.4687026938616425,0.267096329652662,0.2642009764856955,1.0,144.0,180.0
2019/20,2020-05-26,Dortmund,Bayern Munich,0,1,244,28,2,0.43041570132139567,0.26135224398771545,0.3082320546908886,0.33190028305058916,0.4198012899237587,0.2472282504397898,0.3329704596364515,0.3105807653696292,0.2629894344313238,0.21385954008701058,0.5231510254816656,1.0,144.0,180.0
2019/20,2020-05-26,Leverkusen,Wolfsburg,1,4,245,28,2,0.5191646589198771,0.2404332665606685,0.2404020745194541,0.4232604757328704,0.4626820515555783,0.24276850453179508,0.29454944391262683,0.3558675839578316,0.5695983360346955,0.23080880441216337,0.19959285955314127,1.0,144.0,180.0
2019/20,2020-05-26,Werder Bremen,M'gladbach,0,0,246,28,1,0.16258882061268035,0.2269612637629145,0.6104499156244051,0.1995421120370329,0.17578447528242894,0.24678505356325608,0.5774304711543149,0.18216306538390656,0.21019491759275516,0.22068083184908308,0.5691242505581616,1.0,144.0,180.0
2019/20,2020-05-27,Union Berlin,Mainz,1,1,247,28,1,0.44101235403454747,0.2494679041469072,0.3095197418185458,0.145147183493256,0.4904326645898551,0.24021184800087597,0.2693554874092689,0.1565382885470951,0.4046880748410154,0.27865664581909916,0.31665527933988546,1.0,144.0,180.0
2019/20,2020-05-27,Hoffenheim,FC Koln,3,1,248,28,0,0.3189447661811402,0.23175685522751707,0.44929837859134264,0.33285263225843564,0.31786346943552385,0.23197435381795187,0.4501621767465241,0.3339781158518548,0.4048920778207815,0.25746435555358405,0.3376435666256344,1.0,144.0,180.0
2019/20,2020-05-27,RB Leipzig,Hertha,2,2,249,28,1,0.7031812022611724,0.1766974544694547,0.12012134326937281,0.2544464701611532,0.7203723996811916,0.16683833708829168,0.11278926323051677,0.2658289060612606,0.7375190956309197,0.16064772380079437,0.10183318056828597,1.0,144.0,180.0
2019/20,2020-05-27,Augsburg,Paderborn,0,0,250,28,1,0.5251110341095445,0.2687569788017622,0.20613198708869332,0.1591159971223642,0.5758416277881098,0.24437681635693465,0.1797815558549557,0.18195749405964423,0.49966898214479816,0.2485598253016215,0.2517711925535804,1.0,144.0,180.0
2019/20,2020-05-27,Fortuna Dusseldorf,Schalke 04,2,1,251,28,0,0.36127781700975947,0.33349382035763725,0.3052283626326033,0.25056519019959916,0.3633092487433227,0.3353708672832616,0.30131988397341586,0.2480843926067724,0.3890165388902792,0.28550629023818735,0.32547717087153355,1.0,144.0,180.0
2019/20,2020-05-29,Freiburg,Leverkusen,0,1,252,29,2,0.1327613594386978,0.12946095358673917,0.737777686974563,0.04319306000421068,0.15689946237715438,0.14638058053736677,0.6967199570854787,0.058298112862236934,0.20231184438333844,0.23726109243982757,0.5604270631768341,1.0,144.0,180.0
2019/20,2020-05-30,Bayern Munich,Fortuna Dusseldorf,5,0,253,29,0,0.8176448269298531,0.10199460451710257,0.0803605685530441,0.019855615061805894,0.7657839203001396,0.1395471141535922,0.09466896554626796,0.03190969251378592,0.8924293121764326,0.07593660813991504,0.031634079683652415,1.0,144.0,180.0
2019/20,2020-05-30,Wolfsburg,Ein Frankfurt,1,2,254,29,2,0.583952789931876,0.22002756579724683,0.1960196442708772,0.49369263663377433,0.5531699008396993,0.22850375083776342,0.21832634832253717,0.45850531846089104,0.4801518741848031,0.2606171937420187,0.2592309320731782,1.0,144.0,180.0
2019/20,2020-05-30,Mainz,Hoffenheim,0,1,255,29,2,0.33113319255356355,0.23816877983908025,0.43069802760735654,0.216876963490435,0.4192675540661621,0.23020109266873753,0.3505313532651006,0.29879740249214204,0.4027867079457228,0.2599316888609731,0.3372816031933042,1.0,144.0,180.0
2019/20,2020-05-30,Hertha,Augsburg,2,0,256,29,0,0.4433269026544429,0.24986379882187343,0.3068092985236835,0.2020084414844455,0.41320130989636933,0.2656471227306236,0.3211515673730069,0.22373551596673794,0.5473590770465725,0.24665801446655666,0.2059829084868708,1.0,144.0,180.0
2019/20,2020-05-30,Schalke 04,Werder Bremen,0,1,257,29,2,0.28768314387136174,0.39136919827551514,0.3209476578531231,0.27193683732143487,0.2573482509263076,0.3963151847064754,0.3463365643672172,0.24675200466904165,0.3551797040169133,0.29598308668076106,0.34883720930232553,1.0,144.0,180.0
2019/20,2020-05-31,M'gladbach,Union Berlin,4,1,258,29,0,0.6806978579228655,0.18194059879769378,0.13736154327944078,0.060411025753578124,0.6559657496214776,0.19011573995000505,0.15391851042851729,0.07102523664302272,0.6525081517631561,0.21557364659137532,0.13191820164546847,1.0,144.0,180.0
2019/20,2020-05-31,Paderborn,Dortmund,1,6,259,29,2,0.12079040490606856,0.1973770269474153,0.681832568146516,0.057910418304806636,0.13679065115017428,0.25204141098110794,0.6111679378687177,0.08495102739167698,0.09894991062402841,0.16081411676873608,0.7402359726072355,1.0,144.0,180.0
2019/20,2020-06-01,FC Koln,RB Leipzig,2,4,260,29,2,0.18951766668254894,0.2590126544329667,0.5514696788844842,0.11854819747239266,0.250192319752372,0.28307751000042664,0.46673017024720104,0.17348645409382601,0.1616189979541899,0.20458101006859483,0.6337999919772154,1.0,144.0,180.0
2019/20,2020-06-03,Werder Bremen,Ein Frankfurt,0,3,261,29,2,0.23053815186028614,0.28272280374352365,0.4867390443961904,0.1582923240052462,0.19882534363027618,0.2541064583642843,0.5470681980054395,0.1223393672638686,0.32623261124297687,0.27399873809452274,0.3997686506625004,1.0,144.0,180.0
2019/20,2020-06-05,Freiburg,M'gladbach,1,0,262,30,0,0.29041708698921925,0.2545860931992272,0.4549968198115534,0.3552650082377462,0.19808009105128582,0.1958142840993306,0.6061056248493838,0.5052197844211879,0.19191185890592305,0.2277832344023573,0.5803049066917197,1.0,144.0,180.0
2019/20,2020-06-06,Fortuna Dusseldorf,Hoffenheim,2,2,263,30,1,0.20277554161567607,0.20376933845093745,0.5934551199333864,0.19665344982634048,0.21441659554668774,0.21582780874438906,0.5697555957089232,0.18529795764373092,0.38404472312457505,0.2724786583062627,0.34347661856916223,1.0,144.0,180.0
2019/20,2020-06-06,Dortmund,Hertha,1,0,264,30,0,0.6334846085954675,0.20525981299209808,0.16125557841243435,0.08016844685277322,0.54416407534345,0.2423502798113389,0.21348564484521126,0.1266812553812338,0.679345652981887,0.19546565065676022,0.12518869636135288,1.0,144.0,180.0
2019/20,2020-06-06,RB Leipzig,Paderborn,1,1,265,30,1,0.8621685836162003,0.06760337774991207,0.07022803863388759,0.3741333219925639,0.8609578269546446,0.06908938191916564,0.06995279112618998,0.37307088639040403,0.8686631923468306,0.09126667686946063,0.04007013078370882,1.0,144.0,180.0
2019/20,2020-06-06,Ein Frankfurt,Mainz,0,2,266,30,2,0.5785766559040382,0.21037365032550176,0.21104969377045996,0.4785967662283923,0.6219388940949688,0.20003241250393702,0.17802869340109428,0.5312224084299927,0.49211463795380855,0.24238482167874154,0.26550054036744986,1.0,144.0,180.0
2019/20,2020-06-06,Leverkusen,Bayern Munich,2,4,267,30,2,0.3833774537213799,0.22261142341643628,0.39401112286218376,0.25710039561832,0.28513096706348046,0.21017443825611323,0.5046945946804066,0.16331355645868126,0.12108738837088606,0.16307246273064052,0.7158401488984734,1.0,144.0,180.0
2019/20,2020-06-07,Augsburg,FC Koln,1,1,268,30,1,0.3363617418881391,0.26700188148388254,0.3966363766279783,0.1352298183352973,0.2665664288433738,0.26679903969742624,0.46663453145920014,0.14440272346822827,0.3284140301223087,0.2701910441726474,0.4013949257050439,1.0,144.0,180.0
2019/20,2020-06-07,Werder Bremen,Wolfsburg,0,1,269,30,2,0.16611680370880091,0.25895305097692123,0.5749301453142776,0.1041395869184846,0.16390684782760068,0.23691779503369406,0.5991753571387053,0.09376292454483236,0.24277831451858675,0.2515383567950306,0.5056833286863828,1.0,144.0,180.0
2019/20,2020-06-07,Union Berlin,Schalke 04,1,1,270,30,1,0.3715818825455269,0.3680450865475069,0.260373030906966,0.10293360532987889,0.39113328394422014,0.37056601989308524,0.23830069616269442,0.10488623380030741,0.4044084078192266,0.30552484728662577,0.29006674489414763,1.0,144.0,180.0
2019/20,2020-06-12,Hoffenheim,RB Leipzig,0,2,271,31,2,0.09088160246686564,0.073773749247399,0.8353446482857356,0.017685425257546798,0.10485943447054709,0.09633548671155061,0.7988050788179021,0.025737448653476734,0.1298883086041954,0.16607940997596268,0.704032281419842,1.0,144.0,180.0
2019/20,2020-06-13,Wolfsburg,Freiburg,2,2,272,31,1,0.6448606035493785,0.2051225438389571,0.15001685261166436,0.21917512703878925,0.6172820381628885,0.22231265844659284,0.16040530339051856,0.20338348799716705,0.6141359000143657,0.21562993822726617,0.17023416175836803,1.0,144.0,180.0
2019/20,2020-06-13,Bayern Munich,M'gladbach,2,1,273,31,0,0.6304236442163094,0.1801615185293714,0.18941483725431923,0.08623233166321666,0.5311952511555832,0.21347174135404068,0.25533300749037613,0.1424864186265786,0.6572073422875992,0.20263893053867643,0.14015372717372435,1.0,144.0,180.0
2019/20,2020-06-13,Paderborn,Werder Bremen,1,5,274,31,2,0.4396447149449405,0.3367052457900674,0.22365003926499194,0.3980033684561332,0.45300141913071446,0.3233403967440881,0.22365818412519733,0.4039584504051135,0.25531255648222256,0.2367218363500219,0.5079656071677554,1.0,144.0,180.0
2019/20,2020-06-13,Hertha,Ein Frankfurt,1,4,275,31,2,0.2525866400489327,0.22049777939615978,0.5269155805549073,0.14380443932645465,0.2551622254844345,0.20813586776368456,0.5367019067518812,0.13987644226075613,0.4498504486540379,0.2596211365902293,0.29052841475573277,1.0,144.0,180.0
2019/20,2020-06-13,Fortuna Dusseldorf,Dortmund,0,1,276,31,2,0.15188155219562127,0.22738506495245078,0.6207333828519283,0.08345558639014676,0.15348117666774733,0.24266812705426255,0.60385069627799,0.09024537121537474,0.1332747699847427,0.19575569836793194,0.6709695316473253,1.0,144.0,180.0
2019/20,2020-06-13,FC Koln,Union Berlin,1,2,277,31,2,0.538919189918384,0.255827114239693,0.20525369584192302,0.46102779061760485,0.5441653406254491,0.2540146386407344,0.20182002073381608,0.46660359861968803,0.4826575906027553,0.2754147833382954,0.2419276260589493,1.0,144.0,180.0
2019/20,2020-06-14,Schalke 04,Leverkusen,1,1,278,31,1,0.19330889992799058,0.2592174004062861,0.5474736996657233,0.16854789130852227,0.20009460299245896,0.2700506012112818,0.5298547957962594,0.1603919773875026,0.13063882839780883,0.19530110563294156,0.6740600659692496,1.0,144.0,180.0
2019/20,2020-06-14,Mainz,Augsburg,0,1,279,31,2,0.3977983969355823,0.28839564954952984,0.31380595351488827,0.3145529170180657,0.4040190604067611,0.25693215949166276,0.33904878010157624,0.30004395812858836,0.4733545343977507,0.2746789692561596,0.25196649634608953,1.0,144.0,180.0
2019/20,2020-06-16,Werder Bremen,Bayern Munich,0,1,280,32,2,0.09689340459926765,0.1304956058776826,0.7726109895230499,0.030547046970261987,0.10295090231660403,0.16062129932884595,0.73642779835455,0.040034596884016345,0.057008581937065796,0.11953412341642827,0.823457294646506,1.0,144.0,180.0
2019/20,2020-06-16,Union Berlin,Paderborn,1,0,281,32,0,0.4887662295530783,0.26530120400905144,0.2459325664378704,0.1609213976400466,0.5663805827173694,0.2205795084676818,0.21303990881494866,0.11670590089620493,0.5312528932149095,0.2394563533456366,0.22929075343945388,1.0,144.0,180.0
2019/20,2020-06-16,M'gladbach,Wolfsburg,3,0,282,32,0,0.49915621463368476,0.21025540023514483,0.29058838513117047,0.16764305345660052,0.3533483888223344,0.21927495295084687,0.42737665822681886,0.300404557117897,0.4068352618394369,0.2719790051294286,0.3211857330311344,1.0,144.0,180.0
2019/20,2020-06-16,Freiburg,Hertha,2,1,283,32,0,0.2931569870306507,0.2579582904948782,0.44888472247447075,0.3505622695272853,0.2849328671105744,0.26227065456291193,0.45279647832651343,0.3581728276617982,0.37968898138949847,0.27181077497799755,0.348500243632504,1.0,144.0,180.0
2019/20,2020-06-17,RB Leipzig,Fortuna Dusseldorf,2,2,284,32,1,0.81817827882113,0.1041953912599357,0.07762632991893412,0.337720771515695,0.7521615789742089,0.15438510740972705,0.09345331361606408,0.28724028135539875,0.7409625583749311,0.16177682524519327,0.09726061637987571,1.0,144.0,180.0
2019/20,2020-06-17,Leverkusen,FC Koln,3,1,285,32,0,0.27615143995212266,0.2569208524385112,0.46692770760936597,0.37098911100836157,0.35207951038562135,0.26861442521106776,0.37930606440331055,0.28183702567763236,0.622895622895623,0.20202020202020204,0.17508417508417512,1.0,144.0,180.0
2019/20,2020-06-17,Ein Frankfurt,Schalke 04,2,1,286,32,0,0.6885335920179366,0.19000393984228814,0.12146246813977529,0.05588222723392753,0.7094341864821561,0.17947059943410182,0.11109521408374222,0.04838531928879947,0.6153055013328296,0.22661601214589064,0.15807848652127982,1.0,144.0,180.0
2019/20,2020-06-17,Augsburg,Hoffenheim,1,3,287,32,2,0.28137094227053844,0.23255913508853476,0.4860699226409272,0.17164686578425678,0.2999844986036692,0.23282599572096793,0.4671895056753626,0.18693886113247948,0.2928839004155232,0.25136685267620934,0.45574924690826735,1.0,144.0,180.0
2019/20,2020-06-17,Dortmund,Mainz,0,2,288,32,2,0.6557673937125544,0.21749460479605065,0.1267380014913947,0.5963086963478997,0.7182704101719564,0.17685116782897276,0.10487842199907099,0.658577510765732,0.7365662061376697,0.16340628438684435,0.100027509475486,1.0,144.0,180.0
2019/20,2020-06-20,Fortuna Dusseldorf,Augsburg,1,1,289,33,1,0.4069832638214467,0.3210821439671461,0.27193459221140714,0.11979189973597078,0.4162224308115563,0.30073982898239016,0.2830377402060534,0.12667573714581512,0.5651542325248766,0.24120726549448826,0.19363850198063504,1.0,144.0,180.0
2019/20,2020-06-20,FC Koln,Ein Frankfurt,1,1,290,33,1,0.43933684603362955,0.27138608975495265,0.28927706421141763,0.13834904208077692,0.37484375979306306,0.25723439463502745,0.36792184557190954,0.13793716435241982,0.33977624740790047,0.24876475256649858,0.411459000025601,1.0,144.0,180.0
2019/20,2020-06-20,Hertha,Leverkusen,2,0,291,33,0,0.23406761325403203,0.20161873026496593,0.5643136564810018,0.45255116197866674,0.24065457607034954,0.21354279151262018,0.54580263241703,0.4372529931981302,0.16151395362558263,0.1902767124904124,0.6482093338840049,1.0,144.0,180.0
2019/20,2020-06-20,Bayern Munich,Freiburg,3,1,292,33,0,0.832667542642785,0.08922906050091847,0.07810339685629644,0.017050145942848167,0.8062274509160875,0.10909558234119535,0.08467696674271724,0.022358994737612256,0.7297189102633459,0.1678099236145673,0.10247116612208687,1.0,144.0,180.0
2019/20,2020-06-20,RB Leipzig,Dortmund,0,2,293,33,2,0.4792844594883071,0.33385194562076026,0.18686359489093282,0.445452203210348,0.34420925233418725,0.395205766762122,0.2605849809036906,0.33260728992882777,0.43019057646557346,0.2646429833541604,0.3051664401802662,1.0,144.0,180.0
2019/20,2020-06-20,Schalke 04,Wolfsburg,1,4,294,33,2,0.15924731652356056,0.20644059967272413,0.6343120838037155,0.07954367993596802,0.15142794606334925,0.2058900214150521,0.6426820325215987,0.07530327636593026,0.14453829752337216,0.20696654092176484,0.6484951615548631,1.0,144.0,180.0
2019/20,2020-06-20,Paderborn,M'gladbach,1,3,295,33,2,0.24786769787227733,0.23597555641210566,0.516156745715617,0.14777134518250234,0.24575254233904698,0.2333797495228685,0.5208677081380848,0.14498103258547843,0.07339482307561808,0.11803887604132252,0.8085663008830594,1.0,144.0,180.0
2019/20,2020-06-20,Mainz,Werder Bremen,3,1,296,33,0,0.362452884036913,0.3554280189555463,0.2821190970075405,0.24302875498460003,0.3766463223051872,0.36143404786248345,0.2619196298323295,0.22858584999357648,0.4029390170728344,0.2642581087577939,0.3328028741693717,1.0,144.0,180.0
2019/20,2020-06-20,Hoffenheim,Union Berlin,4,0,297,33,0,0.44053544906924313,0.24996331784910542,0.3095012330816516,0.2043957985136081,0.5389891603931776,0.22526738478640912,0.23574345482041326,0.1340529853628258,0.6650883496198101,0.19190296253852232,0.1430086878416676,1.0,144.0,180.0
2019/20,2020-06-27,M'gladbach,Hertha,2,1,298,34,0,0.7009118451016154,0.16201869487056172,0.13706946002782286,0.054120880636419504,0.7326652504377883,0.13889509984038018,0.1284396497218317,0.04398230597207861,0.6775907883082375,0.195748449955713,0.1266607617360496,1.0,144.0,180.0
2019/20,2020-06-27,Union Berlin,Fortuna Dusseldorf,3,0,299,34,0,0.47424932897507044,0.306690174166435,0.2190604968584946,0.1622006346835271,0.38985619168915975,0.32956747005985515,0.28057633825098516,0.2254992742031933,0.25008436682696367,0.2920146798278917,0.4579009533451447,1.0,144.0,180.0
2019/20,2020-06-27,Leverkusen,Mainz,1,0,300,34,0,0.6708480216331327,0.19153673714974476,0.13761524121712232,0.06363948973903474,0.6040550546253607,0.22336507839768605,0.17257986697695335,0.0932781051267545,0.6945331892302758,0.16793548616966944,0.1375313246000546,1.0,144.0,180.0
2019/20,2020-06-27,Werder Bremen,FC Koln,6,1,301,34,0,0.1506996751719615,0.266593188051277,0.5827071367767613,0.5304293245017916,0.16180699317794814,0.2907032322387755,0.5474897745832763,0.5011562849793195,0.6084486982142814,0.21026304905893092,0.18128825272678775,1.0,144.0,180.0
2019/20,2020-06-27,Ein Frankfurt,Paderborn,3,2,302,34,0,0.6515176450436806,0.1946046713707329,0.15387768358558682,0.07255914661078404,0.6355325087183229,0.21469417138565272,0.14977331989602466,0.0776342997769181,0.7644464428308887,0.14599202742785394,0.08956152974125726,1.0,144.0,180.0
2019/20,2020-06-27,Dortmund,Hoffenheim,0,4,303,34,2,0.5723257249052464,0.2492582536740267,0.17841602142072682,0.5012784846232317,0.6708307352351518,0.19597887163552785,0.1331903931293205,0.6006863849497183,0.514913357458273,0.22898499896379665,0.25610164357793047,1.0,144.0,180.0
2019/20,2020-06-27,Augsburg,RB Leipzig,1,2,304,34,2,0.09394452092619908,0.1084580167664855,0.7975974623073155,0.02489618013824583,0.0983187060581677,0.10804583505849523,0.7936354588833369,0.02612644589562162,0.14556218505580118,0.18844096825053328,0.6659968466936655,1.0,144.0,180.0
2019/20,2020-06-27,Freiburg,Schalke 04,4,0,305,34,0,0.4449361106104031,0.2949926127710501,0.26007127661854673,0.18786649511315368,0.3612430312531668,0.3104895329794809,0.32826743576735246,0.2578849872539578,0.4417177914110429,0.27116564417177913,0.28711656441717787,1.0,144.0,180.0
2019/20,2020-06-27,Wolfsburg,Bayern Munich,0,4,306,34,2,0.18800776077328094,0.18154394539375404,0.6304482938329651,0.08595769082097489,0.21693303246988196,0.2109777634407391,0.5720892040893788,0.11508379491672004,0.19521176814147898,0.19719160351816747,0.6075966283403534,1.0,144.0,180.0
2020/21,2020-09-18,Bayern Munich,Schalke 04,8,0,1,1,0,0.5342764664176188,0.24241673831605437,0.22330679526632663,0.13338216727228827,0.6373500108454767,0.21169925346772503,0.15095073568679798,0.07715056961908075,0.8635340812004151,0.08521217365149471,0.05125374514809034,1.0,144.0,180.0
2020/21,2020-09-19,Werder Bremen,Hertha,1,4,2,1,2,0.4079640976900699,0.2644198559961984,0.3276160463137319,0.3092674430894254,0.4067332434737185,0.27889724481193545,0.3143695117143459,0.31776054890673766,0.36923744853929674,0.2886369435484178,0.34212560791228547,1.0,144.0,180.0
2020/21,2020-09-19,Union Berlin,Augsburg,1,3,3,1,2,0.409791960426642,0.26431308128663905,0.3258949582867192,0.3111735290467874,0.4404674397952856,0.27837328150893775,0.2811592786957764,0.35537177406249487,0.41649798881730615,0.29392500712332414,0.2895770040593697,1.0,144.0,180.0
2020/21,2020-09-19,Dortmund,M'gladbach,3,0,4,1,0,0.4830010663464041,0.2546482527508017,0.2623506809027946,0.16805788858455747,0.43170111329177346,0.28017282189969706,0.28812606480852954,0.20299012692792937,0.592567033463406,0.23559894101557105,0.1718340255210228,1.0,144.0,180.0
2020/21,2020-09-19,FC Koln,Hoffenheim,2,3,5,1,2,0.3907790727063997,0.2650734670359021,0.3441474602576986,0.29142541877585065,0.38291694980309415,0.2529318145367646,0.36415123566014096,0.2754645207795153,0.3689519187016533,0.2793493098741089,0.3516987714242379,1.0,144.0,180.0
2020/21,2020-09-19,Ein Frankfurt,Bielefeld,1,1,6,1,1,0.5535687961951984,0.23650155735073125,0.2099296464540705,0.17525443429066603,0.5782277309574563,0.22315065622218494,0.19862161282035884,0.1868989269637845,0.5582229305707739,0.23259288773782247,0.20918418169140351,1.0,144.0,180.0
2020/21,2020-09-19,Stuttgart,Freiburg,2,3,7,1,2,0.42539588911064447,0.26312022220541526,0.31148388868394017,0.32750804900701225,0.4473732267902958,0.26254741542499305,0.2900793577847114,0.3520650611460648,0.44831643864748,0.251889133054512,0.2997944282980081,1.0,144.0,180.0
2020/21,2020-09-20,RB Leipzig,Mainz,3,1,8,1,0,0.5316669199639421,0.24237197747443848,0.22596110256161941,0.13519714686346163,0.6779136944854732,0.1916918340447143,0.1303944714698126,0.060371153194944405,0.6922569767734467,0.17811721482674447,0.12962580839980872,1.0,144.0,180.0
2020/21,2020-09-20,Wolfsburg,Leverkusen,0,0,9,1,1,0.41482679490988855,0.2633362036593252,0.3218370014307865,0.13783016263258535,0.4487886587049319,0.2520700381371889,0.2991413031578796,0.14544838971858298,0.31389365351629506,0.26758147512864494,0.4185248713550601,1.0,144.0,180.0
2020/21,2020-09-25,Hertha,Ein Frankfurt,1,3,10,2,2,0.46647840819949904,0.2637053913360369,0.26981620046446436,0.375385243210245,0.4062876994204023,0.258457232880267,0.33525506769933067,0.30347775985987235,0.4131245828820253,0.25497532849750004,0.3319000886204746,1.0,144.0,180.0
2020/21,2020-09-26,Bielefeld,FC Koln,1,0,11,2,0,0.3731331721152346,0.2578715691056573,0.36899525877910777,0.26455976045188445,0.35198266554104973,0.26069206394054445,0.3873252705184056,0.2849736654707196,0.39482312079883825,0.2765992484692426,0.3285776307319191,1.0,144.0,180.0
2020/21,2020-09-26,Augsburg,Dortmund,2,0,12,2,0,0.3174479838701334,0.27305593924602,0.40949607688384654,0.31678214585310344,0.30015452122949443,0.29008709393801857,0.409758384832487,0.3288428140480233,0.14877825250738985,0.21526764853945346,0.6359540989531567,1.0,144.0,180.0
2020/21,2020-09-26,Leverkusen,RB Leipzig,1,1,13,2,1,0.37999049203551444,0.2585358744756182,0.3614736334888674,0.13752798087251816,0.3199058060087424,0.2604087083245744,0.41968548566668357,0.13923781579869143,0.3038299642173348,0.25745591704732057,0.43871411873534455,1.0,144.0,180.0
2020/21,2020-09-26,Schalke 04,Werder Bremen,1,3,14,2,2,0.4463476229780185,0.2618351016181304,0.29181727540385116,0.35037448597727616,0.4076201633995898,0.2915916541907428,0.3007881824096674,0.32752568173394236,0.36245694603903555,0.2965556831228473,0.34098737083811703,1.0,144.0,180.0
2020/21,2020-09-26,M'gladbach,Union Berlin,1,1,15,2,1,0.5451331993418103,0.24133452295258861,0.21353227770560115,0.1713831193233899,0.5480844698686583,0.24739221653360527,0.2045233135977363,0.17111318595810315,0.6579078268971126,0.1995294229114194,0.14256275019146802,1.0,144.0,180.0
2020/21,2020-09-26,Mainz,Stuttgart,1,4,16,2,2,0.47017153216612273,0.2534088873766951,0.27641958045718257,0.37231494660259984,0.41755433276069653,0.26339149034764275,0.31905417689166093,0.31901941740796214,0.3848662606722789,0.26349334288614246,0.35164039644157863,1.0,144.0,180.0
2020/21,2020-09-27,Hoffenheim,Bayern Munich,4,1,17,2,0,0.32641192125315843,0.2553166892905385,0.4182713894563028,0.3143359275337838,0.3305118934191961,0.25015070250057814,0.41933740408022535,0.31202909165694614,0.08451098926601319,0.12233259508164991,0.7931564156523369,1.0,144.0,180.0
2020/21,2020-09-27,Freiburg,Wolfsburg,1,1,18,2,1,0.38770593920661045,0.27243459085953625,0.33985946993385346,0.13291017729989982,0.33263031695134443,0.2638471388154686,0.4035225442331873,0.1367366857297881,0.33173867826415804,0.2844852037439728,0.3837761179918692,1.0,144.0,180.0
2020/21,2020-10-02,Union Berlin,Mainz,4,0,19,3,0,0.40072406857583087,0.2744009988587282,0.32487493256544075,0.23233768189685264,0.45388775739373327,0.27573510681094526,0.2703771357953211,0.18567118854266385,0.458673453224495,0.267664234347445,0.27366231242806005,1.0,144.0,180.0
2020/21,2020-10-03,Dortmund,Freiburg,4,0,20,3,0,0.5792413283225784,0.2283107743277887,0.19244789734963305,0.10703702649302158,0.552658399681342,0.24820559081034424,0.19913600950831375,0.11988482882927659,0.7073641162704728,0.17587819224873827,0.11675769148078888,1.0,144.0,180.0
2020/21,2020-10-03,FC Koln,M'gladbach,1,3,21,3,2,0.3940333814171395,0.265411354745992,0.3405552638368688,0.2950648328621435,0.3725177541351983,0.2664858484379245,0.3609963974268768,0.2735475406236807,0.23768590152418456,0.23426596049505963,0.5280481379807559,1.0,144.0,180.0
2020/21,2020-10-03,Ein Frankfurt,Hoffenheim,2,1,22,3,0,0.4342538842968207,0.2411020939291964,0.32464402177398277,0.21273120415341074,0.4080788692841239,0.235378511435907,0.35654261927996905,0.23874663217549114,0.3492042576243393,0.25006954510182866,0.400726197273832,1.0,144.0,180.0
2020/21,2020-10-03,RB Leipzig,Schalke 04,4,0,23,3,0,0.5819606622690835,0.22925225933838786,0.18878707839252867,0.10519872442924502,0.6945528385696106,0.184003152392787,0.12144400903760236,0.05402330787850382,0.7527038248229059,0.1556070407085815,0.09168913446851264,1.0,144.0,180.0
2020/21,2020-10-03,Stuttgart,Leverkusen,1,1,24,3,1,0.38280945130657307,0.27179207906837954,0.3453984696250472,0.13292158941448215,0.355937375495235,0.26184051748153775,0.3822221070232276,0.13639257718585565,0.3012323835145591,0.2674877722465347,0.4312798442389062,1.0,144.0,180.0
2020/21,2020-10-03,Werder Bremen,Bielefeld,1,0,25,3,0,0.5619747374087222,0.23521852048346745,0.20280674210781052,0.1164983526562709,0.5113819600962929,0.26171846478172206,0.22689957512198491,0.14511550305493903,0.4408060453400503,0.2795969773299748,0.2795969773299748,1.0,144.0,180.0
2020/21,2020-10-04,Wolfsburg,Augsburg,0,0,26,3,1,0.4566170116323991,0.27503521419891036,0.26834777416869093,0.14025481160669653,0.5315142678174569,0.25075446769416215,0.21773126448838087,0.1649571602146183,0.49852226767128405,0.25781098803053215,0.24366674429818375,1.0,144.0,180.0
2020/21,2020-10-04,Bayern Munich,Hertha,4,3,27,3,0,0.5453364799600859,0.2346550821700432,0.22000843786987087,0.1275613145945131,0.6272413308990296,0.2078247006496098,0.16493396845136063,0.08307611966952061,0.8222376473058813,0.11536747013328655,0.06239488256083214,1.0,144.0,180.0
2020/21,2020-10-17,M'gladbach,Wolfsburg,1,1,28,4,1,0.480304865137875,0.27198088265420484,0.24771425220791993,0.14602755711102067,0.47095070396796346,0.26491377611882616,0.26413551991321066,0.14578106922387116,0.5396824448103664,0.24178842205612952,0.2185291331335041,1.0,144.0,180.0
2020/21,2020-10-17,Mainz,Leverkusen,0,1,29,4,2,0.30350684488816865,0.2739539828937373,0.422539172218094,0.21278870625826748,0.26900540979224336,0.25406265788159293,0.47693193232616377,0.1729820569587669,0.171626711191644,0.21247236953201343,0.6159009192763426,1.0,144.0,180.0
2020/21,2020-10-17,Hoffenheim,Dortmund,0,1,30,4,2,0.327804597600008,0.247145105742238,0.425050296657754,0.21901150779051998,0.376409340549649,0.25994480811147014,0.3636458513388811,0.27331529708561964,0.2144013970453617,0.22171053558099904,0.5638880673736393,1.0,144.0,180.0
2020/21,2020-10-17,Bielefeld,Bayern Munich,1,4,31,4,2,0.2476694224697173,0.24186332411841016,0.5104672534118723,0.15049122640429954,0.22896033385823947,0.2410499898787695,0.5299896762629911,0.13666626944992222,0.056431842019389264,0.09758123935950559,0.8459869186211051,1.0,144.0,180.0
2020/21,2020-10-17,Freiburg,Werder Bremen,1,1,32,4,1,0.3514064137935862,0.293795182441346,0.3547984037650677,0.1246841874847546,0.38989680856300296,0.2992046057997254,0.31089858563727146,0.12433872593943547,0.44652552446429145,0.2650110836251486,0.2884633919105599,1.0,144.0,180.0
2020/21,2020-10-17,Augsburg,RB Leipzig,0,2,33,4,2,0.31860706450747667,0.2643133658930195,0.4170795695995037,0.2206533448661856,0.22846290147770149,0.24423453467096087,0.5273025638513372,0.13781908174656432,0.16066711454046192,0.20191498659639834,0.6374178988631399,1.0,144.0,180.0
2020/21,2020-10-17,Hertha,Stuttgart,0,2,34,4,2,0.5656967904085449,0.21944980396199454,0.21485340562946065,0.4682340166650928,0.5170337091867345,0.23465920674536744,0.24830708406789828,0.41618304814894946,0.4833219877467665,0.24166099387338325,0.2750170183798502,1.0,144.0,180.0
2020/21,2020-10-18,FC Koln,Ein Frankfurt,1,1,35,4,1,0.36333545700995173,0.28172867289977094,0.35493587009027744,0.1289960630986864,0.38620919357475997,0.264967285290002,0.348823521135238,0.1354176950494261,0.34216101694915263,0.2616525423728813,0.3961864406779661,1.0,144.0,180.0
2020/21,2020-10-18,Schalke 04,Union Berlin,1,1,36,4,1,0.4078340440384274,0.2629318144267681,0.32923414153480424,0.1373618637144488,0.358783532092855,0.28048114251474043,0.3607353253924041,0.12942779894349438,0.30147061575718553,0.2898411854757511,0.40868819876706325,1.0,144.0,180.0
2020/21,2020-10-23,Stuttgart,FC Koln,1,1,37,5,1,0.4312674203114574,0.2511664319308417,0.31756614775770087,0.1434199230118826,0.38067328182525967,0.2508886703468005,0.36843804782793976,0.14032937129143844,0.49109248491643087,0.23894230928696764,0.26996520579660155,1.0,144.0,180.0
2020/21,2020-10-24,Dortmund,Schalke 04,3,0,38,5,0,0.6526167226994063,0.20616159809842943,0.141221679202164,0.0703093520123901,0.6064780991737306,0.2432420983632147,0.15027980246305458,0.08872175272912747,0.816629657227097,0.12719755132202165,0.05617279145088124,1.0,144.0,180.0
2020/21,2020-10-24,Union Berlin,Freiburg,1,1,39,5,1,0.471668148154825,0.28306015530139184,0.2452716965437833,0.14131452355463378,0.48783703390925437,0.2818217085514418,0.2303412575393041,0.14552103328908345,0.446843427136252,0.28282864318739653,0.2703279296763514,1.0,144.0,180.0
2020/21,2020-10-24,Bayern Munich,Ein Frankfurt,5,0,40,5,0,0.6200409276107857,0.1999740143186098,0.17998505807060466,0.08838175890977554,0.6102840744230109,0.20749783670469962,0.18221808887228963,0.09254096728029945,0.8138645546626949,0.1124853449533806,0.07365010038392447,1.0,144.0,180.0
2020/21,2020-10-24,Mainz,M'gladbach,2,3,41,5,2,0.3502037586459179,0.2693404130514735,0.3804558283026085,0.25323882662696756,0.27579991805580273,0.2637456531685077,0.4604544287756893,0.1835875091136775,0.260536398467433,0.260536398467433,0.47892720306513414,1.0,144.0,180.0
2020/21,2020-10-24,RB Leipzig,Hertha,2,1,42,5,0,0.5938560762415613,0.22677745064480603,0.17936647311363266,0.09856260924156197,0.6732892431830317,0.1909819540700967,0.13572880274687166,0.06258111325750768,0.6113412518603483,0.22030315382354893,0.1683555943161028,1.0,144.0,180.0
2020/21,2020-10-25,Wolfsburg,Bielefeld,2,1,43,5,0,0.5106624052199702,0.25912767615038157,0.23020991862964835,0.14622394415028694,0.5712264164345058,0.22676482290942837,0.2020087606560655,0.11232716267269778,0.5925864649214503,0.23617576500492582,0.17123777007362398,1.0,144.0,180.0
2020/21,2020-10-25,Werder Bremen,Hoffenheim,1,1,44,5,1,0.44254418216773334,0.24708908161186233,0.31036673622040417,0.146086432061307,0.3405919942017293,0.26013713829170815,0.39927086750656265,0.13771006607687694,0.3519326214468341,0.27177019100616634,0.3762971875469995,1.0,144.0,180.0
2020/21,2020-10-26,Leverkusen,Augsburg,3,1,45,5,0,0.528763671816659,0.2604698605813407,0.2107664676020003,0.1332430904325713,0.5654146386609112,0.24358296278637687,0.19100239855271206,0.11267317627155765,0.612465836084194,0.2238668228445675,0.1636673410712384,1.0,144.0,180.0
2020/21,2020-10-30,Schalke 04,Stuttgart,1,1,46,6,1,0.5044035792855843,0.25515757892463325,0.2404388417897821,0.1561169037186604,0.4100777992171575,0.28307878521906554,0.3068434155637772,0.13115834154281603,0.3086746007601775,0.26955881113216607,0.4217665881076564,1.0,144.0,180.0
2020/21,2020-10-31,Augsburg,Mainz,3,1,47,6,0,0.5590916849378958,0.2296864231806211,0.21122189188148274,0.11950741495044828,0.516191214399829,0.24783156284454605,0.23597722275562483,0.14487809534168505,0.40270716185730154,0.2836459140038385,0.31364692413885986,1.0,144.0,180.0
2020/21,2020-10-31,Bielefeld,Dortmund,0,2,48,6,2,0.16601144513547564,0.20111861538997858,0.6328699394745458,0.08117214062869636,0.19145961345668353,0.2297037786539451,0.5788366078893719,0.10701769321955688,0.10721124628773893,0.17699602114412172,0.7157927325681392,1.0,144.0,180.0
2020/21,2020-10-31,FC Koln,Bayern Munich,1,2,49,6,2,0.2573380710124426,0.23918314904202237,0.5034787799455351,0.1563781023783897,0.2632140420126292,0.24432887743922185,0.4924570805481485,0.16344072349916716,0.10527984778817187,0.14460123672110353,0.7501189154907245,1.0,144.0,180.0
2020/21,2020-10-31,M'gladbach,RB Leipzig,1,0,50,6,0,0.40119339868102144,0.2651446153663029,0.3336619859526757,0.23494983332653485,0.32355778017453113,0.2683924347430226,0.4080497850824466,0.3120393519341193,0.34451026975009774,0.2732986497458876,0.3821910805040147,1.0,144.0,180.0
2020/21,2020-10-31,Ein Frankfurt,Werder Bremen,1,1,51,6,1,0.4643943492845764,0.2677190126760472,0.2678866380393767,0.1437126812437425,0.4607057831412565,0.27673979651794334,0.26255442034079995,0.140592321130146,0.5481545677595404,0.23973344732481125,0.21211198491564826,1.0,144.0,180.0
2020/21,2020-11-01,Freiburg,Leverkusen,2,4,52,6,2,0.2679086047181528,0.31136963619665,0.42072175908519766,0.20366915043968783,0.25888949274185463,0.29658722326164394,0.44452328399650193,0.1877890757370831,0.26642395813277797,0.2723609822694415,0.4612150595977806,1.0,144.0,180.0
2020/21,2020-11-01,Hertha,Wolfsburg,1,1,53,6,1,0.3708774234784257,0.27377657914968473,0.35534599737188954,0.13191042054710922,0.36184839432987437,0.25677446237705776,0.38137714329306815,0.13819139295274474,0.3901823482659776,0.285527024532829,0.3242906272011933,1.0,144.0,180.0
2020/21,2020-11-02,Hoffenheim,Union Berlin,1,3,54,6,2,0.4875119230896613,0.277330509498367,0.2351575674119719,0.4113259109208762,0.51875443668129,0.256583094118789,0.22466246919992078,0.4351272261218429,0.4983803247235382,0.24855609070181547,0.2530635845746464,1.0,144.0,180.0
2020/21,2020-11-06,Werder Bremen,FC Koln,1,1,55,7,1,0.42966975508274835,0.27697865697862895,0.29335158793862237,0.13533562628949022,0.372021120704896,0.3025010733309908,0.3254778059641133,0.12216775821286988,0.34347601856627125,0.29396596183599794,0.36255801959773076,1.0,144.0,180.0
2020/21,2020-11-07,Augsburg,Hertha,0,3,56,7,2,0.3973663761783713,0.25632397319513817,0.3463096506264908,0.29260555489059586,0.40931635395179444,0.2666471528260272,0.3240364932221786,0.31223327005388035,0.3188553377311159,0.2749679457400353,0.4061767165288488,1.0,144.0,180.0
2020/21,2020-11-07,Mainz,Schalke 04,2,2,57,7,1,0.4733571951694961,0.27618736309305736,0.25045544173744694,0.14339748125731594,0.4390641179920906,0.2818891756697882,0.27904670633812084,0.13532218201316307,0.40269860362951726,0.27958788766277914,0.3177135087077036,1.0,144.0,180.0
2020/21,2020-11-07,RB Leipzig,Freiburg,3,0,58,7,0,0.5025603992160386,0.2728174203635297,0.22462218042043178,0.14895064018246795,0.6176020282249073,0.22690703344566612,0.15549093832942648,0.08520282036013507,0.6912824486633088,0.18853157690817512,0.12018597442851608,1.0,144.0,180.0
2020/21,2020-11-07,Stuttgart,Ein Frankfurt,2,2,59,7,1,0.4652417286660091,0.2269115303575425,0.30784674097644865,0.15560974101097846,0.4571644060926062,0.23138054395340787,0.31145504995398593,0.15300177116992258,0.3536902951935091,0.27520284204663487,0.3711068627598561,1.0,144.0,180.0
2020/21,2020-11-07,Dortmund,Bayern Munich,2,3,60,7,2,0.43857219877919834,0.2609128305840382,0.30051497063676363,0.34081243992265425,0.39005205467672505,0.2799794773627116,0.3299684679605636,0.3005414296423248,0.3134973557139572,0.2439181421016326,0.44258450218441026,1.0,144.0,180.0
2020/21,2020-11-07,Union Berlin,Bielefeld,5,0,61,7,0,0.5480070730334949,0.25590104123926916,0.19609188572723585,0.12137481683790587,0.5417012053239783,0.26018555076340183,0.19811324391262006,0.12464332130753777,0.5391120507399577,0.26955602536997886,0.19133192389006343,1.0,144.0,180.0
2020/21,2020-11-08,Wolfsburg,Hoffenheim,2,1,62,7,0,0.4598220488957657,0.2509770801779811,0.28920087092625324,0.18771468130183594,0.44669050879070343,0.2431540918941338,0.3101553993151629,0.2011738823933194,0.4629620590347751,0.2530699338247087,0.2839680071405161,1.0,144.0,180.0
2020/21,2020-11-08,Leverkusen,M'gladbach,4,3,63,7,0,0.4540903796514926,0.2859241507822414,0.2599854695662659,0.18280487898732167,0.42346417710685436,0.28563214394890524,0.2909036789442407,0.20850925275118515,0.3408513496778261,0.2724911904109641,0.3866574599112099,1.0,144.0,180.0
2020/21,2020-11-21,M'gladbach,Augsburg,1,1,64,8,1,0.5385582163287985,0.24414874743136555,0.2172930362398359,0.1686306079867918,0.571814245826592,0.24050874933076768,0.18767700484264027,0.18109709493846932,0.6291390728476821,0.2052980132450331,0.1655629139072848,1.0,144.0,180.0
2020/21,2020-11-21,Bayern Munich,Werder Bremen,1,1,65,8,1,0.647164254767784,0.19789987098890782,0.15493587424330807,0.22141334888833974,0.6669574324051762,0.19830824753323487,0.13473432006158878,0.23149277682148198,0.8343964600433835,0.10778395252230788,0.05781958743430853,1.0,144.0,180.0
2020/21,2020-11-21,Bielefeld,Leverkusen,1,2,66,8,2,0.23150586010804283,0.2536570832872764,0.5148370566046807,0.14448902245418718,0.22171122255353265,0.2371398696580337,0.5411489077884339,0.1298500955149647,0.14712055088458698,0.21854148945719407,0.634337959658219,1.0,144.0,180.0
2020/21,2020-11-21,Hoffenheim,Stuttgart,3,3,67,8,1,0.5207533113446079,0.23179044101990603,0.24745624763548627,0.16620930288510455,0.5882135414999224,0.21151439460136348,0.20027206389871394,0.19305203499106582,0.4216500474151556,0.2433403258714331,0.3350096267134113,1.0,144.0,180.0
2020/21,2020-11-21,Hertha,Dortmund,2,5,68,8,2,0.30823844383983035,0.27227991873522495,0.4194816374249446,0.2160062537738118,0.30363567329676566,0.2766820523176001,0.41968227438563416,0.21448164238030526,0.1877151372946921,0.21459065254613482,0.5976942101591731,1.0,144.0,180.0
2020/21,2020-11-21,Ein Frankfurt,RB Leipzig,1,1,69,8,1,0.39500910103369125,0.2729620094592924,0.332028889507016,0.13313768668335368,0.3371255946572728,0.2670495136888836,0.39582489165384355,0.13516550571289843,0.2295182246481234,0.2242540451837169,0.5462277301681596,1.0,144.0,180.0
2020/21,2020-11-21,Schalke 04,Wolfsburg,0,2,70,8,2,0.297488433046288,0.265209287669051,0.43730227928466114,0.2025640463472867,0.23882100832405642,0.2478833279203949,0.5132956637555484,0.1469582924680355,0.24957034697384922,0.2588136931580659,0.4916159598680849,1.0,144.0,180.0
2020/21,2020-11-22,Freiburg,Mainz,1,3,71,8,2,0.3845590556185915,0.2514938623622106,0.363947082019198,0.27622449086507794,0.44959114301823105,0.25354310555858167,0.296865751423187,0.3482649837010593,0.5031605562579013,0.2515802781289507,0.24525916561314787,1.0,144.0,180.0
2020/21,2020-11-22,FC Koln,Union Berlin,1,2,72,8,2,0.2916978357131067,0.30686943916582843,0.4014327251210646,0.22168520495785263,0.3757897772556484,0.29873359630088553,0.3254766264434665,0.2980998690819686,0.29916560631481753,0.2982535160516626,0.4025808776335199,1.0,144.0,180.0
2020/21,2020-11-27,Wolfsburg,Werder Bremen,5,3,73,9,0,0.4746532698698103,0.25919784259874684,0.26614888753144283,0.1734122085963535,0.5217135341081388,0.26015378314879,0.2181326827430715,0.1381699053680079,0.5036209822643123,0.2626410498905284,0.2337379678451593,1.0,144.0,180.0
2020/21,2020-11-28,Augsburg,Freiburg,1,1,74,9,1,0.40831713019294896,0.26421036582598967,0.32747250398106137,0.13698055983631593,0.4213382368226667,0.26143486101673696,0.31722690216059646,0.13907940863162108,0.38688729434483804,0.29218652378878807,0.32092618186637384,1.0,144.0,180.0
2020/21,2020-11-28,Dortmund,FC Koln,1,2,75,9,2,0.6267368579911011,0.21110021945833848,0.16216292255056053,0.5473850287567879,0.5778892260340488,0.23177637219207847,0.19033440177387304,0.4947571692585523,0.7961709002698931,0.13642254190017833,0.06740655782992849,1.0,144.0,180.0
2020/21,2020-11-28,RB Leipzig,Bielefeld,2,1,76,9,0,0.698818541036465,0.18933840389230047,0.11184305507123442,0.05160957009553535,0.6978118078018799,0.19530682972953312,0.10688136246858711,0.05137066457355472,0.7776308242156006,0.1497748120600155,0.07259436372438391,1.0,144.0,180.0
2020/21,2020-11-28,Union Berlin,Ein Frankfurt,3,3,77,9,1,0.3692562463631069,0.27722994744943064,0.3535138061874626,0.13066109332165915,0.3710620053764696,0.2711648665048038,0.3577731281187265,0.13284431151893297,0.40908329268428917,0.27854959245454447,0.3123671148611665,1.0,144.0,180.0
2020/21,2020-11-28,Stuttgart,Bayern Munich,1,3,78,9,2,0.2583893856860392,0.22155474925696594,0.5200558650569949,0.14855572365069913,0.235713847800789,0.22082065730459413,0.5434654948946167,0.1319923861984353,0.09732663761099779,0.13862093956880686,0.7640524228201953,1.0,144.0,180.0
2020/21,2020-11-28,M'gladbach,Schalke 04,4,1,79,9,0,0.5740791256142788,0.25554080452058214,0.17038006986513934,0.10521897972237351,0.6124509797627498,0.2339702244105238,0.15357879582672673,0.08689034480721995,0.6952355559601886,0.1850436840958677,0.11972075994394389,1.0,144.0,180.0
2020/21,2020-11-29,Leverkusen,Hertha,0,0,80,9,1,0.4127744439603241,0.29751718082128176,0.28970837521839443,0.1271568421292183,0.5004938088236901,0.2656348395697116,0.23387135160659808,0.15259493088657078,0.49643551523007134,0.2553467271548931,0.24821775761503567,1.0,144.0,180.0
2020/21,2020-11-29,Mainz,Hoffenheim,1,1,81,9,1,0.49909736486793504,0.2207689763689598,0.2801336587631054,0.16378652319506026,0.35589292428028063,0.2395587622752325,0.4045483134444868,0.14515955573177416,0.3213736184416691,0.23655588379241502,0.44207049776591584,1.0,144.0,180.0
2020/21,2020-12-04,Hertha,Union Berlin,3,1,82,10,0,0.43308276498340453,0.28117614968709725,0.2857410853294982,0.2015215596020706,0.35655951963596116,0.2787577007598558,0.36468277960418316,0.27350459075546907,0.3432851323123795,0.3047858651371594,0.35192900255046106,1.0,144.0,180.0
2020/21,2020-12-05,FC Koln,Wolfsburg,2,2,83,10,1,0.3287868604510276,0.27033641506117845,0.4008767244877937,0.1344014739206531,0.31379366897039873,0.2558326435059389,0.43037368752366223,0.14184398879930957,0.24921625354071947,0.2647500579619568,0.4860336884973236,1.0,144.0,180.0
2020/21,2020-12-05,Bielefeld,Mainz,2,1,84,10,0,0.28207497715100566,0.2738447589312747,0.44408026391771943,0.3563118096169804,0.3621552163150637,0.29293462941674814,0.34491015426818816,0.2629044912956943,0.3064985451018429,0.2809569996766893,0.41254445522146777,1.0,144.0,180.0
2020/21,2020-12-05,Ein Frankfurt,Dortmund,1,1,85,10,1,0.3336896671616965,0.23047912569757106,0.4358312071407323,0.1506488175441159,0.3347489792889824,0.2504982848184286,0.4147527358925892,0.1420383555327016,0.27213227926367045,0.24182051548430122,0.4860472052520284,1.0,144.0,180.0
2020/21,2020-12-05,Bayern Munich,RB Leipzig,3,3,86,10,1,0.3907017004339208,0.2675583200547625,0.34173997951131657,0.1347170161591762,0.36115779666156006,0.26696942850977246,0.37187277482866743,0.1343621573741028,0.5854510265903736,0.21254417704476608,0.2020047963648603,1.0,144.0,180.0
2020/21,2020-12-05,Freiburg,M'gladbach,2,2,87,10,1,0.21569063271189176,0.22505703993940618,0.5592523273487022,0.17964280734229796,0.2137984171340503,0.22175734037996403,0.5644442424859857,0.18215353302230178,0.2783583800000684,0.24735137058233925,0.47429024941759235,1.0,144.0,180.0
2020/21,2020-12-06,Werder Bremen,Stuttgart,1,2,88,10,2,0.4877111127109672,0.24231119300104959,0.2699776942879832,0.3853973481494295,0.42975858483102614,0.2655493737010305,0.3046920414679428,0.33407279921699123,0.33253621104569325,0.2825596706573232,0.38490411829698346,1.0,144.0,180.0
2020/21,2020-12-06,Schalke 04,Leverkusen,0,3,89,10,2,0.2104146100861287,0.27561730602373014,0.5139680838901411,0.1402506658075592,0.23645077205979284,0.2908977961879848,0.4726514317522223,0.16700274002032656,0.16363648512304477,0.20609911733851838,0.6302643975384369,1.0,144.0,180.0
2020/21,2020-12-07,Hoffenheim,Augsburg,3,1,90,10,0,0.55830646845104,0.21587804714533054,0.22581548440362925,0.12304290440431895,0.6013812500970007,0.20816221323667483,0.19045653666632426,0.09758530006658044,0.5391691786662184,0.23802346667947688,0.22280735465430485,1.0,144.0,180.0
2020/21,2020-12-11,Wolfsburg,Ein Frankfurt,2,1,91,11,0,0.4485780495820218,0.2655949614783813,0.28582698893959707,0.19288161750452187,0.4809887258345532,0.2500999763092464,0.26891129785620016,0.17084299441277334,0.3865248626884862,0.27392378224142017,0.3395513550700937,1.0,144.0,180.0
2020/21,2020-12-12,RB Leipzig,Werder Bremen,2,0,92,11,0,0.6278708856656915,0.22275517858801933,0.1493739357462893,0.0803963252077867,0.634513182080225,0.22414909063412156,0.14133772728565347,0.07677848361369825,0.7104593401866002,0.18610502792650904,0.10343563188689078,1.0,144.0,180.0
2020/21,2020-12-12,Union Berlin,Bayern Munich,1,1,93,11,1,0.3321972456838865,0.2850494473748438,0.3827533069412697,0.12842755200721914,0.3154131702300778,0.28057358888285994,0.40401324088706225,0.13135608338332772,0.11262066499821238,0.16410439756882372,0.7232749374329639,1.0,144.0,180.0
2020/21,2020-12-12,M'gladbach,Hertha,1,1,94,11,1,0.4473713257981781,0.2710584003266561,0.28157027387516576,0.13971146113827776,0.4988724048434275,0.24567279299863284,0.2554548021579397,0.15706541612990835,0.4326682748198094,0.2701188677051849,0.2972128574750058,1.0,144.0,180.0
2020/21,2020-12-12,Mainz,FC Koln,0,1,95,11,2,0.47537488724141297,0.24721420301118358,0.2774109097474034,0.3740581383859306,0.41377556024515255,0.2620791745537262,0.3241452652011216,0.3139949184031263,0.3883678990081154,0.2764652840396754,0.3351668169522092,1.0,144.0,180.0
2020/21,2020-12-12,Freiburg,Bielefeld,2,0,96,11,0,0.46400831607410764,0.28837785709991426,0.24761382682597832,0.17429984623655959,0.4937676923844738,0.2741028116343094,0.23212949598121704,0.15507762608911724,0.5424944649446495,0.24974169741697416,0.20776383763837636,1.0,144.0,180.0
2020/21,2020-12-12,Dortmund,Stuttgart,1,5,97,11,2,0.5635592253696439,0.2420005529614144,0.19444022166894184,0.48326277848200844,0.5063193467075023,0.26502075006979836,0.22865990322269933,0.4256624128733638,0.668481465173034,0.1955877633572404,0.1359307714697256,1.0,144.0,180.0
2020/21,2020-12-13,Augsburg,Schalke 04,2,2,98,11,1,0.4950325185907723,0.2556959782762822,0.2492715031329456,0.1535967383682407,0.4543367684778644,0.27304702956951615,0.27261620195261915,0.14037074637899,0.4389916887123631,0.27970041880816277,0.281307892479474,1.0,144.0,180.0
2020/21,2020-12-13,Leverkusen,Hoffenheim,4,1,99,11,0,0.5765346124796079,0.23446293796141957,0.18900244955897275,0.10752243018354389,0.5390668914584947,0.23678747274444822,0.2241456357970573,0.131350298298301,0.5589133739681457,0.21979739425713596,0.22128923177471835,1.0,144.0,180.0
2020/21,2020-12-15,Stuttgart,Union Berlin,2,2,100,12,1,0.3331075171629658,0.2790200858217498,0.3878723970152845,0.130702807178429,0.28687547525462787,0.2607073255746965,0.45241719917067563,0.14348943020400368,0.4799103293671323,0.2697016727021901,0.25038799793067773,1.0,144.0,180.0
2020/21,2020-12-15,Werder Bremen,Dortmund,1,2,101,12,2,0.2730611913748791,0.22584419823438662,0.5010946103907342,0.16173450100812078,0.25922311223860944,0.24783358477312445,0.49294330298826605,0.16215155795155997,0.15452608116787828,0.20398735819441668,0.6414865606377051,1.0,144.0,180.0
2020/21,2020-12-15,Ein Frankfurt,M'gladbach,3,3,102,12,1,0.373897406580743,0.27698311953095955,0.3491194738882974,0.1308418388479235,0.3589931581529645,0.26908714189073807,0.3719196999562974,0.13360017540811087,0.35334726872491173,0.2582511700179434,0.388401561257145,1.0,144.0,180.0
2020/21,2020-12-15,Hertha,Mainz,0,0,103,12,1,0.49456983531221227,0.26342953895452526,0.2420006257332625,0.15158181242801969,0.5184323971863832,0.24476657664741278,0.23680102616620424,0.1624234382228935,0.4985568092364209,0.25715035423773286,0.2442928365258462,1.0,144.0,180.0
2020/21,2020-12-16,Schalke 04,Freiburg,0,2,104,12,2,0.31232221653363257,0.2961712075421869,0.3915065759241807,0.2339047070419982,0.28153340160767354,0.2793565261697866,0.43911007222253984,0.19692928365149603,0.2875526139985179,0.2817518408054642,0.430695545196018,1.0,144.0,180.0
2020/21,2020-12-16,Bayern Munich,Wolfsburg,2,1,105,12,0,0.46424817907606475,0.2583301443765148,0.2774216765474204,0.18199640012084697,0.4454383545730629,0.2533071121128009,0.3012545333141361,0.19914645621047494,0.715332500480492,0.16214203344224487,0.12252546607726314,1.0,144.0,180.0
2020/21,2020-12-16,Bielefeld,Augsburg,0,1,106,12,2,0.2508763718478144,0.28258254726576065,0.46654108088642465,0.17375868616667334,0.2613826295622712,0.30094971513158636,0.4376676553061426,0.19226927246288944,0.361915175231628,0.29521781665419805,0.34286700811417387,1.0,144.0,180.0
2020/21,2020-12-16,FC Koln,Leverkusen,0,4,107,12,2,0.2430346751993339,0.26922836616679097,0.4877369586338748,0.16073963844945893,0.27320826758248506,0.2732474214455768,0.4535443109719381,0.1866282887732783,0.19164986260722383,0.22070085988026453,0.5876492775125116,1.0,144.0,180.0
2020/21,2020-12-16,Hoffenheim,RB Leipzig,0,1,108,12,2,0.19161895614637503,0.20480705667660304,0.6035739871770217,0.09693570399867518,0.21408840301323365,0.21919576372662894,0.5667158332601374,0.11678450672610691,0.20964559160154708,0.20309416686399875,0.5872602415344543,1.0,144.0,180.0
2020/21,2020-12-18,Union Berlin,Dortmund,2,1,109,13,0,0.2798068073201484,0.2976762609637129,0.4225169317161385,0.348599396184609,0.29581356574622697,0.33159793683886746,0.37258849741490574,0.31735036129647026,0.1959520214444463,0.24642451181650069,0.5576234667390529,1.0,144.0,180.0
2020/21,2020-12-19,M'gladbach,Hoffenheim,1,2,110,13,2,0.514874841640972,0.22454422839828767,0.26058092996074,0.4059183318462698,0.3782077462618387,0.2293330331639454,0.3924592205742153,0.2560734489988743,0.5183791168054315,0.2271684707678814,0.254452412426687,1.0,144.0,180.0
2020/21,2020-12-19,Augsburg,Ein Frankfurt,0,2,111,13,2,0.2724486223495337,0.2608456447300116,0.4667057329204547,0.1793155135600341,0.2510123331540324,0.2643451785231865,0.48464248832278123,0.16430027811878287,0.2511219012201291,0.25047799890930833,0.4984000998705624,1.0,144.0,180.0
2020/21,2020-12-19,Mainz,Werder Bremen,0,1,112,13,2,0.4911831587550541,0.2652905817039519,0.2435262595409944,0.40675670772431616,0.421647950204703,0.30780236181271187,0.27054968798258516,0.3549423758070659,0.3976130558611232,0.29285272976597704,0.3095342143728997,1.0,144.0,180.0
2020/21,2020-12-19,RB Leipzig,FC Koln,0,0,113,13,1,0.7030929921394885,0.17701292295611895,0.11989408490439238,0.25435717359536025,0.678382129451725,0.1906264690723364,0.1309914014759384,0.2386805304100438,0.6959170763647663,0.1906622127026757,0.11342071093255796,1.0,144.0,180.0
2020/21,2020-12-19,Schalke 04,Bielefeld,0,1,114,13,2,0.4614102010982104,0.27975524532493606,0.25883455357685353,0.3811127963245565,0.41560933445242015,0.29470158115355705,0.28968908439402286,0.3386363578564927,0.40569091392155904,0.3084274771454124,0.28588160893302844,1.0,144.0,180.0
2020/21,2020-12-19,Leverkusen,Bayern Munich,1,2,115,13,2,0.4006160356397519,0.27723742297535214,0.32214654138489635,0.30998925968408475,0.31414147619918914,0.26021803796355925,0.4256404858372518,0.2142868592889371,0.27987547004116886,0.22928765033889187,0.4908368796199393,1.0,144.0,180.0
2020/21,2020-12-20,Freiburg,Hertha,4,1,116,13,0,0.35859135978546514,0.3089114798703873,0.33249716034414717,0.26097970268939025,0.42838670134056867,0.29053315384270506,0.2810801448167261,0.20287390550725404,0.3612159783447578,0.2853922161266162,0.3533918055286259,1.0,144.0,180.0
2020/21,2020-12-20,Wolfsburg,Stuttgart,1,0,117,13,0,0.370941135416181,0.25327699643493595,0.37578186814888304,0.26846353377047405,0.42956997115245005,0.24938543386168918,0.32104459498586047,0.214230024890326,0.3577307455073166,0.26658291172052084,0.3756863427721626,1.0,144.0,180.0
2020/21,2021-01-02,Bielefeld,M'gladbach,0,1,118,14,2,0.1835260775897276,0.24246087329607677,0.5740130491141955,0.10757335174022772,0.20841324030582437,0.2464037465815034,0.545183013112672,0.12514728514802048,0.16722454286425628,0.24191540568203823,0.5908600514537056,1.0,144.0,180.0
2020/21,2021-01-02,FC Koln,Augsburg,0,1,119,14,2,0.3907150089922869,0.3193232721596721,0.28996171884804106,0.3284062894765356,0.3685602607693001,0.30973839059361674,0.321701348637083,0.2979628631295431,0.4324919273130162,0.280871194174545,0.28663687851243885,1.0,144.0,180.0
2020/21,2021-01-02,Ein Frankfurt,Leverkusen,2,1,120,14,0,0.32442551266843705,0.2550079324167538,0.4205665549148093,0.3166385575231077,0.3160491207867499,0.24832496390135525,0.4356259153118948,0.328779371633952,0.2926730882915465,0.24622874430573427,0.4610981674027193,1.0,144.0,180.0
2020/21,2021-01-02,Stuttgart,RB Leipzig,0,1,121,14,2,0.2898002450496882,0.2766158668585926,0.4335838880917191,0.2024056969300767,0.2517348034138715,0.2638760355430566,0.48438916104307184,0.16461247424984385,0.22587206838517512,0.23799203303023336,0.5361358985845915,1.0,144.0,180.0
2020/21,2021-01-02,Hoffenheim,Freiburg,1,3,122,14,2,0.4138868127351888,0.27014343400203594,0.31596975326277554,0.31959983610374093,0.47965164050898945,0.24696308723652027,0.2733852722544899,0.379017329409823,0.44823111694163614,0.26267307390665773,0.2890958091517062,1.0,144.0,180.0
2020/21,2021-01-02,Hertha,Schalke 04,3,0,123,14,0,0.5986728950173161,0.24924265202045393,0.15208445296223003,0.09209656301330145,0.5607248278958382,0.26966919481630236,0.16960597728785973,0.11086443217945542,0.5744829419869101,0.23878264092365456,0.1867344170894354,1.0,144.0,180.0
2020/21,2021-01-02,Werder Bremen,Union Berlin,0,2,124,14,2,0.2509617688423569,0.29270071317163576,0.4563375179860073,0.17927535188504967,0.254648071983777,0.3027025791107979,0.44264934890542545,0.18774269442030073,0.3138761114471927,0.30507584664026205,0.38104804191254527,1.0,144.0,180.0
2020/21,2021-01-03,Dortmund,Wolfsburg,2,0,125,14,0,0.5348260707641642,0.2671251085843353,0.1980488206515006,0.1278050599010783,0.5109897773417793,0.2759672614206704,0.21304296123755007,0.14225915059855346,0.6300165133495874,0.20910612327448833,0.1608773633759243,1.0,144.0,180.0
2020/21,2021-01-03,Bayern Munich,Mainz,5,2,126,14,0,0.552424721491344,0.24178283688701852,0.2057924416216374,0.12133707948034801,0.6004371113593318,0.23723758283951785,0.16232530580115076,0.09300000344115604,0.8871888240686372,0.08011895760023319,0.03269221833112963,1.0,144.0,180.0
2020/21,2021-01-08,M'gladbach,Bayern Munich,3,2,127,15,0,0.2718664753055693,0.21053884962455496,0.5175946750698754,0.39904133872231273,0.2438841137814724,0.21277709495995853,0.5433387912585691,0.43346413773917614,0.1962556177140815,0.20534535158715472,0.5983990306987638,1.0,144.0,180.0
2020/21,2021-01-09,RB Leipzig,Dortmund,1,3,128,15,2,0.2953171819454733,0.32918074936076686,0.37550206869375957,0.23860495207899465,0.3437824974276932,0.3211570791486761,0.33506042342363057,0.28016552301759157,0.37815126050420167,0.27205882352941174,0.34978991596638653,1.0,144.0,180.0
2020/21,2021-01-09,Union Berlin,Wolfsburg,2,2,129,15,1,0.4214836476272624,0.2733148216536714,0.30520153071906636,0.1353982197852217,0.40398398541505315,0.2863222027897445,0.30969381179520283,0.12955665876803604,0.30286724920937064,0.29289257932522966,0.40424017146539964,1.0,144.0,180.0
2020/21,2021-01-09,Mainz,Ein Frankfurt,0,2,130,15,2,0.29166321485578944,0.239646805792454,0.46868997935175655,0.18367888447062566,0.27119333601422957,0.2460117921465009,0.48279487183926945,0.17052348504714224,0.25585831886316535,0.2578835826008685,0.4862580985359661,1.0,144.0,180.0
2020/21,2021-01-09,Leverkusen,Werder Bremen,1,1,131,15,1,0.5446763848811069,0.26261163095444534,0.1927119841644477,0.16690513654387504,0.6140362843962407,0.24022951020864952,0.14573420539511003,0.19913950858864252,0.6362542280552845,0.22225318925218845,0.14149258269252696,1.0,144.0,180.0
2020/21,2021-01-09,Freiburg,FC Koln,5,0,132,15,0,0.49893857925007246,0.28607684998383565,0.2149845707660919,0.14864045651570834,0.4865606826871465,0.27840957098156927,0.23502974633128404,0.1594294571116185,0.45468097583032474,0.2825329763107509,0.26278604785892423,1.0,144.0,180.0
2020/21,2021-01-09,Schalke 04,Hoffenheim,4,0,133,15,0,0.23659448423357385,0.260745393475658,0.5026601222907682,0.41772759002198656,0.23412607230170643,0.2459292273197445,0.519944700378549,0.4284526822898751,0.22156950632712247,0.2337903663883307,0.5446401272845468,1.0,144.0,180.0
2020/21,2021-01-10,Augsburg,Stuttgart,1,4,134,15,2,0.40939037847617904,0.2688138514431095,0.32179577008071164,0.31378072973464216,0.37813402438484695,0.2613602088107864,0.36050576680436675,0.27596910734397556,0.23255638720048225,0.2479027477771638,0.519540865022354,1.0,144.0,180.0
2020/21,2021-01-10,Bielefeld,Hertha,1,0,135,15,0,0.24096027762840083,0.2982961115746681,0.4607436107969307,0.39421298751407413,0.25201148953617797,0.2939681900746407,0.4540203203891813,0.38281063155609096,0.2188980790846607,0.26881165206275637,0.5122902688525829,1.0,144.0,180.0
2020/21,2021-01-15,Union Berlin,Leverkusen,1,0,136,16,0,0.3344352542719958,0.3063225314562395,0.3592422142717647,0.2860156996354317,0.330103203863948,0.30914848309886006,0.3607483130371918,0.28945053141626353,0.31550568402331636,0.2885155222632097,0.395978793713474,1.0,144.0,180.0
2020/21,2021-01-16,Wolfsburg,RB Leipzig,2,2,137,16,1,0.2414174780619542,0.26745952671143436,0.49112299522661135,0.14974209757707616,0.23515511068291325,0.2550041510232471,0.5098407382938395,0.15761775225215036,0.23465152402536224,0.25158513916121317,0.5137633368134247,1.0,144.0,180.0
2020/21,2021-01-16,Werder Bremen,Augsburg,2,0,138,16,0,0.4994530622512879,0.27255479089712015,0.22799214685159183,0.1512638279578055,0.46517273331751474,0.28517532849700844,0.24965193818547662,0.17418314771341167,0.4443170581407014,0.2900586136230098,0.26562432823628884,1.0,144.0,180.0
2020/21,2021-01-16,Stuttgart,M'gladbach,2,2,139,16,1,0.38190752090862223,0.23915567542651825,0.3789368036648598,0.14472322784915498,0.3397568151973253,0.24843529247439974,0.4118078923282751,0.14251021682844278,0.34596260242313887,0.2576510960151271,0.396386301561734,1.0,144.0,180.0
2020/21,2021-01-16,FC Koln,Hertha,0,0,140,16,1,0.3139731583423691,0.33988122678443655,0.3461456148731947,0.10919796542771207,0.3376111894779489,0.31852995620861124,0.34385885431344015,0.11611011347523348,0.28122636052151473,0.30583366706714726,0.412939972411338,1.0,144.0,180.0
2020/21,2021-01-16,Dortmund,Mainz,1,1,141,16,1,0.742260093471227,0.1396202889059637,0.11811961762280931,0.2824511452136367,0.726795729545889,0.15517014443616833,0.11803412601794258,0.27108204369548033,0.8072114667859349,0.1286392775754478,0.06414925563861736,1.0,144.0,180.0
2020/21,2021-01-16,Hoffenheim,Bielefeld,0,0,142,16,1,0.5724907526337029,0.23875417358598072,0.18875507378031642,0.18168706986445812,0.6166067203247453,0.22110452761169072,0.16228875206356416,0.2032707432979938,0.5517419399247985,0.24976553290713385,0.19849252716806773,1.0,144.0,180.0
2020/21,2021-01-17,Ein Frankfurt,Schalke 04,3,1,143,16,0,0.6316275388311732,0.2056489567857722,0.16272350438305458,0.0810886045131404,0.5432540358927765,0.24326742155178677,0.21347854255543666,0.12709498192991522,0.6414394061642731,0.20526060997256737,0.1532999838631596,1.0,144.0,180.0
2020/21,2021-01-17,Bayern Munich,Freiburg,2,1,144,16,0,0.36231302042639874,0.27909740876563527,0.3585895708079658,0.26761558210497194,0.3931505974260355,0.28502947138886586,0.32181993118509844,0.23591713275617968,0.7839154210718191,0.13426175720014583,0.08182282172803498,1.0,144.0,180.0
2020/21,2021-01-19,Hertha,Hoffenheim,0,3,145,17,2,0.40737656184938303,0.2720668715110218,0.32055656663959536,0.3137995211403996,0.4076717455340806,0.26283073947786567,0.329497514988054,0.30788491725699974,0.3961331708447661,0.2733097575381487,0.33055707161708525,1.0,144.0,180.0
2020/21,2021-01-19,Leverkusen,Dortmund,2,1,146,17,0,0.24792905861667747,0.2931593592599331,0.45891158212338906,0.3881052705400947,0.30626286514691425,0.2918609183498573,0.4018762165032284,0.3213878528325591,0.27657757663734955,0.2471693279822389,0.47625309538041166,1.0,144.0,180.0
2020/21,2021-01-19,M'gladbach,Werder Bremen,1,0,147,17,0,0.5446045513382347,0.24285798032694741,0.2125374683348178,0.12627859505401212,0.5895845972552914,0.2370714478514844,0.17334395489322427,0.09924446475406273,0.6032088099871836,0.24068922960079747,0.1561019604120188,1.0,144.0,180.0
2020/21,2021-01-19,Mainz,Wolfsburg,0,2,148,17,2,0.3775049328544557,0.2433105258590128,0.37918454128653134,0.2639609040535307,0.27673693790959214,0.24382453222022155,0.47943852987018665,0.17378378849364517,0.22316759510952375,0.24559649914063164,0.5312359057498446,1.0,144.0,180.0
2020/21,2021-01-20,Schalke 04,FC Koln,1,2,149,17,2,0.35300710340219166,0.3466425049817667,0.30035039161604193,0.3070617947821159,0.3140957652151168,0.3319428191295843,0.3539614156552992,0.2580110010940876,0.3207853473137379,0.3029087644913005,0.3763058881949617,1.0,144.0,180.0
2020/21,2021-01-20,Augsburg,Bayern Munich,0,1,150,17,2,0.18145696311590864,0.208618612385681,0.6099244244984102,0.09254279203307231,0.17303840250064423,0.2025334646021096,0.6244281328972463,0.08549825804951176,0.057939351568644576,0.11011098488158698,0.8319496635497684,1.0,144.0,180.0
2020/21,2021-01-20,Bielefeld,Stuttgart,3,0,151,17,0,0.21816156004284293,0.2621579226949638,0.5196805172621933,0.4406695931082709,0.21922044900715149,0.25858951047464956,0.5221900405181991,0.44114957283249623,0.24401692216127527,0.24898418775234446,0.5069988900863802,1.0,144.0,180.0
2020/21,2021-01-20,RB Leipzig,Union Berlin,1,0,152,17,0,0.5030516493602888,0.2914603438630111,0.20548800677670018,0.14459149206629524,0.49577748223478646,0.3096912765716279,0.19453124119358525,0.14604137561090402,0.6341175211298349,0.22657563399998742,0.13930684487017772,1.0,144.0,180.0
2020/21,2021-01-20,Freiburg,Ein Frankfurt,2,2,153,17,1,0.4302359960009474,0.24984367115653627,0.31992033284251625,0.14372601581049682,0.41327062984563423,0.251481197636802,0.33524817251756356,0.1415919753346867,0.3208860548809581,0.26961500478978573,0.40949894032925616,1.0,144.0,180.0
2020/21,2021-01-22,M'gladbach,Dortmund,4,2,154,18,0,0.25627368629192826,0.21673682963468716,0.5269894840733846,0.4154233730128646,0.3148023348224864,0.24157479206751337,0.44362287311000054,0.3331485469555437,0.275487838760243,0.2520571720615626,0.47245498917819456,1.0,144.0,180.0
2020/21,2021-01-23,Hertha,Werder Bremen,1,4,155,18,2,0.41212111253540223,0.3220211273211961,0.26585776014340196,0.3544043198695404,0.39452989969396957,0.3249843109815084,0.2804857893245218,0.33667727055824487,0.44693237478555214,0.2948138255362528,0.258253799678195,1.0,144.0,180.0
2020/21,2021-01-23,Augsburg,Union Berlin,2,1,156,18,0,0.24397213659632724,0.27356048668362837,0.4824673767200441,0.40217644992092183,0.2150455357657333,0.25352684044306045,0.5314276237912063,0.4492844151248363,0.26638389946479624,0.2892393227916574,0.44437677774354634,1.0,144.0,180.0
2020/21,2021-01-23,Bielefeld,Ein Frankfurt,1,5,157,18,2,0.22921270486821477,0.27629208288857443,0.4944952122432109,0.1540367772590199,0.22600937688669626,0.2694670706722383,0.5045235524410656,0.14828857426316716,0.20970358354225044,0.24739713906503463,0.542899277392715,1.0,144.0,180.0
2020/21,2021-01-23,Freiburg,Stuttgart,2,1,158,18,0,0.4739166009830839,0.24436773265570896,0.2817156663612073,0.17806372969726533,0.4931910116062296,0.23586270348899424,0.27094628490477624,0.16513362001020854,0.30200507669912147,0.272561684820377,0.4254332384805016,1.0,144.0,180.0
2020/21,2021-01-23,Leverkusen,Wolfsburg,0,1,159,18,2,0.4513902808912302,0.3075121870315362,0.2410975320772339,0.3898430707511646,0.3989096603819622,0.29685677857638004,0.30423356104165744,0.3216099273634125,0.4587505491608822,0.2612670239873473,0.2799824268517705,1.0,144.0,180.0
2020/21,2021-01-23,Mainz,RB Leipzig,3,2,160,18,0,0.14531001249119435,0.2175702288091583,0.6371197586996473,0.5682082808366495,0.13898371365836443,0.22016896923525817,0.6408473171063772,0.5760171645939915,0.11664789665452137,0.1966081483935078,0.6867439549519708,1.0,144.0,180.0
2020/21,2021-01-24,Schalke 04,Bayern Munich,0,4,161,18,2,0.149802360401176,0.2057190957273784,0.6444785438714457,0.07441812647476573,0.15276680834160614,0.21863781590732556,0.6285953757510683,0.08063954632218559,0.06672216858773666,0.11169045041242094,0.8215873809998423,1.0,144.0,180.0
2020/21,2021-01-24,Hoffenheim,FC Koln,3,0,162,18,0,0.504054165493257,0.2792260324327428,0.21671980207400016,0.1464648716877918,0.4755579800327695,0.27027429138459397,0.25416772858263686,0.16982033328008286,0.553621175910279,0.24793212966974326,0.1984466944199778,1.0,144.0,180.0
2020/21,2021-01-29,Stuttgart,Mainz,2,0,163,19,0,0.653707015317936,0.19270085811696575,0.15359212656509835,0.07175468629140072,0.6438668663830242,0.1981195118270846,0.15801362178989112,0.0758995567655028,0.5981174074924387,0.22778770425529793,0.1740948882522634,1.0,144.0,180.0
2020/21,2021-01-30,Bayern Munich,Hoffenheim,4,1,164,19,0,0.6660442896056573,0.17869567882507584,0.15526003156926688,0.0678160469539399,0.6597486903309154,0.18318949582385388,0.15706181384523077,0.07021968354994058,0.7933608569896768,0.1276913252674678,0.07894781774285528,1.0,144.0,180.0
2020/21,2021-01-30,Dortmund,Augsburg,3,1,165,19,0,0.6517762783513014,0.19103178674351307,0.15719193490518554,0.07298453235905322,0.6239439929268464,0.21146708865752123,0.1645889184156322,0.08425381626051572,0.7837984615219713,0.13844873109504907,0.07775280738297956,1.0,144.0,180.0
2020/21,2021-01-30,Ein Frankfurt,Hertha,3,1,166,19,0,0.5343678652690569,0.2611148609649823,0.20451727376596093,0.12932030008137807,0.5439915822473774,0.2654036424843216,0.19060477526830094,0.12213692870816495,0.569904148260952,0.23596515581748864,0.1941306959215594,1.0,144.0,180.0
2020/21,2021-01-30,Union Berlin,M'gladbach,1,1,167,19,1,0.34446586018607755,0.28855990111215146,0.3669742387017713,0.12666341035223935,0.34238567672680115,0.28861196655844656,0.36900235671475246,0.1266953454443554,0.2649886201843634,0.267160658054727,0.4678507217609096,1.0,144.0,180.0
2020/21,2021-01-30,Werder Bremen,Schalke 04,1,1,168,19,1,0.5133097106768515,0.29593268285158686,0.19075760647156179,0.1499376617509561,0.49876048498624864,0.307608757166776,0.19363075784697528,0.143127445884056,0.44842623652844193,0.2785097423453001,0.27306402112625794,1.0,144.0,180.0
2020/21,2021-01-30,RB Leipzig,Leverkusen,1,0,169,19,0,0.5442417237283654,0.28280028413835784,0.17295799213327692,0.11881503671643308,0.6035591635247353,0.24815694566882132,0.14828389080644358,0.08957672454895241,0.4936545962105764,0.2685264012354234,0.23781900255400026,1.0,144.0,180.0
2020/21,2021-01-31,FC Koln,Bielefeld,3,1,170,19,0,0.35999037727399774,0.34260091464504655,0.2974087080809559,0.24903212841213146,0.4288216405557005,0.3179901678734448,0.253188191570855,0.19517448932420062,0.4107041380379191,0.3258252828434158,0.26347057911866506,1.0,144.0,180.0
2020/21,2021-01-31,Wolfsburg,Freiburg,3,0,171,19,0,0.42051547253460647,0.2743762494309369,0.305108278034457,0.2144466894484708,0.39816850566872236,0.2713181682024635,0.3305133261288144,0.2357201031588753,0.4657434402332361,0.2755102040816327,0.2587463556851312,1.0,144.0,180.0
2020/21,2021-02-05,Hertha,Bayern Munich,0,1,172,20,2,0.2773145036210035,0.2602049260363804,0.4624805703426159,0.18291523558888148,0.2491525132011956,0.24574687538803508,0.5051006114107691,0.15350118983023314,0.0936873113693456,0.1494948764751595,0.7568178121554949,1.0,144.0,180.0
2020/21,2021-02-06,Augsburg,Wolfsburg,0,2,173,20,2,0.22903348481518562,0.2670905923744528,0.5038759228103613,0.1492977185669291,0.20222611064434795,0.2583822337599261,0.5393916555957255,0.12652772338059318,0.18351988728488516,0.2617495443312572,0.5547305683838576,1.0,144.0,180.0
2020/21,2021-02-06,Freiburg,Dortmund,2,1,174,20,0,0.2225870989307125,0.2156825301747997,0.5617303708944877,0.45995591416711235,0.24638700455333296,0.24540036206058258,0.5082126333860844,0.41310631381965845,0.1834543894347483,0.20770635562868087,0.6088392549365709,1.0,144.0,180.0
2020/21,2021-02-06,Leverkusen,Stuttgart,5,2,175,20,0,0.4334685339109826,0.28465501129437154,0.28187645479464574,0.20020611891828474,0.3937719289736748,0.2845216506347011,0.3217064203916239,0.23550374751074582,0.527405881679826,0.23972994621810276,0.2328641721020712,1.0,144.0,180.0
2020/21,2021-02-06,Mainz,Union Berlin,1,0,176,20,0,0.27904745794165875,0.28655564732506517,0.434396894733276,0.35423661502714865,0.2774032188215156,0.29679139570914165,0.4258053854693429,0.35172816723210104,0.3252023205276566,0.301187379934845,0.3736102995374985,1.0,144.0,180.0
2020/21,2021-02-06,Schalke 04,RB Leipzig,0,3,177,20,2,0.12447663938512908,0.17786939245210415,0.6976539681627668,0.05345377836016837,0.11127767465929869,0.16374165353161352,0.7249806718090879,0.04400917587808071,0.10067576049502172,0.18724532038325536,0.7120789191217229,1.0,144.0,180.0
2020/21,2021-02-06,M'gladbach,FC Koln,1,2,178,20,2,0.5734695316999946,0.24053829521806439,0.18599217308194094,0.49573802303603587,0.5995721943643693,0.23136235074960554,0.1690654548860251,0.5249695172593366,0.6105160662122687,0.2336903602726388,0.15579357351509251,1.0,144.0,180.0
2020/21,2021-02-07,Hoffenheim,Ein Frankfurt,1,3,179,20,2,0.24118522866840542,0.23193918878352018,0.5268755825480741,0.14100851445852747,0.21679037500987652,0.21074712651403774,0.5724624984760858,0.11489319095311692,0.33388725741257275,0.2601834213347974,0.4059293212526299,1.0,144.0,180.0
2020/21,2021-02-12,RB Leipzig,Augsburg,2,1,180,21,0,0.7123284325122222,0.18279901384509514,0.10487255364268269,0.046876591624206224,0.7789759586858971,0.13394010149684238,0.08708393981726037,0.02821761970645726,0.7977340561252774,0.1392325534295906,0.06303339044513204,1.0,144.0,180.0
2020/21,2021-02-13,Stuttgart,Hertha,1,1,181,21,1,0.5269833602876993,0.24770489606407053,0.22531174364822998,0.16423842192296043,0.5379960357861293,0.23609599771704434,0.22590796649682615,0.17023707192416065,0.42918454935622324,0.2795830778663397,0.2912323727774372,1.0,144.0,180.0
2020/21,2021-02-13,Leverkusen,Mainz,2,2,182,21,1,0.536627679647532,0.25088406914654166,0.21248825120592635,0.16656026173222352,0.6017507818744673,0.2351355583776873,0.16311365974784536,0.19435503474143428,0.6406641720847164,0.21982156694554605,0.13951426096973765,1.0,144.0,180.0
2020/21,2021-02-13,Werder Bremen,Freiburg,0,0,183,21,1,0.30016134716680376,0.3334738500649698,0.3663648027682267,0.11216000152019598,0.2894870249234597,0.33505982557169345,0.375453149504847,0.11238390253607233,0.36642439690905126,0.2973717749991388,0.3362038280918099,1.0,144.0,180.0
2020/21,2021-02-13,Union Berlin,Schalke 04,0,0,184,21,1,0.5094044280233403,0.2972221315617833,0.1933734404148766,0.1484430793738361,0.5395147508072307,0.2874069289201786,0.17307832027259074,0.16051613564348483,0.5623297886136689,0.2623200622487356,0.17535014913759567,1.0,144.0,180.0
2020/21,2021-02-13,Dortmund,Hoffenheim,2,2,185,21,1,0.5310982623693707,0.23321049189930723,0.23569124573132216,0.16880786380307372,0.5690898498431147,0.2293507979638039,0.20155935219308133,0.18224471482547674,0.6688157284614671,0.19686914587777057,0.1343151256607623,1.0,144.0,180.0
2020/21,2021-02-14,Ein Frankfurt,FC Koln,2,0,186,21,0,0.6928389874828723,0.1796098509191792,0.12755116159794866,0.05530859321776653,0.6953968641163569,0.1761386178190096,0.12846451806463358,0.05464310139586383,0.5976770090632959,0.23995407014117545,0.1623689207955287,1.0,144.0,180.0
2020/21,2021-02-14,Wolfsburg,M'gladbach,0,0,187,21,1,0.5274792507961278,0.260325308686305,0.21219544051756722,0.16163063249844434,0.5679848906624771,0.2499319037951733,0.18208320554234925,0.17788056488072182,0.38823369009475767,0.2920444474742655,0.31972186243097694,1.0,144.0,180.0
2020/21,2021-02-15,Bayern Munich,Bielefeld,3,3,188,21,1,0.715271207025699,0.17184245989852734,0.11288633307577368,0.26217811189764745,0.7913467209459112,0.1190123481573939,0.08964093089669489,0.31713256462193595,0.8279287759152959,0.12154035982696314,0.05053086425774105,1.0,144.0,180.0
2020/21,2021-02-19,Bielefeld,Wolfsburg,0,3,189,22,2,0.1601155629492512,0.26342494804226185,0.576459489008487,0.10251177897475379,0.15155546584105908,0.24900955627334162,0.5994349778855996,0.09171069808390538,0.15675942697184259,0.23859706899390748,0.6046435040342499,1.0,144.0,180.0
2020/21,2021-02-20,FC Koln,Stuttgart,0,1,190,22,2,0.35116780387883406,0.22761970447218566,0.42121249164898067,0.22915690315213247,0.25549027309060085,0.21064371264983495,0.5338660142595641,0.1412780861530873,0.2403903696542835,0.2616581503475579,0.49795147999815864,1.0,144.0,180.0
2020/21,2021-02-20,Ein Frankfurt,Bayern Munich,2,1,191,22,0,0.4899390443831305,0.2568121328896411,0.2532488227272282,0.16214857232876062,0.42883738350237216,0.2730667543457595,0.2980958621518687,0.20754393875824095,0.23154090071172342,0.22990263962178192,0.5385564596664948,1.0,144.0,180.0
2020/21,2021-02-20,M'gladbach,Mainz,1,2,192,22,2,0.45367080455611675,0.26548964742172254,0.28083954802216093,0.36150447729778223,0.428563274751484,0.27954779077057457,0.29188893447794184,0.34254388079025055,0.5450246734065329,0.2695011506623464,0.18547417593112053,1.0,144.0,180.0
2020/21,2021-02-20,Schalke 04,Dortmund,0,4,193,22,2,0.11310966827729221,0.15635578029186004,0.7305345514308476,0.04270271251518675,0.12047080267532365,0.17995062620985952,0.6995785711148174,0.052383124615325974,0.08501515774130272,0.16302906719802757,0.7519557750606697,1.0,144.0,180.0
2020/21,2021-02-20,Freiburg,Union Berlin,0,1,194,22,2,0.30168387720260176,0.30986531678430496,0.388450806013093,0.23250278921501483,0.26899588253945533,0.3013236808514298,0.42968043660911487,0.1988115946047751,0.39645182058802486,0.3003791401387796,0.3031690392731955,1.0,144.0,180.0
2020/21,2021-02-21,Augsburg,Leverkusen,1,1,195,22,1,0.2165365225691553,0.29671383436351756,0.48674964306732715,0.14190664031625635,0.20434312204856872,0.2839924071942778,0.5116644707571534,0.1517783210818771,0.17543777656976017,0.219792248298458,0.6047699751317819,1.0,144.0,180.0
2020/21,2021-02-21,Hertha,RB Leipzig,0,3,196,22,2,0.17410082125191206,0.26296781241761197,0.5629313663304758,0.11067004324916742,0.1884687167982506,0.2923319715444508,0.5191993116572987,0.13334487956119734,0.16518526028817013,0.20604503926008536,0.6287697004517444,1.0,144.0,180.0
2020/21,2021-02-21,Hoffenheim,Werder Bremen,4,0,197,22,0,0.5119428810944153,0.25390702461649134,0.23415009428909328,0.14651300898500563,0.529341614748579,0.2552062669938387,0.2154521182575823,0.13396946543457716,0.4309990431944934,0.272525857395961,0.2964750994095455,1.0,144.0,180.0
2020/21,2021-02-26,Werder Bremen,Ein Frankfurt,2,1,198,23,0,0.18085811347531328,0.22756076554337795,0.5915811209813087,0.5104808264803623,0.17993508566856922,0.2594074682232565,0.5606574461081745,0.49342161779697863,0.229596266889887,0.2501483623915393,0.5202553707185738,1.0,144.0,180.0
2020/21,2021-02-27,Wolfsburg,Hertha,2,0,199,23,0,0.4267540190886174,0.31026942671807745,0.2629765541933053,0.19888381134321875,0.41249826100300674,0.3208525022691374,0.2666492367278559,0.20813005438601961,0.5121127722330938,0.2650773428089998,0.22280988495790643,1.0,144.0,180.0
2020/21,2021-02-27,RB Leipzig,M'gladbach,3,2,200,23,0,0.44549203557248684,0.30455927807343025,0.24994868635408263,0.18497671421183795,0.46544088482331436,0.290971738519197,0.24358737665748828,0.17254412884267914,0.6090917809532943,0.22403375851155657,0.16687446053514912,1.0,144.0,180.0
2020/21,2021-02-27,Bayern Munich,FC Koln,5,1,201,23,0,0.6419858752782027,0.19493473169848857,0.16307939302330896,0.07738450096458271,0.6697971828575376,0.17642057173918477,0.15378224540327767,0.06634143972504616,0.7887642328755667,0.13839943030484267,0.07283633681959062,1.0,144.0,180.0
2020/21,2021-02-27,Stuttgart,Schalke 04,5,1,202,23,0,0.7155001192398588,0.1577714125740351,0.12672846818610606,0.04850014340066573,0.677440784640821,0.1762650873096336,0.146294128049545,0.06272320965745298,0.6136160698425179,0.2172938866480186,0.16909004350946338,1.0,144.0,180.0
2020/21,2021-02-27,Dortmund,Bielefeld,3,0,203,23,0,0.6763799700911568,0.20113527823858557,0.12248475167025744,0.05986621907496262,0.6336358970178729,0.22308125488500352,0.14328284809712363,0.077376315256361,0.7821936118344506,0.1469575876779877,0.07084880048756163,1.0,144.0,180.0
2020/21,2021-02-28,Union Berlin,Hoffenheim,1,1,204,23,1,0.37876617465889106,0.3028824121481684,0.31835141319294036,0.12240571867383598,0.3717691708138567,0.30029116681622975,0.32793966236991384,0.12287836926145773,0.359977997715735,0.2940360822182581,0.34598592006600687,1.0,144.0,180.0
2020/21,2021-02-28,Mainz,Augsburg,0,1,205,23,2,0.4233092846735688,0.28929545114154,0.28739526418489103,0.34349812999848484,0.4410571825843475,0.27925050748431957,0.27969230993133265,0.35668730334065074,0.4631828069259549,0.28493169755503345,0.25188549551901157,1.0,144.0,180.0
2020/21,2021-02-28,Leverkusen,Freiburg,1,2,206,23,2,0.5861473346803525,0.26192539806547976,0.15192726725416772,0.5313980289899325,0.5582496009857607,0.2727706131122406,0.1689797859019984,0.5011186066201245,0.5521133587819298,0.2395197659421607,0.20836687527590952,1.0,144.0,180.0
2020/21,2021-03-05,Schalke 04,Mainz,0,0,207,24,1,0.30687292118901677,0.3227187447543241,0.3704083340566591,0.11568666184885501,0.3213916909298846,0.33063889461072415,0.34796941445939106,0.11218766619899104,0.2852392109439952,0.2740533595344268,0.44070742952157815,1.0,144.0,180.0
2020/21,2021-03-06,Hertha,Augsburg,2,1,208,24,0,0.5089066496751805,0.3032348372335309,0.18785851309128876,0.13823174983706288,0.427418097926871,0.3112657945113515,0.2613161075617776,0.19806807132646037,0.4679222403274092,0.2851187994997915,0.2469589601727993,1.0,144.0,180.0
2020/21,2021-03-06,Freiburg,RB Leipzig,0,3,209,24,2,0.18327130751717294,0.26334418408502147,0.5533845083978057,0.11652688474906196,0.20292294067648511,0.2680892612479259,0.5289877980755889,0.13151510710723724,0.19349983695243195,0.24490580867413064,0.5615943543734375,1.0,144.0,180.0
2020/21,2021-03-06,Ein Frankfurt,Stuttgart,1,1,210,24,1,0.5694370367532678,0.20781651900534184,0.22274644424139012,0.18693725862426266,0.5563757136474348,0.21557362337854089,0.2280506629740245,0.18078051980979218,0.5305604278337238,0.23133440455309284,0.2381051676131834,1.0,144.0,180.0
2020/21,2021-03-06,Hoffenheim,Wolfsburg,2,1,211,24,0,0.3739166342352382,0.2601899221891232,0.3658934435756383,0.26292919646948576,0.3688982574836455,0.26201380159988763,0.3690879409164666,0.2672576587685682,0.3507786070683719,0.27568234189317115,0.3735390510384571,1.0,144.0,180.0
2020/21,2021-03-06,Bayern Munich,Dortmund,4,2,212,24,0,0.2338865119830463,0.20782781133095593,0.5582856766859979,0.44930638665712275,0.2663977627888274,0.2312977421276514,0.5023044950835214,0.39524102411117434,0.6205825352059803,0.19965462710520268,0.17976283768881715,1.0,144.0,180.0
2020/21,2021-03-06,M'gladbach,Leverkusen,0,1,213,24,2,0.3337665078179749,0.32582638162578326,0.34040711055624173,0.27323143077288603,0.3442914402424197,0.30723546336197116,0.3484730963956093,0.2715119509722625,0.37758041644898876,0.262885289947011,0.3595342936040003,1.0,144.0,180.0
2020/21,2021-03-07,FC Koln,Werder Bremen,1,1,214,24,1,0.36637015840846404,0.35053779796581674,0.2830920436257191,0.10718409906821455,0.33931650019839327,0.34903860709294976,0.31164489270865714,0.10612911322913829,0.30640858778843194,0.30261405419352877,0.3909773580180391,1.0,144.0,180.0
2020/21,2021-03-07,Bielefeld,Union Berlin,0,0,215,24,1,0.1799393962379984,0.26034901282127804,0.5597115909407234,0.1728276256759456,0.18227054918853983,0.26510221066034717,0.5526272401511133,0.1693097098292639,0.24056603773584911,0.2806603773584906,0.4787735849056604,1.0,144.0,180.0
2020/21,2021-03-10,Bielefeld,Werder Bremen,0,2,216,24,2,0.2963295911189795,0.3634773394396853,0.34019306944133515,0.26157820609299415,0.29572000898833606,0.35992766563831596,0.34435232537334814,0.25866209847969884,0.2656723374504777,0.30552318806804935,0.42880447448147285,1.0,144.0,180.0
2020/21,2021-03-12,Augsburg,M'gladbach,3,1,217,25,0,0.26068076774102983,0.3003842098247575,0.4389350224342129,0.3696284405536579,0.26806227393157894,0.31556609183215295,0.41637163423626833,0.35454908631939575,0.20367843969481078,0.2344500025264009,0.5618715577787883,1.0,144.0,180.0
2020/21,2021-03-13,Werder Bremen,Bayern Munich,1,3,218,25,2,0.17344171592418467,0.22894376191475835,0.5976145221610567,0.09599805079920003,0.21185291685939872,0.25179652120567964,0.5363505619349217,0.12992622989994912,0.07669264223504618,0.1345578258354139,0.78874953192954,1.0,144.0,180.0
2020/21,2021-03-13,Mainz,Freiburg,1,0,219,25,0,0.36306532906229483,0.33600574115629633,0.3009289297814087,0.24812199791095343,0.35005451739690463,0.3167642841922373,0.3331811984108583,0.26671942066533305,0.4094850877814092,0.2983748048163317,0.2921401074022591,1.0,144.0,180.0
2020/21,2021-03-13,Union Berlin,FC Koln,2,1,220,25,0,0.5834728391252654,0.2506763164538009,0.1658508444209338,0.10050068917075192,0.5415431184473827,0.2742712538317773,0.18418562772083977,0.12205352885093523,0.47459439764381217,0.29536690608648125,0.23003869626970658,1.0,144.0,180.0
2020/21,2021-03-13,Dortmund,Hertha,2,0,221,25,0,0.4736871737377719,0.2831768045932556,0.24313602166897194,0.16806015806057464,0.4955130225556261,0.27821115840729105,0.22627581903708296,0.15285392834593142,0.640623628130997,0.21638842550202567,0.14298794636697731,1.0,144.0,180.0
2020/21,2021-03-13,Wolfsburg,Schalke 04,5,0,222,25,0,0.6868604017591999,0.19780726515765507,0.11533233308314496,0.0556789775204056,0.6825293764003066,0.19845500694616655,0.11901561665352675,0.05747615692809871,0.6760382173665451,0.2019699238605446,0.1219918587729104,1.0,144.0,180.0
2020/21,2021-03-14,Leverkusen,Bielefeld,1,2,223,25,2,0.5648039649461739,0.26563187899431995,0.16956415605950592,0.5043136048600396,0.5891214602673421,0.2501304193368296,0.16074812039582834,0.5257039061833303,0.6761410103734738,0.19472861098756047,0.12913037863896584,1.0,144.0,180.0
2020/21,2021-03-14,RB Leipzig,Ein Frankfurt,1,1,224,25,1,0.5445439424727131,0.27064857152888977,0.18480748599839703,0.1653409560823866,0.5439497334622566,0.2732503920232332,0.18279987451451007,0.16464855332809034,0.580672085741171,0.22953625977533348,0.18979165448349558,1.0,144.0,180.0
2020/21,2021-03-14,Stuttgart,Hoffenheim,2,0,225,25,0,0.285157055937945,0.20924173188782,0.5056012121742351,0.383316510213681,0.28363372451769997,0.2112390668659182,0.5051272086163819,0.3841670687664801,0.3705345111543644,0.26581823626291357,0.36364725258272196,1.0,144.0,180.0
2020/21,2021-03-19,Bielefeld,RB Leipzig,0,1,226,26,2,0.10625669097231921,0.15911301203230044,0.7346302969953803,0.04085578182457349,0.11580088177367008,0.19356999012222345,0.6906291281041067,0.054560090298592434,0.11078998831057067,0.1936071565109177,0.6956028551785116,1.0,144.0,180.0
2020/21,2021-03-20,Werder Bremen,Wolfsburg,1,2,227,26,2,0.17992590436712264,0.26290183627838287,0.5571722593544949,0.11423486947376502,0.15899591084228396,0.24968917391701081,0.5913149152407053,0.09615159908463973,0.19573755904096554,0.26759737523682686,0.5366650657222077,1.0,144.0,180.0
2020/21,2021-03-20,Schalke 04,M'gladbach,0,3,228,26,2,0.17918084530359193,0.29868879676849996,0.522130357927908,0.1302325850689095,0.18927162123527944,0.3115725925747407,0.4991557861899799,0.14333433655600408,0.12833480751797466,0.20362098896380113,0.6680442035182242,1.0,144.0,180.0
2020/21,2021-03-20,Ein Frankfurt,Union Berlin,5,2,229,26,0,0.487055510009415,0.2884602229338957,0.2244842670566888,0.15675261798384021,0.46140208025076335,0.2907141496083217,0.24788377014091487,0.17576704132873955,0.49780002634698983,0.2594915030957713,0.24270847055723885,1.0,144.0,180.0
2020/21,2021-03-20,FC Koln,Dortmund,2,2,230,26,1,0.17921227879619042,0.22936307649631021,0.5914246447074996,0.19095007561935767,0.19756311728254666,0.2563080146264425,0.5461288680910107,0.16864396293638298,0.14553331706126432,0.20441786673175497,0.6500488162069807,1.0,144.0,180.0
2020/21,2021-03-20,Bayern Munich,Stuttgart,4,0,231,26,0,0.509365564121654,0.2094557233584573,0.28117871251988874,0.1598918090220025,0.5303471153511145,0.19840390984313389,0.2712489748057515,0.14707491919609533,0.7631318566395408,0.1446533519301816,0.09221479143027754,1.0,144.0,180.0
2020/21,2021-03-21,Hoffenheim,Mainz,1,2,232,26,2,0.5519196163707193,0.24064453986574913,0.20743584376353139,0.4663866023428136,0.5588631084869917,0.2295738056690387,0.21156308584396946,0.46698037081581345,0.5063683571447025,0.24930891053297854,0.24432273232231896,1.0,144.0,180.0
2020/21,2021-03-21,Hertha,Leverkusen,3,0,233,26,0,0.30520486737979974,0.3288112230790214,0.3659839095411786,0.30834224917788366,0.24551618916542792,0.3241228939749849,0.4303609168595876,0.37722816978584145,0.2844963822293405,0.26450474455917056,0.450998873211489,1.0,144.0,180.0
2020/21,2021-03-21,Freiburg,Augsburg,2,0,234,26,0,0.2962144447434178,0.30164740005625634,0.40213815520032575,0.3285146018278685,0.3232167325318003,0.3082933840445152,0.3684898834236847,0.29691019265526664,0.5328723128259721,0.2701264078868502,0.19700127928717762,1.0,144.0,180.0
2020/21,2021-04-03,Leverkusen,Schalke 04,2,1,235,27,0,0.7144440155228927,0.1807386864939983,0.10481729798310903,0.04626444311358491,0.7194098657394761,0.1781999027400772,0.10239023152044692,0.04460729147757477,0.7433455353334615,0.16731660675031523,0.08933785791622335,1.0,144.0,180.0
2020/21,2021-04-03,Augsburg,Hoffenheim,2,1,236,27,0,0.31554098859326657,0.2605163298627045,0.42394268154402903,0.3241057677653124,0.22659813793233713,0.24484515801057985,0.5285567040570831,0.4387613148267075,0.2468971039636995,0.2642466301881756,0.4888562658481249,1.0,144.0,180.0
2020/21,2021-04-03,Dortmund,Ein Frankfurt,1,2,237,27,2,0.4462548853195503,0.26396364613673046,0.2897814685437191,0.3517768925477406,0.48269522812706633,0.2801744347017412,0.23713033717119258,0.40748240286058957,0.5495075168481078,0.23068947641264903,0.21980300673924313,1.0,144.0,180.0
2020/21,2021-04-03,RB Leipzig,Bayern Munich,0,1,238,27,2,0.5888540308150267,0.2250357086326278,0.18611026055234556,0.5045827887926377,0.5821290537659315,0.21927670371737437,0.19859424251669403,0.49056271168290505,0.3733089771136382,0.2657797608798185,0.3609112620065433,1.0,144.0,180.0
2020/21,2021-04-03,Mainz,Bielefeld,1,1,239,27,1,0.431390892785112,0.32494100195451703,0.2436681052603711,0.12273612394955762,0.47555579247336255,0.30172579590885007,0.22271841161778758,0.13787840131425902,0.5204823002009584,0.26446127685886534,0.2150564229401762,1.0,144.0,180.0
2020/21,2021-04-03,M'gladbach,Freiburg,2,1,240,27,0,0.5297956499446078,0.2792217352288419,0.19098261482655016,0.12878324498850013,0.534749144434113,0.2785462274061683,0.18670462815971908,0.12565848839052432,0.5609875336103641,0.2410168662918602,0.19799560009777564,1.0,144.0,180.0
2020/21,2021-04-03,Wolfsburg,FC Koln,1,0,241,27,0,0.653524873519549,0.20459469007957326,0.1418804364008776,0.070087535751474,0.7288704569373696,0.1595340547219541,0.11159548834067624,0.04298239106967237,0.5837235153434164,0.24189038973287968,0.174386094923704,1.0,144.0,180.0
2020/21,2021-04-04,Stuttgart,Werder Bremen,1,0,242,27,0,0.45584128965680143,0.26262102751014016,0.28153768283305863,0.1876860844486905,0.5128725125664897,0.2527235763235561,0.23440391110995418,0.14611919127846404,0.5074276052657702,0.25771981004287803,0.2348525846913517,1.0,144.0,180.0
2020/21,2021-04-04,Union Berlin,Hertha,1,1,243,27,1,0.38770573224087856,0.33167327221926707,0.2806209955398543,0.11453193897510741,0.3852203386216262,0.33662770555699845,0.27815195582137514,0.11288160990750837,0.368841927627668,0.2998254933169694,0.33133257905536273,1.0,144.0,180.0
2020/21,2021-04-09,Bielefeld,Freiburg,1,0,244,28,0,0.23504460517680892,0.31813119818677704,0.4468241966364141,0.3924043093844405,0.19707071454160746,0.30665990959478606,0.49626937586360653,0.44548936543338913,0.3572668079486471,0.30400964403083636,0.33872354802051663,1.0,144.0,180.0
2020/21,2021-04-10,Ein Frankfurt,Wolfsburg,4,3,245,28,0,0.4513622771873704,0.25999843917293275,0.28863928363969676,0.1921579934765326,0.41185749510309294,0.28857978030434994,0.29956272459255734,0.21782471601586234,0.37947621592731157,0.2757883484767504,0.344735435595938,1.0,144.0,180.0
2020/21,2021-04-10,Bayern Munich,Union Berlin,1,1,246,28,1,0.573128643861471,0.2429259214896193,0.18394543464890994,0.18115618267133257,0.5526600184905033,0.25792664715053415,0.18941333435896274,0.17065525363545178,0.5162019450530397,0.26156077108585657,0.22223728386110367,1.0,144.0,180.0
2020/21,2021-04-10,Hertha,M'gladbach,2,2,247,28,1,0.3075531787288736,0.3540295357458639,0.3384172855252625,0.10455760844426076,0.3207280166471,0.3437018619138186,0.3355701214390812,0.10773688353251114,0.30102422726525846,0.27175798294780273,0.4272177897869388,1.0,144.0,180.0
2020/21,2021-04-10,Werder Bremen,RB Leipzig,1,4,248,28,2,0.13339414578688844,0.24704045889583603,0.6195653953172755,0.08126224328515726,0.12841871887357323,0.2214122872841122,0.6501689938423145,0.06943655011321417,0.10376231647193318,0.1835344733084382,0.7127032102196287,1.0,144.0,180.0
2020/21,2021-04-10,Stuttgart,Dortmund,2,3,249,28,2,0.29584859164160876,0.2562958862616234,0.4478555220967679,0.19619495682767812,0.2910128155171397,0.2385140058702981,0.4704731786125627,0.1825435566819481,0.23111903485577648,0.23002885072909826,0.5388521144151253,1.0,144.0,180.0
2020/21,2021-04-11,Schalke 04,Augsburg,1,0,250,28,0,0.29534395468721475,0.326957816323762,0.37769822898902344,0.31959804718864937,0.29647126370248356,0.3287160565686862,0.37481267972883053,0.3177186138409436,0.3408631268638809,0.2885773374924302,0.37055953564368876,1.0,144.0,180.0
2020/21,2021-04-11,FC Koln,Mainz,2,3,251,28,2,0.28935088530091235,0.2608508032160031,0.44979831148308475,0.1932229164356433,0.299819973291388,0.27890273594272136,0.4212772907658905,0.21240599528385806,0.3273276817017324,0.2947920988819819,0.37788021941628563,1.0,144.0,180.0
2020/21,2021-04-12,Hoffenheim,Leverkusen,0,0,252,28,1,0.3284932407251632,0.25674192589486383,0.4147648333799729,0.13996883810541838,0.3291035913278997,0.26901904037468216,0.401877368297418,0.13490729648728994,0.34065419344765674,0.26352494210101746,0.39582086445132586,1.0,144.0,180.0
2020/21,2021-04-16,RB Leipzig,Hoffenheim,0,0,253,29,1,0.5605800622617486,0.2676436404467625,0.17177629729148886,0.17187855125827997,0.527838279594118,0.2859964034926357,0.1861653169132465,0.15663538731314386,0.6975425330812854,0.18321942707575975,0.11923803984295478,1.0,144.0,180.0
2020/21,2021-04-17,M'gladbach,Ein Frankfurt,4,0,254,29,0,0.24852746906034234,0.26953510055960983,0.4819374303800478,0.39848732577908913,0.2927994204278261,0.2926056978091148,0.4145948817630592,0.33601078786567184,0.41682318844743566,0.24306066820135824,0.34011614335120616,1.0,144.0,180.0
2020/21,2021-04-17,Augsburg,Bielefeld,0,0,255,29,1,0.363007250917657,0.33552457782232664,0.3014681712600167,0.11132866125082666,0.33822009553076066,0.34125036143000753,0.3205295430392322,0.10856601049088782,0.4094674820835616,0.29125811969634297,0.2992743982200955,1.0,144.0,180.0
2020/21,2021-04-17,Freiburg,Schalke 04,4,0,256,29,0,0.6042900342870301,0.2398551975028836,0.1558547682100859,0.09043854286918979,0.551761582985128,0.26961903267735005,0.17861938433752203,0.11641128147455683,0.5918435979642624,0.24292087976145105,0.16523552227428648,1.0,144.0,180.0
2020/21,2021-04-17,Wolfsburg,Bayern Munich,2,3,257,29,2,0.35692872230198086,0.26771200786152993,0.3753592698364893,0.2587870772916643,0.36117706588494886,0.2635312991569987,0.3752916349580523,0.260354707137322,0.25240490689259554,0.2466684317359457,0.5009266613714589,1.0,144.0,180.0
2020/21,2021-04-17,Union Berlin,Stuttgart,2,1,258,29,0,0.5519556411326022,0.2530522195240388,0.19499213934335913,0.11938284095929874,0.48713615829969575,0.28165033391701344,0.2312135077832909,0.1582445031525243,0.4467723750124881,0.2844277619992293,0.2687998629882826,1.0,144.0,180.0
2020/21,2021-04-17,Leverkusen,FC Koln,3,0,259,29,0,0.46462650403627825,0.2776475024875942,0.2577259934761277,0.17652373394683707,0.4900182143182409,0.2730997215942439,0.23688206408751555,0.1580972670067587,0.5907156565516092,0.2394793202236253,0.16980502322476568,1.0,144.0,180.0
2020/21,2021-04-18,Dortmund,Werder Bremen,4,1,260,29,0,0.5441432792622443,0.2690773430017247,0.18677937773603115,0.1213459428946196,0.5634481071887489,0.2602183583232074,0.1763335344880436,0.11083553525106607,0.7322769888700038,0.1656340808158342,0.10208893031416197,1.0,144.0,180.0
2020/21,2021-04-20,FC Koln,RB Leipzig,2,1,261,30,0,0.16879473139708726,0.24458224304546336,0.5866230255574493,0.5175143863337082,0.15557621035836197,0.22582478151199475,0.6185990081296434,0.547858134685862,0.15619986062266017,0.227898157301914,0.6159019820754258,1.0,144.0,180.0
2020/21,2021-04-20,Bayern Munich,Leverkusen,2,0,262,30,0,0.46048088161695894,0.27234639382676135,0.2671727245562796,0.18123107192381976,0.4613752170262972,0.2721240806361465,0.2665007023375568,0.18056964058993957,0.6202133223745657,0.20895599058542239,0.17083068704001197,1.0,144.0,180.0
2020/21,2021-04-20,Bielefeld,Schalke 04,1,0,263,30,0,0.36881667445286603,0.36508182324551786,0.2661015023016159,0.23460119998795814,0.3716778833352517,0.3716354798969212,0.25668663676782716,0.23033835589262402,0.5012530033327305,0.27456274058955743,0.224184256077712,1.0,144.0,180.0
2020/21,2021-04-20,Ein Frankfurt,Augsburg,2,0,264,30,0,0.6451720222394074,0.20278938345957165,0.15203859430102118,0.07450931397935102,0.6443198509509168,0.20307544259710647,0.15260470645197655,0.074898282429436,0.732813357476332,0.16395146302860308,0.10323517949506492,1.0,144.0,180.0
2020/21,2021-04-21,Dortmund,Union Berlin,2,0,265,30,0,0.4211567016237403,0.3023201725740557,0.2765231258022038,0.2057623015892646,0.4036424606876318,0.2957845702068232,0.30057296910554465,0.2229932122258128,0.6546084748097729,0.20110652112712613,0.14428500406310082,1.0,144.0,180.0
2020/21,2021-04-21,Hoffenheim,M'gladbach,3,2,266,30,0,0.29426831565727585,0.345891297328321,0.35984038701440324,0.31377115720594695,0.28625400648060256,0.3571350273350373,0.35661096618436006,0.31830236223396735,0.3592797131415709,0.26340722904179864,0.3773130578166305,1.0,144.0,180.0
2020/21,2021-04-21,Werder Bremen,Mainz,0,1,267,30,2,0.22913052029908587,0.23832658966904002,0.5325428900318739,0.13550847249614117,0.22203315378484476,0.2522052098203934,0.5257616363947618,0.1371003734473093,0.2913050743608311,0.295705453127611,0.41298947251155793,1.0,144.0,180.0
2020/21,2021-04-21,Stuttgart,Wolfsburg,1,3,268,30,2,0.29538854402836723,0.2574483038598172,0.4471631521118154,0.1964414861630711,0.2998365373469298,0.27345978727214554,0.42670367538092463,0.2092853124749685,0.23799802197602782,0.22748183030731964,0.5345201477166527,1.0,144.0,180.0
2020/21,2021-04-23,Augsburg,FC Koln,2,3,269,31,2,0.3968407249123443,0.2544062802542129,0.3487529948334429,0.29080261134368235,0.4131853846525852,0.2524205533549943,0.33439406199242055,0.3068767134007273,0.32516357313892663,0.298397059496393,0.37643936736468037,1.0,144.0,180.0
2020/21,2021-04-24,Freiburg,Hoffenheim,1,1,270,31,1,0.26306518330400247,0.2889115733229599,0.44802324337303756,0.13496405863463223,0.24136153669775165,0.28142499399505627,0.47721346930719183,0.14299404334265325,0.3038025686225132,0.25948123898262404,0.4367161923948627,1.0,144.0,180.0
2020/21,2021-04-24,Mainz,Bayern Munich,2,1,271,31,0,0.23842584940485653,0.24553273338553921,0.5160414172096044,0.42314696556520554,0.19575163442833085,0.2087779818368097,0.5954703837348594,0.5007002057150209,0.09254930162039433,0.1422793070298888,0.7651713913497169,1.0,144.0,180.0
2020/21,2021-04-24,Union Berlin,Werder Bremen,3,1,272,31,0,0.4555760555897809,0.31286177072223686,0.23156217368798246,0.17500923576514227,0.43992936793223225,0.3201967401982903,0.23987389186947722,0.1856092984526993,0.4656617863131148,0.2867711880520648,0.2475670256348205,1.0,144.0,180.0
2020/21,2021-04-24,Wolfsburg,Dortmund,0,2,273,31,2,0.21719363141490786,0.24820987786986,0.5345964907152321,0.13188674999088593,0.2695458954319231,0.2599041529605761,0.47054995160750057,0.17648617174350847,0.2995478786691116,0.24413152111532593,0.4563206002155625,1.0,144.0,180.0
2020/21,2021-04-24,Leverkusen,Ein Frankfurt,3,1,274,31,0,0.48887440499947477,0.2709320322512338,0.2401935627492911,0.15947116072541936,0.376658237463805,0.28806330550602427,0.33527845703017084,0.25048329833513105,0.4444128720608084,0.25005327839738584,0.3055338495418058,1.0,144.0,180.0
2020/21,2021-04-25,M'gladbach,Bielefeld,5,0,275,31,0,0.5893618565528083,0.25121445516407537,0.15942368828311637,0.09701979861977433,0.5927638990295148,0.23919843817374375,0.1680376627967415,0.09703894902591732,0.5852543689912086,0.2468118172260905,0.16793381378270075,1.0,144.0,180.0
2020/21,2021-04-25,RB Leipzig,Stuttgart,2,0,276,31,0,0.6239683297075338,0.23802007397208652,0.13801159632037974,0.08022350889092071,0.6036811287271884,0.24097165004494167,0.1553472212278702,0.0906007034350881,0.6974240370045458,0.18422521732195551,0.1183507456734987,1.0,144.0,180.0
2020/21,2021-05-03,Mainz,Hertha,1,1,277,31,1,0.42636137558543996,0.286318436344498,0.2873201880700619,0.1321684565318622,0.434016817182065,0.2645475282634646,0.3014356545544699,0.139617025716766,0.39594215150508744,0.29457141994505004,0.30948642854986264,1.0,144.0,180.0
2020/21,2021-05-06,Hertha,Freiburg,3,0,278,31,0,0.4823019924194111,0.26231831021649576,0.2553796973640929,0.16661500843934368,0.47411559845441986,0.26898449714746536,0.2568999043981147,0.17127598233435676,0.4111321948134092,0.30107526881720426,0.28779253636938645,1.0,144.0,180.0
2020/21,2021-05-07,Stuttgart,Augsburg,2,1,279,32,0,0.5286671131950501,0.24793443433761392,0.22339845246733597,0.13603077937434416,0.55549145431035,0.24444051248156454,0.20006803320808572,0.11880753255143965,0.44842623652844193,0.2785097423453001,0.27306402112625794,1.0,144.0,180.0
2020/21,2021-05-08,Bayern Munich,M'gladbach,6,0,280,32,0,0.5532867921960551,0.21416344529788217,0.23254976250606288,0.12681604103405827,0.5316026837890698,0.22767323918543395,0.24072407702549614,0.1386720635466896,0.6724074580039758,0.17759395521052182,0.1499985867855023,1.0,144.0,180.0
2020/21,2021-05-08,Dortmund,RB Leipzig,3,2,281,32,0,0.22778415588024897,0.252805727760131,0.5194101163596203,0.4330520894431469,0.2358082929723681,0.26282966290609533,0.5013620441215364,0.41767643218776573,0.4196656173078468,0.2586827746897574,0.32165160800239573,1.0,144.0,180.0
2020/21,2021-05-08,Hoffenheim,Schalke 04,4,2,282,32,0,0.75366728710317,0.16247271919344997,0.08385999370337996,0.03385615199352151,0.7522792382344612,0.16128139585450507,0.08643936591103396,0.034418669894400206,0.7465837071335552,0.16478078425698164,0.08863550860946319,1.0,144.0,180.0
2020/21,2021-05-08,Werder Bremen,Leverkusen,0,0,283,32,1,0.1939786632670864,0.2914122438855123,0.5146090928474016,0.1512251201220555,0.21330054276238503,0.2792865431440401,0.5074129140935751,0.1514824934658308,0.25186824025809457,0.27373915187714476,0.4743926078647606,1.0,144.0,180.0
2020/21,2021-05-08,Wolfsburg,Union Berlin,3,0,284,32,0,0.5011136971827441,0.2847365692665228,0.21414973355073316,0.14737382575926036,0.5762637164175443,0.24484123678609568,0.17889504679636015,0.1057779378962716,0.5250739895727389,0.26757195085076557,0.20735405957649564,1.0,144.0,180.0
2020/21,2021-05-09,Hertha,Bielefeld,0,0,285,32,1,0.5211022995967726,0.3048997769336659,0.1739979234695616,0.15091144200838197,0.5205314231885816,0.2977714932691708,0.18169708354224784,0.15198339634724436,0.5115089514066496,0.2713839158851947,0.21710713270815574,1.0,144.0,180.0
2020/21,2021-05-09,Ein Frankfurt,Mainz,1,1,286,32,1,0.43149221795296094,0.2460341915359497,0.3224735905110893,0.14508737536553964,0.344294586238488,0.2550165838718183,0.40068882988969406,0.13954515025575176,0.506565733095615,0.2408058780479155,0.25262838885646943,1.0,144.0,180.0
2020/21,2021-05-09,FC Koln,Freiburg,1,4,287,32,2,0.5086015386090555,0.24842442587740016,0.24297403551354427,0.4158819179910735,0.47993109627090413,0.2577085282142006,0.26236037551489494,0.38722303638915906,0.5013015191448743,0.25792558372889307,0.2407728971262327,1.0,144.0,180.0
2020/21,2021-05-12,Schalke 04,Hertha,1,2,288,32,2,0.1885935956504337,0.2835287625660226,0.5278776417835439,0.1292335327241136,0.22085357050387286,0.27831973524599635,0.5008266942501309,0.14897514438878076,0.15735066720119123,0.22928240077887863,0.6133669320199301,1.0,144.0,180.0
2020/21,2021-05-15,Schalke 04,Ein Frankfurt,4,3,289,33,0,0.116176505724727,0.15455210860779703,0.729271385667476,0.656490361493157,0.12071276492096268,0.1563929693137457,0.7228942657652916,0.6478610806246392,0.07957852254881563,0.1408107484160394,0.779610729035145,1.0,144.0,180.0
2020/21,2021-05-15,M'gladbach,Stuttgart,1,2,290,33,2,0.5929072010610545,0.21733283373435094,0.18975996520459465,0.5040139315276568,0.5946185959297164,0.2153339273864403,0.19004747668384314,0.5047971823258184,0.6328601132860113,0.1918512941851294,0.17528859252885926,1.0,144.0,180.0
2020/21,2021-05-15,Leverkusen,Union Berlin,1,1,291,33,1,0.5747252376201389,0.25590937742788167,0.16936538495197953,0.17949686618872868,0.4626411347298733,0.3183455951542488,0.21901327011587748,0.13100181601549762,0.47856058232302545,0.2691074742702885,0.2523319434066861,1.0,144.0,180.0
2020/21,2021-05-15,Bielefeld,Hoffenheim,1,1,292,33,1,0.34631848103223173,0.3280852020355511,0.32559631693221736,0.11297472595214852,0.3051320542491214,0.3180371949124426,0.37683075083843615,0.11755349265387413,0.37170600471909615,0.2493843858191895,0.37890960946171426,1.0,144.0,180.0
2020/21,2021-05-15,Freiburg,Bayern Munich,2,2,293,33,1,0.1687849640953688,0.182342954454714,0.6488720814499171,0.2247616710949114,0.18547034320150024,0.1995483529425619,0.6149813038559382,0.20630062614981584,0.10662209394228575,0.13443008775986934,0.758947818297845,1.0,144.0,180.0
2020/21,2021-05-15,Augsburg,Werder Bremen,2,0,294,33,0,0.31148522973519344,0.2917555711907412,0.39675919907406537,0.3157352254613466,0.3360860960165601,0.3029528659680223,0.36096103801541757,0.28553727143385,0.3792400866126177,0.3024469226567917,0.31831299073059066,1.0,144.0,180.0
2020/21,2021-05-15,Hertha,FC Koln,0,0,295,33,1,0.3568444647702927,0.30213904616454734,0.3410164890651601,0.1218151089257625,0.3209021782100242,0.2991859387406967,0.379911883049279,0.12365562343099365,0.3116860420940658,0.30300129169516,0.38531266621077426,1.0,144.0,180.0
2020/21,2021-05-16,Mainz,Dortmund,1,3,296,33,2,0.24228806383011284,0.22768462110311447,0.5300273150667727,0.13978891522894568,0.26693000674106293,0.2316962948539486,0.5013736984049886,0.15993990857055165,0.1388081779731143,0.16911984248717396,0.6920719795397118,1.0,144.0,180.0
2020/21,2021-05-16,RB Leipzig,Wolfsburg,2,2,297,33,1,0.5093701291535349,0.3051677765278947,0.18546209431857053,0.14692705845145956,0.5440945985556406,0.2852531313713403,0.17065227007301909,0.16258056472924914,0.4916185938323189,0.2644110815476526,0.2439703246200286,1.0,144.0,180.0
2020/21,2021-05-22,Ein Frankfurt,Freiburg,3,1,298,34,0,0.6109204739347022,0.2163246259550889,0.17275490011020878,0.09061356655764251,0.594520978998576,0.2253374006665779,0.18014162033484604,0.09843211992456852,0.458443372094631,0.22497684000940224,0.31657978789596675,1.0,144.0,180.0
2020/21,2021-05-22,FC Koln,Schalke 04,1,0,299,34,0,0.6375749444915687,0.2202813408906488,0.14214371461778244,0.07577837823281555,0.6790688080631451,0.19777324823649592,0.12315794370035903,0.05908235452725561,0.6987353382669751,0.16371048672469027,0.1375541750083346,1.0,144.0,180.0
2020/21,2021-05-22,Dortmund,Leverkusen,3,1,300,34,0,0.5505065475592845,0.2616739258813891,0.18781952655932635,0.11866026917202162,0.5478924937909726,0.2693666387847704,0.18274086742425705,0.11889771089875781,0.6148457899351557,0.2032335456271017,0.18192066443774274,1.0,144.0,180.0
2020/21,2021-05-22,Bayern Munich,Augsburg,5,2,301,34,0,0.7287435426813459,0.16205431196873774,0.1092021453499164,0.04275258709304554,0.7120332527636096,0.17071313056545126,0.11725361667093923,0.048336629068161344,0.8438072685775824,0.10062136884711755,0.05557136257530005,1.0,144.0,180.0
2020/21,2021-05-22,Werder Bremen,M'gladbach,2,4,302,34,2,0.2808879571918346,0.29746295393883065,0.4216490888693346,0.2066939104505363,0.2721660900819076,0.29780916728227186,0.43002474263582047,0.1994730872989178,0.3027637787692999,0.24729560555965718,0.4499406156710429,1.0,144.0,180.0
2020/21,2021-05-22,Wolfsburg,Mainz,2,3,303,34,2,0.5034533925411625,0.25591912365864655,0.24062748380019125,0.4150559684104176,0.48838564857659456,0.25255049446322203,0.25906385696018325,0.3937534548991502,0.5167789520738211,0.24911395638430353,0.23410709154187553,1.0,144.0,180.0
2020/21,2021-05-22,Union Berlin,RB Leipzig,2,1,304,34,0,0.16228775263629383,0.25979754561791524,0.5779147017457908,0.5178736059385389,0.16145116924133518,0.2582188008363514,0.5803300299223133,0.5199735425981785,0.260573261174584,0.24233313289236316,0.4970936059330527,1.0,144.0,180.0
2020/21,2021-05-22,Stuttgart,Bielefeld,0,2,305,34,2,0.46419699927275776,0.2839342516389607,0.2518687490882816,0.38758961136228265,0.5284374727635706,0.2745568340838762,0.197005693152553,0.4620230097250805,0.4223157894736842,0.24842105263157893,0.3292631578947368,1.0,144.0,180.0
2020/21,2021-05-22,Hoffenheim,Hertha,2,1,306,34,0,0.38491107775924743,0.31660242347900563,0.2984864987617467,0.2337142861031684,0.3442523294596568,0.3090000086332658,0.34674766190707723,0.2751194742285557,0.5708914635710979,0.21858456938533025,0.21052396704357187,1.0,144.0,180.0
2021/22,2021-08-13,M'gladbach,Bayern Munich,1,1,1,1,1,0.3697026856862838,0.26238519032691204,0.3679121239868039,0.13601970339006636,0.34324067086745746,0.24590698879519385,0.4108523403373487,0.14330690184910944,0.21553510143080443,0.22653689315117034,0.5579280054180251,1.0,144.0,180.0
2021/22,2021-08-14,Dortmund,Ein Frankfurt,5,2,2,1,0,0.4706952681466884,0.25322149149247364,0.276083240360838,0.17819272738522318,0.5048066623356974,0.24043336118788075,0.25475997647642185,0.15505954364068952,0.6624711517569289,0.190201678336462,0.147327169906609,1.0,144.0,180.0
2021/22,2021-08-14,Wolfsburg,Bochum,1,0,3,1,0,0.540275680071265,0.23665703670930144,0.22306728321943345,0.13055273158841843,0.5612737688686182,0.23456015497047936,0.20416607616090246,0.117082246268843,0.6672916057707882,0.20087541122172184,0.13183298300748997,1.0,144.0,180.0
2021/22,2021-08-14,Union Berlin,Leverkusen,1,1,4,1,1,0.34640922644418526,0.2605690003316157,0.3930217732241991,0.1372327331969763,0.3589325743898186,0.2684178806662617,0.3726495449439198,0.13385013815250654,0.3570001997203915,0.3009786299181147,0.342021170361494,1.0,144.0,180.0
2021/22,2021-08-14,Bielefeld,Freiburg,0,0,5,1,1,0.36433793363617356,0.26157564868107,0.37408641768275636,0.13634138889049724,0.3648808436590367,0.275365812876225,0.35975334346473853,0.13128024910169414,0.3153188831853285,0.29984310977745965,0.38483800703721194,1.0,144.0,180.0
2021/22,2021-08-14,Augsburg,Hoffenheim,0,4,6,1,2,0.3825719949036914,0.2618161272352093,0.35561187786109955,0.28079869161914445,0.3734862144917669,0.257803086795156,0.36871069871307705,0.2690090671673607,0.2975190488061303,0.267441986495128,0.43503896469874165,1.0,144.0,180.0
2021/22,2021-08-14,Stuttgart,Greuther Furth,5,1,7,1,0,0.5147797869251928,0.2436303764553293,0.2415898366194777,0.1469021521670937,0.47308923363000077,0.2543464287861196,0.27256433758387966,0.1759631369195795,0.528048200898401,0.25242614254833123,0.21952565655326786,1.0,144.0,180.0
2021/22,2021-08-15,Mainz,RB Leipzig,1,0,8,1,0,0.3378285351785617,0.2590231822694767,0.4031482825519613,0.3004997932741828,0.28909279971324064,0.2492707400575434,0.4616364602292158,0.35924863441625954,0.12902947209327434,0.19535787541833097,0.6756126524883946,1.0,144.0,180.0
2021/22,2021-08-15,FC Koln,Hertha,3,1,9,1,0,0.3785470667961958,0.26111588975606975,0.3603370434477346,0.25802326653413316,0.403626708534901,0.26949926424304943,0.32687402722204983,0.23125386622263858,0.4077652531758812,0.2844873859366613,0.30774736088745747,1.0,144.0,180.0
2021/22,2021-08-20,RB Leipzig,Stuttgart,4,0,10,2,0,0.49249737015125267,0.2454548561631531,0.26204777368559445,0.1631139774984855,0.5975814508982102,0.21931303047780334,0.18310551862398647,0.0977341598058743,0.6472705925188033,0.20663395236858198,0.14609545511261474,1.0,144.0,180.0
2021/22,2021-08-21,Freiburg,Dortmund,2,1,11,2,0,0.34736874122185313,0.2650270224487599,0.3876042363293869,0.2880823019774179,0.294866299259498,0.25251196627550704,0.4526217344649948,0.3510399852150482,0.2178503244953679,0.23569830288775948,0.5464513726168726,1.0,144.0,180.0
2021/22,2021-08-21,Ein Frankfurt,Augsburg,0,0,12,2,1,0.49544321559547905,0.23633899281192758,0.26821779159259346,0.15870238180319812,0.5309524059609168,0.2276555189423377,0.24139207509674568,0.1700902956575995,0.5876931898146942,0.22324272198910577,0.18906408819620005,1.0,144.0,180.0
2021/22,2021-08-21,Bochum,Mainz,2,0,13,2,0,0.333947784346387,0.26339756062865005,0.4026546550249631,0.3028781625951795,0.3258363045039377,0.2526972730859465,0.4214664224101162,0.3160653167720448,0.3077283755823819,0.28282550125779615,0.409446123159822,1.0,144.0,180.0
2021/22,2021-08-21,Hertha,Wolfsburg,1,2,14,2,2,0.3930077447574474,0.2573372192738922,0.34965503596866043,0.2887018298401296,0.33587520361474504,0.2708256175309574,0.3932991788542975,0.24044901939105803,0.28711830993035065,0.27579533432746367,0.43708635574218563,1.0,144.0,180.0
2021/22,2021-08-21,Leverkusen,M'gladbach,4,0,15,2,0,0.47992455158612884,0.2585595774337675,0.26151587098010354,0.1694345114086857,0.4294837133064056,0.26908679905906097,0.3014294876345335,0.2081742846991325,0.43857848274967853,0.2650487849679629,0.29637273228235855,1.0,144.0,180.0
2021/22,2021-08-21,Greuther Furth,Bielefeld,1,1,16,2,1,0.398291305090338,0.25482543611580527,0.3468832587938565,0.13948197947100524,0.4047875843098313,0.2623024594402131,0.33290995624995584,0.13734101369086804,0.36971220821582684,0.2791274506472767,0.3511603411368964,1.0,144.0,180.0
2021/22,2021-08-22,Hoffenheim,Union Berlin,2,2,17,2,1,0.5323490542071652,0.24090264726608526,0.2267482985267496,0.1674051532000196,0.49116178026477864,0.24918905017194948,0.2596491695632722,0.1543287928238817,0.5269839411741148,0.2558845908588222,0.21713146796706292,1.0,144.0,180.0
2021/22,2021-08-22,Bayern Munich,FC Koln,3,2,18,2,0,0.601543408206515,0.2076633091373397,0.1907932826561455,0.09758486612519388,0.6373593003552538,0.19020013849302464,0.17244056115172152,0.08062201208457583,0.8671512301447684,0.0911517107035896,0.04169705915164205,1.0,144.0,180.0
2021/22,2021-08-27,Dortmund,Hoffenheim,3,2,19,3,0,0.45683336784571066,0.2550602005378786,0.28810643161641086,0.18901765311228738,0.5323803672247286,0.23265329062180123,0.2349663421534705,0.13693865145093065,0.6962663975782039,0.16246215943491424,0.14127144298688196,1.0,144.0,180.0
2021/22,2021-08-28,Stuttgart,Freiburg,2,3,20,3,2,0.3899963166283258,0.2605824599579407,0.34942122341373333,0.2876749357640723,0.4052449920511916,0.25949517814137596,0.3352598298074323,0.30305149872510695,0.4570592085353752,0.2650695680936865,0.27787122337093834,1.0,144.0,180.0
2021/22,2021-08-28,Bayern Munich,Hertha,5,0,21,3,0,0.5390069519490521,0.24209180734901825,0.21890124070192965,0.13021617176607383,0.5847876103063131,0.22358265427492166,0.19162973541876524,0.10456164202590405,0.8354753794942347,0.11171499360094336,0.05280962690482196,1.0,144.0,180.0
2021/22,2021-08-28,Mainz,Greuther Furth,3,0,22,3,0,0.5616563974164748,0.2305009967730081,0.20784260581051708,0.11767183135800477,0.5651497442932228,0.2219283084811566,0.21292194722562063,0.11721525024929971,0.6209022725035991,0.2195532810429393,0.1595444464534616,1.0,144.0,180.0
2021/22,2021-08-28,Augsburg,Leverkusen,1,4,23,3,2,0.3490888343232145,0.26755461737661007,0.38335654830017574,0.2510560803867073,0.3458668550356084,0.26469853936436394,0.3894346056000277,0.2462069911255081,0.19603384423483436,0.23637979280616833,0.5675863629589972,1.0,144.0,180.0
2021/22,2021-08-28,Bielefeld,Ein Frankfurt,1,1,24,3,1,0.29745649881037484,0.2528488894359385,0.4496946117536865,0.14535280626241276,0.2864085885936911,0.25913769829365957,0.4544537131126497,0.14427902849105223,0.28182003410151096,0.2716431995367342,0.4465367663617548,1.0,144.0,180.0
2021/22,2021-08-28,FC Koln,Bochum,2,1,25,3,0,0.5162365524646113,0.2415536855062988,0.24220976202909028,0.14634632099675657,0.49376728942817705,0.24852876183116904,0.2577039487406542,0.16134144122471034,0.5495649561489665,0.24578533214702517,0.2046497117040084,1.0,144.0,180.0
2021/22,2021-08-29,Union Berlin,M'gladbach,2,1,26,3,0,0.4156038226457472,0.2568850743461075,0.32751110300814545,0.2243912073499376,0.4040727401420123,0.2552161065587162,0.34071115329927143,0.2356066945121846,0.37517878754538453,0.2871603036637693,0.33766090879084604,1.0,144.0,180.0
2021/22,2021-08-29,Wolfsburg,RB Leipzig,1,0,27,3,0,0.41116966916407827,0.2773774081615964,0.31145292267432517,0.22186204077736016,0.37411503297093895,0.2826481706705691,0.3432367963584922,0.2547717451637048,0.29472760511883,0.27798171846435105,0.42729067641681906,1.0,144.0,180.0
2021/22,2021-09-11,RB Leipzig,Bayern Munich,1,4,28,4,2,0.39779827267134027,0.2580412132044209,0.3441605141242388,0.2941844484870424,0.44359132422045516,0.24981284820982355,0.3065958275697216,0.33879130463368834,0.3224172396830879,0.23149863418003705,0.4460841261368751,1.0,144.0,180.0
2021/22,2021-09-11,Union Berlin,Augsburg,0,0,29,4,1,0.5378335603172646,0.24640315394546006,0.21576328573727538,0.1679093670378449,0.5465524936067055,0.23856635009452104,0.21488115629877355,0.1724467698000029,0.5809582822440261,0.23863323084840196,0.18040848690757189,1.0,144.0,180.0
2021/22,2021-09-11,Leverkusen,Dortmund,3,4,30,4,2,0.47009432270619966,0.23988201782715202,0.29002365946664815,0.3625275381788652,0.39351792981949196,0.2523933727963582,0.35408869738415033,0.2860288859681615,0.3195918780551298,0.2533552193908542,0.4270529025540162,1.0,144.0,180.0
2021/22,2021-09-11,Greuther Furth,Wolfsburg,0,2,31,4,2,0.2471137113806015,0.24473286161847768,0.5081534270009211,0.1514891188616169,0.25708348056938063,0.25637573811954434,0.48654078131107525,0.16486614261915417,0.21848870198885323,0.22659965148263894,0.5549116465285079,1.0,144.0,180.0
2021/22,2021-09-11,Freiburg,FC Koln,1,1,32,4,1,0.4528644962740808,0.25559784076977,0.29153766295614914,0.1450402304537551,0.4153277849717739,0.2557884163097557,0.3288837987184702,0.14033086101452572,0.42728889116061036,0.2725603233308629,0.3001507855085269,1.0,144.0,180.0
2021/22,2021-09-11,Hoffenheim,Mainz,0,2,33,4,2,0.5078089299560407,0.2370964921756121,0.25509457786834705,0.4063769986321174,0.4454528102284373,0.24972962969302703,0.3048175600785357,0.34085341545778625,0.4326778323121737,0.2664446596799762,0.30087750800785007,1.0,144.0,180.0
2021/22,2021-09-12,Ein Frankfurt,Stuttgart,1,1,34,4,1,0.47210345494086187,0.2641821832751599,0.26371436178397784,0.14621346838911467,0.4759401719016477,0.2603041170557578,0.26375571104259443,0.1480430611686773,0.46781355774306743,0.24878634495750912,0.28340009729942345,1.0,144.0,180.0
2021/22,2021-09-12,Bochum,Hertha,1,3,35,4,2,0.2909561265980874,0.2550771807794686,0.45396669262244416,0.19140392018531743,0.2814680525809568,0.26248265925560077,0.4560492881634424,0.187553320765607,0.35356629748158513,0.2863680245684183,0.36006567794999655,1.0,144.0,180.0
2021/22,2021-09-12,M'gladbach,Bielefeld,3,1,36,4,0,0.6404492241315602,0.20134954877211217,0.15820122709632775,0.0771521943411904,0.6138299478311368,0.21566465416712297,0.17050539800174036,0.0890996999699172,0.671339238349382,0.2066755616999159,0.12198519995070223,1.0,144.0,180.0
2021/22,2021-09-17,Hertha,Greuther Furth,2,1,37,5,0,0.5480805698870175,0.233418780767114,0.21850064934586827,0.12598685253910455,0.5202325011752997,0.24572085318948406,0.2340466456352161,0.1424773426308026,0.5425653728413526,0.2597387423176688,0.19769588484097866,1.0,144.0,180.0
2021/22,2021-09-18,Bielefeld,Hoffenheim,0,0,38,5,1,0.310497356859842,0.24199638065501264,0.44750626248514525,0.14833523179018593,0.30688162665073887,0.24313694028152796,0.44998143306773336,0.14832981144074717,0.2568143984912495,0.2658866462640382,0.4772989552447125,1.0,144.0,180.0
2021/22,2021-09-18,Augsburg,M'gladbach,1,0,39,5,0,0.36631891820136725,0.25133782467259536,0.38234325712603734,0.2738690398496163,0.34433514748817073,0.2480362331021542,0.40762861940967515,0.2980287450905983,0.28588912912362135,0.25934769803787405,0.45476317283850465,1.0,144.0,180.0
2021/22,2021-09-18,FC Koln,RB Leipzig,1,1,40,5,1,0.36620942981248505,0.2523682211410103,0.38142234904650496,0.1397961774178695,0.33439250601992265,0.25165614286663773,0.41395135111343995,0.1415870345854631,0.25127636322116564,0.2474595070709707,0.5012641297078638,1.0,144.0,180.0
2021/22,2021-09-18,Mainz,Freiburg,0,0,41,5,1,0.433387267180359,0.28551178892686485,0.28110094389277585,0.13342113200573477,0.4736769667752652,0.26862819417596656,0.2576948390487684,0.14538824946289314,0.5063875100131578,0.2620182022320093,0.23159428775483284,1.0,144.0,180.0
2021/22,2021-09-18,Bayern Munich,Bochum,7,0,42,5,0,0.7397065646607944,0.15065664499083695,0.10963679034836889,0.039886449139288654,0.7661437125352363,0.13245293576254685,0.10140335170221691,0.03248570146162284,0.9128737083965978,0.05923437646963976,0.027891915133762407,1.0,144.0,180.0
2021/22,2021-09-19,Stuttgart,Leverkusen,1,3,43,5,2,0.4611947874790479,0.24592512967759933,0.2928800828433526,0.3563596046187339,0.410830811728239,0.2599454825824951,0.32922370568926557,0.3093613964372621,0.27327341743504635,0.2541087881603808,0.472617794404573,1.0,144.0,180.0
2021/22,2021-09-19,Dortmund,Union Berlin,4,2,44,5,0,0.4766393818799975,0.24909333475054152,0.2742672833694608,0.1745644396629077,0.5331506596873337,0.23212416403623365,0.23472517627643272,0.13652210746418705,0.7451299052546296,0.16064160478126346,0.09422848996410688,1.0,144.0,180.0
2021/22,2021-09-19,Wolfsburg,Ein Frankfurt,1,1,45,5,1,0.4745030289502807,0.283312482959338,0.2421844880903815,0.1419032253772955,0.49351867984505976,0.26749012187273913,0.23899119828220122,0.15033874010618647,0.5280221045360349,0.25047202394658075,0.2215058715173843,1.0,144.0,180.0
2021/22,2021-09-24,Greuther Furth,Bayern Munich,1,3,46,6,2,0.15213212680345006,0.15210061121204624,0.6957672619845033,0.05785087144307331,0.1486237903795255,0.15038683192649638,0.7009893776939781,0.0557481916593058,0.04926106482109253,0.0847118223866648,0.8660271127922426,1.0,144.0,180.0
2021/22,2021-09-25,Union Berlin,Bielefeld,1,0,47,6,0,0.5686778216720472,0.24192141808567658,0.1894007602422761,0.11095573474896128,0.5856277604419519,0.23829030634474746,0.17608193321330087,0.10135460006024286,0.5773400334318087,0.25812292499993567,0.16453704156825577,1.0,144.0,180.0
2021/22,2021-09-25,RB Leipzig,Hertha,6,0,48,6,0,0.5097029019322941,0.25563381256281936,0.23466328550488647,0.14772905096878078,0.5636026334153796,0.24781366798011376,0.18858369860450663,0.11300323647067345,0.741021624673872,0.16765774237008157,0.09132063295604632,1.0,144.0,180.0
2021/22,2021-09-25,Hoffenheim,Wolfsburg,3,1,49,6,0,0.39377532329964937,0.26247361570254346,0.3437510609978068,0.2428365752887814,0.34462805953720765,0.27023231861824354,0.38513962184454853,0.288922454330264,0.3791808101380402,0.2763521158633175,0.34446707399864224,1.0,144.0,180.0
2021/22,2021-09-25,Ein Frankfurt,FC Koln,1,1,50,6,1,0.49298295245579743,0.24739102326860382,0.25962602427559844,0.15521893194659442,0.5011282556100073,0.24234964962153577,0.2565220947684571,0.158466556837563,0.45713444801053943,0.2534372328348587,0.2894283191546019,1.0,144.0,180.0
2021/22,2021-09-25,Leverkusen,Mainz,1,0,51,6,0,0.40401751135102415,0.283124923099141,0.312857565549835,0.22653749154899794,0.3993433182868141,0.27849607801806353,0.3221606036951226,0.23228795192995066,0.560571305890462,0.23790099323156197,0.20152770087797603,1.0,144.0,180.0
2021/22,2021-09-25,M'gladbach,Dortmund,1,0,52,6,0,0.3705818571836663,0.25965974883371556,0.36975839398261817,0.26644423421348384,0.3630946545783629,0.250545812015682,0.3863595334059548,0.2774610540401611,0.2955687898156389,0.2514994072724331,0.4529318029119281,1.0,144.0,180.0
2021/22,2021-09-26,Bochum,Stuttgart,0,0,53,6,1,0.33315793047540393,0.25091362337204337,0.4159284461525525,0.14199533947876553,0.3642363674485898,0.2530676215267106,0.3826960110246998,0.13956218411318055,0.3000415570023549,0.2709516553539271,0.42900678764371797,1.0,144.0,180.0
2021/22,2021-09-26,Freiburg,Augsburg,3,0,54,6,0,0.45243611780175924,0.2671637021807191,0.2804001800175218,0.1892252330209337,0.43765109715119876,0.2702810856446726,0.29206781720412855,0.2007699491908174,0.5398067228611805,0.26478324346307225,0.19541003367574733,1.0,144.0,180.0
2021/22,2021-10-01,FC Koln,Greuther Furth,3,1,55,7,0,0.5508494471475023,0.22760799578342888,0.2215425570690686,0.12540866186020297,0.5798312942104662,0.21974896640220393,0.20041973938732952,0.10835490663046854,0.6870400251879255,0.1844228422999724,0.128537132512102,1.0,144.0,180.0
2021/22,2021-10-02,Hertha,Freiburg,1,2,56,7,2,0.27706311705410164,0.2618048095283204,0.46113207341757817,0.18357130656548673,0.3304895629722489,0.2705711545161982,0.39893928251155286,0.23524866867065738,0.3070186957614687,0.293230430981762,0.39975087325676933,1.0,144.0,180.0
2021/22,2021-10-02,Dortmund,Augsburg,2,1,57,7,0,0.6271381260209942,0.21618077384474527,0.1566811001342604,0.0817874721032091,0.6637018862337339,0.19926667052698538,0.13703144323928068,0.06593701887949432,0.7877313924676005,0.14001583999062844,0.07225276754177096,1.0,144.0,180.0
2021/22,2021-10-02,Stuttgart,Hoffenheim,3,1,58,7,0,0.3854909187309772,0.251807294929453,0.3627017863395702,0.25458699838800675,0.37666986570967487,0.2557857480181104,0.3675443862722146,0.26181466609730686,0.337468063835302,0.2630799422371977,0.39945199392750025,1.0,144.0,180.0
2021/22,2021-10-02,RB Leipzig,Bochum,3,0,59,7,0,0.6507788103942456,0.20127335325042506,0.1479478363553292,0.07192200077594081,0.693447491884625,0.18048199423050482,0.12607051388487,0.05493410735151116,0.8244576407920527,0.11966297861434465,0.05587938059360265,1.0,144.0,180.0
2021/22,2021-10-02,Wolfsburg,M'gladbach,1,3,60,7,2,0.5112178107798439,0.24555336932237498,0.24322881989778114,0.41702313454592055,0.5120651016453651,0.2502868340818828,0.23764806427275226,0.42169557111508005,0.48374175624098076,0.2669831550838199,0.24927508867519926,1.0,144.0,180.0
2021/22,2021-10-03,Mainz,Union Berlin,1,2,61,7,2,0.598388118275121,0.246182205169496,0.1554296765553833,0.5356836856680924,0.5997871121907877,0.23402501613091214,0.16618787167830015,0.5274936226432638,0.4327960308870213,0.2955042386116822,0.2716997305012967,1.0,144.0,180.0
2021/22,2021-10-03,Bayern Munich,Ein Frankfurt,1,2,62,7,2,0.6780453828377742,0.17614076722713962,0.14581384993508634,0.5946897600751715,0.6692973360507442,0.17682021105732706,0.1538824528919289,0.5819369137844009,0.8735745459664931,0.08735745459664933,0.039067999436857674,1.0,144.0,180.0
2021/22,2021-10-03,Bielefeld,Leverkusen,0,4,63,7,2,0.3045428168225768,0.26799303977612077,0.4274641434013021,0.21027181718471696,0.2470926934736832,0.2668874039648935,0.486019902561423,0.1626151698655242,0.1996758313666008,0.2271370762398629,0.5731870923935364,1.0,144.0,180.0
2021/22,2021-10-15,Hoffenheim,FC Koln,5,0,64,8,0,0.42784819796062645,0.25279446301318004,0.3193573390261935,0.2146733972833968,0.4145801384842149,0.2542766038360825,0.3311432576797027,0.22618613568194346,0.46347817351028714,0.24633222823846496,0.290189598251248,1.0,144.0,180.0
2021/22,2021-10-16,Dortmund,Mainz,3,1,65,8,0,0.46062141119272443,0.27924619556426106,0.2601323932430147,0.17929906203903317,0.49294935200533185,0.2639295063242136,0.24312114167045507,0.1581041245794791,0.6904544744493547,0.18473260132326189,0.12481292422738337,1.0,144.0,180.0
2021/22,2021-10-16,Freiburg,RB Leipzig,1,1,66,8,1,0.3040038366988571,0.2558255531716887,0.4401706101294539,0.1430842493746807,0.2995196608275402,0.26243770012113476,0.43804263905132523,0.14079669042464707,0.24800190862459742,0.2584993439102947,0.493498747465108,1.0,144.0,180.0
2021/22,2021-10-16,Ein Frankfurt,Hertha,1,2,67,8,2,0.48412370794298926,0.28524050115934985,0.23063579089766126,0.4131485254200683,0.48057738517168236,0.28312609724803955,0.23629651758027784,0.40709881609923104,0.5522131364960027,0.25191166278297034,0.19587520072102696,1.0,144.0,180.0
2021/22,2021-10-16,Union Berlin,Wolfsburg,2,0,68,8,0,0.36493347479380334,0.2909163264562794,0.3441501987499174,0.26087442536854016,0.3507915475087446,0.27762942227484516,0.3715790302164104,0.27977129524132927,0.40456496701916034,0.30405193173489686,0.29138310124594285,1.0,144.0,180.0
2021/22,2021-10-16,M'gladbach,Stuttgart,1,1,69,8,1,0.5886264240756437,0.23700721288170165,0.17436636304265454,0.18844234784040118,0.6450942019181173,0.2020824955362383,0.15282330254564444,0.21975074557466512,0.6367744418450788,0.20906972017660314,0.1541558379783181,1.0,144.0,180.0
2021/22,2021-10-16,Greuther Furth,Bochum,0,1,70,8,2,0.375038977271587,0.2571333867838826,0.3678276359445302,0.2701480661741996,0.41890717147732087,0.24676752953606795,0.3343252989866112,0.30930301294219703,0.4197809646250133,0.2755182105848679,0.3047008247901187,1.0,144.0,180.0
2021/22,2021-10-17,Leverkusen,Bayern Munich,1,5,71,8,2,0.3840309371866662,0.2579746110129773,0.3579944518003567,0.279825442317797,0.3252665878864554,0.2403811020957072,0.4343523100178375,0.212877831188727,0.20301865527928636,0.20515120417927885,0.5918301405414348,1.0,144.0,180.0
2021/22,2021-10-17,Augsburg,Bielefeld,1,1,72,8,1,0.4373967691810502,0.294100767515957,0.26850246330299266,0.13170475324489797,0.46415033796547517,0.2893715446823633,0.2464781173521618,0.13809349928346537,0.43881017691320434,0.2974306062360017,0.26375921685079395,1.0,144.0,180.0
2021/22,2021-10-22,Mainz,Augsburg,4,1,73,9,0,0.5860974395975543,0.24863440561590375,0.16526815478654205,0.09931444624712427,0.5380123954100872,0.2527978098338775,0.20918979475603536,0.1285964585123989,0.5945616784655472,0.25066353539421526,0.15477478614023768,1.0,144.0,180.0
2021/22,2021-10-23,Bielefeld,Dortmund,1,3,74,9,2,0.16827167238614923,0.1950086141092046,0.6367197135046461,0.08014396114188896,0.19502485946583073,0.22902643538284584,0.5759487051513236,0.10892709823625313,0.1496194292199223,0.220048394776147,0.6303321760039308,1.0,144.0,180.0
2021/22,2021-10-23,Bayern Munich,Hoffenheim,4,0,75,9,0,0.6461638178320367,0.19178943879780136,0.16204674337016192,0.07572959542403764,0.6685110500095001,0.17885882242555803,0.15263012756494215,0.0665904399031473,0.8173451420249983,0.1149693521288118,0.06768550584618985,1.0,144.0,180.0
2021/22,2021-10-23,Hertha,M'gladbach,1,0,76,9,0,0.2996931334237362,0.2765675204773462,0.42373934609891795,0.3349923704031016,0.32573460707678586,0.2568226904625926,0.41744270246062165,0.31444611496576164,0.2748251449409553,0.2763778293756499,0.4487970256833948,1.0,144.0,180.0
2021/22,2021-10-23,RB Leipzig,Greuther Furth,4,1,77,9,0,0.6313189385585983,0.1932591377052451,0.1754219237361566,0.08334928819642624,0.6371745396909174,0.1975665746940463,0.1652588856150365,0.07947640696161065,0.8608628725360243,0.09565143028178048,0.043485697182195235,1.0,144.0,180.0
2021/22,2021-10-23,Wolfsburg,Freiburg,0,2,78,9,2,0.4027919979907343,0.2910148752893087,0.30619312671995713,0.3218046855279987,0.4712203457768384,0.2809594728150318,0.24782018140813003,0.3939115468854709,0.4385971239887614,0.2919616676104292,0.2694412084008093,1.0,144.0,180.0
2021/22,2021-10-24,FC Koln,Leverkusen,2,2,79,9,1,0.3582276054388091,0.2680633496299331,0.37370904493125773,0.13399273378092796,0.39122678487362555,0.2713145590049593,0.33745865612141507,0.1334683708969128,0.3095062716087672,0.2439002040607742,0.4465935243304587,1.0,144.0,180.0
2021/22,2021-10-24,Stuttgart,Union Berlin,1,1,80,9,1,0.3272530123090333,0.2946345383228628,0.3781124493681038,0.1250317792162416,0.3233674864932307,0.30400615029328104,0.37262636321348835,0.12170846894133011,0.4064194003251742,0.28065064606981943,0.31292995360500636,1.0,144.0,180.0
2021/22,2021-10-24,Bochum,Ein Frankfurt,2,0,81,9,0,0.3648830115225496,0.2996905713957361,0.3354264170817143,0.25794223516447096,0.34564139553603607,0.28859527749555575,0.3657633269684082,0.28098399729551254,0.2715067130780706,0.2585778219791149,0.46991546494281444,1.0,144.0,180.0
2021/22,2021-10-29,Hoffenheim,Hertha,2,0,82,10,0,0.47474047010473175,0.25766988561916376,0.26758964427610465,0.17375089573480518,0.4544447437353492,0.2695366594755646,0.27601859678908625,0.1869084017057025,0.5486303252940867,0.2353161395237287,0.21605353518218456,1.0,144.0,180.0
2021/22,2021-10-30,Ein Frankfurt,RB Leipzig,1,1,83,10,1,0.3317542488303103,0.2491301967774816,0.4191155543922083,0.14285936477522568,0.3443158486692204,0.24122388539136053,0.4144602659394191,0.14516535784368972,0.20210699551619715,0.23571032730081784,0.5621826771829851,1.0,144.0,180.0
2021/22,2021-10-30,Leverkusen,Wolfsburg,0,2,84,10,2,0.3814404527109035,0.2866566280369703,0.33190291925212634,0.29592526413406495,0.330744680967917,0.2917054101140966,0.3775499089179865,0.24841807993828813,0.5071966331240798,0.25692637845917954,0.23587698841674068,1.0,144.0,180.0
2021/22,2021-10-30,Freiburg,Greuther Furth,3,1,85,10,0,0.6413230242621115,0.20382826582765484,0.15484870991023364,0.07631364794267076,0.6242509059434789,0.21376437855291539,0.16198471550360596,0.08371321487054023,0.6739715288542056,0.19944055445685674,0.1265879166889376,1.0,144.0,180.0
2021/22,2021-10-30,Dortmund,FC Koln,2,0,86,10,0,0.5892441385353363,0.19900328174831508,0.21175257971634864,0.1067797663720533,0.6414010094895746,0.1900254963829655,0.16857349412745998,0.07850512945871849,0.6512969950968756,0.19461065590544094,0.15409234899768348,1.0,144.0,180.0
2021/22,2021-10-30,Bielefeld,Mainz,1,2,87,10,2,0.23965358844137197,0.2763365510155518,0.48400986054307577,0.16183983323480106,0.24837855249135904,0.2604351714214215,0.49118627608721943,0.16029165548984706,0.2741250403636454,0.2748950545219702,0.4509799051143843,1.0,144.0,180.0
2021/22,2021-10-30,Union Berlin,Bayern Munich,2,5,88,10,2,0.20339839804378557,0.20728060015993677,0.5893210017962773,0.1050140739461956,0.2183864420547621,0.21199495449121367,0.5696186034540242,0.11646039228310119,0.10485359451663469,0.1635363625402302,0.7316100429431351,1.0,144.0,180.0
2021/22,2021-10-31,M'gladbach,Bochum,2,1,89,10,0,0.6632776096420432,0.1908852536559749,0.1458371367019821,0.06732521930490441,0.6786424067507412,0.17718377968267057,0.14417381356658832,0.062028395628644706,0.7225915184141307,0.1745077906724645,0.10290069091340469,1.0,144.0,180.0
2021/22,2021-10-31,Augsburg,Stuttgart,4,1,90,10,0,0.31964044810292214,0.310460194664656,0.36989935723242157,0.2998573271692757,0.32003864039976526,0.29361990879640426,0.3863414508038308,0.30580358357930415,0.35357744413167774,0.29411697304647066,0.3523055828218516,1.0,144.0,180.0
2021/22,2021-11-05,Mainz,M'gladbach,1,1,91,11,1,0.3680923358454209,0.2670874706881307,0.36482019346644834,0.13429287063451745,0.3955853822688021,0.25585572991129674,0.3485588878199011,0.13899054647150036,0.3496915861070476,0.27659221499992465,0.37371619889302793,1.0,144.0,180.0
2021/22,2021-11-06,RB Leipzig,Dortmund,2,1,92,11,0,0.48226660314474595,0.2323278011420614,0.2854055957131928,0.17475211214184116,0.5268823203842314,0.22146744165879842,0.2516502379569704,0.14358409051440438,0.5245825083124743,0.2397354951993126,0.2356819964882131,1.0,144.0,180.0
2021/22,2021-11-06,Wolfsburg,Augsburg,1,0,93,11,0,0.5539635373746313,0.2581393038440032,0.1878971587813658,0.11712693413473078,0.6121243280085709,0.23390759590040244,0.1539680760910267,0.08707685268898745,0.6101218369259606,0.23242736644798495,0.15745079662605432,1.0,144.0,180.0
2021/22,2021-11-06,Stuttgart,Bielefeld,0,1,94,11,2,0.5627729892193356,0.2538542358589945,0.1833727749216702,0.49179673106700006,0.536471663263627,0.27973193682577263,0.1837963999106005,0.4769950811418696,0.4908326815235115,0.27436995399769326,0.23479736447879518,1.0,144.0,180.0
2021/22,2021-11-06,Bochum,Hoffenheim,2,0,95,11,0,0.25877538914309717,0.244545649386215,0.49667896147068785,0.398051957253784,0.2552929712106542,0.23910951053338309,0.5055975182559629,0.405108704597422,0.2499406598623308,0.24376928554474245,0.5062900545929266,1.0,144.0,180.0
2021/22,2021-11-06,Bayern Munich,Freiburg,2,1,96,11,0,0.6548837781595508,0.19282790345955533,0.15228831838089404,0.07114846924635332,0.6922532054642577,0.17582162063821805,0.1319251738975243,0.05605617052745819,0.8224454344944352,0.1167852722868151,0.06076929321874975,1.0,144.0,180.0
2021/22,2021-11-07,FC Koln,Union Berlin,2,2,97,11,1,0.37017144711580996,0.2781947414567769,0.3516338114274131,0.1303366187993912,0.34062510201729074,0.27858318821058103,0.3807917097721282,0.13051389317773526,0.47500614099729793,0.274093179399001,0.250900679603701,1.0,144.0,180.0
2021/22,2021-11-07,Hertha,Leverkusen,1,1,98,11,1,0.4339102974749159,0.2680908034887563,0.29799889903632826,0.13854074504081676,0.3787943357230891,0.2899178256705141,0.3312878386063966,0.1266183903921972,0.28188066554807834,0.27552842519769916,0.44259090925422256,1.0,144.0,180.0
2021/22,2021-11-07,Greuther Furth,Ein Frankfurt,1,2,99,11,2,0.40108206668805074,0.2738748656592538,0.3250430676526953,0.30821684237122093,0.36783720845667955,0.2729853368986761,0.3591774546446439,0.2729788732804598,0.25976966236834337,0.25908061817107986,0.4811497194605769,1.0,144.0,180.0
2021/22,2021-11-19,Augsburg,Bayern Munich,2,1,100,12,0,0.14474845455915042,0.15360085288870182,0.7016506925521478,0.6118844501689351,0.1631894983354846,0.17424840845464043,0.6625620932098749,0.5696201715273346,0.07213453652555141,0.12544326377699247,0.8024221996974561,1.0,144.0,180.0
2021/22,2021-11-20,Union Berlin,Hertha,2,0,101,12,0,0.40219124981294824,0.2876866330843801,0.3101221171026713,0.226775514658224,0.42241261442258093,0.2983221205204544,0.27926526505696475,0.20579813812274744,0.48353487510584253,0.2959819538526673,0.22048317104149032,1.0,144.0,180.0
2021/22,2021-11-20,Dortmund,Stuttgart,2,1,102,12,0,0.6219876625698797,0.22224509754085975,0.1557672398892609,0.08357838013605079,0.5927348528377667,0.22988315824656674,0.1773819889156667,0.09866463504237658,0.7182654285333452,0.17825565379659664,0.10347891767005822,1.0,144.0,180.0
2021/22,2021-11-20,M'gladbach,Greuther Furth,4,0,103,12,0,0.6123185698057046,0.22414959969197576,0.1635318305023196,0.08851977545246684,0.5671604208729197,0.24932909360663463,0.1835104855204457,0.11051309977742883,0.7647518011592606,0.15271174812540617,0.08253645071533336,1.0,144.0,180.0
2021/22,2021-11-20,Bielefeld,Wolfsburg,2,2,104,12,1,0.2343492217314521,0.2500038669687231,0.5156469112998249,0.16040564742959335,0.2182164945760587,0.2533117649794039,0.5284717404445372,0.16345040947677075,0.24435606584589847,0.28353852538387053,0.4721054087702311,1.0,144.0,180.0
2021/22,2021-11-20,Hoffenheim,RB Leipzig,2,0,105,12,0,0.3453124790680583,0.23992569639528022,0.4147618245366614,0.300321560578496,0.30569452782149253,0.24497879267824313,0.44932667950026445,0.3419772768038768,0.21456700976634502,0.23696113942642472,0.5484718508072303,1.0,144.0,180.0
2021/22,2021-11-20,Leverkusen,Bochum,1,0,106,12,0,0.5245710872086295,0.2518489403053047,0.22357997248606587,0.13801032760742724,0.47211405660124345,0.2731569647820948,0.2547289786166619,0.1717752108925415,0.658995582067075,0.2043720476030802,0.13663237032984488,1.0,144.0,180.0
2021/22,2021-11-21,Mainz,FC Koln,1,1,107,12,1,0.5527373392736227,0.2377797478775522,0.20948291284882484,0.17470082850145616,0.5285744767417015,0.23712214782738184,0.23430337543091673,0.16714452460054233,0.46565070989690005,0.2770160030548131,0.2573332870482869,1.0,144.0,180.0
2021/22,2021-11-21,Freiburg,Ein Frankfurt,0,2,108,12,2,0.5848102953650516,0.22820050610163276,0.18698919853331505,0.5014948224332296,0.5004964382616885,0.2555720774121404,0.24393148432617096,0.41106814255293156,0.5205227411643153,0.25957102211907507,0.2199062367166096,1.0,144.0,180.0
2021/22,2021-11-26,Stuttgart,Mainz,2,1,109,13,0,0.3579819644083669,0.27608818816493447,0.3659298474266986,0.27304590563133324,0.31290577281203813,0.277444407754843,0.4096498194331188,0.3199557257983047,0.36646722095056,0.28778455292293975,0.3457482261265001,1.0,144.0,180.0
2021/22,2021-11-27,Greuther Furth,Hoffenheim,3,6,110,13,2,0.22164870993703265,0.25263466968610204,0.5257166203768651,0.13703643740174667,0.25573115799351376,0.2753344567178346,0.4689343852886512,0.17371455614872292,0.18112867019174117,0.2188131586208954,0.6000581711873635,1.0,144.0,180.0
2021/22,2021-11-27,Bochum,Freiburg,2,1,111,13,0,0.38821642293257863,0.27590046836551074,0.33588310870191085,0.24354830394033453,0.3929309998275959,0.26273888223185804,0.34433011794054624,0.24354800054563638,0.3017241379310345,0.28752535496957404,0.4107505070993915,1.0,144.0,180.0
2021/22,2021-11-27,FC Koln,M'gladbach,4,1,112,13,0,0.2322617814454186,0.22395795892617712,0.5437802596284046,0.4425594714954484,0.2626404134405958,0.23515780701388317,0.5022017795455208,0.39795289363487185,0.31733553992552754,0.2685146876292925,0.41414977244518003,1.0,144.0,180.0
2021/22,2021-11-27,Wolfsburg,Dortmund,1,3,113,13,2,0.41852485680691315,0.2781405224384081,0.3033346207546787,0.3302528532021372,0.35933356472261885,0.2765561004496737,0.36411033482770705,0.2667381385045974,0.3494052085674344,0.2869016375333772,0.36369315389918827,1.0,144.0,180.0
2021/22,2021-11-27,Bayern Munich,Bielefeld,1,0,114,13,0,0.8452161679587519,0.08753678507522214,0.06724704696602612,0.014240099993512109,0.8265518086144865,0.10106053867395645,0.07238765271155698,0.01766212367999735,0.8957237913545205,0.06909869247592015,0.03517751616955935,1.0,144.0,180.0
2021/22,2021-11-27,Hertha,Augsburg,1,1,115,13,1,0.41520044364629677,0.31837427931060885,0.2664252770430945,0.12168691832578563,0.4018259293975706,0.3190210482316218,0.2791530223708075,0.11969524371748902,0.5008183306055646,0.2782324058919803,0.22094926350245495,1.0,144.0,180.0
2021/22,2021-11-28,Ein Frankfurt,Union Berlin,2,1,116,13,0,0.2993465132242722,0.2745155626133902,0.4261379241623378,0.33625441947018553,0.3348027094963676,0.28117092943695354,0.38402636106667876,0.29498184064374455,0.3974138321481951,0.2989718737261651,0.3036142941256397,1.0,144.0,180.0
2021/22,2021-11-28,RB Leipzig,Leverkusen,1,3,117,13,2,0.5889078293502593,0.22449190538760685,0.18660026526213358,0.5042157799708327,0.6027475521156259,0.2231157887085941,0.17413665917577997,0.5226774346493605,0.4866260818983241,0.24391980663731458,0.26945411146436127,1.0,144.0,180.0
2021/22,2021-12-03,Union Berlin,RB Leipzig,2,1,118,14,0,0.4027205363746006,0.28442290425603084,0.31285655936936846,0.22731099220454204,0.35953578679515763,0.2918248317682189,0.3486393814366235,0.26587191334230464,0.2554845876145515,0.2718072140454812,0.4727081983399673,1.0,144.0,180.0
2021/22,2021-12-04,Dortmund,Bayern Munich,2,3,119,14,2,0.23304289572961623,0.19593886150463538,0.5710182427657485,0.11916716964491557,0.2693924088892517,0.2178526180631676,0.512754973047581,0.1549899931285088,0.26981992516370434,0.2292835983785469,0.5008964764577486,1.0,144.0,180.0
2021/22,2021-12-04,Mainz,Wolfsburg,3,0,120,14,0,0.5161421326469605,0.24199701535540374,0.24186085199763513,0.1463075537642269,0.4861264114410114,0.25079075205732887,0.26308283650165987,0.1666393219401259,0.43828512075161685,0.2800503780160761,0.2816645012323071,1.0,144.0,180.0
2021/22,2021-12-04,Leverkusen,Greuther Furth,7,1,121,14,0,0.7110345684203832,0.17741348357511458,0.11155194800450238,0.047972428875796704,0.6381635494426902,0.22510342957250717,0.13673302098480242,0.0748107679897715,0.8084072635546702,0.1246900663580468,0.06690267008728304,1.0,144.0,180.0
2021/22,2021-12-04,Hoffenheim,Ein Frankfurt,3,2,122,14,0,0.5728212844794237,0.230801423146334,0.1963772923742423,0.11052284797702404,0.635230113244281,0.20187751693892747,0.16289236981679156,0.0797954972141552,0.49392594747945,0.2520549938168327,0.2540190587037171,1.0,144.0,180.0
2021/22,2021-12-04,Augsburg,Bochum,2,3,123,14,2,0.30747142729803306,0.2855999963229075,0.4069285763790595,0.22313619606022939,0.3706269484842156,0.2717286780258935,0.3576443734898908,0.2749925429259581,0.432524490895064,0.27304618698962135,0.29442932211531464,1.0,144.0,180.0
2021/22,2021-12-04,Bielefeld,FC Koln,1,1,124,14,1,0.26929782171993527,0.2394047822006868,0.49129739607937806,0.1569472240887396,0.264181382560257,0.24106222211011122,0.49475639532963206,0.1572878468055099,0.31171615073723696,0.28045521871487794,0.40782863054788504,1.0,144.0,180.0
2021/22,2021-12-05,M'gladbach,Freiburg,0,6,125,14,2,0.5208818551634251,0.25735032653117806,0.22176781830539677,0.4384816178318166,0.5576223452833551,0.24061284301253816,0.2017648117041068,0.4740610478965447,0.5400090254851199,0.24934090207348644,0.21065007244139372,1.0,144.0,180.0
2021/22,2021-12-05,Stuttgart,Hertha,2,2,126,14,1,0.41631105427251613,0.30429269408853676,0.27939625163894705,0.12568857966969385,0.4005278140023619,0.31133060104322796,0.28814158495440967,0.12172405138477509,0.47037866519656824,0.26731902284395137,0.26230231195948045,1.0,144.0,180.0
2021/22,2021-12-10,FC Koln,Augsburg,0,2,127,15,2,0.6326523581170354,0.1990548210298464,0.16829282085311795,0.5459929190377544,0.6082418136635375,0.2124468359296272,0.17931135040683555,0.5217439817298808,0.5577497674970813,0.245859469299721,0.19639076320319765,1.0,144.0,180.0
2021/22,2021-12-11,Freiburg,Hoffenheim,1,2,128,15,2,0.556472748564478,0.21116212004722779,0.2323651313882942,0.4494626057017078,0.4820062120775251,0.232800551677596,0.28519323624487875,0.37163934899569684,0.42898657602961526,0.2755181389711332,0.29549528499925154,1.0,144.0,180.0
2021/22,2021-12-11,Bayern Munich,Mainz,2,1,129,15,0,0.673902060209481,0.19263912793983345,0.1334588118506854,0.062075560398108846,0.6671724636274071,0.19038874937840214,0.14243878699419069,0.06553148850411304,0.7907537379142908,0.1314360942749429,0.07781016781076622,1.0,144.0,180.0
2021/22,2021-12-11,Bochum,Dortmund,1,1,130,15,1,0.3655830645815728,0.22663719218579007,0.40777974323263727,0.14996764804986495,0.32552627692819097,0.23454661203102783,0.4399271110407812,0.14975160999970855,0.14791094845989633,0.20128087831655997,0.6508081732235438,1.0,144.0,180.0
2021/22,2021-12-11,Wolfsburg,Stuttgart,0,2,131,15,2,0.5193380690731719,0.26329417701930335,0.2173677539075246,0.4411126313062017,0.6137378320394005,0.2232719398753912,0.16299022808520866,0.5386297423786375,0.48663876207506274,0.27709459256965324,0.23626664535528408,1.0,144.0,180.0
2021/22,2021-12-11,RB Leipzig,M'gladbach,4,1,132,15,0,0.41019125412024876,0.27677065856634503,0.3130380873134062,0.22293360041254032,0.4884072079173086,0.2591077413816295,0.25248505070106186,0.16273794286924087,0.5171084122335425,0.24863524680282867,0.2342563409636289,1.0,144.0,180.0
2021/22,2021-12-11,Hertha,Bielefeld,2,0,133,15,0,0.630618855435811,0.21048344140564193,0.1588977031585471,0.08084545501430603,0.5754275986197384,0.23604525163505347,0.18852714974520807,0.10790210510242706,0.4791857273559012,0.2875114364135407,0.23330283623055809,1.0,144.0,180.0
2021/22,2021-12-12,Greuther Furth,Union Berlin,1,0,134,15,0,0.26388411751869495,0.2596991356649023,0.47641674681640267,0.3844197545441774,0.2442468748140607,0.24157932953808728,0.5141737956478518,0.4177687391796166,0.24291497975708498,0.2712550607287449,0.48582995951416996,1.0,144.0,180.0
2021/22,2021-12-12,Ein Frankfurt,Leverkusen,5,2,135,15,0,0.3308421708966155,0.25887414381855367,0.410283685284831,0.30805245133062825,0.36963469003221194,0.27653360201290184,0.353831707954886,0.26127865078252877,0.30529172320217096,0.2605156037991859,0.43419267299864317,1.0,144.0,180.0
2021/22,2021-12-14,Stuttgart,Bayern Munich,0,5,136,16,2,0.16206587585942656,0.2095018569091507,0.6284322672314225,0.08216396407643195,0.16627940259691382,0.2051563484162763,0.6285642489868093,0.08280667842935957,0.10251839779990322,0.15965979985230833,0.7378218023477884,1.0,144.0,180.0
2021/22,2021-12-14,Bielefeld,Bochum,2,0,137,16,0,0.37202949149153924,0.26955851042278384,0.35841199808567686,0.26140305996407104,0.31998519655877977,0.24720203367820817,0.4328127697630122,0.3248735132845657,0.4426229508196721,0.2786885245901639,0.2786885245901639,1.0,144.0,180.0
2021/22,2021-12-14,Mainz,Hertha,4,0,138,16,0,0.6211976606490022,0.23951538056686505,0.13928695878413289,0.08144603459256061,0.5419613632700212,0.2834205180821347,0.17461811864784407,0.12014544004878504,0.5006700356814183,0.27894473416536153,0.22038523015322023,1.0,144.0,180.0
2021/22,2021-12-14,Wolfsburg,FC Koln,2,3,139,16,2,0.5474240577003372,0.23663405802995705,0.21594188426970612,0.45721011389582084,0.48983407903942405,0.24914215247284224,0.2610237684877336,0.3930116478642357,0.4369994814772138,0.26456184824566453,0.2984386702771216,1.0,144.0,180.0
2021/22,2021-12-15,Dortmund,Greuther Furth,3,0,140,16,0,0.7774103910807334,0.12803779310790894,0.09455181581135783,0.029243089936028477,0.7935830931371781,0.11935733853348891,0.08705956832933275,0.025093653938252337,0.8677749067627254,0.09622850451230223,0.035996588724972314,1.0,144.0,180.0
2021/22,2021-12-15,Augsburg,RB Leipzig,1,1,141,16,1,0.27762741289341764,0.24292828212858175,0.47944430497800056,0.1534719109828651,0.2670384297882261,0.244811235340875,0.48815033487089865,0.15480013620916605,0.130634442409962,0.1972738745705094,0.6720916830195286,1.0,144.0,180.0
2021/22,2021-12-15,Leverkusen,Hoffenheim,2,2,142,16,1,0.459762680220365,0.24410157466855473,0.29613574511108015,0.14953905082795416,0.481867726525474,0.24867817676968648,0.26945409670483944,0.152401008048925,0.47717792873316656,0.2540817542605172,0.2687403170063163,1.0,144.0,180.0
2021/22,2021-12-15,Union Berlin,Freiburg,0,0,143,16,1,0.40453078127398556,0.2916174096812353,0.3038518090447794,0.12798553742896304,0.4441694745079144,0.2800385529759704,0.2757919725161155,0.13667386709448323,0.3652312109881842,0.3117260017351381,0.3230427872766778,1.0,144.0,180.0
2021/22,2021-12-15,M'gladbach,Ein Frankfurt,2,3,144,16,2,0.5114659624381735,0.25019916909304524,0.2383348684687812,0.42086560166163806,0.4513399425974974,0.26401949824177395,0.2846405591607287,0.3577234366908936,0.47657785449387324,0.2557551313383351,0.26766701416779176,1.0,144.0,180.0
2021/22,2021-12-17,Bayern Munich,Wolfsburg,4,0,145,17,0,0.7431512052458716,0.1463811586681699,0.11046763608595861,0.039087200994534055,0.6923410915425694,0.1745815112767222,0.1330773971807085,0.05618179879680484,0.8213618501578303,0.11402435096308701,0.06461379887908264,1.0,144.0,180.0
2021/22,2021-12-18,Ein Frankfurt,Mainz,1,0,146,17,0,0.31633420933833656,0.2644494926449682,0.41921629801669524,0.32157060892193,0.32186681452577,0.2518562071012737,0.42627697837295636,0.3207883397661022,0.37354938929670123,0.2912795833206421,0.3351710273826566,1.0,144.0,180.0
2021/22,2021-12-18,RB Leipzig,Bielefeld,0,2,147,17,2,0.7445734475878263,0.14087018858009906,0.11455636383207468,0.6692000258415494,0.7433629011274087,0.14256699061978587,0.11407010825280539,0.6687300879318766,0.8031578034180621,0.13385963390301034,0.06298256267892774,1.0,144.0,180.0
2021/22,2021-12-18,Hertha,Dortmund,3,2,148,17,0,0.298500072680124,0.2663521370740257,0.4351477902458504,0.3407278736928189,0.25438006342609004,0.24113278804105984,0.5044871485328501,0.40522818642564384,0.19015288110030554,0.22220598634272606,0.5876411325569684,1.0,144.0,180.0
2021/22,2021-12-18,Hoffenheim,M'gladbach,1,1,149,17,1,0.4610592690106983,0.2534973522606852,0.2854433787286164,0.1470267860003439,0.48412016915275197,0.24720548293830685,0.26867434790894124,0.15327912170239197,0.4859937273856186,0.23883799316505946,0.27516827944932204,1.0,144.0,180.0
2021/22,2021-12-18,Greuther Furth,Augsburg,0,0,150,17,1,0.37724420616555077,0.27966477953076635,0.34309101430368305,0.13001231759070328,0.39830907009793526,0.2785839258435783,0.32310700405848647,0.13152412569696634,0.2763778293756499,0.2748251449409553,0.4487970256833948,1.0,144.0,180.0
2021/22,2021-12-18,Bochum,Union Berlin,0,1,151,17,2,0.28581594984179004,0.262711071816199,0.4514729783420111,0.1912863253364743,0.2756101456261782,0.2713272654423949,0.4530625889314269,0.1875507419992382,0.2586222101501678,0.2866838575858164,0.45469393226401583,1.0,144.0,180.0
2021/22,2021-12-19,FC Koln,Stuttgart,1,0,152,17,0,0.4839155097282288,0.25350530285510864,0.2625791874166625,0.16764551538173433,0.5719385038520626,0.2343708725672291,0.19369062358070827,0.11037635107374714,0.49332246099382465,0.2448066347788904,0.26187090422728493,1.0,144.0,180.0
2021/22,2021-12-19,Freiburg,Leverkusen,2,1,153,17,0,0.46915793011524287,0.25510971356901946,0.2757323563157376,0.17891081773948114,0.5190172141756955,0.2534351658950471,0.22754761992925734,0.1415611797973893,0.3595342936040003,0.262885289947011,0.37758041644898876,1.0,144.0,180.0
2021/22,2022-01-07,Bayern Munich,M'gladbach,1,2,154,18,2,0.693715333961064,0.17414475245616612,0.13213991358276997,0.6172110470844163,0.7214897453900482,0.15574928070700322,0.12276097390294874,0.6450478808053499,0.7347325719828917,0.15468054147008245,0.11058688654702588,1.0,144.0,180.0
2021/22,2022-01-08,Freiburg,Bielefeld,2,2,155,18,1,0.6818506496424972,0.19901757250880248,0.1191317778487003,0.23955634445564378,0.6185766689139514,0.23441036286895536,0.147012968217093,0.20212495407434014,0.5484887048756472,0.2562493161886225,0.19526197893573036,1.0,144.0,180.0
2021/22,2022-01-08,Greuther Furth,Stuttgart,0,0,156,18,1,0.3720838125365946,0.32790141028877784,0.3000147771746276,0.11422761503745454,0.3671877868935118,0.3238697853879306,0.3089424277185578,0.11513614724419562,0.2762034579238109,0.2793600688715116,0.4444364732046775,1.0,144.0,180.0
2021/22,2022-01-08,Hoffenheim,Augsburg,3,1,157,18,0,0.5947867172646041,0.2377588616002401,0.1674544211351561,0.09611939383145303,0.5574420094608763,0.24998146079669217,0.19257652974243142,0.11647164739883237,0.6359325743167548,0.21060104733866555,0.15346637834457963,1.0,144.0,180.0
2021/22,2022-01-08,Leverkusen,Union Berlin,2,2,158,18,1,0.39052137179808516,0.25399148210293565,0.3554871460989797,0.13943902643632763,0.4967416083838182,0.2572407325246478,0.2460176590915339,0.1536384570423104,0.5459663774371666,0.242501194941074,0.21153242762175936,1.0,144.0,180.0
2021/22,2022-01-08,RB Leipzig,Mainz,4,1,159,18,0,0.3990308623334858,0.27939331980119736,0.32157581786531664,0.2322874555316906,0.4123123079960782,0.28215779567225685,0.30552989633166483,0.21936267044266716,0.5498170058005708,0.24839448485406498,0.20178850934536416,1.0,144.0,180.0
2021/22,2022-01-08,Ein Frankfurt,Dortmund,2,3,160,18,2,0.3447128052432654,0.24363990882840392,0.4116472859283305,0.23249291712709047,0.30763136041589556,0.24226331318475708,0.4501053263993473,0.1985106029828515,0.2244743068887004,0.23304611813027365,0.542479574981026,1.0,144.0,180.0
2021/22,2022-01-09,Hertha,FC Koln,1,3,161,18,2,0.3717390901670043,0.2757369912997326,0.3525239185332632,0.2787076136148563,0.4404200568418568,0.2742933059180378,0.28528663724010533,0.35239250868807054,0.3328382682775128,0.28038524605612825,0.3867764856663588,1.0,144.0,180.0
2021/22,2022-01-09,Bochum,Wolfsburg,1,0,162,18,0,0.2945374257566789,0.22839953224488838,0.47706304199843286,0.36263329484940593,0.3157613587250094,0.24043872081211357,0.4437999204628772,0.3325704438083506,0.2754561067277298,0.27391293526146804,0.4506309580108022,1.0,144.0,180.0
2021/22,2022-01-14,Dortmund,Freiburg,5,1,163,19,0,0.4694174641916494,0.2618127879199566,0.2687697478883941,0.17687750234240524,0.5302708589627697,0.2388692090500741,0.2308599319871562,0.13697088706834426,0.6675679919723321,0.1856474796723057,0.1467845283553622,1.0,144.0,180.0
2021/22,2022-01-15,FC Koln,Bayern Munich,0,4,164,19,2,0.22340751044892482,0.2046169219122913,0.5719755676387842,0.11655791521156386,0.198431522208022,0.1882972235950563,0.6132712541969219,0.09446709591810731,0.14888706102034488,0.16810656115205896,0.6830063778275962,1.0,144.0,180.0
2021/22,2022-01-15,Mainz,Bochum,1,0,165,19,0,0.5294016214074877,0.2663239526221717,0.2042744259703407,0.13159543751970684,0.48989494603208844,0.28845096316077035,0.221654090807141,0.15466885102757313,0.585067474149022,0.2498881539204263,0.1650443719305518,1.0,144.0,180.0
2021/22,2022-01-15,M'gladbach,Leverkusen,1,2,166,19,2,0.6162329170686199,0.1851145356869497,0.1986525472444302,0.5109503740583703,0.5497383054112921,0.21047851500829723,0.2397831795804107,0.44007090924267467,0.3652086055092728,0.2568921424579662,0.3778992520327611,1.0,144.0,180.0
2021/22,2022-01-15,Union Berlin,Hoffenheim,2,1,167,19,0,0.3785146200477075,0.2823804127160974,0.33910496723619493,0.25061812814935325,0.39246472713183705,0.27417280044814785,0.3333624724200154,0.2401148228984892,0.3208495115756023,0.27643813850440313,0.40271234991999466,1.0,144.0,180.0
2021/22,2022-01-15,Stuttgart,RB Leipzig,0,2,168,19,2,0.18357814411660212,0.17216582211709278,0.6442560337663051,0.08012735225448808,0.182384611813477,0.1906892215394202,0.6269261666471028,0.08622411587948903,0.16443675931808305,0.23059837306724112,0.6049648676146758,1.0,144.0,180.0
2021/22,2022-01-15,Wolfsburg,Hertha,0,0,169,19,1,0.5102031295147839,0.26363786006163803,0.2261590104235782,0.15572756568122573,0.48133281021539004,0.276163092795653,0.24250409698895675,0.14524475562313705,0.49106365073781993,0.28325120723717734,0.2256851420250027,1.0,144.0,180.0
2021/22,2022-01-16,Bielefeld,Greuther Furth,2,2,170,19,1,0.4378859748381102,0.31376541897564797,0.2483486061862419,0.12671057857728557,0.3992459206518319,0.33021814283093875,0.27053593651722946,0.11629349905219158,0.4933878336138495,0.28276027891320027,0.22385188747295023,1.0,144.0,180.0
2021/22,2022-01-16,Augsburg,Ein Frankfurt,1,1,171,19,1,0.3511596502406391,0.2547632084250711,0.39407714133428984,0.13930494663966692,0.3862904738664643,0.25942829676379026,0.35428122936974527,0.1373677598418579,0.2929642960942565,0.27543651769545485,0.43159918621028853,1.0,144.0,180.0
2021/22,2022-01-21,Ein Frankfurt,Bielefeld,0,2,172,20,2,0.567304688890877,0.2343335632285448,0.19836174788057798,0.48222924864932826,0.5163697984517869,0.25873469582032615,0.2248955057278868,0.4337123728969835,0.5576606794760762,0.24832218551733673,0.19401713500658713,1.0,144.0,180.0
2021/22,2022-01-22,Freiburg,Stuttgart,2,0,173,20,0,0.6026902087356785,0.22673682312655197,0.17057296813776957,0.09347510384691364,0.5916917452473683,0.22989169041003218,0.17841656434259928,0.09927405066547845,0.5305980738459681,0.26386498807475167,0.20553693807928028,1.0,144.0,180.0
2021/22,2022-01-22,Greuther Furth,Mainz,2,1,174,20,0,0.19185146564071784,0.2581294350854115,0.5500190992738705,0.4778125315765479,0.1888551634921946,0.264662704745621,0.5464821317621847,0.47829933306430783,0.21609631649721633,0.26982192004624805,0.5140817634565357,1.0,144.0,180.0
2021/22,2022-01-22,Hoffenheim,Dortmund,2,3,175,20,2,0.39339238833287204,0.2213842477065971,0.38522336396053053,0.2663539417091235,0.36896452016782744,0.24061313003470738,0.3904223497974652,0.25385986438455954,0.26415591425487067,0.2294311931321647,0.5064128926129646,1.0,144.0,180.0
2021/22,2022-01-22,Bochum,FC Koln,2,2,176,20,1,0.3435554350764664,0.2603648546039957,0.396079710319538,0.1374547369486946,0.36055233879362203,0.24627261248985982,0.3931750487165177,0.14229230397139364,0.2893763615178074,0.27397537869192967,0.4366482597902629,1.0,144.0,180.0
2021/22,2022-01-22,M'gladbach,Union Berlin,1,2,177,20,2,0.2461270231924935,0.22315100859480538,0.530721968212701,0.14040019133187967,0.3112622775403298,0.23553464557952977,0.4532030768801402,0.19793554027646948,0.48157606712878515,0.2715553934087316,0.24686853946248327,1.0,144.0,180.0
2021/22,2022-01-22,Leverkusen,Augsburg,5,1,178,20,0,0.6554929511040324,0.18473702100551126,0.1597700278904564,0.07210578427556291,0.6316516428680757,0.1861725677500071,0.18217578938191692,0.08443426521935612,0.673669404237942,0.19342982893960708,0.13290076682245114,1.0,144.0,180.0
2021/22,2022-01-23,RB Leipzig,Wolfsburg,2,0,179,20,0,0.5925100605963443,0.20903866787533643,0.198451271528319,0.10271547894320088,0.6463195203755481,0.19594000433400885,0.15774047529044347,0.07498596960611863,0.6290689058474046,0.22331216379269817,0.1476189303598971,1.0,144.0,180.0
2021/22,2022-01-23,Hertha,Bayern Munich,1,4,180,20,2,0.10885147581723939,0.09935631059091422,0.7917922135918465,0.02759956305428719,0.12211439760663775,0.12415438868658168,0.7537312137067803,0.0377801206025837,0.09439208410107286,0.13448548691193646,0.7711224289869906,1.0,144.0,180.0
2021/22,2022-02-04,Hertha,Bochum,1,1,181,21,1,0.3743850284686499,0.2822774698828061,0.34333750164854415,0.12902239478986788,0.4263671463513928,0.27941290382758693,0.29421994982102023,0.13417716118025685,0.40871340693242314,0.2751619838221102,0.3161246092454665,1.0,144.0,180.0
2021/22,2022-02-05,Augsburg,Union Berlin,2,0,182,21,0,0.20073262271796047,0.2469262783698466,0.5523410989121932,0.4719545149674196,0.2250780185854059,0.2321327189061814,0.5427892625084128,0.44756213038697357,0.3400459066564652,0.29857689364957923,0.3613771996939557,1.0,144.0,180.0
2021/22,2022-02-05,Bayern Munich,RB Leipzig,3,2,183,21,0,0.6395702460663805,0.17966804592565247,0.18076170800796718,0.08129220130130355,0.5405513070888619,0.21173035567280538,0.24771833723833286,0.1362287380109388,0.6855358119673202,0.17539835189073777,0.13906583614194207,1.0,144.0,180.0
2021/22,2022-02-05,Mainz,Hoffenheim,2,0,184,21,0,0.3451844423696751,0.27035107702624,0.3844644806040849,0.2882981756804411,0.462151075022633,0.2520090257669338,0.28583989921043335,0.18549295703996999,0.35291965656927493,0.2850109179874319,0.3620694254432931,1.0,144.0,180.0
2021/22,2022-02-05,Stuttgart,Ein Frankfurt,2,3,185,21,2,0.31939586932003294,0.26866699421239526,0.4119371364675717,0.22391582640232943,0.38553727282156425,0.2715941689373953,0.3428685582410401,0.29023036024144905,0.38807694922167085,0.28264563931751757,0.32927741146081163,1.0,144.0,180.0
2021/22,2022-02-05,Bielefeld,M'gladbach,1,1,186,21,1,0.35173946009410145,0.25193243428710954,0.3963281056187893,0.140398307545334,0.34444751886175495,0.26312755875839106,0.3924249223798543,0.13632070647742672,0.2619935406555637,0.2792102590415007,0.45879620030293544,1.0,144.0,180.0
2021/22,2022-02-05,FC Koln,Freiburg,1,0,187,21,0,0.4273022332965899,0.24933182735066886,0.3233659393527412,0.21627413136027715,0.3842544941950616,0.25581806215641273,0.35992744364852575,0.254345146305171,0.3734618819149097,0.27956289446201815,0.3469752236230722,1.0,144.0,180.0
2021/22,2022-02-06,Wolfsburg,Greuther Furth,4,1,188,21,0,0.6135748719968348,0.22818123300216428,0.15824389500100094,0.0871827549286752,0.6337574971304729,0.22580615207748916,0.14043635079203776,0.07692796976595993,0.6099847874549125,0.2350673083362834,0.15494790420880414,1.0,144.0,180.0
2021/22,2022-02-06,Dortmund,Leverkusen,2,5,189,21,2,0.47437377806612824,0.23353470314020988,0.29209151879366213,0.36308244954029834,0.43959337320039693,0.23616045467194002,0.3242461721276626,0.3249427848229097,0.49085555537071845,0.24298571024570398,0.2661587343835776,1.0,144.0,180.0
2021/22,2022-02-11,RB Leipzig,FC Koln,3,1,190,22,0,0.5373118982558575,0.23196787610401007,0.23072022564013261,0.13365605100751582,0.5577264499002272,0.23471069666876715,0.20756285343100575,0.11934411562113867,0.669122894861725,0.19230697372010208,0.13857013141817287,1.0,144.0,180.0
2021/22,2022-02-12,Freiburg,Mainz,1,1,191,22,1,0.4705171221195189,0.2704949449498596,0.2589879329306212,0.1442305558056552,0.45632439744120984,0.2699174816958578,0.2737581208629325,0.14158773221924356,0.4464077524520552,0.2935834768378381,0.26000877071010664,1.0,144.0,180.0
2021/22,2022-02-12,Bochum,Bayern Munich,4,2,192,22,0,0.16065618989790242,0.15901855474462318,0.6803252553574742,0.5836702423169593,0.18940483039016986,0.17987331116334002,0.6307218584464902,0.5274372958584918,0.08074640249370169,0.12502668773218326,0.794226909774115,1.0,144.0,180.0
2021/22,2022-02-12,Ein Frankfurt,Wolfsburg,0,2,193,22,2,0.44367681955534793,0.24435372543965095,0.3119694550050011,0.3351175755284319,0.43191377118923135,0.25477558720193483,0.3133106416088338,0.3290458903352876,0.46336619865519285,0.2793436226178448,0.2572901787269623,1.0,144.0,180.0
2021/22,2022-02-12,Leverkusen,Stuttgart,4,2,194,22,0,0.7059602434256262,0.16958265474417353,0.12445710183020031,0.050974474321144894,0.6623479530035974,0.1878790510169074,0.1497729959794951,0.06822042758276739,0.7304901288923519,0.1635609211156276,0.1059489499920205,1.0,144.0,180.0
2021/22,2022-02-12,Greuther Furth,Hertha,2,1,195,22,0,0.3928725083310795,0.31256188980076005,0.29456560186816055,0.2276863424720733,0.3502895382542686,0.33093235401997584,0.3187781077257554,0.2618715830335325,0.35439334369571185,0.2860016457895218,0.3596050105147664,1.0,144.0,180.0
2021/22,2022-02-12,M'gladbach,Augsburg,3,2,196,22,0,0.4499788709801087,0.26698340914813407,0.2830377198717576,0.19131679661925963,0.4455626697772258,0.2472064287446591,0.3072309014781151,0.20089578998380642,0.6333640195745918,0.20621154125684382,0.1604244391685644,1.0,144.0,180.0
2021/22,2022-02-13,Union Berlin,Dortmund,0,3,197,22,2,0.3621660611343419,0.2717025504927205,0.36613138837293785,0.2664768363217918,0.35551709415633054,0.2671216701809201,0.3773612356627492,0.25703571754638976,0.27030374437066823,0.2787748018865581,0.45092145374277376,1.0,144.0,180.0
2021/22,2022-02-13,Hoffenheim,Bielefeld,2,0,198,22,0,0.5589500876616311,0.24549008827434754,0.19555982406402142,0.1163843349808169,0.5856485276820985,0.23670872306223226,0.17764274925566956,0.10162204448756262,0.6542066536469525,0.2022340070402405,0.14355933931280696,1.0,144.0,180.0
2021/22,2022-02-18,Mainz,Leverkusen,3,2,199,23,0,0.38062520449634585,0.25151814377341225,0.367856651730242,0.25947182676368896,0.36118841535172186,0.24453250056099005,0.39427908408728823,0.2817681184147775,0.3184377212196686,0.27080437787933037,0.41075790090100106,1.0,144.0,180.0
2021/22,2022-02-19,Wolfsburg,Hoffenheim,1,2,200,23,2,0.3021829670279394,0.23381467601487585,0.46400235695718484,0.18930400945463094,0.34720269980721413,0.23764641761002075,0.4151508825827651,0.23129910244856852,0.3167709163566111,0.26670902766810034,0.4165200559752886,1.0,144.0,180.0
2021/22,2022-02-19,Bielefeld,Union Berlin,1,0,201,23,0,0.17741931615896403,0.23820999082123762,0.5843706930197983,0.509064044144413,0.22567285254341352,0.2814330625883566,0.49289408486822994,0.42126355509317204,0.31147540983606553,0.30376084860173574,0.3847637415621986,1.0,144.0,180.0
2021/22,2022-02-19,Stuttgart,Bochum,1,1,202,23,1,0.39768468399209655,0.2971625603644039,0.30515275564349964,0.1256356560793575,0.38508473524015596,0.27949658525223886,0.33541867950760523,0.1303979719388033,0.46347817351028714,0.290189598251248,0.24633222823846496,1.0,144.0,180.0
2021/22,2022-02-19,FC Koln,Ein Frankfurt,1,0,203,23,0,0.5210034845980902,0.24924720260665933,0.22974931279525035,0.1411112042485309,0.5087138946738645,0.2684300318898708,0.22285607343626443,0.14551343337697625,0.40789840345095363,0.27732469356438777,0.31477690298465877,1.0,144.0,180.0
2021/22,2022-02-19,Augsburg,Freiburg,1,2,204,23,2,0.2349791141955766,0.22166317562444032,0.5433577101799834,0.13186868248010308,0.27448086398765525,0.24004617891333804,0.48547295709900656,0.17003891128592513,0.2931515089273925,0.2829844045715292,0.42386408650107826,1.0,144.0,180.0
2021/22,2022-02-20,Dortmund,M'gladbach,6,0,205,23,0,0.7127211006185878,0.15522172572965745,0.13205717365175465,0.04998413157134261,0.7121685489869972,0.1523551430633633,0.13547630794963916,0.05060038710395809,0.5131228725718526,0.24495815524786937,0.24191897218027794,1.0,144.0,180.0
2021/22,2022-02-20,Hertha,RB Leipzig,1,6,206,23,2,0.14438424667962305,0.18304302138321996,0.6725727319371573,0.06402771328016954,0.1387268674144653,0.1868756378334857,0.674397494752049,0.06263106758318629,0.15210719688783228,0.21162740436567973,0.636265398746488,1.0,144.0,180.0
2021/22,2022-02-20,Bayern Munich,Greuther Furth,4,1,207,23,0,0.8727966357853755,0.0631734373337929,0.06402992688083171,0.010140263701941533,0.8694560857617775,0.06582496037232213,0.06471895386590061,0.010615128267066475,0.899295482801492,0.06937422295897223,0.03133029423953585,1.0,144.0,180.0
2021/22,2022-02-25,Hoffenheim,Stuttgart,2,1,208,24,0,0.6495512138679331,0.19944791241688747,0.15100087371517937,0.07280780778209334,0.6403733396841021,0.2085049725076316,0.1511216878082665,0.07608454966799263,0.6169486126011327,0.21613720796225938,0.16691417943660783,1.0,144.0,180.0
2021/22,2022-02-26,Ein Frankfurt,Bayern Munich,0,1,209,24,2,0.12684227370040013,0.120095433704607,0.7530622925949924,0.03853359686796407,0.15890040019429866,0.15545954212457289,0.6856400576811283,0.062035755258316255,0.17068296646697137,0.18388674311818992,0.6454302904148388,1.0,144.0,180.0
2021/22,2022-02-26,Union Berlin,Mainz,3,1,210,24,0,0.3521243272250575,0.2747575556658755,0.3731181171090671,0.27948000834429987,0.39908109895288857,0.29257146278102075,0.30834743826609057,0.22809083416046436,0.3669083763316058,0.3139888989760857,0.31910272469230866,1.0,144.0,180.0
2021/22,2022-02-26,M'gladbach,Wolfsburg,2,2,211,24,1,0.3518940306698479,0.24403186344505376,0.40407410588509807,0.14355264593395675,0.3423932102135156,0.2577868895923064,0.3998199001941784,0.13854453149579957,0.46363528731709697,0.27479507197726816,0.2615696407056349,1.0,144.0,180.0
2021/22,2022-02-26,Greuther Furth,FC Koln,1,1,212,24,1,0.23559406697153232,0.2807156717325069,0.4836902612959607,0.14473041663237085,0.239234913493354,0.28813008447768856,0.47263500202895714,0.1403085944885426,0.2538127653518654,0.26481819691183794,0.48136903773629663,1.0,144.0,180.0
2021/22,2022-02-26,Freiburg,Hertha,3,0,213,24,0,0.6153141174589801,0.2169883165540503,0.1676975659869697,0.08805285093215869,0.6134062015079257,0.2221904694017786,0.16440332909029587,0.08824160982425132,0.6829181894663702,0.19531460218738186,0.12176720834624803,1.0,144.0,180.0
2021/22,2022-02-26,Leverkusen,Bielefeld,3,0,214,24,0,0.7508408622072119,0.1427803307229146,0.10637880706987353,0.03669836326962746,0.7719009908775786,0.12992184816783614,0.09817716095458537,0.03083395644786652,0.7224725376506128,0.1690360356721538,0.1084914266772333,1.0,144.0,180.0
2021/22,2022-02-27,Augsburg,Dortmund,1,1,215,24,1,0.17878959500483954,0.1632101638994752,0.6580002410956852,0.2324650182819872,0.21346964868120716,0.18385373882385656,0.6026766124949363,0.20439419507822482,0.23132724683383352,0.25488276282996797,0.5137899903361987,1.0,144.0,180.0
2021/22,2022-02-27,Bochum,RB Leipzig,0,1,216,24,2,0.3504582080846104,0.2538964690476555,0.39564532286773413,0.24403276569276072,0.31117935565386246,0.22700933611621457,0.4618113082299231,0.19323982966716996,0.20816067269592575,0.26299869937388465,0.5288406279301896,1.0,144.0,180.0
2021/22,2022-03-04,Bielefeld,Augsburg,0,1,217,25,2,0.29801822275134515,0.286219665128068,0.41576211212058706,0.2150743853628341,0.31637920962157,0.28387523364030387,0.3997455567381263,0.2302006004681958,0.4086217933120459,0.2880843911551002,0.30329381553285395,1.0,144.0,180.0
2021/22,2022-03-05,Bayern Munich,Leverkusen,1,1,218,25,1,0.6356071382704144,0.18111502495332438,0.18327783677626136,0.21879359983684576,0.5570737763168868,0.2125341497973022,0.230392073885811,0.18170584998468092,0.7031634686779475,0.16336120989487665,0.13347532142717575,1.0,144.0,180.0
2021/22,2022-03-05,Bochum,Greuther Furth,2,1,219,25,0,0.5327171597906541,0.2679387254034083,0.19934411480593758,0.12904566443093796,0.5834495471868009,0.24063079361127612,0.17591965920192293,0.10223100311630098,0.5581921283467961,0.25176191355847766,0.19004595809472632,1.0,144.0,180.0
2021/22,2022-03-05,Hertha,Ein Frankfurt,1,4,220,25,2,0.3281209995684397,0.2691930172788915,0.40268598315266896,0.23222371254004293,0.3146207026748996,0.2560112773988204,0.42936801992627993,0.21230352161725102,0.2911165043353683,0.2622389958624229,0.4466444998022089,1.0,144.0,180.0
2021/22,2022-03-05,RB Leipzig,Freiburg,1,1,221,25,1,0.6121683718643441,0.19581824682171714,0.19201338131393855,0.20580962705732697,0.6566970174955591,0.17933451866824376,0.16396846383619704,0.22906831496018246,0.6259249655942718,0.2277426518007327,0.14633238260499565,1.0,144.0,180.0
2021/22,2022-03-05,Wolfsburg,Union Berlin,1,0,222,25,0,0.41521518630880416,0.29168504997335054,0.2930997637178455,0.21394037490765166,0.39735589655769793,0.29627771438931416,0.3063663890529876,0.22852013987757142,0.4167464355886946,0.3014761448939493,0.281777419517356,1.0,144.0,180.0
2021/22,2022-03-05,Stuttgart,M'gladbach,3,2,223,25,0,0.4263928167187384,0.24641402220394423,0.3271931610773172,0.21804028268381506,0.3989620046340583,0.27216437595458803,0.3288736194113537,0.23470226470911687,0.3410474756779832,0.2782483654256634,0.38070415889635334,1.0,144.0,180.0
2021/22,2022-03-06,FC Koln,Hoffenheim,0,1,224,25,2,0.44513838988673343,0.2704277222970582,0.28443388781620843,0.3550915235283901,0.43582421497166607,0.252233464491584,0.31194232053674975,0.3316830583120107,0.33302497687326543,0.2590194264569843,0.40795559666975023,1.0,144.0,180.0
2021/22,2022-03-12,Freiburg,Wolfsburg,3,2,225,26,0,0.4841254911910955,0.23666317438479714,0.2792113344241075,0.17204273905485962,0.5054509011306711,0.24010804265691352,0.25444105621241553,0.15465953113947734,0.4864887459161938,0.2708704651777145,0.24264078890609164,1.0,144.0,180.0
2021/22,2022-03-12,Hoffenheim,Bayern Munich,1,1,226,26,1,0.33404531449751446,0.20045345999832045,0.465501225504165,0.16413883154181144,0.31648709973851785,0.20214452478739997,0.48136837547408223,0.16593979860372776,0.15342413139988928,0.17362588535645834,0.6729499832436523,1.0,144.0,180.0
2021/22,2022-03-12,M'gladbach,Hertha,2,0,227,26,0,0.6175869168619047,0.1881922680184199,0.19422081511967568,0.09198074559046746,0.6207709525963948,0.17825799621288607,0.200971051190719,0.09210201690567424,0.6378433279680493,0.20675853639642278,0.15539813563552793,1.0,144.0,180.0
2021/22,2022-03-12,Union Berlin,Stuttgart,1,1,228,26,1,0.5162436522060646,0.26391749694271466,0.21983885085122068,0.15741831439332077,0.519600854554749,0.26543869754662597,0.21496044789862498,0.15809652110740147,0.45743401082684054,0.2896179831862245,0.25294800598693506,1.0,144.0,180.0
2021/22,2022-03-13,Greuther Furth,RB Leipzig,1,6,229,26,2,0.1786962596149723,0.20912952123436881,0.6121742191506587,0.09117059474589136,0.17125115645322547,0.20693795913680496,0.6218108844099698,0.08617698286866826,0.10072600955506804,0.17239301104380672,0.7268809794011253,1.0,144.0,180.0
2021/22,2022-03-13,Ein Frankfurt,Bochum,2,1,230,26,0,0.2905377880725651,0.30640540964611657,0.40305680228131835,0.33289570800910523,0.3355811788618446,0.28683799458022635,0.37758082655792924,0.29200982523339253,0.6166499959449596,0.23705766267470466,0.14629234138033578,1.0,144.0,180.0
2021/22,2022-03-13,Leverkusen,FC Koln,0,1,231,26,2,0.5806350318875098,0.21362415507809124,0.20574081303439887,0.48399234816713355,0.6278931770337741,0.19925529250756763,0.1728515304586582,0.5392122162150752,0.5736822695422945,0.2252332236078292,0.20108450684987642,1.0,144.0,180.0
2021/22,2022-03-13,Dortmund,Bielefeld,1,0,232,26,0,0.6849467525656954,0.20359812889336326,0.11145511854094117,0.05584039608393823,0.7056472207345915,0.18700869367438988,0.1073440855910186,0.04908315568632111,0.7222463543282656,0.17257213775985106,0.10518150791188334,1.0,144.0,180.0
2021/22,2022-03-16,Mainz,Dortmund,0,1,233,26,2,0.2847386817129813,0.25179945659243413,0.4634618616945847,0.18447464535994376,0.273958843545806,0.2565432904121123,0.46949786604208144,0.1782429810454303,0.3232811959999554,0.273615090469236,0.4031037135308086,1.0,144.0,180.0
2021/22,2022-03-18,Bochum,M'gladbach,0,2,234,27,2,0.5675887513960298,0.23176094354243856,0.20065030506153164,0.4805584627547633,0.5274333482913113,0.2562013280376284,0.21636532367106018,0.44613462141747284,0.3363789479960054,0.2689183347990043,0.3947027172049902,1.0,144.0,180.0
2021/22,2022-03-19,Greuther Furth,Freiburg,0,0,235,27,1,0.19650452053371056,0.23669753289308082,0.5667979465732085,0.17993696941489465,0.2218814874237703,0.2473082389798677,0.5308102735963617,0.16549547050841473,0.1933808417478331,0.24537016352426058,0.5612489947279063,1.0,144.0,180.0
2021/22,2022-03-19,Hertha,Hoffenheim,3,0,236,27,0,0.17705123998972214,0.19681863277769315,0.6261301272325849,0.5346417989153733,0.21355287192547603,0.219805279857681,0.5666418482168434,0.4697910347036332,0.27254812529811745,0.2637325525121945,0.463719322189688,1.0,144.0,180.0
2021/22,2022-03-19,Mainz,Bielefeld,4,0,237,27,0,0.5594883660958696,0.276510772342905,0.16400086156122587,0.11047339109885541,0.5505226696954737,0.2768794711946688,0.17259785910985728,0.11590994571349522,0.6549219768853711,0.22279309259342536,0.12228493052120337,1.0,144.0,180.0
2021/22,2022-03-19,Stuttgart,Augsburg,3,2,238,27,0,0.528759403318918,0.2757020448921753,0.19553855178890675,0.13015151259802255,0.5076141782072965,0.27089411859870477,0.22149170319399872,0.1457511860431272,0.5196940395796134,0.2706439873711006,0.2096619730492861,1.0,144.0,180.0
2021/22,2022-03-19,Bayern Munich,Union Berlin,4,0,239,27,0,0.6853381523720231,0.16182620358072036,0.15283564404725658,0.06118540622199591,0.6382281181197756,0.17360711009122387,0.18816477178900018,0.08314243793078283,0.8507853403141362,0.09947643979057591,0.049738219895287955,1.0,144.0,180.0
2021/22,2022-03-20,Wolfsburg,Leverkusen,0,2,240,27,2,0.21361961734267496,0.2063807968180681,0.5799995858392569,0.11101684440441328,0.2034357859379715,0.2057662955219761,0.5907979185400527,0.10441623123567687,0.30396136258541845,0.2741612289986127,0.4218774084159687,1.0,144.0,180.0
2021/22,2022-03-20,RB Leipzig,Ein Frankfurt,0,0,241,27,1,0.6469751460890494,0.20141654708976892,0.151608306821182,0.2207809591770662,0.6245555543700178,0.2063749001584657,0.16906954547151673,0.2093270758501927,0.6831499473956107,0.19192621311900263,0.12492383948538661,1.0,144.0,180.0
2021/22,2022-03-20,FC Koln,Dortmund,1,1,242,27,1,0.2907345565734242,0.24847520982089347,0.4607902336056821,0.14842711088616248,0.24180751798701522,0.23703516295004542,0.5211573190629394,0.16503791348395555,0.26493779859826894,0.24379563013157413,0.4912665712701568,1.0,144.0,180.0
2021/22,2022-04-01,Union Berlin,FC Koln,1,0,243,28,0,0.6289841221627065,0.21167495578231518,0.15934092205497855,0.08152115552435409,0.5143261781865863,0.271438045877963,0.21423577593545068,0.1408880144427561,0.42089225489616,0.29770427785338144,0.28140346725045856,1.0,144.0,180.0
2021/22,2022-04-02,Bielefeld,Stuttgart,1,1,244,28,1,0.23070084788185893,0.27160032184640115,0.4976988302717399,0.15046350343363338,0.2551624781642816,0.26954469485397586,0.4752928269817426,0.14550558082161705,0.2782508899788745,0.29590426970563083,0.42584484031549485,1.0,144.0,180.0
2021/22,2022-04-02,Freiburg,Bayern Munich,1,4,245,28,2,0.2820159871873022,0.20762208774993124,0.5103619250627668,0.1596392307287342,0.2782239343154399,0.19425933566272438,0.5275167300218357,0.15032449901761052,0.15503693537402924,0.19812022167472298,0.6468428429512478,1.0,144.0,180.0
2021/22,2022-04-02,Ein Frankfurt,Greuther Furth,0,0,246,28,1,0.5299530538306115,0.2940896176368786,0.17595732853251006,0.15590561036434433,0.5044998256264832,0.3043253469949171,0.19117482737859928,0.14553394434019468,0.7490924185047957,0.1654673321697237,0.08544024932548067,1.0,144.0,180.0
2021/22,2022-04-02,Hoffenheim,Bochum,1,2,247,28,2,0.40867714221409285,0.2535013228950753,0.3378215348908316,0.3027486631113059,0.4086234210271873,0.24821821528667365,0.343158363686139,0.29920701770371616,0.6595261827458706,0.20043095492071633,0.14004286233341298,1.0,144.0,180.0
2021/22,2022-04-02,Dortmund,RB Leipzig,1,4,248,28,2,0.34896120526866625,0.27213422701213924,0.3789045677191945,0.2537667293913205,0.3850408837268168,0.2718600699436153,0.34309904632956784,0.28988767253712555,0.4160796296635134,0.25799132710006767,0.3259290432364188,1.0,144.0,180.0
2021/22,2022-04-02,Leverkusen,Hertha,2,1,249,28,0,0.7973154812027198,0.11966764000587252,0.08301687879140773,0.023986408162176162,0.7821044064476405,0.1322278454841002,0.08566774806825958,0.027408726374310917,0.6665555160215272,0.20316723452848218,0.13027724944999058,1.0,144.0,180.0
2021/22,2022-04-03,Augsburg,Wolfsburg,3,0,250,28,0,0.4449586703697734,0.27582768753768877,0.2792136420925378,0.1930155677641348,0.33483700534329347,0.2825812584491872,0.38258173620751895,0.2944052971701189,0.36369315389918827,0.2869016375333772,0.3494052085674344,1.0,144.0,180.0
2021/22,2022-04-03,M'gladbach,Mainz,1,1,251,28,1,0.324582447840533,0.2583404196667875,0.4170771324926793,0.13965354994723422,0.3363912237546702,0.2725942830036554,0.3910144932416743,0.13302569467210398,0.4017630965650015,0.27814368223730873,0.3200932211976898,1.0,144.0,180.0
2021/22,2022-04-06,Augsburg,Mainz,2,1,252,28,0,0.29294167842125773,0.2710612313852808,0.4359970901934612,0.34501246638545674,0.2506385155647596,0.2569683079181544,0.49239317651708586,0.4019968373177867,0.2958041983737089,0.28216481170518054,0.4220309899211106,1.0,144.0,180.0
2021/22,2022-04-08,Stuttgart,Dortmund,0,2,253,29,2,0.41709884002912195,0.22974873131053616,0.35315242866034185,0.29619161145082656,0.32625196501270626,0.22482395757785148,0.44892407740944207,0.20506250856684322,0.2556695966221419,0.2510688583795841,0.49326154499827385,1.0,144.0,180.0
2021/22,2022-04-09,Bayern Munich,Augsburg,1,0,254,29,0,0.8133882811986783,0.10238535803775631,0.08422636076356528,0.020959006720728906,0.7791662904468586,0.1205966557825569,0.10023705377058433,0.02940749711180414,0.8370965965414693,0.10221390020927414,0.060689503249256524,1.0,144.0,180.0
2021/22,2022-04-09,FC Koln,Mainz,3,2,255,29,0,0.28354083147715603,0.2785550718124715,0.43790409671037234,0.3525368690380861,0.2700760474537609,0.2769192035339559,0.4530047490122832,0.36900113956420305,0.35426606523354043,0.2927468083965783,0.3529871263698814,1.0,144.0,180.0
2021/22,2022-04-09,Greuther Furth,M'gladbach,0,2,256,29,2,0.263941637938297,0.28525150561353285,0.45080685644817003,0.1856391485809459,0.2832914370431381,0.2844765823781449,0.4322319805787173,0.2013072810897663,0.2040914533519403,0.23728108290189176,0.558627463746168,1.0,144.0,180.0
2021/22,2022-04-09,Wolfsburg,Bielefeld,4,0,257,29,0,0.5694378319930543,0.2514974666362242,0.1790647013707212,0.1087239738979135,0.5958741938222899,0.2467687378660874,0.15735706831162263,0.0940394570832064,0.5802490782043679,0.25254364025475085,0.1672072815408813,1.0,144.0,180.0
2021/22,2022-04-09,Hertha,Union Berlin,1,4,258,29,2,0.23748201905048427,0.24263035021328894,0.5198876307362272,0.14345279824618415,0.23428707035117954,0.24957288441938147,0.5161400452294391,0.14450544358215395,0.2693284936479129,0.3074410163339383,0.4232304900181488,1.0,144.0,180.0
2021/22,2022-04-10,Bochum,Leverkusen,0,0,259,29,1,0.4308008394243673,0.26136120421104386,0.30783795636458894,0.14017678531373298,0.37266919496083944,0.26107639846993513,0.3662544065692255,0.13651230960206784,0.24792533818938609,0.24855619146722166,0.5035184703433924,1.0,144.0,180.0
2021/22,2022-04-10,Ein Frankfurt,Freiburg,1,2,260,29,2,0.3372719137745959,0.2789505281014144,0.3837775581239895,0.24674122084640565,0.33094735743920994,0.2563070663604481,0.41274557620034236,0.22719695583413224,0.3995953085772098,0.2845954959343501,0.31580919548844005,1.0,144.0,180.0
2021/22,2022-04-10,RB Leipzig,Hoffenheim,3,0,261,29,0,0.4474985515374612,0.25059174596928085,0.3019097024932578,0.1982036595063855,0.518887653446875,0.2488736215888342,0.23223872496429085,0.14270195768944685,0.6668799756218337,0.19241991391460025,0.14070011046356606,1.0,144.0,180.0
2021/22,2022-04-16,Dortmund,Wolfsburg,6,1,262,30,0,0.6347355563387866,0.2063035018108064,0.15896094185040713,0.07934334741855209,0.6225962096681447,0.21277179145444786,0.16463199887740732,0.08476865800561086,0.6170519281846252,0.21427297725971603,0.1686750945556588,1.0,144.0,180.0
2021/22,2022-04-16,Augsburg,Hertha,0,1,263,30,2,0.41689316501766377,0.26170140120274177,0.32140543377959435,0.31714524817115275,0.49581122058340926,0.2560910149922216,0.24809776442436934,0.4055928691600208,0.49596536114938006,0.2714032670734108,0.23263137177720922,1.0,144.0,180.0
2021/22,2022-04-16,Freiburg,Bochum,3,0,264,30,0,0.3586922268638644,0.28120009792355843,0.3601076752125771,0.27047659881591807,0.41371799955928146,0.28297746320401856,0.30330453723670014,0.21786011317456974,0.5848065113483721,0.24233917467786134,0.1728543139737666,1.0,144.0,180.0
2021/22,2022-04-16,Mainz,Stuttgart,0,0,265,30,1,0.5673698389032739,0.21778852730096854,0.21484163379575746,0.18403273085457866,0.5751007984612615,0.2174338998674186,0.20746530167131993,0.18689138989417614,0.4746948527146642,0.26864598807478246,0.2566591592105533,1.0,144.0,180.0
2021/22,2022-04-16,M'gladbach,FC Koln,1,3,266,30,2,0.4914311642806513,0.24690840661369134,0.2616604291056572,0.39332495558733926,0.5062524924288573,0.23163122798778746,0.26211627958335537,0.4003819854731696,0.45692342841074846,0.25799898068575244,0.285077590903499,1.0,144.0,180.0
2021/22,2022-04-17,Bielefeld,Bayern Munich,0,3,267,30,2,0.09982678670904659,0.08999800387148463,0.8101752094194689,0.022999419231798,0.10120724083840064,0.09349313178869541,0.805299627372904,0.02407557034962604,0.06082105390819235,0.11448668970953854,0.8246922563822692,1.0,144.0,180.0
2021/22,2022-04-17,Hoffenheim,Greuther Furth,0,0,268,30,1,0.7627022679278532,0.14648294847772753,0.09081478359441919,0.29498103721079605,0.7366518088264217,0.16117210557131043,0.102176085602268,0.27654791995812045,0.808133472367049,0.12930135557872782,0.06256517205422314,1.0,144.0,180.0
2021/22,2022-04-17,Union Berlin,Ein Frankfurt,2,0,269,30,0,0.43696188983124173,0.30232185019699387,0.26071625997176445,0.19249244085803568,0.44317376169434824,0.30072251703719033,0.2561037212684619,0.18782228785658808,0.4775572394742826,0.27269981641289115,0.24974294411282635,1.0,144.0,180.0
2021/22,2022-04-17,Leverkusen,RB Leipzig,0,1,270,30,2,0.34023603693617505,0.3029024197110969,0.3568615433527281,0.26469381762433464,0.2939686480546624,0.28732540098247505,0.4187059509628629,0.21216016874253796,0.36904521155834696,0.29019875686338853,0.34075603157826456,1.0,144.0,180.0
2021/22,2022-04-22,Wolfsburg,Mainz,5,0,271,31,0,0.32013613891969994,0.2456108403919203,0.4342530206883795,0.325395277789998,0.38585467482057295,0.24236420108328702,0.37178112409614,0.2576978423369669,0.37971391417425226,0.28478543563068925,0.33550065019505854,1.0,144.0,180.0
2021/22,2022-04-23,Bayern Munich,Dortmund,3,1,272,31,0,0.6277064715516896,0.1750756268586086,0.19721790158970198,0.08874868601596911,0.6694675540049289,0.16236934436735873,0.1681631016277125,0.06876526330226848,0.7277956173471187,0.1548749073714669,0.11732947528141431,1.0,144.0,180.0
2021/22,2022-04-23,RB Leipzig,Union Berlin,1,2,273,31,2,0.4357037478495364,0.30311115796734023,0.2611850941831235,0.3678426104736664,0.4791404511997876,0.28010637839508123,0.24075317040513122,0.40301566011289797,0.5905072126570499,0.2591321544904607,0.15036063285248955,1.0,144.0,180.0
2021/22,2022-04-23,Greuther Furth,Leverkusen,1,4,274,31,2,0.16312345010959023,0.2637728197814086,0.5731037301090008,0.10442484261125223,0.1610780580853718,0.2631507230690942,0.575771218845534,0.1029580997781791,0.09964692036092586,0.15300117693213025,0.7473519027069438,1.0,144.0,180.0
2021/22,2022-04-23,Freiburg,M'gladbach,3,3,275,31,1,0.5514973694313775,0.21635468128816684,0.23214794928045562,0.17902100942242516,0.5812258907958165,0.19892856022758457,0.2198455489765989,0.19307780076810632,0.5280568676626713,0.24422630129398554,0.22771683104334314,1.0,144.0,180.0
2021/22,2022-04-23,FC Koln,Bielefeld,3,1,276,31,0,0.7587763968585898,0.15520721630370868,0.08601638683770145,0.03279382275856885,0.7437325672055873,0.1639060519705318,0.09236138082388115,0.037101810889366385,0.6924492844408038,0.19295523538765483,0.11459548017154146,1.0,144.0,180.0
2021/22,2022-04-23,Ein Frankfurt,Hoffenheim,2,2,277,31,1,0.36646087168911945,0.2827198319846167,0.35081929632626396,0.1286838745770021,0.40594140843631427,0.27443373782237473,0.31962485374131067,0.13347423710620648,0.4166813302833011,0.2539151856413866,0.32940348407531234,1.0,144.0,180.0
2021/22,2022-04-24,Hertha,Stuttgart,2,0,278,31,0,0.4280981999637246,0.25180914039283425,0.3200926596434414,0.2147654898211719,0.4313097725210797,0.25862581801229245,0.31006440946662805,0.20977425642395736,0.29542645241038323,0.29542645241038323,0.40914709517923364,1.0,144.0,180.0
2021/22,2022-04-24,Bochum,Augsburg,0,2,279,31,2,0.5227853951179329,0.2722770917006366,0.2049375131814305,0.45271446364737056,0.5142785330683746,0.2795173800096841,0.20620408692194128,0.44729718059719414,0.42708958171789735,0.29818144577255634,0.27472897250954637,1.0,144.0,180.0
2021/22,2022-04-29,Union Berlin,Greuther Furth,1,1,280,32,1,0.6772108694044021,0.2108520106878857,0.11193711990771206,0.23557224022634984,0.7000782048127785,0.18986489774593862,0.11005689744128293,0.25111100676414183,0.7714062150681869,0.16118935837245696,0.06740442655935613,1.0,144.0,180.0
2021/22,2022-04-30,Augsburg,FC Koln,1,4,281,32,2,0.25036655246636463,0.2900598601773048,0.4595735873563307,0.17737205903839928,0.26143632919927756,0.2973433971273165,0.44122027367340616,0.19029186838940823,0.3066610655513141,0.26801336961881966,0.42532556482986605,1.0,144.0,180.0
2021/22,2022-04-30,Dortmund,Bochum,3,4,282,32,2,0.5000511184977503,0.2573027289208733,0.2426461525813764,0.41181798565532146,0.5029772943349111,0.256399267193887,0.240623438471202,0.4148194604078842,0.6782149148561362,0.180857310628303,0.1409277745155608,1.0,144.0,180.0
2021/22,2022-04-30,Bielefeld,Hertha,1,1,283,32,1,0.24345336821899313,0.3001663712354631,0.45638026054554387,0.13377624235639557,0.2628130112160393,0.322134092699996,0.41505289608396484,0.12066979270606423,0.34735706580366776,0.29773462783171517,0.35490830636461707,1.0,144.0,180.0
2021/22,2022-04-30,Stuttgart,Wolfsburg,1,1,284,32,1,0.4119803619973203,0.25560873315258553,0.33241090485009395,0.1401124141673507,0.4106396328135445,0.25965258057171814,0.32970778661473693,0.1386660662958159,0.5140741961450457,0.25771529622047146,0.2282105076344829,1.0,144.0,180.0
2021/22,2022-04-30,Mainz,Bayern Munich,3,1,285,32,0,0.3010916501870251,0.2392774106837093,0.4596309391292656,0.34986674082157315,0.2560514216890749,0.21017426215561757,0.5337743161553079,0.4191872538789564,0.2035488787868235,0.21383816276945414,0.5826129584437224,1.0,144.0,180.0
2021/22,2022-04-30,Hoffenheim,Freiburg,3,4,286,32,2,0.3728635355028831,0.2755837080154326,0.3515527564816844,0.27975552186710584,0.2761358408409871,0.26261328102362824,0.46125087813538423,0.18325080945342653,0.4132869664425112,0.25912436784887616,0.3275886657086126,1.0,144.0,180.0
2021/22,2022-05-02,Leverkusen,Ein Frankfurt,2,0,287,32,0,0.6631892320766131,0.20275271380015394,0.13405805412323282,0.06570652763222465,0.6264863776792048,0.22506813775130566,0.14844548456948956,0.0807742439741361,0.6579722481320094,0.19515008561831138,0.14687766624967932,1.0,144.0,180.0
2021/22,2022-05-02,M'gladbach,RB Leipzig,3,1,288,32,0,0.23046414286075775,0.2194939695465551,0.5500418875926871,0.4473657567647773,0.23585845876394987,0.21942286756333157,0.5447186736727185,0.44031536424518586,0.19272839809192485,0.22679202194073014,0.580479579967345,1.0,144.0,180.0
2021/22,2022-05-06,Bochum,Bielefeld,2,1,289,33,0,0.6516353519813954,0.21989344552885548,0.1284712024897492,0.06893138892914417,0.6512728649373382,0.21689664687684168,0.13183048818582005,0.06949494617216183,0.44437677774354634,0.26638389946479624,0.2892393227916574,1.0,144.0,180.0
2021/22,2022-05-07,FC Koln,Wolfsburg,0,1,290,33,2,0.35986676839510484,0.25725402572691275,0.3828792058779826,0.25517108276646283,0.40976346594275515,0.2658106990857929,0.32442583497145216,0.3121532752377197,0.6466909805488943,0.19928640420996535,0.15402261524114041,1.0,144.0,180.0
2021/22,2022-05-07,Freiburg,Union Berlin,1,4,291,33,2,0.3170084391456041,0.31569255813327,0.36729900272112603,0.25040245122360705,0.36300271508414717,0.31659047671608037,0.3204068081997719,0.2968089387498417,0.5392059751449582,0.2595645784607378,0.20122944639430398,1.0,144.0,180.0
2021/22,2022-05-07,Greuther Furth,Dortmund,1,3,292,33,2,0.14540979488372774,0.17405441506723865,0.6805357900490334,0.061600694943861445,0.14840502409634965,0.18072966966578913,0.6708653062378611,0.0651768489074675,0.12923153673216844,0.16975710574225605,0.7010113575255755,1.0,144.0,180.0
2021/22,2022-05-07,Hoffenheim,Leverkusen,2,4,293,33,2,0.29168816636676664,0.2573307281527795,0.45098110548045384,0.19325186646893558,0.26509535979051746,0.2570390825495223,0.47786555765996075,0.17144996283010414,0.33266980767302984,0.24209139469274946,0.42523879763422084,1.0,144.0,180.0
2021/22,2022-05-07,Hertha,Mainz,1,2,294,33,2,0.31825615135482577,0.2836087628288996,0.3981350858162744,0.2317641764002844,0.3349655074074283,0.28261245110845,0.38242204148412173,0.24680221299867788,0.3351710273826567,0.29127958332064213,0.37354938929670134,1.0,144.0,180.0
2021/22,2022-05-08,Bayern Munich,Stuttgart,2,2,295,33,1,0.7421085075422201,0.14655803035577766,0.11133346210200216,0.2815600883750797,0.7199631324014004,0.15877557251231178,0.12126129508628787,0.26652560685162013,0.7513971563935348,0.14381340233644804,0.1047894412700173,1.0,144.0,180.0
2021/22,2022-05-08,Ein Frankfurt,M'gladbach,1,1,296,33,1,0.44071770976090674,0.25231898598059005,0.30696330425850343,0.14422928492909862,0.40296380023012235,0.2625691927882328,0.334467006981645,0.1371240015275808,0.36662480445942675,0.25099698151453065,0.3823782140260427,1.0,144.0,180.0
2021/22,2022-05-08,RB Leipzig,Augsburg,4,0,297,33,0,0.5685597246231129,0.2496713642972772,0.18176891107961002,0.10959032412617566,0.5615958890788295,0.25098685027585516,0.18741726064531528,0.113661697030188,0.7911224512648399,0.14523591269488853,0.06364163604027162,1.0,144.0,180.0
2021/22,2022-05-14,Dortmund,Hertha,2,1,298,34,0,0.481257935386076,0.26502980244070024,0.25371226217322407,0.16673162078848558,0.5039609619045042,0.26335706400299436,0.23268197409250124,0.15009781419114412,0.6247378161628624,0.1947563232572486,0.18050586057988893,1.0,144.0,180.0
2021/22,2022-05-14,Bielefeld,RB Leipzig,1,1,299,34,1,0.10566110392393797,0.14156073728854018,0.7527781587875215,0.28891961261497834,0.10492148785767418,0.14075798919129653,0.7543205229510296,0.29000398497969115,0.11185693190941084,0.18026014863468254,0.7078829194559065,1.0,144.0,180.0
2021/22,2022-05-14,Stuttgart,FC Koln,2,1,300,34,0,0.4050117056745345,0.2856900135619134,0.3092982807635522,0.22483824843380792,0.3514035011406834,0.2828008633398591,0.3657956355194573,0.27724193264882363,0.43507690340818295,0.242908941108787,0.32201415548303014,1.0,144.0,180.0
2021/22,2022-05-14,Augsburg,Greuther Furth,2,1,301,34,0,0.5058144580952113,0.29151189932731536,0.2026736425774731,0.14264797761167552,0.5134665509469453,0.2983052681937692,0.188228180859286,0.13607232255852866,0.5697710265967882,0.22631092177909812,0.20391805162411367,1.0,144.0,180.0
2021/22,2022-05-14,M'gladbach,Hoffenheim,5,1,302,34,0,0.5572661916423588,0.19836602119650665,0.2443677871611347,0.12786442023244504,0.5473659448211905,0.19697465172914677,0.255659403449663,0.1351196592399255,0.4693013408609739,0.22230063514467183,0.30839802399435423,1.0,144.0,180.0
2021/22,2022-05-14,Union Berlin,Bochum,3,2,303,34,0,0.6925695379491482,0.18140650379193274,0.12602395825891868,0.055197763526023,0.7298913679035716,0.15691916374790596,0.11318946834852261,0.04288526443901246,0.736002675083723,0.166356769025773,0.09764055589050397,1.0,144.0,180.0
2021/22,2022-05-14,Wolfsburg,Bayern Munich,2,2,304,34,1,0.26229058090253227,0.229005087159233,0.5087043319382349,0.16378822308145674,0.24875987526637458,0.221284615193794,0.5299555095398314,0.17136715881708228,0.15156250000000002,0.16640625,0.68203125,1.0,144.0,180.0
2021/22,2022-05-14,Mainz,Ein Frankfurt,2,2,305,34,1,0.438950945417302,0.3102978305389495,0.25075122404374894,0.12777705442109072,0.45771419790292645,0.3122089291210991,0.23007687297597434,0.13121882722016098,0.5197998928450279,0.23535733646978263,0.2448427706851895,1.0,144.0,180.0
2021/22,2022-05-14,Leverkusen,Freiburg,2,1,306,34,0,0.5243333131612657,0.21648692896555477,0.2591797578731795,0.1467164719296692,0.4862858823862669,0.2234490932361101,0.29026502437762325,0.17407798950629924,0.43248669595535455,0.24206344922874326,0.3254498548159023,1.0,144.0,180.0
2022/23,2022-08-05,Ein Frankfurt,Bayern Munich,1,6,1,1,2,0.34407027176587396,0.26226796899166127,0.39366175924246466,0.2430152070589926,0.29011986813419377,0.25536902769105146,0.4545111041747547,0.19086383667742363,0.15640702515592844,0.18414713905150826,0.6594458357925632,1.0,144.0,180.0
2022/23,2022-08-06,Dortmund,Leverkusen,1,0,2,1,0,0.4189898900515872,0.2609126021379627,0.32009750781044993,0.22001758118436396,0.3846648922752633,0.2609619292279787,0.35437317849675837,0.2521088222182542,0.46527777777777773,0.24305555555555558,0.29166666666666663,1.0,144.0,180.0
2022/23,2022-08-06,Union Berlin,Hertha,3,1,3,1,0,0.39399530419125894,0.26249110153316935,0.34351359427557143,0.24262164039718342,0.45623379513757933,0.27014734530793794,0.2736188595544824,0.1852744829271879,0.511223221466696,0.26533596548950794,0.22344081304379615,1.0,144.0,180.0
2022/23,2022-08-06,Wolfsburg,Werder Bremen,2,2,4,1,1,0.49626519472405234,0.24852039041144813,0.2552144148644996,0.15570677052456522,0.48075409049313705,0.2504380435983081,0.2688078659085546,0.15169108215009752,0.45527040027062937,0.2674402624540582,0.2772893372753125,1.0,144.0,180.0
2022/23,2022-08-06,Bochum,Mainz,1,2,5,1,2,0.3475867738522343,0.2617811937304075,0.39063203241735833,0.2460729426364019,0.33225134574216464,0.2637733035160299,0.4039753507418055,0.23281816963541663,0.29004636182814875,0.28497266453669423,0.4249809736351572,1.0,144.0,180.0
2022/23,2022-08-06,Augsburg,Freiburg,0,4,6,1,2,0.3870406479606995,0.26269667624771537,0.3502626757915851,0.2859795268216744,0.3180200952498821,0.25989961979708026,0.42208028495303773,0.21756398901135315,0.278786056401555,0.27642346270323676,0.4447904808952082,1.0,144.0,180.0
2022/23,2022-08-06,M'gladbach,Hoffenheim,3,1,7,1,0,0.41295339334023384,0.26141102189253973,0.3256355847672264,0.22533112622871984,0.44381762409346437,0.24135071907547034,0.3148316568310654,0.20422890370601626,0.4705464868701206,0.23988644428672815,0.2895670688431512,1.0,144.0,180.0
2022/23,2022-08-07,Stuttgart,RB Leipzig,1,1,8,1,1,0.34030451089473135,0.26276964296049526,0.39692584614477344,0.1366786437365233,0.32485697715495593,0.2657977130750693,0.4093453097699749,0.1365478191184661,0.23941905479487646,0.2570604588323937,0.50352048637273,1.0,144.0,180.0
2022/23,2022-08-07,FC Koln,Schalke 04,3,1,9,1,0,0.43368813638202647,0.2608611256873757,0.30545073793059807,0.20700464008840452,0.4178333242967607,0.26586678024414645,0.3162998954590929,0.21948183108339686,0.46310432569974563,0.26844783715012727,0.26844783715012727,1.0,144.0,180.0
2022/23,2022-08-12,Freiburg,Dortmund,1,3,10,2,2,0.3483854515633409,0.2652977987953575,0.3863167496413016,0.2489897773159049,0.35957859118764995,0.25673020710987243,0.38369120170247784,0.2545666490497156,0.3189770164930143,0.26253604306529593,0.4184869404416897,1.0,144.0,180.0
2022/23,2022-08-13,Schalke 04,M'gladbach,2,2,11,2,1,0.29695037226363125,0.2564213056632261,0.44662832207314257,0.14382819083269,0.30877177998128325,0.2447946370731062,0.4464335829456107,0.14732147804723267,0.30023212445579117,0.25689152906191054,0.4428763464822983,1.0,144.0,180.0
2022/23,2022-08-13,RB Leipzig,FC Koln,2,2,12,2,1,0.4993808016637046,0.2457659231052246,0.25485327523107093,0.1571656884831441,0.5283283189795555,0.24759525701185556,0.22407642400858893,0.1646705282161199,0.6685802551493069,0.19177351130019413,0.139646233550499,1.0,144.0,180.0
2022/23,2022-08-13,Leverkusen,Augsburg,1,2,13,2,2,0.5351465333836675,0.23891501410594415,0.22593845251038855,0.44277654574728453,0.6068575358164633,0.2194125159970644,0.17372994818647233,0.5254991336505799,0.7380550390190388,0.15798236946322564,0.10396259151773557,1.0,144.0,180.0
2022/23,2022-08-13,Werder Bremen,Stuttgart,2,2,14,2,1,0.4068151185861983,0.26643245432662305,0.3267524270871786,0.1361328446588323,0.3949111723364554,0.2659944558806742,0.33909437178287066,0.13546991350548654,0.42187191252991424,0.2674160757020221,0.3107120117680638,1.0,144.0,180.0
2022/23,2022-08-13,Hertha,Ein Frankfurt,1,1,15,2,1,0.4211786721058351,0.25927889291053224,0.31954243498363283,0.13974942079605182,0.40070863512330807,0.2822647096782643,0.31702665519842765,0.1305366551843436,0.2982248520710059,0.26508875739644977,0.4366863905325444,1.0,144.0,180.0
2022/23,2022-08-13,Hoffenheim,Bochum,3,2,16,2,0,0.4909866286562544,0.25664598478419764,0.2523673865595481,0.1613919550028111,0.4716586459354301,0.25234599526264173,0.2759953588019284,0.17765901224749409,0.6091132291714827,0.21140589298793322,0.1794808778405842,1.0,144.0,180.0
2022/23,2022-08-14,Bayern Munich,Wolfsburg,2,0,17,2,0,0.5628273468129635,0.22775351180608372,0.20941914138095274,0.11748815273566417,0.5895769396163495,0.21310082588932341,0.19732223449432695,0.10369157636025791,0.8359226771523635,0.10295047708087002,0.06112684576676658,1.0,144.0,180.0
2022/23,2022-08-14,Mainz,Union Berlin,0,0,18,2,1,0.41579311613424386,0.27119575604804275,0.31301112781771345,0.13542994078117088,0.40022534027701107,0.27945452398634024,0.32032013573664836,0.13139265617909718,0.42915329953684955,0.29208045461015425,0.27876624585299625,1.0,144.0,180.0
2022/23,2022-08-19,M'gladbach,Hertha,1,0,19,3,0,0.44553123653362003,0.26906521959599633,0.28540354387038364,0.19444539625685522,0.46506588267000004,0.2600762718635283,0.2748578454664718,0.1808506725490485,0.6260141520699278,0.20473418809834124,0.16925165983173096,1.0,144.0,180.0
2022/23,2022-08-20,Wolfsburg,Schalke 04,0,0,20,3,1,0.5554113685739093,0.2457994685525163,0.19878916287357457,0.1739994598085597,0.5242013300341063,0.2529793661521807,0.2228193038137125,0.16221773828077687,0.520360297420031,0.25213333998702536,0.22750636259294377,1.0,144.0,180.0
2022/23,2022-08-20,Union Berlin,RB Leipzig,2,1,21,3,0,0.2950806696846978,0.2734499344981095,0.43146939581719257,0.3415385508895137,0.32707165085781226,0.28681931460074006,0.3861090345414474,0.30095637481687953,0.2956698810801308,0.2788225944088983,0.4255075245109709,1.0,144.0,180.0
2022/23,2022-08-20,Stuttgart,Freiburg,0,1,22,3,2,0.3968153320749898,0.28910547880477955,0.3140791891202309,0.3139748832838724,0.3878418955639724,0.2773293434379387,0.3348287609980893,0.2964370565749964,0.3613479435604924,0.2705118583008106,0.3681401981386971,1.0,144.0,180.0
2022/23,2022-08-20,Augsburg,Mainz,1,2,23,3,2,0.3591959573454677,0.27523784803113294,0.3655661946233997,0.26576399458898076,0.30748654557563454,0.2725563012592312,0.41995715316513466,0.21549883993716612,0.24003899110515414,0.2640428902156695,0.49591811867917635,1.0,144.0,180.0
2022/23,2022-08-20,Dortmund,Werder Bremen,2,3,24,3,2,0.577914220932524,0.23443517596726712,0.18765060310020862,0.49694819469975027,0.5777938267823507,0.2291520079175904,0.19305416530005862,0.49250364320368883,0.6753554502369669,0.18957345971563985,0.13507109004739337,1.0,144.0,180.0
2022/23,2022-08-20,Leverkusen,Hoffenheim,0,3,25,3,2,0.5083044028219889,0.24606603759915158,0.245629559578859,0.41372406365470205,0.5377603898893953,0.23522121658055384,0.22701839353005082,0.4433434004374289,0.6068077218259523,0.20567588045048069,0.18751639772356685,1.0,144.0,180.0
2022/23,2022-08-21,Bochum,Bayern Munich,0,7,26,3,2,0.1925505687809115,0.207984776056976,0.5994646551621124,0.098752142001129,0.2084692460192188,0.20967468378887325,0.5818560701919079,0.10915188628558807,0.07174887892376682,0.1210762331838565,0.8071748878923767,1.0,144.0,180.0
2022/23,2022-08-21,Ein Frankfurt,FC Koln,1,1,27,3,1,0.33292655622163186,0.26124178088886535,0.4058316628895024,0.13776971522062723,0.361532311860417,0.27862605507880633,0.3598416330607769,0.13009580670149223,0.4470108262592566,0.25361495064968187,0.2993742230910617,1.0,144.0,180.0
2022/23,2022-08-26,Freiburg,Bochum,1,0,28,4,0,0.5608066678465291,0.2382008677551767,0.2009924643982938,0.11664437687648428,0.5159399838111103,0.2481238217863478,0.2359361944025417,0.14498999355097114,0.6303950401398936,0.2114961714755054,0.15810878838460116,1.0,144.0,180.0
2022/23,2022-08-27,Bayern Munich,M'gladbach,1,1,29,4,1,0.54845316966889,0.2421064652924228,0.20944036503868707,0.1723330729136954,0.6079414688654278,0.20575781301980967,0.1863007181147627,0.20215039356816505,0.8107116654438737,0.11445341159207628,0.07483492296404988,1.0,144.0,180.0
2022/23,2022-08-27,Schalke 04,Union Berlin,1,6,30,4,2,0.3203239758619195,0.2903009353734258,0.38937508876465476,0.23773511586658042,0.29276309869463507,0.278625412746757,0.42861148855860814,0.2060975314822473,0.30472079004171654,0.2860098643374006,0.4092693456208829,1.0,144.0,180.0
2022/23,2022-08-27,RB Leipzig,Wolfsburg,2,0,31,4,0,0.5173521202608959,0.2528605153796141,0.22978736435949013,0.1428756043179668,0.5190705119962868,0.25803894032187163,0.22289054768184133,0.14048668433871248,0.6165806767469447,0.21458094036567682,0.16883838288737832,1.0,144.0,180.0
2022/23,2022-08-27,Hoffenheim,Augsburg,1,0,32,4,0,0.5327644867750726,0.2449946911515229,0.22224082207340462,0.13385000390721197,0.5597153505287586,0.23795823224429496,0.20232641722694628,0.11739327583395312,0.6761485086651977,0.18652372652833044,0.13732776480647177,1.0,144.0,180.0
2022/23,2022-08-27,Hertha,Dortmund,0,1,33,4,2,0.34444982787063055,0.2572499259056896,0.39830024622367977,0.24034413880729572,0.30419718033776116,0.25570584185483436,0.4400969778074042,0.2030136593929233,0.22952529994783516,0.22013562858633282,0.550339071465832,1.0,144.0,180.0
2022/23,2022-08-27,Mainz,Leverkusen,0,3,34,4,2,0.3211991044816782,0.2851556816955558,0.3936452138227659,0.23541749571993564,0.33713491591566697,0.2826324754977635,0.38023260858656943,0.2488857854944361,0.40750610703975126,0.2664890073284477,0.326004885631801,1.0,144.0,180.0
2022/23,2022-08-28,FC Koln,Stuttgart,0,0,35,4,1,0.4625813265951391,0.27359420512932064,0.2638244682755404,0.14179241688769512,0.443643930443938,0.2708221701621562,0.2855338993939059,0.13917477236141743,0.39811799984335317,0.2743334116567644,0.32754858849988255,1.0,144.0,180.0
2022/23,2022-08-28,Werder Bremen,Ein Frankfurt,3,4,36,4,2,0.3633164444059973,0.2705541815466069,0.3661293740473959,0.2668954046106812,0.3929805342553007,0.27917879349892016,0.32784067224577945,0.30311593109529383,0.41114741041732733,0.26590511869381495,0.3229474708888578,1.0,144.0,180.0
2022/23,2022-09-02,Dortmund,Hoffenheim,1,0,37,5,0,0.5721488102992867,0.23373219049636226,0.19411899920435097,0.11036941319020732,0.6016354096371027,0.21700667060045362,0.1813579197624433,0.09579252095777994,0.5493552592817288,0.22687989826484392,0.22376484245342726,1.0,144.0,180.0
2022/23,2022-09-03,Wolfsburg,FC Koln,2,4,38,5,2,0.36859624953610404,0.2727867392173626,0.3586170112465333,0.2736176667172056,0.40178869996807204,0.27746751341952003,0.3207437866124081,0.31141158142384173,0.4443946204427481,0.27385662884427053,0.2817487507129815,1.0,144.0,180.0
2022/23,2022-09-03,Ein Frankfurt,RB Leipzig,4,0,39,5,0,0.29981151007189755,0.25782377267388495,0.44236471725421755,0.34297523224960014,0.28381332486349375,0.2694318184745528,0.44675485666195364,0.356256627797063,0.28749276304339333,0.2620577464738706,0.4504494904827361,1.0,144.0,180.0
2022/23,2022-09-03,Union Berlin,Bayern Munich,1,1,40,5,1,0.23944805846193104,0.25487294940339095,0.5056789921346784,0.15652330789376606,0.26847041797552634,0.25664870353182817,0.47488087849264543,0.14879410704295026,0.12411166186712093,0.1731841806550074,0.7027041574778717,1.0,144.0,180.0
2022/23,2022-09-03,Bochum,Werder Bremen,0,2,41,5,2,0.3174342544024655,0.2592939379340866,0.4232718076634481,0.21668995685191814,0.35178680869632095,0.2831910087497657,0.3650221825539132,0.26347539371066886,0.3167709163566111,0.26670902766810034,0.4165200559752886,1.0,144.0,180.0
2022/23,2022-09-03,Leverkusen,Freiburg,2,3,42,5,2,0.491180902619464,0.24556838886675658,0.2632507085137794,0.39202909880175973,0.501186082501292,0.23933963038359846,0.25947428711510934,0.3997829103683336,0.5361559111374157,0.24456234543110192,0.2192817434314824,1.0,144.0,180.0
2022/23,2022-09-03,Stuttgart,Schalke 04,1,1,43,5,1,0.5442827892839786,0.250623258993769,0.2050939517222522,0.1691536418718987,0.5122420206159719,0.2588526061098998,0.22890537327412788,0.15739477879925087,0.5641209710533153,0.236302489085287,0.1995765398613978,1.0,144.0,180.0
2022/23,2022-09-04,Augsburg,Hertha,0,2,44,5,2,0.41313477830642736,0.2771018992319296,0.30976332246164295,0.3235535080327454,0.35363970205130396,0.28608527337485584,0.36027502457384053,0.2671545415254679,0.371993013719817,0.27481506350649404,0.35319192277368905,1.0,144.0,180.0
2022/23,2022-09-04,M'gladbach,Mainz,0,1,45,5,2,0.3780235817300819,0.2839469688866399,0.33802944938327845,0.2905534191139228,0.37239036272940573,0.2662921266129455,0.3613175106576488,0.27329495222314054,0.40616746587974917,0.2631353744005902,0.3306971597196606,1.0,144.0,180.0
2022/23,2022-09-09,Werder Bremen,Augsburg,0,1,46,6,2,0.43763681938766613,0.2578769977935265,0.30448618281880735,0.3376327277868531,0.5279975468848827,0.23967006080735845,0.232332392307759,0.43404748270819116,0.6370884489777369,0.20695229871251325,0.15595925230974997,1.0,144.0,180.0
2022/23,2022-09-10,Bayern Munich,Stuttgart,2,2,47,6,1,0.6133663918707096,0.21876030054785878,0.16787330758143174,0.20219988903741143,0.6298119019825904,0.2052685363302186,0.16491956168719138,0.2119307468530116,0.7956395826280489,0.12492667835343882,0.07943373901851224,1.0,144.0,180.0
2022/23,2022-09-10,Ein Frankfurt,Wolfsburg,0,1,48,6,2,0.5137751067981703,0.25342086235852834,0.23280403084330178,0.42627725772787867,0.40972709596620255,0.2795561671126468,0.31071673692115065,0.321493854964762,0.5145332526018469,0.24875653433677075,0.23671021306138235,1.0,144.0,180.0
2022/23,2022-09-10,Hertha,Leverkusen,2,2,49,6,1,0.33455515924637214,0.2584931035679761,0.40695173718565214,0.13876843548839257,0.288521941665182,0.2557165162407018,0.4557615420941161,0.14548174703712674,0.2346701473467475,0.23637065566085436,0.5289591969923982,1.0,144.0,180.0
2022/23,2022-09-10,Hoffenheim,Mainz,4,1,50,6,0,0.291317443522314,0.28522934746910766,0.42345320900857875,0.34077179303770566,0.30118091658418444,0.2802942559524644,0.4185248274633511,0.33175557127467425,0.38829918538632435,0.26956307084670456,0.34213774376697115,1.0,144.0,180.0
2022/23,2022-09-10,RB Leipzig,Dortmund,3,0,51,6,0,0.35505184631170467,0.27305896948266595,0.37188918420562955,0.27712984313753475,0.4468076252003655,0.26026581948155697,0.2929265553180774,0.19591388517348704,0.4007141635150531,0.2523778150673214,0.3469080214176255,1.0,144.0,180.0
2022/23,2022-09-10,Schalke 04,Bochum,3,1,52,6,0,0.44816071355218534,0.2422256649960672,0.30961362145174776,0.2001935963278496,0.4541715376760464,0.25369417892988727,0.2921342833940661,0.1916355749085481,0.4521914261053035,0.2646974201592021,0.2831111537354944,1.0,144.0,180.0
2022/23,2022-09-11,FC Koln,Union Berlin,0,1,53,6,2,0.4849091555475372,0.2677777480971861,0.24731309635527698,0.40083723202605326,0.41095168175920044,0.2900617446548255,0.2989865735859742,0.3301505543767241,0.3896177570694331,0.2876295794836109,0.32275266344695613,1.0,144.0,180.0
2022/23,2022-09-11,Freiburg,M'gladbach,0,0,54,6,1,0.37475832317654545,0.25520241362195184,0.37003926320150293,0.13868642855040353,0.4025471264401367,0.2559008502221366,0.3415520233377265,0.1393509868256532,0.4448172472872644,0.2630639634494574,0.2921187892632781,1.0,144.0,180.0
2022/23,2022-09-16,Mainz,Hertha,1,1,55,7,1,0.4548616046044003,0.26983700210442374,0.2753013932911759,0.14134496824567627,0.4720529353173202,0.26330776580437526,0.26463929887830423,0.14643396612624934,0.5333345462153533,0.25025697937797353,0.21640847440667332,1.0,144.0,180.0
2022/23,2022-09-17,Augsburg,Bayern Munich,1,0,56,7,0,0.14692982947594674,0.18035545858021906,0.672714711943834,0.5901368997518066,0.15319010252297757,0.18166828684339897,0.6651416106336235,0.579750182330668,0.06475788717856662,0.10501279001929723,0.8302293228021361,1.0,144.0,180.0
2022/23,2022-09-17,Leverkusen,Werder Bremen,1,1,57,7,1,0.5098180474126718,0.24799052954898004,0.24219142303834826,0.15928556343050468,0.5334741198485611,0.24336106704107852,0.22316481311036068,0.1671985851793895,0.5922157996146435,0.2161849710982659,0.19159922928709058,1.0,144.0,180.0
2022/23,2022-09-17,Dortmund,Schalke 04,1,0,58,7,0,0.5684963152209063,0.2384506651959178,0.1930530195831759,0.11173244917405878,0.5740589492954097,0.23279422967739738,0.1931468210271929,0.10936573657412044,0.6721969792743417,0.188163247094169,0.1396397736314893,1.0,144.0,180.0
2022/23,2022-09-17,M'gladbach,RB Leipzig,3,0,59,7,0,0.36336849617940586,0.26754502768415067,0.36908647613644313,0.2707622492618442,0.31536364287100194,0.25583790894911607,0.42879844817988166,0.32629752533216994,0.3074410163339383,0.2693284936479129,0.4232304900181488,1.0,144.0,180.0
2022/23,2022-09-17,Stuttgart,Ein Frankfurt,1,3,60,7,2,0.41056029898155,0.28823184503151295,0.3012078559869372,0.32843510981709645,0.41507890919876866,0.29047087582126563,0.2944502149799659,0.3350455000017281,0.36955117242427693,0.2880325314483335,0.3424162961273895,1.0,144.0,180.0
2022/23,2022-09-18,Union Berlin,Wolfsburg,2,0,61,7,0,0.4225853447980572,0.2835267596832691,0.29388789551867367,0.20988888958718666,0.4537196635102858,0.28419924137490704,0.26208109511480726,0.183554353225946,0.47023059648354054,0.2876704825546366,0.2420989209618229,1.0,144.0,180.0
2022/23,2022-09-18,Bochum,FC Koln,1,1,62,7,1,0.26632914077349523,0.2557550195241573,0.4779158397023478,0.14966738053177409,0.3003036926277436,0.263834155240135,0.43586215213212115,0.14007906173355142,0.28489902648456683,0.26058764289121716,0.454513330624216,1.0,144.0,180.0
2022/23,2022-09-18,Hoffenheim,Freiburg,0,0,63,7,1,0.3278195992754663,0.26533805400190247,0.40684234672263114,0.1364931923779525,0.3664900192960734,0.2547691034756638,0.37874087722826294,0.13887979316363513,0.4328424243962763,0.2680065422289272,0.2991510333747964,1.0,144.0,180.0
2022/23,2022-09-30,Bayern Munich,Leverkusen,4,0,64,8,0,0.6619037151343714,0.18074251626713553,0.15735376859849326,0.06953465316604418,0.6286812307400097,0.19764516550955788,0.1736736037504324,0.08402007452220807,0.7113351493594035,0.159758877806948,0.12890597283364855,1.0,144.0,180.0
2022/23,2022-10-01,Ein Frankfurt,Union Berlin,2,0,65,8,0,0.40981202796447835,0.3149335255895827,0.27525444644593927,0.21204342631183098,0.32272874446531163,0.3205529020423739,0.35671835349231484,0.2929721686459005,0.40094440375930673,0.2870667032832906,0.3119888929574027,1.0,144.0,180.0
2022/23,2022-10-01,FC Koln,Dortmund,3,2,66,8,0,0.315089107895299,0.2772025400210925,0.4077083520836086,0.31766451524119454,0.29893056973569215,0.2804924866739114,0.4205769435903967,0.3341916557654804,0.3162106036938344,0.25613893227970225,0.4276504640264632,1.0,144.0,180.0
2022/23,2022-10-01,Freiburg,Mainz,2,1,67,8,0,0.35112978426892644,0.29964341949108253,0.34922679623999103,0.27149595603746907,0.36057983429031754,0.3185960820650982,0.32082408364458437,0.25589312048129254,0.4396969320581294,0.27450006210408645,0.2858030058377841,1.0,144.0,180.0
2022/23,2022-10-01,RB Leipzig,Bochum,4,0,68,8,0,0.6714980171136231,0.18827349521965447,0.1402284876667228,0.06378879075678878,0.6721917323008663,0.1890590449488198,0.138749222750314,0.06335480359286158,0.7619926018230521,0.1466258491386782,0.09138154903826971,1.0,144.0,180.0
2022/23,2022-10-01,Werder Bremen,M'gladbach,5,1,69,8,0,0.2863684026302995,0.2533879198575459,0.460243677512155,0.3605471497271713,0.2808162868398423,0.24563930341018994,0.473544409749968,0.3707347606401387,0.3662439512142342,0.2501408429684847,0.3836152058172809,1.0,144.0,180.0
2022/23,2022-10-01,Wolfsburg,Stuttgart,3,2,70,8,0,0.4126115248324711,0.2780943854109391,0.3092940897565903,0.22034402735899605,0.3777832249077044,0.26716960101110376,0.3550471740811915,0.2566061055146482,0.3790895362714012,0.2896923023447125,0.3312181613838863,1.0,144.0,180.0
2022/23,2022-10-02,Hertha,Hoffenheim,1,1,71,8,1,0.44352020685250104,0.2612412028080638,0.295238590339435,0.14193799955605108,0.36821991967748846,0.26636322599264894,0.36541685432986254,0.13455769333781403,0.32492886764733236,0.2709240697004073,0.40414706265226047,1.0,144.0,180.0
2022/23,2022-10-02,Schalke 04,Augsburg,2,3,72,8,2,0.4955767984389447,0.24918511922297581,0.25523808233807976,0.4001333385752278,0.46077814590482846,0.2650401634321446,0.2741816906630267,0.36956435895613665,0.5143408050132562,0.2518679199807183,0.2337912750060256,1.0,144.0,180.0
2022/23,2022-10-07,Hoffenheim,Werder Bremen,1,2,73,9,2,0.4326606810370103,0.2561156814993648,0.31122363746362486,0.33080407125212474,0.41760951774779786,0.24309279460051675,0.33929768765168555,0.30546262742797914,0.49800430045306004,0.24100948861432042,0.26098621093261964,1.0,144.0,180.0
2022/23,2022-10-08,Augsburg,Wolfsburg,1,1,74,9,1,0.3092433927984423,0.2878757824090899,0.4028808247924676,0.12897221748747542,0.3065046784985024,0.280812254764056,0.41268306673744176,0.132126215756645,0.3317829691487595,0.28287854306035853,0.38533848779088203,1.0,144.0,180.0
2022/23,2022-10-08,Bochum,Ein Frankfurt,3,0,75,9,0,0.23714266851930832,0.25872355662699603,0.5041337748536955,0.41805108557103926,0.27276499286105577,0.2875736391720058,0.4396613679669384,0.3610864370454699,0.2427750185757303,0.25415509757146765,0.5030698838528019,1.0,144.0,180.0
2022/23,2022-10-08,Mainz,RB Leipzig,1,1,76,9,1,0.34517631471254623,0.2965366783926014,0.35828700689485177,0.12375813377410338,0.33342832900083025,0.2878716022183654,0.3787000687808043,0.12729409633743594,0.29222364922308847,0.2726878063780909,0.4350885443988206,1.0,144.0,180.0
2022/23,2022-10-08,Leverkusen,Schalke 04,4,0,77,9,0,0.6648134344991316,0.1850122432767716,0.15017432222409682,0.06745118037386744,0.6497399564152019,0.19560376533668675,0.1546562782481115,0.07330033126679096,0.6821814977169272,0.18652381295128215,0.1312946893317908,1.0,144.0,180.0
2022/23,2022-10-08,Dortmund,Bayern Munich,2,2,78,9,1,0.3275629395351904,0.2819783766706492,0.3904586837941603,0.12987773155360144,0.3411497557154446,0.26560693996670715,0.3932433043178487,0.13551172610776369,0.23266681722634328,0.215242430033181,0.5520907527404756,1.0,144.0,180.0
2022/23,2022-10-09,M'gladbach,FC Koln,5,2,79,9,0,0.41999573374631816,0.25967244922395455,0.32033181702972746,0.2195087109370193,0.44809067121097207,0.24663821308351044,0.3052711157055174,0.1988971806442234,0.4607620215468161,0.25773495664360163,0.2815030218095822,1.0,144.0,180.0
2022/23,2022-10-09,Hertha,Freiburg,2,2,80,9,1,0.3312183704842867,0.289274157765813,0.3795074717499005,0.12686576503013378,0.31782668459677366,0.2906806160213149,0.3914926993819115,0.12714016755555635,0.29818513935537094,0.2802427670732426,0.42157209357138653,1.0,144.0,180.0
2022/23,2022-10-09,Stuttgart,Union Berlin,0,1,81,9,2,0.44492224501555494,0.28151063721733877,0.2735671177671063,0.3628302682494354,0.3908200127222368,0.29113032245185555,0.31804966482590763,0.3088982709941331,0.3273068269961757,0.3219234910258439,0.35076968197798036,1.0,144.0,180.0
2022/23,2022-10-14,Schalke 04,Hoffenheim,0,3,82,10,2,0.3080697568920672,0.2984667183594648,0.39346352474846813,0.2313967354610449,0.3328782145545514,0.2800405071037455,0.3870812783417029,0.24323863254213343,0.27876963086839973,0.25749510640739026,0.46373526272420995,1.0,144.0,180.0
2022/23,2022-10-15,RB Leipzig,Hertha,3,2,83,10,0,0.5494812987088312,0.2573348990269889,0.19318380226417994,0.12014354083516356,0.5834103163512183,0.2465929868550337,0.16999669679374774,0.10122292072168873,0.6537383754997589,0.20550003786806764,0.14076158663217353,1.0,144.0,180.0
2022/23,2022-10-15,Wolfsburg,M'gladbach,2,2,84,10,1,0.2587692129596964,0.23736042861120568,0.5038703584290981,0.16042342183962416,0.3140142559302832,0.2533428970671043,0.4326428470026124,0.14289239299498768,0.33390569081570204,0.2651337870162621,0.40096052216803574,1.0,144.0,180.0
2022/23,2022-10-15,Werder Bremen,Mainz,0,2,85,10,2,0.3866009022929296,0.2727518977587217,0.3406471999483484,0.2921031862948301,0.35094727183910013,0.2713342306015719,0.3777184975593279,0.25519912794556365,0.4274146947764747,0.26382200836607195,0.3087632968574533,1.0,144.0,180.0
2022/23,2022-10-15,Stuttgart,Bochum,4,1,86,10,0,0.5781124088203542,0.24674292790687627,0.1751446632727693,0.10433239633214789,0.5729696385302459,0.24500190605397532,0.18202845541577878,0.10774464409902153,0.5669121118501156,0.2407626746622713,0.19232521348761314,1.0,144.0,180.0
2022/23,2022-10-15,Ein Frankfurt,Leverkusen,5,1,87,10,0,0.42852980036905103,0.26104365538445434,0.3104265442464948,0.2114714142195288,0.3987367561894066,0.27354322121426705,0.32772002259632665,0.23445895078408685,0.3718034345744139,0.27390561146518444,0.35429095396040167,1.0,144.0,180.0
2022/23,2022-10-16,FC Koln,Augsburg,3,2,88,10,0,0.6285487274441812,0.19671289525726007,0.17473837729855865,0.08425477419213531,0.5963520191860413,0.21678938035240136,0.1868586004615572,0.09892391449081894,0.5983876295521773,0.21954266498111202,0.18206970546671072,1.0,144.0,180.0
2022/23,2022-10-16,Union Berlin,Dortmund,2,0,89,10,0,0.3269511853116202,0.29047183735645465,0.3825769773319251,0.29967992526893267,0.36229483234088183,0.30334824214700623,0.334356925512112,0.25923121724852793,0.3207437802217918,0.30008237106640023,0.37917384871180804,1.0,144.0,180.0
2022/23,2022-10-16,Bayern Munich,Freiburg,5,0,90,10,0,0.6561836401486144,0.20313366092915885,0.14068269892222687,0.06900065553874968,0.6623275317380274,0.18768008611040649,0.14999238215156616,0.06826020526281716,0.6689786517681869,0.18675121062744798,0.14427013760436527,1.0,144.0,180.0
2022/23,2022-10-21,Mainz,FC Koln,5,0,91,11,0,0.35363038934490965,0.30748993552288767,0.33887967513220285,0.2663165538980602,0.3750339992871288,0.2989734639169061,0.32599253679596496,0.2484268180468546,0.4609022609134848,0.2699206610874552,0.26917707799906,1.0,144.0,180.0
2022/23,2022-10-22,Augsburg,RB Leipzig,3,3,92,11,1,0.18349629415246854,0.21077709549157836,0.6057266103559531,0.20028780823050094,0.1559535810592522,0.1988009286187742,0.6452454903219736,0.22033163111302445,0.18399671425035935,0.2307607247605457,0.5852425609890949,1.0,144.0,180.0
2022/23,2022-10-22,Dortmund,Stuttgart,5,0,93,11,0,0.4958530737324829,0.24781366991426404,0.2563332563532529,0.15993543078882394,0.5653919752443711,0.21907834181871605,0.21552968293691288,0.11766858970443776,0.6123445092845812,0.21684360128340402,0.17081188943201475,1.0,144.0,180.0
2022/23,2022-10-22,Freiburg,Werder Bremen,2,0,94,11,0,0.35553271438827466,0.2730838515905542,0.37138343402117113,0.2766318686445513,0.41161146557658584,0.2732511010830265,0.3151374333403875,0.22275633466665018,0.48848933627474284,0.2564248484381852,0.2550858152870719,1.0,144.0,180.0
2022/23,2022-10-22,Hoffenheim,Bayern Munich,0,2,95,11,2,0.28554462638380873,0.2841575741001206,0.4302977995160707,0.2030481654464501,0.3156835194744818,0.2702937107336378,0.41402276979188046,0.2215126993950876,0.18673290979278828,0.20783492305295412,0.6054321671542576,1.0,144.0,180.0
2022/23,2022-10-22,M'gladbach,Ein Frankfurt,1,3,96,11,2,0.3068114797490802,0.26060722790237334,0.43258129234854664,0.20804863694933295,0.4445328813466595,0.2570009922033393,0.2984661264500013,0.34487962916821446,0.35730004609459803,0.2617652744115504,0.3809346794938516,1.0,144.0,180.0
2022/23,2022-10-22,Leverkusen,Wolfsburg,2,2,97,11,1,0.5135738918527918,0.2325769975065023,0.2538491106407058,0.1640987566829502,0.5902153354669215,0.21186705804039047,0.1979176064926883,0.1937627605900626,0.5370323794757383,0.2507064424593371,0.21226117806492467,1.0,144.0,180.0
2022/23,2022-10-23,Bochum,Union Berlin,2,1,98,11,0,0.25229348134611923,0.27086424147884175,0.4768422771750391,0.3932217976694914,0.21762092967021016,0.2525913390966824,0.5297877312331071,0.4463960249276147,0.19869949414681548,0.2785189490604935,0.5227815567926909,1.0,144.0,180.0
2022/23,2022-10-23,Hertha,Schalke 04,2,1,99,11,0,0.5768362318034311,0.23941818657609298,0.18374558162047597,0.10641500673968321,0.5443705851411815,0.25972719818301926,0.1959022166757996,0.12298792109154054,0.5456117799668792,0.24114693484955896,0.21324128518356197,1.0,144.0,180.0
2022/23,2022-10-28,Werder Bremen,Hertha,1,0,100,12,0,0.40587276900547103,0.25417636528716175,0.33995086570736704,0.23427687885220735,0.41622739300259637,0.2504168244241499,0.33335578257325366,0.22595826722778575,0.4615400651827967,0.24897326671438402,0.2894866681028193,1.0,144.0,180.0
2022/23,2022-10-29,RB Leipzig,Leverkusen,2,0,101,12,0,0.5693043945386476,0.20433324316503543,0.226362362296317,0.11836931181404503,0.5817022281768355,0.20797802481020783,0.2103197470129565,0.10960371094790917,0.5743124039641955,0.2308111316168161,0.19487646441898848,1.0,144.0,180.0
2022/23,2022-10-29,Wolfsburg,Bochum,4,0,102,12,0,0.5462495891469017,0.2445076310868935,0.2092427797662048,0.12483598811682202,0.5136554690043973,0.251071299484935,0.23527323151066773,0.1459422481474025,0.5432386604493429,0.2469266638406104,0.2098346757100466,1.0,144.0,180.0
2022/23,2022-10-29,Bayern Munich,Mainz,6,2,103,12,0,0.6836833462424101,0.19586505151220793,0.12045160224538193,0.05728240696393935,0.6531969245356338,0.20880214806158723,0.1380009274027789,0.06965831455778496,0.7958533997224717,0.12945881968818873,0.07468778058933966,1.0,144.0,180.0
2022/23,2022-10-29,Ein Frankfurt,Dortmund,1,2,104,12,2,0.3208775485868875,0.27825913098204996,0.4008633204310627,0.230963580996011,0.3459368628223164,0.2873367573162273,0.3667263798614567,0.26035389551136134,0.3748062561645765,0.25743271804988016,0.3677610257855431,1.0,144.0,180.0
2022/23,2022-10-29,Stuttgart,Augsburg,2,1,105,12,0,0.5561497510291699,0.22858944722883442,0.21526080174199577,0.12167012813903734,0.5000212762680306,0.25058284403268594,0.24939587969928292,0.15608851449781422,0.6206043405445377,0.21700419034630827,0.16239146910915403,1.0,144.0,180.0
2022/23,2022-10-30,Union Berlin,M'gladbach,2,1,106,12,0,0.4228699048960211,0.3188829976824656,0.25824709742151336,0.1998853550006821,0.43227885386391873,0.30198238365927077,0.2657387624768104,0.19646219482638622,0.4957602646224929,0.2728066260632154,0.23143310931429173,1.0,144.0,180.0
2022/23,2022-10-30,Schalke 04,Freiburg,0,2,107,12,2,0.20380583888498519,0.2344382423032832,0.5617559188117317,0.11679734733008107,0.2374836918430298,0.2565373558456775,0.505978952311293,0.15022764972542157,0.2257059630100026,0.25992202655141255,0.5143720104385848,1.0,144.0,180.0
2022/23,2022-10-30,FC Koln,Hoffenheim,1,1,108,12,1,0.5377842057478941,0.24586342630465557,0.21635236794745039,0.16801009953418114,0.5021220095395464,0.2521299252967389,0.24574806516371497,0.15625931199787088,0.28961087320796874,0.26745485012102027,0.442934276671011,1.0,144.0,180.0
2022/23,2022-11-04,M'gladbach,Stuttgart,3,1,109,13,0,0.3893634165332792,0.2816600969854058,0.32897648648131467,0.24055128286275013,0.39883761956473485,0.2883434338138911,0.312818946621374,0.22962595050795026,0.41965827815532747,0.2533170435497184,0.32702467829495413,1.0,144.0,180.0
2022/23,2022-11-05,Dortmund,Bochum,3,0,110,13,0,0.7401854347506569,0.15044602641091398,0.10936853883842927,0.03973254280167907,0.6891965464827678,0.17233667530286634,0.1384667782143659,0.05788591769365233,0.7657945118059988,0.15315890236119978,0.08104658583280154,1.0,144.0,180.0
2022/23,2022-11-05,Augsburg,Ein Frankfurt,1,2,111,13,2,0.2443425126029471,0.23133964596820458,0.5243178414288485,0.14298838972401584,0.22984340969348294,0.23976190197006,0.530394688336457,0.13667857086106977,0.21747707950587866,0.2370077881022804,0.5455151323918409,1.0,144.0,180.0
2022/23,2022-11-05,Hertha,Bayern Munich,2,3,112,13,2,0.20260953356448702,0.2250588744386711,0.572331591996842,0.11197544514758734,0.20290464054759288,0.2332159135417437,0.5638794459106633,0.11568571542746892,0.088029809035864,0.14345598509548207,0.7685142058686539,1.0,144.0,180.0
2022/23,2022-11-05,Hoffenheim,RB Leipzig,1,3,113,13,2,0.2305295970960059,0.2724707403656382,0.49699966253835604,0.15307661731188732,0.25829943156722185,0.28036095838708,0.4613396100456988,0.17843680602683523,0.35321191706024113,0.26081860905538246,0.38596947388437647,1.0,144.0,180.0
2022/23,2022-11-05,Werder Bremen,Schalke 04,2,1,114,13,0,0.5218439681218953,0.25360100060010327,0.2245550312780012,0.13952907644683968,0.5134538206715762,0.2508817945091545,0.23566438481926938,0.1461324434456657,0.6166606818869066,0.21089261415179925,0.17244670396129425,1.0,144.0,180.0
2022/23,2022-11-05,Mainz,Wolfsburg,0,3,115,13,2,0.49299802763379913,0.24997264676064238,0.2570293256055583,0.3975262391304737,0.49548482498405194,0.2575463454372227,0.24696882957872554,0.4062805777077557,0.47713876109690356,0.2694585289941191,0.2534027099089773,1.0,144.0,180.0
2022/23,2022-11-06,Leverkusen,Union Berlin,5,0,116,13,0,0.3392747630265815,0.31007587927439617,0.3506493576990223,0.27975640541415847,0.3127741046926568,0.3123256723625625,0.37490022294478076,0.30641480417251277,0.43079030857176087,0.3027535605132809,0.2664561309149584,1.0,144.0,180.0
2022/23,2022-11-06,Freiburg,FC Koln,2,0,117,13,0,0.45255391456025845,0.2734539406679348,0.2739921447718068,0.18738445592997582,0.5029494710540583,0.26393933618484494,0.2331111927610969,0.15070002825797083,0.590440803918257,0.23306873838878572,0.1764904576929573,1.0,144.0,180.0
2022/23,2022-11-08,Wolfsburg,Dortmund,2,0,118,14,0,0.32461754970793916,0.2763848187806404,0.3989976315114203,0.30767028205711566,0.30027286106624784,0.2691500449100075,0.4305770940237447,0.33750735142917354,0.3260576387463719,0.2594623119997655,0.4144800492538626,1.0,144.0,180.0
2022/23,2022-11-08,Bayern Munich,Werder Bremen,6,1,119,14,0,0.7641507497423935,0.13935296348410925,0.09649628677349702,0.032468201104074064,0.754843108558956,0.1428391906042205,0.10231770083682332,0.03528540666278478,0.8222085412481368,0.11088069470546301,0.06691076404640009,1.0,144.0,180.0
2022/23,2022-11-08,Bochum,M'gladbach,2,1,120,14,0,0.2625217816484999,0.24177141199456528,0.4957068063569352,0.39479968020574724,0.2966409056455068,0.24435004053465922,0.4590090538198343,0.35270166354987603,0.35837811358845717,0.26539352195469523,0.37622836445684776,1.0,144.0,180.0
2022/23,2022-11-08,Stuttgart,Hertha,2,1,121,14,0,0.47596869785710444,0.24254078738429613,0.28149051475859915,0.17692285776231997,0.47570683725850194,0.25466282662671363,0.26963033611478454,0.1737919193254273,0.46301235776336713,0.2633304784045026,0.2736571638321301,1.0,144.0,180.0
2022/23,2022-11-09,FC Koln,Leverkusen,1,2,122,14,2,0.38884203606636214,0.2940450197780187,0.31711294415561886,0.30876643002602033,0.39347023928992175,0.29747338841282905,0.3090563722972495,0.3161109629349529,0.30102422726525846,0.27175798294780273,0.4272177897869388,1.0,144.0,180.0
2022/23,2022-11-09,Ein Frankfurt,Hoffenheim,4,2,123,14,0,0.5068285972324156,0.2670945686476671,0.22607683411991739,0.1471643837167158,0.5077940219816267,0.26423644301345495,0.22796953500491848,0.14711841684369104,0.580724549189835,0.22531576042469348,0.1939596903854717,1.0,144.0,180.0
2022/23,2022-11-09,RB Leipzig,Freiburg,3,1,124,14,0,0.5681619281802646,0.23277554013749285,0.19906253168224283,0.11305500589636538,0.5580279015964459,0.23547480593761666,0.2064972924659377,0.11899023378150189,0.5421619833148206,0.2515184458677003,0.20631957081747926,1.0,144.0,180.0
2022/23,2022-11-09,Schalke 04,Mainz,1,0,125,14,0,0.23412223094173135,0.2358653658157879,0.5300124032424807,0.43374095236427035,0.2309567876578058,0.24078494489852822,0.5282582674436659,0.43524212978609245,0.26388132125710645,0.26317196286663036,0.4729467158762633,1.0,144.0,180.0
2022/23,2022-11-09,Union Berlin,Augsburg,2,2,126,14,1,0.5103646224877273,0.287119382424585,0.20251599508768792,0.15074238807669835,0.547505222316654,0.264504000684287,0.18799077699905906,0.1675512503503593,0.5573571765849401,0.2643292842882508,0.17831353912680903,1.0,144.0,180.0
2022/23,2022-11-11,M'gladbach,Dortmund,4,2,127,15,0,0.3794803514954507,0.2571994375258828,0.36332021097866696,0.2585231049428961,0.47252638213034126,0.23624839964043684,0.29122521822922215,0.18152027264058232,0.28170579910310845,0.24377035483485943,0.4745238460620322,1.0,144.0,180.0
2022/23,2022-11-12,Hoffenheim,Wolfsburg,1,2,128,15,2,0.416375868615959,0.25729229566864,0.32633183571540125,0.3135988297681379,0.4695803229453025,0.23941010634066004,0.29100957071403716,0.36158655425825403,0.46781753744140847,0.26283297130444716,0.26934949125414426,1.0,144.0,180.0
2022/23,2022-11-12,Augsburg,Bochum,0,1,129,15,2,0.4529087923564354,0.26052704238454605,0.28656416525901857,0.35705853224316286,0.3503888628405036,0.28595550744521014,0.36365562971428605,0.26385325639849133,0.3905064766157709,0.2849335047399956,0.32456001864423345,1.0,144.0,180.0
2022/23,2022-11-12,Hertha,FC Koln,2,0,130,15,0,0.5065155428025993,0.26399596946171094,0.2294884877356896,0.14809593774931354,0.4973089173464312,0.25809505300297647,0.24459602965059252,0.15626277115012532,0.37227698765694023,0.28297354842131583,0.34474946392174394,1.0,144.0,180.0
2022/23,2022-11-12,Leverkusen,Stuttgart,2,0,131,15,0,0.4825479126330317,0.23465925130023432,0.282792836066734,0.17386422542554966,0.4827982748962275,0.24455998946250956,0.2726417356412631,0.1709155702318993,0.5225665379753323,0.25381803273087566,0.22361542929379208,1.0,144.0,180.0
2022/23,2022-11-12,Werder Bremen,RB Leipzig,1,2,132,15,2,0.2966358807863166,0.24019788743480844,0.4631662317788749,0.18809167023618323,0.2724596122656001,0.24096050642206146,0.48657988131233865,0.1689172292945868,0.2657879648563465,0.2427046428464901,0.4915073922971634,1.0,144.0,180.0
2022/23,2022-11-12,Schalke 04,Bayern Munich,0,2,133,15,2,0.16259461393207408,0.17035930977076832,0.6670460762971574,0.0686476618944192,0.17745417925964302,0.17993399177141634,0.6426118289689406,0.07960814526481963,0.08093170153967626,0.12949072246348203,0.7895775759968416,1.0,144.0,180.0
2022/23,2022-11-13,Freiburg,Union Berlin,4,1,134,15,0,0.4738350646299647,0.30599635735448527,0.22016857801555012,0.16266187097917137,0.4739093063790519,0.3087559396892452,0.21733475393170276,0.16200290659056213,0.45755518410752727,0.30986332088294566,0.23258149500952696,1.0,144.0,180.0
2022/23,2022-11-13,Mainz,Ein Frankfurt,1,1,135,15,1,0.3245768628381021,0.2672305466177939,0.4081925905441041,0.13598566543246532,0.35127453509887024,0.2737504348169202,0.37497503008420974,0.13200003609779068,0.35838137247159946,0.2710197082679963,0.37059891926040406,1.0,144.0,180.0
2022/23,2023-01-20,RB Leipzig,Bayern Munich,1,1,136,16,1,0.546858616265201,0.25209192101313826,0.20104946272166072,0.16973761632207943,0.47979077480602933,0.2663537197354507,0.2538555054585201,0.1473209026202853,0.25785246321703453,0.22779972857635453,0.514347808206611,1.0,144.0,180.0
2022/23,2023-01-21,Stuttgart,Mainz,1,1,137,16,1,0.41558082012193776,0.2655000597787093,0.3189191200993534,0.13720841160908395,0.3806161133181266,0.2802971372580229,0.33908674942384986,0.12992422467611509,0.4182711459301554,0.27964413756473244,0.3020847165051122,1.0,144.0,180.0
2022/23,2023-01-21,Bochum,Hertha,3,1,138,16,0,0.3996443426240568,0.2997328771091823,0.3006227802667609,0.22540048567930906,0.4479883134844243,0.28951176730705824,0.26249991920851706,0.18681155481712422,0.4107131537242472,0.2866561014263074,0.30263074484944535,1.0,144.0,180.0
2022/23,2023-01-21,Ein Frankfurt,Schalke 04,3,0,139,16,0,0.7280546165999543,0.16381505418533274,0.10813032921471277,0.04282322982434003,0.7572111161866849,0.14635672558820587,0.09643215822510935,0.034122801621633954,0.7115540321907609,0.17952652377556952,0.10891944403366954,1.0,144.0,180.0
2022/23,2023-01-21,Union Berlin,Hoffenheim,3,1,140,16,0,0.3446684905116386,0.29655197812873707,0.3587795313596244,0.27909106972546294,0.4002369216641645,0.3146528540398614,0.2851102242959743,0.22050179506648904,0.42706297869542825,0.3027783966602262,0.2701586246443455,1.0,144.0,180.0
2022/23,2023-01-21,Wolfsburg,Freiburg,6,0,141,16,0,0.5446651465168206,0.24575802200286495,0.20957683148031425,0.12562613854493826,0.5512330449852162,0.22719808996908333,0.22156886504570042,0.12524227093544044,0.4232124772128823,0.28669232327324284,0.2900951995138748,1.0,144.0,180.0
2022/23,2023-01-21,FC Koln,Werder Bremen,7,1,142,16,0,0.4992248582886871,0.24864339635092714,0.2521317453603859,0.15717307978722994,0.5848248093132148,0.22114521475997223,0.1940299759268127,0.10500903525998403,0.48560070403301675,0.2561830485843474,0.2582162473826359,1.0,144.0,180.0
2022/23,2023-01-22,Dortmund,Augsburg,4,3,143,16,0,0.7692540681850858,0.13996030189043673,0.09078562992447745,0.030742857824958607,0.7396848773271353,0.15549751932979372,0.10481760334307105,0.03937534653138698,0.7494383600112328,0.15848778433024435,0.09207385565852289,1.0,144.0,180.0
2022/23,2023-01-22,M'gladbach,Leverkusen,2,3,144,16,2,0.3643791558661006,0.252263152200935,0.38335769193296454,0.2565099526639664,0.3844730269848859,0.24673382090986246,0.36879315210525154,0.2731207966540724,0.34315362461759136,0.26720978966123915,0.38963658572116955,1.0,144.0,180.0
2022/23,2023-01-24,Hertha,Wolfsburg,0,5,145,17,2,0.3379963413501955,0.26905426255985687,0.39294939608994767,0.2413759812368386,0.2827221740588224,0.26692683953918545,0.45035098640199234,0.19102293292690506,0.31363443540545916,0.28696171215983357,0.39940385243470716,1.0,144.0,180.0
2022/23,2023-01-24,Bayern Munich,FC Koln,1,1,146,17,1,0.6269226070288084,0.2121344623525968,0.16094293061859485,0.20946729105994977,0.725086260177525,0.1631207514975368,0.11179298832493828,0.2691238784684246,0.7857142857142858,0.12571428571428572,0.08857142857142858,1.0,144.0,180.0
2022/23,2023-01-24,Hoffenheim,Stuttgart,2,2,147,17,1,0.6553385641462104,0.18981555787779586,0.15484587797599367,0.22672293979168653,0.5646707488803366,0.2242745503572926,0.21105470076237062,0.18169857067748704,0.4568986758090518,0.26213489711296806,0.28096642707798014,1.0,144.0,180.0
2022/23,2023-01-24,Schalke 04,RB Leipzig,1,6,148,17,2,0.15546277517019721,0.18970150573266642,0.6548357190971363,0.07165352763740514,0.1462876693565949,0.19214521563231718,0.6615671150110878,0.06796844992385133,0.1559633027522936,0.22018348623853212,0.6238532110091743,1.0,144.0,180.0
2022/23,2023-01-25,Leverkusen,Bochum,2,0,149,17,0,0.6200442984095117,0.23676828241745948,0.14318741917302877,0.08243448609027643,0.6570558237134307,0.2154261571518534,0.127518019134716,0.06693577662645762,0.655546750716469,0.19974737394019196,0.14470587534333904,1.0,144.0,180.0
2022/23,2023-01-25,Freiburg,Ein Frankfurt,1,1,150,17,1,0.3260336236131718,0.2649787151379941,0.40898766124883407,0.13678441539006322,0.330619481842847,0.2513533702335526,0.41802714792360085,0.14202796908758616,0.4201846480055365,0.28133052581979884,0.29848482617466465,1.0,144.0,180.0
2022/23,2023-01-25,Werder Bremen,Union Berlin,1,2,151,17,2,0.28977596134217104,0.26029405428776853,0.44992998437006076,0.19327356493345071,0.3017483223935385,0.25474737341277087,0.4435043041936905,0.20036975475913166,0.32110172306494045,0.30509665275640757,0.37380162417865204,1.0,144.0,180.0
2022/23,2023-01-25,Mainz,Dortmund,1,2,152,17,2,0.5332387622222516,0.22715194287865395,0.2396092948990942,0.4312688009700857,0.4771028226357834,0.23979899839530688,0.28309817896891004,0.3707876621823626,0.29916349482829063,0.2601767627894975,0.4406597423822119,1.0,144.0,180.0
2022/23,2023-01-25,Augsburg,M'gladbach,1,0,153,17,0,0.44448079956303255,0.22364114456130696,0.3318780558756606,0.20937231301296783,0.39520425597340575,0.23080719403732902,0.3739885499892652,0.25282266375787743,0.30272779365496966,0.2607495396014805,0.4365226667435499,1.0,144.0,180.0
2022/23,2023-01-27,RB Leipzig,Stuttgart,2,1,154,18,0,0.6298275005130937,0.21838007891299285,0.15179242057391362,0.08003430916003575,0.6504562959722009,0.20050387023825839,0.1490398337895405,0.07219683654074376,0.7176058286452089,0.18518860094069908,0.09720557041409206,1.0,144.0,180.0
2022/23,2023-01-28,Bayern Munich,Ein Frankfurt,1,1,155,18,1,0.42626913456928783,0.2670759849066534,0.3066548805240588,0.1378712954178372,0.5168424347518518,0.2559969244683409,0.2271606407798069,0.15936402953985743,0.6975770020533881,0.17133470225872688,0.131088295687885,1.0,144.0,180.0
2022/23,2023-01-28,Werder Bremen,Wolfsburg,2,1,156,18,0,0.21034874018686703,0.21661735028683862,0.5730339095262943,0.4759584867957287,0.2433249637824596,0.21441807251986425,0.5422569636976761,0.4332998625567195,0.2698927344048322,0.26263755337244415,0.4674697122227237,1.0,144.0,180.0
2022/23,2023-01-28,Mainz,Bochum,5,2,157,18,0,0.5259791668191149,0.2383493509365231,0.23567148224436157,0.14011839891637753,0.555009159350446,0.22599442553059954,0.21899641511895476,0.12298813904847507,0.530592263298406,0.2562440326690465,0.21316370403254742,1.0,144.0,180.0
2022/23,2023-01-28,Freiburg,Augsburg,3,1,158,18,0,0.566289879950499,0.22823789353307278,0.205472226516428,0.11516165205148551,0.5542777961433852,0.2407696226506959,0.2049525812059189,0.12033692177688321,0.5814270529458007,0.23999937320612902,0.1785735738480704,1.0,144.0,180.0
2022/23,2023-01-28,Hertha,Union Berlin,0,2,159,18,2,0.3601870583057749,0.2921764940287411,0.3476364476654839,0.2776564606927382,0.37266669915728623,0.3170115120653231,0.3103217887773903,0.30726825184800266,0.2542429568694984,0.307641947810741,0.43811509531976056,1.0,144.0,180.0
2022/23,2023-01-28,Hoffenheim,M'gladbach,1,4,160,18,2,0.5833087413302634,0.21930245084834254,0.19738880782139415,0.4922169067613297,0.5341814630237138,0.23330739090201755,0.2325111460742686,0.43719448816919404,0.4803114318776212,0.25641625920550093,0.26327230891687786,1.0,144.0,180.0
2022/23,2023-01-29,Schalke 04,FC Koln,0,0,161,18,1,0.1875598792803361,0.21950181382248687,0.5929383068971769,0.19337727205087252,0.22558472153736872,0.25173069321900055,0.5226845852436307,0.16204382112119922,0.26394155528925306,0.2549827035431427,0.48107574116760426,1.0,144.0,180.0
2022/23,2023-01-29,Leverkusen,Dortmund,0,2,162,18,2,0.6150913278201819,0.22030268449572274,0.16460598768409537,0.5381102486864302,0.6512367219902621,0.20264558708193073,0.14611769092780724,0.5766121329075408,0.3804648671170501,0.2600517841730901,0.3594833487098598,1.0,144.0,180.0
2022/23,2023-02-03,Augsburg,Leverkusen,1,0,163,19,0,0.1927829747544024,0.21754447171132402,0.5896725535342734,0.4996565231189912,0.18515155419964288,0.2213020613242611,0.5935463844760959,0.5081376500739515,0.24945933612428323,0.25666157417511554,0.4938790897006011,1.0,144.0,180.0
2022/23,2023-02-04,M'gladbach,Schalke 04,0,0,164,19,1,0.5813414979490437,0.22755372952836297,0.19110477252259322,0.18723948565927506,0.5463659506749349,0.2320624394768595,0.22157160984820587,0.17380486517382543,0.5979729474392276,0.22051943536785992,0.18150761719291264,1.0,144.0,180.0
2022/23,2023-02-04,Union Berlin,Mainz,2,1,165,19,0,0.4846892474138296,0.2843666889780925,0.2309440636080781,0.15944016612336864,0.4725328045746047,0.28489494098234736,0.24257225444304786,0.16853147043775749,0.5001766614203579,0.28686602640285225,0.2129573121767899,1.0,144.0,180.0
2022/23,2023-02-04,FC Koln,RB Leipzig,0,0,166,19,1,0.25898377141911255,0.2859786358526691,0.45503759272821814,0.13706590232717958,0.31373671812946563,0.3019458846526298,0.3843173972179043,0.12306529505349621,0.2528805706273243,0.2673901115649576,0.4797293178077181,1.0,144.0,180.0
2022/23,2023-02-04,Dortmund,Freiburg,5,1,167,19,0,0.637478083323955,0.18302955491376133,0.17949236176228367,0.08181982400073792,0.5645267292239968,0.20887303202746663,0.22660023874853666,0.12049231888062197,0.5674912596089158,0.23806950403105737,0.19443923636002694,1.0,144.0,180.0
2022/23,2023-02-04,Bochum,Hoffenheim,5,2,168,19,0,0.3216481131233235,0.2337520693435169,0.4445998175331594,0.328915140089833,0.39781712981749595,0.25905549124721344,0.3431273789352903,0.24018030365812051,0.3422501966955154,0.28127458693941776,0.3764752163650668,1.0,144.0,180.0
2022/23,2023-02-04,Ein Frankfurt,Hertha,3,0,169,19,0,0.635200886300349,0.21280919216111222,0.15198992153853852,0.07808966480267103,0.637008416090197,0.21861548080991436,0.144376103099889,0.07630367456782863,0.6242081447963801,0.22149321266968325,0.15429864253393666,1.0,144.0,180.0
2022/23,2023-02-05,Wolfsburg,Bayern Munich,2,4,170,19,2,0.48067410571216646,0.2667218398711977,0.25260405441663575,0.39482414768832097,0.5419892773462066,0.2470665644431128,0.21094415821068058,0.45818074911005735,0.17031626230827768,0.20808362111437761,0.6216001165773446,1.0,144.0,180.0
2022/23,2023-02-05,Stuttgart,Werder Bremen,0,2,171,19,2,0.6081190499433708,0.23256410230191524,0.15931684775471394,0.5382784706865494,0.587792311875613,0.23524845600996427,0.17695923211442258,0.5114479537508793,0.5331561848774672,0.25146283977468176,0.21538097534785103,1.0,144.0,180.0
2022/23,2023-02-10,Schalke 04,Wolfsburg,0,0,172,20,1,0.21107912217067612,0.23356316075225575,0.555357717077068,0.17648829486669804,0.22210217896953932,0.2270191701557011,0.5508786508747597,0.1763983329463063,0.270123101931469,0.26644295067899665,0.4634339473895344,1.0,144.0,180.0
2022/23,2023-02-11,Werder Bremen,Dortmund,0,2,173,20,2,0.222726545028397,0.23089671422201571,0.5463767407495871,0.12769058759662685,0.20742471442531885,0.22686486009646134,0.5657104254782197,0.11581622334636697,0.21838350763473557,0.21407330682615525,0.5675431855391093,1.0,144.0,180.0
2022/23,2023-02-11,RB Leipzig,Union Berlin,1,2,174,20,2,0.6653707549085487,0.22341863864540978,0.11121060644604164,0.6163324137907926,0.673889061495173,0.22115263148966885,0.10495830701515843,0.6276130496920086,0.5449311795800125,0.2747681159009077,0.18030070451907992,1.0,144.0,180.0
2022/23,2023-02-11,Mainz,Augsburg,3,1,175,20,0,0.5725272899504411,0.2376332636651325,0.1898394463844264,0.10938596662032987,0.544501309932862,0.24778234680634256,0.2077163432607951,0.12531256795525758,0.5311193442262737,0.24370563425843983,0.22517502151528657,1.0,144.0,180.0
2022/23,2023-02-11,Bayern Munich,Bochum,3,0,176,20,0,0.783481420051377,0.13137104691901805,0.08514753302960505,0.02706519892199796,0.7548906215331546,0.14925955736308172,0.09584982110376376,0.034632897809013394,0.8538187277162695,0.09983111277913305,0.046350159504597484,1.0,144.0,180.0
2022/23,2023-02-11,Freiburg,Stuttgart,2,1,177,20,0,0.4387554948642684,0.292820567514296,0.2684239376214355,0.19352340241662427,0.552169664859546,0.249938400010104,0.19789193513035022,0.119856613530823,0.45468097583032474,0.2825329763107509,0.26278604785892423,1.0,144.0,180.0
2022/23,2023-02-11,Hoffenheim,Leverkusen,1,3,178,20,2,0.28786969823473757,0.26975666789492175,0.4423736338703412,0.19690806368236385,0.29530246264309606,0.26314044469156,0.4415570926653438,0.1995310125977302,0.3608778597287107,0.2686755494134082,0.37044659085788106,1.0,144.0,180.0
2022/23,2023-02-12,FC Koln,Ein Frankfurt,3,0,179,20,0,0.5262861946650447,0.26981674245237663,0.20389706288257842,0.13298939080853311,0.47540924667718476,0.29133642127070536,0.23325433205211013,0.16480152094643735,0.3495762711864407,0.2796610169491525,0.37076271186440674,1.0,144.0,180.0
2022/23,2023-02-12,Hertha,M'gladbach,4,1,180,20,0,0.34331263621441294,0.2929741394527833,0.3637132243328035,0.2817628016551142,0.3737085548135531,0.297968066811528,0.32832337837491904,0.2500186075506242,0.34215189351794617,0.27106770511394074,0.3867804013681131,1.0,144.0,180.0
2022/23,2023-02-17,Augsburg,Hoffenheim,1,0,181,21,0,0.4061538172200613,0.22902452143471116,0.364821661345228,0.24287406669449813,0.45670692463805396,0.23074241078981883,0.3125506645721273,0.1964276418303598,0.3622779370700045,0.2658017473067968,0.3719203156231986,1.0,144.0,180.0
2022/23,2023-02-18,Bochum,Freiburg,0,2,182,21,2,0.2939026181402854,0.2656234594524939,0.44047392240722083,0.19972409022803764,0.29290712845642974,0.27638284106741856,0.430710030476152,0.20494282765052774,0.341289133605436,0.27905977591099757,0.3796510904835664,1.0,144.0,180.0
2022/23,2023-02-18,M'gladbach,Bayern Munich,3,2,183,21,0,0.2934109016910158,0.23341563467376267,0.4731734636352215,0.3615806402688278,0.31636374836146575,0.2310422002577045,0.4525940513808298,0.33609994994984926,0.14340588988476313,0.18437900128040974,0.6722151088348272,1.0,144.0,180.0
2022/23,2023-02-18,Stuttgart,FC Koln,3,0,184,21,0,0.403971458861768,0.288238111570014,0.3077904295682177,0.22499248519257864,0.3919233593882014,0.29842775898360774,0.30964888162819093,0.23281981537565988,0.41811692198550116,0.28359234708581815,0.2982907309286807,1.0,144.0,180.0
2022/23,2023-02-18,Ein Frankfurt,Werder Bremen,2,0,185,21,0,0.6134213788684809,0.23031865750013336,0.15625996363138583,0.08693010327501428,0.563268336924547,0.2571660906985127,0.17956557237694032,0.11148917015785458,0.6137303281666694,0.21446840039230866,0.17180127144102192,1.0,144.0,180.0
2022/23,2023-02-18,Wolfsburg,RB Leipzig,0,3,186,21,2,0.2757347405348567,0.2774236623521934,0.4468415971129501,0.1910069329111884,0.3119215467473832,0.28395449462916467,0.4041239586234522,0.22618165400593265,0.3177028992961161,0.2659035135413146,0.41639358716256925,1.0,144.0,180.0
2022/23,2023-02-19,Dortmund,Hertha,4,1,187,21,0,0.7450723750308298,0.1670024296933826,0.08792519527578764,0.03635946696835363,0.6941066052057467,0.1856288119905265,0.1202645828037269,0.054017169427853666,0.6519899593952098,0.20408929401236608,0.14392074659242407,1.0,144.0,180.0
2022/23,2023-02-19,Union Berlin,Schalke 04,0,0,188,21,1,0.5671163020777462,0.2616052740653256,0.1712784238569285,0.17547859928062554,0.577235427655025,0.26154443294966784,0.16122013939530688,0.17959633614336096,0.5742502452967023,0.2734524977603344,0.15229725694296317,1.0,144.0,180.0
2022/23,2023-02-19,Leverkusen,Mainz,2,3,189,21,2,0.4720191738652387,0.24788939311262634,0.280091433022135,0.3705352226522728,0.5422456006355969,0.2490029741626358,0.20875142520176726,0.4600522992644469,0.49394181237756657,0.2657621707901037,0.24029601683232965,1.0,144.0,180.0
2022/23,2023-02-24,Mainz,M'gladbach,4,0,190,22,0,0.6871968956100225,0.17244202326839864,0.14036108112157883,0.0587735076048128,0.6840492469321517,0.17110780622722357,0.1448429468406246,0.060402178806808225,0.4451311828723082,0.2625438612115491,0.2923249559161427,1.0,144.0,180.0
2022/23,2023-02-25,RB Leipzig,Ein Frankfurt,2,1,191,22,0,0.8078977945068174,0.1226156606487801,0.06948654484440253,0.020865818634879046,0.7764508450076889,0.14843829003483322,0.07511086495747755,0.027807933366218403,0.5879390270225823,0.23461028482151114,0.17745068815590662,1.0,144.0,180.0
2022/23,2023-02-25,Werder Bremen,Bochum,3,0,192,22,0,0.41125075457324267,0.2725224889375456,0.316226756489212,0.22331251775513167,0.4169813385936695,0.26951553861125566,0.3135031227950747,0.21909748377514662,0.5073436036891186,0.254993009145833,0.23766338716504823,1.0,144.0,180.0
2022/23,2023-02-25,Schalke 04,Stuttgart,2,1,193,22,0,0.3440599806954841,0.30253489158270863,0.3534051277218071,0.27757624661263786,0.3779249241237796,0.29201957290443437,0.3300555029717864,0.24795701753418195,0.29860676414694765,0.28715576729175496,0.41423746856129756,1.0,144.0,180.0
2022/23,2023-02-25,Hoffenheim,Dortmund,0,1,194,22,2,0.19852233955399665,0.25440433348408137,0.5470733269619217,0.12227684522566717,0.30039123085794184,0.24694262216459015,0.4526661469774679,0.19490461912042,0.21046066923833048,0.21846476627871442,0.5710745644829551,1.0,144.0,180.0
2022/23,2023-02-25,FC Koln,Wolfsburg,0,2,195,22,2,0.42192487930591005,0.2957698270531527,0.28230529364093776,0.34655314765656403,0.37979567262622965,0.28982802241751543,0.3303763049562552,0.29632032295482436,0.39897804222735544,0.29266353396916794,0.3083584238034766,1.0,144.0,180.0
2022/23,2023-02-25,Hertha,Augsburg,2,0,196,22,0,0.42774771279696316,0.2612206769395371,0.31103161026349957,0.21210667139610634,0.3935087911230005,0.25108052100300915,0.35541068787399,0.24707417175007362,0.45972941863841665,0.27125309188360874,0.26901748947797455,1.0,144.0,180.0
2022/23,2023-02-26,Freiburg,Leverkusen,1,1,197,22,1,0.47756268196416357,0.2456509962602666,0.27678632177557,0.15233839156342707,0.40723998204627676,0.2637850537438992,0.32897496420982425,0.13703446502695343,0.40313504823151125,0.27672829581993574,0.32013665594855306,1.0,144.0,180.0
2022/23,2023-02-26,Bayern Munich,Union Berlin,3,0,198,22,0,0.6405026919654058,0.2263914519147097,0.13310585611988454,0.07347774170876367,0.5489863587980592,0.2812395752730452,0.16977406592889568,0.11611826900613097,0.6521038286065982,0.2183448774435576,0.1295512939498442,1.0,144.0,180.0
2022/23,2023-03-03,Dortmund,RB Leipzig,2,1,199,23,0,0.4474481070566431,0.2872243838262936,0.26532750911706326,0.18785614074477608,0.44720241009396206,0.26102004796013406,0.2917775419459039,0.19535965469495895,0.41084973453877727,0.26643661258917983,0.32271365287204284,1.0,144.0,180.0
2022/23,2023-03-04,Stuttgart,Bayern Munich,1,2,200,23,2,0.26006435941890865,0.26407325705058493,0.4758623835305067,0.1711768560191446,0.32483855870007455,0.27873820470010996,0.39642323659981527,0.23491249926749205,0.14626321087065927,0.20822848515349773,0.645508303975843,1.0,144.0,180.0
2022/23,2023-03-04,Union Berlin,FC Koln,0,0,201,23,1,0.3728118643372507,0.34018311255345823,0.28700502310929105,0.11068028474029068,0.4254824340566054,0.3247004173944172,0.24981714854897694,0.12172195469993771,0.4697917233128501,0.2997444124204688,0.23046386426668117,1.0,144.0,180.0
2022/23,2023-03-04,M'gladbach,Freiburg,0,0,202,23,1,0.40137903768756794,0.27610320695672824,0.32251775535570376,0.13256141720733985,0.5152880610477069,0.2565027162828768,0.22820922266941632,0.15880061758484226,0.4286110918303602,0.27070174220864857,0.30068716596099115,1.0,144.0,180.0
2022/23,2023-03-04,Augsburg,Werder Bremen,2,1,203,23,0,0.5521097752982898,0.24948294851612074,0.19840727618558968,0.11998555031336663,0.5948109489740734,0.23053591411600124,0.17465313690992548,0.09734094265188405,0.4347040216900136,0.26434704021690014,0.30094893809308637,1.0,144.0,180.0
2022/23,2023-03-04,Bochum,Schalke 04,0,2,204,23,2,0.3288809833672507,0.29816361365187993,0.3729554029808693,0.25067381393574684,0.35829929692750423,0.27406613014219966,0.3676345729302962,0.2641322097658964,0.36417304042675874,0.29685620568120635,0.3389707538920349,1.0,144.0,180.0
2022/23,2023-03-04,Mainz,Hoffenheim,1,0,205,23,0,0.6348482444522578,0.1986791449505327,0.16647261059720928,0.08052446732932408,0.7338222507021952,0.15160482518614282,0.11457292411166195,0.04198877458037084,0.5055881752850763,0.25814422706354423,0.23626759765137942,1.0,144.0,180.0
2022/23,2023-03-05,Leverkusen,Hertha,4,1,206,23,0,0.6733712362176791,0.20282771668127403,0.12380104710104702,0.0610065242966414,0.7109532223900015,0.1811248285685246,0.10792194904147362,0.04759759336581722,0.6374652162914243,0.21868201366051102,0.14385277004806477,1.0,144.0,180.0
2022/23,2023-03-05,Wolfsburg,Ein Frankfurt,2,2,207,23,1,0.5364283139966168,0.25533420657670086,0.20823747942668208,0.16555909194761545,0.4907484479723078,0.27072851317100527,0.23852303885668735,0.14886363962632876,0.39603366286134317,0.27789862138281757,0.3260677157558392,1.0,144.0,180.0
2022/23,2023-03-10,FC Koln,Bochum,0,2,208,24,2,0.716700956464353,0.18512972300679026,0.09816932052885687,0.6634794177161512,0.6247092854427906,0.2423124852597401,0.13297822929746947,0.570994221095297,0.557472724075661,0.25740824990300964,0.18511902602132954,1.0,144.0,180.0
2022/23,2023-03-11,Bayern Munich,Augsburg,5,3,209,24,0,0.7733144267967059,0.1429669683864122,0.08371860481688191,0.02919757694549562,0.7934719833709717,0.1306150394449793,0.07591297718404882,0.024208300878833067,0.8735282947208508,0.08431447018609951,0.04215723509304976,1.0,144.0,180.0
2022/23,2023-03-11,Ein Frankfurt,Stuttgart,1,1,210,24,1,0.5077463920767101,0.2721925409133793,0.2200610670099107,0.15311663594022829,0.470801912239076,0.265290979038909,0.26390710872201495,0.14565070130099203,0.45457307809176545,0.2841081738073534,0.2613187481008812,1.0,144.0,180.0
2022/23,2023-03-11,Hertha,Mainz,1,1,211,24,1,0.28407395053874435,0.256598068347267,0.4593279811139888,0.14584010180447085,0.2935763954646609,0.23636645599224917,0.47005714854308994,0.15357041143524172,0.3022435802065046,0.28802035290266914,0.40973606689082637,1.0,144.0,180.0
2022/23,2023-03-11,Schalke 04,Dortmund,2,2,212,24,1,0.2874710721663282,0.26289609200387015,0.449632835829802,0.14240465219440382,0.2972659097362311,0.27645864004566806,0.4262754502181004,0.1350388902749768,0.22023516158558057,0.24952474829261428,0.5302400901218053,1.0,144.0,180.0
2022/23,2023-03-11,RB Leipzig,M'gladbach,3,0,213,24,0,0.8720649545012487,0.07101313643482655,0.05692190906392484,0.00980373979912465,0.8587763481858616,0.08045474802475766,0.06076890378938074,0.011818489749742013,0.7019337292398689,0.17579961867448968,0.1222666520856413,1.0,144.0,180.0
2022/23,2023-03-12,Freiburg,Hoffenheim,2,1,214,24,0,0.528176365472854,0.2587303407030231,0.21309329382412293,0.13401314698560995,0.5884679079057085,0.2335564981870596,0.17797559390723175,0.10051698742506819,0.5207190331014506,0.25829862327987524,0.2209823436186743,1.0,144.0,180.0
2022/23,2023-03-12,Werder Bremen,Leverkusen,2,3,215,24,2,0.23978616049193904,0.24480657889651988,0.5154072606115407,0.1461637629157384,0.2141955152866498,0.2365167435199301,0.5492877411934203,0.12451062950372144,0.26664168852254283,0.26737021772615627,0.46598809375130096,1.0,144.0,180.0
2022/23,2023-03-12,Wolfsburg,Union Berlin,1,1,216,24,1,0.6214567989573885,0.24249237959369976,0.13605082144891187,0.20235918949364382,0.6052952229166403,0.25826620213974655,0.13643857494361333,0.19249889580917462,0.3511403059554659,0.32120703397237704,0.32765266007215715,1.0,144.0,180.0
2022/23,2023-03-17,M'gladbach,Werder Bremen,2,2,217,25,1,0.39389861201901416,0.29787158590737356,0.30822980207361195,0.12508086371842203,0.41137972842711,0.29823663221510843,0.29038363935778116,0.12677796948371647,0.5139907417717895,0.2387732052240587,0.24723605300415188,1.0,144.0,180.0
2022/23,2023-03-18,Hoffenheim,Hertha,3,1,218,25,0,0.3984574273565416,0.29295894968747027,0.3085836229559882,0.228538659529577,0.34698355299741795,0.2774347029122477,0.3755817440903341,0.2837460632749068,0.49780002634698983,0.2594915030957713,0.24270847055723885,1.0,144.0,180.0
2022/23,2023-03-18,Dortmund,FC Koln,6,1,219,25,0,0.31915172718627577,0.2861866892334872,0.39466158358023673,0.3096560680737459,0.40348309995355275,0.29742582308288984,0.29909107696355697,0.22264394218012185,0.6152174912357528,0.210433869551227,0.1743486392130202,1.0,144.0,180.0
2022/23,2023-03-18,Stuttgart,Wolfsburg,0,1,220,25,2,0.36493659289291663,0.27193114695675835,0.3631322601503251,0.2693896174467618,0.3830163858435304,0.2734697991169651,0.3435138150395044,0.2888378314343131,0.4767937795026729,0.2800651140345213,0.24314110646280584,1.0,144.0,180.0
2022/23,2023-03-18,Bochum,RB Leipzig,1,0,221,25,0,0.10334805136197617,0.09473308218614301,0.8019188664518807,0.7235292926839174,0.10876248719453459,0.1052201526988117,0.7860173601066536,0.7060637973103525,0.16193791891716017,0.22105811153771066,0.6170039695451291,1.0,144.0,180.0
2022/23,2023-03-18,Augsburg,Schalke 04,1,1,222,25,1,0.42972411612687605,0.2825611999424623,0.2877146839306614,0.1337212776651727,0.46710218766061157,0.2715083577402883,0.26138945459910023,0.1432544503464721,0.39462598543660105,0.28449780345429376,0.32087621110910514,1.0,144.0,180.0
2022/23,2023-03-19,Union Berlin,Ein Frankfurt,2,0,223,25,0,0.2982920926810623,0.3179467071903809,0.38376120012855647,0.3198333229590165,0.29601452480767365,0.3477217537140021,0.3562637214783243,0.3112596942616752,0.41094339622641507,0.3196226415094339,0.2694339622641509,1.0,144.0,180.0
2022/23,2023-03-19,Leverkusen,Bayern Munich,2,1,224,25,0,0.20841600941724242,0.2180005954385387,0.5735833951442187,0.4778015626660461,0.19022195011643173,0.20697228922970407,0.6028057606538644,0.5095576375753592,0.21957653097597488,0.22207171882797458,0.5583517501960504,1.0,144.0,180.0
2022/23,2023-03-19,Mainz,Freiburg,1,1,225,25,1,0.5604821981992862,0.22262371410152346,0.21689408769919014,0.18059166988858402,0.4982627383892786,0.23789818897561105,0.2638390726351099,0.15893840635806886,0.47073972116153096,0.286297842109937,0.24296243672853213,1.0,144.0,180.0
2022/23,2023-03-31,Ein Frankfurt,Bochum,1,1,226,26,1,0.7781483589728139,0.14212437270132663,0.07972726832585973,0.30593565294339337,0.7080948861295829,0.18713658879862305,0.10476852507179404,0.2561874058042931,0.6239670629397361,0.2227433908892422,0.1532895461710218,1.0,144.0,180.0
2022/23,2023-04-01,RB Leipzig,Mainz,0,3,227,26,2,0.7751474138076624,0.13769361232158112,0.08715897387075662,0.7170661260586988,0.7204708353890072,0.16915179781493225,0.11037736679606051,0.6552533270774226,0.6388296174330885,0.21528839530234042,0.14588198726457097,1.0,144.0,180.0
2022/23,2023-04-01,Schalke 04,Leverkusen,0,3,228,26,2,0.3583279859846322,0.27042696189164345,0.37124505212372405,0.2618658650093505,0.43332004615747005,0.2813731061273559,0.2853068477151737,0.34927628216236667,0.22215432198845142,0.2579100308045346,0.519935647207014,1.0,144.0,180.0
2022/23,2023-04-01,Freiburg,Hertha,1,1,229,26,1,0.32957949204369685,0.29749094618863103,0.3729295617676724,0.12384954980800461,0.4066976198508194,0.3039490118583706,0.28935336829080976,0.12456416286677939,0.5191092386397833,0.2788358196122265,0.20205494174799019,1.0,144.0,180.0
2022/23,2023-04-01,Wolfsburg,Augsburg,2,2,230,26,1,0.803996697049719,0.11688284356057002,0.07912045938971099,0.32633536798044827,0.7641070446878283,0.14711516923371906,0.08877778607845235,0.2958705355212792,0.6088766072364591,0.2199102870379988,0.17121310572554208,1.0,144.0,180.0
2022/23,2023-04-01,Bayern Munich,Dortmund,4,2,231,26,0,0.6528304317645581,0.20510264896646208,0.14206691926897944,0.07035485932968098,0.7327677237091229,0.1519955288246882,0.11523674746618905,0.04234629872909493,0.6330871215078783,0.1961678404672299,0.17074503802489188,1.0,144.0,180.0
2022/23,2023-04-01,Union Berlin,Stuttgart,3,0,232,26,0,0.4461583282266582,0.3276294838171595,0.22621218795618248,0.17895627568630665,0.4143737553723573,0.3504980396441481,0.23512820498349407,0.19912168558771792,0.4455410645047585,0.3063094818470215,0.2481494536482199,1.0,144.0,180.0
2022/23,2023-04-02,FC Koln,M'gladbach,0,0,233,26,1,0.5403772697708333,0.2504660053148937,0.20915672491427295,0.16787706463092242,0.4840132632005956,0.25670897514433966,0.25927776165506494,0.1507468983214748,0.43563678730066263,0.2756571761450521,0.28870603655428534,1.0,144.0,180.0
2022/23,2023-04-02,Werder Bremen,Hoffenheim,1,2,234,26,2,0.33020599113038435,0.30678746502177223,0.3630065438478431,0.2573983298795345,0.30533028323825395,0.2946739303356572,0.39999578642608863,0.2266158190844,0.448323236925092,0.25993208949380336,0.2917446735811047,1.0,144.0,180.0
2022/23,2023-04-08,Mainz,Werder Bremen,2,2,235,27,1,0.5380415183997243,0.23897789138974854,0.22298059021052716,0.16960450956625792,0.5728158653246063,0.2231578975451521,0.20402623713024184,0.1848723605025515,0.577122109118787,0.24023063162826358,0.18264725925294945,1.0,144.0,180.0
2022/23,2023-04-08,Leverkusen,Ein Frankfurt,3,1,236,27,0,0.46937258617152383,0.26526552817030075,0.2653618856581754,0.17599119133317973,0.5212289021798053,0.25268756601013875,0.22608353181005592,0.14016776373183149,0.514010842177598,0.24662136367106974,0.23936779415133236,1.0,144.0,180.0
2022/23,2023-04-08,Hertha,RB Leipzig,0,1,237,27,2,0.1551401426537892,0.20293561124174703,0.6419242461044637,0.07614335469524736,0.16131846009167272,0.20371810312640076,0.6349634367819267,0.07963766902620559,0.17791381354496844,0.2519296377846064,0.5701565486704251,1.0,144.0,180.0
2022/23,2023-04-08,Dortmund,Union Berlin,2,1,238,27,0,0.5807104084479604,0.2319627489045057,0.18732684264753377,0.10544755378008505,0.6271280688817306,0.22260687418566177,0.15026505693260772,0.08080653217541364,0.5810595168502046,0.23579226770732942,0.18314821544246598,1.0,144.0,180.0
2022/23,2023-04-08,Augsburg,FC Koln,1,3,239,27,2,0.25505660582260703,0.2901910774319389,0.4547523167454542,0.18117445413409916,0.2980383387604047,0.30152768581258943,0.4004339754270058,0.22415313459666297,0.25922769753012515,0.2840954708397011,0.4566768316301737,1.0,144.0,180.0
2022/23,2023-04-08,Freiburg,Bayern Munich,0,1,240,27,2,0.16332949323373003,0.19547748510160468,0.641193021664665,0.07770948553106019,0.18655651807135123,0.22277732100210326,0.5906661609265458,0.10117876312275957,0.15041079608462213,0.19881182618924595,0.6507773777261318,1.0,144.0,180.0
2022/23,2023-04-09,M'gladbach,Wolfsburg,2,0,241,27,0,0.4259151008043648,0.245108077658925,0.32897682153671004,0.21889961029642954,0.38406998895573785,0.24835030752825582,0.3675797035160065,0.25724230847095,0.3834322365880814,0.2686132426647273,0.3479545207471913,1.0,144.0,180.0
2022/23,2023-04-09,Bochum,Stuttgart,2,3,242,27,2,0.27237065397131865,0.2945541638187195,0.43307518220996183,0.19779476108551586,0.32997618246793275,0.28209368511718325,0.3879301324148837,0.24175690190088592,0.30076560018323345,0.29531365576903584,0.4039207440477309,1.0,144.0,180.0
2022/23,2023-04-09,Hoffenheim,Schalke 04,2,0,243,27,0,0.5320335434119374,0.27464426024739497,0.19332219634066805,0.12818303804478334,0.5037201155478584,0.27296136937591087,0.2233185150762305,0.14808244144384183,0.5015288727372195,0.25336303156413936,0.24510809569864106,1.0,144.0,180.0
2022/23,2023-04-14,Schalke 04,Hertha,5,2,244,28,0,0.40539807526638205,0.2852178204503279,0.3093841042832896,0.2246349864400484,0.404550113446699,0.2880312970167637,0.3074185895365372,0.22453337829448652,0.40808297567954216,0.29148783977110154,0.3004291845493562,1.0,144.0,180.0
2022/23,2023-04-15,Ein Frankfurt,M'gladbach,1,1,245,28,1,0.4619394205604692,0.2401497588464372,0.29791082059309365,0.15106944264709624,0.47927276151548304,0.23220762698175684,0.2885196115027603,0.15647297307619037,0.501564580884436,0.24636043645457179,0.2520749826609923,1.0,144.0,180.0
2022/23,2023-04-15,Stuttgart,Dortmund,3,3,246,28,1,0.2868651498813304,0.2588285721259818,0.4543062779926875,0.14434290422000376,0.2923577991110348,0.29499648048028393,0.41264572040868114,0.1278747866363239,0.3331299124309778,0.2604792400391156,0.4063908475299065,1.0,144.0,180.0
2022/23,2023-04-15,RB Leipzig,Augsburg,3,2,247,28,0,0.8815014753873578,0.06177180870551955,0.0567267159071227,0.008629910316490186,0.8806986386218828,0.062494975197846483,0.05680638618027083,0.00872989016876708,0.7927519818799548,0.13816534541336353,0.06908267270668177,1.0,144.0,180.0
2022/23,2023-04-15,FC Koln,Mainz,1,1,248,28,1,0.6083830570185887,0.22521868727097702,0.16639825571043432,0.1989091617853792,0.6399122424544128,0.2143415539295908,0.14574620361599633,0.21536481695575535,0.3486089381414511,0.2977480596284126,0.35364300223013634,1.0,144.0,180.0
2022/23,2023-04-15,Bayern Munich,Hoffenheim,1,1,249,28,1,0.7382805427844129,0.1512288025014775,0.11049065471410957,0.27863317231659995,0.7225545322548608,0.15917115612106242,0.1182743116240769,0.2680369324360949,0.8195358733958374,0.11377086242436331,0.06669326417979918,1.0,144.0,180.0
2022/23,2023-04-16,Wolfsburg,Leverkusen,0,0,250,28,1,0.3156630728520548,0.2540230342198072,0.43031389292813743,0.14240661100468535,0.3016662264008728,0.2738237106826852,0.42451006291644183,0.13560565283413212,0.34215189351794617,0.27106770511394074,0.3867804013681131,1.0,144.0,180.0
2022/23,2023-04-16,Werder Bremen,Freiburg,1,2,251,28,2,0.42892059047877606,0.3086976905449301,0.2623817189762938,0.36402680071851456,0.42792510212377005,0.30071051540510074,0.27136438247112904,0.35701487807965904,0.35036040291979703,0.2954846771612746,0.3541549199189284,1.0,144.0,180.0
2022/23,2023-04-16,Union Berlin,Bochum,1,1,252,28,1,0.48244221193841685,0.27574293887107576,0.24181484919050728,0.1456124545745301,0.5326391262393672,0.2729782048796611,0.19438266888097203,0.16074453038116301,0.5462526613606161,0.2649843533429547,0.18876298529642913,1.0,144.0,180.0
2022/23,2023-04-21,Augsburg,Stuttgart,1,1,253,29,1,0.2729444571829855,0.26100821675128316,0.46604732606573135,0.1458493934199664,0.20691869866683296,0.2516473159929869,0.5414339853401805,0.16798305416966303,0.29224252032899434,0.2667608836790548,0.4409965959919509,1.0,144.0,180.0
2022/23,2023-04-22,Dortmund,Ein Frankfurt,4,0,254,29,0,0.6146007295938807,0.19691146192842257,0.18848780847769672,0.09203012578714698,0.6490581671989555,0.18724146062823022,0.1637003721728142,0.0749789909296371,0.6060620994349893,0.20629175054763907,0.1876461500173717,1.0,144.0,180.0
2022/23,2023-04-22,Mainz,Bayern Munich,3,1,255,29,0,0.31117787583737694,0.2625914594105042,0.42623066475211874,0.3280742491554706,0.3068080289104721,0.2664764355377555,0.42671553555177233,0.3313006285321104,0.1556115533831097,0.20770326741540868,0.6366851792014816,1.0,144.0,180.0
2022/23,2023-04-22,Hoffenheim,FC Koln,1,3,256,29,2,0.2821386819475929,0.3149446860960361,0.40291663195637095,0.21805539212272432,0.3050078584760534,0.3247333554795261,0.37025878604442036,0.24480189514319756,0.4163311399543118,0.2740555122948551,0.3096133477508331,1.0,144.0,180.0
2022/23,2023-04-22,Hertha,Werder Bremen,2,4,257,29,2,0.419912972218269,0.30617848824762917,0.27390853953410194,0.35176785659934084,0.386502877137857,0.303282321008632,0.31021480185351086,0.3125940468089163,0.41273745006176205,0.2786859705545231,0.30857657938371486,1.0,144.0,180.0
2022/23,2023-04-22,Bochum,Wolfsburg,1,5,258,29,2,0.37213764841607955,0.23373467298630235,0.39412767859761816,0.2527838496050804,0.38277876631134444,0.24408635611396512,0.37313487757469027,0.26973973282606656,0.29911529680365295,0.26093036529680363,0.4399543378995434,1.0,144.0,180.0
2022/23,2023-04-23,M'gladbach,Union Berlin,0,1,259,29,2,0.47796133284160236,0.2838891071991991,0.23814955995919873,0.40443156434104194,0.472845766776077,0.2858019427833414,0.2413522904405814,0.3995647331889039,0.3850579074391706,0.2910854419331826,0.32385665062764685,1.0,144.0,180.0
2022/23,2023-04-23,Leverkusen,RB Leipzig,2,0,260,29,0,0.31491091298156576,0.28550624261916197,0.39958284439927244,0.31450675334498246,0.3332350053364069,0.2832317458981546,0.3835332487654385,0.2958366555086566,0.35989103497852853,0.27888991884376,0.36121904617771133,1.0,144.0,180.0
2022/23,2023-04-23,Freiburg,Schalke 04,4,0,261,29,0,0.5146105862083099,0.26373905578659806,0.2216503580050922,0.142365882112413,0.5122355824622069,0.2585047786702413,0.22925963886755174,0.14523705451483143,0.5301915731857689,0.2694896394093411,0.2003187874048901,1.0,144.0,180.0
2022/23,2023-04-28,Bochum,Dortmund,1,1,262,30,1,0.2122496969189577,0.17938633000880055,0.6083639730722418,0.20757832878721635,0.20731870981603862,0.17439169359662887,0.6182895965873327,0.2126315363439566,0.15532506497670112,0.18897382179950678,0.655701113223792,1.0,144.0,180.0
2022/23,2023-04-29,Schalke 04,Werder Bremen,2,1,263,30,0,0.48477815932280527,0.263408612138953,0.25181322853824123,0.16443172358882466,0.45617454707574084,0.27153396748411207,0.2722914854401469,0.18494438814573871,0.39150699119627136,0.25893319523562924,0.3495598135680994,1.0,144.0,180.0
2022/23,2023-04-29,Stuttgart,M'gladbach,2,1,264,30,0,0.4809310920631039,0.2790193251028091,0.2400495828340871,0.16352816670281053,0.4296616071514275,0.2872670042796069,0.2830713885689655,0.20270764669172753,0.5676811120286875,0.22974388533866885,0.20257500263264366,1.0,144.0,180.0
2022/23,2023-04-29,Union Berlin,Leverkusen,0,0,265,30,1,0.2946148974830563,0.3100559242020589,0.3953291783148846,0.12154154852303686,0.2910684569597331,0.3155893282788529,0.39334221476141396,0.1197194722751672,0.331939432128468,0.2985430868228599,0.36951748104867194,1.0,144.0,180.0
2022/23,2023-04-29,FC Koln,Freiburg,0,1,266,30,2,0.5568272877195984,0.26684155267357423,0.17633115960682733,0.4942434934918991,0.461513214666841,0.31375615998603673,0.22473062534712226,0.4070185252933929,0.3868069708439047,0.2869858170777357,0.32620721207835957,1.0,144.0,180.0
2022/23,2023-04-29,Ein Frankfurt,Augsburg,1,1,267,30,1,0.6912985831600963,0.19260150017235345,0.11609991666755017,0.24568646086468435,0.7145681991830769,0.17988966971581255,0.10554213110111074,0.26087342636055477,0.6068309260832626,0.2180798640611725,0.17508920985556503,1.0,144.0,180.0
2022/23,2023-04-29,RB Leipzig,Hoffenheim,1,0,268,30,0,0.7266496093601427,0.17617727161050728,0.09717311902935026,0.042081525562427426,0.7288316109622925,0.172149696625686,0.09901869241202134,0.04166849833014599,0.695400538245399,0.17962375526633922,0.1249757064882617,1.0,144.0,180.0
2022/23,2023-04-30,Wolfsburg,Mainz,3,0,269,30,0,0.489569293631602,0.23408604763268923,0.27634465873570885,0.1684529382077485,0.5306234500220417,0.22983484458717326,0.23954170539078481,0.1388472871453682,0.429091925199865,0.26228675320527944,0.30862132159485556,1.0,144.0,180.0
2022/23,2023-04-30,Bayern Munich,Hertha,2,0,270,30,0,0.740860003701526,0.1594720858870727,0.09966791041140155,0.038543615023674094,0.7749974463605528,0.13636657444394013,0.08863597919550723,0.029241242976109347,0.8939096267190569,0.06895874263261297,0.03713163064833006,1.0,144.0,180.0
2022/23,2023-05-05,Leverkusen,FC Koln,1,2,271,31,2,0.5499177576541203,0.2742554025221706,0.17582683982370886,0.490835469069155,0.5524117750385392,0.28483898879512826,0.16274923616633263,0.5030738053706446,0.6019675618186653,0.22573783568199945,0.17229460249933531,1.0,144.0,180.0
2022/23,2023-05-05,Mainz,Schalke 04,2,3,272,31,2,0.6721553544682023,0.1744853615925229,0.15335928393927473,0.5842966613160461,0.6595948594098747,0.18437324555575993,0.15603189503436557,0.5736737703796084,0.5777472549496419,0.23302932240212285,0.18922342264823538,1.0,144.0,180.0
2022/23,2023-05-06,Werder Bremen,Bayern Munich,1,2,273,31,2,0.16456311498492718,0.1941454953271602,0.6412913896879127,0.07787644296278565,0.15783179361639488,0.1772405211978154,0.6649276851857898,0.06859216561556075,0.09257283804865708,0.1389256651347135,0.7685014968166294,1.0,144.0,180.0
2022/23,2023-05-06,M'gladbach,Bochum,2,0,274,31,0,0.4769880845231821,0.2422462375111373,0.28076567796568064,0.1761854148271292,0.4734647614001045,0.23405527396655354,0.2924799646333424,0.1813919435996849,0.45970209662843725,0.2556567795870943,0.28464112378446843,1.0,144.0,180.0
2022/23,2023-05-06,Hoffenheim,Ein Frankfurt,3,1,275,31,0,0.32689730997242694,0.37483251680631435,0.2982701732212587,0.2710161637778974,0.32460843639133885,0.3714346164019564,0.3039569472067049,0.27427179497448584,0.38673424416042307,0.250881445570736,0.3623843102688408,1.0,144.0,180.0
2022/23,2023-05-06,Freiburg,RB Leipzig,0,1,276,31,2,0.16339364171721846,0.20160217144321294,0.6350041868395687,0.07995971288912965,0.1617113230725301,0.19458358313375995,0.6437050937937101,0.07654830609920862,0.23242338719748248,0.24709658083368718,0.5204800319688304,1.0,144.0,180.0
2022/23,2023-05-06,Augsburg,Union Berlin,1,0,277,31,0,0.402411060902615,0.3313981048473619,0.2661908342500227,0.2139850501851307,0.4101218784740413,0.3247505668273778,0.2651275546985811,0.20912440925772138,0.2921401074022591,0.2983748048163317,0.4094850877814092,1.0,144.0,180.0
2022/23,2023-05-06,Hertha,Stuttgart,2,1,278,31,0,0.27033557840718053,0.27320336901668707,0.4564610525761324,0.3703834303286472,0.27831368764598385,0.2817417525538549,0.439944559800161,0.35719117456844807,0.3239576980857045,0.2717645133941188,0.4042777885201767,1.0,144.0,180.0
2022/23,2023-05-07,Dortmund,Wolfsburg,6,0,279,31,0,0.558979751474507,0.22517144144592327,0.2158488070795696,0.12054478356358049,0.5578601222325047,0.22794366614353526,0.21419621162396,0.12068384429315598,0.6306112398081096,0.18820568009776914,0.18118308009412104,1.0,144.0,180.0
2022/23,2023-05-12,FC Koln,Hertha,5,2,280,32,0,0.5993471283111719,0.24832500485800424,0.15232786683082392,0.0918632513028669,0.6899948031917347,0.18941217845776034,0.12059301835050489,0.055322949061508274,0.5051137121678041,0.24932722876825109,0.245559059063945,1.0,144.0,180.0
2022/23,2023-05-13,Bochum,Augsburg,3,2,281,32,0,0.4936699830137794,0.27896887086804445,0.2273611461181764,0.15403158843271855,0.4521102887325988,0.28113858344001524,0.2667511278273861,0.18566964995492938,0.4220056319943972,0.263186308125538,0.31480805988006483,1.0,144.0,180.0
2022/23,2023-05-13,Bayern Munich,Schalke 04,6,0,282,32,0,0.8538936303250007,0.08210978397315433,0.06399658570184481,0.01272131712055058,0.8487021025238951,0.08538230135591643,0.06591559612018837,0.013617959796284877,0.8462946020128088,0.10155535224153704,0.05215004574565416,1.0,144.0,180.0
2022/23,2023-05-13,Dortmund,M'gladbach,5,2,283,32,0,0.7858158043553559,0.12710762606262743,0.0870765695820168,0.026728599317057473,0.790392255439264,0.12032825105706542,0.08927949350367075,0.025953117270055368,0.7873232752436345,0.12511726467050005,0.08755946008586533,1.0,144.0,180.0
2022/23,2023-05-13,Ein Frankfurt,Mainz,3,0,284,32,0,0.5329265699140529,0.22855944513025586,0.23851398495569137,0.13752325505584795,0.5354155884754542,0.24369526032293676,0.22088915120160904,0.1323153462750879,0.46351759424055505,0.25942231401792337,0.2770600917415216,1.0,144.0,180.0
2022/23,2023-05-13,Union Berlin,Freiburg,4,2,285,32,0,0.41525934778117296,0.3381432906430427,0.24659736157578463,0.20136594454671866,0.4407397409824166,0.3567170784141963,0.20254318060338702,0.17689788866267542,0.4612868047982552,0.3075245365321701,0.2311886586695747,1.0,144.0,180.0
2022/23,2023-05-13,Wolfsburg,Hoffenheim,2,1,286,32,0,0.5639000984844105,0.24663912920677458,0.18946077230881506,0.11303925417287976,0.5750976063233453,0.24348980958625935,0.18141258409039518,0.10672628490925282,0.4934167411379208,0.24182305630026807,0.26476020256181115,1.0,144.0,180.0
2022/23,2023-05-14,Stuttgart,Leverkusen,1,1,287,32,1,0.3440282678151804,0.2750586369371852,0.3809130952476344,0.13172511759352346,0.3516119772358033,0.2834968745090772,0.36489114825511987,0.12838826630530537,0.3693612278402844,0.2734098474236742,0.35722892473604145,1.0,144.0,180.0
2022/23,2023-05-14,RB Leipzig,Werder Bremen,2,1,288,32,0,0.8115972058537505,0.11790215596359051,0.07050063818265873,0.020232976413138124,0.8107429973624938,0.11947948436083863,0.06977751827666782,0.020343557552091857,0.7819460726846426,0.13373974208675266,0.08431418522860493,1.0,144.0,180.0
2022/23,2023-05-19,Freiburg,Wolfsburg,2,0,289,33,0,0.34280048146400016,0.2782491989440034,0.37895031959199643,0.2877572759414131,0.364299666164232,0.29689456415220233,0.3388057696835655,0.25945213200489015,0.43841630113413876,0.25795998721085206,0.3036237116550091,1.0,144.0,180.0
2022/23,2023-05-20,Bayern Munich,RB Leipzig,1,3,290,33,2,0.35387186572505624,0.31911253186639027,0.32701560240855326,0.28906664837662716,0.37808519436513066,0.316974843801887,0.3049399618329827,0.31302843542742737,0.626565423679727,0.2057772759874472,0.16765730033282575,1.0,144.0,180.0
2022/23,2023-05-20,Werder Bremen,FC Koln,1,1,291,33,1,0.30116999345458717,0.23717394580730028,0.4616560607381127,0.151914841686834,0.2917803900160962,0.2503776287994367,0.45784198118446745,0.1473775378664316,0.3879544221378187,0.2539338035811177,0.35811177428106344,1.0,144.0,180.0
2022/23,2023-05-20,Hertha,Bochum,1,1,292,33,1,0.5212761322892636,0.23871333326461253,0.24001053444612425,0.16466693136978394,0.5088192011080102,0.22316963815695112,0.2680111607350387,0.1653634808473682,0.39948783610755434,0.25096030729833546,0.3495518565941101,1.0,144.0,180.0
2022/23,2023-05-20,Hoffenheim,Union Berlin,4,2,293,33,0,0.3010773265799609,0.43814265158268,0.2607800218373592,0.27824956160505404,0.3442247994673843,0.42623446134570897,0.22954073918690612,0.24136503229003187,0.423537886500373,0.2844106156441459,0.29205149785548107,1.0,144.0,180.0
2022/23,2023-05-20,Schalke 04,Ein Frankfurt,2,2,294,33,1,0.20374747737576276,0.23737798530441606,0.5588745373198213,0.17692689150071558,0.17698030858800043,0.2239076019824336,0.5991120894295658,0.19512866266428205,0.3458063179852869,0.2595840530234382,0.39460962899127494,1.0,144.0,180.0
2022/23,2023-05-21,Leverkusen,M'gladbach,2,2,295,33,1,0.7190551906293916,0.1703306913867966,0.11061411798381182,0.2646379251342037,0.7510358105410796,0.14773706723516117,0.10122712222375906,0.28715085949440017,0.7469887401186065,0.15790005888685993,0.09511120099453364,1.0,144.0,180.0
2022/23,2023-05-21,Mainz,Stuttgart,1,4,296,33,2,0.5796438678510126,0.20703120688612653,0.21332492526286106,0.4774223433749828,0.5720866882395784,0.2177379977550508,0.2101753140053712,0.4755531067337216,0.35210659148268575,0.28128055296605353,0.3666128555512608,1.0,144.0,180.0
2022/23,2023-05-21,Augsburg,Dortmund,0,3,297,33,2,0.19766317672891912,0.1880639023311886,0.6142729209398922,0.09392805547740525,0.18416003823407115,0.2112260381021758,0.604613923663753,0.09512253452147351,0.15190101507598056,0.172983362364106,0.6751156225599135,1.0,144.0,180.0
2022/23,2023-05-27,Union Berlin,Werder Bremen,1,0,298,34,0,0.36795786773861805,0.3541683879125159,0.277873744348866,0.23834553737598657,0.30618155506117944,0.3450870637012651,0.3487313812375556,0.30149880539858814,0.6472201446023435,0.2056843679880329,0.14709548740962353,1.0,144.0,180.0
2022/23,2023-05-27,Bochum,Leverkusen,3,0,299,34,0,0.18062809372094424,0.18532182875340816,0.6340500775256478,0.5366949108048267,0.20094127273107965,0.19303126850869912,0.6060274587602211,0.5028820651979993,0.21788486041932117,0.21128228889146297,0.5708328506892157,1.0,144.0,180.0
2022/23,2023-05-27,Dortmund,Mainz,2,2,300,34,1,0.7180182981629863,0.14607340269746064,0.1359082991395531,0.2670106711359387,0.7782977600074146,0.12268708336361286,0.09901515662897231,0.3077757022374095,0.794226909774115,0.12502668773218326,0.08074640249370169,1.0,144.0,180.0
2022/23,2023-05-27,Ein Frankfurt,Freiburg,2,1,301,34,0,0.3403072368584049,0.3382587777250357,0.32143398541655943,0.26925717436108276,0.3837311196011111,0.3265496376146378,0.28971924278425126,0.23186228629378997,0.4887607453681456,0.2456084147578621,0.26563083987399216,1.0,144.0,180.0
2022/23,2023-05-27,FC Koln,Bayern Munich,1,2,302,34,2,0.28220940994378,0.24776657792888743,0.47002401212733264,0.1802583493912131,0.296242730367913,0.2305956325418041,0.47316163709028275,0.18265920796461338,0.16451457079184406,0.17963539531315326,0.6558500338950026,1.0,144.0,180.0
2022/23,2023-05-27,M'gladbach,Augsburg,2,0,303,34,0,0.4498585774753196,0.27646919790768654,0.2736722246169943,0.1887760356521466,0.503205851840388,0.2661308242913423,0.23066332386826977,0.15000499731179637,0.4902623694226254,0.24451372580775774,0.265223904769617,1.0,144.0,180.0
2022/23,2023-05-27,RB Leipzig,Schalke 04,4,2,304,34,0,0.8695776517765261,0.07162665499763089,0.05879569322584291,0.01023346122901626,0.8475259531974308,0.08994091181736502,0.06253313498520413,0.013579363959714902,0.6183952285674719,0.19417610177018618,0.18742866966234187,1.0,144.0,180.0
2022/23,2023-05-27,Stuttgart,Hoffenheim,1,1,305,34,1,0.47160976753577,0.2966073173635455,0.23178291510068488,0.13806954628385706,0.4687884910314522,0.29442809372231776,0.2367834152462297,0.13791451752960726,0.6296362961379667,0.2012239709306904,0.16913973293134288,1.0,144.0,180.0
2022/23,2023-05-27,Wolfsburg,Hertha,1,2,306,34,2,0.5814968921035081,0.2181132286111806,0.20038987928531157,0.4887574903376989,0.46861683808788,0.2517140294587278,0.2796691324533927,0.3692391498399655,0.7762765240453531,0.13731567615067586,0.08640779980397108,1.0,144.0,180.0
2023/24,2023-08-18,Werder Bremen,Bayern Munich,0,4,1,1,2,0.31884594764719754,0.2606191881678804,0.42053486418492236,0.2187212909781131,0.27178095817827325,0.2503879817597875,0.4778310600619392,0.17326264553216916,0.10971670145305168,0.15325507504553249,0.7370282235014158,1.0,144.0,180.0
2023/24,2023-08-19,Dortmund,FC Koln,1,0,2,1,0,0.5221353500252107,0.2451663500991477,0.23269829987564142,0.14125156123027094,0.5532289869977357,0.22932476530414606,0.2174462476981183,0.12344360434853041,0.6466761600662447,0.1960805224297248,0.1572433175040305,1.0,144.0,180.0
2023/24,2023-08-19,Wolfsburg,Heidenheim,2,0,3,1,0,0.5453514894611341,0.23855329694160646,0.2160952135972592,0.12670120473742724,0.5316085797274972,0.24217036602590386,0.22622105424659897,0.1352832439846675,0.5891810901575821,0.22127615603203307,0.1895427538103849,1.0,144.0,180.0
2023/24,2023-08-19,Stuttgart,Bochum,5,0,4,1,0,0.48758469825055806,0.2534149463975061,0.2590003553519357,0.16482531276970033,0.5251248002258543,0.24169338060867127,0.2331818191654745,0.1399401080749274,0.5489408412546418,0.23488334072914957,0.21617581801620847,1.0,144.0,180.0
2023/24,2023-08-19,Hoffenheim,Freiburg,1,2,5,1,2,0.42114618076747545,0.2634128569737798,0.3154409622587448,0.32299259086413223,0.4280560780674081,0.2691459996214351,0.302797922311157,0.3346613715520454,0.44426952141057935,0.2613350125944584,0.29439546599496225,1.0,144.0,180.0
2023/24,2023-08-19,Augsburg,M'gladbach,4,4,6,1,1,0.4118308324062443,0.26413895751378463,0.3240302100799712,0.13730010578244511,0.3606053357771711,0.2720502709683751,0.367344393254454,0.13248905572322456,0.3348297626455685,0.26282336207662904,0.40234687527780244,1.0,144.0,180.0
2023/24,2023-08-19,Leverkusen,RB Leipzig,3,2,7,1,0,0.4369178223833451,0.2617872442919682,0.301294933324687,0.20392008779832074,0.3753000024787416,0.27269885717449227,0.35200114034676644,0.257077444854242,0.39754944836862655,0.2716040308413757,0.3308465207899979,1.0,144.0,180.0
2023/24,2023-08-20,Union Berlin,Mainz,4,1,8,1,0,0.46265656999786614,0.2560623769974384,0.2812810530046953,0.18392849627294416,0.4532713732970169,0.26843192085925505,0.27829670584372856,0.18818062387000017,0.43676767676767686,0.2973737373737374,0.2658585858585859,1.0,144.0,180.0
2023/24,2023-08-20,Ein Frankfurt,Darmstadt,1,0,9,1,0,0.5693515122638048,0.22936834025540215,0.20128014748079295,0.11298590887968085,0.5641833362732358,0.23466157751070058,0.20115508621606376,0.11519976654625971,0.6515636924608924,0.20310248990935764,0.14533381762974995,1.0,144.0,180.0
2023/24,2023-08-25,RB Leipzig,Stuttgart,5,1,10,2,0,0.47014388730152873,0.25179623753413866,0.2780598751643326,0.17903239717016967,0.5175402634036873,0.24635263174435568,0.2361071048519569,0.1442569811990782,0.5929632360686822,0.22458653744864637,0.18245022648267145,1.0,144.0,180.0
2023/24,2023-08-26,M'gladbach,Leverkusen,0,3,11,2,2,0.40680211936199456,0.25542005870043355,0.33777782193757167,0.30201308871757837,0.38252171137075824,0.2593195180512342,0.3581587705780072,0.2791415117279742,0.22373910435280536,0.23854536861144687,0.5377155270357477,1.0,144.0,180.0
2023/24,2023-08-26,Heidenheim,Hoffenheim,2,3,12,2,2,0.3828677139315375,0.2541119476732203,0.36302033839524206,0.27616538783463673,0.3917769930768949,0.25748402744305665,0.35073897948004845,0.2875145425354912,0.3109201739986278,0.2557176365785059,0.43336218942286625,1.0,144.0,180.0
2023/24,2023-08-26,Freiburg,Werder Bremen,1,0,13,2,0,0.5061409400121845,0.2372173547134613,0.2566417052743547,0.15488086800908865,0.45870669478798487,0.2592614117340353,0.2820318934779799,0.18627021560306117,0.5522657982861214,0.2384171860893744,0.20931701562450428,1.0,144.0,180.0
2023/24,2023-08-26,FC Koln,Wolfsburg,1,2,14,2,2,0.38739702632325934,0.25656441618036885,0.3560385574963718,0.28238139771772885,0.43474090967588175,0.2604050098444039,0.304854080479714,0.33611375398575827,0.44687302680160823,0.2710947170901723,0.2820322561082196,1.0,144.0,180.0
2023/24,2023-08-26,Bochum,Dortmund,1,1,15,2,1,0.30373038765839455,0.25559017013495006,0.4406794422066551,0.14322525958534377,0.24700329146182506,0.21897158759256297,0.5340251209456118,0.1730967278969754,0.17330134096659977,0.20634608818480737,0.6203525708485927,1.0,144.0,180.0
2023/24,2023-08-26,Darmstadt,Union Berlin,1,4,16,2,2,0.34777774196022176,0.2602110074563316,0.3920112505834468,0.24529983861002752,0.34505143224092355,0.2732052061223498,0.3817433616367265,0.25065088088588394,0.23455370650529503,0.2859909228441755,0.4794553706505295,1.0,144.0,180.0
2023/24,2023-08-27,Mainz,Ein Frankfurt,1,1,17,2,1,0.4018577193656061,0.25562599420507237,0.3425162864293215,0.13940351654152963,0.3890168485832881,0.26186645533030695,0.3491166960864053,0.13660828798398006,0.34702333800499663,0.28782523916885017,0.36515142282615315,1.0,144.0,180.0
2023/24,2023-08-27,Bayern Munich,Augsburg,3,1,18,2,0,0.5811573437375078,0.21805858856984509,0.200784067692647,0.10787170627211284,0.6697818082225312,0.18506366776269403,0.14515452401477494,0.0650569450113685,0.8735282947208508,0.08431447018609951,0.04215723509304976,1.0,144.0,180.0
2023/24,2023-09-01,Dortmund,Heidenheim,2,2,19,3,1,0.597809891104376,0.20859154842259295,0.19359856047303106,0.19742853425972787,0.6579920209927752,0.18180488998683972,0.16020308902038505,0.22930926471091506,0.7642778535175178,0.1376784218393259,0.09804372464315633,1.0,144.0,180.0
2023/24,2023-09-02,Augsburg,Bochum,2,2,20,3,1,0.5634780666774891,0.22847252703455706,0.20804940628795376,0.1803960435416855,0.4862101499564908,0.25370056686917425,0.26008928317433533,0.1520233725714263,0.43448091033543634,0.2656472957213945,0.29987179394316926,1.0,144.0,180.0
2023/24,2023-09-02,Leverkusen,Darmstadt,5,1,21,3,0,0.5843054765979133,0.21587617574923484,0.1998183476528518,0.10636465442260198,0.563644476768378,0.22632789812164233,0.21002762510997952,0.11725887298204035,0.7923164221764533,0.1333277289731411,0.07435584885040562,1.0,144.0,180.0
2023/24,2023-09-02,Hoffenheim,Wolfsburg,3,1,22,3,0,0.3867379087514122,0.25124873609608445,0.36201335515250316,0.25357203093568187,0.36893066885233233,0.25089482403290897,0.38017450711475853,0.2713905782875571,0.37956326905953963,0.24666832095053207,0.37376840998992833,1.0,144.0,180.0
2023/24,2023-09-02,Werder Bremen,Mainz,4,0,23,3,0,0.38721971382667947,0.2658756936406517,0.34690459253266853,0.24792123772145674,0.387290765519875,0.269698550282835,0.3430106841972902,0.24653446774535692,0.3585657370517928,0.2788844621513944,0.3625498007968127,1.0,144.0,180.0
2023/24,2023-09-02,Stuttgart,Freiburg,5,0,24,3,0,0.410169455143963,0.2541211548692687,0.33570938998676836,0.2303004330852288,0.4504543238435904,0.25682001735092513,0.2927256588054844,0.19384438075265517,0.41645299066692665,0.26886388133716416,0.3146831279959092,1.0,144.0,180.0
2023/24,2023-09-02,M'gladbach,Bayern Munich,1,2,25,3,2,0.2948960798198996,0.23127402961153976,0.47382989056856073,0.18190934097611874,0.2607143264662663,0.22109081998367397,0.5181948535500597,0.15005407958520364,0.09684857801691009,0.13451191391237513,0.7686395080707149,1.0,144.0,180.0
2023/24,2023-09-03,Ein Frankfurt,FC Koln,1,1,26,3,1,0.4771678233147168,0.26480404831403237,0.2580281283712511,0.14713382331883776,0.4422796942626021,0.27069797193663125,0.2870223338007669,0.13899657402872978,0.4511700070136661,0.28133302161484347,0.26749697137149053,1.0,144.0,180.0
2023/24,2023-09-03,Union Berlin,RB Leipzig,0,3,27,3,2,0.35220879818143247,0.24753332592929206,0.40025787588927536,0.24187082647462638,0.2964553713992108,0.25977818305390304,0.44376644554688605,0.19864077716549458,0.27303599336061624,0.25927555868196456,0.46768844795741926,1.0,144.0,180.0
2023/24,2023-09-15,Bayern Munich,Leverkusen,2,2,28,4,1,0.4597232548917499,0.24607279803851037,0.2942039470697398,0.14895071677983954,0.48758452225480264,0.24432281253333824,0.2680926652118592,0.15480617174142108,0.6049231088584822,0.2140497154422322,0.18102717569928561,1.0,144.0,180.0
2023/24,2023-09-16,Freiburg,Dortmund,2,4,29,4,2,0.4536079671000356,0.2554932123188429,0.2908988205811214,0.35429233523493575,0.359346815734318,0.2517049856401074,0.3889481986255746,0.25125721897066206,0.3293849425278957,0.25609248149420166,0.4145225759779027,1.0,144.0,180.0
2023/24,2023-09-16,FC Koln,Hoffenheim,1,3,30,4,2,0.4382452046141912,0.2433739860021796,0.3183808093836292,0.3283317901919254,0.5003223338583555,0.24227025360505625,0.25740741253658855,0.40088309435653824,0.4403241263892663,0.25324340947776464,0.3064324641329691,1.0,144.0,180.0
2023/24,2023-09-16,Mainz,Stuttgart,1,3,31,4,2,0.36070099553130386,0.2500170259914721,0.38928197847722434,0.25154085499498374,0.37467389367573123,0.2525609720295457,0.3727651342947231,0.2669020516792249,0.3615934627170582,0.27681307456588355,0.3615934627170582,1.0,144.0,180.0
2023/24,2023-09-16,Wolfsburg,Union Berlin,2,1,32,4,0,0.5477957358808814,0.24559271943428762,0.2066115446848312,0.12358851344228276,0.501567929904808,0.2626979048447977,0.23573416525039392,0.15200256258283928,0.4385971239887614,0.2919616676104292,0.2694412084008093,1.0,144.0,180.0
2023/24,2023-09-16,Bochum,Ein Frankfurt,1,1,33,4,1,0.3031040765091251,0.2555323252024653,0.44136359828840943,0.1433369535452711,0.30781991300603095,0.2565669725636444,0.43561311443032463,0.14225594215336376,0.3341085947785572,0.2879229949121096,0.37796841030933304,1.0,144.0,180.0
2023/24,2023-09-16,RB Leipzig,Augsburg,3,0,34,4,0,0.5237034799910588,0.24982487385164537,0.22647164615729584,0.13907389074291154,0.6297574819553319,0.21255262328596514,0.15768989475870313,0.08097281253853361,0.7621657349012695,0.14340007160364626,0.09443419349508414,1.0,144.0,180.0
2023/24,2023-09-17,Heidenheim,Werder Bremen,4,2,35,4,0,0.3742255149931328,0.2597636302812708,0.3660108547255964,0.26277882593128576,0.40570817835877737,0.2671116401300589,0.32718018151116357,0.23011482022166038,0.4199331521206601,0.25282797013982894,0.32723887773951105,1.0,144.0,180.0
2023/24,2023-09-17,Darmstadt,M'gladbach,3,3,36,4,1,0.34014514880473,0.2627957131035693,0.39705913809170074,0.1366773406987581,0.34763509716724783,0.2565026243958335,0.3958622784369185,0.1387785521358752,0.403971793010474,0.2635072073006326,0.33252099968889354,1.0,144.0,180.0
2023/24,2023-09-22,Stuttgart,Darmstadt,3,1,37,5,0,0.6349121600239223,0.19583547312223942,0.16925236685383827,0.08096774729201221,0.6440505885288211,0.19527599955768565,0.16067341191349302,0.07625796441130082,0.6981125417247458,0.1848336062852184,0.11705385199003579,1.0,144.0,180.0
2023/24,2023-09-23,Augsburg,Mainz,2,1,38,5,0,0.4325794239082469,0.2515550303823052,0.31586554570944775,0.21086857656931215,0.4152606821481967,0.250211296252817,0.334528021598986,0.226914533538362,0.3822393822393822,0.277992277992278,0.3397683397683397,1.0,144.0,180.0
2023/24,2023-09-23,Dortmund,Wolfsburg,1,0,39,5,0,0.5268504911163597,0.23938019692773843,0.23376931195590198,0.1392592744845829,0.5824544808247386,0.213855161268908,0.20369035790635345,0.10791701124367845,0.561148958841066,0.22090479375191288,0.21794624740702118,1.0,144.0,180.0
2023/24,2023-09-23,Bayern Munich,Bochum,7,0,40,5,0,0.6071718500164757,0.2129795820987768,0.1798485678847476,0.09332973139483647,0.6749450718548098,0.17909007134659496,0.1459648567985953,0.0634832228658546,0.8620689655172414,0.09195402298850576,0.04597701149425288,1.0,144.0,180.0
2023/24,2023-09-23,Werder Bremen,FC Koln,2,1,41,5,0,0.4319920693939483,0.27184727413998133,0.29616065646607026,0.2051720718348915,0.3861865662567367,0.27934850286253743,0.3344649308807262,0.2443168607163721,0.41100407175734693,0.26509205712262485,0.3239038711200284,1.0,144.0,180.0
2023/24,2023-09-23,M'gladbach,RB Leipzig,0,1,42,5,2,0.3951348666689935,0.25780966092677293,0.34705547240423373,0.2912340594873909,0.3419240596693227,0.25938293145210106,0.39869300887857606,0.23924108007612524,0.19853275540754015,0.2142408415496752,0.5872264030427845,1.0,144.0,180.0
2023/24,2023-09-23,Union Berlin,Hoffenheim,0,2,43,5,2,0.4380289078873405,0.2560597295664459,0.30591136254621376,0.336814180393715,0.4328677667143511,0.2717449162547291,0.2953873170309202,0.3419267682305777,0.45883804041873555,0.2627217812075018,0.2784401783737626,1.0,144.0,180.0
2023/24,2023-09-24,Leverkusen,Heidenheim,4,1,44,5,0,0.6793423056057797,0.16536928459337644,0.15528840980084382,0.06346792359634601,0.6267040576972092,0.18935996016318962,0.183935982139601,0.08659115303269412,0.8065736219605871,0.12236262280059475,0.07106375523881825,1.0,144.0,180.0
2023/24,2023-09-24,Ein Frankfurt,Freiburg,0,0,45,5,1,0.3805229336705138,0.2523430384270153,0.367134027902471,0.13979254874655325,0.4130991640032899,0.2601295643658245,0.3267712716308856,0.1387151916317415,0.4404410757170365,0.2777781784351765,0.28178074584778706,1.0,144.0,180.0
2023/24,2023-09-29,Hoffenheim,Dortmund,1,3,46,6,2,0.2552126595030131,0.2134375858776574,0.5313497546193293,0.14238327703298176,0.2364286803469986,0.20929359281770327,0.554277726835298,0.12728343284286617,0.31351940370214354,0.23570615410859946,0.4507744421892571,1.0,144.0,180.0
2023/24,2023-09-30,RB Leipzig,Bayern Munich,2,2,47,6,1,0.32802105817056504,0.2672696249946259,0.40470931683480893,0.13569372286811754,0.34856178480949196,0.25909352166402017,0.3923446935264877,0.1377148381839861,0.23756226608743353,0.21697353635985597,0.5454641975527106,1.0,144.0,180.0
2023/24,2023-09-30,Mainz,Leverkusen,0,3,48,6,2,0.22833294517532796,0.21827281432346207,0.5533942405012102,0.1257963191349652,0.27581422339705863,0.23566086421099802,0.48852491239194334,0.16884012553589592,0.18579199144624525,0.2157982201532716,0.5984097884004832,1.0,144.0,180.0
2023/24,2023-09-30,Wolfsburg,Ein Frankfurt,2,0,49,6,0,0.4275512231499067,0.2756669408119617,0.2967818360381319,0.20788853015966616,0.40137715018126713,0.2753913461569282,0.323231503661805,0.23141396064228628,0.4426209483297526,0.2794835130882152,0.27789553858203214,1.0,144.0,180.0
2023/24,2023-09-30,FC Koln,Stuttgart,0,2,50,6,2,0.3660608205159689,0.2473268081549117,0.38661237132911946,0.25512245366165526,0.4007567008164501,0.2532023692274209,0.346040929956129,0.2941341992709651,0.342412830822781,0.2735476804897077,0.38403948868751125,1.0,144.0,180.0
2023/24,2023-09-30,Bochum,M'gladbach,1,3,51,6,2,0.2991757897975153,0.2536211913453058,0.44720301885717895,0.19754532778079176,0.32889269686391753,0.26045903957348876,0.4106482635625937,0.22775293764610344,0.4305228774756289,0.2592273028832036,0.3102498196411675,1.0,144.0,180.0
2023/24,2023-09-30,Heidenheim,Union Berlin,1,0,52,6,0,0.36140438132121305,0.26345536521162805,0.37514025346715846,0.2742672869835734,0.33335490574970633,0.2580710071508537,0.40857408709944,0.3056742331685619,0.30621712081668817,0.2758556499141837,0.41792722926912806,1.0,144.0,180.0
2023/24,2023-10-01,Darmstadt,Werder Bremen,4,2,53,6,0,0.2913769669408507,0.24564991111788398,0.46297312194126533,0.35824535731099505,0.31917348319974315,0.2441624595752027,0.43666405722505414,0.3271001224253079,0.32047606952356766,0.2545447948038754,0.42497913567255713,1.0,144.0,180.0
2023/24,2023-10-01,Freiburg,Augsburg,2,0,54,6,0,0.5357863278417289,0.21957239588687602,0.24464127627139517,0.13767184373718194,0.5221989894301382,0.2383600887741467,0.23944092179571524,0.14281288036598144,0.5067737208489517,0.26363161219365944,0.22959466695738887,1.0,144.0,180.0
2023/24,2023-10-06,M'gladbach,Mainz,2,2,55,7,1,0.4564565239629453,0.25295307701620334,0.2905903990208514,0.14639766913571622,0.4641395052400891,0.25057497434638265,0.2852855204135282,0.1484066542410662,0.43307228308595946,0.25621553920792367,0.3107121777061169,1.0,144.0,180.0
2023/24,2023-10-07,Stuttgart,Wolfsburg,3,1,56,7,0,0.5786167973023872,0.22941235669502444,0.19197084600258835,0.10720830461532344,0.5299609978390547,0.242788489880947,0.22725051227999807,0.1362897294419894,0.5193524446848389,0.24594020050566676,0.23470735480949445,1.0,144.0,180.0
2023/24,2023-10-07,RB Leipzig,Bochum,0,0,57,7,1,0.6797332604997136,0.1821049189933004,0.13816182050698572,0.24056299703768805,0.7176009178263508,0.16342397076196208,0.11897511141168712,0.26455307720032223,0.7706398996235884,0.14579673776662483,0.08356336260978671,1.0,144.0,180.0
2023/24,2023-10-07,Dortmund,Union Berlin,4,2,58,7,0,0.5272000619687058,0.2233620606362474,0.24943787739504708,0.14287951804087098,0.5801667539334412,0.21086090169856178,0.2089723443679971,0.10996469760672024,0.5700811183271305,0.23377427154421898,0.19614461012865053,1.0,144.0,180.0
2023/24,2023-10-07,Werder Bremen,Hoffenheim,2,3,59,7,2,0.4756979937830744,0.22114194577195476,0.303160060444971,0.35593724132414933,0.45324107468994734,0.23248690988175974,0.3142720154282928,0.33782517030543685,0.36346426881211547,0.25461429247515377,0.38192143871273065,1.0,144.0,180.0
2023/24,2023-10-07,Augsburg,Darmstadt,1,2,60,7,2,0.5014442947485863,0.23692158697225427,0.2616341182791593,0.39831527801265076,0.4879154058530434,0.24740121551537841,0.2646833786315783,0.3893759884647055,0.529008430835364,0.2609774925454463,0.2100140766191896,1.0,144.0,180.0
2023/24,2023-10-08,Bayern Munich,Freiburg,3,0,61,7,0,0.6714550163651426,0.19164034675204772,0.13690463688280946,0.06334234293582136,0.7008625641105546,0.17241556612504894,0.12672186976439653,0.05277081891354836,0.8656873032528857,0.08814270724029381,0.046169989506820566,1.0,144.0,180.0
2023/24,2023-10-08,Ein Frankfurt,Heidenheim,2,0,62,7,0,0.5256257373034374,0.23164223960320038,0.2427320230933622,0.14197488807195194,0.5148025012761607,0.23795611836938005,0.24724138035445953,0.14827245646372425,0.5346031058925382,0.25085222661111417,0.21454466749634762,1.0,144.0,180.0
2023/24,2023-10-08,Leverkusen,FC Koln,3,0,63,7,0,0.5739692812056137,0.22770880051209594,0.1983219182822902,0.11041687831381441,0.5141388571286034,0.25054319236975797,0.23531795050163867,0.14571779399029564,0.7586047576072923,0.15462007798365193,0.08677516440905578,1.0,144.0,180.0
2023/24,2023-10-20,Dortmund,Werder Bremen,1,0,64,8,0,0.4850045989764231,0.2446495685232341,0.27034583250034266,0.16915356611286908,0.5448733406627487,0.22579287920689636,0.22933378013035519,0.12986712937418216,0.7554783967820177,0.14283786527045533,0.10168373794752708,1.0,144.0,180.0
2023/24,2023-10-21,Mainz,Bayern Munich,1,3,65,8,2,0.2122776634209512,0.22304034114186835,0.5646819954371805,0.11728178574200682,0.18203169244201858,0.200702585934397,0.6172657216235842,0.08981053244881063,0.1103927434140693,0.1553282511499244,0.7342790054360063,1.0,144.0,180.0
2023/24,2023-10-21,Wolfsburg,Leverkusen,1,2,66,8,2,0.2624398316069122,0.22932678368681705,0.508233384706271,0.15535453456565756,0.3089819147025945,0.24610404645462813,0.44491403884277736,0.20179512394355953,0.218112120107086,0.23721683135734167,0.5446710485355722,1.0,144.0,180.0
2023/24,2023-10-21,Union Berlin,Stuttgart,0,3,67,8,2,0.35196824102408786,0.2557403022919817,0.3922914566839306,0.24659565815446483,0.3455174756826944,0.26962433188602336,0.38485819243128244,0.2488908847105254,0.3747681597117754,0.2902507112307815,0.33498112905744304,1.0,144.0,180.0
2023/24,2023-10-21,Hoffenheim,Ein Frankfurt,1,3,68,8,2,0.441652010890064,0.2547587903134517,0.3035891987964841,0.34002225137807995,0.4425566224153169,0.2736438004730934,0.2837995771115896,0.3543997048945955,0.47440148971704293,0.2677444024156461,0.25785410786731094,1.0,144.0,180.0
2023/24,2023-10-21,Darmstadt,RB Leipzig,1,3,69,8,2,0.2882912913590364,0.24278620020206473,0.46892250843889866,0.18257758535814617,0.2793943220403084,0.24439617063059024,0.47620950732910144,0.17620883370039314,0.14759820685011607,0.19072003591024805,0.661681757239636,1.0,144.0,180.0
2023/24,2023-10-21,Freiburg,Bochum,2,1,70,8,0,0.5899427436783786,0.22066614114581548,0.1893911151758061,0.10200797398477562,0.5718353170738548,0.22664264941701745,0.20152203350912798,0.1119680628474502,0.5389265778277418,0.24947752068240733,0.21159590148985086,1.0,144.0,180.0
2023/24,2023-10-22,FC Koln,M'gladbach,3,1,71,8,0,0.34010244242420956,0.2426863261130497,0.4172112314627411,0.3047649990765751,0.42801149953030565,0.25825109530039286,0.31373740516930126,0.21280100203596797,0.38897504267401517,0.26708913011948726,0.3439358272064976,1.0,144.0,180.0
2023/24,2023-10-22,Heidenheim,Augsburg,2,5,72,8,2,0.37757347689183574,0.2505471614306523,0.3718793616775118,0.2685486333694197,0.4089810665671417,0.2613254058485765,0.329693527584282,0.30828813988640036,0.3991264908449521,0.2716277507139258,0.32924575844112214,1.0,144.0,180.0
2023/24,2023-10-27,Bochum,Mainz,2,2,73,9,1,0.4045905607262523,0.24489148165771632,0.3505179576160318,0.1432781802200486,0.3793572427895511,0.24539551835228243,0.37524723885816624,0.1423612039637841,0.3416110064508762,0.27658845692755607,0.3818005366215676,1.0,144.0,180.0
2023/24,2023-10-28,M'gladbach,Heidenheim,2,1,74,9,0,0.6248166887161054,0.19768005581365952,0.1775032554702349,0.08613496138423964,0.5696230265182244,0.21439178572913534,0.21598518775264017,0.11593697031593814,0.574644908659327,0.21872745397168075,0.20662763736899206,1.0,144.0,180.0
2023/24,2023-10-28,Augsburg,Wolfsburg,3,2,75,9,0,0.4171126881413633,0.24803720319522146,0.3348501086634151,0.22594110679884424,0.4264419712978293,0.2545086810211554,0.3190493476810158,0.21538064927220066,0.38331795422572496,0.268957901583796,0.3477241441904791,1.0,144.0,180.0
2023/24,2023-10-28,Bayern Munich,Darmstadt,8,0,76,9,0,0.7946505262859404,0.11993363908147399,0.0854158346325858,0.024732135580311242,0.8167617373482204,0.10366878916413015,0.07956947348764956,0.019953781005372147,0.914776224089205,0.055063191228538186,0.03016058468225684,1.0,144.0,180.0
2023/24,2023-10-28,Werder Bremen,Union Berlin,2,0,77,9,0,0.40567666766252003,0.26673206565402924,0.3275912666834507,0.23026813068399718,0.3779251687945785,0.2954174575955254,0.3266573736098963,0.24684106767648445,0.3400628272251309,0.27551832460732983,0.3844188481675393,1.0,144.0,180.0
2023/24,2023-10-28,Stuttgart,Hoffenheim,2,3,78,9,2,0.5060793738802659,0.23763271942550346,0.25628790669423057,0.40461200519814566,0.4866117372528083,0.24110021333945664,0.2722880494077352,0.38317783293349755,0.5807145314053102,0.21891495879161804,0.2003705098030719,1.0,144.0,180.0
2023/24,2023-10-28,RB Leipzig,FC Koln,6,0,79,9,0,0.5098280991874082,0.26593269388950747,0.22423920692308427,0.14527585713386154,0.47156513187418087,0.2765217594704068,0.2519131086554126,0.17135181208179268,0.6498360737274472,0.2025639644045808,0.147599961867972,1.0,144.0,180.0
2023/24,2023-10-29,Ein Frankfurt,Dortmund,3,3,80,9,1,0.29125938607142304,0.2784069218323252,0.43033369209625166,0.13500955826394692,0.3215909850049953,0.2784179436425169,0.39999107135248796,0.1317068093990971,0.3099966192876986,0.26307821204415505,0.42692516866814645,1.0,144.0,180.0
2023/24,2023-10-29,Leverkusen,Freiburg,2,1,81,9,0,0.6288791210444862,0.20897920038075066,0.1621416785747633,0.08201031536387747,0.625421627122857,0.21005269594127612,0.16452567693586703,0.08368882789924663,0.778432341823669,0.1447160575504272,0.07685160062590363,1.0,144.0,180.0
2023/24,2023-11-03,Darmstadt,Bochum,1,2,82,10,2,0.3584027469641837,0.2288674761666026,0.41272977686921375,0.23666942200377813,0.3976140360812864,0.22776544642192417,0.37462051749678954,0.274598209412417,0.41052517059884974,0.2756217151046102,0.31385311429654,1.0,144.0,180.0
2023/24,2023-11-04,Hoffenheim,Leverkusen,2,3,83,10,2,0.38990256115783656,0.23863929000285217,0.3714581488393113,0.2735444329289729,0.3418080672967318,0.23902466392927704,0.4191672687739914,0.2270997082662961,0.17488107867629446,0.1930324081995825,0.6320865131241231,1.0,144.0,180.0
2023/24,2023-11-04,Freiburg,M'gladbach,3,3,84,10,1,0.4851111382652951,0.2530426131093919,0.26184624862531314,0.15194813719409977,0.43708374380579595,0.26345611115189044,0.299460145042314,0.1403592887840271,0.4796243501593158,0.2528928391749119,0.26748281066577223,1.0,144.0,180.0
2023/24,2023-11-04,FC Koln,Augsburg,1,1,85,10,1,0.36833758529807237,0.24175168534787808,0.38991072935404913,0.14385147680431082,0.5129990132491397,0.234098073082496,0.2529029136683643,0.16356393566826957,0.47407325340248513,0.2498329484511811,0.27609379814633367,1.0,144.0,180.0
2023/24,2023-11-04,Mainz,RB Leipzig,2,0,86,10,0,0.2910391229326979,0.23731550689874237,0.4716453701685595,0.362537440206738,0.3053750372172314,0.24817963628289952,0.44644532649986896,0.34090863423726864,0.21282917907223145,0.2407498387029945,0.5464209822247741,1.0,144.0,180.0
2023/24,2023-11-04,Dortmund,Bayern Munich,0,4,87,10,2,0.2860329790521694,0.24159222796179897,0.47237479298603163,0.1801016120909959,0.32070332595909146,0.23159437907607952,0.4477022949648287,0.20394168913417,0.24854874547951267,0.21453103638518642,0.5369202181353009,1.0,144.0,180.0
2023/24,2023-11-04,Union Berlin,Ein Frankfurt,0,3,88,10,2,0.4285071381138449,0.27664747204263107,0.2948453898435242,0.3404306958197247,0.37129463181974687,0.285849508256791,0.3428558599234621,0.2848490622275469,0.3832582871017811,0.2986122850424921,0.31812942785572684,1.0,144.0,180.0
2023/24,2023-11-05,Wolfsburg,Werder Bremen,2,2,89,10,1,0.46275290927731705,0.2707566097355246,0.2664904809871585,0.14257871575069392,0.3919503733997145,0.2792222424166568,0.32882738418362883,0.13087627189861167,0.5541192353986862,0.224990408804571,0.22089035579674282,1.0,144.0,180.0
2023/24,2023-11-05,Heidenheim,Stuttgart,2,0,90,10,0,0.22106355657667384,0.22437560226386052,0.5545608411594657,0.45713985472023727,0.22262246715886785,0.21329281262870317,0.5640847202124288,0.4612537000716498,0.1831776921569908,0.22843335727812972,0.5883889505648796,1.0,144.0,180.0
2023/24,2023-11-10,M'gladbach,Wolfsburg,4,0,91,11,0,0.4368255404494897,0.2477265154711759,0.3154479440793346,0.20833643865694415,0.455486607355633,0.247585915806497,0.2969274768378699,0.19233038063519123,0.41195869003540647,0.24928782268809213,0.33875348727650145,1.0,144.0,180.0
2023/24,2023-11-11,Bayern Munich,Heidenheim,4,2,92,11,0,0.8252844709575784,0.09735602068959302,0.07735950835282855,0.018255004810582308,0.8238092762173509,0.09890718538197035,0.07728353840067859,0.018507958227391465,0.8688693266262718,0.08037041271293015,0.05076026066079799,1.0,144.0,180.0
2023/24,2023-11-11,Stuttgart,Dortmund,2,1,93,11,0,0.48826594928511885,0.23375572444261564,0.27797832627226515,0.1695718442690953,0.482470595660869,0.2219691922047704,0.2955602121343609,0.17759626167626197,0.39105323015855314,0.25357357893093685,0.35537319091051,1.0,144.0,180.0
2023/24,2023-11-11,Augsburg,Hoffenheim,1,1,94,11,1,0.4615475981487103,0.23955799118392615,0.29889441066736366,0.151182027042517,0.4221426008139417,0.25192793359950805,0.3259294655865507,0.14221719597974658,0.400417904696982,0.2520765565838514,0.34750553871916656,1.0,144.0,180.0
2023/24,2023-11-11,Bochum,FC Koln,1,1,95,11,1,0.4290657719798331,0.23170107704661974,0.33923315097354717,0.14958828370204577,0.39898103181016376,0.22789536428773535,0.3731236039021007,0.1492035437665974,0.37604309107231465,0.269792688608669,0.35416422031901634,1.0,144.0,180.0
2023/24,2023-11-11,Darmstadt,Mainz,0,0,96,11,1,0.4624766373937762,0.243108776751743,0.29441458585448066,0.15028229424945988,0.37922519958493595,0.25407100668030663,0.36670379373475775,0.13914171216984902,0.2968578464825089,0.2797970507076521,0.42334510280983884,1.0,144.0,180.0
2023/24,2023-11-12,Leverkusen,Union Berlin,4,0,97,11,0,0.6094381495710476,0.23057397606976138,0.1599878743591911,0.08906733947622986,0.6455239742174377,0.21636210682725782,0.13811391895530462,0.0723643537318961,0.7183175080460296,0.17441162515506115,0.10727086679890929,1.0,144.0,180.0
2023/24,2023-11-12,Werder Bremen,Ein Frankfurt,2,2,98,11,1,0.3813707470423923,0.2510279030643607,0.367601349893247,0.1402871995715049,0.37450757134597634,0.2621684301004308,0.3633239985535932,0.13613012446021636,0.35524091050252465,0.2731852635695472,0.37157382592792815,1.0,144.0,180.0
2023/24,2023-11-12,RB Leipzig,Freiburg,3,1,99,11,0,0.5469254594650417,0.23406712663079024,0.21900741390416834,0.12662039331297759,0.619492568596285,0.20825307903522974,0.17225435236848524,0.0872287336316696,0.6582540513542626,0.19667346656316384,0.14507248208257362,1.0,144.0,180.0
2023/24,2023-11-24,FC Koln,Bayern Munich,0,1,100,12,2,0.17382158757628036,0.15557614831648875,0.6706022641072308,0.06935840635941048,0.18408954356861024,0.16513317609812275,0.6507772803332671,0.07792273399136442,0.09574759945130316,0.13827160493827162,0.7659807956104253,1.0,144.0,180.0
2023/24,2023-11-25,Dortmund,M'gladbach,4,2,101,12,0,0.46692341467648535,0.23747286583876084,0.2956037194847539,0.1857761023966997,0.5904810769316907,0.19870964922197012,0.21080927384633946,0.10607314914532431,0.6405230780793062,0.1845782152480443,0.1748987066726496,1.0,144.0,180.0
2023/24,2023-11-25,Wolfsburg,RB Leipzig,2,1,102,12,0,0.38990636041091253,0.2695131201110326,0.3405805194780546,0.24410466965750055,0.3580273457061311,0.2618132806216839,0.3801593736721847,0.27832501912597163,0.25969863732526505,0.24221269416371358,0.4980886685110213,1.0,144.0,180.0
2023/24,2023-11-25,Ein Frankfurt,Stuttgart,1,2,103,12,2,0.32283200507456294,0.24176050127554563,0.4354074936498911,0.21149260086358002,0.37110334709328796,0.2493422880751792,0.3795543648315326,0.261335240211722,0.3359060684484957,0.27578651642504337,0.38830741512646105,1.0,144.0,180.0
2023/24,2023-11-25,Werder Bremen,Leverkusen,0,3,104,12,2,0.15976369006909358,0.16409331388160156,0.6761429960493051,0.06520389783620699,0.18412158657030142,0.18959861285908958,0.626279800570609,0.0867837730513544,0.1598516333735532,0.18769272020378067,0.6524556464226662,1.0,144.0,180.0
2023/24,2023-11-25,Freiburg,Darmstadt,1,1,105,12,1,0.689366889508396,0.1680597814899928,0.14257332900161138,0.24777693124654135,0.6298846691881952,0.20222915447482107,0.16788617633698374,0.21247023234168744,0.6329537323979542,0.21283938693821314,0.15420688066383276,1.0,144.0,180.0
2023/24,2023-11-25,Union Berlin,Augsburg,1,1,106,12,1,0.35676748781898193,0.29261287960054183,0.3506196325804756,0.12510858355776777,0.3966002414632525,0.2936736713680313,0.30972608716871614,0.12661100030077668,0.4879614007445301,0.27048556754362535,0.24155303171184456,1.0,144.0,180.0
2023/24,2023-11-26,Heidenheim,Bochum,0,0,107,12,1,0.25078276799106974,0.23294812665912312,0.5162691053498069,0.1647128929299765,0.2904271052469752,0.2366440439057972,0.47292885084722797,0.15400480071290842,0.4039645874224552,0.2704318488022548,0.32560356377529004,1.0,144.0,180.0
2023/24,2023-11-26,Hoffenheim,Mainz,1,1,108,12,1,0.4933349721735791,0.2668275734327144,0.23983745439370655,0.15045069964977964,0.4667283175313849,0.2759012705329562,0.2573704119356587,0.142037425662804,0.5218266783176931,0.24144219444549983,0.23673112723680714,1.0,144.0,180.0
2023/24,2023-12-01,Darmstadt,FC Koln,0,1,109,13,2,0.39391528793678304,0.24802016869682247,0.35806454336639415,0.2836251922768572,0.3475281418100117,0.2578923290462246,0.3945795291437643,0.24365487794085322,0.34774907976404995,0.28893098615410673,0.3633199340818432,1.0,144.0,180.0
2023/24,2023-12-02,RB Leipzig,Heidenheim,2,1,110,13,0,0.6942844198479882,0.17717961950172328,0.12853596065028858,0.05499175456398685,0.7350832075067232,0.1580034112607081,0.10691338123256883,0.040805689015753224,0.8035596664238316,0.12410187898437554,0.07233845459179279,1.0,144.0,180.0
2023/24,2023-12-02,Stuttgart,Werder Bremen,2,0,111,13,0,0.7199943579474803,0.16212060586652463,0.11788503618599498,0.046150020668908553,0.6941148947104876,0.17931442989447208,0.1265706753950401,0.05479291675396637,0.7139925616257176,0.16887476240190885,0.11713267597237348,1.0,144.0,180.0
2023/24,2023-12-02,Bochum,Wolfsburg,3,1,112,13,0,0.5177349826866038,0.24005965680806354,0.2422053605053328,0.14562149179090428,0.5271325311167855,0.2213908721233756,0.25147659675983897,0.14342206092296422,0.3698877726871507,0.27636501197931995,0.35374721533352954,1.0,144.0,180.0
2023/24,2023-12-02,M'gladbach,Hoffenheim,2,1,113,13,0,0.46473550063091895,0.22962027359724566,0.30564422577183514,0.18996323851624883,0.47760690705399017,0.23052352035343782,0.29186957259257124,0.17904119548153458,0.450686955701575,0.23013801993271918,0.31917502436570566,1.0,144.0,180.0
2023/24,2023-12-03,Leverkusen,Dortmund,1,1,114,13,1,0.6772060105162985,0.17508967883591306,0.14770431064778816,0.24021227203166967,0.652819914653851,0.1828586779340881,0.16432140741206086,0.22658768295127094,0.5891630661746359,0.2136525404809119,0.1971843933444522,1.0,144.0,180.0
2023/24,2023-12-03,Augsburg,Ein Frankfurt,2,1,115,13,0,0.43375379495011124,0.249295557019377,0.3169506480305116,0.21054623901018102,0.3948100599632011,0.25755518638424646,0.34763475365255264,0.24355239273440746,0.3730326195994328,0.28890656888858146,0.3380608115119859,1.0,144.0,180.0
2023/24,2023-12-03,Mainz,Freiburg,0,1,116,13,2,0.5044338161220377,0.27249571179685217,0.2230704720811105,0.4290364830998554,0.515056556708661,0.2671822649866013,0.2177611783047379,0.43859041538788723,0.43059627823370805,0.2780421682309086,0.29136155353538334,1.0,144.0,180.0
2023/24,2023-12-08,Hoffenheim,Bochum,3,1,117,14,0,0.5371351806003251,0.22669196599084723,0.23617285340882782,0.13501072886258064,0.5571116495127019,0.2231190302506698,0.21976932023662846,0.12222432255731476,0.5419124584402157,0.2401047773782144,0.21798276418156992,1.0,144.0,180.0
2023/24,2023-12-09,Dortmund,RB Leipzig,2,3,118,14,2,0.4729812445475174,0.23408743952095307,0.29293131593152966,0.36182869084201846,0.47041739902498086,0.2271086677526119,0.3024739332224074,0.35391757156982345,0.36156641696951713,0.24938811837128233,0.3890454646592004,1.0,144.0,180.0
2023/24,2023-12-09,Werder Bremen,Augsburg,2,0,119,14,0,0.38684154985161334,0.2556859771431728,0.3574724730052143,0.2518749269724175,0.4151109103613061,0.26317751342609125,0.3217115762126027,0.22279679272378866,0.44004530225095556,0.2607238922183946,0.2992308055306498,1.0,144.0,180.0
2023/24,2023-12-09,Wolfsburg,Freiburg,0,1,120,14,2,0.466616017398368,0.2648080619447973,0.2685759206568347,0.37635584576785547,0.4895967032554407,0.2486637174724223,0.2617395792721373,0.3923666903259386,0.4382148021559091,0.2748126725384515,0.2869725253056396,1.0,144.0,180.0
2023/24,2023-12-09,Heidenheim,Darmstadt,3,2,121,14,0,0.5126719468244655,0.2386375578112081,0.24869049536432633,0.1496677969482053,0.5146187997792876,0.23606847442162546,0.24931272579908695,0.148875872386535,0.5338366136424912,0.24534915071447833,0.2208142356430305,1.0,144.0,180.0
2023/24,2023-12-09,Ein Frankfurt,Bayern Munich,5,1,122,14,0,0.2540159628787588,0.22228405869895893,0.5236999784222823,0.4153769255196021,0.2453379347056587,0.21759442520123706,0.5370676400931044,0.42897824141474844,0.1081932435472984,0.1582237793706406,0.733582977082061,1.0,144.0,180.0
2023/24,2023-12-09,Union Berlin,M'gladbach,3,1,123,14,0,0.38300532988676245,0.29179486294828316,0.3251998071649544,0.24321866876413323,0.40491959736,0.27442266960816536,0.32065773303183476,0.22847103367964997,0.4652852945724447,0.2747023349311891,0.2600123704963661,1.0,144.0,180.0
2023/24,2023-12-10,FC Koln,Mainz,0,0,124,14,1,0.2691187649461795,0.24032142696678102,0.4905598080870394,0.156536917478275,0.29892000001595886,0.24725180026639249,0.45382819971764865,0.14765660063425143,0.3502806459646367,0.28225512921208407,0.36746422482327923,1.0,144.0,180.0
2023/24,2023-12-10,Stuttgart,Leverkusen,1,1,125,14,1,0.48254373330396866,0.24515871375129566,0.27229755294473595,0.15349720594531138,0.48879638582568874,0.2560028052648394,0.25520080890947167,0.1520246798321522,0.33084336720035523,0.26217776268707393,0.40697887011257083,1.0,144.0,180.0
2023/24,2023-12-15,M'gladbach,Werder Bremen,2,2,126,15,1,0.4303198962781616,0.27928592129424185,0.2903941824275965,0.13475199716032,0.4852225213060443,0.27140245266936763,0.2433750260245878,0.14733614923753177,0.4497945768282662,0.24847986852917012,0.3017255546425637,1.0,144.0,180.0
2023/24,2023-12-16,RB Leipzig,Hoffenheim,3,1,127,15,0,0.6186589337285873,0.21220160711636965,0.16913945915504344,0.08701458273413923,0.6571448245571196,0.19817434076399035,0.1446808346788901,0.06924110762567429,0.728879988714973,0.15891973524441214,0.11220027604061504,1.0,144.0,180.0
2023/24,2023-12-16,Darmstadt,Wolfsburg,0,1,128,15,2,0.35662239879181645,0.2721439722568202,0.37123362895136397,0.2612633423408506,0.36508102679281823,0.26803106847262503,0.36688790473455674,0.26705754064774906,0.2447685478757134,0.25174381737476226,0.5034876347495245,1.0,144.0,180.0
2023/24,2023-12-16,Mainz,Heidenheim,0,1,129,15,2,0.6526523855629869,0.2061344522049117,0.14121316223210126,0.5817349845522223,0.6334898584659648,0.21602176359876937,0.15048837793526604,0.5614896984011419,0.5642368376406719,0.23441723689419217,0.201345925465136,1.0,144.0,180.0
2023/24,2023-12-16,Augsburg,Dortmund,1,1,130,15,1,0.36356401428425117,0.23584874154667107,0.4005872441690777,0.14632446633672774,0.2791727650017761,0.21083319602952283,0.5099940389687012,0.16901567625117292,0.3088470583182106,0.24692087149806174,0.4442320701837276,1.0,144.0,180.0
2023/24,2023-12-16,Bochum,Union Berlin,3,0,131,15,0,0.5060014767561727,0.2305465274655558,0.2634519957782717,0.15672074752331827,0.5078241764696305,0.23299522652529941,0.25918059700507007,0.15470581156585095,0.3718185171523423,0.2899299151604574,0.3382515676872003,1.0,144.0,180.0
2023/24,2023-12-17,Freiburg,FC Koln,2,0,132,15,0,0.5087262416852105,0.24250064394598583,0.24877311436880323,0.15161898402074603,0.5333018419309267,0.22823273072383035,0.23846542734524304,0.13733646539200756,0.5062114227674037,0.26127041175091803,0.23251816548167828,1.0,144.0,180.0
2023/24,2023-12-17,Leverkusen,Ein Frankfurt,3,0,133,15,0,0.6212145463121512,0.21066908817876823,0.16811636550908077,0.08587076613874609,0.7057394794043674,0.16936282171768205,0.12489769887795087,0.051094344583109956,0.7632478678468616,0.14956334579891847,0.08718878635421992,1.0,144.0,180.0
2023/24,2023-12-17,Bayern Munich,Stuttgart,3,0,134,15,0,0.5465043184613987,0.208208818370783,0.24528686316781795,0.13291198920843428,0.5689226958650464,0.20618249798570104,0.22489480614925256,0.11820265798658461,0.6228225692978754,0.19316167159138878,0.18401575911073592,1.0,144.0,180.0
2023/24,2023-12-19,Hoffenheim,Darmstadt,3,3,135,16,1,0.6005124446314137,0.2215257876915386,0.1779617676770476,0.1961427934559681,0.5793448956499803,0.23064288631783483,0.19001221803218482,0.18587257555859854,0.6435967717374753,0.20502766357037713,0.1513755646921476,1.0,144.0,180.0
2023/24,2023-12-19,Werder Bremen,RB Leipzig,1,1,136,16,1,0.23892511814561582,0.21062717460254132,0.5504477072518431,0.1800389452498535,0.2827365671242646,0.24062959094261088,0.47663384193312447,0.15355989283257226,0.17407744356627053,0.2054926934667652,0.6204298629669641,1.0,144.0,180.0
2023/24,2023-12-19,Dortmund,Mainz,1,1,137,16,1,0.5471776205853958,0.2542116382463584,0.19861074116824592,0.16942478748844764,0.5503370163360662,0.24552312115535488,0.20413986250857885,0.17227195750735255,0.6214328379185552,0.20938125856435122,0.16918590351709356,1.0,144.0,180.0
2023/24,2023-12-20,Wolfsburg,Bayern Munich,1,2,138,16,2,0.1853584686729046,0.20497735031988357,0.6096641810072119,0.09335990674876742,0.19072378121366657,0.20877388930540022,0.6005023294809332,0.0979869747352997,0.1504060455673359,0.19067223099481165,0.6589217234378525,1.0,144.0,180.0
2023/24,2023-12-20,Stuttgart,Augsburg,3,0,139,16,0,0.7624827708816424,0.13043597202435328,0.10708125709400411,0.03394041487444731,0.7340895802557501,0.14810665954439228,0.11780376019985758,0.04229303862289436,0.7027640450507464,0.17794759305872107,0.11928836189053257,1.0,144.0,180.0
2023/24,2023-12-20,Leverkusen,Bochum,4,0,140,16,0,0.6259786251906717,0.21086426316282922,0.16315711164649918,0.0832561159475441,0.6446491036548727,0.20189125296086907,0.15345964338425835,0.07491206084045454,0.7902552907860445,0.1299341583233119,0.07981055089064358,1.0,144.0,180.0
2023/24,2023-12-20,Ein Frankfurt,M'gladbach,2,1,141,16,0,0.45540149686009607,0.2409687590210993,0.3036297441188046,0.19438927556793734,0.5291801828247702,0.22097367991559144,0.2498461372596381,0.14204719627423942,0.5589366259580947,0.23100943685678976,0.2100539371851155,1.0,144.0,180.0
2023/24,2023-12-20,Union Berlin,FC Koln,2,0,142,16,0,0.6221291334094895,0.20609703032849616,0.17177383626201412,0.08614632132101635,0.5451235798111422,0.23916694934335722,0.2157094708455006,0.12672156672813806,0.5447853633384107,0.2531900644235955,0.20202457223799394,1.0,144.0,180.0
2023/24,2023-12-20,Heidenheim,Freiburg,3,2,143,16,0,0.3723747004577551,0.30229437858597225,0.3253309209562728,0.2498768623778746,0.4037718583707568,0.2841771479568116,0.3120509936724317,0.22643190976130642,0.29673050533977685,0.2837539526281248,0.41951554203209834,1.0,144.0,180.0
2023/24,2024-01-12,Bayern Munich,Hoffenheim,3,0,144,17,0,0.7519077250460672,0.14301239897262946,0.10507987598130311,0.03629577861403195,0.7752961530280893,0.13035173956085988,0.0943521074110508,0.029697069508441167,0.8556864093152986,0.0934227673938442,0.05089082329085723,1.0,144.0,180.0
2023/24,2024-01-13,Darmstadt,Dortmund,0,3,145,17,2,0.374194158318458,0.25236784108538873,0.37343800059615306,0.2663006036083026,0.38118785325517623,0.25440001183338073,0.3644121349114433,0.2746380568585597,0.2008010594132605,0.21843899030766853,0.5807599502790709,1.0,144.0,180.0
2023/24,2024-01-13,Mainz,Wolfsburg,1,1,146,17,1,0.4599227705313813,0.3316990196714693,0.20837820979714963,0.12747521658576322,0.5044709104335617,0.3031852866887991,0.19234380287763894,0.1457435189895494,0.48384335544618023,0.27241600684784933,0.24374063770597043,1.0,144.0,180.0
2023/24,2024-01-13,RB Leipzig,Ein Frankfurt,0,1,147,17,2,0.6302316061417889,0.192145205520124,0.17762318833808707,0.5367477488696362,0.6988481186697868,0.16502105534325157,0.1361308259869619,0.6173293213891349,0.6822805839312855,0.18922625569969245,0.12849316036902195,1.0,144.0,180.0
2023/24,2024-01-13,FC Koln,Heidenheim,1,1,148,17,1,0.48351188407875745,0.21752161851313795,0.29896649740810455,0.16158235430892998,0.4675212498734463,0.22180069164320979,0.31067805848334396,0.15754848755310474,0.4813420061622733,0.25587127695994527,0.2627867168777816,1.0,144.0,180.0
2023/24,2024-01-13,Augsburg,Leverkusen,0,1,149,17,2,0.27801233411752674,0.2424715080361666,0.47951615784630675,0.17409714393227307,0.2637245115023582,0.25657607673786487,0.4796994117597771,0.1701316600451398,0.16387845681119836,0.201092523045408,0.6350290201433937,1.0,144.0,180.0
2023/24,2024-01-13,Freiburg,Union Berlin,0,0,150,17,1,0.5438475796933194,0.2734607253842765,0.182691694922404,0.16457322266595106,0.5783894892767671,0.2546025975892176,0.16700791313401542,0.18121302217760915,0.44805566248502493,0.29197621249024147,0.2599681250247337,1.0,144.0,180.0
2023/24,2024-01-14,Bochum,Werder Bremen,1,1,151,17,1,0.5390271499794128,0.2533224758245083,0.20765037419607865,0.16683447315935,0.5186240858519138,0.25210827894960025,0.2292676351984858,0.16076729548761962,0.4542144195962284,0.2648552746419425,0.28093030576182915,1.0,144.0,180.0
2023/24,2024-01-14,M'gladbach,Stuttgart,3,1,152,17,0,0.3048907880934741,0.24437344591915638,0.4507357659873697,0.3431697736087661,0.26911372455090565,0.22177498385870734,0.509111291590387,0.3966945274323408,0.2629090522736931,0.24078304292392688,0.49630790480237996,1.0,144.0,180.0
2023/24,2024-01-20,Freiburg,Hoffenheim,3,2,153,18,0,0.535889019326678,0.23229637070914158,0.2318146099641807,0.1345685078871989,0.536411358469432,0.23688673649884182,0.22670190503172646,0.13315409115058563,0.4865793603549976,0.24825477569132529,0.2651658639536772,1.0,144.0,180.0
2023/24,2024-01-20,RB Leipzig,Leverkusen,2,3,154,18,2,0.3858873161908479,0.27031706116288146,0.3437956226462708,0.28975660282758553,0.38130958738741894,0.27664074411722345,0.3420496684953572,0.2891478200803163,0.38926757001444057,0.2581349933782763,0.35259743660728315,1.0,144.0,180.0
2023/24,2024-01-20,FC Koln,Dortmund,0,4,155,18,2,0.21270490541950113,0.1743572717751059,0.612937822805393,0.09753025290207414,0.23507239158928483,0.1863888823577931,0.5785387260529221,0.11644431736229997,0.25363181939303264,0.2323947053290228,0.5139734752779446,1.0,144.0,180.0
2023/24,2024-01-20,Heidenheim,Wolfsburg,1,1,156,18,1,0.365308762365645,0.2651631476563631,0.369528089977992,0.13500075057195104,0.3525553254586099,0.2515874682403707,0.3958572063010196,0.1404990926448371,0.33088629710800166,0.28611932749927205,0.3829943753927263,1.0,144.0,180.0
2023/24,2024-01-20,Bochum,Stuttgart,1,0,157,18,0,0.28863587838572563,0.26450900087173174,0.44685512074254297,0.3528592062269402,0.2719538233991303,0.25368751279081647,0.474358663810053,0.3775336885974019,0.21734828792689398,0.23988811037857186,0.5427636016945341,1.0,144.0,180.0
2023/24,2024-01-20,Darmstadt,Ein Frankfurt,2,2,158,18,1,0.31006115288462005,0.2667461578758073,0.42319268923957293,0.1376149853769806,0.34453907384612537,0.26361959072139995,0.3918413354324748,0.13612340278012547,0.2592970087197348,0.27545716223767863,0.4652458290425865,1.0,144.0,180.0
2023/24,2024-01-21,M'gladbach,Augsburg,1,2,159,18,2,0.5387852881074396,0.2445865846984107,0.21662812719414953,0.45198053889218104,0.5881455710163488,0.23385611923158514,0.177998309752066,0.5108009957383036,0.5358746595342674,0.23428336564179322,0.2298419748239393,1.0,144.0,180.0
2023/24,2024-01-21,Bayern Munich,Werder Bremen,0,1,160,18,2,0.801852363185794,0.11881664238134378,0.07933099443286203,0.7452993150793125,0.8086608789380783,0.1120382314994779,0.07930088956244392,0.7508096345427062,0.8882815169115134,0.07447898872565767,0.037239494362828834,1.0,144.0,180.0
2023/24,2024-01-24,Bayern Munich,Union Berlin,1,0,161,18,0,0.8383056637002594,0.09176149215454542,0.06993284414519527,0.015517830540824888,0.8157057486660639,0.10810302036042484,0.07619123097351113,0.019884737375997465,0.8492376979934646,0.09700711179484464,0.053755190211690694,1.0,144.0,180.0
2023/24,2024-01-26,Ein Frankfurt,Mainz,1,0,162,19,0,0.434183327721932,0.300971328095537,0.264845344182531,0.19514578148149492,0.41365303275869325,0.29425339542213813,0.2920935718191682,0.21456071034557894,0.4320882570774792,0.2893448150072406,0.2785669279152803,1.0,144.0,180.0
2023/24,2024-01-27,Leverkusen,M'gladbach,0,0,163,19,1,0.7078643292576597,0.1788197234139539,0.11331594732838637,0.2569562062771631,0.707963513867643,0.173934336722795,0.11810214940956205,0.2575802273314894,0.7883751029096545,0.12362694415806921,0.08799795293227618,1.0,144.0,180.0
2023/24,2024-01-27,Augsburg,Bayern Munich,2,3,164,19,2,0.16712496975311325,0.1705165524330804,0.6623584778138062,0.07096627650959446,0.13945540166157555,0.1390340387072134,0.7215105596312111,0.04850208872475632,0.12124991572844332,0.14757635003033776,0.7311737342412189,1.0,144.0,180.0
2023/24,2024-01-27,Stuttgart,RB Leipzig,5,2,165,19,0,0.613644442539776,0.20043178172853304,0.1859237757316911,0.09191913358136428,0.5489280402245444,0.22701592258406775,0.22405603719138814,0.12683351034878937,0.3830059586190377,0.25668473216157145,0.360309309219391,1.0,144.0,180.0
2023/24,2024-01-27,Werder Bremen,Freiburg,3,1,166,19,0,0.4218577616691209,0.2607375584412722,0.3174046798896071,0.21749708927903139,0.38462942978307657,0.2680417258088171,0.34732884440810613,0.24965913242348603,0.4042710892556822,0.2783695214589126,0.3173593892854053,1.0,144.0,180.0
2023/24,2024-01-27,Wolfsburg,FC Koln,1,1,167,19,1,0.49147038045335145,0.2714138201501573,0.237115799396491,0.14888351859319954,0.5586415612135032,0.24436432535547448,0.19699411343102227,0.17544353732076734,0.558721019194913,0.24800371770386448,0.1932752631012224,1.0,144.0,180.0
2023/24,2024-01-27,Hoffenheim,Heidenheim,1,1,168,19,1,0.5654515515317522,0.21538364514548514,0.21916480332276278,0.18388433407258553,0.5844609181537129,0.208559975813934,0.20697910603235328,0.1922174575915166,0.5585155404004332,0.22600396285971017,0.21548049673985673,1.0,144.0,180.0
2023/24,2024-01-28,Dortmund,Bochum,3,1,169,19,0,0.5900913249827601,0.19408380637610986,0.21582486864112982,0.10730274788917513,0.6141908047996433,0.18856210509203897,0.19724709010831767,0.0938775748286729,0.7004870898748125,0.1658099801075885,0.133702930017599,1.0,144.0,180.0
2023/24,2024-01-28,Union Berlin,Darmstadt,1,0,170,19,0,0.5325376049666438,0.26712340359952197,0.20033899143383457,0.12932840112952373,0.5545042534320322,0.25443492080823354,0.19106082575973404,0.11748534967507122,0.5607329452363257,0.2628910556257028,0.1763759991379715,1.0,144.0,180.0
2023/24,2024-02-02,Heidenheim,Dortmund,0,0,171,20,1,0.3298180543746213,0.23834832892811306,0.43183361669726567,0.1476301107506508,0.3096092948362488,0.21716145278566193,0.47322925237808966,0.15990192037766227,0.2956378789616546,0.23898000535229572,0.46538211568604965,1.0,144.0,180.0
2023/24,2024-02-03,Mainz,Werder Bremen,0,1,172,20,2,0.5142198048909222,0.2896867900352206,0.19609340507385747,0.4553439105539018,0.5074865550656532,0.30442907511358275,0.18808436982076374,0.458374797050875,0.46912491734105866,0.27666341279088075,0.2542116698680606,1.0,144.0,180.0
2023/24,2024-02-03,FC Koln,Ein Frankfurt,2,0,173,20,0,0.22645746673035913,0.21490458354128347,0.5586379497283573,0.4552222048269581,0.26992751017059635,0.2412510246768017,0.4888214651526021,0.38597613259982055,0.32111248655089836,0.30029964020037714,0.3785878732487245,1.0,144.0,180.0
2023/24,2024-02-03,Freiburg,Stuttgart,1,3,174,20,2,0.24295476531010396,0.24002976253929034,0.5170154721506058,0.146150536064395,0.269957919200748,0.24411859244188386,0.48592348835736826,0.16857596898092733,0.3021213627242528,0.2803546939400847,0.4175239433356627,1.0,144.0,180.0
2023/24,2024-02-03,Bochum,Augsburg,1,1,175,20,1,0.5180888788540832,0.26403687311623036,0.2178742480296864,0.1579426371733911,0.5243756015496257,0.263837845104032,0.21178655334634222,0.15991165783942746,0.397026149376175,0.281946106078733,0.32102774454509203,1.0,144.0,180.0
2023/24,2024-02-03,Bayern Munich,M'gladbach,3,1,176,20,0,0.7314341491855835,0.1567438689416417,0.11182198187277503,0.042315885926813304,0.771672388272995,0.13548475583931402,0.092842855887691,0.03037664708317026,0.850085912865762,0.09604538559632989,0.05386870153790821,1.0,144.0,180.0
2023/24,2024-02-03,Darmstadt,Leverkusen,0,2,177,20,2,0.12310804086849243,0.13090046158800825,0.7459914975434992,0.03983795452333626,0.12348982326010984,0.13156653343627722,0.7449436433036131,0.04015174077002389,0.08848848530790199,0.15622397080417877,0.7552875438879193,1.0,144.0,180.0
2023/24,2024-02-04,Wolfsburg,Hoffenheim,2,2,178,20,1,0.3330473279681954,0.27593158266871565,0.39102108936308905,0.13190900749672577,0.4005640570553359,0.2681110213208414,0.3313249216238226,0.13511388374683134,0.45219997858901617,0.2531848838454127,0.2946151375655712,1.0,144.0,180.0
2023/24,2024-02-04,RB Leipzig,Union Berlin,2,0,179,20,0,0.6894418054310477,0.1653028612151181,0.14525533335383434,0.058772752040830364,0.6743895809454987,0.1738387582461746,0.1517716608083268,0.06452839101068285,0.7162030108094689,0.17938294333817867,0.10441404585235238,1.0,144.0,180.0
2023/24,2024-02-07,Mainz,Union Berlin,1,1,180,20,1,0.484709485684425,0.3005274647129076,0.21476304960266746,0.1405332264935488,0.5539006197371401,0.27482025711598235,0.1712791231468776,0.16807121728557556,0.46524209572280134,0.29287830724718517,0.24187959703001363,1.0,144.0,180.0
2023/24,2024-02-09,Dortmund,Freiburg,3,0,181,21,0,0.6460212079142267,0.18857122810244561,0.1654075639833277,0.07633032373470089,0.7433583357999752,0.14406497825624456,0.11257668594378037,0.0392692270107214,0.6586740097436984,0.19097648803219655,0.15034950222410506,1.0,144.0,180.0
2023/24,2024-02-10,Leverkusen,Bayern Munich,3,0,182,21,0,0.4172889677477352,0.28598508723843946,0.2967259450138257,0.21379921677642386,0.41811125914069386,0.27696687324716623,0.30492186761214024,0.21578592604345204,0.40723983600828223,0.2757232884022081,0.31703687558950966,1.0,144.0,180.0
2023/24,2024-02-10,Werder Bremen,Heidenheim,1,2,183,21,2,0.4702635326888348,0.2893224899827816,0.2404139773283831,0.3990593580075341,0.44535032280221304,0.3001001650565573,0.2545495121412293,0.37701666993445704,0.5223417648000653,0.25634714578578405,0.2213110894141507,1.0,144.0,180.0
2023/24,2024-02-10,Union Berlin,Wolfsburg,1,0,184,21,0,0.43994352881126353,0.2986669723594166,0.2613894988293199,0.19099386050931152,0.42077391933280633,0.32136300636074017,0.25786307430645344,0.2009981088079269,0.417491279809578,0.2929983981796135,0.2895103220108085,1.0,144.0,180.0
2023/24,2024-02-10,M'gladbach,Darmstadt,0,0,185,21,1,0.5375932894756246,0.25714082298122953,0.205265887543146,0.16557031473904904,0.518496322619959,0.27229086490391646,0.20921281247612492,0.15630421873729536,0.588024079669723,0.23492487444432034,0.17705104588595674,1.0,144.0,180.0
2023/24,2024-02-10,Augsburg,RB Leipzig,2,2,186,21,1,0.35257959815648915,0.24054329544683378,0.4068771063966773,0.14493067637296211,0.3160309176299224,0.23766051277120046,0.44630856959887694,0.14953344009770325,0.22058069441753936,0.21909363355629752,0.5603256720261631,1.0,144.0,180.0
2023/24,2024-02-10,Ein Frankfurt,Bochum,1,1,187,21,1,0.5644455900668935,0.23268232720550525,0.20287208272760085,0.17987795304809914,0.5709848602857328,0.22178833685902413,0.20722680285524292,0.1844833292485618,0.5369753457425122,0.25310556661300704,0.20991908764448097,1.0,144.0,180.0
2023/24,2024-02-11,Stuttgart,Mainz,3,1,188,21,0,0.6468055533669338,0.23293135855676197,0.12026308807630422,0.06960476374304338,0.5907590763594698,0.2606401990631004,0.14860072457743,0.09478015446354573,0.658060416347953,0.20758558198100666,0.13435400167104042,1.0,144.0,180.0
2023/24,2024-02-11,Hoffenheim,FC Koln,1,1,189,21,1,0.7859236676260538,0.12198831155071903,0.09208802082322691,0.3130781074569635,0.742362686184012,0.14618050392161183,0.11145680989437617,0.2817624891550865,0.5551555112132911,0.23988201101808876,0.20496247776862012,1.0,144.0,180.0
2023/24,2024-02-16,FC Koln,Werder Bremen,0,1,190,22,2,0.29330976231581757,0.26526824811529953,0.4414219895688833,0.1990200052034733,0.3286081012118256,0.27168864084934713,0.3997032579388276,0.23416973135564972,0.39408898894208977,0.2888426714204634,0.31706833963744685,1.0,144.0,180.0
2023/24,2024-02-17,Hoffenheim,Union Berlin,0,1,191,22,2,0.5743371041567348,0.21478731782370947,0.2108755780195559,0.4762902312885572,0.6034574774714759,0.2055252156363944,0.1910173068921295,0.5093069624321498,0.49851363577614066,0.2578518805738658,0.24363448364999352,1.0,144.0,180.0
2023/24,2024-02-17,Heidenheim,Leverkusen,1,2,192,22,2,0.21099254216843324,0.250376019792076,0.5386314380394909,0.12868940140810317,0.19865211248203607,0.23288813788084906,0.5684597496371147,0.11284482473841854,0.12974701675616832,0.18286985191859953,0.6873831313252322,1.0,144.0,180.0
2023/24,2024-02-17,Darmstadt,Stuttgart,1,2,193,22,2,0.1427777539511867,0.1647014820108383,0.6925207640379746,0.05746448378556812,0.16360067269656814,0.19008104565210532,0.6463182816513264,0.07592796900042,0.15714251367696783,0.20498294067376138,0.6378745456492707,1.0,144.0,180.0
2023/24,2024-02-17,Wolfsburg,Dortmund,1,1,194,22,1,0.3169116759457886,0.2731125400343962,0.40997578401981505,0.13425657691671533,0.3295258210384023,0.2859139397195315,0.38456023924206634,0.12823692216847415,0.3004225893200154,0.24894352669996164,0.4506338839800231,1.0,144.0,180.0
2023/24,2024-02-17,RB Leipzig,M'gladbach,2,0,195,22,0,0.8138439080408042,0.10866614633798839,0.07748994562120755,0.02032939112294912,0.7245214185023188,0.15804868410036432,0.117429897397317,0.044839114833359485,0.7329636983478814,0.16071629266099727,0.10632000899112126,1.0,144.0,180.0
2023/24,2024-02-17,Mainz,Augsburg,1,0,196,22,0,0.4512917755146854,0.3202619294012836,0.22844629508403097,0.17663421267772322,0.4433175458783002,0.3244056210981231,0.2322768330235765,0.18192394094321046,0.4852565195159366,0.2658939832964036,0.24884949718765983,1.0,144.0,180.0
2023/24,2024-02-18,Freiburg,Ein Frankfurt,3,3,197,22,1,0.34869391542095657,0.2276913268120002,0.42361475776704305,0.15051845482481396,0.40133988311720226,0.24751229730906155,0.35114781957373653,0.14218924648595938,0.3864752550056668,0.2856063468077068,0.3279183981866264,1.0,144.0,180.0
2023/24,2024-02-18,Bochum,Bayern Munich,3,2,198,22,0,0.21194250583938903,0.19894264539429132,0.5891148487663198,0.4840454595698325,0.16358779170232013,0.16349975155036933,0.6729124567473105,0.5761982783175513,0.1268892082445192,0.16970322431303708,0.7034075674424436,1.0,144.0,180.0
2023/24,2024-02-23,Leverkusen,Mainz,2,1,199,23,0,0.6798840308236609,0.21277728333286897,0.10733868584347005,0.056997913600155034,0.7302156288563552,0.1768459491349623,0.09293842200868256,0.040710578599417936,0.7457366622714936,0.16184602019247776,0.09241731753602876,1.0,144.0,180.0
2023/24,2024-02-24,Bayern Munich,RB Leipzig,2,1,200,23,0,0.6401101369428682,0.19273342478744715,0.16715643826968452,0.07873099419314397,0.6321653403793809,0.19213771153883355,0.17569694808178557,0.0830858771917352,0.5368984998433217,0.2213636183864265,0.24173788177025182,1.0,144.0,180.0
2023/24,2024-02-24,Werder Bremen,Darmstadt,1,1,201,23,1,0.5600956017833425,0.28721496356280823,0.15268943465384932,0.16851057329597835,0.5501683506524551,0.29209092043368406,0.15774072891386126,0.16378367580895944,0.5508678175063578,0.24544996425599735,0.2036822182376449,1.0,144.0,180.0
2023/24,2024-02-24,M'gladbach,Bochum,5,2,202,23,0,0.4825739036801186,0.24504187492083127,0.27238422139905033,0.17096146460999895,0.5012973691566861,0.22387789537662106,0.27482473546669317,0.16211647461719014,0.45881500837901545,0.2679580765188741,0.2732269151021104,1.0,144.0,180.0
2023/24,2024-02-24,Union Berlin,Heidenheim,2,2,203,23,1,0.5249293396265166,0.26678885193808055,0.20828180843540275,0.15946606166292632,0.4268199497909553,0.2721479238716547,0.30103212633739,0.13639780531338197,0.5196081192288797,0.2691598844759017,0.21123199629521852,1.0,144.0,180.0
2023/24,2024-02-24,Stuttgart,FC Koln,1,1,204,23,1,0.8353078137246182,0.0970023326297518,0.06768985364562984,0.3511605299779841,0.8198666465861975,0.10876459684143919,0.0713687565723634,0.33863740879959103,0.7289620063971931,0.1712931923159482,0.09974480128685871,1.0,144.0,180.0
2023/24,2024-02-25,Ein Frankfurt,Wolfsburg,2,2,205,23,1,0.4521130594252583,0.2674601049479816,0.28042683562675985,0.14152271432125255,0.46064713496586224,0.28075121210034737,0.25860165293379045,0.13953529892617295,0.3910148229136111,0.2855210876993817,0.32346408938700727,1.0,144.0,180.0
2023/24,2024-02-25,Dortmund,Hoffenheim,2,3,206,23,2,0.6271375151462822,0.18992048333242498,0.18294200152129275,0.5304426178909423,0.5941378103998695,0.198764337370558,0.20709785222957272,0.49084677684285405,0.6731199533028505,0.1727794532542076,0.1541005934429419,1.0,144.0,180.0
2023/24,2024-02-25,Augsburg,Freiburg,2,1,207,23,0,0.37924115508559497,0.24958039869289853,0.37117844622150636,0.2615574912394391,0.37262700535063503,0.26018681292551366,0.36718618172385137,0.2642112832321266,0.408732210706176,0.2702174059668608,0.3210503833269633,1.0,144.0,180.0
2023/24,2024-03-01,Freiburg,Bayern Munich,2,2,208,24,1,0.2109267288462865,0.19581858654592704,0.5932546846077867,0.1982206028754395,0.19094443161491323,0.18087588755903408,0.6281796808260527,0.21553474368373185,0.15593282539167763,0.2007151864029239,0.6433519882053985,1.0,144.0,180.0
2023/24,2024-03-02,Heidenheim,Ein Frankfurt,1,2,209,24,2,0.4283626964181558,0.26586595651240835,0.30577134706943604,0.3327240111162094,0.4046564364155637,0.2549150165831797,0.3404285470012564,0.2993906665717084,0.31712260910164103,0.28550334602405797,0.3973740448743011,1.0,144.0,180.0
2023/24,2024-03-02,Bochum,RB Leipzig,1,4,210,24,2,0.31638069842686534,0.25041649053816023,0.4332028110349742,0.21067789987786303,0.3186838354448119,0.24514115090638589,0.43617501364880235,0.2097290011038721,0.20863690555040407,0.21512783150086104,0.576235262948735,1.0,144.0,180.0
2023/24,2024-03-02,Darmstadt,Augsburg,0,6,211,24,2,0.35567462392075844,0.2579467545060027,0.38637862157323904,0.2515178170817657,0.33681430674942975,0.2667918506034525,0.39639384264711763,0.2388921352127057,0.26780131622174413,0.2692849800235267,0.4629137037547292,1.0,144.0,180.0
2023/24,2024-03-02,Mainz,M'gladbach,1,1,212,24,1,0.4992088909838418,0.31310326875852806,0.18768784025763052,0.14221812110894544,0.5544687411413128,0.27885892585673644,0.1666723330019509,0.16760762574557267,0.5029042130624471,0.2608647522302533,0.23623103470729961,1.0,144.0,180.0
2023/24,2024-03-02,Wolfsburg,Stuttgart,2,3,213,24,2,0.2639323023291273,0.252328907738983,0.48373878993188985,0.16809294861687168,0.2664111206457881,0.24454424715473264,0.4890446321994792,0.16602513654395507,0.30008936286492915,0.27158925577719845,0.42832138135787245,1.0,144.0,180.0
2023/24,2024-03-02,Union Berlin,Dortmund,0,2,214,24,2,0.28850903532181144,0.23953686168330948,0.471954102994879,0.18103496640313252,0.273970207600849,0.23463247979554133,0.49139731260360986,0.16686818413984134,0.28170151664722254,0.26626581710490893,0.45203266624786864,1.0,144.0,180.0
2023/24,2024-03-03,FC Koln,Leverkusen,0,2,215,24,2,0.15282374832302723,0.1860969665872998,0.661079285089673,0.06911117452341357,0.15337068760178618,0.19128967061336144,0.6553396417848526,0.07115666517021928,0.11239510080863853,0.1804182065121907,0.7071866926791709,1.0,144.0,180.0
2023/24,2024-03-03,Hoffenheim,Werder Bremen,2,1,216,24,0,0.4824779991306616,0.2563535653639914,0.2611684355053469,0.16801898654405703,0.5355156288240788,0.23124536742927296,0.23323900374664852,0.13507308196770998,0.49759099666088596,0.23212977116955205,0.270279232169562,1.0,144.0,180.0
2023/24,2024-03-08,Stuttgart,Union Berlin,2,0,217,25,0,0.7607992132846566,0.15075146955508054,0.08844931716026269,0.03252014903567799,0.7627342186670045,0.14833170809271864,0.08893407324027701,0.03210216018733187,0.6377502383222117,0.217349857006673,0.14489990467111533,1.0,144.0,180.0
2023/24,2024-03-09,Werder Bremen,Dortmund,1,2,218,25,2,0.3559669193432882,0.27969943575435335,0.3643336449023587,0.265392081334936,0.33843602961119695,0.2740473852906177,0.38751658509818565,0.24483743983438966,0.24017068718859455,0.22670317201914064,0.5331261407922647,1.0,144.0,180.0
2023/24,2024-03-09,RB Leipzig,Darmstadt,2,0,219,25,0,0.7408409037679545,0.15096861296322406,0.10819048326882125,0.039434308914875864,0.7742074089422709,0.13352341366700735,0.09226917739072175,0.029747947636461675,0.8654010185707087,0.093018151708176,0.04158082972111514,1.0,144.0,180.0
2023/24,2024-03-09,Augsburg,Heidenheim,1,0,220,25,0,0.5245348869973367,0.23882243146716714,0.23664268153549584,0.14103341620347276,0.5265171891308872,0.23032743007464088,0.24315538079447205,0.14165525569891035,0.5778472546776039,0.22605598620489592,0.19609675911750007,1.0,144.0,180.0
2023/24,2024-03-09,Bayern Munich,Mainz,8,1,221,25,0,0.5484827691371331,0.27426308741987254,0.17725414344299387,0.11764342056689053,0.578760492107643,0.2582479544357368,0.16299155345662025,0.10200448475379867,0.775977386028303,0.14005996487264855,0.08396264909904848,1.0,144.0,180.0
2023/24,2024-03-09,M'gladbach,FC Koln,3,3,222,25,1,0.7244293515650252,0.16520461636707276,0.11036603206790217,0.26848927322166805,0.6929317091908664,0.17533893701064654,0.13172935379848721,0.24875348812717124,0.5159579891913939,0.2635872336086469,0.22045477719995923,1.0,144.0,180.0
2023/24,2024-03-10,Bochum,Freiburg,1,2,223,25,2,0.4583850563153479,0.2446715271078279,0.2969434165768241,0.3522027096739469,0.4368214344657061,0.24390654884614096,0.3192720166881527,0.3271017764362457,0.3787307937989359,0.28212699711978706,0.33914220908127707,1.0,144.0,180.0
2023/24,2024-03-10,Ein Frankfurt,Hoffenheim,3,1,224,25,0,0.48673411422161045,0.21846775215170802,0.29479813362668167,0.17517390454682483,0.4692523174631991,0.2253995817628627,0.3053481007739383,0.18746528258221795,0.4699611559163197,0.25600515598599516,0.274033688097685,1.0,144.0,180.0
2023/24,2024-03-10,Leverkusen,Wolfsburg,2,0,225,25,0,0.5964380686681465,0.2645902224677358,0.13897170886411742,0.09108768414245436,0.6190622298428985,0.2521442689694115,0.1287935011876897,0.08085067534022408,0.7445849740282728,0.16717797344330826,0.08823705252841885,1.0,144.0,180.0
2023/24,2024-03-15,FC Koln,RB Leipzig,1,5,226,26,2,0.23206103425287766,0.24115685253355698,0.5267821132135656,0.13889374599656706,0.22443684337782177,0.24355938976753508,0.5320037668546432,0.13469618545182205,0.14324487514422532,0.19802359017892907,0.6587315346768456,1.0,144.0,180.0
2023/24,2024-03-16,Hoffenheim,Stuttgart,0,3,227,26,2,0.29375462304315275,0.20017629221294594,0.5060690847439013,0.16512976380247604,0.3972498328553317,0.2144460477635432,0.3883041193811249,0.26598964003484493,0.22424753802764805,0.21771117481159555,0.5580412871607563,1.0,144.0,180.0
2023/24,2024-03-16,Union Berlin,Werder Bremen,2,1,228,26,0,0.4897118318809507,0.2835753852749539,0.22671278284409577,0.15589635021360454,0.43914414278583447,0.3055675755381714,0.255288281675994,0.1898656996662591,0.4566268532453809,0.28191744852540906,0.26145569822921,1.0,144.0,180.0
2023/24,2024-03-16,Wolfsburg,Augsburg,1,3,229,26,2,0.41916824754760956,0.2780899431184513,0.3027418093339389,0.3309355021015215,0.42688460021851293,0.28654553243862513,0.2865698673428619,0.3456065080434506,0.4121822513267187,0.27096103429834434,0.3168567143749369,1.0,144.0,180.0
2023/24,2024-03-16,Heidenheim,M'gladbach,1,1,230,26,1,0.3678441162337907,0.26492964896457094,0.36722623480163846,0.13508220068720328,0.38933579307794197,0.2657477624657112,0.34491644445634695,0.13527485671401912,0.36906554783789625,0.27140196275544465,0.3595324894066591,1.0,144.0,180.0
2023/24,2024-03-16,Mainz,Bochum,2,0,231,26,0,0.5985167640403997,0.22655476641278152,0.17492846954681862,0.09589437910729222,0.6018786949817703,0.2226301039249519,0.175491201093278,0.0946488675852898,0.5306039198234781,0.24770540134616456,0.2216906788303573,1.0,144.0,180.0
2023/24,2024-03-16,Darmstadt,Bayern Munich,2,5,232,26,2,0.12350678592097769,0.10690384231534071,0.7695893717636817,0.034171491886392576,0.11502311575738516,0.09304682216664062,0.791930062075974,0.028261708113122386,0.05600998345629158,0.0954878987453263,0.848502117798382,1.0,144.0,180.0
2023/24,2024-03-17,Freiburg,Leverkusen,2,3,233,26,2,0.20073815685034296,0.23506172379403298,0.5642001193556242,0.1151086717926626,0.20147855200199874,0.22769865608956036,0.5708227919084411,0.11239334143104376,0.15141074347021763,0.21007421334287768,0.6385150431869046,1.0,144.0,180.0
2023/24,2024-03-17,Dortmund,Ein Frankfurt,3,1,234,26,0,0.5279787672200354,0.2329838302713838,0.23903740250858063,0.13997146199658336,0.5742447484057343,0.2177051516484446,0.20805009994582094,0.11227618917378135,0.581432202042307,0.2191855028015017,0.19938229515619146,1.0,144.0,180.0
2023/24,2024-03-30,Bayern Munich,Dortmund,0,2,235,27,2,0.7016213810558948,0.15322277101008322,0.14515584793402198,0.611515543338091,0.6427266978176515,0.17702324357304416,0.18025005860930432,0.5425437872488159,0.7183156943241309,0.15151971677149637,0.1301645889043727,1.0,144.0,180.0
2023/24,2024-03-30,Werder Bremen,Wolfsburg,0,2,236,27,2,0.35703130899515934,0.289494689866273,0.3534740011385677,0.2727336114032849,0.357818147806557,0.3068977991295538,0.33528405306388925,0.28494055850544275,0.35929387331256485,0.2814122533748702,0.35929387331256485,1.0,144.0,180.0
2023/24,2024-03-30,RB Leipzig,Mainz,0,0,237,27,1,0.5122896110142375,0.269161784032869,0.2185486049528932,0.15510206913998736,0.5231726993018212,0.2626022535322925,0.21422504716588608,0.15980102206399002,0.7065661862525963,0.17012226277083597,0.12331155097656775,1.0,144.0,180.0
2023/24,2024-03-30,Leverkusen,Hoffenheim,2,1,238,27,0,0.8008536562354591,0.12113311480308749,0.07801322896145348,0.022872665063888416,0.7880142880794203,0.13084740709343545,0.08113830482714418,0.02576068328434879,0.8043734157111628,0.12126232397655719,0.07436426031228006,1.0,144.0,180.0
2023/24,2024-03-30,Ein Frankfurt,Union Berlin,0,0,239,27,1,0.6127236273592,0.21291685460058285,0.17435951804021713,0.20291574252771633,0.5888641301428138,0.23044960150752852,0.1806862683496575,0.18970424566948862,0.4930776323805022,0.27674157714803116,0.2301807904714667,1.0,144.0,180.0
2023/24,2024-03-30,M'gladbach,Freiburg,0,3,240,27,2,0.4977267141785512,0.23799010231794207,0.2642831835035068,0.39450555804135595,0.5038131092418474,0.23497357483793277,0.26121331592021957,0.39981670680876735,0.45472842766397825,0.26881735779030763,0.27645421454571406,1.0,144.0,180.0
2023/24,2024-03-31,Augsburg,FC Koln,1,1,241,27,1,0.6946130691597584,0.1805740702338747,0.12481286060636669,0.24903278301014184,0.6758221770429343,0.1882540739843462,0.1359237489727195,0.23760544025892508,0.5787031128225042,0.23400343787253802,0.18729344930495773,1.0,144.0,180.0
2023/24,2024-03-31,Stuttgart,Heidenheim,3,3,242,27,1,0.7117608671954484,0.175590664417045,0.11264846838750671,0.25964660475043394,0.6929757000180251,0.18277753019349555,0.12424676978847955,0.24782629030917167,0.7512549363229345,0.15072199349425647,0.09802307018280898,1.0,144.0,180.0
2023/24,2024-03-31,Bochum,Darmstadt,2,2,243,27,1,0.6442938582846754,0.19780344655414586,0.15790269516117883,0.22002391848125877,0.6913971909156973,0.17399733091418818,0.13460547817011476,0.24807435517976117,0.6473182861355581,0.20398685487465068,0.1486948589897913,1.0,144.0,180.0
2023/24,2024-04-05,Ein Frankfurt,Werder Bremen,1,1,244,28,1,0.6542866846298752,0.20244895006559743,0.14326436530452766,0.22430787202503139,0.6764682635288076,0.19716152225465758,0.1263702142165348,0.23678937130140662,0.5460097286165718,0.24542861538825703,0.2085616559951712,1.0,144.0,180.0
2023/24,2024-04-06,Heidenheim,Bayern Munich,3,2,245,28,0,0.16705638841495005,0.1507928042630348,0.6821508073220153,0.5795623920052118,0.1542293241582591,0.1395625332893499,0.7062081425523908,0.6070289883605466,0.12940149384033367,0.1673295178969832,0.703268988262683,1.0,144.0,180.0
2023/24,2024-04-06,Freiburg,RB Leipzig,1,4,246,28,2,0.3172490871291465,0.2403941725011108,0.4423567403697427,0.20580649414766766,0.31993056051511976,0.24029276842992678,0.4397766710549537,0.20810287092289428,0.17404561590048134,0.2084804474334798,0.6174739366660389,1.0,144.0,180.0
2023/24,2024-04-06,FC Koln,Bochum,2,1,247,28,0,0.37037018706548397,0.2815732174552433,0.3480565954792724,0.2587885474962879,0.42886221131084584,0.2567387859896892,0.3143990026994652,0.21252255328357758,0.42503860553475614,0.2773043893659805,0.29765700509926346,1.0,144.0,180.0
2023/24,2024-04-06,Union Berlin,Leverkusen,0,1,248,28,2,0.23476840005943247,0.2602623544226904,0.504969245517877,0.15008582477480276,0.21834475933417655,0.2750460577444499,0.506609182921374,0.14555446615310705,0.17336723512452526,0.24977392895517947,0.5768588359202954,1.0,144.0,180.0
2023/24,2024-04-06,Dortmund,Stuttgart,0,1,249,28,2,0.4082251240942519,0.26588699870182597,0.3258878772039219,0.31053745302120084,0.4354886486372222,0.2546952411486959,0.309816110214082,0.33300208240594714,0.49309681086957236,0.22856487468542533,0.2783383144450022,1.0,144.0,180.0
2023/24,2024-04-06,Mainz,Darmstadt,4,0,250,28,0,0.7488944769410284,0.14808841621530275,0.10301710684366874,0.036833254006579795,0.6995597951319356,0.17497809648079626,0.12546210838726798,0.05300252867107158,0.6814437229706993,0.1893640091229732,0.12919226790632748,1.0,144.0,180.0
2023/24,2024-04-07,Hoffenheim,Augsburg,3,1,251,28,0,0.35934462977726284,0.24698358430542186,0.3936717859173151,0.28270838921128044,0.3676026144125557,0.25313783438239185,0.3792595512050525,0.2718821302390463,0.42163328936323297,0.24595275212855258,0.33241395850821437,1.0,144.0,180.0
2023/24,2024-04-07,Wolfsburg,M'gladbach,1,3,252,28,2,0.5402445826706656,0.2603432652060618,0.19941215212327282,0.46640255563644584,0.4881496966210495,0.2788534297015553,0.23299687367739558,0.4132919610499362,0.48647769768576227,0.2533738008780012,0.26014850143623647,1.0,144.0,180.0
2023/24,2024-04-12,Augsburg,Union Berlin,2,0,253,29,0,0.44687831815722956,0.2819313177254318,0.27119036411733827,0.18974390425733484,0.46785570069969784,0.26415086698181806,0.2679934323184839,0.17749901752182573,0.4444299688412641,0.2829365208611536,0.27263351029758215,1.0,144.0,180.0
2023/24,2024-04-13,Mainz,Hoffenheim,4,1,254,29,0,0.6437492587918755,0.19506866828852717,0.1611820729195974,0.07644712562099823,0.624660700416384,0.19936987320564042,0.175969426377976,0.08592241441585662,0.5447993428350433,0.23480455938168934,0.2203960977832675,1.0,144.0,180.0
2023/24,2024-04-13,Bochum,Heidenheim,1,1,255,29,1,0.44192300119072686,0.285816533464323,0.2722604653449503,0.13471084998563396,0.43932346541980416,0.2749688004613117,0.28570773411888417,0.1373170083019064,0.4740213523131673,0.2633451957295374,0.2626334519572953,1.0,144.0,180.0
2023/24,2024-04-13,Bayern Munich,FC Koln,2,0,256,29,0,0.8539945122292162,0.08043692803609169,0.06556855973469228,0.012808419242433195,0.8381820782573686,0.0899764090528499,0.07184151268978162,0.015673121371330218,0.8130835540359059,0.12064456724472919,0.06627187871936494,1.0,144.0,180.0
2023/24,2024-04-13,M'gladbach,Dortmund,1,2,257,29,2,0.2801358712442683,0.21845112666504674,0.5014130020906851,0.1635325504210043,0.3362568406230679,0.2408988163101069,0.4228443430668253,0.22308865759788593,0.27723443708609274,0.2615841059602649,0.46118145695364243,1.0,144.0,180.0
2023/24,2024-04-13,Stuttgart,Ein Frankfurt,3,0,258,29,0,0.7516590999928597,0.14014100744280192,0.10819989256433825,0.036690209683645406,0.7236588674254139,0.15799953356257526,0.11834159901201091,0.045184577804662285,0.6551186081557736,0.18900107993577875,0.15588031190844776,1.0,144.0,180.0
2023/24,2024-04-13,RB Leipzig,Wolfsburg,3,0,259,29,0,0.6974952142409966,0.18158506302469057,0.12091972273431302,0.05306536237662182,0.6945960454332742,0.1836586090618695,0.12174534550485624,0.05404675230854576,0.7636088256812434,0.14986715270379544,0.08652402161496106,1.0,144.0,180.0
2023/24,2024-04-14,Darmstadt,Freiburg,0,1,260,29,2,0.2376867922102431,0.21867493942315325,0.5436382683666036,0.13238052064531367,0.26960021738046225,0.22810629208840172,0.5022934905311357,0.16019802338963643,0.21346147182146857,0.2322664110057408,0.5542721171727907,1.0,144.0,180.0
2023/24,2024-04-14,Leverkusen,Werder Bremen,5,0,261,29,0,0.8076484224378958,0.11803494010526552,0.07431663745683899,0.021261045996760694,0.8237194989740197,0.10639091056215434,0.06988959046382597,0.017979684948585966,0.8013995523698897,0.12720627815395077,0.07139416947615944,1.0,144.0,180.0
2023/24,2024-04-19,Ein Frankfurt,Augsburg,3,1,262,30,0,0.5499120482607353,0.2408594076726922,0.2092285440665726,0.12317787397653221,0.5359841995088053,0.2379912757953942,0.22602452469580062,0.1331988744347234,0.5044929396662388,0.24775353016688056,0.24775353016688056,1.0,144.0,180.0
2023/24,2024-04-20,FC Koln,Darmstadt,0,2,263,30,2,0.6647619786140176,0.19040360755446556,0.1448344138315171,0.5866083339888546,0.6657119487577304,0.19027401120136717,0.14401404004090218,0.5879421811829564,0.6787954741144948,0.19297763975819632,0.12822688612730876,1.0,144.0,180.0
2023/24,2024-04-20,Union Berlin,Bayern Munich,1,5,264,30,2,0.20102368352245856,0.21123238013987958,0.5877439363376621,0.10518279168165168,0.18169500167331104,0.2035884469320363,0.6147165513946526,0.09072820470114691,0.19816813504419095,0.23398165342567123,0.5678502115301378,1.0,144.0,180.0
2023/24,2024-04-20,Wolfsburg,Bochum,1,0,265,30,0,0.5541405410988699,0.2727846763388771,0.17307478256225334,0.11437276872528983,0.5284143996005218,0.28624307790931053,0.1853425224901674,0.12837241457357731,0.4881033264714929,0.26906526860893937,0.24283140491956776,1.0,144.0,180.0
2023/24,2024-04-20,Hoffenheim,M'gladbach,4,3,266,30,0,0.4484470060557071,0.24774380636654156,0.30380918757775155,0.19825536379278327,0.4991463633512502,0.23834004666505462,0.2625135899836953,0.15988387513520277,0.41219771773192226,0.25465618163542836,0.33314610063264943,1.0,144.0,180.0
2023/24,2024-04-20,Heidenheim,RB Leipzig,1,2,267,30,2,0.2709786178742347,0.22569074357733238,0.5033306385484327,0.16005493297486895,0.2666668652132775,0.22698760529662984,0.506345529490093,0.1574029766285466,0.1455016872247536,0.1825634377442663,0.6719348750309801,1.0,144.0,180.0
2023/24,2024-04-21,Freiburg,Mainz,1,1,268,30,1,0.38130379774338097,0.27138365434687095,0.34731254790974814,0.13300929605454312,0.2908818047591523,0.2771762411617453,0.43194195407910263,0.1355930380168075,0.32252216867833894,0.278290556973881,0.3991872743477801,1.0,144.0,180.0
2023/24,2024-04-21,Werder Bremen,Stuttgart,2,1,269,30,0,0.31900394239486873,0.24915738028731607,0.4318386773178153,0.3251201368506657,0.32882552607101867,0.2632251473668925,0.4079493265620888,0.3084489137481533,0.22145434908981462,0.2292888189868599,0.5492568319233255,1.0,144.0,180.0
2023/24,2024-04-21,Dortmund,Leverkusen,1,1,270,30,1,0.3589727575314835,0.2574065227661448,0.38362071970237205,0.13801314861736147,0.37046503370191064,0.2506553140991446,0.378879652198945,0.14039706602307558,0.35409956468185055,0.27982005829743933,0.3660803770207101,1.0,144.0,180.0
2023/24,2024-04-26,Bochum,Hoffenheim,3,2,271,31,0,0.5438538868133646,0.21106752587403427,0.24507858731260126,0.13406639526720754,0.5373164675756347,0.21858074585927234,0.2441027865650927,0.13683111079276605,0.45263951787946277,0.24513223260474687,0.30222824951579036,1.0,144.0,180.0
2023/24,2024-04-27,RB Leipzig,Dortmund,4,1,272,31,0,0.5943957509639004,0.20203407143088542,0.2035701776052143,0.10297781202317836,0.6178366392338525,0.19427874122288477,0.18788461954326258,0.09067473228649661,0.6184517441763498,0.19937766701373086,0.1821705888099192,1.0,144.0,180.0
2023/24,2024-04-27,Freiburg,Wolfsburg,1,2,273,31,2,0.42787441695683004,0.2847399634490931,0.2873856195940769,0.34544788592373243,0.45309891100111077,0.2729574051334055,0.273943683865484,0.36622819867460854,0.4139870629042842,0.281991187775382,0.3040217493203337,1.0,144.0,180.0
2023/24,2024-04-27,Leverkusen,Stuttgart,2,2,274,31,1,0.5926766579143514,0.2219359828352627,0.18538735925038566,0.19281704690317839,0.5808998445338859,0.22597990964062326,0.19312024582549064,0.18737002936359537,0.5243841347956357,0.24072224550171864,0.23489361970264555,1.0,144.0,180.0
2023/24,2024-04-27,Augsburg,Werder Bremen,0,3,275,31,2,0.5182513950763734,0.2234894410411815,0.25825916388244535,0.40938198823148836,0.488914746969823,0.2292267586521249,0.2818584943780521,0.3773824259507621,0.5743260746154313,0.22261721699543088,0.2030567083891378,1.0,144.0,180.0
2023/24,2024-04-27,Bayern Munich,Ein Frankfurt,2,1,276,31,0,0.6304079801616022,0.20041121324758399,0.1691808065908141,0.08261020322347251,0.6821033177487758,0.18021081371025416,0.13768586854097006,0.060007849491108566,0.6736159300045256,0.18029868758485446,0.14608538241062002,1.0,144.0,180.0
2023/24,2024-04-28,Mainz,FC Koln,1,1,277,31,1,0.6752572264648632,0.1913793255338024,0.1333634480013344,0.23687906557791208,0.627737849656479,0.22181746536474778,0.1504446849787733,0.20834420556485128,0.6143154213337114,0.22364478472517607,0.16203979394111254,1.0,144.0,180.0
2023/24,2024-04-28,M'gladbach,Union Berlin,0,0,278,31,1,0.5023161481577436,0.2643087467500885,0.23337510509216783,0.15339272618840633,0.4993212449043382,0.264864978422067,0.23581377667359468,0.1524649214409411,0.37570271813482226,0.28286919766546215,0.34142808419971565,1.0,144.0,180.0
2023/24,2024-04-28,Darmstadt,Heidenheim,0,1,279,31,2,0.2585121929425811,0.25067136574341475,0.4908164413140044,0.1630482251680586,0.24454184084200695,0.23731077821130922,0.518147380946684,0.14599132920546884,0.29673085793357934,0.2588503228782288,0.4444188191881919,1.0,144.0,180.0
2023/24,2024-05-03,Hoffenheim,RB Leipzig,1,1,280,32,1,0.18189293189057942,0.18441135392460994,0.6336957141848103,0.21732764842397406,0.20872068958496331,0.1948815655956667,0.59639774481937,0.19962729814322652,0.1856160329802649,0.1811057368517725,0.6332782301679626,1.0,144.0,180.0
2023/24,2024-05-04,Dortmund,Augsburg,5,1,281,32,0,0.7974667760254911,0.11644651093066093,0.08608671304384793,0.024215314488101207,0.7702287001925485,0.13110841027038078,0.09866288953707077,0.031264607993504986,0.4840928459069183,0.23222592369281758,0.283681230400264,1.0,144.0,180.0
2023/24,2024-05-04,FC Koln,Freiburg,0,0,282,32,1,0.3634705229190718,0.2532558966340567,0.38327358044687115,0.139504729249814,0.41890412679526534,0.2398640203482136,0.3412318528565209,0.14595992242499908,0.3856353424098335,0.2647959299380873,0.3495687276520793,1.0,144.0,180.0
2023/24,2024-05-04,Stuttgart,Bayern Munich,3,1,283,32,0,0.40918327438433777,0.24692187386252687,0.3438948517531357,0.23366403616476183,0.36860488746042525,0.23686880694344198,0.39452630559613305,0.27715539697309766,0.3685385233461298,0.2514061244531738,0.38005535220069636,1.0,144.0,180.0
2023/24,2024-05-04,Wolfsburg,Darmstadt,3,0,284,32,0,0.5571992614276849,0.2725788848851658,0.17022185368714937,0.11252398677643848,0.5992459659219822,0.24566266350820862,0.15509137056980912,0.09232856452751345,0.7428276104233948,0.16041127799840754,0.09676111157819772,1.0,144.0,180.0
2023/24,2024-05-04,Werder Bremen,M'gladbach,2,2,285,32,1,0.49436466763251713,0.2523191489150382,0.25331618345244467,0.15428275670116087,0.5211830741017182,0.24279857395632498,0.23601835194195658,0.16366822959175722,0.4610415655147664,0.2494353085220916,0.289523125963142,1.0,144.0,180.0
2023/24,2024-05-05,Ein Frankfurt,Leverkusen,1,5,286,32,2,0.2317812129039124,0.26225867010319437,0.5059601169928934,0.14889896832844224,0.2400181743714915,0.2685437027555938,0.49143812287291455,0.15812195344782418,0.3319035094650577,0.26790007788777387,0.4001964126471683,1.0,144.0,180.0
2023/24,2024-05-05,Heidenheim,Mainz,1,1,287,32,1,0.34110056674406986,0.2769016415892361,0.381997791666694,0.13113595473567835,0.3996472416975025,0.26252502288899915,0.3378277354134987,0.13692274830551732,0.3192424754819074,0.2750535452598354,0.40570397925825724,1.0,144.0,180.0
2023/24,2024-05-05,Union Berlin,Bochum,3,4,288,32,2,0.4124425716797782,0.2506444980421161,0.336912930278106,0.3048966684830986,0.446028868213713,0.26179303947788346,0.2921780923084033,0.3499768021440884,0.48626259417110834,0.27241601914347807,0.24132138668541356,1.0,144.0,180.0
2023/24,2024-05-10,Augsburg,Stuttgart,0,1,289,33,2,0.2086113920155071,0.21805397815218466,0.5733346298323083,0.11278102548949052,0.23164826073498335,0.2153671138031443,0.552984625461872,0.12674183088750268,0.24198081033149926,0.2205811468327952,0.5374380428357055,1.0,144.0,180.0
2023/24,2024-05-11,Mainz,Dortmund,3,0,290,33,0,0.39840647000521356,0.24386533410702596,0.35772819588776056,0.24494211873234997,0.31361577414278474,0.24055932001131347,0.44582490584590195,0.33494157608905795,0.520074844101128,0.22991488379884384,0.25001027210002813,1.0,144.0,180.0
2023/24,2024-05-11,FC Koln,Union Berlin,3,2,291,33,0,0.2658945018153043,0.2899055577425364,0.4441999404421596,0.3681122347769091,0.35949608964775476,0.3034731510556821,0.3370307592965629,0.2619174959442674,0.3760110135949062,0.28228073194516146,0.3417082544599323,1.0,144.0,180.0
2023/24,2024-05-11,Freiburg,Heidenheim,1,1,292,33,1,0.53326996047431,0.24182190302841114,0.2249081364972791,0.16748026030347538,0.5347762698241383,0.2455657479074268,0.21965798226843508,0.1671176439706298,0.5449485126540743,0.24372069158900805,0.21133079575691768,1.0,144.0,180.0
2023/24,2024-05-11,M'gladbach,Ein Frankfurt,1,1,293,33,1,0.48010395226246055,0.22115369949106595,0.2987423482464734,0.1598733978069261,0.5222200503831784,0.22265909871219305,0.2551208509046288,0.16890021479425554,0.3549803637515986,0.26358975519766403,0.3814298810507374,1.0,144.0,180.0
2023/24,2024-05-11,RB Leipzig,Werder Bremen,1,1,294,33,1,0.6430357926195671,0.19232331144434925,0.1646408959360839,0.2203008276022556,0.6698192286254261,0.18002587123259778,0.15015490014197638,0.23560214653650383,0.7003804502991149,0.16721886183612084,0.13240068786476417,1.0,144.0,180.0
2023/24,2024-05-12,Bochum,Leverkusen,0,5,295,33,2,0.17492976832586812,0.1826094239484722,0.6424608077256595,0.0792173489293648,0.18748277613888586,0.19844964197745962,0.6140675818836545,0.09204681135093665,0.20903054369747645,0.24795715004930247,0.5430123062532209,1.0,144.0,180.0
2023/24,2024-05-12,Darmstadt,Hoffenheim,0,6,296,33,2,0.3471140133770801,0.27602813083071304,0.37685785579220704,0.2543971350853149,0.3232074239511823,0.27436970721544096,0.4024228688333768,0.23078073329524548,0.18525312488477563,0.18560801592861623,0.6291388591866082,1.0,144.0,180.0
2023/24,2024-05-12,Bayern Munich,Wolfsburg,2,0,297,33,0,0.7526450831918945,0.14541440465331443,0.101940512154791,0.03578816144376295,0.7540400724829245,0.1452768585182361,0.10068306899883937,0.03531668316361505,0.6498669100151531,0.1906105700634996,0.15952251992134728,1.0,144.0,180.0
2023/24,2024-05-18,Heidenheim,FC Koln,4,1,298,34,0,0.5395789692804943,0.25832309016395727,0.20209794055554847,0.12641555155280298,0.4643627592852988,0.2713419697650038,0.2642952709496976,0.17837962194341636,0.4585570564630079,0.2486294014582038,0.29281354207878824,1.0,144.0,180.0
2023/24,2024-05-18,Ein Frankfurt,RB Leipzig,2,2,299,34,1,0.3539241760258854,0.2352910454051232,0.4107847785689914,0.1470032283397886,0.3297618774628017,0.24894101753256684,0.42129710500463097,0.14311707325653766,0.4375268560515636,0.2564812604440201,0.3059918835044163,1.0,144.0,180.0
2023/24,2024-05-18,Werder Bremen,Bochum,4,1,300,34,0,0.4552041974455947,0.23956818235890776,0.3052276201954973,0.19498318330555275,0.49192907128366414,0.23239389600303603,0.2756770327133002,0.1670669474861449,0.44737614559212024,0.24969831381885782,0.30292554058902194,1.0,144.0,180.0
2023/24,2024-05-18,Dortmund,Darmstadt,4,0,301,34,0,0.8203881484204361,0.1029012867729682,0.07671056480659563,0.019072463990393116,0.8521788687280069,0.0820521872249816,0.0657689440470116,0.01308832042579538,0.8624888901429115,0.0878969569572394,0.04961415289984905,1.0,144.0,180.0
2023/24,2024-05-18,Stuttgart,M'gladbach,4,0,302,34,0,0.7724396262116704,0.12855881390883342,0.09900155987949628,0.030792516288628884,0.7245019883621868,0.1558295622975229,0.1196684493402901,0.04510984609194914,0.7966295839913918,0.12131414984640483,0.08205626616220345,1.0,144.0,180.0
2023/24,2024-05-18,Union Berlin,Freiburg,2,1,303,34,0,0.3867879804711659,0.2627587874073384,0.3504532321214957,0.24942322439951709,0.36191930055659544,0.2497951373392262,0.3882855621041784,0.278956328370371,0.5101918021551599,0.254429854338474,0.23537834350636605,1.0,144.0,180.0
2023/24,2024-05-18,Wolfsburg,Mainz,1,3,304,34,2,0.3248872971356855,0.29719088630037044,0.37792181656394414,0.2462665110736172,0.3242185958039423,0.2858589367559912,0.3899224674400666,0.2386561467997484,0.2969272229080726,0.28221071331787656,0.42086206377405083,1.0,144.0,180.0
2023/24,2024-05-18,Leverkusen,Augsburg,2,1,305,34,0,0.8376299089570984,0.09290646870640522,0.06946362233649656,0.015594620646693771,0.8033304570722294,0.1173476463096056,0.07932189661816501,0.022485436199260533,0.8185266004856009,0.11482927129114545,0.06664412822325352,1.0,144.0,180.0
2023/24,2024-05-18,Hoffenheim,Bayern Munich,4,2,306,34,0,0.19757957803819723,0.16868733417601034,0.6337330877857924,0.5227480800679363,0.2212584089778583,0.18592090797031433,0.5928206830518274,0.47893741392086586,0.2767328182371094,0.2122631946478048,0.5110039871150857,1.0,144.0,180.0
2024/25,2024-08-23,M'gladbach,Leverkusen,2,3,1,1,2,0.38593077796058095,0.2572401706479807,0.3568290513914386,0.2813057172556482,0.2779487082649505,0.2513399262763585,0.47071136545869086,0.17870097154037898,0.19662057545912,0.22175927917078836,0.5816201453700917,1.0,144.0,180.0
2024/25,2024-08-24,RB Leipzig,Bochum,1,0,2,1,0,0.5736082707755535,0.22444145540573096,0.20195027381871564,0.11129690992323393,0.6335824397274685,0.19895990524369647,0.16745765502883514,0.08115194735191528,0.7907305472010565,0.13342894434098046,0.07584050845796296,1.0,144.0,180.0
2024/25,2024-08-24,Augsburg,Werder Bremen,2,2,3,1,1,0.4542344929129573,0.25217920872318855,0.2935862983638542,0.14626094456944075,0.45666467835132557,0.24933124295228185,0.2940040786963926,0.14749051337191713,0.378829608695158,0.26969310092702387,0.3514772903778181,1.0,144.0,180.0
2024/25,2024-08-24,Freiburg,Stuttgart,3,1,4,1,0,0.4351389724280957,0.254371677969023,0.3104893496028816,0.207735808343204,0.3745333731590576,0.25876863331232774,0.36669799352861465,0.26283795987484926,0.26055927420295266,0.24358047438020386,0.4958602514168436,1.0,144.0,180.0
2024/25,2024-08-24,Hoffenheim,Holstein Kiel,3,2,5,1,0,0.5307500216442866,0.23700155342452725,0.23224842493118622,0.13706743653492712,0.5382986836748135,0.2313844657492726,0.23031685057591395,0.1331069785778089,0.6013847574893192,0.20688663665765042,0.19172860585303048,1.0,144.0,180.0
2024/25,2024-08-24,Mainz,Union Berlin,1,1,6,1,1,0.4299945481461542,0.2548441815209686,0.3151612703328772,0.1421109688766241,0.5119786638783268,0.2478082676741301,0.24021306844754303,0.15991223525981035,0.46340694006309147,0.2870662460567823,0.2495268138801262,1.0,144.0,180.0
2024/25,2024-08-24,Dortmund,Ein Frankfurt,2,0,7,1,0,0.49890874195736756,0.24450137260234173,0.25658988544029065,0.15846540909850476,0.5051633206896549,0.2426882884455121,0.25214839086483304,0.15422107510330696,0.5556305139021996,0.23206525043647958,0.21230423566132084,1.0,144.0,180.0
2024/25,2024-08-25,St Pauli,Heidenheim,0,2,8,1,2,0.45050687094330205,0.25253836372370286,0.2969547653329955,0.3486145213775545,0.45692658486028204,0.25421566032730475,0.2888577548124133,0.3572525984212612,0.48161819689739094,0.27875895637040965,0.23962284673219947,1.0,144.0,180.0
2024/25,2024-08-25,Wolfsburg,Bayern Munich,2,3,9,1,2,0.3844816693347496,0.25642679436918325,0.3590915362960676,0.27929490645088556,0.32352677652960427,0.2615495968033054,0.41492362666709054,0.22349196888201336,0.1492841393123783,0.21232973862810914,0.6383861220595124,1.0,144.0,180.0
2024/25,2024-08-30,Union Berlin,St Pauli,1,0,10,2,0,0.5261763069772146,0.2430719439775816,0.23075174904520385,0.13887763087858573,0.49243462839538615,0.25162046654576603,0.25594490505884804,0.16156520043885617,0.49783598006677177,0.2830262860437915,0.2191377338894368,1.0,144.0,180.0
2024/25,2024-08-31,Leverkusen,RB Leipzig,2,3,11,2,2,0.48191511894225825,0.24462014191486608,0.2734647391428759,0.3800478335669303,0.5474608808710636,0.23492642267513233,0.21761269645380407,0.4559216544172041,0.5942487456405336,0.21766864166158872,0.18808261269787763,1.0,144.0,180.0
2024/25,2024-08-31,Werder Bremen,Dortmund,0,0,12,2,1,0.3864668698482801,0.2556148395085151,0.35791829064320513,0.13873107213364055,0.3593545538477278,0.24805710507465267,0.3925883410776195,0.14163065046058843,0.25030447863382904,0.24649273530437985,0.503202786061791,1.0,144.0,180.0
2024/25,2024-08-31,Stuttgart,Mainz,3,3,13,2,1,0.4876510617733567,0.24620386234893682,0.2661450758777063,0.15431837973131612,0.4801000959490505,0.2510419878116417,0.26885791623930805,0.15139034062741508,0.5771370568456707,0.22893560212167935,0.1939273410326499,1.0,144.0,180.0
2024/25,2024-08-31,Bochum,M'gladbach,0,2,14,2,2,0.43205758909082026,0.2525644964338196,0.3153779144753601,0.3276905801395397,0.4120799053587277,0.2483505347934485,0.33956955984782333,0.3029891073400276,0.33805072052063423,0.2528795000258251,0.4090697794535406,1.0,144.0,180.0
2024/25,2024-08-31,Ein Frankfurt,Hoffenheim,3,1,15,2,0,0.49862886827769226,0.2405041113139678,0.2608670204083402,0.15971230703061645,0.48251614272706167,0.24653632438173792,0.27094753289120044,0.17060105405895348,0.5883720930232559,0.211046511627907,0.20058139534883723,1.0,144.0,180.0
2024/25,2024-08-31,Holstein Kiel,Wolfsburg,0,2,16,2,2,0.363890183101479,0.2470224779914795,0.38908733890704145,0.25281517242065393,0.3741048375496948,0.25881615046098916,0.3670790119893157,0.27027170327125194,0.3179825699981457,0.26440941961802333,0.4176080103838309,1.0,144.0,180.0
2024/25,2024-09-01,Bayern Munich,Freiburg,2,0,17,2,0,0.49418437121811665,0.24729376719426818,0.2585218615876154,0.16134150161936905,0.597687373817896,0.21720119348378653,0.18511143269831776,0.0980608458505825,0.8104789462874702,0.11907036371383822,0.07045068999869172,1.0,144.0,180.0
2024/25,2024-09-01,Heidenheim,Augsburg,4,0,18,2,0,0.42169188494668813,0.25947243551745885,0.3188356795358531,0.21804823324080186,0.44202220748796467,0.2578759307802532,0.3001018617317816,0.20070017217574276,0.4021147431369067,0.27883028034135077,0.31905497652174236,1.0,144.0,180.0
2024/25,2024-09-13,Dortmund,Heidenheim,4,2,19,3,0,0.5858542295147274,0.22766574024819622,0.18648003023707665,0.10314576044403048,0.6000832863647029,0.21735631017539211,0.18256040345990487,0.09663083937814977,0.719608939523668,0.16917122437924828,0.11121983609708365,1.0,144.0,180.0
2024/25,2024-09-14,Wolfsburg,Ein Frankfurt,1,2,20,3,2,0.4571851318005998,0.25681975103598986,0.28599511716341025,0.35941060872701197,0.4532202332865569,0.26791736383127274,0.2788624028821704,0.3627240069185992,0.3448005714417383,0.28265628240282037,0.3725431461554414,1.0,144.0,180.0
2024/25,2024-09-14,Holstein Kiel,Bayern Munich,1,6,21,3,2,0.2954117815252209,0.23740363829794647,0.46718458017683284,0.1855801961326215,0.23955355702821304,0.21164087641131907,0.5488055665604678,0.13048116172584487,0.07305017381146567,0.1240066657108407,0.8029431604776935,1.0,144.0,180.0
2024/25,2024-09-14,RB Leipzig,Union Berlin,0,0,22,3,1,0.5097453403021371,0.2521899332346484,0.2380647264632143,0.15825756297287338,0.5817905940870913,0.2263267661631912,0.19188263974971723,0.18764962140276528,0.6512569735078435,0.2021610188597264,0.14658200763243,1.0,144.0,180.0
2024/25,2024-09-14,Freiburg,Bochum,2,1,23,3,0,0.5202449673031228,0.23956120788444998,0.24019382481242718,0.14392898243800237,0.531682957216096,0.23744033338848225,0.23087670939542182,0.13631245375155948,0.6132371768744995,0.21970855770106787,0.16705426542443266,1.0,144.0,180.0
2024/25,2024-09-14,Hoffenheim,Leverkusen,1,4,24,3,2,0.38032819719097877,0.23129795579475837,0.38837384701426264,0.25936804429733623,0.2881993270576558,0.2325912791739478,0.4792093937683968,0.17714085382778338,0.14170408055935382,0.18049458305884175,0.6778013363818044,1.0,144.0,180.0
2024/25,2024-09-14,M'gladbach,Stuttgart,1,3,25,3,2,0.44790569371937056,0.23618387327274856,0.3159104330078809,0.3342990230668478,0.39496675419329047,0.23965675969931885,0.36537648610739026,0.279372870651693,0.3603371070679421,0.2520492717832756,0.3876136211487824,1.0,144.0,180.0
2024/25,2024-09-15,Augsburg,St Pauli,3,1,26,3,0,0.4604274270714707,0.2586913517029911,0.28088122122553805,0.18501641094693133,0.448150776201697,0.2578093175994889,0.29403990619881426,0.19549851612209848,0.4668452219037057,0.2916030214894018,0.24155175660689257,1.0,144.0,180.0
2024/25,2024-09-15,Mainz,Werder Bremen,1,2,27,3,2,0.475164452925879,0.24246115229548512,0.282374394778636,0.37038388329683947,0.5369281433177254,0.2368649661171117,0.2262068905651628,0.4435238036477268,0.44236947645535835,0.26884332823253826,0.28878719531210334,1.0,144.0,180.0
2024/25,2024-09-20,Augsburg,Mainz,2,3,28,4,2,0.5060357672221188,0.23802592930701394,0.2559383034708674,0.4048500029749449,0.44709488379782936,0.25385282388126584,0.29905229232090486,0.34561076200938645,0.4035351153534172,0.2755013110486503,0.3209635735979325,1.0,144.0,180.0
2024/25,2024-09-21,Ein Frankfurt,M'gladbach,2,0,29,4,0,0.5349024464159703,0.22068148791281436,0.2444160656712155,0.1380274737540226,0.5293436314200377,0.2290825729337509,0.24157379564621156,0.1399376580138974,0.5481809023722709,0.22617254013960827,0.22564655748812082,1.0,144.0,180.0
2024/25,2024-09-21,Union Berlin,Hoffenheim,2,1,30,4,0,0.4734826512367583,0.2510594158163317,0.27545793294691,0.17654879568602877,0.4520095215885641,0.24953508350979373,0.29845539490164225,0.1946845935877448,0.5197788713329706,0.2531214816126707,0.2270996470543587,1.0,144.0,180.0
2024/25,2024-09-21,Werder Bremen,Bayern Munich,0,5,31,4,2,0.2733107558991531,0.2518352150472719,0.474854029053575,0.17523853004571496,0.24053544487117606,0.2340377592908875,0.5254267958379367,0.14153851317401112,0.10484182804351688,0.15967686310575105,0.735481308850732,1.0,144.0,180.0
2024/25,2024-09-21,Bochum,Holstein Kiel,2,2,32,4,1,0.5128135846355502,0.2278733604951482,0.2593130548693018,0.165110516506206,0.48759263756039245,0.2317849789339901,0.2806223835056175,0.15824775116373702,0.5331725860223652,0.24628784430474737,0.22053956967288743,1.0,144.0,180.0
2024/25,2024-09-21,Heidenheim,Freiburg,0,3,33,4,2,0.39291856518730445,0.2438275045264445,0.36325393028625114,0.2799152780823782,0.3962808643527041,0.2503277436869045,0.3533913919603915,0.2875706077215232,0.28850299004056723,0.2793836426542275,0.4321133673052052,1.0,144.0,180.0
2024/25,2024-09-22,Leverkusen,Wolfsburg,4,3,34,4,0,0.6240126197335526,0.19590822485857223,0.18007915540787534,0.08689750616601988,0.639066960614154,0.20470190752370837,0.15623113186213758,0.07734041274161466,0.7579387158221328,0.14923754559598584,0.09282373858188127,1.0,144.0,180.0
2024/25,2024-09-22,Stuttgart,Dortmund,5,1,35,4,0,0.39845868941405554,0.23787617337282646,0.3636651372131176,0.24705214018284577,0.44008463439640433,0.2322632090749434,0.3276521565286525,0.21043057615844235,0.41931470595813447,0.2553307395860556,0.32535455445581,1.0,144.0,180.0
2024/25,2024-09-22,St Pauli,RB Leipzig,0,0,36,4,1,0.2873155805058678,0.25084425867075677,0.4618401608233755,0.14792328847539254,0.2915761607990951,0.25060435557183336,0.4578194836290718,0.14730766856836475,0.18495479891855351,0.2300977948631294,0.584947406218317,1.0,144.0,180.0
2024/25,2024-09-27,Dortmund,Bochum,4,2,37,5,0,0.6422528338038891,0.19681178129400267,0.16093538490210837,0.07694161651746877,0.6482064150090051,0.189700541763643,0.16209304322735185,0.07501644055176025,0.8025616741222232,0.12572767740818117,0.07171064846959552,1.0,144.0,180.0
2024/25,2024-09-28,Mainz,Heidenheim,0,2,38,5,2,0.4695133770227353,0.24913668521988327,0.28134993775738126,0.36845036158230643,0.546992510327374,0.2340680777564188,0.21893941191620747,0.45462822430602123,0.5222731953936897,0.2646943170115158,0.2130324875947945,1.0,144.0,180.0
2024/25,2024-09-28,M'gladbach,Union Berlin,1,0,39,5,0,0.43366841969568926,0.2668283184927504,0.29950326181156023,0.205216831342871,0.4602769973513271,0.25445825749012857,0.2852647451585442,0.18633844720923434,0.44414429767468844,0.2803100898869071,0.2755456124384044,1.0,144.0,180.0
2024/25,2024-09-28,Freiburg,St Pauli,0,3,40,5,2,0.5570828025401338,0.24836705979853194,0.1945501376613344,0.4795453648136726,0.49130248776044616,0.26178049918198704,0.24691701305756672,0.4042560598508701,0.6066080571925418,0.23108878369239688,0.16230315911506135,1.0,144.0,180.0
2024/25,2024-09-28,Bayern Munich,Leverkusen,1,1,41,5,1,0.5381556904145129,0.22551589096950594,0.23632841861598125,0.17273133428552576,0.4764554684153898,0.24836252589078558,0.27518200569382456,0.1513674748203023,0.581316813948902,0.21430443251537884,0.2043787535357192,1.0,144.0,180.0
2024/25,2024-09-28,Wolfsburg,Stuttgart,2,2,42,5,1,0.4050343721228111,0.24459363620691432,0.35037199167027455,0.1434066875739574,0.3563247017872391,0.2570906461980332,0.3865846520147279,0.13820749313855651,0.2658817236744658,0.2547453164001426,0.4793729599253916,1.0,144.0,180.0
2024/25,2024-09-28,RB Leipzig,Augsburg,4,0,43,5,0,0.5625441656041437,0.22180394318658875,0.21565189120926778,0.11893667261455432,0.5927060461126554,0.21420218322440351,0.19309177066294103,0.1015863983854681,0.6420496582249267,0.20030888097513205,0.15764146079994132,1.0,144.0,180.0
2024/25,2024-09-29,Holstein Kiel,Ein Frankfurt,2,4,44,5,2,0.27866577931113606,0.2376703898068878,0.4836638308819764,0.17212882804927965,0.2822143694068121,0.23756248326871496,0.48022314732447285,0.1749064634384806,0.2592924257207394,0.2519413517956669,0.4887662224835937,1.0,144.0,180.0
2024/25,2024-09-29,Hoffenheim,Werder Bremen,3,4,45,5,2,0.4787153486149536,0.24366165807032567,0.2776229933147206,0.3754984623935603,0.5189600450390723,0.23295890179512818,0.24808105316579954,0.41735081547760455,0.4252155464602014,0.25760412735287336,0.3171803261869255,1.0,144.0,180.0
2024/25,2024-10-04,Augsburg,M'gladbach,2,1,46,6,0,0.5299975355754646,0.23611789222057608,0.2338845722039595,0.13780215484008287,0.5253476110393374,0.2264657275776719,0.24818666138299042,0.14344575461724973,0.3970135814511893,0.2628873715014632,0.34009904704734756,1.0,144.0,180.0
2024/25,2024-10-05,St Pauli,Mainz,0,3,47,6,2,0.42521091591428617,0.25717620900756005,0.3176128750781536,0.32322825563588475,0.3712345346430977,0.2706258134531622,0.3581396519037401,0.27489989308496465,0.4480917625528665,0.2876802144200356,0.26422802302709786,1.0,144.0,180.0
2024/25,2024-10-05,Werder Bremen,Freiburg,0,1,48,6,2,0.33646078222585296,0.25396926560557753,0.4095699521685697,0.23090674967912905,0.37700674463714173,0.26276015836585753,0.36023309699700057,0.2757178878399721,0.3540123468617435,0.28136819476005626,0.3646194583782002,1.0,144.0,180.0
2024/25,2024-10-05,Bochum,Wolfsburg,1,3,49,6,2,0.2770135786616114,0.23569726433620666,0.4872891570021819,0.16980446564522303,0.30674585633915835,0.25519062776915735,0.4380635158916841,0.20493281627662943,0.3108995681337866,0.2622953229807957,0.42680510888541767,1.0,144.0,180.0
2024/25,2024-10-05,Leverkusen,Holstein Kiel,2,2,50,6,1,0.693044897679241,0.1672467965569247,0.13970830576383453,0.24991482044931532,0.7567192181272191,0.13966766473703038,0.10361311713575068,0.2916798265628283,0.8879331275944118,0.08085606592129564,0.03121080648429245,1.0,144.0,180.0
2024/25,2024-10-05,Union Berlin,Dortmund,2,1,51,6,0,0.37719566844012536,0.28577997109123343,0.3370243604686413,0.2507353274795194,0.3729195897323825,0.2749316272351479,0.3521487830324693,0.2586193031663264,0.25791014877826546,0.2700892391372391,0.47200061208449545,1.0,144.0,180.0
2024/25,2024-10-06,Heidenheim,RB Leipzig,0,1,52,6,2,0.3639318624865882,0.26389820540496467,0.37216993210844707,0.26330849734083445,0.32473219013026805,0.26784662666087294,0.407421183208859,0.2283003247081946,0.18701142184118985,0.2397819715686543,0.5732066065901559,1.0,144.0,180.0
2024/25,2024-10-06,Ein Frankfurt,Bayern Munich,3,3,53,6,1,0.25465642957588397,0.23775178635948266,0.5075917840646338,0.16124965818712725,0.2797190378789586,0.24314065082114278,0.4771403112998983,0.15295280840964723,0.17193466737374977,0.2024449945695091,0.625620338056741,1.0,144.0,180.0
2024/25,2024-10-06,Stuttgart,Hoffenheim,1,1,54,6,1,0.7386100382903863,0.13640872470834794,0.12498123700126576,0.28058254913284625,0.7216360634959238,0.1463571400428258,0.13200679646125044,0.2690922012249275,0.7331863285556781,0.15361999264976112,0.11319367879456083,1.0,144.0,180.0
2024/25,2024-10-18,Dortmund,St Pauli,2,1,55,7,0,0.5944674147210331,0.22766839144738585,0.17786419383158114,0.09804617458520037,0.6214244131473983,0.21308090713037162,0.1654946797222304,0.08535398198857766,0.7440148756488727,0.16533663903308282,0.09064848531804448,1.0,144.0,180.0
2024/25,2024-10-19,Hoffenheim,Bochum,3,1,56,7,0,0.4610901999571053,0.23582178229384776,0.3030880177490468,0.19114305954265967,0.531595255091991,0.22184647818888356,0.24655826671912542,0.1400969919699382,0.6386687797147386,0.196513470681458,0.1648177496038035,1.0,144.0,180.0
2024/25,2024-10-19,Freiburg,Augsburg,3,1,57,7,0,0.571874523440554,0.2347521615675913,0.1933733149918545,0.11034233131509591,0.501111505203859,0.2500145668076793,0.2488739279884614,0.15541398113618257,0.5746088479975342,0.24216682122589347,0.18322433077657224,1.0,144.0,180.0
2024/25,2024-10-19,Leverkusen,Ein Frankfurt,2,1,58,7,0,0.544416736359583,0.22149068315448514,0.23409258048593198,0.13117772317390808,0.6040342156541891,0.21289687735414145,0.18306890699166922,0.09515156353985885,0.6578796110865738,0.19537030874692193,0.14675008016650434,1.0,144.0,180.0
2024/25,2024-10-19,M'gladbach,Heidenheim,3,2,59,7,0,0.5020981277150648,0.25260629112173844,0.24529558116319694,0.15403809828151718,0.4861847112430943,0.2621524667304754,0.2516628220264304,0.1636701634753245,0.5079550901816023,0.25598792143716637,0.23605698838123126,1.0,144.0,180.0
2024/25,2024-10-19,Bayern Munich,Stuttgart,4,0,60,7,0,0.6174842733482756,0.19752251422195097,0.18499321242977346,0.090270384890492,0.6070710386864945,0.2042372129318222,0.18869174838168343,0.0949988722731234,0.7445284471093566,0.15412213077104517,0.10134942211959828,1.0,144.0,180.0
2024/25,2024-10-19,Mainz,RB Leipzig,0,2,61,7,2,0.3856185601168837,0.26394037915051805,0.35044106073259856,0.28531424474440537,0.4206060641255747,0.2569369494526321,0.32245698642179327,0.3179869982139226,0.23762224548681152,0.24542297576794422,0.5169547787452442,1.0,144.0,180.0
2024/25,2024-10-20,Holstein Kiel,Union Berlin,0,2,62,7,2,0.3053704148308249,0.2650802439617581,0.429549341207417,0.20933252218542103,0.3494488480194645,0.2717733492271671,0.37877780275336875,0.2540157578670319,0.2537163330085797,0.2768471667871397,0.46943650020428046,1.0,144.0,180.0
2024/25,2024-10-20,Wolfsburg,Werder Bremen,2,4,63,7,2,0.3925205332775495,0.26399697288979745,0.3434824938326533,0.29254380247434214,0.44645356164931566,0.26422673803148633,0.289319700319198,0.3521936355318769,0.47998688682989116,0.25582414548717153,0.26418896768293737,1.0,144.0,180.0
2024/25,2024-10-25,Mainz,M'gladbach,1,1,64,8,1,0.36981351397397855,0.24799529542563295,0.3821911906003884,0.14141607064516226,0.455391161203227,0.24536898490607584,0.2992398538906975,0.14846279992927464,0.41924621928166356,0.25868383742911155,0.322069943289225,1.0,144.0,180.0
2024/25,2024-10-26,Augsburg,Dortmund,2,1,65,8,0,0.3975596550330039,0.24511544842395194,0.3573248965430441,0.2453077254667253,0.3949707580446141,0.24082640642015304,0.3642028355352329,0.24935204451650636,0.23431498079385402,0.23431498079385402,0.5313700384122919,1.0,144.0,180.0
2024/25,2024-10-26,RB Leipzig,Freiburg,3,1,66,8,0,0.47728525677329003,0.2560495769005841,0.26666516632612586,0.17217050685915286,0.5479805187812891,0.2334563666368219,0.21856311458188896,0.12604572322848426,0.531206990513666,0.2473559268804094,0.2214370826059246,1.0,144.0,180.0
2024/25,2024-10-26,Stuttgart,Holstein Kiel,2,1,67,8,0,0.6984422263371878,0.16837445401800752,0.133183319644805,0.05433744374404105,0.7331713058728961,0.15561627824593185,0.11121241588117202,0.04178287672785116,0.804175038186325,0.12548895264285953,0.07033600917081557,1.0,144.0,180.0
2024/25,2024-10-26,Werder Bremen,Leverkusen,2,2,68,8,1,0.33243160165299074,0.2304926801893898,0.4370757181576193,0.15077297659028577,0.26259813015102895,0.23075383950344588,0.5066480303455254,0.1628250023059085,0.14959959644365972,0.1864241124913298,0.6639762910650103,1.0,144.0,180.0
2024/25,2024-10-26,St Pauli,Wolfsburg,0,0,69,8,1,0.3557119541478846,0.24388950387224767,0.4003985419798681,0.14342499337165532,0.3513015933921412,0.25846354063833704,0.3902348659695215,0.137848030069054,0.3728486186320836,0.28206808539992406,0.34508329596799225,1.0,144.0,180.0
2024/25,2024-10-27,Bochum,Bayern Munich,0,5,70,8,2,0.1696002827861279,0.18119744643910063,0.6492022707747711,0.07591165137535566,0.14771325028698026,0.1556365294311996,0.69665022028182,0.05692014658270617,0.05346697215526185,0.1005246542729844,0.8460083735717537,1.0,144.0,180.0
2024/25,2024-10-27,Union Berlin,Ein Frankfurt,1,1,71,8,1,0.4822661008468812,0.23470577786732527,0.28302812128579335,0.15634275473231002,0.42910503506824915,0.2479325425601566,0.32296242237159417,0.14421792869252567,0.38170160030174044,0.3022792176302602,0.31601918206799934,1.0,144.0,180.0
2024/25,2024-10-27,Heidenheim,Hoffenheim,0,0,72,8,1,0.4514390220431325,0.23803772054390954,0.3105232574129582,0.150110942008807,0.4434976091062827,0.24252201152558142,0.3139803793681357,0.14763690395557383,0.33786485405837663,0.2878848460615754,0.37425029988004793,1.0,144.0,180.0
2024/25,2024-11-01,Leverkusen,Stuttgart,0,0,73,9,1,0.475240568217144,0.2435731142989412,0.2811863174839151,0.1524596714097594,0.4825558301622572,0.24406447481709637,0.27337969502064635,0.15379829343658344,0.5948790306921593,0.213110509896312,0.19201045941152864,1.0,144.0,180.0
2024/25,2024-11-02,Ein Frankfurt,Bochum,7,2,74,9,0,0.6694914651773004,0.174853458398426,0.1556550764242737,0.06673219720364704,0.6609324379748843,0.18071523329576097,0.15835232872935495,0.07002113581583264,0.6594142986805852,0.19449391435831404,0.14609178696110084,1.0,144.0,180.0
2024/25,2024-11-02,Bayern Munich,Union Berlin,3,0,75,9,0,0.7037386886477006,0.18865900081187875,0.1076023105404208,0.049674510918910605,0.7177612960203241,0.17930995285502013,0.10292875112465578,0.04512650691610421,0.8408038678034135,0.10888788828535197,0.050308243911234424,1.0,144.0,180.0
2024/25,2024-11-02,Hoffenheim,St Pauli,0,2,76,9,2,0.43504072969752283,0.2563679100621109,0.3085913602403666,0.3336531718150101,0.40893802605975865,0.25464435799906887,0.33641761594117237,0.30378594479542453,0.5132481749469106,0.25130545353618156,0.23544637151690795,1.0,144.0,180.0
2024/25,2024-11-02,Wolfsburg,Augsburg,1,1,77,9,1,0.446658929211765,0.26480320494490456,0.2885378658433304,0.14137914953501213,0.423704405228558,0.26672616537429017,0.3095694293971521,0.13767932731368213,0.46357133558281993,0.2711698620400897,0.2652588023770905,1.0,144.0,180.0
2024/25,2024-11-02,Holstein Kiel,Heidenheim,1,0,78,9,0,0.352959070359562,0.26533105433425325,0.38170987530618494,0.2821821967681127,0.362019122872248,0.262913499298188,0.3750673778295637,0.2738475687463203,0.3889845094664372,0.2868617326448652,0.3241537578886976,1.0,144.0,180.0
2024/25,2024-11-02,Dortmund,RB Leipzig,2,1,79,9,0,0.35271932992979604,0.2519402095866588,0.39534046048354504,0.28763317277093686,0.36820822730358327,0.24395914034442465,0.38783263235199206,0.27478749738197805,0.44394022884185275,0.25318466176136917,0.30287510939677803,1.0,144.0,180.0
2024/25,2024-11-03,Freiburg,Mainz,0,0,80,9,1,0.5209472811027396,0.23665446103926363,0.24239825785799649,0.16507149255046435,0.4669396759043431,0.2585732597203124,0.27448706437534426,0.14668790472152377,0.5483431208053691,0.2567638422818792,0.19489303691275164,1.0,144.0,180.0
2024/25,2024-11-03,M'gladbach,Werder Bremen,4,1,81,9,0,0.3825401248067792,0.2342565797205592,0.38320329547266174,0.2640507315673679,0.36399872202744693,0.23668784297392573,0.39931343499862737,0.2819744224765618,0.4158428676723867,0.26087729500090745,0.32327983732670595,1.0,144.0,180.0
2024/25,2024-11-08,Union Berlin,Freiburg,0,0,82,10,1,0.3762161897865139,0.2748058277524902,0.34897798246099593,0.13166212685001474,0.400879714834894,0.2718584955556454,0.32726178960946073,0.1339024123522464,0.39248207652445083,0.2994940153171194,0.3080239081584297,1.0,144.0,180.0
2024/25,2024-11-09,Mainz,Dortmund,3,1,83,10,0,0.2419524976562915,0.2512316870227728,0.5068158153209354,0.4157491432344798,0.29646239122913093,0.25787391795399456,0.4456636908168748,0.34679064613377564,0.25957078044553195,0.25615537543966965,0.48427384411479846,1.0,144.0,180.0
2024/25,2024-11-09,RB Leipzig,M'gladbach,0,0,84,10,1,0.4924855271945144,0.227667299728326,0.2798471730771598,0.16042821738766827,0.5203225694385502,0.22637800748325954,0.2532994230781904,0.16744808699943944,0.5836672001374851,0.2202017164155057,0.19613108344700914,1.0,144.0,180.0
2024/25,2024-11-09,Bochum,Leverkusen,1,1,85,10,1,0.20151484947695925,0.1799709750338571,0.6185141754891835,0.2115840099203931,0.15454659117335803,0.14777237871304758,0.6976810301135946,0.25532173431183564,0.08575262345103814,0.1417877445020102,0.7724596320469517,1.0,144.0,180.0
2024/25,2024-11-09,Werder Bremen,Holstein Kiel,2,1,86,10,0,0.5147485126202193,0.24295162130132134,0.24229986607845957,0.14708911555296444,0.48384508266490084,0.26043694669854683,0.25571797063655244,0.16590378959783988,0.6019548424389988,0.22279248191420417,0.1752526756467971,1.0,144.0,180.0
2024/25,2024-11-09,St Pauli,Bayern Munich,0,1,87,10,2,0.143936702907858,0.18388259636090648,0.6721807007312354,0.06409163370852439,0.15253076063895274,0.17271439863887458,0.6747548407221728,0.06452502328737837,0.06008731640278483,0.12595676728386104,0.8139559163133542,1.0,144.0,180.0
2024/25,2024-11-10,Augsburg,Hoffenheim,0,0,88,10,1,0.575873003891538,0.23057951006171762,0.1935474860467446,0.184545172983039,0.5155924460060582,0.2552025973235305,0.22920495667041102,0.1591852412703976,0.44645903590557434,0.28541955961118826,0.2681214044832375,1.0,144.0,180.0
2024/25,2024-11-10,Stuttgart,Ein Frankfurt,2,3,89,10,2,0.427926041136534,0.23028579177469183,0.3417881670887739,0.3081817568335711,0.47697164436692,0.23206086901665565,0.29096748661642413,0.365114527282557,0.5426809339934393,0.24454988924261312,0.21276917676394755,1.0,144.0,180.0
2024/25,2024-11-10,Heidenheim,Wolfsburg,1,3,90,10,2,0.45775125483526696,0.25553890486960407,0.2867098402951291,0.359159531617531,0.4013691518958993,0.27513374398678386,0.323497104117317,0.3093766821156449,0.32989452168379646,0.2958020787134345,0.37430339960276904,1.0,144.0,180.0
2024/25,2024-11-22,Bayern Munich,Augsburg,3,0,91,11,0,0.7380034282191138,0.1641543553596696,0.09784221642121631,0.03910765146957662,0.775737347186687,0.13705639734856181,0.08720625546475119,0.028949334219524017,0.8735282947208508,0.08431447018609951,0.04215723509304976,1.0,144.0,180.0
2024/25,2024-11-23,Dortmund,Freiburg,4,0,92,11,0,0.4437996609746139,0.238381090882705,0.31781924814268075,0.2051839458109668,0.43181854460195696,0.2483305964637436,0.3198508589342992,0.2125673691096238,0.5339201885099292,0.2510942488599667,0.21498556263010427,1.0,144.0,180.0
2024/25,2024-11-23,Leverkusen,Heidenheim,5,2,93,11,0,0.6008002200217187,0.2197843501780733,0.17941542980020825,0.09577518039255077,0.6825482810114535,0.1838486807630266,0.13360303822552,0.05931268285593641,0.7989437507882456,0.13028597553285406,0.07077027367890024,1.0,144.0,180.0
2024/25,2024-11-23,Hoffenheim,RB Leipzig,4,3,94,11,0,0.26573446286134533,0.24012320066301893,0.49414233647563616,0.3916612638635587,0.26048217636160337,0.2291883257211335,0.5103294979172629,0.40366140396167827,0.30285171725108867,0.2592410699669319,0.4379072127819795,1.0,144.0,180.0
2024/25,2024-11-23,Wolfsburg,Union Berlin,1,0,95,11,0,0.4507003667169695,0.2665361479442199,0.28276348533880996,0.19084263788291173,0.41782732277413576,0.26896897511492607,0.31320370211093784,0.21851079256216377,0.4461302273284226,0.2938259503250638,0.2600438223465137,1.0,144.0,180.0
2024/25,2024-11-23,Stuttgart,Bochum,2,0,96,11,0,0.6314909525193371,0.19500983825005427,0.17349920923060863,0.08295044683937601,0.7092897420839833,0.15935522865652244,0.13135502925949452,0.05088329888467977,0.7226341642260485,0.1611197637375882,0.11624607203636315,1.0,144.0,180.0
2024/25,2024-11-23,Ein Frankfurt,Werder Bremen,1,0,97,11,0,0.5069667089274902,0.2182544478515209,0.274778843220989,0.1592926193938275,0.5074240150521221,0.22272933722236865,0.2698466477255092,0.15772415711803356,0.5425862291848926,0.23516449158376704,0.22224927923134044,1.0,144.0,180.0
2024/25,2024-11-24,Holstein Kiel,Mainz,0,3,98,11,2,0.40520038797822383,0.24947043385315626,0.34532917816861974,0.2963906196875389,0.36376919070171254,0.24460378296477264,0.3916270263335146,0.25122284959579033,0.2902991604147663,0.2868738015898133,0.42282703799542054,1.0,144.0,180.0
2024/25,2024-11-24,M'gladbach,St Pauli,2,0,99,11,0,0.5122244358161228,0.2664623582742311,0.22131320590964637,0.1434522680624526,0.4981778525570883,0.26032842685599095,0.24149372058692065,0.15507234237356457,0.5061322692330262,0.25913972184730943,0.23472800891966433,1.0,144.0,180.0
2024/25,2024-11-29,St Pauli,Holstein Kiel,3,1,100,12,0,0.4342323499784162,0.28645194489783743,0.2793157051237465,0.1990551484698605,0.42900593604139126,0.2788044579608904,0.29218960599771876,0.20570449346453484,0.5771744110342166,0.2510107464654015,0.1718148425003818,1.0,144.0,180.0
2024/25,2024-11-30,Dortmund,Bayern Munich,1,1,101,12,1,0.16686511976845228,0.20545464184990583,0.627680238381642,0.21091322492508735,0.19409310709945723,0.22861173824724038,0.5772951546533024,0.18547091490485085,0.20679602466382493,0.23258353853077673,0.5606204368053983,1.0,144.0,180.0
2024/25,2024-11-30,Augsburg,Bochum,1,0,102,12,0,0.5004902399055924,0.24312809359550433,0.25638166649890326,0.15762077967316376,0.4620424304832583,0.2522061557180343,0.2857514137987076,0.18552610854416002,0.5336916055836852,0.2556101900427124,0.2106982043736024,1.0,144.0,180.0
2024/25,2024-11-30,Freiburg,M'gladbach,3,1,103,12,0,0.5572093798146417,0.23107751185145278,0.21171310833390591,0.12044298678226913,0.5085864572027667,0.23035023099754587,0.2610633117996872,0.1548206614061745,0.46728227654028187,0.26198035989320384,0.27073736356651434,1.0,144.0,180.0
2024/25,2024-11-30,RB Leipzig,Wolfsburg,1,5,104,12,2,0.4413342485061686,0.25821641767812814,0.3004493338157031,0.342073526731699,0.4969479382573224,0.24965507305256016,0.2533969886901174,0.4021866549175941,0.5417323212768959,0.24928042547188783,0.20898725325121634,1.0,144.0,180.0
2024/25,2024-11-30,Union Berlin,Leverkusen,1,2,105,12,2,0.3086790539623337,0.2772531687307174,0.41406777730694894,0.2192996639725503,0.24225782147691927,0.2681193364722163,0.4896228420508643,0.15958684771148993,0.20101467745574508,0.2826949930789729,0.5162903294652821,1.0,144.0,180.0
2024/25,2024-11-30,Werder Bremen,Stuttgart,2,2,106,12,1,0.3643082001484152,0.2538581230118272,0.38183367683975783,0.1392587107321731,0.34087103827717585,0.24565514638867858,0.4134738153341455,0.14357683035156749,0.37882127601355975,0.2734749099311372,0.34770381405530304,1.0,144.0,180.0
2024/25,2024-12-01,Heidenheim,Ein Frankfurt,0,4,107,12,2,0.32733174034305856,0.21079075981141654,0.46187749984552506,0.19836094670425933,0.37231974720206995,0.22626140407016193,0.401418848727768,0.2484606944075019,0.237493383857624,0.2743920734400232,0.48811454270235277,1.0,144.0,180.0
2024/25,2024-12-01,Mainz,Hoffenheim,2,0,108,12,0,0.6050344651403546,0.21527324582031263,0.17969228903933276,0.09414354623358043,0.5783227440887526,0.22793328004823005,0.19374397586301728,0.10767421816802453,0.4518678600066882,0.2721333050460447,0.27599883494726696,1.0,144.0,180.0
2024/25,2024-12-06,Stuttgart,Union Berlin,3,2,109,13,0,0.47667182323097507,0.27313432163113743,0.2501938551378874,0.16823467287457505,0.5066452080691023,0.25821590823633195,0.23513888369456593,0.14934462267315296,0.5033956215463787,0.2767958830725102,0.21980849538111105,1.0,144.0,180.0
2024/25,2024-12-07,M'gladbach,Dortmund,1,1,110,13,1,0.308607100460767,0.22500438016487237,0.4663885193743603,0.15637829672950515,0.3289825572095275,0.23418936753523953,0.4368280752552332,0.14952414513965573,0.2818625054134477,0.250625165895978,0.4675123286905743,1.0,144.0,180.0
2024/25,2024-12-07,Leverkusen,St Pauli,2,1,111,13,0,0.7151531014682224,0.1733757327691405,0.11147116576263691,0.04678178819982705,0.7237719392197107,0.17288389056631226,0.10334417021397704,0.04349097953982732,0.7577504429430066,0.16005289883944693,0.08219665821754647,1.0,144.0,180.0
2024/25,2024-12-07,Holstein Kiel,RB Leipzig,0,2,112,13,2,0.40192607206175734,0.25896241938327685,0.33911150855496575,0.2991590827637429,0.2912728182260672,0.2344247866152908,0.4743023951586418,0.18059891318664809,0.13935820498016138,0.19725855898413883,0.6633832360356997,1.0,144.0,180.0
2024/25,2024-12-07,Ein Frankfurt,Augsburg,2,2,113,13,1,0.44655643319106564,0.2446453725207042,0.30879819428823013,0.14738448640999913,0.5324207598247244,0.22500461596796711,0.2425746242073083,0.1711571569008269,0.6285348940146559,0.21998721290512957,0.15147789308021442,1.0,144.0,180.0
2024/25,2024-12-07,Bochum,Werder Bremen,0,1,114,13,2,0.29802239392420016,0.22932920215343128,0.47264840392236845,0.1834585265829682,0.28816265599802043,0.22626462418655433,0.4855727198154255,0.17383657145496623,0.26892670970414606,0.25618807608658123,0.4748852142092726,1.0,144.0,180.0
2024/25,2024-12-07,Bayern Munich,Heidenheim,4,2,115,13,0,0.8288533359373053,0.09917471783725094,0.07197194622544384,0.017235570831633528,0.8125172900748407,0.11222084538440824,0.07526186454075083,0.02040705738751588,0.8734260135381032,0.08617803333575953,0.04039595312613727,1.0,144.0,180.0
2024/25,2024-12-08,Wolfsburg,Mainz,4,3,116,13,0,0.4010022187523697,0.2686322817144621,0.330365499533168,0.2339698526106919,0.4027285374866559,0.28028657992287437,0.31698488259046964,0.22860630786186148,0.4566268532453809,0.28191744852540906,0.26145569822921,1.0,144.0,180.0
2024/25,2024-12-08,Hoffenheim,Freiburg,1,1,117,13,1,0.2611756107340613,0.2385535085260593,0.5002708807398794,0.15924182687928226,0.29525616381071246,0.23662098138762552,0.4681228548016621,0.15315760472793813,0.38786816081348563,0.29501487383086333,0.31711696535565115,1.0,144.0,180.0
2024/25,2024-12-13,Freiburg,Wolfsburg,3,2,118,14,0,0.5518757739914276,0.2313396525374202,0.21678457347115243,0.12390543661542572,0.519787884341134,0.24702612740041485,0.23318598825845088,0.14248969057281732,0.4193986319660453,0.28121526767665467,0.2993861003573,1.0,144.0,180.0
2024/25,2024-12-14,St Pauli,Werder Bremen,0,2,119,14,2,0.3514108880255355,0.2650958543683868,0.3834932576060776,0.2517850878200308,0.2991160422074976,0.2540023686862592,0.4468815891062433,0.19770519158775612,0.324556958107831,0.30522597941175333,0.37021706248041564,1.0,144.0,180.0
2024/25,2024-12-14,Union Berlin,Bochum,0,2,120,14,2,0.5294718430487252,0.25028361094939805,0.22024454600187715,0.4441795003106166,0.47225437975333945,0.25949196820778325,0.26825365203887724,0.3792384584753259,0.5817503277206022,0.2472068822629531,0.17104279001644468,1.0,144.0,180.0
2024/25,2024-12-14,M'gladbach,Holstein Kiel,4,1,121,14,0,0.6018906871273175,0.21677351545167034,0.18133579742101225,0.09568684821113686,0.620068719166118,0.20951052284736635,0.17042075798651538,0.0866955064543863,0.6844683057101995,0.1850264040010558,0.1305052902887447,1.0,144.0,180.0
2024/25,2024-12-14,Mainz,Bayern Munich,2,1,122,14,0,0.2213930650335673,0.2409962447224072,0.5376106902440254,0.44762700672124023,0.23381103886678317,0.2590842409473211,0.507104720185896,0.4221003606986069,0.15491056361795477,0.21127235909551131,0.6338170772865339,1.0,144.0,180.0
2024/25,2024-12-14,Augsburg,Leverkusen,0,2,123,14,2,0.3392466015649724,0.31909329957719645,0.34166009885783105,0.2742498410546319,0.2734072901003261,0.29706822491094853,0.4295244849887256,0.20009692975369142,0.15378448746780932,0.2368807508672858,0.6093347616649049,1.0,144.0,180.0
2024/25,2024-12-15,RB Leipzig,Ein Frankfurt,2,1,124,14,0,0.43872391961498214,0.22135941578432894,0.3399166646006888,0.21528708864281312,0.4002571673673985,0.22164697404486108,0.3780958585877403,0.2513239717876886,0.42313067270774796,0.2588299327733565,0.3180393945188955,1.0,144.0,180.0
2024/25,2024-12-15,Dortmund,Hoffenheim,1,1,125,14,1,0.629469122890466,0.21151670736035016,0.15901416974918395,0.2107584414267574,0.6235206736571552,0.21276099021018463,0.16371833613266037,0.2077908620319597,0.7112940703978886,0.1755644166499326,0.11314151295217878,1.0,144.0,180.0
2024/25,2024-12-15,Heidenheim,Stuttgart,1,3,126,14,2,0.38954679095630823,0.23944123329621025,0.3710119757474817,0.27368631849872227,0.38732081500485244,0.23661721559191076,0.37606196940323655,0.2696580398804953,0.20589485125560447,0.23877732135785085,0.5553278273865445,1.0,144.0,180.0
2024/25,2024-12-20,Bayern Munich,RB Leipzig,5,1,127,15,0,0.7772892113980002,0.13306171370162123,0.08964907490037867,0.02881852599510916,0.7948688075715858,0.1213476936449739,0.08378349878344012,0.02454924038774891,0.7919768481402786,0.1312787710232527,0.07674438083646862,1.0,144.0,180.0
2024/25,2024-12-21,Leverkusen,Freiburg,5,1,128,15,0,0.6095381712129587,0.2153188912233746,0.17514293756366664,0.09156774415907558,0.6149237806013278,0.22356418944007792,0.16151202995859437,0.08718491528386008,0.6986104748816614,0.18253168422659946,0.11885784089173919,1.0,144.0,180.0
2024/25,2024-12-21,Werder Bremen,Union Berlin,4,1,129,15,0,0.3661007145339892,0.2883379143470255,0.34556137111898566,0.26062048266197607,0.3971734265883015,0.27694878516990395,0.3258777882417946,0.23479810524032685,0.4173233652417087,0.29918875108097887,0.2834878836773123,1.0,144.0,180.0
2024/25,2024-12-21,Holstein Kiel,Augsburg,5,1,130,15,0,0.31221296972857226,0.31997241967964235,0.36781461059178566,0.3041692933871883,0.3354635586079036,0.30999647943082437,0.35453996196127163,0.2836536332827857,0.27079086423624915,0.2893271436333733,0.43988199213037754,1.0,144.0,180.0
2024/25,2024-12-21,Hoffenheim,M'gladbach,1,2,131,15,2,0.31107011941206203,0.24281060865201606,0.4461192719359218,0.20177424005591385,0.37655456382208946,0.25914969500939244,0.3642957411685181,0.27295662211586386,0.422637675570651,0.26778695697313976,0.3095753674562093,1.0,144.0,180.0
2024/25,2024-12-21,Ein Frankfurt,Mainz,1,3,132,15,2,0.31279382100505626,0.21903085663426278,0.46817532236068066,0.1903387311025544,0.31722328341867273,0.221311404785568,0.46146531179575917,0.1953251109710812,0.4625676967187001,0.26983115641924177,0.26760114686205794,1.0,144.0,180.0
2024/25,2024-12-21,Stuttgart,St Pauli,0,1,133,15,2,0.6060740623163454,0.2258948714103495,0.16803106627330522,0.5297490378494856,0.6224199741775062,0.22450047415517418,0.1530795516673196,0.5523404350295779,0.6643365678575569,0.2033399138515793,0.132323518290864,1.0,144.0,180.0
2024/25,2024-12-22,Wolfsburg,Dortmund,1,3,134,15,2,0.42441230652829165,0.2751216331459598,0.3004660603257485,0.334736769344422,0.3915941493147944,0.27959440056567436,0.328811450119531,0.301920023634112,0.28993096027974535,0.25831614812158166,0.45175289159867305,1.0,144.0,180.0
2024/25,2024-12-22,Bochum,Heidenheim,2,0,135,15,0,0.41627528027977767,0.2405760440550049,0.3431486756652173,0.22924278101162235,0.4408385265486161,0.2412416514463622,0.31791982200502167,0.20686728330801368,0.4603542277827243,0.2799272105537603,0.25971856166351553,1.0,144.0,180.0
2024/25,2025-01-10,Dortmund,Leverkusen,2,3,136,16,2,0.3465588998287125,0.2953356195711718,0.358105480600116,0.26606582254304806,0.3544843592310247,0.287301924643052,0.3582137161259232,0.26877439755416355,0.2502941805733847,0.2542255027813436,0.4954803166452717,1.0,144.0,180.0
2024/25,2025-01-11,Freiburg,Holstein Kiel,3,2,137,16,0,0.6364605121244166,0.20977389405636665,0.15376559381921684,0.07790240854370893,0.6595051506397788,0.19689400068424867,0.1436008486759726,0.06827897309064966,0.663736659400353,0.19227292117549907,0.14399041942414792,1.0,144.0,180.0
2024/25,2025-01-11,Heidenheim,Union Berlin,2,0,138,16,0,0.3370254944753935,0.2646339102870535,0.3983405952375528,0.2991052123949023,0.37569366634609236,0.26534678305697196,0.35895955059693546,0.25930517860256913,0.2993861003573,0.28121526767665467,0.4193986319660453,1.0,144.0,180.0
2024/25,2025-01-11,Hoffenheim,Wolfsburg,0,1,139,16,2,0.42870379917502005,0.25512106569100945,0.31617513513397044,0.3257016966180697,0.4983632294908594,0.24469750207022248,0.25693926843891807,0.4002525796483246,0.4119689726706955,0.27938125732840263,0.30864977000090194,1.0,144.0,180.0
2024/25,2025-01-11,Mainz,Bochum,2,0,140,16,0,0.5998662772215402,0.20412548092741095,0.19600824185104887,0.09926311348904432,0.6767159273156778,0.1846759227047652,0.13860814997955714,0.06186240544605877,0.5779332589933227,0.24456621539264037,0.17750052561403698,1.0,144.0,180.0
2024/25,2025-01-11,St Pauli,Ein Frankfurt,0,1,141,16,2,0.25651024434191044,0.21667396879261752,0.5268157868654718,0.1448504025060445,0.3080032850660409,0.2364963054706719,0.45550040946328735,0.1956729138530604,0.27130168497743207,0.28316619015137223,0.4455321248711958,1.0,144.0,180.0
2024/25,2025-01-11,M'gladbach,Bayern Munich,0,1,142,16,2,0.15526388072329053,0.18584277342302807,0.6588933458536815,0.0702303110800762,0.15966145150332395,0.18313448322777764,0.657204065268898,0.07150041598215896,0.11162158627630481,0.1653370936652433,0.723041320058452,1.0,144.0,180.0
2024/25,2025-01-12,RB Leipzig,Werder Bremen,4,2,143,16,0,0.5003084495372377,0.24657985247054623,0.25311169799221594,0.156878588632191,0.44814630380075315,0.26570625097060924,0.2861474452286376,0.19321143120982343,0.508505453965796,0.2522715369025118,0.23922300913169225,1.0,144.0,180.0
2024/25,2025-01-12,Augsburg,Stuttgart,0,1,144,16,2,0.44412434846427495,0.2813089615210469,0.2745666900146779,0.3617499620675384,0.3986912365309984,0.27377696525225376,0.3275317982167477,0.3055840922481086,0.23392248897180784,0.2630835580577243,0.5029939529704678,1.0,144.0,180.0
2024/25,2025-01-14,Leverkusen,Mainz,1,0,145,17,0,0.4717917722681321,0.2503118490161045,0.27789637871576295,0.17811516457348786,0.5159308370680702,0.24840234019599505,0.23566682273593453,0.14493090292003485,0.7059865953747786,0.18422888298351364,0.1097845216417079,1.0,144.0,180.0
2024/25,2025-01-14,Ein Frankfurt,Freiburg,4,1,146,17,0,0.577236489412909,0.19620701520107234,0.22655649538601835,0.1150284157427583,0.5375826947643205,0.21437478227409754,0.2480425229615816,0.13767742868928723,0.5715610288918421,0.2352672516019689,0.19317171950618917,1.0,144.0,180.0
2024/25,2025-01-14,Wolfsburg,M'gladbach,5,1,147,17,0,0.5505007136219724,0.2073754298202223,0.2421238565578055,0.13033678518439037,0.5334498241142845,0.21659495824827588,0.24995521763743933,0.1400733387215859,0.5108230996424685,0.2547411782993938,0.23443572205813779,1.0,144.0,180.0
2024/25,2025-01-14,Holstein Kiel,Dortmund,4,2,148,17,0,0.20819300911659103,0.22899802468183728,0.562808966201572,0.4718561216243604,0.23268307006880645,0.22625129652908832,0.5410656334021055,0.44076364530392675,0.14085177254342135,0.2024744230311682,0.6566738044254103,1.0,144.0,180.0
2024/25,2025-01-15,Union Berlin,Augsburg,0,2,149,17,2,0.5405470456433199,0.2672644594308498,0.19218849492583026,0.4723752681419583,0.5403048951478568,0.2650099333121986,0.19468517153994444,0.4702306763291926,0.44181312589738464,0.2918885516439178,0.2662983224586976,1.0,144.0,180.0
2024/25,2025-01-15,Stuttgart,RB Leipzig,2,1,150,17,0,0.6190648461608721,0.18496171403510672,0.19597343980402118,0.09175859026953018,0.586015158127486,0.19597785409990798,0.21800698777260646,0.10945524800894783,0.4830360074422677,0.2502325708657109,0.2667314216920214,1.0,144.0,180.0
2024/25,2025-01-15,Werder Bremen,Heidenheim,3,3,151,17,1,0.41953870184082903,0.26140964336955597,0.319051654789615,0.13890334038313984,0.4614583562510663,0.2502482117159332,0.2882934320330005,0.14802845875365114,0.5507663286960622,0.23758547512379155,0.2116481961801462,1.0,144.0,180.0
2024/25,2025-01-15,Bochum,St Pauli,1,0,152,17,0,0.2685946107590933,0.25338078340579984,0.4780246058351071,0.38173068359722573,0.29457766394559726,0.2607830557192128,0.4446392803351899,0.3476623809107232,0.38020492528925875,0.2985658309019946,0.3212292438087467,1.0,144.0,180.0
2024/25,2025-01-15,Bayern Munich,Hoffenheim,5,0,153,17,0,0.7885192401446908,0.12637235767804098,0.08510840217726803,0.025983775955073302,0.7558233844425462,0.1481221874842403,0.09605442807321339,0.03442433636878238,0.8800752887441703,0.08246020593003299,0.037464505325796725,1.0,144.0,180.0
2024/25,2025-01-17,Ein Frankfurt,Dortmund,2,0,154,18,0,0.6212508063124528,0.2035411801733514,0.17520801351419588,0.08707439985927888,0.5869639809716614,0.2198794370634172,0.19315658196492164,0.10395410908557477,0.33693799255381474,0.2719974297431633,0.39106457770302194,1.0,144.0,180.0
2024/25,2025-01-18,Leverkusen,M'gladbach,3,1,155,18,0,0.7660473357421864,0.12934084751512553,0.10461181674268806,0.0328387406577675,0.7487041713838288,0.1384389158066778,0.11285691280949345,0.037943138124388834,0.7661358551580214,0.14805692906428022,0.0858072157776984,1.0,144.0,180.0
2024/25,2025-01-18,Stuttgart,Freiburg,4,0,156,18,0,0.7267983348656282,0.15937435302767686,0.11382731210669494,0.04379790340681419,0.7844346413304479,0.12385975363838753,0.09170560503116473,0.02743917092623229,0.6027601213995305,0.22206951841035333,0.17517036019011628,1.0,144.0,180.0
2024/25,2025-01-18,Holstein Kiel,Hoffenheim,1,3,157,18,2,0.507385015370921,0.258514167981889,0.23410081664719037,0.4220205564417254,0.44431844154353156,0.2682681782258995,0.28741338023056906,0.3525992840850482,0.32547471045024273,0.27568537797343506,0.3988399115763221,1.0,144.0,180.0
2024/25,2025-01-18,Heidenheim,St Pauli,0,2,158,18,2,0.40213618367958953,0.2644582998633103,0.3334055164571004,0.303030857857105,0.39788677728501226,0.270561502930013,0.33155171978497466,0.302568495430339,0.4038010492164868,0.28126026838489404,0.3149386823986192,1.0,144.0,180.0
2024/25,2025-01-18,Bochum,RB Leipzig,3,3,159,18,1,0.4531036970725646,0.24656241078912647,0.3003338921383088,0.1477517035338859,0.3594816683383983,0.25929157480529824,0.38122675685630314,0.13728045500726666,0.28686244543885303,0.27705518234692644,0.4360823722142205,1.0,144.0,180.0
2024/25,2025-01-18,Bayern Munich,Wolfsburg,3,2,160,18,0,0.8156271075665286,0.11183202777099198,0.07254086466247925,0.019627770255132293,0.8256221592625527,0.10417492564858365,0.07020291508886352,0.017668040313614373,0.846774193548387,0.10725806451612901,0.04596774193548386,1.0,144.0,180.0
2024/25,2025-01-19,Union Berlin,Mainz,2,1,161,18,0,0.3471347723025444,0.2750191831216401,0.3778460445758156,0.2845003194690199,0.33191188140014255,0.26633208252289575,0.40175603607696175,0.3038748233692851,0.3405167050332856,0.3091675480619672,0.3503157469047471,1.0,144.0,180.0
2024/25,2025-01-19,Werder Bremen,Augsburg,0,2,162,18,2,0.5829388742907754,0.23416202618389298,0.1828990995253316,0.5037358063579551,0.5549618061224524,0.24982938433716187,0.19520880954038577,0.47783573324804873,0.5084333204596865,0.26035057428364644,0.23121610525666694,1.0,144.0,180.0
2024/25,2025-01-24,Wolfsburg,Holstein Kiel,2,2,163,19,1,0.580575146594635,0.2221407012629526,0.19728415214241235,0.18799426876496625,0.5736820269785874,0.23229459011120748,0.19402338291020507,0.18337807059709038,0.6546140015802014,0.19479404500463482,0.1505919534151637,1.0,144.0,180.0
2024/25,2025-01-25,M'gladbach,Bochum,3,0,164,19,0,0.5386225597288194,0.2387352131120094,0.22264222715917106,0.13121935185279138,0.5200698709295638,0.2421294161549422,0.23780071291549418,0.14344105392634138,0.5481387039864795,0.237214060160408,0.21464723585311254,1.0,144.0,180.0
2024/25,2025-01-25,RB Leipzig,Leverkusen,2,2,165,19,1,0.2740026920366204,0.22509094857454448,0.5009063593888353,0.16299232805974592,0.31483864403055084,0.2476250891299068,0.4375362668395422,0.14528067828743957,0.2681217396870099,0.2749383940858322,0.45693986622715776,1.0,144.0,180.0
2024/25,2025-01-25,Freiburg,Bayern Munich,1,2,166,19,2,0.15889897090449465,0.19591228810259803,0.6451887409929074,0.07556995623635282,0.16130241482702126,0.20589991145934536,0.6327976737136334,0.08042800872957384,0.07296300097590167,0.141646647055856,0.7853903519682423,1.0,144.0,180.0
2024/25,2025-01-25,Augsburg,Heidenheim,2,1,167,19,0,0.6281640258943013,0.22493139225553757,0.1469045818501612,0.07992147390385225,0.5876499735312247,0.24604744815454357,0.16630257831423137,0.09884454594138041,0.48317771669815385,0.27280539622564304,0.24401688707620325,1.0,144.0,180.0
2024/25,2025-01-25,Dortmund,Werder Bremen,2,2,168,19,1,0.4148287844616308,0.24157300741928892,0.3435982081190804,0.14507132452027846,0.48975194777505876,0.24883664373811745,0.2614114084868237,0.15409644741826445,0.6369426751592356,0.20169851380042464,0.1613588110403397,1.0,144.0,180.0
2024/25,2025-01-25,Mainz,Stuttgart,2,0,169,19,0,0.4597432230869986,0.242257230839371,0.2979995460736303,0.19034055723025714,0.4825049842521738,0.24532174679960236,0.2721732689482235,0.17093968982690252,0.2879807904777338,0.28132227509096536,0.43069693443130097,1.0,144.0,180.0
2024/25,2025-01-26,St Pauli,Union Berlin,3,0,170,19,0,0.450745840227742,0.27557497654292396,0.27367918322933404,0.18829021368010226,0.5048028292008258,0.2632930945754935,0.2319040762236807,0.14949986926833267,0.407153887103899,0.30409305943072457,0.2887530534653764,1.0,144.0,180.0
2024/25,2025-01-26,Hoffenheim,Ein Frankfurt,2,2,171,19,1,0.28805662651379643,0.2757085468318075,0.4362348266543959,0.1366387220323499,0.23699423201566755,0.22581319073103095,0.5371925772533016,0.1723710655323702,0.28367434750212506,0.25077397214749725,0.46555168035037764,1.0,144.0,180.0
2024/25,2025-01-31,Werder Bremen,Mainz,1,0,172,20,0,0.3665748270710661,0.23404901553996335,0.3993761573889706,0.28036438239541484,0.35964373499450886,0.24151405828175654,0.3988422067237346,0.28456562599802054,0.4061036836464151,0.2825069103627236,0.3113894059908614,1.0,144.0,180.0
2024/25,2025-02-01,Bayern Munich,Holstein Kiel,4,3,173,20,0,0.8371620469925648,0.10124787475189007,0.061590078255545126,0.015154768339587926,0.8490701124819721,0.09042098709197587,0.06050890042605206,0.013220578988487225,0.9274975751697382,0.05358874878758487,0.018913676042677015,1.0,144.0,180.0
2024/25,2025-02-01,Bochum,Freiburg,0,1,174,20,2,0.3300598079266962,0.27949706107796923,0.3904431309953349,0.24024952667968924,0.41119214133060716,0.29221768543678767,0.2965901732326048,0.3319321807424932,0.3548728813559322,0.2902542372881356,0.3548728813559322,1.0,144.0,180.0
2024/25,2025-02-01,Heidenheim,Dortmund,1,2,175,20,2,0.30674568105131883,0.23091406004683043,0.4623402589018506,0.19158545502068317,0.3499294773785662,0.2485959593492942,0.40147456327213976,0.24034166877435625,0.20100199603068541,0.23572496858099845,0.5632730353883162,1.0,144.0,180.0
2024/25,2025-02-01,St Pauli,Augsburg,1,1,176,20,1,0.3862792771387499,0.3237691956550131,0.28995152720623674,0.11664178403803215,0.4040264030888629,0.3212019600868947,0.27477163682424277,0.11936839339799882,0.4527041700933847,0.2931668571387883,0.25412897276782687,1.0,144.0,180.0
2024/25,2025-02-01,Stuttgart,M'gladbach,1,2,177,20,2,0.7702442504513659,0.13423978033068049,0.09551596921795352,0.7056837836465621,0.717361632725222,0.17029217132056557,0.11234619595421241,0.6512684939715769,0.578077401347763,0.2253294743072487,0.19659312434498824,1.0,144.0,180.0
2024/25,2025-02-01,Union Berlin,RB Leipzig,0,0,178,20,1,0.3685805079804611,0.26320085588024905,0.36821863613928973,0.13571827743170672,0.40282364406915244,0.25233320535002074,0.3448431505808267,0.140591843361831,0.3287547703933125,0.2804363459262839,0.3908088836804036,1.0,144.0,180.0
2024/25,2025-02-02,Ein Frankfurt,Wolfsburg,1,1,179,20,1,0.4361203720727087,0.21152229502278078,0.3523573329045106,0.15717833449420898,0.43244905425383945,0.22781298939456276,0.3397379563515975,0.15121703175550016,0.46069092649378734,0.2715245404753886,0.26778453303082406,1.0,144.0,180.0
2024/25,2025-02-02,Leverkusen,Hoffenheim,3,1,180,20,0,0.763282211205253,0.14315597910244424,0.09356180969230295,0.03239456188238657,0.7133543133407573,0.17284827684034254,0.11379740981890034,0.04755780008091974,0.848612762916185,0.1001468477975622,0.0512403892862527,1.0,144.0,180.0
2024/25,2025-02-07,Bayern Munich,Werder Bremen,3,0,181,21,0,0.8361095941131557,0.09757322590399332,0.06631717998285117,0.015629016751316217,0.8070067759682393,0.11738309266649105,0.07561013136526976,0.021481638243623345,0.8790521083237971,0.07472622250047735,0.04622166917572547,1.0,144.0,180.0
2024/25,2025-02-08,Freiburg,Heidenheim,1,0,182,21,0,0.6241702493876753,0.2100751983776906,0.16575455223463412,0.08436128651591311,0.6272923268646151,0.20601531669544676,0.16669235643993835,0.08334867565474614,0.5666042668294009,0.25430270243524294,0.17909303073535596,1.0,144.0,180.0
2024/25,2025-02-08,M'gladbach,Ein Frankfurt,1,1,183,21,1,0.32227766966164884,0.24014550099820775,0.4375768293401435,0.14766818896895792,0.2784501304224149,0.22877182454225026,0.4927780450353347,0.16018233840055318,0.37582853039479963,0.26096404657440514,0.3632074230307952,1.0,144.0,180.0
2024/25,2025-02-08,Wolfsburg,Leverkusen,0,0,184,21,1,0.30152812223892966,0.26034343780770886,0.43812843995336126,0.14143786919845058,0.34333880878555956,0.2697008462169947,0.38696034499744547,0.1338099231094146,0.2615874107833864,0.28790093731189276,0.450511651904721,1.0,144.0,180.0
2024/25,2025-02-08,Dortmund,Stuttgart,1,2,185,21,2,0.4468138045784321,0.23963860922854605,0.31354758619302175,0.33542974619164007,0.39950315355997756,0.2661136466325032,0.33438319980751924,0.3013242472014219,0.4857162267740073,0.2459322667210163,0.2683515065049764,1.0,144.0,180.0
2024/25,2025-02-08,Hoffenheim,Union Berlin,0,4,186,21,2,0.4662464030467277,0.25887209747096007,0.27488149948231205,0.3715912740735158,0.5946282464530065,0.22689019979827685,0.17848155374871674,0.5142376545054501,0.4090909090909091,0.27272727272727276,0.31818181818181823,1.0,144.0,180.0
2024/25,2025-02-08,Mainz,Augsburg,0,0,187,21,1,0.5006510788814703,0.3045665312865616,0.19478238983196833,0.1442958410869165,0.5595832640981695,0.26154207103468124,0.17887466486714898,0.17256478759504834,0.5307564460025248,0.2698011933846168,0.1994423606128584,1.0,144.0,180.0
2024/25,2025-02-09,Holstein Kiel,Bochum,2,2,188,21,1,0.5416782931695512,0.23157829936321309,0.22674340746723567,0.17241397306046558,0.4594636872378456,0.24895632627264716,0.2915799864895071,0.148062884205709,0.4057818867328164,0.2790477158048021,0.3151703974623817,1.0,144.0,180.0
2024/25,2025-02-09,RB Leipzig,St Pauli,2,0,189,21,0,0.4378140132592054,0.295103134414294,0.2670828523265005,0.1936931668472901,0.5235637432317669,0.26955255461096284,0.2068837021572699,0.13489618649081192,0.5835686546683692,0.2356992619828449,0.18073208334878593,1.0,144.0,180.0
2024/25,2025-02-14,Augsburg,RB Leipzig,0,0,190,22,1,0.41207689495146865,0.29573397694884856,0.2921891280996831,0.1275909269662483,0.38515227184205736,0.2838727708557022,0.3309749573022401,0.12894334743315897,0.31493910772314515,0.28622407143074075,0.39883682084611416,1.0,144.0,180.0
2024/25,2025-02-15,Bochum,Dortmund,2,0,191,22,0,0.2267998993914065,0.21828892835808275,0.554911172250511,0.4528824023347876,0.20101016061069316,0.2002890678064585,0.5987007715828483,0.49841368867062413,0.1676978501314908,0.21598584715596023,0.6163163027125489,1.0,144.0,180.0
2024/25,2025-02-15,St Pauli,Freiburg,0,1,192,22,2,0.331346736095463,0.3294555475501198,0.3391977163544169,0.2732251587961668,0.3855436331056962,0.3090107395034569,0.30544562739084663,0.31552483476941706,0.3758939742658985,0.3140533526931216,0.31005267304097994,1.0,144.0,180.0
2024/25,2025-02-15,Stuttgart,Wolfsburg,1,2,193,22,2,0.5507735971749976,0.2379619894645094,0.2112644133604929,0.46272769048832696,0.5615352136109982,0.23194730580407122,0.2065174805849306,0.47246815237121775,0.6175022780750444,0.21029904047241207,0.17219868145254347,1.0,144.0,180.0
2024/25,2025-02-15,Union Berlin,M'gladbach,1,2,194,22,2,0.5150933824196159,0.24677395933976648,0.2381326582406177,0.4228815195259941,0.6024984573361531,0.212737021429871,0.18476452123397594,0.5138066384656564,0.44997190647015606,0.27073518606560926,0.2792929074642348,1.0,144.0,180.0
2024/25,2025-02-15,Leverkusen,Bayern Munich,0,0,195,22,1,0.29656026702262833,0.3116724567613775,0.391767276215994,0.12071479534511584,0.27066850284056465,0.3071129482122762,0.4222185489471593,0.1257649707524987,0.31279326705575766,0.2732547922874737,0.4139519406567686,1.0,144.0,180.0
2024/25,2025-02-16,Werder Bremen,Hoffenheim,1,3,196,22,2,0.43931376192552335,0.24333138982355482,0.3173548482509216,0.32950049231183864,0.5563010503412014,0.23315525427101225,0.21054369538778658,0.46635605775134803,0.5175567864220743,0.250774937750902,0.2316682758270237,1.0,144.0,180.0
2024/25,2025-02-16,Ein Frankfurt,Holstein Kiel,3,1,197,22,0,0.7676262819774977,0.1396947742408904,0.09267894378161197,0.031293465724038294,0.7767127488435871,0.133898691475535,0.08938855968087796,0.02892375556540444,0.7211867270779752,0.16924522141584708,0.10956805150617764,1.0,144.0,180.0
2024/25,2025-02-16,Heidenheim,Mainz,0,2,198,22,2,0.1752463773140529,0.19968727244399773,0.6250663502419492,0.085643267241296,0.18954243703560975,0.22144711223980745,0.5890104507245828,0.10241937252550434,0.25548168057716786,0.28221813552129016,0.4623001839015419,1.0,144.0,180.0
2024/25,2025-02-21,Freiburg,Werder Bremen,5,0,199,23,0,0.5917086589143286,0.2395708818411401,0.16872045924453144,0.09758420628661083,0.5142579018572953,0.27415871606283626,0.2115833820798686,0.14035645674021632,0.4807606195159135,0.2782625935307006,0.2409767869533859,1.0,144.0,180.0
2024/25,2025-02-22,M'gladbach,Augsburg,0,3,200,23,2,0.5949486949405044,0.2399520946022483,0.16509921045724724,0.5255116389952607,0.5728546635249677,0.241095587667575,0.18604974880745767,0.49533873846935367,0.4929909821983649,0.2712827471873684,0.23572627061426674,1.0,144.0,180.0
2024/25,2025-02-22,Holstein Kiel,Leverkusen,0,2,201,23,2,0.22326128449649196,0.25140281428908345,0.5253359012144242,0.137575803915473,0.20414043634635637,0.24625229447069286,0.549607269182951,0.12226346486225986,0.06328566735254959,0.13193159614752822,0.8047827364999223,1.0,144.0,180.0
2024/25,2025-02-22,Wolfsburg,Bochum,1,1,202,23,1,0.7405501635746542,0.14135806797880074,0.11809176844654501,0.2811801052726397,0.7300842125978078,0.14856154258767976,0.12135424481451258,0.2738749051095308,0.5835636285583966,0.22269324676021574,0.19374312468138769,1.0,144.0,180.0
2024/25,2025-02-22,Dortmund,Union Berlin,6,0,203,23,0,0.5128704771307386,0.24951580767397383,0.23761371519528737,0.14687772484987072,0.6004717099685349,0.20589924803504822,0.1936290419964167,0.0985575302199583,0.6365768185815349,0.21080539526011613,0.15261778615834903,1.0,144.0,180.0
2024/25,2025-02-22,Mainz,St Pauli,2,0,204,23,0,0.539282173503352,0.2755422645189407,0.18517556197770718,0.12327545220277762,0.5598924180442342,0.2690207713279213,0.17108681062784442,0.11148269023287952,0.5571349911788833,0.26200402287871805,0.1808609859423987,1.0,144.0,180.0
2024/25,2025-02-23,RB Leipzig,Heidenheim,2,2,205,23,1,0.6590481795974356,0.19964774977404146,0.14130407062852307,0.22715567170344214,0.6428155734470994,0.20431363496616511,0.15287079158673586,0.21829067019323917,0.7403446586304737,0.16410346917189858,0.09555187219762765,1.0,144.0,180.0
2024/25,2025-02-23,Bayern Munich,Ein Frankfurt,4,0,206,23,0,0.795965773530417,0.12113895522749726,0.08289527124208593,0.02425079578267003,0.737811155452628,0.16006026060616424,0.10212858394120794,0.03958661893146117,0.7685503608572903,0.14136838754455272,0.09008125159815683,1.0,144.0,180.0
2024/25,2025-02-23,Hoffenheim,Stuttgart,1,1,207,23,1,0.25985492537744875,0.22536108876524466,0.5147839858573069,0.16626356716902754,0.27212127115803325,0.24292841939829418,0.4849503094436729,0.1546133944230888,0.2834818092394534,0.2467874633734328,0.4697307273871137,1.0,144.0,180.0
2024/25,2025-02-28,Stuttgart,Bayern Munich,1,3,208,24,2,0.1670032761986844,0.2050309219309636,0.6279658018703519,0.08314976941953213,0.1718476295609189,0.21896567607142173,0.6091866943676593,0.09113332382249204,0.2177225079757797,0.23178592356273198,0.5504915684614885,1.0,144.0,180.0
2024/25,2025-03-01,Werder Bremen,Wolfsburg,1,2,209,24,2,0.22314912062271028,0.20251358266773073,0.5743372967095592,0.11549213350360744,0.24257899284965675,0.2021331217661997,0.5552878853841438,0.12830671632903023,0.31099597178753796,0.2765390317315324,0.41246499648092966,1.0,144.0,180.0
2024/25,2025-03-01,Ein Frankfurt,Leverkusen,1,4,210,24,2,0.3160863287978293,0.2593094232642826,0.42460424793788815,0.21549541937200634,0.2714129185975346,0.25150585267033654,0.47708122873212877,0.17355450686296603,0.23347449415606905,0.24713839584968125,0.5193871099942499,1.0,144.0,180.0
2024/25,2025-03-01,St Pauli,Dortmund,0,2,211,24,2,0.28439392294519,0.28048735360999016,0.4351187234448195,0.1999853800053823,0.261571693591522,0.26592124649647714,0.47250705991200087,0.17333427636550922,0.22131753551494693,0.2618824746389803,0.5167999898460728,1.0,144.0,180.0
2024/25,2025-03-01,Bochum,Hoffenheim,0,1,212,24,2,0.5275455374597436,0.22059426439314012,0.25186019814711647,0.419008728605081,0.5858376349927139,0.20528936838528528,0.20887299662200065,0.48454383502385445,0.40330098772980666,0.2737902480081223,0.32290876426207116,1.0,144.0,180.0
2024/25,2025-03-01,Heidenheim,M'gladbach,0,3,213,24,2,0.3268408826578315,0.2793390130075851,0.39382010433458287,0.2371395142427429,0.3326914534835576,0.27401633143882687,0.39329221507761547,0.2393889697532143,0.3562484853380725,0.2835447128200985,0.3602068018418289,1.0,144.0,180.0
2024/25,2025-03-01,RB Leipzig,Mainz,1,2,214,24,2,0.43735714759751926,0.2660531699626022,0.29658968243987893,0.34303367470233453,0.49905904959248076,0.2526443273663985,0.24829662304112096,0.4070589509557665,0.5031448195139914,0.2582631653356392,0.23859201515036935,1.0,144.0,180.0
2024/25,2025-03-02,Augsburg,Freiburg,0,0,215,24,1,0.2788205002261121,0.2818342630812865,0.43934523669260134,0.13538255417540865,0.317112152423922,0.3032950859063509,0.379592761669727,0.12232539096349149,0.3834359480563376,0.31315990612961336,0.30340414581404906,1.0,144.0,180.0
2024/25,2025-03-02,Union Berlin,Holstein Kiel,0,1,216,24,2,0.5501368597682412,0.22664936524310833,0.22321377498865053,0.45302370192152225,0.5874399198277368,0.21727644526042872,0.19528363491183462,0.49632704382396375,0.6166146535549627,0.22203784543148883,0.16134750101354856,1.0,144.0,180.0
2024/25,2025-03-07,M'gladbach,Mainz,1,3,217,25,2,0.46370198172035637,0.2544366467280832,0.2818613715515603,0.36537130876059587,0.3889858933300289,0.2780775719658465,0.3329365347041247,0.29814184597115106,0.3568278405901692,0.278325715660332,0.36484644374949887,1.0,144.0,180.0
2024/25,2025-03-08,Freiburg,RB Leipzig,0,0,218,25,1,0.6129131833615954,0.22626740422784436,0.1608194124105604,0.20076272687326124,0.5247591465325652,0.2518184789167182,0.22342237455071642,0.16264485965973347,0.3801714412886491,0.2887949227593299,0.331033635952021,1.0,144.0,180.0
2024/25,2025-03-08,Wolfsburg,St Pauli,1,1,219,25,1,0.6171084205416086,0.22120102943816022,0.16169055002023158,0.20348331833460187,0.6010721447997481,0.22877707603063216,0.17015077916962001,0.19511950545309903,0.5240215724110632,0.2723145811686706,0.2036638464202662,1.0,144.0,180.0
2024/25,2025-03-08,Leverkusen,Werder Bremen,0,2,220,25,2,0.7381828051936652,0.1546554262213055,0.10716176858502907,0.6710369806799007,0.8197149767376241,0.1027794611117812,0.07750556215059484,0.7614643154755268,0.7289400964826004,0.16890075406304153,0.10215914945435813,1.0,144.0,180.0
2024/25,2025-03-08,Holstein Kiel,Stuttgart,2,2,221,25,1,0.18856868961951215,0.22341934667136712,0.5880119637091209,0.19065811008493816,0.17966991141298191,0.23796149678654585,0.5823685918004721,0.18571722689140688,0.15580306588374815,0.20138031129787362,0.6428166228183781,1.0,144.0,180.0
2024/25,2025-03-08,Dortmund,Augsburg,0,1,222,25,2,0.6629792223333194,0.2156449020893425,0.12137587557733806,0.6057609006315912,0.60879880896399,0.2463408348237535,0.1448603562122565,0.5509499000867008,0.6854014882528169,0.19844273068510712,0.11615578106207593,1.0,144.0,180.0
2024/25,2025-03-08,Bayern Munich,Bochum,2,3,223,25,2,0.8630754590452387,0.07341865843751712,0.0635058825172443,0.8109602400429777,0.8732126463911569,0.06509702986542339,0.06169032374341967,0.8214626871870881,0.8260082159105968,0.117142983347321,0.05684880074208225,1.0,144.0,180.0
2024/25,2025-03-09,Ein Frankfurt,Union Berlin,1,2,224,25,2,0.5746398080636774,0.217737427687929,0.20762276424839352,0.4790362963744085,0.6192166177772652,0.19937778119413052,0.18140560102860417,0.5267630048794283,0.48875095666598106,0.2650175487098917,0.24623149462412716,1.0,144.0,180.0
2024/25,2025-03-09,Hoffenheim,Heidenheim,1,1,225,25,1,0.498084466147143,0.23814427437462202,0.26377125947823515,0.1588317063719094,0.5132672676630128,0.2346925852760978,0.2520401470608897,0.1634837618923648,0.5028480208975802,0.2520770598265791,0.24507491927584082,1.0,144.0,180.0
2024/25,2025-03-14,St Pauli,Hoffenheim,1,0,226,26,0,0.46015631908732796,0.2782074893511524,0.26163619156151946,0.17994234827807956,0.40854517760686376,0.30770430708324903,0.28375051530988704,0.2151665809353614,0.41442991940975316,0.30245661820277014,0.28311346238747676,1.0,144.0,180.0
2024/25,2025-03-15,Mainz,Freiburg,2,2,227,26,1,0.5502680555647965,0.24858639540297414,0.20114554903222925,0.17162723243526948,0.5389379210303953,0.2590140109747624,0.2020480679948424,0.16563875225250652,0.5214229779617408,0.2739680053697282,0.20460901666853115,1.0,144.0,180.0
2024/25,2025-03-15,Augsburg,Wolfsburg,1,0,228,26,0,0.3895644333055711,0.2967869068617738,0.3136486598326547,0.23550353145018457,0.4076423729722159,0.27807300683256625,0.31428462019521786,0.2248311903946199,0.3923984833659491,0.29669153620352245,0.31090998043052837,1.0,144.0,180.0
2024/25,2025-03-15,Union Berlin,Bayern Munich,1,1,229,26,1,0.11151608915136275,0.13450941541877406,0.7539744954298634,0.2904566889491657,0.10822114157101884,0.12064861628828966,0.7711302421406913,0.303176832913448,0.1034610475452432,0.1777163012262388,0.7188226512285181,1.0,144.0,180.0
2024/25,2025-03-15,RB Leipzig,Dortmund,2,0,230,26,0,0.31573082646976075,0.24525889563943873,0.43901027789080044,0.3304771629687573,0.38783748235083787,0.26234185926094045,0.3498206583882217,0.2485587205248648,0.3471810089020772,0.26706231454005935,0.3857566765578635,1.0,144.0,180.0
2024/25,2025-03-15,Werder Bremen,M'gladbach,2,4,231,26,2,0.6472655581132041,0.19261518066121683,0.16011926122557904,0.5621761790419323,0.6341826836481111,0.19483854453387256,0.17097877181801632,0.5447319365077425,0.43408360128617357,0.25723472668810293,0.30868167202572344,1.0,144.0,180.0
2024/25,2025-03-16,Bochum,Ein Frankfurt,1,3,232,26,2,0.3074723584445137,0.22146373093559643,0.47106391061989006,0.1871563189280777,0.2729376795461019,0.20432469992533134,0.5227376205285664,0.15113717788737246,0.35647099210435973,0.27490559560590455,0.36862341228973566,1.0,144.0,180.0
2024/25,2025-03-16,Heidenheim,Holstein Kiel,3,1,233,26,0,0.4229132493865489,0.30219925810300363,0.2748874925104475,0.20429612563613642,0.4563805168116254,0.29990104270209594,0.24371844048627883,0.17746041036752963,0.47426971315296085,0.2678382677585591,0.25789201908848003,1.0,144.0,180.0
2024/25,2025-03-16,Stuttgart,Leverkusen,3,4,234,26,2,0.388078160323082,0.2812631199052732,0.33065871977164496,0.2993112039687406,0.3364718421265473,0.29401107464121873,0.36951708323223414,0.255361004440011,0.2912880218632657,0.2820005776879152,0.42671140044881906,1.0,144.0,180.0
2024/25,2025-03-28,Leverkusen,Bochum,3,1,235,27,0,0.71593030686321,0.16903014669343125,0.11503954644335884,0.04696484390236185,0.7269171377224379,0.1619315986030575,0.11115126367450454,0.04346442654307258,0.7864521511644739,0.13779717178522832,0.0757506770502978,1.0,144.0,180.0
2024/25,2025-03-29,Ein Frankfurt,Stuttgart,1,0,236,27,0,0.2777899377747112,0.2261215960812662,0.4960884661440226,0.38384557011029224,0.3409462717502243,0.23117570079149313,0.42787802745828274,0.30871571155076,0.3777817599426568,0.2571706967419669,0.3650475433153763,1.0,144.0,180.0
2024/25,2025-03-29,Wolfsburg,Heidenheim,0,1,237,27,2,0.6340414408221131,0.2021801641451995,0.16377839503268737,0.5506375606469447,0.656422665248925,0.19743970012121248,0.14613763462986268,0.5799858272239942,0.5649484882607015,0.23992874069343376,0.19512277104586476,1.0,144.0,180.0
2024/25,2025-03-29,Holstein Kiel,Werder Bremen,0,3,238,27,2,0.29071252133999814,0.24961838879351178,0.4596690898664902,0.188235631254783,0.3637717376992205,0.24925863754849165,0.3869696247522881,0.25406805906253066,0.30581879243629995,0.2600277433014529,0.4341534642622472,1.0,144.0,180.0
2024/25,2025-03-29,Hoffenheim,Augsburg,1,1,239,27,1,0.27178971055250295,0.32999620543522556,0.39821408401227176,0.11622205173397285,0.3373202646488013,0.3267666183438321,0.33591311700736637,0.11331129156017106,0.4118856084532597,0.2833965119386859,0.30471787960805424,1.0,144.0,180.0
2024/25,2025-03-29,Bayern Munich,St Pauli,3,2,240,27,0,0.7612870444406326,0.15589236174347468,0.08282059381589284,0.03192156295595282,0.7524953844522876,0.16072073102192325,0.08678388452578906,0.03439498866540321,0.8613474682661459,0.10154833310085089,0.03710419863300321,1.0,144.0,180.0
2024/25,2025-03-29,M'gladbach,RB Leipzig,1,0,241,27,0,0.3760427394634921,0.21779000982583663,0.40616725071067133,0.27714724926304446,0.4222214379340648,0.2120682287353795,0.3657103333305558,0.23378605734386296,0.323397294420066,0.2623789369823177,0.4142237685976164,1.0,144.0,180.0
2024/25,2025-03-30,Freiburg,Union Berlin,1,2,242,27,2,0.44509527407715066,0.2731655057539987,0.2817392201688505,0.3570041754247323,0.5022786639236755,0.26733745539255066,0.23038388068377397,0.4222964136721601,0.4952867658740666,0.2789546152624053,0.22575861886352802,1.0,144.0,180.0
2024/25,2025-03-30,Dortmund,Mainz,3,1,243,27,0,0.7325009581486825,0.15544294431374744,0.11205609753757027,0.04205615319336114,0.621510335927565,0.20819133489564182,0.17029832917679333,0.08612797336503605,0.5791939916732429,0.2281259353996027,0.1926800729271545,1.0,144.0,180.0
2024/25,2025-04-04,Augsburg,Bayern Munich,1,3,244,28,2,0.1361752205127687,0.183268136529335,0.6805566429578964,0.06029387452001506,0.14160834910169895,0.1913179304645776,0.6670737204337233,0.06544641608057557,0.1247011676915636,0.18900020728252606,0.6862986250259102,1.0,144.0,180.0
2024/25,2025-04-05,Mainz,Holstein Kiel,1,1,245,28,1,0.6363597459850369,0.24008640858354535,0.12355384543141767,0.21010963951551567,0.6249289972413208,0.23435205235379436,0.1407189504048847,0.20516903729804759,0.6733367462772942,0.1912435729071605,0.1354196808155452,1.0,144.0,180.0
2024/25,2025-04-05,Heidenheim,Leverkusen,0,1,246,28,2,0.17922400500370142,0.19721594157255576,0.6235600534237429,0.08691413867395106,0.16922595047745603,0.19548078783750908,0.635293261685035,0.08082421364366944,0.15760340729633587,0.2109460989966342,0.63145049370703,1.0,144.0,180.0
2024/25,2025-04-05,Werder Bremen,Ein Frankfurt,2,0,247,28,0,0.42200099563611787,0.24599123169886142,0.3320077726650207,0.2221560050778135,0.4222649967642934,0.24244439364792963,0.33529060958777707,0.22309876342075252,0.4161456193152161,0.2624745954710527,0.3213797852137312,1.0,144.0,180.0
2024/25,2025-04-05,Bochum,Stuttgart,0,4,248,28,2,0.19547674386302594,0.18410407107976512,0.620419185057209,0.09114637623196221,0.23005268291392733,0.21906436533567727,0.5508829517503951,0.12731517997216685,0.3845222591818887,0.2811680103266411,0.3343097304914702,1.0,144.0,180.0
2024/25,2025-04-05,Freiburg,Dortmund,1,4,249,28,2,0.3142918544994055,0.26483103102777045,0.42087711447282405,0.217081343172999,0.3552216471560006,0.2786695884296736,0.36610876441432555,0.2640002585802774,0.28408723689974363,0.264015856031827,0.45189690706842944,1.0,144.0,180.0
2024/25,2025-04-05,RB Leipzig,Hoffenheim,3,1,250,28,0,0.6813849772792248,0.16869128755445242,0.14992373516632276,0.061996329534790916,0.6629688958631005,0.18096585240647725,0.15606525173042204,0.06897316397670884,0.5647085799695969,0.22640996679433717,0.2088814532360659,1.0,144.0,180.0
2024/25,2025-04-06,Union Berlin,Wolfsburg,1,0,251,28,0,0.42027447612419455,0.24792529188447482,0.33180023199133074,0.22308653849128895,0.37177511643181044,0.2587160989737936,0.3695087845943962,0.26560162311334656,0.42138877413159737,0.28629649065999707,0.2923147352084054,1.0,144.0,180.0
2024/25,2025-04-06,St Pauli,M'gladbach,1,1,252,28,1,0.4257263955522328,0.2760956822898941,0.2981779221578731,0.1350765185661414,0.39473115770273653,0.262434259602786,0.34283458269447725,0.13667411897631956,0.42283884263823923,0.2693987086060804,0.3077624487556804,1.0,144.0,180.0
2024/25,2025-04-11,Wolfsburg,RB Leipzig,2,3,253,29,2,0.5852210665222204,0.201963707231702,0.21281522624607768,0.4810717823657095,0.6193664070902061,0.19949719450977954,0.18113639840001416,0.5270761721285655,0.35348793540512624,0.25922448596375924,0.3872875786311144,1.0,144.0,180.0
2024/25,2025-04-12,Holstein Kiel,St Pauli,1,2,254,29,2,0.23559508827632805,0.27047641934777206,0.49392849237590003,0.1558067082244302,0.24987583330939891,0.2872512330461569,0.4628729336444441,0.1754717087418961,0.2711679591382885,0.27814084951613016,0.4506911913455813,1.0,144.0,180.0
2024/25,2025-04-12,Leverkusen,Union Berlin,0,0,255,29,1,0.6554996075637778,0.20504778398417867,0.13945260845204369,0.22456338276017285,0.718623063421685,0.17145503698452083,0.10992189959379421,0.26425096564593764,0.7016993043945823,0.18912989063760222,0.10917080496781549,1.0,144.0,180.0
2024/25,2025-04-12,Bochum,Augsburg,1,2,256,29,2,0.30891999851783947,0.31846046654884935,0.3726195349333113,0.2445189067157783,0.39755331703676156,0.3076410144373106,0.2948056685259273,0.3276738425150477,0.4107692944216469,0.29060394859083677,0.29862675698751634,1.0,144.0,180.0
2024/25,2025-04-12,M'gladbach,Freiburg,1,2,257,29,2,0.3340675727793791,0.22845923580091973,0.43747319141970115,0.21401877677712094,0.3526108776977697,0.2317861762175773,0.41560294608465326,0.23292717384786427,0.4253513501649755,0.25633015575731416,0.3183184940777104,1.0,144.0,180.0
2024/25,2025-04-12,Bayern Munich,Dortmund,2,2,258,29,1,0.6545216393550506,0.2022763273250989,0.14320203331985032,0.22445269936548123,0.5957259358644587,0.22040163537712207,0.18387242875841953,0.19434923035955254,0.6723409116874214,0.1809665257625957,0.14669256254998286,1.0,144.0,180.0
2024/25,2025-04-12,Hoffenheim,Mainz,2,0,259,29,0,0.2549926974791696,0.23022577812702325,0.514781524393807,0.41001794933328795,0.3064319168124275,0.2664016051155519,0.4271664780720207,0.3317539430024688,0.39574235807860264,0.27974890829694327,0.32450873362445415,1.0,144.0,180.0
2024/25,2025-04-13,Stuttgart,Werder Bremen,1,2,260,29,2,0.541995942855488,0.20370138941458682,0.254302667729925,0.42491205671325794,0.5240131903976034,0.23191749771943254,0.24406931188296435,0.42301051447388527,0.5555010464775363,0.22555146898739875,0.21894748453506496,1.0,144.0,180.0
2024/25,2025-04-13,Ein Frankfurt,Heidenheim,3,0,261,29,0,0.714327584260198,0.15754578404420327,0.12812663169559851,0.04901258143213692,0.6854534887299367,0.17330386283500712,0.1412426484350561,0.05944449674455846,0.551131221719457,0.23891402714932128,0.2099547511312217,1.0,144.0,180.0
2024/25,2025-04-19,Mainz,Wolfsburg,2,2,262,30,1,0.40277032855791534,0.2499087257900914,0.3473209456519933,0.14142788842762294,0.4243834481085705,0.2541177796562869,0.32149877223514245,0.14173138578861189,0.478818998716303,0.2605905006418485,0.2605905006418485,1.0,144.0,180.0
2024/25,2025-04-19,Union Berlin,Stuttgart,4,4,263,30,1,0.42947474544299263,0.23425151453993692,0.33627374001707033,0.1487642925991958,0.41531367907156247,0.24285882063486108,0.34182750029357667,0.1446657459904559,0.3036195034400239,0.27759497457373616,0.41878552198624,1.0,144.0,180.0
2024/25,2025-04-19,RB Leipzig,Holstein Kiel,1,1,264,30,1,0.5865398483283225,0.23637738294486058,0.17708276872681683,0.18769365032848345,0.665061513489807,0.19840925986529706,0.13652922664489606,0.23047352322680306,0.6551813562147666,0.1861167768134078,0.15870186697182562,1.0,144.0,180.0
2024/25,2025-04-19,Werder Bremen,Bochum,1,0,265,30,0,0.658607374412496,0.18394105210933004,0.15745157347817418,0.07066996139814129,0.6229382041446658,0.2039793095426097,0.1730824863127245,0.08606657248092207,0.5944601094708908,0.21628794161552498,0.18925194891358435,1.0,144.0,180.0
2024/25,2025-04-19,Heidenheim,Bayern Munich,0,4,266,30,2,0.12533374435552294,0.1403960647878832,0.7342701908565937,0.04316043947078332,0.12171156543206112,0.12452646262026529,0.7537619719476736,0.03772343580951059,0.09989165504402636,0.14580836710383754,0.754299977852136,1.0,144.0,180.0
2024/25,2025-04-19,Freiburg,Hoffenheim,3,2,267,30,0,0.6736787073491347,0.17876741417720368,0.147553878473662,0.06412886654497589,0.6554140375620333,0.1893695175726732,0.15521644486529335,0.07141581513296025,0.5011209283924568,0.2558354213372016,0.24304365027034153,1.0,144.0,180.0
2024/25,2025-04-20,St Pauli,Leverkusen,1,1,268,30,1,0.3019372778394207,0.30855773706952594,0.38950498509105336,0.12144012657993061,0.3232919408314315,0.30264938517850903,0.37405867399005954,0.12221878529687771,0.19061745662914248,0.2463961016987389,0.5629864416721185,1.0,144.0,180.0
2024/25,2025-04-20,Augsburg,Ein Frankfurt,0,0,269,30,1,0.2885737744247201,0.26954281179316786,0.4418834137821118,0.13926788733073125,0.29200258697305437,0.28935986625752896,0.4186375467694164,0.13026145318203586,0.3713413979731076,0.2811891510663416,0.3474694509605507,1.0,144.0,180.0
2024/25,2025-04-20,Dortmund,M'gladbach,3,2,270,30,0,0.8356480966039074,0.08910115065304677,0.07525075274304563,0.01633711196915679,0.85360064942737,0.07642176249526335,0.06997758807736655,0.013164816340606712,0.7084157224364207,0.1642181962331466,0.1273660813304326,1.0,144.0,180.0
2024/25,2025-04-25,Stuttgart,Heidenheim,0,1,271,31,2,0.5418367595526563,0.22440603319383268,0.23375720725351073,0.440357545719231,0.6133893838709027,0.2087073054073285,0.17790331072176893,0.5260447513838771,0.6410772124124962,0.19918242607877962,0.15974036150872428,1.0,144.0,180.0
2024/25,2025-04-26,Wolfsburg,Freiburg,0,1,272,31,2,0.4764711538235402,0.24477167663664062,0.27875716953981955,0.37360799045807436,0.45696250685820033,0.2551572776339842,0.2878802155078156,0.35796466006966304,0.41024320906130024,0.26348954077920916,0.32626725015949054,1.0,144.0,180.0
2024/25,2025-04-26,Ein Frankfurt,RB Leipzig,4,0,273,31,0,0.5322344935096538,0.22302440667178702,0.24474109981855932,0.13935138750128404,0.5281559183835807,0.22366706039914389,0.24817702121727564,0.1421143356083611,0.471963427239492,0.24865592330264794,0.2793806494578602,1.0,144.0,180.0
2024/25,2025-04-26,Leverkusen,Augsburg,2,0,274,31,0,0.6338297325963512,0.2432557811407883,0.12291448626286053,0.07459431783186128,0.5849895511962543,0.26752273117195036,0.14748771763179544,0.09699314973426132,0.6504042731061065,0.2004390527182341,0.14915667417565937,1.0,144.0,180.0
2024/25,2025-04-26,Holstein Kiel,M'gladbach,4,3,275,31,0,0.5539313660498992,0.22925852336044916,0.2168101105896518,0.12299192512400298,0.5081095196477167,0.245884616595121,0.24600586375716194,0.15123756483205375,0.38787553847815,0.25419519623502773,0.3579292652868222,1.0,144.0,180.0
2024/25,2025-04-26,Hoffenheim,Dortmund,2,3,276,31,2,0.14883610727691776,0.14829344141401132,0.7028704513090711,0.05521907776731069,0.19760052657768987,0.18159324244435898,0.6208062309779514,0.09141694128446362,0.24229336500566864,0.23813637099821844,0.5195702639961128,1.0,144.0,180.0
2024/25,2025-04-26,Bayern Munich,Mainz,3,0,277,31,0,0.8176836785741519,0.10585700379796745,0.07645931762788105,0.019542634155187144,0.7916041776034759,0.1207899320612459,0.08760589033527827,0.025551805406880207,0.7796594084870928,0.13316496784077067,0.08717562367213662,1.0,144.0,180.0
2024/25,2025-04-27,Bochum,Union Berlin,1,1,278,31,1,0.2876401739622049,0.22730548818787963,0.4850543378499156,0.15900729017201373,0.25968572134355755,0.20950624844513657,0.5308080302113055,0.17459691940326522,0.4056226110688087,0.2813567244407922,0.313020664490399,1.0,144.0,180.0
2024/25,2025-04-27,Werder Bremen,St Pauli,0,0,279,31,1,0.5395137458900622,0.2744566184171057,0.18602963569283235,0.1628410536801672,0.5177092842146113,0.27700528585897494,0.20528542992641377,0.15508250535103885,0.4788270592966068,0.2700052584366977,0.2511676822666955,1.0,144.0,180.0
2024/25,2025-05-02,Heidenheim,Bochum,0,0,280,32,1,0.5308384899494645,0.23636943570958954,0.2327920743409458,0.1679908261438941,0.5865032902275534,0.21954538671855103,0.19395132305389548,0.19080161258105116,0.4038782294940601,0.28712287111524626,0.3089988993906936,1.0,144.0,180.0
2024/25,2025-05-03,Union Berlin,Werder Bremen,2,2,281,32,1,0.324869473826861,0.27062660733792826,0.40450391883521114,0.13458179768879214,0.3703457970952102,0.2862661740420787,0.3433880288627115,0.12753567389615236,0.28812601591710485,0.27904468017186657,0.4328293039110286,1.0,144.0,180.0
2024/25,2025-05-03,St Pauli,Stuttgart,0,1,282,32,2,0.36884447466650777,0.30247267187962334,0.3286828534538688,0.29335647886942595,0.3325069852945145,0.29295894933850897,0.3745340653669765,0.25088426532800406,0.3400628272251309,0.27551832460732983,0.3844188481675393,1.0,144.0,180.0
2024/25,2025-05-03,Dortmund,Wolfsburg,4,0,283,32,0,0.6659571377236976,0.18962955198463208,0.14441331029167034,0.06621991901357151,0.7567878561277449,0.13769207076685017,0.10552007310540493,0.03514331637755425,0.7590705324051601,0.14345529407061808,0.09747417352422177,1.0,144.0,180.0
2024/25,2025-05-03,M'gladbach,Hoffenheim,4,4,284,32,1,0.4503000581503626,0.22705801580575474,0.3226419260438824,0.1534339774057631,0.41233082524883014,0.23064687756217073,0.35702229718899925,0.14874081507024567,0.42870567395037856,0.24028688391786654,0.33100744213175487,1.0,144.0,180.0
2024/25,2025-05-03,RB Leipzig,Bayern Munich,3,3,285,32,1,0.13217794877449285,0.13652564719447138,0.7312964040310358,0.2761327203454782,0.1461262985769336,0.15593032124758008,0.6979433801754864,0.2542389285332893,0.23177908044353412,0.20359629917367045,0.5646246203827954,1.0,144.0,180.0
2024/25,2025-05-04,Freiburg,Leverkusen,2,2,286,32,1,0.40174000949396654,0.27157748282642513,0.3266825076796083,0.13405824802602484,0.41695940433781414,0.2629663593183051,0.3200742363438808,0.13815133081843162,0.3016434122185882,0.26914591753205525,0.4292106702493567,1.0,144.0,180.0
2024/25,2025-05-04,Mainz,Ein Frankfurt,1,1,287,32,1,0.3144232340824538,0.2498944881423753,0.43568227777517093,0.14434050864911535,0.308406774451197,0.2413683107569341,0.45022491479186916,0.14890860621336854,0.4099260570245826,0.2683770041846025,0.3216969387908149,1.0,144.0,180.0
2024/25,2025-05-04,Augsburg,Holstein Kiel,1,3,288,32,2,0.4163972388893488,0.33320567408730206,0.25039708702334884,0.3676455938488769,0.4228412429990867,0.3315152820857407,0.24564347491517255,0.37392424185953427,0.5424748158171704,0.2368365659299354,0.22068861825289432,1.0,144.0,180.0
2024/25,2025-05-09,Wolfsburg,Hoffenheim,2,2,289,33,1,0.6506985980116274,0.1826416572748976,0.16665974471347506,0.22559206798112907,0.5693614267929455,0.20645008568083822,0.22418848752621573,0.18721645612949553,0.3262779972659947,0.26859348946206196,0.40512851327194344,1.0,144.0,180.0
2024/25,2025-05-10,Werder Bremen,RB Leipzig,0,0,290,33,1,0.510848672417824,0.24252075419836502,0.24663057338381109,0.1608965029193403,0.4800369811387348,0.2373243246533008,0.28263869420796406,0.1551600673621866,0.49759099666088596,0.23212977116955205,0.270279232169562,1.0,144.0,180.0
2024/25,2025-05-10,Union Berlin,Heidenheim,0,3,291,33,2,0.5990494299348516,0.22815781756693862,0.17279275249820994,0.5215660249123794,0.565315165343567,0.24362611051667116,0.191058724139762,0.48698361197890716,0.4606794550462813,0.2722783333746929,0.2670422115790257,1.0,144.0,180.0
2024/25,2025-05-10,Bayern Munich,M'gladbach,2,0,292,33,0,0.8617613618004235,0.07213999785489687,0.0660986403446796,0.011739475673344357,0.8433819608920874,0.08537826230459672,0.0712397768033157,0.014802157986496959,0.8409785932721712,0.10091743119266053,0.05810397553516819,1.0,144.0,180.0
2024/25,2025-05-10,Bochum,Mainz,1,4,293,33,2,0.28566158823532567,0.2392891716243934,0.47504924014028105,0.1785879216352126,0.30324979749737835,0.23853929699897414,0.45821090550364757,0.19274793129868928,0.30801263641585297,0.24956921309592192,0.4424181504882252,1.0,144.0,180.0
2024/25,2025-05-10,Holstein Kiel,Freiburg,1,2,294,33,2,0.2941351878408211,0.2547209589236189,0.4511438532355601,0.19387928928363177,0.269757615930687,0.26302120007246593,0.467221183996847,0.17831121906716474,0.27083599146180404,0.2525457686617861,0.47661823987641,1.0,144.0,180.0
2024/25,2025-05-11,Ein Frankfurt,St Pauli,2,2,295,33,1,0.6009849414847819,0.2281884102129558,0.17082664830226216,0.19518232183082576,0.5595051659122425,0.23742524126415898,0.20306959282359846,0.17714164510601407,0.6164787249329229,0.22301188897343063,0.1605093860936466,1.0,144.0,180.0
2024/25,2025-05-11,Stuttgart,Augsburg,4,0,296,33,0,0.6407618617920707,0.2248569374508299,0.13438120075709903,0.07355517353000957,0.6779927747634716,0.20918035490534384,0.11282687033118458,0.05820927788662912,0.6320832899342902,0.20231954677813052,0.16559716328757942,1.0,144.0,180.0
2024/25,2025-05-11,Leverkusen,Dortmund,2,4,297,33,2,0.3913426355238919,0.2817847517153455,0.3268726127607629,0.30312476891515394,0.4423313525391458,0.2756002199502958,0.28206842751055855,0.35554138410813624,0.37566253514639847,0.25011978561161236,0.3742176792419892,1.0,144.0,180.0
2024/25,2025-05-17,Augsburg,Union Berlin,1,2,298,34,2,0.37988815150935906,0.3161980996714776,0.30391374881916355,0.3144255383700943,0.38380286287537957,0.32815527962027896,0.2880418575043416,0.3270945171086029,0.5107785532442137,0.26300250709051665,0.22621893966526951,1.0,144.0,180.0
2024/25,2025-05-17,Freiburg,Ein Frankfurt,1,3,299,34,2,0.38233407811144454,0.24146205067158186,0.37620387121697363,0.2676504787850091,0.4115587165496566,0.25716934910882583,0.3312719343415174,0.30828890148366805,0.40893158122399065,0.26447205524812434,0.3265963635278851,1.0,144.0,180.0
2024/25,2025-05-17,Mainz,Leverkusen,2,2,300,34,1,0.44227410385088506,0.27972208903507684,0.27800380711403816,0.13644624985350137,0.3787533456193254,0.2902231830535003,0.33102347132717436,0.12651531769366234,0.38174498460705714,0.26168002977096655,0.35657498562197637,1.0,144.0,180.0
2024/25,2025-05-17,Dortmund,Holstein Kiel,3,0,301,34,0,0.7231778560245116,0.154192299427052,0.12262984454843669,0.04583428908457986,0.7374247132725439,0.14601456450029554,0.11656072222716085,0.04126609158306153,0.8544110666576253,0.09195090526886825,0.053638028073506476,1.0,144.0,180.0
2024/25,2025-05-17,St Pauli,Bochum,0,2,302,34,2,0.38630306142808707,0.3028823948283894,0.3108145437435236,0.3121033241920801,0.46970234293724933,0.278777915062011,0.2515197420007398,0.3904214937876903,0.5508311992196364,0.23703249648571154,0.2121363042946521,1.0,144.0,180.0
2024/25,2025-05-17,Heidenheim,Werder Bremen,1,4,303,34,2,0.3237172801714876,0.2789165353221985,0.39736618450631384,0.23398019652905178,0.2919705779052758,0.2770929293654973,0.43093649272922663,0.20454004683482693,0.3553544043388816,0.25826818776884236,0.386377407892276,1.0,144.0,180.0
2024/25,2025-05-17,M'gladbach,Wolfsburg,0,1,304,34,2,0.44784004049296267,0.22058425278724164,0.3315757067197957,0.3236758688579395,0.3777755817570981,0.21817344320668172,0.4040509750362199,0.24893481526359684,0.42285539972255104,0.2361802110645468,0.3409643892129021,1.0,144.0,180.0
2024/25,2025-05-17,RB Leipzig,Stuttgart,2,3,305,34,2,0.18844423875553706,0.18403581131849167,0.6275199499259713,0.0871263094116524,0.18389693443378596,0.17653453755815463,0.6395685280080595,0.08186446424821062,0.5089974293059126,0.22095115681233932,0.2700514138817481,1.0,144.0,180.0
2024/25,2025-05-17,Hoffenheim,Bayern Munich,0,4,306,34,2,0.1759049627000421,0.18172410142855336,0.6423709358714044,0.07942055170599913,0.1866527520014029,0.19167486684814203,0.621672381150455,0.08898551850703187,0.2140983962156585,0.20898975769424363,0.5769118460900978,1.0,144.0,180.0
2025/26,2025-08-22,Bayern Munich,RB Leipzig,6,0,1,1,0,0.5038810580788667,0.24215964048711633,0.2539593014340169,0.15531466565889931,0.6187176640184595,0.20473957133934995,0.17654276464219076,0.0882717837395241,0.7728611675686646,0.13343597506365065,0.09370285736768483,1.0,144.0,180.0
2025/26,2025-08-23,Union Berlin,Stuttgart,2,1,2,1,0,0.40849942005407586,0.2543828211332834,0.3371177588126407,0.23176065969161116,0.3053888852838979,0.24775462213081592,0.446856492585286,0.3410826628263849,0.2296182072589166,0.25097804049230416,0.5194037522487792,1.0,144.0,180.0
2025/26,2025-08-23,Leverkusen,Hoffenheim,1,2,3,1,2,0.5282987120076764,0.23646108325166718,0.23524020474065618,0.43197853677704146,0.5481462776778306,0.23704218317728126,0.21481153914488815,0.4584926303960405,0.5515079110525217,0.2283891584593972,0.2201029304880812,1.0,144.0,180.0
2025/26,2025-08-23,St Pauli,Dortmund,3,3,4,1,1,0.33246275826550464,0.2507286741483608,0.41680856758613444,0.14213043382335636,0.2877266096876445,0.2537007603547974,0.45857262995755815,0.14653772943426882,0.23515224600542656,0.2668073560446186,0.49804039794995475,1.0,144.0,180.0
2025/26,2025-08-23,Freiburg,Augsburg,1,3,5,1,2,0.4879699975802751,0.24529029033053804,0.2667397120891865,0.38789268418277106,0.504206239225957,0.25436352396504297,0.24143023680899986,0.4148260086510164,0.49582747584721687,0.2677195186392686,0.23645300551351459,1.0,144.0,180.0
2025/26,2025-08-23,Ein Frankfurt,Werder Bremen,4,1,6,1,0,0.531787458117231,0.23557556689110426,0.23263697499166472,0.13667147325479806,0.5360723806246767,0.22977446066407212,0.2341531587112513,0.13502826887685565,0.5990364216342167,0.21469889447952015,0.18626468388626316,1.0,144.0,180.0
2025/26,2025-08-23,Heidenheim,Wolfsburg,1,3,7,1,2,0.36519134174050466,0.25398474368767826,0.380823914571817,0.2583718704241993,0.36224854873182283,0.2661959308630356,0.3715555204051418,0.26308323749578216,0.34255737604554887,0.2803639619508238,0.3770786620036274,1.0,144.0,180.0
2025/26,2025-08-24,Mainz,FC Koln,0,1,8,1,2,0.5000401787131067,0.24313243421704978,0.2568273870698441,0.4011728564684359,0.5073293542542049,0.24291595257747264,0.2497546931683226,0.41012554705547327,0.5035569055740692,0.2605535731254567,0.2358895213004741,1.0,144.0,180.0
2025/26,2025-08-24,M'gladbach,Hamburg,0,0,9,1,1,0.5130923744511598,0.2402856281389076,0.24662199740993274,0.16204309716319698,0.4689782524820747,0.24824050866994715,0.2827812388479783,0.14995291517276893,0.5170195247426168,0.24179022550152235,0.24119024975586095,1.0,144.0,180.0
2025/26,2025-08-29,Hamburg,St Pauli,0,2,10,2,2,0.46926630495726784,0.25416903657957546,0.27656465846315703,0.3717847791763883,0.46783485901525956,0.2660416101811619,0.26612353080357853,0.378722063675017,0.39045053756014453,0.3057301379008679,0.30381932453898747,1.0,144.0,180.0
2025/26,2025-08-30,Werder Bremen,Leverkusen,3,3,11,2,1,0.3563875360153142,0.26430715838591007,0.3793053055987758,0.13544229534122376,0.362441250129582,0.2656642168395644,0.3718945330308537,0.13483460174686546,0.26897054807070675,0.2482273181423746,0.48280213378691855,1.0,144.0,180.0
2025/26,2025-08-30,Stuttgart,M'gladbach,1,0,12,2,0,0.5063897490676593,0.24889581234980465,0.2447144385825358,0.15176811813812707,0.6329860914481715,0.2021677205177292,0.16484618803409937,0.08093673738993175,0.6099398417413444,0.20035445944933977,0.1897056988093158,1.0,144.0,180.0
2025/26,2025-08-30,Augsburg,Bayern Munich,2,3,13,2,2,0.2775515948430622,0.24024559023499778,0.48220281492193995,0.172574406337345,0.22350723665692934,0.2308497704313472,0.5456429929117234,0.12819788736411641,0.09963065156054388,0.15507028831600783,0.7452990601234484,1.0,144.0,180.0
2025/26,2025-08-30,Hoffenheim,Ein Frankfurt,1,3,14,2,2,0.38958658262530355,0.2589398272918084,0.35147359008288814,0.2861821048608202,0.3730909565909402,0.25511808610958786,0.37179095729947204,0.26692173161032834,0.35354780054023793,0.2542574733543968,0.39219472610536515,1.0,144.0,180.0
2025/26,2025-08-30,RB Leipzig,Heidenheim,2,0,15,2,0,0.6074955653484385,0.2136073241028599,0.1788971105487014,0.09303195369190813,0.6036907858742037,0.21583815444366916,0.18047105968212718,0.09481539829189811,0.6518667336346894,0.19450862213293155,0.15362464423237904,1.0,144.0,180.0
2025/26,2025-08-31,FC Koln,Freiburg,4,1,16,2,0,0.4182086184656358,0.24899469623559517,0.33279668529876916,0.22461742268675605,0.43288687306144585,0.248932696656648,0.31818043028190607,0.21142804248020175,0.3746265684126668,0.2848038239394543,0.34056960764787897,1.0,144.0,180.0
2025/26,2025-08-31,Wolfsburg,Mainz,1,1,17,2,1,0.5358351455985452,0.23337007933257373,0.2307947750688814,0.17019276572885478,0.4781213089109581,0.25125220403907533,0.27062648704996667,0.1509193407638668,0.4565377748794646,0.26641793438171496,0.2770442907388204,1.0,144.0,180.0
2025/26,2025-08-31,Dortmund,Union Berlin,3,0,18,2,0,0.5590026928703447,0.23057289842252895,0.2104244087071264,0.11937852833767568,0.6018804211050541,0.2178907080987294,0.18022887079621647,0.09549082248398418,0.6856935766322951,0.18276520662599927,0.1315412167417056,1.0,144.0,180.0
2025/26,2025-09-12,Leverkusen,Ein Frankfurt,3,1,19,3,0,0.41885044730311594,0.2639726603774903,0.31717689231939344,0.21916799181058838,0.42673619636224563,0.26319295198450365,0.31007085165325055,0.212387660803099,0.4440020772027004,0.25588540765102996,0.3001125151462697,1.0,144.0,180.0
2025/26,2025-09-13,Wolfsburg,FC Koln,3,3,20,3,1,0.48927452777073877,0.25384352762586176,0.25688194460339936,0.1526889484942517,0.46970225529850146,0.26026328641031654,0.2700344582911823,0.14676940864855537,0.4932866238198424,0.26193386763479504,0.24477950854536262,1.0,144.0,180.0
2025/26,2025-09-13,Bayern Munich,Hamburg,5,0,21,3,0,0.6668878741443267,0.1914861216253808,0.14162600423029248,0.06551080673316237,0.7122682286956432,0.16703126758755713,0.12070050371679977,0.04867909190771592,0.8953488372093024,0.058604651162790705,0.04604651162790698,1.0,144.0,180.0
2025/26,2025-09-13,Union Berlin,Hoffenheim,2,4,22,3,2,0.38952220707654495,0.26200424360985836,0.348473549313597,0.2881071328749026,0.38127052091328484,0.2714599845892127,0.3472694944975024,0.2857121614655168,0.3309390490178079,0.28449146319074714,0.3845694877914448,1.0,144.0,180.0
2025/26,2025-09-13,Freiburg,Stuttgart,3,1,23,3,0,0.40299914729543246,0.2532803803764585,0.3437204723281094,0.2372768906137196,0.34248010794644645,0.24921987831603434,0.40830001373751934,0.29952065483208756,0.3657164291072768,0.2779444861215304,0.35633908477119275,1.0,144.0,180.0
2025/26,2025-09-13,Heidenheim,Dortmund,0,2,24,3,2,0.27984658149286057,0.24118826078568734,0.47896515772145204,0.17489570802073579,0.24573756567492072,0.2319966943145587,0.5222657400105207,0.14430848717576572,0.18136603781122354,0.21332481099381798,0.6053091511949585,1.0,144.0,180.0
2025/26,2025-09-13,Mainz,RB Leipzig,0,1,25,3,2,0.3977160391926856,0.2580076378572344,0.3442763229500798,0.29407579423749275,0.4497528549187193,0.25124614879389146,0.29900099628738935,0.3468386168568058,0.4039416367410752,0.25685998536833543,0.33919837789058926,1.0,144.0,180.0
2025/26,2025-09-14,St Pauli,Augsburg,2,1,26,3,0,0.43691038197464244,0.2536931015585419,0.30939651646681604,0.20639806116487178,0.4115061587458482,0.28007736328993205,0.30841647796421995,0.22072286253696044,0.43646562175900905,0.2931681736513826,0.27036620458960836,1.0,144.0,180.0
2025/26,2025-09-14,M'gladbach,Werder Bremen,0,4,27,3,2,0.5182397187449639,0.25137538558215516,0.2303848956728812,0.43043990744665084,0.44745793718139826,0.25418187360966127,0.29836018920894036,0.346258514816773,0.4741673944586947,0.23824587221576568,0.2875867333255397,1.0,144.0,180.0
2025/26,2025-09-19,Stuttgart,St Pauli,2,0,28,4,0,0.5694688225767462,0.23383286852098867,0.19669830890226508,0.11202365972923206,0.6377831532946776,0.20864807025791343,0.15356877644740893,0.07739220656835065,0.5399576451680146,0.2376341714675859,0.22240818336439958,1.0,144.0,180.0
2025/26,2025-09-20,Werder Bremen,Freiburg,0,3,29,4,2,0.3746247318774564,0.23920770091801621,0.3861675672045276,0.2585669726429322,0.4042701500713912,0.2416169393427296,0.35411291058587924,0.29030224325529486,0.38734065469745615,0.26419158785071056,0.3484677574518333,1.0,144.0,180.0
2025/26,2025-09-20,Hoffenheim,Bayern Munich,1,4,30,4,2,0.24999835896659883,0.23698371215998745,0.5130179288734137,0.149825358542366,0.23077177977859753,0.23111685870702853,0.5381113615143737,0.13329836435214346,0.11587945881166865,0.1508070193954055,0.7333135217929259,1.0,144.0,180.0
2025/26,2025-09-20,RB Leipzig,FC Koln,3,1,31,4,0,0.5490473508611705,0.23562978631424897,0.21532286282458032,0.12486111351015067,0.5422931991759964,0.23004826759688438,0.2276585332271192,0.13066196163583374,0.49805447470817116,0.24902723735408558,0.2529182879377432,1.0,144.0,180.0
2025/26,2025-09-20,Augsburg,Mainz,1,4,32,4,2,0.37823230640068745,0.2564920490590181,0.3652756445402945,0.2729673425094611,0.3892726424828536,0.26324583816867425,0.34748151934847227,0.28865677888868096,0.353807163212485,0.2844940639866473,0.3616987728008676,1.0,144.0,180.0
2025/26,2025-09-20,Hamburg,Heidenheim,2,1,33,4,0,0.4832704809559689,0.25795415226116175,0.2587753667828693,0.16698704315254215,0.4782945658794206,0.2666407178335222,0.2550647162870569,0.16861728474276955,0.5173168574500983,0.25001431671110147,0.23266882583880022,1.0,144.0,180.0
2025/26,2025-09-21,Dortmund,Wolfsburg,1,0,34,4,0,0.506296435232569,0.23872901752986359,0.25497454723756735,0.15437761480153575,0.5400594909053389,0.2349602572153619,0.22498025187929924,0.13108069282096446,0.6086762551769777,0.20768138320416193,0.18364236161886044,1.0,144.0,180.0
2025/26,2025-09-21,Ein Frankfurt,Union Berlin,3,4,35,4,2,0.5484215903629959,0.21061740490838124,0.24096100472862303,0.43845321855942965,0.5971661061504072,0.2053816518145782,0.19745224203501438,0.5003451310747321,0.5865982922367864,0.22097880871933734,0.19242289904387622,1.0,144.0,180.0
2025/26,2025-09-21,Leverkusen,M'gladbach,1,1,36,4,1,0.4854302297406494,0.25041581865593354,0.264153951603417,0.15270990904688003,0.5427823271900224,0.23453607850831643,0.22268159430166107,0.17209987357527307,0.6211337328320988,0.2162876391111773,0.16257862805672388,1.0,144.0,180.0
2025/26,2025-09-26,Bayern Munich,Werder Bremen,4,0,37,5,0,0.6642267009878698,0.18433357917640272,0.15143971983572757,0.06783884853670649,0.6772670644165815,0.17876303492474566,0.14396990065867296,0.06244194000297956,0.8818541548897681,0.08083663086489541,0.03730921424533635,1.0,144.0,180.0
2025/26,2025-09-27,M'gladbach,Ein Frankfurt,4,6,38,5,2,0.4924251165806847,0.24479829565066566,0.2627765877686497,0.39299042749076823,0.41859060194624537,0.250371733266141,0.3310376647876138,0.3113643489852646,0.3157475200755786,0.2614253660840812,0.4228271138403401,1.0,144.0,180.0
2025/26,2025-09-27,Wolfsburg,RB Leipzig,0,1,39,5,2,0.329365645348299,0.24195385707039432,0.4286804975813066,0.2174438510898224,0.3629481556994298,0.2520280076133568,0.3850238366872137,0.25496352258426636,0.3696729435084242,0.26065411298315166,0.3696729435084242,1.0,144.0,180.0
2025/26,2025-09-27,Heidenheim,Augsburg,2,1,40,5,0,0.41313764268889913,0.2373385369901087,0.34952382032099183,0.23328716370026176,0.4020477751062413,0.2524512692298456,0.3455009556639132,0.23845888681003674,0.34164160025489976,0.2735052136872091,0.3848531860578911,1.0,144.0,180.0
2025/26,2025-09-27,Mainz,Dortmund,0,2,41,5,2,0.39522926470537517,0.2548841928213566,0.3498865424732683,0.2894268396684566,0.3939119026067497,0.2479039215447812,0.3581841758484694,0.28354706957328907,0.2750832418109235,0.25353625159074666,0.47138050659833,1.0,144.0,180.0
2025/26,2025-09-27,St Pauli,Leverkusen,1,2,42,5,2,0.3086509433267658,0.2443641773322494,0.4469848793409851,0.20054556424700382,0.32128883400181985,0.2706597752000906,0.4080513907980898,0.22681483539516248,0.288751275645504,0.2748846889619629,0.43636403539253305,1.0,144.0,180.0
2025/26,2025-09-28,Union Berlin,Hamburg,0,0,43,5,1,0.4271881533377312,0.2473713047921777,0.3254405418700913,0.1442006323223997,0.3876051278764501,0.2525512364465332,0.35984363567701666,0.13986258864668638,0.48410971274923537,0.269545851142926,0.24634443610783868,1.0,144.0,180.0
2025/26,2025-09-28,FC Koln,Stuttgart,1,2,44,5,2,0.39298888442300106,0.25807718335338653,0.34893393222361224,0.2891636439449213,0.3190889872299045,0.24561463191969315,0.43529638085040256,0.21035397962603,0.37274268278901573,0.2615210758277771,0.36573624138320715,1.0,144.0,180.0
2025/26,2025-09-28,Freiburg,Hoffenheim,1,1,45,5,1,0.45074936166442486,0.24464908497251303,0.30460155336306205,0.14797854667603844,0.4526611734915523,0.247726608607225,0.2996122179012225,0.14733480955121947,0.4121877223866063,0.2740177534739129,0.3137945241394809,1.0,144.0,180.0
2025/26,2025-10-03,Hoffenheim,FC Koln,0,1,46,6,2,0.521279902711938,0.21165327657388056,0.2670668207141816,0.4044618911346927,0.5638674200610965,0.2017894848726814,0.23434309506622192,0.45208848173956456,0.506105692545041,0.2460058049839186,0.2478885024710405,1.0,144.0,180.0
2025/26,2025-10-04,Augsburg,Wolfsburg,3,1,47,6,0,0.33604460149775317,0.2665831585577527,0.3973722399444943,0.29937073413939097,0.33754693319407114,0.27524881868126994,0.3872042481246588,0.2943855977431814,0.36878596896690674,0.2719538989029703,0.35926013213012314,1.0,144.0,180.0
2025/26,2025-10-04,Dortmund,RB Leipzig,1,1,48,6,1,0.48824701371718776,0.24405562744417764,0.26769735883863455,0.15502351116646623,0.47590264722423403,0.2366608043144108,0.28743654846135525,0.15455154951320535,0.5656326621274125,0.20890536765396875,0.22546197021861894,1.0,144.0,180.0
2025/26,2025-10-04,Werder Bremen,St Pauli,1,0,49,6,0,0.5151864853090582,0.21873370762539912,0.2660798070655426,0.15292130387751024,0.5622854697762745,0.2153070634856993,0.22240746673802633,0.12052954561490149,0.41048965958354056,0.2694904413332386,0.3200198990832208,1.0,144.0,180.0
2025/26,2025-10-04,Ein Frankfurt,Bayern Munich,0,3,50,6,2,0.2693276712727447,0.23589388486548407,0.4947784438617712,0.1638931076499665,0.2616703413634144,0.22365325196461264,0.5146764066719731,0.15200517889503698,0.12897900307187388,0.1709827846032452,0.7000382123248808,1.0,144.0,180.0
2025/26,2025-10-04,Leverkusen,Union Berlin,2,0,51,6,0,0.4827677415620399,0.2527001737133268,0.26453208472463313,0.16875321650879666,0.562965922348807,0.23274704741583038,0.20428703023536227,0.11636598787540645,0.5682536646829192,0.23619345475818154,0.19555288055889927,1.0,144.0,180.0
2025/26,2025-10-05,M'gladbach,Freiburg,0,0,52,6,1,0.40008697840807395,0.25009054550026977,0.34982247609165634,0.14122267753530002,0.36461667469817866,0.25125286008652375,0.3841304652152973,0.1402507668872392,0.36598493003229277,0.2863293864370291,0.34768568353067814,1.0,144.0,180.0
2025/26,2025-10-05,Hamburg,Mainz,4,0,53,6,0,0.26047060617000484,0.2312991385505147,0.5082302552794805,0.4026008583600029,0.2601554294454536,0.24200825160603548,0.49783631894851094,0.39760549452162236,0.30266824085005906,0.25770956316410865,0.4396221959858324,1.0,144.0,180.0
2025/26,2025-10-05,Stuttgart,Heidenheim,1,0,54,6,0,0.6398492628617151,0.19037175824878944,0.1697789788894955,0.07926672756700488,0.7419618687591191,0.1443769741783939,0.11366115706248717,0.03975126789953472,0.6883300947103258,0.18209107571136196,0.12957882957831232,1.0,144.0,180.0
2025/26,2025-10-17,Union Berlin,M'gladbach,3,1,55,7,0,0.5087386912975373,0.21463102805907788,0.2766302806433846,0.15893099279844708,0.47215346671955366,0.23585636356509102,0.29199016971535535,0.18194011095329363,0.432151028483636,0.2810230676555437,0.2868259038608204,1.0,144.0,180.0
2025/26,2025-10-18,RB Leipzig,Hamburg,2,1,56,7,0,0.6686879984658906,0.18043370001436762,0.15087830151974183,0.06626595211500994,0.6409423933830628,0.18357339026963423,0.17548421634730288,0.07985853752825511,0.660672564670835,0.18393724811858475,0.1553901872105804,1.0,144.0,180.0
2025/26,2025-10-18,Wolfsburg,Stuttgart,0,3,57,7,2,0.389307867828209,0.2790730682565632,0.33161906391522766,0.29914684583725126,0.29958643509946675,0.26520881957724934,0.4352047453232839,0.2043728559004718,0.33671884023412907,0.2594979862071022,0.4037831735587689,1.0,144.0,180.0
2025/26,2025-10-18,Bayern Munich,Dortmund,2,1,58,7,0,0.5394602136038024,0.24408703624511432,0.21645275015108367,0.12947434395091134,0.5851880547779793,0.2267899723162266,0.18802197290579423,0.10371060609713194,0.7135873039750292,0.16877891015757213,0.11763378586739877,1.0,144.0,180.0
2025/26,2025-10-18,Mainz,Leverkusen,3,4,59,7,2,0.3767472671288325,0.26312580460539825,0.3601269282657695,0.2756880256098219,0.38640845062098245,0.26834544094803897,0.34524610843097825,0.28900707461804304,0.36174241704088733,0.271054903019495,0.36720267993961775,1.0,144.0,180.0
2025/26,2025-10-18,FC Koln,Augsburg,1,1,60,7,1,0.4578159535543279,0.2508395608884204,0.29134448555725145,0.14723852829673909,0.47375997106179285,0.2625238639096966,0.26371616502851,0.1469973629389077,0.5064009709117958,0.24930509337196102,0.24429393571624314,1.0,144.0,180.0
2025/26,2025-10-18,Heidenheim,Werder Bremen,2,2,61,7,1,0.36359945082841993,0.2495941596957031,0.38680638947587725,0.1409118717910462,0.34373400113568797,0.2534118776726905,0.4028541211916215,0.14022225324891138,0.3158366310759352,0.2702157843649668,0.413947584559098,1.0,144.0,180.0
2025/26,2025-10-19,Freiburg,Ein Frankfurt,2,2,62,7,1,0.46973587237924896,0.23901957386639744,0.29124455375435376,0.1527375899457333,0.44359911650621486,0.24125044898997475,0.3151504345038099,0.14804998626651744,0.3801077547067014,0.267328530782735,0.3525637145105637,1.0,144.0,180.0
2025/26,2025-10-19,St Pauli,Hoffenheim,0,3,63,7,2,0.29457329902600266,0.2651379533171483,0.44028874765684883,0.20002505724930056,0.32537412615747363,0.27892924743354175,0.3956966264089846,0.23552544465311093,0.37859868524085455,0.2787961664954144,0.34260514826373106,1.0,144.0,180.0
2025/26,2025-10-24,Werder Bremen,Union Berlin,1,0,64,8,0,0.41128502766557706,0.22727068467422243,0.36144428766020026,0.23861364586645506,0.4354087732220679,0.2393842993414131,0.32520692743651924,0.21226139950365583,0.4126067227894203,0.2712400740342707,0.316153203176309,1.0,144.0,180.0
2025/26,2025-10-25,Hoffenheim,Heidenheim,3,1,65,8,0,0.5414396409442561,0.23155876430378408,0.22700159475195977,0.13090366345863286,0.5100778844347594,0.24083942749620585,0.2490826880690345,0.1510329324078085,0.60375264803793,0.21466760819126401,0.18157974377080602,1.0,144.0,180.0
2025/26,2025-10-25,Hamburg,Wolfsburg,0,1,66,8,2,0.42916155765768893,0.26888169486727365,0.3019567474750375,0.3357220124834013,0.410017822371647,0.27244573619753437,0.31753644143081833,0.316935561718649,0.44055488854493646,0.2589431658734866,0.300501945581577,1.0,144.0,180.0
2025/26,2025-10-25,M'gladbach,Bayern Munich,0,3,67,8,2,0.16475102938082703,0.1855581348993097,0.6496908357198633,0.07492970613034497,0.15204440165655733,0.17470084297310848,0.673254755370334,0.06493997748160034,0.09000788087436226,0.136940561615994,0.7730515575096437,1.0,144.0,180.0
2025/26,2025-10-25,Augsburg,RB Leipzig,0,6,68,8,2,0.24181164708989034,0.24705207970910784,0.511136273201002,0.1487303080240656,0.2507701974461069,0.24719149078384375,0.5020383117700497,0.155425767435991,0.28542855628390196,0.2554623036556708,0.45910914006042725,1.0,144.0,180.0
2025/26,2025-10-25,Ein Frankfurt,St Pauli,2,0,69,8,0,0.5526920287414923,0.23301345017254402,0.21429452108596345,0.12300328145943226,0.576679149249401,0.2253565872985236,0.19796426345207568,0.10919519614216681,0.5855396245879575,0.21809037936120315,0.1963699960508394,1.0,144.0,180.0
2025/26,2025-10-25,Dortmund,FC Koln,1,0,70,8,0,0.5938114869342227,0.2171734013021679,0.18901511176360972,0.10035791031079844,0.602024482849583,0.21359648182823182,0.18437903532218508,0.09619007045874076,0.6961027931033339,0.17984811940773868,0.12404908748892746,1.0,144.0,180.0
2025/26,2025-10-26,Stuttgart,Mainz,2,1,71,8,0,0.5712865126630556,0.22367198111751538,0.20504150621942932,0.11291863674866824,0.5706556885136861,0.21527114244810527,0.21407316903820892,0.1150819297538592,0.4498530174649835,0.26768113435932905,0.2824658481756874,1.0,144.0,180.0
2025/26,2025-10-26,Leverkusen,Freiburg,2,0,72,8,0,0.6045082581449109,0.2139008002404339,0.18159094161465533,0.09469449397603474,0.6057029047373518,0.21819533072799066,0.17610176453465776,0.09324101540239094,0.4809315137955727,0.27060770414124147,0.2484607820631859,1.0,144.0,180.0
2025/26,2025-10-31,Augsburg,Dortmund,0,1,73,9,2,0.2165912537234324,0.2584237273305075,0.5249850189460602,0.13627550170758157,0.24054925324070875,0.27024137779343643,0.4892093689658546,0.15938550599346146,0.1803216824584128,0.21785470233663445,0.6018236152049526,1.0,144.0,180.0
2025/26,2025-11-01,Bayern Munich,Leverkusen,3,0,74,9,0,0.6007855342900345,0.20542675939673696,0.19378770631322884,0.0984629323751177,0.5739999619995846,0.21320786929128305,0.21279216870913265,0.1133782697201456,0.7946245325745592,0.12701396095313297,0.0783615064723078,1.0,144.0,180.0
2025/26,2025-11-01,Union Berlin,Freiburg,0,0,75,9,1,0.41537389539721403,0.25766599880786506,0.3269601057949206,0.13971919187944082,0.39884356781484015,0.27043405694032063,0.33072237524483944,0.1342267405374296,0.35777058908051557,0.30315763311495403,0.33907177780453046,1.0,144.0,180.0
2025/26,2025-11-01,St Pauli,M'gladbach,0,4,76,9,2,0.4417867715758215,0.2715224725805688,0.2866907558436096,0.351992814669174,0.38830945192047656,0.2925232423263986,0.31916730575312446,0.30715869400311996,0.4141340031368967,0.2788581396480536,0.3070078572150496,1.0,144.0,180.0
2025/26,2025-11-01,RB Leipzig,Stuttgart,3,1,77,9,0,0.32304017272817914,0.24524018218887966,0.43171964508294147,0.3223282298452172,0.29120687588149835,0.23373905634475273,0.4750540677737489,0.36403203005302565,0.47640157173363323,0.24983527155182822,0.27376315671453855,1.0,144.0,180.0
2025/26,2025-11-01,Mainz,Werder Bremen,1,1,78,9,1,0.4482651963162641,0.2615570023078376,0.29017780137589827,0.1425724213199045,0.43373291614582604,0.2568326483332047,0.3094344355209692,0.14193695621727154,0.5308432371250708,0.24165251839275612,0.22750424448217318,1.0,144.0,180.0
2025/26,2025-11-01,Heidenheim,Ein Frankfurt,1,1,79,9,1,0.2520309222853883,0.2152251543972023,0.5327439233174089,0.17366783680982462,0.2708896617864754,0.22679035367592368,0.5023199845376008,0.16285328786432335,0.24993577557416635,0.23423932590042643,0.5158248985254071,1.0,144.0,180.0
2025/26,2025-11-02,Wolfsburg,Hoffenheim,2,3,80,9,2,0.460490796272065,0.23598748515112244,0.3035217185768125,0.3485668849727386,0.44336098138346164,0.25455022918963094,0.30208878942690714,0.3418245088284529,0.3484796886402335,0.2578934565799076,0.3936268547798589,1.0,144.0,180.0
2025/26,2025-11-02,FC Koln,Hamburg,4,1,81,9,0,0.44743876488899115,0.2658055523241519,0.28675568278685737,0.19377637007898005,0.42765738442199547,0.2703944977168165,0.30194811786118825,0.20937436774329266,0.3904989272007494,0.2671270133873258,0.3423740594119247,1.0,144.0,180.0
2025/26,2025-11-07,Werder Bremen,Wolfsburg,2,1,82,10,0,0.4007797922314319,0.23392826641977874,0.36529194134878906,0.24625152990628665,0.4241648951643151,0.2491316846647131,0.32670342017097187,0.21916059635626736,0.4424870765587547,0.25890201288012243,0.2986109105611228,1.0,144.0,180.0
2025/26,2025-11-08,M'gladbach,FC Koln,3,1,83,10,0,0.47547274911029436,0.24311987914638092,0.28140737174332486,0.177159472898699,0.39576072897256354,0.249303869394334,0.3549354016331027,0.2455421179921098,0.46972536619585586,0.25791286685024445,0.2723617669538996,1.0,144.0,180.0
2025/26,2025-11-08,Union Berlin,Bayern Munich,2,2,84,10,1,0.18162572750021533,0.19798001731286408,0.6203942551869206,0.20893846837945823,0.1555707435355626,0.1856317979352619,0.6587974585291755,0.22910817380435425,0.07407566897193203,0.13659343214682504,0.789330898881243,1.0,144.0,180.0
2025/26,2025-11-08,Leverkusen,Heidenheim,6,0,85,10,0,0.6562944611665285,0.1881783396030134,0.15552719923045813,0.07116110356263881,0.6471959262078979,0.20056070921435357,0.15224336457774887,0.07382437827112814,0.6900031314543467,0.18470447113500676,0.12529239741064663,1.0,144.0,180.0
2025/26,2025-11-08,Hoffenheim,RB Leipzig,3,1,86,10,0,0.35479007811857177,0.2420604425122597,0.40314947936916856,0.28941267300493523,0.3538678894858975,0.24592352148449284,0.4002085890296097,0.28882680948523964,0.34857426507087313,0.2462081517842369,0.40521758314489004,1.0,144.0,180.0
2025/26,2025-11-08,Hamburg,Dortmund,1,1,87,10,1,0.34049875580808725,0.28528431409563704,0.37421693009627577,0.12798885673876814,0.2936418258404785,0.268047971876314,0.4383102022832072,0.13917067765423807,0.23693346190935388,0.24908389585342333,0.5139826422372228,1.0,144.0,180.0
2025/26,2025-11-09,Ein Frankfurt,Mainz,1,0,88,10,0,0.5689266096741182,0.22601503600356146,0.20505835432232056,0.11393659826221415,0.5680302583187588,0.22946631917207969,0.20250342250916137,0.11380274692804114,0.5166105944507694,0.24650454760595086,0.23688485794327965,1.0,144.0,180.0
2025/26,2025-11-09,Freiburg,St Pauli,2,1,89,10,0,0.536167814487011,0.23946700561704112,0.22436517989594792,0.13274001513374845,0.5096419955725706,0.2506463542944297,0.23971165013299994,0.14895632385776825,0.5446603184950642,0.2678163997019929,0.1875232818029428,1.0,144.0,180.0
2025/26,2025-11-09,Stuttgart,Augsburg,3,2,90,10,0,0.52769442033888,0.25233684444972765,0.21996873521139218,0.1357294025247631,0.6004281397264778,0.22325470115856916,0.17631715911495316,0.0953727060604054,0.6320719765945838,0.20887043719000284,0.15905758621541335,1.0,144.0,180.0
2025/26,2025-11-21,Mainz,Hoffenheim,1,1,91,11,1,0.3710191497500798,0.25880217127715843,0.37017867897276213,0.13734373192364557,0.35478237390514206,0.2724170703570576,0.37280055573780047,0.1324253935960904,0.3829936058755996,0.27325948284382673,0.34374691128057355,1.0,144.0,180.0
2025/26,2025-11-22,FC Koln,Ein Frankfurt,3,4,92,11,2,0.3659462385932781,0.26257435124146467,0.3714794101652575,0.2644773906933907,0.3496010352762202,0.25980144367236235,0.39059752105141743,0.24679613260744132,0.3439187688880024,0.2652016664722198,0.39087956463977774,1.0,144.0,180.0
2025/26,2025-11-22,Wolfsburg,Leverkusen,1,3,93,11,2,0.2611916845093923,0.21478257820416252,0.5240257372864451,0.147386297411283,0.25875806006045193,0.22045489237488292,0.520787047564665,0.14830039371401949,0.27308542327279717,0.24800614970692803,0.47890842702027486,1.0,144.0,180.0
2025/26,2025-11-22,Dortmund,Stuttgart,3,3,94,11,1,0.4277376674976872,0.277010133010218,0.2952521994920949,0.13506668675064087,0.3995626517533331,0.25223325856943934,0.3482040896772273,0.14044820037205105,0.5309385670266218,0.24723093579102237,0.2218304971823557,1.0,144.0,180.0
2025/26,2025-11-22,Bayern Munich,Freiburg,6,2,95,11,0,0.6672549378663082,0.19883349371957662,0.133911568414115,0.06432579226474135,0.6588371700387967,0.20330079818486768,0.13786203177633582,0.06769900817631813,0.811755890433769,0.12384480892515194,0.064399300641079,1.0,144.0,180.0
2025/26,2025-11-22,Augsburg,Hamburg,1,0,96,11,0,0.3581050826036329,0.3093467119513084,0.3325482054450583,0.2613086969620089,0.3403006688285014,0.3063375449225858,0.35336178624891307,0.28003387976457245,0.3845222591818887,0.2811680103266411,0.3343097304914702,1.0,144.0,180.0
2025/26,2025-11-22,Heidenheim,M'gladbach,0,3,97,11,2,0.26987297933056315,0.24357925211967682,0.48654776854976,0.1682323094769927,0.29105374932915906,0.2616704775117757,0.4472757731590654,0.195108177967735,0.28290067118860757,0.2602081039809652,0.45689122483042727,1.0,144.0,180.0
2025/26,2025-11-23,RB Leipzig,Werder Bremen,2,0,98,11,0,0.6493629149613239,0.20020700526738675,0.15043007977128914,0.07278778715220811,0.5705472803173646,0.2291570707628135,0.20029564891982193,0.11227399270951241,0.6256403124492965,0.20119138678348744,0.173168300767216,1.0,144.0,180.0
2025/26,2025-11-23,St Pauli,Union Berlin,0,1,99,11,2,0.2974843209049481,0.2593062027787258,0.4432094763163256,0.19925630422410895,0.32171602204193245,0.27521423394423544,0.403069744013832,0.22991346467509854,0.3524617042207336,0.31999812620040285,0.32754016957886345,1.0,144.0,180.0
2025/26,2025-11-28,M'gladbach,RB Leipzig,0,0,100,12,1,0.3352202069899563,0.23747521798959398,0.4273045750204497,0.14748089350389815,0.30509476130308555,0.24161060988633318,0.45329462881058125,0.1492794169415547,0.3330036754395028,0.2532215448654553,0.41377477969504184,1.0,144.0,180.0
2025/26,2025-11-29,Werder Bremen,FC Koln,1,1,101,12,1,0.4314212712650657,0.24500365910497154,0.3235750696299629,0.14541256949300033,0.35891164453945007,0.23771131681653065,0.4033770386440191,0.1457653019456156,0.432287779213923,0.25395496167919757,0.31375725910687957,1.0,144.0,180.0
2025/26,2025-11-29,Bayern Munich,St Pauli,3,1,102,12,0,0.8011585688316256,0.11602111405177618,0.08282031711659792,0.02319855983819063,0.7817923055189477,0.12925830093759735,0.08894939354345498,0.02776329627124233,0.869176858595575,0.08849800742064037,0.04232513398378452,1.0,144.0,180.0
2025/26,2025-11-29,Hoffenheim,Augsburg,3,0,103,12,0,0.6175158370394243,0.21181391856542056,0.1706702443951551,0.08771123361877714,0.6259231130388413,0.20497553974313137,0.16910134721802736,0.08426439149475168,0.5488761108207004,0.23523261892315733,0.21589127025614216,1.0,144.0,180.0
2025/26,2025-11-29,Union Berlin,Heidenheim,1,2,104,12,2,0.5512892338939325,0.24598428327442298,0.20272648283164468,0.46978244029267946,0.5533174929616184,0.2572027804570173,0.18947972658136447,0.48155168081997524,0.6185392758651366,0.2359220709901255,0.14553865314473802,1.0,144.0,180.0
2025/26,2025-11-29,Leverkusen,Dortmund,1,2,105,12,2,0.476170629129504,0.2633878527567172,0.2604415181137787,0.38684260808771986,0.4071226537517898,0.2623627441391087,0.3305146021091018,0.3069797765935173,0.3514772903778181,0.26969310092702387,0.378829608695158,1.0,144.0,180.0
2025/26,2025-11-30,Freiburg,Mainz,4,0,106,12,0,0.455023863018009,0.2733590535987117,0.2716170833832792,0.18538741493272656,0.49128339471499893,0.26939708330947293,0.23931952197552825,0.15803320904564547,0.5542199744982019,0.255232882992593,0.19054714250920504,1.0,144.0,180.0
2025/26,2025-11-30,Ein Frankfurt,Wolfsburg,1,1,107,12,1,0.6276026893834883,0.2132664361714639,0.1591308744450478,0.20960388546151643,0.5647762611345869,0.24366585226277995,0.19155788660263323,0.17783332453041517,0.49324079904607515,0.24414180254290654,0.2626173984110184,1.0,144.0,180.0
2025/26,2025-11-30,Hamburg,Stuttgart,2,1,108,12,0,0.24616821156805288,0.22262795622569873,0.5312038322062482,0.42521993830055604,0.23513109994520018,0.21535781035808502,0.5495110896967148,0.4434934359853552,0.3413785894828863,0.2740645014158383,0.38455690910127516,1.0,144.0,180.0
2025/26,2025-12-05,Mainz,M'gladbach,0,1,109,13,2,0.4613696799223358,0.2639309817192697,0.2746993383583944,0.3694615156646947,0.45924508695512745,0.25819429584052866,0.2825606172043441,0.3628126589393173,0.3575854242071038,0.27949205570210417,0.36292252009079196,1.0,144.0,180.0
2025/26,2025-12-06,RB Leipzig,Ein Frankfurt,6,0,110,13,0,0.4592474831726892,0.2569392945898307,0.28381322223747985,0.18648161478594616,0.4827208930720248,0.2441200693155546,0.2731590376124208,0.1710967671467737,0.5438649381971661,0.23611697316852578,0.22001808863430808,1.0,144.0,180.0
2025/26,2025-12-06,Stuttgart,Bayern Munich,0,5,111,13,2,0.23531783414190813,0.22074911687159263,0.5439330489864993,0.13168577343599475,0.2600791912744514,0.25329232850492117,0.48662848022062777,0.16559575152727768,0.2028043332972313,0.2049572455403017,0.5922384211624669,1.0,144.0,180.0
2025/26,2025-12-06,Wolfsburg,Union Berlin,3,1,112,13,0,0.4697712039526713,0.2571254770729198,0.27310331897440915,0.1778639994963187,0.42661172852244256,0.26571452773632037,0.307673743741237,0.2117186212278848,0.47672343542081425,0.2770700308428664,0.24620653373631923,1.0,144.0,180.0
2025/26,2025-12-06,FC Koln,St Pauli,1,1,113,13,1,0.47503974022411083,0.2603694777547265,0.26459078202116276,0.14783551836138054,0.48345281053898315,0.2586688064410607,0.25787838301995636,0.15011394022351457,0.4743134981745194,0.2731299638364508,0.2525565379890298,1.0,144.0,180.0
2025/26,2025-12-06,Augsburg,Leverkusen,2,0,114,13,0,0.21092906501378136,0.23738694343764816,0.5516839915485704,0.46349408348549426,0.2117459997022104,0.24573189065196419,0.5425221096458253,0.45783730422001234,0.2724036057874404,0.2794485266267707,0.448147867585789,1.0,144.0,180.0
2025/26,2025-12-06,Heidenheim,Freiburg,2,1,115,13,0,0.24626779503015597,0.2675048910792489,0.4862273138905952,0.4022646187909832,0.2409872622594404,0.25579008883213966,0.5032226489084202,0.4146666852134131,0.195042800335178,0.26341378197441156,0.5415434176904104,1.0,144.0,180.0
2025/26,2025-12-07,Hamburg,Werder Bremen,3,2,116,13,0,0.39719104687173556,0.25692642604779015,0.3458825270804743,0.24150667825558456,0.4110993277219998,0.26229675929071,0.32660391298729013,0.22673705889404497,0.3972346602371697,0.27727205629090196,0.32549328347192835,1.0,144.0,180.0
2025/26,2025-12-07,Dortmund,Hoffenheim,2,0,117,13,0,0.5798379434399363,0.23051811711719006,0.18964393944287372,0.10625048877009723,0.6198826893661896,0.213557436576115,0.1665598740576952,0.08611568074479801,0.5896328293736501,0.21382289416846653,0.19654427645788336,1.0,144.0,180.0
2025/26,2025-12-12,Union Berlin,RB Leipzig,3,1,118,14,0,0.2836602396550631,0.25654739217023004,0.4597923681747069,0.36227583704137345,0.3072684257697177,0.27491628767566206,0.41781528655462036,0.3272233238071423,0.3107511432397858,0.27710856932778627,0.41214028743242787,1.0,144.0,180.0
2025/26,2025-12-13,Leverkusen,FC Koln,2,0,119,14,0,0.6563288058080661,0.1961124211101459,0.1475587730817877,0.06994174061535628,0.6361470968232592,0.20080799432682267,0.16304490884991835,0.07948628872601042,0.5360068849978715,0.225621502754918,0.23837161224721062,1.0,144.0,180.0
2025/26,2025-12-13,St Pauli,Heidenheim,2,1,120,14,0,0.4005724217011311,0.29644373321802575,0.3029838450808429,0.2255563160026095,0.3977130629135587,0.3193637472125928,0.2829231898738487,0.22139754297668032,0.5166958585230803,0.2744034502890935,0.208900691187826,1.0,144.0,180.0
2025/26,2025-12-13,M'gladbach,Wolfsburg,1,3,121,14,2,0.564541539494226,0.21598956919960388,0.21946889130617023,0.46396798072666506,0.5909735190344217,0.20379260573093866,0.20523387523463948,0.49045144663723816,0.4748852142092726,0.25618807608658123,0.26892670970414606,1.0,144.0,180.0
2025/26,2025-12-13,Ein Frankfurt,Augsburg,1,0,122,14,0,0.449050238346629,0.29294884647458724,0.2580009151787835,0.18505505604949812,0.4754238750220683,0.2692562378097365,0.2553198871681952,0.17018417784022127,0.5193655220498519,0.2542443785950846,0.22639009935506366,1.0,144.0,180.0
2025/26,2025-12-13,Hoffenheim,Hamburg,4,1,123,14,0,0.5694410172411459,0.21340666315948215,0.21715231959937203,0.11626808377086346,0.5406515827454914,0.22382644228309587,0.2355219749714125,0.13323578456432844,0.5614877024595082,0.23215356928614278,0.20635872825434917,1.0,144.0,180.0
2025/26,2025-12-14,Bayern Munich,Mainz,2,2,124,14,1,0.8260300208479585,0.09783457610002895,0.07613540305201252,0.3440610974699856,0.8029269173290607,0.11263597397592459,0.08443710869501468,0.325910629948161,0.8922282225874618,0.06762150739610237,0.040150270016435785,1.0,144.0,180.0
2025/26,2025-12-14,Werder Bremen,Stuttgart,0,4,125,14,2,0.4499383758266793,0.2712589984962586,0.27880262567706166,0.36128509738592496,0.3575713551368138,0.2528961134309513,0.3895325314322352,0.25026390209695637,0.3353828954723309,0.25936277249860257,0.4052543320290665,1.0,144.0,180.0
2025/26,2025-12-14,Freiburg,Dortmund,1,1,126,14,1,0.36468458850844854,0.31463029136323695,0.3206851201283142,0.11791689768364397,0.3898080534418043,0.3002961225905275,0.30989582396766824,0.12399287012034424,0.24597506809063288,0.2706410916317549,0.48338384027761205,1.0,144.0,180.0
2025/26,2025-12-19,Dortmund,M'gladbach,2,0,127,15,0,0.414188367860629,0.27360015128515497,0.3122114808542162,0.22032563856348808,0.48157267703121587,0.25893842659771366,0.25948889637107025,0.16805068827022807,0.6364504491759213,0.20495861922614417,0.1585909315979345,1.0,144.0,180.0
2025/26,2025-12-20,RB Leipzig,Leverkusen,1,3,128,15,2,0.445796301447964,0.2571683792781274,0.2970353192739079,0.3464468423665098,0.341435190538248,0.27315670554479937,0.38540810391695285,0.24715059403442255,0.46042657956834127,0.2478316537982653,0.2917417666333934,1.0,144.0,180.0
2025/26,2025-12-20,Stuttgart,Hoffenheim,0,0,129,15,1,0.5098412291004568,0.2277465381737173,0.26241223272582614,0.16439912938740875,0.5661523894236733,0.22116826255468422,0.21267934802164237,0.18288051656252274,0.4858734039663135,0.24789459386036405,0.2662320021733225,1.0,144.0,180.0
2025/26,2025-12-20,Wolfsburg,Freiburg,3,4,130,15,2,0.32208121263543193,0.2550147322680139,0.42290405509655404,0.21838801857835566,0.4125044719110079,0.24989213453661333,0.33760339355237856,0.30446460178995216,0.39239698553543223,0.2788379725294761,0.3287650419350918,1.0,144.0,180.0
2025/26,2025-12-20,FC Koln,Union Berlin,0,1,131,15,2,0.37276246521381806,0.28169205578327766,0.34554547900290455,0.2836312877629105,0.37907619515383895,0.28047668958978517,0.3404471152563754,0.2893543847529738,0.3619006342412904,0.29771030767861495,0.3403890580800948,1.0,144.0,180.0
2025/26,2025-12-20,Augsburg,Werder Bremen,0,0,132,15,1,0.3601214934111328,0.28001295843824303,0.35986554815062366,0.12959535138120687,0.3691596182186238,0.2818778460268475,0.34896253575452874,0.1290268375417754,0.4175239076008075,0.27558943476200604,0.30688665763718653,1.0,144.0,180.0
2025/26,2025-12-20,Hamburg,Ein Frankfurt,1,1,133,15,1,0.3006714240264029,0.2466193555678541,0.4527092204057427,0.1476744717332203,0.32649308767429663,0.25436368862455355,0.41914322370115004,0.14113938913684407,0.3862597867621516,0.28378270047831544,0.3299575127595329,1.0,144.0,180.0
2025/26,2025-12-21,Mainz,St Pauli,0,0,134,15,1,0.46411167057974423,0.27191058874747426,0.2639777406727814,0.14254194516951363,0.5205273539443417,0.2559214473694672,0.22355119868619133,0.16046193231916542,0.47689092846021464,0.2869786118167663,0.2361304597230189,1.0,144.0,180.0
2025/26,2025-12-21,Heidenheim,Bayern Munich,0,4,135,15,2,0.12180778168831086,0.13886835872014772,0.7393238595915415,0.0413945929290388,0.11382218803358123,0.12234642733205502,0.7638313846343636,0.03436555268623688,0.060514372163388806,0.10438729198184568,0.8350983358547655,1.0,144.0,180.0
2025/26,2026-01-09,Ein Frankfurt,Dortmund,3,3,136,16,1,0.3593914783922274,0.30101644181189624,0.33959207979587636,0.12224250770051985,0.3955935711821395,0.2862637011042955,0.3181427277135651,0.128854534378833,0.27684298991847545,0.2626267282740132,0.46053028180751127,1.0,144.0,180.0
2025/26,2026-01-10,Freiburg,Hamburg,2,1,137,16,0,0.6021343207704511,0.22274318428587467,0.1751224949436744,0.09448249347204372,0.5153045212347623,0.2590637564323549,0.22563172233288253,0.14291969062918303,0.5351294609499551,0.26391943441946014,0.20095110463058474,1.0,144.0,180.0
2025/26,2026-01-10,Heidenheim,FC Koln,2,2,138,16,1,0.358029401735996,0.2786239833995651,0.3633466148644387,0.13010290752044104,0.3933297556238669,0.28856279773314836,0.31810744664298446,0.12795032213442512,0.3468323321628706,0.2768746742550189,0.3762929935821106,1.0,144.0,180.0
2025/26,2026-01-10,Union Berlin,Mainz,2,2,139,16,1,0.5627185466006605,0.23113894471897684,0.2061425086803624,0.17957344828669655,0.5534694793889425,0.25444778393016093,0.19208273668089687,0.17161212117294486,0.45905632194007556,0.2958052895176171,0.24513838854230738,1.0,144.0,180.0
2025/26,2026-01-10,Leverkusen,Stuttgart,1,4,140,16,2,0.5473372157936816,0.24678683882452396,0.20587594538179477,0.46510552095801894,0.5251831460252048,0.24795589693921075,0.22686095703558437,0.43678065831243196,0.4359718208224151,0.2592579094490628,0.30477026972852217,1.0,144.0,180.0
2025/26,2026-01-11,M'gladbach,Augsburg,4,0,141,16,0,0.49947645023341053,0.2870880597827119,0.21343548998387757,0.1480392661278027,0.4603873151922554,0.293510238032942,0.2461024467748025,0.17587413195698343,0.49644341150785276,0.2609338685822945,0.2426227199098528,1.0,144.0,180.0
2025/26,2026-01-11,Bayern Munich,Wolfsburg,8,1,142,16,0,0.8053508352684005,0.10778961767452094,0.08685954705707837,0.022716439122835108,0.7931726582500966,0.11618354643162637,0.0906437953182768,0.025496923462516512,0.8604363935776039,0.08839028406751749,0.051173322354878543,1.0,144.0,180.0
2025/26,2026-01-13,Dortmund,Werder Bremen,3,0,143,17,0,0.6818505610003806,0.18701467647253167,0.13113476252708753,0.05920769573940414,0.6849934573931532,0.18291807840401306,0.13208846420283377,0.058338242130291235,0.7080050086639769,0.17072461201826394,0.12127037931775926,1.0,144.0,180.0
2025/26,2026-01-13,Mainz,Heidenheim,2,1,144,17,0,0.4979412499952394,0.2249219285515648,0.2771368214531959,0.16443390313076162,0.5111248531119407,0.22951875733571223,0.2593563895523471,0.15313232302322521,0.5770176008766864,0.2502907515491081,0.17269164757420544,1.0,144.0,180.0
2025/26,2026-01-13,Stuttgart,Ein Frankfurt,3,2,145,17,0,0.4949504732652515,0.23936558727332002,0.26568393946142876,0.16283149007136877,0.5104162052789392,0.23884164637455044,0.2507421483465105,0.15128195850544865,0.5326929869253058,0.24044247040768166,0.2268645426670126,1.0,144.0,180.0
2025/26,2026-01-14,Hoffenheim,M'gladbach,5,1,146,17,0,0.5436521195700315,0.23351999862245293,0.22282788180751556,0.1289528264418745,0.544078693638236,0.22948740142009647,0.22643390494166768,0.12956827545087476,0.5225806451612902,0.23870967741935487,0.23870967741935487,1.0,144.0,180.0
2025/26,2026-01-14,RB Leipzig,Freiburg,2,0,147,17,0,0.4921315350404594,0.2415415590895941,0.26632690586994645,0.16443019924530972,0.5207308225484928,0.2344126781138709,0.2448564993376362,0.1448268248614631,0.560239211625499,0.2316373663451582,0.208123422029343,1.0,144.0,180.0
2025/26,2026-01-14,Wolfsburg,St Pauli,2,1,148,17,0,0.6648522656520743,0.19751903640974366,0.13762869793818208,0.06563283116735355,0.6999790842513376,0.18100660706758726,0.11901430868107515,0.05208847777875011,0.5087495084545812,0.2577664176169878,0.233484073928431,1.0,144.0,180.0
2025/26,2026-01-14,FC Koln,Bayern Munich,1,3,149,17,2,0.13996532833688569,0.13305190401249736,0.7269827676506169,0.047064351148084604,0.1498271747543281,0.14500113619488345,0.7051716890507884,0.05468595761601448,0.10154326093635525,0.1401058776262614,0.7583508614373832,1.0,144.0,180.0
2025/26,2026-01-15,Augsburg,Union Berlin,1,1,150,17,1,0.32320395079171743,0.28755814280167213,0.3892379064066105,0.12798347079558808,0.3062480971931809,0.29989907213668104,0.3938528306701379,0.12445397463066223,0.36287216139286527,0.3002680185327543,0.3368598200743803,1.0,144.0,180.0
2025/26,2026-01-16,Werder Bremen,Ein Frankfurt,3,3,151,18,1,0.37379439991352226,0.2807319551677221,0.34547364491875554,0.12953714637008035,0.35126095992423384,0.27686550802891496,0.37187353204685103,0.1308370929019473,0.3648234903537571,0.2717670638287408,0.3634094458175022,1.0,144.0,180.0
2025/26,2026-01-17,Wolfsburg,Heidenheim,1,1,152,18,1,0.6272262292718704,0.20424184642614684,0.16853192430198258,0.2109078760977691,0.5937510753689271,0.2204252693874526,0.18582365524362046,0.19353538517492863,0.5655987671001019,0.2355486137299676,0.19885261916993052,1.0,144.0,180.0
2025/26,2026-01-17,RB Leipzig,Bayern Munich,1,5,153,18,2,0.3433460484890995,0.23370754173486077,0.4229464097760396,0.22543867750172067,0.33160271361567156,0.22895712556790174,0.43944016081642734,0.21209384649139534,0.22856983163895844,0.21748445874191888,0.5539457096191228,1.0,144.0,180.0
2025/26,2026-01-17,Hoffenheim,Leverkusen,1,0,154,17,0,0.3832744196018306,0.22842214331875554,0.3883034370794141,0.2655650003825726,0.3263535158934808,0.22031883626988402,0.45332764783663465,0.3296527709210857,0.4070705670317482,0.2534590323027866,0.33947040066546513,1.0,144.0,180.0
2025/26,2026-01-17,FC Koln,Mainz,2,1,155,18,0,0.43092815502163373,0.25931988253857097,0.3097519624397954,0.20989452149119303,0.4477052850728979,0.2586273993436125,0.2936673155834894,0.1956349721892109,0.4518767214323854,0.27086558518137227,0.2772576933862424,1.0,144.0,180.0
2025/26,2026-01-17,Hamburg,M'gladbach,0,0,156,18,1,0.4380963964480357,0.2557788036814168,0.30612479987054736,0.1428204228382686,0.4654223140070998,0.25265768685622864,0.28191999913667204,0.14804840814447218,0.3899553562344591,0.2755989467815385,0.33444569698400234,1.0,144.0,180.0
2025/26,2026-01-17,Dortmund,St Pauli,3,2,157,18,0,0.8263778870176607,0.10066203379267123,0.07296007918966828,0.017733905635907418,0.8151853095092536,0.10873374179004736,0.07608094870069919,0.01997239028819439,0.7238591448077615,0.18451311534315493,0.09162773984908375,1.0,144.0,180.0
2025/26,2026-01-18,Stuttgart,Union Berlin,1,1,158,18,1,0.39616957425223137,0.3139652474936856,0.2898651782540834,0.12048607656373281,0.46002739998052966,0.28766922207389956,0.25230337794557123,0.13764110162779586,0.5966219864943619,0.23104478888752253,0.1723332246181155,1.0,144.0,180.0
2025/26,2026-01-18,Augsburg,Freiburg,2,2,159,18,1,0.33329523261947597,0.26469007584106213,0.40201469153946234,0.13635076215021963,0.3296943950678017,0.2726551722169745,0.3976504327152235,0.13341213038886424,0.36347865595506085,0.29419053716362736,0.34233080688131184,1.0,144.0,180.0
2025/26,2026-01-23,St Pauli,Hamburg,0,0,160,18,1,0.26899789043479744,0.2608028025219717,0.4701993070432309,0.1467236267011529,0.29594595258269046,0.27777920004030016,0.4262748473770094,0.13464712617818436,0.3347331964144543,0.3232303374311397,0.342036466154406,1.0,144.0,180.0
2025/26,2026-01-24,Heidenheim,RB Leipzig,0,3,161,19,2,0.19331648048108588,0.2052727659693329,0.6014107535495816,0.09812232450575337,0.16765012208354016,0.16690583417644167,0.6654440437400183,0.07001712565182838,0.20400411812264796,0.2167249291834135,0.5792709526939386,1.0,144.0,180.0
2025/26,2026-01-24,Ein Frankfurt,Hoffenheim,1,3,162,19,2,0.4013881197536517,0.22821582978800678,0.37039605045834134,0.2787567779789135,0.49363693451876856,0.21769638472484834,0.2886666807563833,0.3748362570936142,0.31366283564397257,0.26196979848477037,0.424367365871257,1.0,144.0,180.0
2025/26,2026-01-24,Bayern Munich,Augsburg,1,2,163,19,2,0.83102174529589,0.09249188027835405,0.07648637442575608,0.7717372788879562,0.8259957094674782,0.097475169213867,0.0765291213186549,0.7675336879155893,0.8414541081793584,0.10101056818444604,0.05753532363619546,1.0,144.0,180.0
2025/26,2026-01-24,Leverkusen,Werder Bremen,1,0,164,18,0,0.6488071308897798,0.2030685046814153,0.14812436442880494,0.07263862932565282,0.6659695058782122,0.19183088020562794,0.1421996139161601,0.06589855060057531,0.6102472597501912,0.21310221769054294,0.17665052255926586,1.0,144.0,180.0
2025/26,2026-01-24,Mainz,Wolfsburg,3,1,165,19,0,0.3224513003855379,0.22830093305990068,0.4492477665545617,0.33044789805175523,0.40844202300962335,0.24274645737974485,0.3488115196106319,0.23580515817701264,0.41049998187157827,0.2822957833291034,0.3072042347993184,1.0,144.0,180.0
2025/26,2026-01-24,Union Berlin,Dortmund,0,3,166,19,2,0.35021422255210327,0.30784115279657404,0.3419446246513228,0.27784343935153133,0.33064663741129763,0.2916117994714159,0.37774156311728624,0.24826638055155806,0.29288074496845895,0.2892760588765395,0.4178431961550015,1.0,144.0,180.0
2025/26,2026-01-25,M'gladbach,Stuttgart,0,3,167,19,2,0.2568377348122629,0.24208523657144795,0.5010770286162892,0.15744487669892274,0.2519238640696784,0.21574914236973172,0.5323269935605897,0.14109183711993717,0.32728661976570633,0.26110400690449703,0.41160937332979664,1.0,144.0,180.0
2025/26,2026-01-25,Freiburg,FC Koln,2,1,168,19,0,0.6414382223195816,0.19357129171669044,0.16499048596372798,0.07789420443594447,0.6313446646974968,0.18918382851992865,0.17947150678257445,0.08405838899690435,0.4751447394689559,0.26132960670792577,0.26352565382311843,1.0,144.0,180.0
2025/26,2026-01-27,St Pauli,RB Leipzig,1,1,169,19,1,0.19962350178318142,0.24004471618772594,0.5603317820290928,0.17691062420803919,0.18748380142584173,0.23203047588738077,0.5804857226867773,0.18605692502013738,0.19836935011477874,0.26319955671653605,0.5384310931686852,1.0,144.0,180.0
2025/26,2026-01-27,Werder Bremen,Hoffenheim,0,2,170,19,2,0.24160898657406188,0.26233562087111534,0.4960553925548227,0.15616753488320947,0.228850446602576,0.2717712697593561,0.49937828363806763,0.15149731490168264,0.2573630112301238,0.2545807084060143,0.48805628036386184,1.0,144.0,180.0
2025/26,2026-01-30,FC Koln,Wolfsburg,1,0,171,20,0,0.4935824504695853,0.22105514493980033,0.28536240459061424,0.16894521821306369,0.5033963589635831,0.2297177057374236,0.2668859352989934,0.1589216393755224,0.4634280421407755,0.25987815622811444,0.27669380163111007,1.0,144.0,180.0
2025/26,2026-01-31,Augsburg,St Pauli,2,1,172,20,0,0.4214772462526697,0.3004537461073611,0.2780690076399692,0.20600547480663572,0.4256081636247003,0.30084579782513293,0.2735460385501666,0.20237670845053923,0.4457622647136417,0.3073720191326092,0.24686571615374908,1.0,144.0,180.0
2025/26,2026-01-31,Hoffenheim,Union Berlin,3,1,173,20,0,0.5264007434464999,0.22978129455564864,0.24381796199785144,0.14187172720040686,0.5692284807445939,0.21032024937457425,0.22045126988083194,0.11708143209684105,0.5190710410222606,0.2588205466254247,0.2221084123523148,1.0,144.0,180.0
2025/26,2026-01-31,Ein Frankfurt,Leverkusen,1,3,174,20,2,0.36954029143628664,0.23165147505786793,0.3988082335058454,0.24899578354758892,0.3092111056636567,0.22054840439469814,0.47024048994164497,0.18812832318150463,0.2781059710987912,0.26111060619830956,0.4607834227028991,1.0,144.0,180.0
2025/26,2026-01-31,RB Leipzig,Mainz,1,2,175,20,2,0.6841163691766755,0.1796057965547704,0.1362778342685543,0.6070155930756483,0.6609003070952459,0.1895239933873439,0.14957569951741018,0.5800053533849463,0.6189287152637939,0.208135320177205,0.1729359645590012,1.0,144.0,180.0
2025/26,2026-01-31,Werder Bremen,M'gladbach,1,1,176,20,1,0.312038878587082,0.24919518746544544,0.4387659339474727,0.14494190327134077,0.3721466162810853,0.2606278169001329,0.36722556681878166,0.13667386046741847,0.4382871536523929,0.26952141057934503,0.29219143576826195,1.0,144.0,180.0
2025/26,2026-01-31,Hamburg,Bayern Munich,2,2,177,20,1,0.2445504056338843,0.24620830033004076,0.509241294036075,0.15956579822361672,0.2574428091804597,0.25109528724668184,0.49146190357285835,0.1539058013310921,0.1040439467684699,0.1578175017481336,0.7381385514833966,1.0,144.0,180.0
2025/26,2026-02-01,Stuttgart,Freiburg,1,0,178,20,0,0.6079476051840285,0.2073660503559058,0.18468634446006593,0.09390706305548024,0.5419801072418985,0.2272383051598293,0.23078158759827253,0.13152118166826088,0.5770848613281306,0.22775988473725253,0.19515525393461677,1.0,144.0,180.0
2025/26,2026-02-01,Dortmund,Heidenheim,3,2,179,20,0,0.7450375551008399,0.15445162256350103,0.10051082233565904,0.037554136857773826,0.7587823123938491,0.14613479968974363,0.09508288791640708,0.03361336419429134,0.7490887949732787,0.15652601686008807,0.09438518816663312,1.0,144.0,180.0
2025/26,2026-02-06,Union Berlin,Ein Frankfurt,1,1,180,21,1,0.45134529608195395,0.2792877201708761,0.26936698374717016,0.1381355741141774,0.42033210577343433,0.2847870757531067,0.2948808184734592,0.13181688812375333,0.43902124113322566,0.2771402525147796,0.2838385063519948,1.0,144.0,180.0
2025/26,2026-02-07,Mainz,Augsburg,2,0,181,21,0,0.5633157665700445,0.21487955258082428,0.22180468084913077,0.11994521808644644,0.5395651098828428,0.2239900727863154,0.23644481733084166,0.13395321983990688,0.48526005589325916,0.26369874185796155,0.25104120224877935,1.0,144.0,180.0
2025/26,2026-02-07,Freiburg,Werder Bremen,1,0,182,21,0,0.6249143595840995,0.22255959346350285,0.1525260469523977,0.08197671632256563,0.5938691615933058,0.2296759728670686,0.1764548655396255,0.09803928873876586,0.4476416333214887,0.2814513263398582,0.27090704033865315,1.0,144.0,180.0
2025/26,2026-02-07,Heidenheim,Hamburg,0,2,183,21,2,0.39816639077498356,0.2507975417833712,0.35103606744164484,0.28984533025219084,0.33404655446097564,0.2644548277285712,0.40149861781045343,0.2348955025150238,0.32814154552720515,0.2794558562798453,0.39240259819294954,1.0,144.0,180.0
2025/26,2026-02-07,St Pauli,Stuttgart,2,1,184,21,0,0.18992357988536965,0.2435555317693561,0.566520888345274,0.4885848616786269,0.18018524461300342,0.23441337153257494,0.5854013838544216,0.5073955066844564,0.19653299724320228,0.2497063811127159,0.5537606216440817,1.0,144.0,180.0
2025/26,2026-02-07,Wolfsburg,Dortmund,1,2,185,21,2,0.23269095161523648,0.23764962881306975,0.5296594195716937,0.13768267028062017,0.2762291345324506,0.2544073229109607,0.46936354255658913,0.17893879236631993,0.21084706667880662,0.2260523839873744,0.5631005493338189,1.0,144.0,180.0
2025/26,2026-02-07,M'gladbach,Leverkusen,1,1,186,21,1,0.28522778696423545,0.22934855988178157,0.48542365315398295,0.1584955067489368,0.32014883049715825,0.2480634207177641,0.431787748785078,0.14446796683479174,0.2707514279356131,0.2581410874564201,0.4711074846079668,1.0,144.0,180.0
2025/26,2026-02-08,Bayern Munich,Hoffenheim,5,1,187,21,0,0.7242558989222914,0.15063261476747783,0.12511148631023106,0.045843846642954336,0.7199906601647919,0.15086683062791761,0.12914250920729067,0.0475415090396521,0.7705476852740659,0.1337223578996245,0.0957299568263096,1.0,144.0,180.0
2025/26,2026-02-08,FC Koln,RB Leipzig,1,2,188,21,2,0.3084647922972321,0.2680989237902586,0.4234362839125094,0.21378812339779563,0.31194676981679875,0.24431297877737576,0.44374025140582535,0.20336784755259452,0.28451604559646754,0.24460989894137858,0.47087405546215383,1.0,144.0,180.0
2025/26,2026-02-13,Dortmund,Mainz,4,0,189,22,0,0.6855097455338007,0.16857852655104597,0.14591172791515333,0.06009717624870024,0.712361295427191,0.15312758675010252,0.1345111178227066,0.05041463259311888,0.5734551574897812,0.22938206299591252,0.19716277951430636,1.0,144.0,180.0
2025/26,2026-02-14,Werder Bremen,Bayern Munich,0,3,190,22,2,0.20346369744989515,0.18625969505079498,0.6102766074993097,0.09664089942111471,0.1975228486993166,0.1884454198787636,0.61403173142192,0.09399339005372707,0.11951862661481523,0.16154490183957873,0.7189364715456061,1.0,144.0,180.0
2025/26,2026-02-14,Stuttgart,FC Koln,3,1,191,22,0,0.6319152540820359,0.19301602319964553,0.17506872271831883,0.08306771892585788,0.6625958876867427,0.1795723872483023,0.1578317250649549,0.06937619422143834,0.6326981200831708,0.2001529084764171,0.16714897144041213,1.0,144.0,180.0
2025/26,2026-02-14,Hoffenheim,Freiburg,3,0,192,22,0,0.4877076111614004,0.2351829270047956,0.27710946183380397,0.16961657274988973,0.49221712221229214,0.23768576670229627,0.27009711108541135,0.1653979501955257,0.5528070579591938,0.23973775472720138,0.2074551873136047,1.0,144.0,180.0
2025/26,2026-02-14,Hamburg,Union Berlin,3,2,193,22,0,0.35689838676250757,0.3013616779745231,0.3417399352629696,0.2651829341511019,0.3852073381358279,0.2948951602229628,0.31989750164120956,0.24015221431916092,0.40256410256410263,0.29871794871794877,0.29871794871794877,1.0,144.0,180.0
2025/26,2026-02-14,Leverkusen,St Pauli,4,0,194,22,0,0.6601170001183987,0.21694387145267485,0.12293912842892626,0.06531724145369033,0.7008882996461339,0.19626536900945138,0.10284633134441483,0.05002258857979308,0.6238683285732474,0.2227047697743743,0.1534269016523784,1.0,144.0,180.0
2025/26,2026-02-14,Ein Frankfurt,M'gladbach,3,0,195,22,0,0.45959387310680044,0.2766468519025488,0.26375927499065066,0.18080386856365133,0.49851576768961264,0.2657601618497992,0.23572407046058774,0.15352613632522344,0.44416128820192347,0.2713607870282645,0.284477924769812,1.0,144.0,180.0
2025/26,2026-02-15,Augsburg,Heidenheim,1,0,196,22,0,0.5082585355415989,0.2333728241972935,0.2583686402611073,0.15428201106903328,0.5088230420744673,0.23090286960961026,0.2602740883159225,0.15449870252283257,0.5022299786697693,0.25382974597634284,0.24394027535388793,1.0,144.0,180.0
2025/26,2026-02-15,RB Leipzig,Wolfsburg,2,2,197,22,1,0.6859306257679594,0.16791069681074894,0.14615867742129185,0.2459315911759828,0.7205257851846322,0.15282422139183963,0.12664999342352815,0.26759881397505525,0.6233703704622899,0.20199340330430424,0.17463622623340588,1.0,144.0,180.0
2025/26,2026-02-20,Mainz,Hamburg,1,1,198,23,1,0.5225422930159196,0.2256189896060737,0.25183871737800717,0.16823659378046735,0.4649528388379359,0.23146260125738227,0.30358455990468164,0.15417236367798748,0.45681802616259165,0.2727667054767938,0.2704152683606146,1.0,144.0,180.0
2025/26,2026-02-21,RB Leipzig,Dortmund,2,2,199,23,1,0.38822636554997625,0.2730945784046719,0.33867905604535176,0.13271160695595718,0.3945282515667151,0.24874173829711588,0.35673001013616906,0.14145442070802022,0.47593993851974464,0.2416499172381178,0.2824101442421377,1.0,144.0,180.0
2025/26,2026-02-21,Union Berlin,Leverkusen,1,0,200,23,0,0.3322237308310668,0.26061016062744163,0.40716610854149177,0.30585469280500055,0.33643618541798725,0.2541514985290436,0.409412316052969,0.30396769027924403,0.3031454677771489,0.28826716261017227,0.408587369612679,1.0,144.0,180.0
2025/26,2026-02-21,Wolfsburg,Augsburg,2,3,201,23,2,0.30780179763681864,0.22359563927305406,0.4686025630901271,0.1885625912914196,0.31145069848479123,0.24424573645550113,0.4443035650597073,0.2029000326960075,0.42792292346103766,0.27644578241288276,0.29563129412607964,1.0,144.0,180.0
2025/26,2026-02-21,Bayern Munich,Ein Frankfurt,3,2,202,23,0,0.6893832821510284,0.17097146867063814,0.13964524917833346,0.057991770512673235,0.6496680375761066,0.18911138368276292,0.16122057874113077,0.07436227945270067,0.8656552587990014,0.085929014660195,0.04841572654080382,1.0,144.0,180.0
2025/26,2026-02-21,FC Koln,Hoffenheim,2,2,203,23,1,0.3262396807170941,0.23829729441831438,0.4354630248645917,0.14803018764930567,0.32191745606580624,0.22076456917007048,0.4573179747641233,0.1563852892811198,0.27411180705356447,0.25342412350235205,0.47246406944408353,1.0,144.0,180.0
2025/26,2026-02-22,St Pauli,Werder Bremen,2,1,204,23,0,0.34474159888047445,0.32161262401955587,0.3336457770999696,0.27034153840717984,0.3530676301820752,0.3166952660241221,0.3302371037938025,0.2637890179201775,0.35425993999908206,0.30186136366481264,0.34387869633610524,1.0,144.0,180.0
2025/26,2026-02-22,Heidenheim,Stuttgart,3,3,205,23,1,0.24297426415691725,0.21023575218519844,0.5467899836578842,0.17900788963559242,0.2894113263415913,0.21720205763065595,0.49338661602775274,0.1635946343450581,0.21292053676071993,0.22354127612408126,0.5635381871151989,1.0,144.0,180.0
2025/26,2026-02-22,Freiburg,M'gladbach,2,1,206,23,0,0.4403060789599493,0.2814151067053859,0.27827881433466484,0.19534819187834665,0.35703008396861036,0.2856265269870356,0.35734338904435387,0.27055230530755836,0.4561657841327006,0.28134775907585724,0.2624864567914422,1.0,144.0,180.0
2025/26,2026-02-27,Augsburg,FC Koln,2,0,207,24,0,0.46204483900398713,0.24856522783353638,0.2893899331624766,0.18657114432901442,0.4581349294874599,0.2585486627844935,0.28331640772804684,0.18694297076474237,0.43367037771942535,0.2763209486353861,0.2900086736451885,1.0,144.0,180.0
2025/26,2026-02-28,Werder Bremen,Heidenheim,2,0,208,24,0,0.6498375793762284,0.2012335512837292,0.14892886934004226,0.07239676447000126,0.606790014297854,0.2232308800142104,0.1699791056879359,0.09175349461317614,0.5875512823032879,0.22329739945018068,0.18915131824653134,1.0,144.0,180.0
2025/26,2026-02-28,Dortmund,Bayern Munich,2,3,209,24,2,0.32558343310323334,0.19755030050670958,0.4768662663900571,0.18983673757598313,0.3537703727169,0.21195562178750196,0.43427400549559786,0.2225996887351245,0.22310744820055453,0.21444802669505356,0.5624445251043919,1.0,144.0,180.0
2025/26,2026-02-28,M'gladbach,Union Berlin,1,0,210,24,0,0.26979179763988764,0.24114105514300313,0.4890671472171088,0.38619534664053423,0.2586414296906449,0.2487466349844437,0.4926119353249111,0.3961395242978428,0.4004150481562284,0.28829883467248446,0.3112861171712872,1.0,144.0,180.0
2025/26,2026-02-28,Hoffenheim,St Pauli,0,1,211,24,2,0.687433790007501,0.1893689339362923,0.12319727605620678,0.6206741161796665,0.6689748034601315,0.19401555292264303,0.13700964361722548,0.5961398214370949,0.6224093562712679,0.22377098284990818,0.15381966087882395,1.0,144.0,180.0
2025/26,2026-02-28,Leverkusen,Mainz,1,1,212,24,1,0.5342387114599515,0.21695940071132122,0.24880188782872745,0.17365669010476392,0.5250382514517008,0.2191693225619335,0.25579242598636553,0.1705474653397249,0.5583906515790252,0.2345240736631906,0.2070852747577842,1.0,144.0,180.0
2025/26,2026-03-01,Ein Frankfurt,Freiburg,2,0,213,24,0,0.5070438508746998,0.2698003720665254,0.2231557770587749,0.1464021328975754,0.529003307469165,0.25648843115638303,0.2145082613744523,0.13392583928643806,0.4221246581258097,0.2716280408809558,0.3062473009932345,1.0,144.0,180.0
2025/26,2026-03-01,Hamburg,RB Leipzig,1,2,214,24,2,0.33435189714937535,0.2857910581047032,0.3798570447459216,0.2481842380393242,0.34203483319835104,0.2660555840529648,0.39190958274868404,0.24338089133695162,0.25244618395303325,0.24266144814090015,0.5048923679060665,1.0,144.0,180.0
2025/26,2026-03-01,Stuttgart,Wolfsburg,4,0,215,24,0,0.745021446762069,0.1444189115283505,0.11055964170958053,0.038618748493129594,0.7321246564493986,0.15005132832767987,0.11782401522292181,0.042819849122801984,0.6844788936041284,0.1736548304143807,0.14186627598149104,1.0,144.0,180.0
2025/26,2026-03-04,Hamburg,Leverkusen,0,1,216,24,2,0.40300512509760766,0.2881256974604726,0.3088691774419195,0.32003747237237357,0.35209036319372083,0.2952650036104569,0.3526446331958221,0.2715182973920289,0.26510003670051274,0.2585273085178554,0.47637265478163193,1.0,144.0,180.0
2025/26,2026-03-06,Bayern Munich,M'gladbach,4,1,217,25,0,0.7314518584621081,0.1433716320000823,0.1251765095378096,0.04389363143176246,0.7800163878034548,0.11911958849253565,0.10086402370400943,0.029283170456401483,0.7783720052332466,0.13302685400172717,0.08860114076502618,1.0,144.0,180.0
2025/26,2026-03-07,RB Leipzig,Augsburg,2,1,218,25,0,0.7854839228803874,0.11779580504305734,0.09672027207655558,0.027685979186675237,0.7378290892209892,0.14623669083648755,0.11593421994252301,0.041087164906188696,0.7043744709262815,0.17284465799482554,0.1227808710788931,1.0,144.0,180.0
2025/26,2026-03-07,FC Koln,Dortmund,1,2,219,25,2,0.22682113855374383,0.1981810289288403,0.5749978325174158,0.11603733562985558,0.2563540899236617,0.20879735748175154,0.5348485525945865,0.14104164422196988,0.23257551250454392,0.23788815111505382,0.5295363363804023,1.0,144.0,180.0
2025/26,2026-03-07,Freiburg,Leverkusen,3,3,220,25,1,0.258818333440226,0.28598672712376155,0.45519493943601225,0.13709468130646552,0.2726274841938377,0.28662121938332846,0.4407512964228338,0.13429372521813498,0.3196099411507222,0.27882885073683183,0.40156120811244594,1.0,144.0,180.0
2025/26,2026-03-07,Heidenheim,Hoffenheim,2,4,221,25,2,0.3794157122297214,0.21520995336324672,0.4053743344070321,0.2487679824343336,0.35640219554042263,0.22592749303691292,0.4176703114226643,0.23306519559230515,0.17262150445643498,0.2054838039919051,0.6218946915516599,1.0,144.0,180.0
2025/26,2026-03-07,Mainz,Stuttgart,2,2,222,25,1,0.34059877827529916,0.23140253436761116,0.4279986873570895,0.1495952020710091,0.3171343649014641,0.22381034900528107,0.4590552860932549,0.15565298054580753,0.27027672895856236,0.24876929694594466,0.48095397409549306,1.0,144.0,180.0
2025/26,2026-03-07,Wolfsburg,Hamburg,1,2,223,25,2,0.44097043371737266,0.24892644577505313,0.3101031205075743,0.33520631387313726,0.45233528664331984,0.25709962130515135,0.29056509205152886,0.35395255007927506,0.3668807026625092,0.2786986940106895,0.35442060332680136,1.0,144.0,180.0
2025/26,2026-03-08,St Pauli,Ein Frankfurt,0,0,224,25,1,0.29616338302287504,0.2846234339123563,0.4192131830647689,0.13172622114942475,0.2717337970472908,0.2793487024194895,0.4489175005332192,0.13768308937136578,0.3701787626657879,0.2866628223082626,0.3431584150259494,1.0,144.0,180.0
2025/26,2026-03-08,Union Berlin,Werder Bremen,1,4,225,25,2,0.48138403424747195,0.270818024825869,0.24779794092665908,0.3987692630512726,0.47429097320169095,0.2747277037103706,0.25098132308793836,0.39299045281185113,0.3960571274059143,0.29517465155723804,0.3087682210368477,1.0,144.0,180.0
2025/26,2026-03-13,M'gladbach,St Pauli,2,0,226,26,0,0.48604911961922104,0.27691353751996994,0.23703734286080871,0.16016610467734524,0.47960794880262625,0.28880063235633463,0.2315914188410388,0.1622212361151078,0.4909610506373823,0.28416230506587886,0.22487664429673868,1.0,144.0,180.0
2025/26,2026-03-14,Hamburg,FC Koln,1,1,227,26,1,0.37404510821299297,0.28694999198042354,0.33900489980658344,0.12741703253547068,0.4429761803580943,0.2746740917845485,0.28234972785735685,0.13797463259288528,0.40323000781453505,0.2719458192237562,0.32482417296170873,1.0,144.0,180.0
2025/26,2026-03-14,Leverkusen,Bayern Munich,1,1,228,26,1,0.42050760356224426,0.24724890071989675,0.3322434957178592,0.1436061925502423,0.3835032056897751,0.23174394522743816,0.38475284908278684,0.1475547318258278,0.19085049186766412,0.2006586541906276,0.6084908539417083,1.0,144.0,180.0
2025/26,2026-03-14,Ein Frankfurt,Heidenheim,1,0,229,26,0,0.4959200352240033,0.26376433761332163,0.240315627162675,0.15592410577357996,0.5294035223293394,0.25079378717563444,0.21980269049502588,0.1348871337724424,0.5829338611816343,0.22031068462498388,0.19675545419338183,1.0,144.0,180.0
2025/26,2026-03-14,Hoffenheim,Wolfsburg,1,1,230,26,1,0.7151622121362706,0.1501629520729578,0.13467483579077164,0.26479715053145775,0.638738272599362,0.1907078124134676,0.1705539149871706,0.21853760940033393,0.6657929389807662,0.188886930374825,0.1453201306444087,1.0,144.0,180.0
2025/26,2026-03-14,Dortmund,Augsburg,2,0,231,26,0,0.5794782060118163,0.217647462318469,0.20287433166971441,0.10899828683473689,0.5702833547074337,0.22040088248261613,0.20931576280995035,0.11423474190110425,0.6133398451126769,0.20993511477011093,0.17672504011721202,1.0,144.0,180.0
2025/26,2026-03-15,Werder Bremen,Mainz,0,2,232,26,2,0.4457651118805917,0.26936020093730684,0.28487468718210135,0.3550553740014068,0.43075870884053735,0.26271284574640574,0.30652844541305696,0.3332279311315992,0.4192169001499825,0.26984076331493123,0.3109423365350864,1.0,144.0,180.0
2025/26,2026-03-15,Freiburg,Union Berlin,0,1,233,26,2,0.4593364622051421,0.26955415136074384,0.2711093864341142,0.3711357560277948,0.4875509999307776,0.2486786979325655,0.26377030213665675,0.3898700727747253,0.49662450863100327,0.2651469834216373,0.2382285079473594,1.0,144.0,180.0
2025/26,2026-03-15,Stuttgart,RB Leipzig,1,0,234,26,0,0.2898277948657677,0.19825171176184023,0.5119204933723918,0.38320357623992574,0.3262518930233158,0.20441575543346102,0.46933235154322334,0.3371046839298786,0.390824590538105,0.23989233178809513,0.3692830776737999,1.0,144.0,180.0
2025/26,2026-03-20,RB Leipzig,Hoffenheim,5,0,235,27,0,0.6232959267733014,0.18119281749957225,0.19551125572712633,0.09006530495079186,0.5230069462657242,0.21964896006978885,0.2573440936644868,0.14687417792737298,0.4930695202528009,0.23538494685435218,0.2715455328928469,1.0,144.0,180.0
2025/26,2026-03-21,Heidenheim,Leverkusen,3,3,236,27,1,0.16819369111005558,0.17560561092803417,0.6562006979619105,0.2294442368674615,0.1898466638393311,0.17142021790676282,0.6387331182539062,0.2220108760626412,0.1785639168329631,0.2046857125268682,0.6167503706401687,1.0,144.0,180.0
2025/26,2026-03-21,FC Koln,M'gladbach,3,3,237,27,1,0.42992905707467854,0.25294626717114643,0.3171246757541752,0.14270352704465644,0.4177858955364312,0.26685739183166624,0.3153567126319025,0.13699745535558908,0.40796503156872277,0.2792617775619233,0.31277319086935407,1.0,144.0,180.0
2025/26,2026-03-21,Bayern Munich,Union Berlin,4,0,238,27,0,0.6775939699249885,0.17218797593378213,0.15021805414122932,0.06325555600935326,0.6798631770414691,0.1761694722014162,0.14396735075711461,0.061607091749001905,0.8301656274712479,0.10819921096222723,0.061635161566524974,1.0,144.0,180.0
2025/26,2026-03-21,Wolfsburg,Werder Bremen,0,1,239,27,2,0.3599501905888207,0.2657210988062758,0.37432871060490375,0.26051435103912546,0.3356382747032105,0.2697809522097041,0.3945807730870853,0.2395927458807895,0.4017120048731225,0.26257153391148225,0.33571646121539517,1.0,144.0,180.0
2025/26,2026-03-21,Dortmund,Hamburg,3,2,240,27,0,0.6801283105952033,0.19125864136426524,0.12861304804053156,0.05942960690447739,0.6626129752051212,0.2008430126704478,0.1365440121244312,0.06623713587348846,0.6668340457066264,0.19670209298040653,0.1364638613129671,1.0,144.0,180.0
2025/26,2026-03-22,Mainz,Ein Frankfurt,2,1,241,27,0,0.501787430160257,0.2775573515417458,0.22065521829799717,0.14845224505422883,0.5598538229267984,0.2594392237384896,0.1807069533347121,0.11319183008783396,0.436941433453512,0.26764218858263555,0.29541637796385245,1.0,144.0,180.0
2025/26,2026-03-22,St Pauli,Freiburg,1,2,242,27,2,0.31269881795770793,0.33776050768659527,0.34954067435569697,0.26043894253489475,0.3388375779636611,0.3329004587244784,0.32826196331186075,0.28302144708695814,0.3525264394829612,0.3125734430082256,0.33490011750881316,1.0,144.0,180.0
2025/26,2026-03-22,Augsburg,Stuttgart,2,5,243,27,2,0.32149788351774394,0.22393958358679494,0.45456253289546145,0.2004314598139019,0.3457211863087826,0.2255057777577308,0.4287730359334867,0.2229116915696989,0.27819995738747866,0.2506775017101077,0.47112254090241357,1.0,144.0,180.0
2025/26,2026-04-04,Leverkusen,Wolfsburg,6,3,244,28,0,0.7217615698247644,0.15291892429220477,0.12531950588303112,0.046560801290573245,0.6673086399555895,0.17957527810395707,0.15311608194045342,0.0670640377984976,0.6608486307553415,0.19229611796569362,0.1468552512789648,1.0,144.0,180.0
2025/26,2026-04-04,Freiburg,Bayern Munich,2,3,245,28,2,0.15460218807502565,0.15272663127797226,0.6926711806470023,0.059176419881246625,0.14694766759475372,0.14383284228158966,0.7092194901236567,0.05307346096774224,0.17247700930103785,0.20315621702920508,0.624366773669757,1.0,144.0,180.0
2025/26,2026-04-04,Hoffenheim,Mainz,1,2,246,28,2,0.4848923616511242,0.21185053050374117,0.30325710784513443,0.36028563007796555,0.5024702924484374,0.2122117617133669,0.28531794583819536,0.3816234166670772,0.5535609090627229,0.23824140390041237,0.20819768703686484,1.0,144.0,180.0
2025/26,2026-04-04,Hamburg,Augsburg,1,1,247,28,1,0.2842176416875544,0.22173079298684414,0.4940515653256012,0.16243330852355606,0.29795075017744505,0.21745682026963348,0.48459242955292137,0.1618022361556527,0.3958544911718282,0.27839025046802157,0.3257552583601503,1.0,144.0,180.0
2025/26,2026-04-04,M'gladbach,Heidenheim,2,2,248,28,1,0.5677752845029542,0.2571970525491357,0.17502766294790997,0.17650172824470892,0.5775998085241596,0.25581213376528195,0.16658805771055843,0.1806865598894611,0.5911462595318208,0.22273046271459598,0.1861232777535832,1.0,144.0,180.0
2025/26,2026-04-04,Stuttgart,Dortmund,0,2,249,28,2,0.41221798300623397,0.22603416293602002,0.36174785405774584,0.28864473365681004,0.41853830105207346,0.22019444259635548,0.36126725635157103,0.29157691362810284,0.4025051780254463,0.24359404280501032,0.3539007791695434,1.0,144.0,180.0
2025/26,2026-04-04,Werder Bremen,RB Leipzig,1,2,250,28,2,0.3184759513221966,0.27016105509650884,0.41136299358129486,0.2239602284480766,0.30929210776976734,0.24753653960228014,0.44317135262795254,0.20285987523142468,0.2514424536896447,0.23747342848466446,0.5110841178256909,1.0,144.0,180.0
2025/26,2026-04-05,Union Berlin,St Pauli,1,1,251,28,1,0.5327047192286523,0.2867495301817496,0.18054575058959826,0.15818554297221932,0.5232608237887159,0.29137471474680443,0.18536446146447993,0.15408093664303107,0.46053670977497907,0.29543864400659037,0.24402464621843045,1.0,144.0,180.0
2025/26,2026-04-05,Ein Frankfurt,FC Koln,2,2,252,28,1,0.5125610562580393,0.26935537480660376,0.21808356893535663,0.15513963971596972,0.465206750438757,0.2840265241757705,0.25076672538547273,0.13965063560717045,0.4940061732826071,0.25367884573971716,0.2523149809776757,1.0,144.0,180.0
2025/26,2026-04-10,Augsburg,Hoffenheim,2,2,253,29,1,0.4020543585413182,0.2403449307225324,0.35760071073614924,0.14476298777053503,0.39995127188368446,0.23405357750584832,0.3659951506104672,0.14695673507587775,0.27140379767126677,0.244546130193381,0.4840500721353521,1.0,144.0,180.0
2025/26,2026-04-11,Heidenheim,Union Berlin,3,1,254,29,0,0.3770161643886116,0.3057795462635768,0.3172042893478116,0.2443637103068638,0.352247574416049,0.3108848138872999,0.336867611696651,0.2665314963300489,0.3427508319791074,0.2770316459064172,0.3802175221144754,1.0,144.0,180.0
2025/26,2026-04-11,Dortmund,Leverkusen,0,1,255,29,2,0.5520942620529224,0.20778693897092737,0.24011879897615016,0.44111375693060473,0.497435929593255,0.2159053750285258,0.2866586953782191,0.37814916046490504,0.45676624264703103,0.2482687229163282,0.29496503443664074,1.0,144.0,180.0
2025/26,2026-04-11,RB Leipzig,M'gladbach,1,0,256,29,0,0.5332060748225125,0.25436026172853526,0.2124336634489523,0.13151231497447427,0.5025318436360183,0.2587480702311018,0.23872008613287987,0.15223092305973426,0.6433104976828531,0.19856941366109207,0.1581200886560548,1.0,144.0,180.0
2025/26,2026-04-11,Wolfsburg,Ein Frankfurt,1,2,257,29,2,0.38430686056218716,0.2768303505822603,0.33886278885555254,0.29239708751751103,0.404389604907579,0.294811373873921,0.3007990212185002,0.3262064806431577,0.38084910088535684,0.2588090575077287,0.3603418416069145,1.0,144.0,180.0
2025/26,2026-04-11,St Pauli,Bayern Munich,0,5,258,29,2,0.12410049723719861,0.12486975879508255,0.751029743967719,0.03869356090164979,0.13370515442919734,0.1372667380970907,0.729028107473712,0.04565141743010686,0.11413900622507646,0.1696605119656652,0.7162004818092583,1.0,144.0,180.0
2025/26,2026-04-12,FC Koln,Werder Bremen,3,1,259,29,0,0.3993205824631495,0.3209591945249189,0.2797202230119317,0.21952958290712737,0.389991816207429,0.3220038038194802,0.28800437997309086,0.2275282535887978,0.4101197650653649,0.27786220769221465,0.31201802724242045,1.0,144.0,180.0
2025/26,2026-04-12,Stuttgart,Hamburg,4,0,260,29,0,0.7628185756591818,0.13092129733979693,0.10626012700102111,0.03377312132130623,0.7683268732199104,0.12813216523344176,0.1035409615466475,0.03219658419503393,0.734943948137306,0.15863882860299355,0.10641722325970042,1.0,144.0,180.0
2025/26,2026-04-12,Mainz,Freiburg,0,1,261,29,2,0.6528117648009897,0.18824381202281187,0.15894442317619842,0.5667688417845,0.640219639979666,0.19118332351479295,0.16859703650554095,0.5505560375615309,0.4272921784610508,0.2937633726919724,0.2789444488469767,1.0,144.0,180.0
2025/26,2026-04-17,St Pauli,FC Koln,1,1,262,30,1,0.23328862016794877,0.2732497491110622,0.49346163072098886,0.1489639806468416,0.22347407319066737,0.2670292997369365,0.5094966270723965,0.15476373719328804,0.33280206122566947,0.28876978850965784,0.3784281502646726,1.0,144.0,180.0
2025/26,2026-04-18,Union Berlin,Wolfsburg,1,2,263,30,2,0.40709084585920496,0.2604121282123187,0.33249702592847613,0.3056415885883461,0.4074359294996642,0.2581353666393644,0.33442870386097107,0.3044945934457209,0.43850250651067124,0.26359420335192035,0.29790329013740835,1.0,144.0,180.0
2025/26,2026-04-18,Leverkusen,Augsburg,1,2,264,30,2,0.6487059594929777,0.17161993169205514,0.1796741088149673,0.5468769948151115,0.6504620462583164,0.17741110954902337,0.17212684419266025,0.55423741786448,0.6802108482839465,0.18051749435227807,0.13927165736377536,1.0,144.0,180.0
2025/26,2026-04-18,Hoffenheim,Dortmund,2,1,265,30,0,0.330416338877636,0.24840533132326817,0.42117832979909614,0.31286673236719237,0.26698681048296374,0.2272019984831566,0.5058111910338798,0.3965766484905251,0.42898498913917793,0.2459364204750784,0.32507859038574377,1.0,144.0,180.0
2025/26,2026-04-18,Ein Frankfurt,RB Leipzig,1,3,266,30,2,0.26423122992864834,0.24287425070268456,0.4928945193686673,0.16348705567797067,0.2617921129632594,0.24012187053596062,0.4980860165007805,0.16022637862091163,0.3238243523435875,0.24141147089881837,0.43476417675759416,1.0,144.0,180.0
2025/26,2026-04-18,Werder Bremen,Hamburg,3,1,267,30,0,0.5640554215230866,0.26684699078134494,0.1690975876955683,0.10932083483393708,0.612058129715602,0.22595952852748788,0.16198234175691015,0.08836858688040454,0.5258246585554166,0.24900162402491954,0.22517371741966408,1.0,144.0,180.0
2025/26,2026-04-19,Freiburg,Heidenheim,2,1,268,30,0,0.5682494137090925,0.2386807914679405,0.1930697948229667,0.11184225721776245,0.6029331937758138,0.22517223489239033,0.17189457133179625,0.09360489612920866,0.5794237066899233,0.22783165165963004,0.19274464165044675,1.0,144.0,180.0
2025/26,2026-04-19,Bayern Munich,Stuttgart,4,2,269,30,0,0.6384738747440757,0.17359268724577726,0.187933438010147,0.08301005818243803,0.7310611775594338,0.13811954816895924,0.13081927427160683,0.04472088636833417,0.6448136547694931,0.18244727441152325,0.1727390708189835,1.0,144.0,180.0
2025/26,2026-04-19,M'gladbach,Mainz,1,1,270,30,1,0.4507905309292841,0.24847576425694487,0.300733704813771,0.14682643199326112,0.4307374202665949,0.25501813406868373,0.3142444456647214,0.1421421484245246,0.4222626688380112,0.269374461155283,0.30836287000670565,1.0,144.0,180.0
2025/26,2026-04-24,RB Leipzig,Union Berlin,3,1,271,31,0,0.6264323380381736,0.1984521938841013,0.17511546807772516,0.08510911261185311,0.6378959244768976,0.19081920079042222,0.1712848747326804,0.08022893491131529,0.6216741698305767,0.2133472719191297,0.1649785582502936,1.0,144.0,180.0
2025/26,2026-04-25,Augsburg,Ein Frankfurt,1,1,272,31,1,0.3702748479793152,0.2561122719732899,0.3736128800473948,0.13834502359170703,0.3827730850316667,0.2614300070116674,0.3557969079566663,0.13655333716809184,0.39628105655641765,0.2534480470116926,0.35027089643188974,1.0,144.0,180.0
2025/26,2026-04-25,FC Koln,Leverkusen,1,2,273,31,2,0.29092807798763864,0.23108500275299979,0.47798691925936165,0.17856840151295694,0.30552020509179595,0.2612248473201931,0.43325494758801114,0.2072712750764006,0.2659296482412061,0.23879396984924622,0.4952763819095478,1.0,144.0,180.0
2025/26,2026-04-25,Heidenheim,St Pauli,2,0,274,31,0,0.548833793446828,0.24953599616054728,0.20163021039262444,0.12210284383927675,0.5899470252834786,0.239653405771013,0.17039956894550817,0.09858972758534158,0.40719987875957947,0.2767025882372216,0.3160975330031989,1.0,144.0,180.0
2025/26,2026-04-25,Mainz,Bayern Munich,3,4,275,31,2,0.2560429289721208,0.1858598306833843,0.5580972403444949,0.1304180152338868,0.22752097656169773,0.17643647904103793,0.5960425443972643,0.10747371035631237,0.25719354036928715,0.22123520178685127,0.5215712578438616,1.0,144.0,180.0
2025/26,2026-04-25,Wolfsburg,M'gladbach,0,0,276,31,1,0.43812871765312517,0.26169496088715705,0.30017632145971773,0.14103129859872984,0.44460059954631037,0.25109330164120086,0.304306098812489,0.14513594744570743,0.4411298807461092,0.2562179033374662,0.30265221591642455,1.0,144.0,180.0
2025/26,2026-04-25,Hamburg,Hoffenheim,1,2,277,31,2,0.20179329926297349,0.18789741547946454,0.6103092852575618,0.09628969439195408,0.25589700091621453,0.2071784190251297,0.5369245800586557,0.13996105981588272,0.21542106209727935,0.22474216574571929,0.5598367721570014,1.0,144.0,180.0
2025/26,2026-04-26,Stuttgart,Werder Bremen,1,1,278,31,1,0.5989730157219849,0.2180495738464713,0.18297741043154375,0.1961247031456614,0.5978350211462176,0.22433983255428427,0.1778251462994981,0.19451424758266816,0.6153420634961666,0.20784887478092737,0.17680906172290609,1.0,144.0,180.0
2025/26,2026-04-26,Dortmund,Freiburg,4,0,279,31,0,0.5736972015285121,0.24977862224438505,0.17652417622710306,0.10644743038863963,0.5283870995501639,0.26062751468110607,0.21098538576873002,0.1334667804393434,0.6658120468419598,0.19237602173097612,0.14181193142706394,1.0,144.0,180.0
2025/26,2026-05-02,Union Berlin,FC Koln,2,2,280,32,1,0.3768528956324863,0.2906813549625952,0.3324657494049184,0.12627578973698186,0.39611261684885396,0.29857180382959614,0.30531557932154946,0.1250614041016503,0.35892355133936865,0.27797936765452586,0.3630970810061055,1.0,144.0,180.0
2025/26,2026-05-02,Hoffenheim,Stuttgart,3,3,281,32,1,0.528209466880325,0.2161236970485177,0.25566683607115726,0.1721853859843166,0.4868150330273221,0.2217242425405884,0.29146072443208965,0.16096911513393555,0.4331496318251285,0.23507618209604966,0.33177418607882186,1.0,144.0,180.0
2025/26,2026-05-02,Bayern Munich,Heidenheim,3,3,282,32,1,0.8525461734987184,0.07762961416222623,0.06982421233905535,0.36585519928803817,0.8549416704609936,0.07566655002137335,0.06939177951763321,0.3678702394776289,0.7468746636833862,0.1428015290198887,0.1103238072967253,1.0,144.0,180.0
2025/26,2026-05-02,Leverkusen,RB Leipzig,4,1,283,32,0,0.3249724107090232,0.20071155977606203,0.47431602951491486,0.34031897107939046,0.37735180057537765,0.22018341547090475,0.4024647839537178,0.27483434128481843,0.44726508088552386,0.23369600476268618,0.31903891435179,1.0,144.0,180.0
2025/26,2026-05-02,Werder Bremen,Augsburg,1,3,284,32,2,0.43822309031235096,0.26478649187282355,0.2969904178148256,0.34313097476354026,0.47687509640586984,0.26021697322653015,0.2629079303675998,0.38535728834354116,0.48547617830301,0.24527984924733226,0.2692439724496578,1.0,144.0,180.0
2025/26,2026-05-02,Ein Frankfurt,Hamburg,1,2,285,32,2,0.5265026501512692,0.2651517961773157,0.20834555367141505,0.451960901504064,0.5687419792619473,0.23428844676740418,0.1969695739706485,0.4841626520518395,0.5635059760956176,0.22486055776892427,0.21163346613545816,1.0,144.0,180.0
2025/26,2026-05-03,St Pauli,Mainz,1,2,286,32,2,0.1691711608779752,0.19748113289697916,0.6333477062250457,0.08152639310161859,0.17153663725121465,0.20239931028813146,0.626064052460654,0.08462645539080171,0.3402314335491329,0.2870050436380722,0.372763522812795,1.0,144.0,180.0
2025/26,2026-05-03,M'gladbach,Dortmund,1,0,287,32,0,0.26124288021712827,0.24717236726386826,0.491584752519003,0.3937088254695271,0.2571229806767871,0.2424272405298806,0.5004497787933324,0.4011581234664182,0.25781132830075487,0.24566315052742088,0.4965255211718243,1.0,144.0,180.0
2025/26,2026-05-03,Freiburg,Wolfsburg,1,1,288,32,1,0.45605176273578535,0.2700430150132067,0.2739052222510079,0.14150364053539555,0.5004145698484062,0.26331936523607213,0.23626606491552146,0.15311819757361544,0.4565447077943285,0.2607010169856193,0.2827542752200523,1.0,144.0,180.0
2025/26,2026-05-08,Dortmund,Ein Frankfurt,3,2,289,33,0,0.7105833089431092,0.17254886565154537,0.11686782540534546,0.04871005483864705,0.7066046268419065,0.17554090448711077,0.11785446867098298,0.04998526038814829,0.5517041480519972,0.22120213483216863,0.22709371711583418,1.0,144.0,180.0
2025/26,2026-05-09,Augsburg,M'gladbach,3,1,290,33,0,0.5741270314276351,0.22685265659007586,0.19902031198228903,0.11048843497108309,0.5668299169141368,0.22839536135485602,0.2047747217310072,0.11478450377031255,0.48977191887222515,0.2398626577040898,0.270365423423685,1.0,144.0,180.0
2025/26,2026-05-09,Wolfsburg,Bayern Munich,0,1,291,33,2,0.2769867139803618,0.21266269282592257,0.5103505931937159,0.15823909065369243,0.2449215171361236,0.19146367541042913,0.5636148074534469,0.1252092929150762,0.17731457944981077,0.18143817432073658,0.6412472462294526,1.0,144.0,180.0
2025/26,2026-05-09,Stuttgart,Leverkusen,3,1,292,33,0,0.504614659797221,0.2107137993630722,0.2846715408397069,0.16322226072593798,0.46945154450613225,0.2192294352806085,0.3113190202132594,0.1892005979867361,0.47151346196170485,0.22774557992810504,0.30074095811018997,1.0,144.0,180.0
2025/26,2026-05-09,Hoffenheim,Werder Bremen,1,0,293,33,0,0.5203630581554243,0.26399060927682044,0.2156463325677553,0.13827746836596994,0.5712493983881162,0.23939692789350558,0.18935367371837825,0.1098409460665992,0.6341298174637114,0.19271296300745233,0.17315721952883634,1.0,144.0,180.0
2025/26,2026-05-09,RB Leipzig,St Pauli,2,1,294,33,0,0.8083982842402868,0.11264418164838744,0.07895753411132563,0.02147275483750355,0.7805574578598915,0.13221475102772276,0.0872277911123859,0.02788185842162965,0.7395833191219987,0.1562846614450813,0.10413201943292001,1.0,144.0,180.0
2025/26,2026-05-10,FC Koln,Heidenheim,1,3,295,33,2,0.5271379123672253,0.2534660102051603,0.21939607742761424,0.4436084312951357,0.5543504039186742,0.24443529613080825,0.20121429995051737,0.4726814824641695,0.46412120580728217,0.23148761376066915,0.3043911804320487,1.0,144.0,180.0
2025/26,2026-05-10,Hamburg,Freiburg,3,2,296,33,0,0.4285959443117868,0.26764262245367326,0.30376143323453975,0.20938680158882025,0.37477764396600455,0.2798188122546531,0.34540354377934224,0.2551033012700141,0.3187426592080903,0.26103159277765614,0.4202257480142536,1.0,144.0,180.0
2025/26,2026-05-10,Mainz,Union Berlin,1,3,297,33,2,0.8344199596372828,0.09396978889942934,0.0716102514632879,0.779082097114572,0.819180659480886,0.1048363814316534,0.07598295908746047,0.7624322223821525,0.5645739145269982,0.21948306747419602,0.21594301799880575,1.0,144.0,180.0
2025/26,2026-05-16,Ein Frankfurt,Stuttgart,2,2,298,34,1,0.24478138319886586,0.28280009906064063,0.47241851774049354,0.14154859073243747,0.2798066890143406,0.2610636280997132,0.4591296828859463,0.14454592446205872,0.2678923542644486,0.21987391340572668,0.5122337323298247,1.0,144.0,180.0
2025/26,2026-05-16,Bayern Munich,FC Koln,5,1,299,34,0,0.8166616883853619,0.1013746756093254,0.0819636360053128,0.02016548706645876,0.809560771952796,0.10421177833670428,0.08622744971049981,0.021851136331395876,0.822435011866992,0.10291722431705497,0.07464776381595309,1.0,144.0,180.0
2025/26,2026-05-16,Freiburg,RB Leipzig,4,1,300,34,0,0.26096385419600765,0.23963942147249614,0.499396724331496,0.3977857565389241,0.3050387817694907,0.2573107916187817,0.4376504266117278,0.33725449537893043,0.3816297401628443,0.25031628118208066,0.36805397865507516,1.0,144.0,180.0
2025/26,2026-05-16,Heidenheim,Mainz,0,2,301,34,2,0.2775100232780573,0.2343454804523843,0.48814449626955847,0.16950393485946597,0.23342810009458564,0.21137308431301835,0.5551988155923959,0.1261683857820876,0.4852923942341498,0.23063400914098206,0.28407359662486814,1.0,144.0,180.0
2025/26,2026-05-16,Leverkusen,Hamburg,1,1,302,34,1,0.7920519698517161,0.11446318394383781,0.09348484620444582,0.3180428697079264,0.7768127380727021,0.12551896894406137,0.09766829298323661,0.3064885627431339,0.7360782190460734,0.15102089469927518,0.11290088625465138,1.0,144.0,180.0
2025/26,2026-05-16,St Pauli,Wolfsburg,1,3,303,34,2,0.19906735783040144,0.2124550996686765,0.5884775425009222,0.10448927298982875,0.1928357136832138,0.21136483558327293,0.5957994507335129,0.100281848249522,0.3650938924935035,0.2625394283099351,0.37236667919656136,1.0,144.0,180.0
2025/26,2026-05-16,M'gladbach,Hoffenheim,4,0,304,34,0,0.3051479932523008,0.2182154809801061,0.47663652576759297,0.355000844488553,0.23776226075321055,0.2006488841537097,0.5615888550930798,0.44819420664840626,0.21349334079029958,0.2106017831272256,0.5759048760824749,1.0,144.0,180.0
2025/26,2026-05-16,Union Berlin,Augsburg,4,0,305,34,0,0.20387152998696426,0.1993596032239101,0.5967688667891258,0.4949768105670372,0.23196973465930928,0.22452193904976625,0.5435083262909247,0.4426358946134269,0.3717382450285299,0.23621847975230628,0.3920432752191639,1.0,144.0,180.0
2025/26,2026-05-16,Werder Bremen,Dortmund,0,2,306,34,2,0.21830775327900714,0.24353721375529716,0.5381550329656958,0.13047952435832277,0.24197234987823063,0.25179838710758295,0.5062292630141861,0.15118007940455316,0.2990326015541811,0.23679739006320938,0.4641700083826095,1.0,144.0,180.0
