season,Date,HomeTeam,AwayTeam,FTHG,FTAG,season_game,matchday,outcome,p_home_fresh_v2,p_draw_fresh_v2,p_away_fresh_v2,rps_fresh_v2,p_home_carry_v2,p_draw_carry_v2,p_away_carry_v2,rps_carry_v2,p_home_bookmaker,p_draw_bookmaker,p_away_bookmaker,summer_variance_scale,goal_level_prior_matches
2015/16,2015-08-14,Bayern Munich,Hamburg,5,0,1,1,0,0.5631444592794002,0.2456738832553716,0.1911816574652283,0.11369659480471977,0.6673095750769972,0.20871892068736497,0.12397150423563796,0.06302592634894748,0.8904040609992958,0.07791920979309669,0.03167672920760755,1.0,144.0
2015/16,2015-08-15,Werder Bremen,Schalke 04,0,3,2,1,2,0.36635898466863315,0.2824733065584538,0.3511677087729131,0.27760112389321157,0.39504991945061446,0.27161088187444854,0.33333919867493733,0.30025053144065605,0.30434532125419483,0.26202992899425326,0.43362474975155196,1.0,144.0
2015/16,2015-08-15,Leverkusen,Hoffenheim,2,1,3,1,0,0.4726561502133022,0.2716667408384895,0.25567710894820844,0.17173115997398464,0.4984073657179266,0.26550631542171654,0.236086318860357,0.15366596035953192,0.6626545903168538,0.2026299160473024,0.1347154936358439,1.0,144.0
2015/16,2015-08-15,Mainz,Ingolstadt,0,1,4,1,2,0.47865817995140975,0.270379048463828,0.2509627715847624,0.39508521139318864,0.47974339544897326,0.2714737619425047,0.2487828426085222,0.39724047151812125,0.4970803133894774,0.269765349139744,0.23315433747077868,1.0,144.0
2015/16,2015-08-15,Darmstadt,Hannover,2,2,5,1,1,0.3668703047532771,0.28248236171537777,0.35064733353134536,0.1287736865112024,0.39596982609705694,0.2928175283071894,0.3112126455957537,0.12682270697902084,0.36308115123291856,0.2988777769295366,0.3380410718375449,1.0,144.0
2015/16,2015-08-15,Augsburg,Hertha,0,1,6,1,2,0.4247867099382644,0.27949425392833394,0.29571903613340145,0.33822771250252,0.4460124937219461,0.2805978639071735,0.2733896423708802,0.36344487818499305,0.4605368610593586,0.2859893626986687,0.25347377624197254,1.0,144.0
2015/16,2015-08-15,Dortmund,M'gladbach,4,0,7,1,0,0.47836643940805,0.2704431441930908,0.2511904163988592,0.1675990984132339,0.50338375408063,0.266450841724707,0.23016540419466341,0.14980190449957043,0.6012988870491895,0.23115971365334406,0.16754139929746648,1.0,144.0
2015/16,2015-08-16,Stuttgart,FC Koln,1,3,8,1,2,0.4585120882670584,0.27461876394542034,0.26686914778752124,0.3738570907764071,0.49981141469388474,0.2713856177383957,0.22880296756771984,0.42227815654532913,0.4732374036741493,0.26692136937479266,0.2598412269510581,1.0,144.0
2015/16,2015-08-16,Wolfsburg,Ein Frankfurt,2,1,9,1,0,0.5121251837369699,0.26228262704792493,0.22559218921510496,0.1444568360892746,0.5692339610611772,0.23986912868440585,0.1908969102544169,0.11100050532386316,0.6799133523406017,0.1857827755921189,0.13430387206727937,1.0,144.0
2015/16,2015-08-21,Hertha,Werder Bremen,1,1,10,2,1,0.44484743184847575,0.2793976333269637,0.2757549348245604,0.13696501085114093,0.43728488408887306,0.27901854899147216,0.28369656691965445,0.13585090596730864,0.4666445815561721,0.27682305685535635,0.2565323615884716,1.0,144.0
2015/16,2015-08-22,Schalke 04,Darmstadt,1,1,11,2,1,0.5812452776669862,0.23842462870177397,0.1803300936312398,0.1851825077396118,0.5556832101087663,0.24225205809872957,0.20206473179250412,0.17480699291558,0.6549657534246575,0.21404109589041095,0.1309931506849315,1.0,144.0
2015/16,2015-08-22,Hannover,Leverkusen,0,1,12,2,2,0.3312936378160382,0.27429038622291957,0.3944159759610423,0.23824374231430068,0.2989760970707888,0.2878559436922251,0.413167959236986,0.21687927534288265,0.21058058731226184,0.2543375924680565,0.5350818202196818,1.0,144.0
2015/16,2015-08-22,Hamburg,Stuttgart,3,2,13,2,0,0.386842985162513,0.2779145401749359,0.3352424746625511,0.24417452083114471,0.3073807421032837,0.28028456597300383,0.4123346919237124,0.32487066728661046,0.3416273421624797,0.2738744335213175,0.38449822431620273,1.0,144.0
2015/16,2015-08-22,Hoffenheim,Bayern Munich,1,2,14,2,2,0.2662418809486394,0.26676851084882247,0.4669896082025383,0.1774924084675766,0.23461462312344952,0.2600427492808623,0.5053426275956882,0.14986496872864816,0.06709476954945624,0.13758674262040393,0.7953184878301398,1.0,144.0
2015/16,2015-08-22,Ein Frankfurt,Augsburg,1,1,15,2,1,0.4557943625818431,0.278792680876578,0.26541295654157904,0.13909626923076535,0.431791239382872,0.2816752765512424,0.2865334840658852,0.13427255594936588,0.42660300037122495,0.2787462786516527,0.2946507209771223,1.0,144.0
2015/16,2015-08-22,FC Koln,Wolfsburg,1,1,16,2,1,0.3650323554409927,0.27795840923216686,0.3570092353268405,0.13035210731372726,0.3317870176448537,0.2800028263328574,0.3882101560222892,0.13039487515825818,0.28446289591318846,0.26741062422356954,0.4481264798632421,1.0,144.0
2015/16,2015-08-23,M'gladbach,Mainz,1,2,17,2,2,0.4686500616292818,0.27985264418692335,0.25149729418379524,0.38994459043965507,0.49308081057670744,0.27203420401873846,0.2348849854045537,0.41426483565918615,0.5421660505138802,0.257564449194258,0.20026950029186183,1.0,144.0
2015/16,2015-08-23,Ingolstadt,Dortmund,0,4,18,2,2,0.28268442042058173,0.2873315448716603,0.429984034707758,0.20241434111828335,0.2530106459327077,0.28257919398885495,0.46441016007843755,0.17543543179124554,0.13738458046816826,0.21636558377696105,0.6462498357548706,1.0,144.0
2015/16,2015-08-28,Wolfsburg,Schalke 04,3,0,19,3,0,0.40337656631441027,0.2823368594889817,0.31428657419660777,0.2273677861715117,0.4771979419738785,0.26308142005193647,0.2597206379741854,0.17038840083303286,0.45995536821224897,0.26407141086040165,0.2759732209273494,1.0,144.0
2015/16,2015-08-29,Mainz,Hannover,3,0,20,3,0,0.4885704460994149,0.2726679277802296,0.23876162612035537,0.159283651355294,0.49914336036957613,0.2763718195575435,0.22448482007288065,0.15062540395251692,0.47161554136294637,0.27023700441733567,0.258147454219718,1.0,144.0
2015/16,2015-08-29,Stuttgart,Ein Frankfurt,1,4,21,3,2,0.4167085298498672,0.27741448339757746,0.30587698675255554,0.32772637818467504,0.48077773760702425,0.26364501266849355,0.2555772497244823,0.39265623205314737,0.508341320663994,0.2575062333022331,0.23415244603377283,1.0,144.0
2015/16,2015-08-29,FC Koln,Hamburg,2,1,22,3,0,0.4351879029608271,0.2757962416305527,0.28901585540862035,0.20127143481968227,0.4754608243291053,0.2806535519500082,0.24388562372088649,0.1673107721356138,0.5420866217292939,0.2568525616047178,0.2010608166659881,1.0,144.0
2015/16,2015-08-29,Augsburg,Ingolstadt,0,1,23,3,2,0.5020273219523109,0.27408807267332175,0.2238846053743673,0.42719326888075543,0.5071903740477606,0.2742235185559635,0.21858610739627563,0.4339248735404059,0.5328845096729578,0.2686321911776006,0.19848329914944174,1.0,144.0
2015/16,2015-08-29,Bayern Munich,Leverkusen,3,0,24,3,0,0.4090373534611908,0.2819368045204012,0.3090258420184084,0.22236691031966976,0.4640863880910913,0.2839287982083274,0.2519848137005816,0.17534987288248455,0.7096758727202196,0.18305658025306598,0.10726754702671443,1.0,144.0
2015/16,2015-08-29,Darmstadt,Hoffenheim,0,0,25,3,1,0.4056738264966897,0.26908252514324593,0.3252436483600645,0.13517734215151575,0.41010015122407384,0.2661978769061523,0.32370197186977384,0.136482550313194,0.3151160447009115,0.28324014422538574,0.40164381107370273,1.0,144.0
2015/16,2015-08-30,Werder Bremen,M'gladbach,2,1,26,3,0,0.4171792365347951,0.2849368751978048,0.29788388826740003,0.21420742660773465,0.35895612575390606,0.27982265584047045,0.3612212184056238,0.2707090086674425,0.3476144694147338,0.27535752914313183,0.37702800144213433,1.0,144.0
2015/16,2015-08-30,Dortmund,Hertha,3,1,27,3,0,0.6410132606463367,0.2148809650920767,0.1441057742615866,0.07481897660365319,0.6660491087005822,0.2055053760473747,0.12844551525204337,0.0640107240940192,0.801719060188922,0.13307445624904557,0.06520648356203232,1.0,144.0
2015/16,2015-09-11,M'gladbach,Hamburg,0,3,28,4,2,0.39870310647103063,0.29347083342927033,0.30782606009969876,0.31903446509337774,0.515077018977547,0.2686539453747444,0.21626903564770864,0.43976927998168447,0.560437117778957,0.2445797895544077,0.19498309266663516,1.0,144.0
2015/16,2015-09-12,Bayern Munich,Augsburg,2,1,29,4,0,0.6453353084737485,0.20934855768647984,0.14531613383977146,0.07345191108477477,0.6644168382379836,0.20415834846354783,0.13142481329846867,0.0649442700043645,0.8605429682355957,0.1011359777101628,0.03832105405424137,1.0,144.0
2015/16,2015-09-12,Ein Frankfurt,FC Koln,6,2,30,4,0,0.4979790615700869,0.26245276476504364,0.23956817366486974,0.15470896622758576,0.4701262355700108,0.2628172320127479,0.26705653241724164,0.17604269886896434,0.46224721290484216,0.27145819705215113,0.26629459004300693,1.0,144.0
2015/16,2015-09-12,Hannover,Dortmund,2,4,31,4,2,0.2136908084287228,0.24195365896626758,0.5443555326050096,0.12663782113729277,0.18975225518618669,0.23593774009559354,0.5743100047182199,0.10860894521562288,0.1153505563469757,0.18348284757247912,0.7011665960805452,1.0,144.0
2015/16,2015-09-12,Hertha,Stuttgart,2,1,32,4,0,0.3415171397716989,0.26535299994391426,0.39312986028438685,0.2940753821308329,0.3438202298919491,0.2699287117089157,0.3862510583991354,0.2898808854067534,0.378514974729675,0.27384183925973693,0.3476431860105881,1.0,144.0
2015/16,2015-09-12,Ingolstadt,Wolfsburg,0,0,33,4,1,0.2967829042744227,0.30232762771035404,0.40088946801522335,0.12439622891754495,0.28558002034564844,0.29351964920867746,0.4209003304456744,0.1293565180949493,0.2350275169957915,0.2699902881191324,0.49498219488507605,1.0,144.0
2015/16,2015-09-12,Leverkusen,Darmstadt,0,1,34,4,2,0.5761667962953025,0.24984178987874064,0.1739914138259568,0.5071291807932171,0.5866310032346819,0.246072544658029,0.167296452107289,0.5187655663146188,0.7783757461778065,0.15444936065890333,0.06717489316329014,1.0,144.0
2015/16,2015-09-13,Schalke 04,Mainz,2,1,35,4,0,0.49367811677904716,0.270942127737164,0.23537975548378864,0.15588273936001024,0.4532992254938252,0.27579003126715496,0.27091074323901976,0.18613718382398475,0.5568110200774287,0.24561087602412893,0.19757810389844244,1.0,144.0
2015/16,2015-09-13,Hoffenheim,Werder Bremen,1,3,36,4,2,0.44462808723576974,0.2660771092734491,0.2892948034907811,0.3513980061520733,0.47257059490546954,0.2612279390136112,0.2662014660809193,0.38089162777555075,0.49234022866961863,0.2551450664199326,0.25251470491044875,1.0,144.0
2015/16,2015-09-18,Mainz,Hoffenheim,3,1,37,5,0,0.4761377223009688,0.25036759273649345,0.27349468496253787,0.1746155143493873,0.4774870112388354,0.2590284567914924,0.26348453196967214,0.17122196100570103,0.42426293211662097,0.2655954940892668,0.31014157379411217,1.0,144.0
2015/16,2015-09-19,Wolfsburg,Hertha,2,0,38,5,0,0.5357156208898388,0.28047493090617803,0.18380944820398337,0.12467294896738032,0.5393667508140441,0.2696399961355317,0.1909932530504242,0.12433070648319718,0.5662501526313648,0.249265334364443,0.1844845130041923,1.0,144.0
2015/16,2015-09-19,Werder Bremen,Ingolstadt,0,1,39,5,2,0.5660251113850308,0.24763843709011277,0.18633645152485626,0.4912163984177994,0.5124868161810597,0.26277608739965636,0.22473709641928413,0.43183765321390105,0.4805725284433501,0.276159988175897,0.2432674833807529,1.0,144.0
2015/16,2015-09-19,Darmstadt,Bayern Munich,0,3,40,5,2,0.16269285775234132,0.20168776821343268,0.6356193740342257,0.07962110327141644,0.16362741998728417,0.21739589983831317,0.6189766801744028,0.08597635141130726,0.06320363420896702,0.153071301599842,0.783725064191191,1.0,144.0
2015/16,2015-09-19,FC Koln,M'gladbach,1,0,41,5,0,0.5021888168257973,0.2521802606961615,0.2456309224780412,0.15407526208535655,0.43981822355598477,0.2736938231554271,0.2864879532885879,0.19793948501972844,0.3872476825781859,0.28398163389066966,0.3287706835311444,1.0,144.0
2015/16,2015-09-19,Hamburg,Ein Frankfurt,0,0,42,5,1,0.4160169086242117,0.27151447999593575,0.31246861137985266,0.13535335067944948,0.3644246451509477,0.2781520353738695,0.3574233194751827,0.13027837564902636,0.3904661969719682,0.27842902113626145,0.33110478189177034,1.0,144.0
2015/16,2015-09-20,Stuttgart,Schalke 04,0,1,43,5,2,0.33549947568616395,0.26212107600940043,0.40237944830443584,0.23485511099730083,0.4088480487155582,0.26358404763549637,0.3275679036489454,0.3096608255707967,0.40520791816128604,0.26792436118860985,0.32686772065010405,1.0,144.0
2015/16,2015-09-20,Augsburg,Hannover,2,0,44,5,0,0.4486750760523222,0.29729937532508743,0.25402554862259097,0.1842440755594604,0.4790293664259331,0.287310201549422,0.23366043202464493,0.1630037992702542,0.46496097946887854,0.2748088702183008,0.26023015031282065,1.0,144.0
2015/16,2015-09-20,Dortmund,Leverkusen,3,0,45,5,0,0.5160274323203978,0.26203094401853844,0.22194162366106354,0.14174376528984817,0.5019106258543543,0.27075380566731744,0.2273355684783286,0.14988724266608286,0.5726223057116484,0.23538080354974006,0.19199689073861156,1.0,144.0
2015/16,2015-09-22,Bayern Munich,Wolfsburg,5,1,46,6,0,0.642811731472304,0.21083631637052627,0.1463519521571698,0.07450117653701399,0.6179511582938967,0.22622881651927151,0.15582002518683172,0.08512059884910005,0.7768364160899812,0.14609162451841437,0.07707195939160444,1.0,144.0
2015/16,2015-09-22,Darmstadt,Werder Bremen,2,1,47,6,0,0.32416909364010593,0.2985712371373683,0.3772596692225259,0.29953613600656276,0.3310482700345101,0.2943650470663331,0.3745866828991571,0.2939058000146076,0.3211464849220428,0.27905891139949585,0.3997946036784613,1.0,144.0
2015/16,2015-09-22,Hertha,FC Koln,2,0,48,6,0,0.46514599095912623,0.27476708737578037,0.26008692166509334,0.17685700890415976,0.44658667089876647,0.27863717292281753,0.27477615617841605,0.19088412441554772,0.3939068757034051,0.2802366058575654,0.3258565184390295,1.0,144.0
2015/16,2015-09-22,Ingolstadt,Hamburg,0,1,49,6,2,0.28984420699880004,0.3131834875192599,0.39697230548194,0.22382603234326492,0.3385256280057705,0.3299287453998238,0.33154562659440573,0.28071542507088354,0.40636849490938404,0.29321798584778913,0.3004135192428269,1.0,144.0
2015/16,2015-09-23,Leverkusen,Mainz,1,0,50,6,0,0.5053073113815939,0.24547690683338225,0.24921578178502385,0.15341468103161396,0.5251698695541032,0.2508487578486449,0.22398137259725215,0.1378156540249082,0.646289172765885,0.20945832464907146,0.14425250258504335,1.0,144.0
2015/16,2015-09-23,M'gladbach,Augsburg,4,2,51,6,0,0.4886101179715533,0.30166415502447314,0.2097257270039737,0.15275224600420698,0.4843084694698856,0.28584303611224726,0.22984849441786753,0.1593840425233261,0.4626602775254328,0.27785829698411263,0.25948142549045444,1.0,144.0
2015/16,2015-09-23,Hannover,Stuttgart,1,3,52,6,2,0.31621128156003225,0.2600836311751108,0.4237050872648569,0.2160527005151221,0.2891516741587565,0.2668856861233178,0.44396263971792554,0.19639311834913448,0.32047096072029285,0.2657564064509746,0.4137726328287325,1.0,144.0
2015/16,2015-09-23,Hoffenheim,Dortmund,1,1,53,6,1,0.30218867139535366,0.2603790111147506,0.43743231748989564,0.141332512752135,0.2630478789482609,0.24987863787738543,0.48707348317435367,0.15321738231538815,0.11418410638525435,0.17588862348033796,0.7099272701344076,1.0,144.0
2015/16,2015-09-23,Schalke 04,Ein Frankfurt,2,0,54,6,0,0.4420935570878329,0.27254302445146245,0.28536341846070484,0.19634593981924325,0.444003741814733,0.25668674162920657,0.29930951655606025,0.19935901290852032,0.4809003059586198,0.2574899275998909,0.2616097664414892,1.0,144.0
2015/16,2015-09-25,FC Koln,Ingolstadt,1,1,55,7,1,0.5449234723076171,0.2636688273017886,0.19140770039059415,0.16678924922030292,0.5650033845583498,0.25972706865895806,0.17526954678269246,0.17497411929590037,0.4647830453373642,0.28180811082236734,0.2534088438402683,1.0,144.0
2015/16,2015-09-26,Stuttgart,M'gladbach,1,3,56,7,2,0.44153223369628597,0.2597075514443638,0.2987602148593501,0.3433439748284682,0.4386005260587185,0.25463252039825557,0.30676695354302597,0.3364712390795009,0.4666551485832757,0.2648583275742916,0.2684865238424326,1.0,144.0
2015/16,2015-09-26,Werder Bremen,Leverkusen,0,3,57,7,2,0.5118368751599316,0.24861559751108264,0.23954752732898557,0.4201324749824715,0.42983834834112306,0.2687659519279526,0.30139569973092417,0.3364044870295347,0.2476226356266889,0.2520785699438786,0.5002987944294326,1.0,144.0
2015/16,2015-09-26,Wolfsburg,Hannover,1,1,58,7,1,0.5847324067249589,0.2546777579313725,0.16058983534366844,0.18385054134503465,0.6264393633887327,0.23337896244204337,0.14018167416922386,0.20603858888788362,0.6710149309605056,0.2007544670496595,0.12823060198983485,1.0,144.0
2015/16,2015-09-26,Mainz,Bayern Munich,0,3,59,7,2,0.22082187391188676,0.25893383666383896,0.5202442894242744,0.13946392091398838,0.19772931214684772,0.2487132725286253,0.5535574153245267,0.11920393114689122,0.06772784019975031,0.14029338327091134,0.7919787765293383,1.0,144.0
2015/16,2015-09-26,Augsburg,Hoffenheim,1,3,60,7,2,0.43407791019629094,0.2511368675555187,0.31478522224819094,0.32897146188492055,0.4209940829511501,0.2562352788134576,0.32277063823539254,0.31793781315798886,0.41572819729647587,0.2687996015396391,0.3154722011638852,1.0,144.0
2015/16,2015-09-26,Hamburg,Schalke 04,0,1,61,7,2,0.4261607597726386,0.2605071915467092,0.3133320486806524,0.32656293426955146,0.3448859878722017,0.2617253998291095,0.3933886122986884,0.24346186015974747,0.3500551432233449,0.2670720438761215,0.3828728129005335,1.0,144.0
2015/16,2015-09-27,Dortmund,Darmstadt,2,2,62,7,1,0.7220052624980541,0.18144209926851076,0.0965526382334351,0.2653070055123603,0.6928250384919863,0.19442309073614272,0.11275187077187099,0.2463597591619895,0.8628224067817828,0.09806755171796934,0.03911004150024781,1.0,144.0
2015/16,2015-09-27,Ein Frankfurt,Hertha,1,1,63,7,1,0.5960352696419443,0.24113974434852056,0.16282498600953493,0.1908850093630753,0.5503792229412858,0.25725134512689274,0.19236943193182124,0.16996164369361266,0.48751456246047337,0.2662783343873781,0.24620710315214855,1.0,144.0
2015/16,2015-10-02,Darmstadt,Mainz,2,3,64,8,2,0.3178327509909067,0.2944392821716737,0.3877279668374197,0.23794735009774381,0.26734534011298805,0.29296782229247165,0.4396868375945404,0.19271218542246815,0.3120152289948117,0.2848045985592177,0.40318017244597065,1.0,144.0
2015/16,2015-10-03,M'gladbach,Wolfsburg,2,0,65,8,0,0.2939265210296469,0.2692911720437383,0.4367823069266149,0.3446592706747166,0.3081063391097477,0.26678813202331003,0.42510552886694225,0.3297157743266791,0.35046264146693945,0.2764212383401212,0.3731161201929393,1.0,144.0
2015/16,2015-10-03,Hoffenheim,Stuttgart,2,2,66,8,1,0.3979553469072773,0.25313453860134233,0.34891011449137993,0.1400533630632398,0.4085384142839483,0.2499429833270801,0.3415186023889717,0.14176929586167974,0.39818456883509834,0.2605143721633888,0.3413010590015128,1.0,144.0
2015/16,2015-10-03,Ingolstadt,Ein Frankfurt,2,0,67,8,0,0.3795465644229993,0.29304438856330983,0.3274090470136909,0.2460795748928583,0.41497431120325207,0.2946080714087426,0.2904176173880051,0.21329872452071763,0.3752386146713936,0.28470139078265616,0.34005999454595043,1.0,144.0
2015/16,2015-10-03,Hannover,Werder Bremen,1,0,68,8,0,0.3426621002058182,0.2997178541527094,0.3576200456414722,0.2799926057752173,0.3422057562018875,0.302497418482408,0.35529682531570445,0.2794645506266745,0.40997032333886463,0.27293288935372884,0.31709678730740665,1.0,144.0
2015/16,2015-10-03,Hertha,Hamburg,3,0,69,8,0,0.4186657696428394,0.2847913754236584,0.2965428549335024,0.21294357609853218,0.4558997091024227,0.2776453049420234,0.2664549859555538,0.18352169304770133,0.4242563984320959,0.29167627392206597,0.28406732764583814,1.0,144.0
2015/16,2015-10-04,Bayern Munich,Dortmund,5,1,70,8,0,0.4485096055995304,0.2861102144966493,0.26538017990382046,0.1872841475008848,0.5214350217409631,0.2671708934258394,0.21139408483319733,0.13685594875926876,0.6353630156910387,0.21410482366831501,0.15053216064064612,1.0,144.0
2015/16,2015-10-04,Leverkusen,Augsburg,1,1,71,8,1,0.5640455048036142,0.23789407458623366,0.19806042061015192,0.17868763085071715,0.5221955554797091,0.2604850999580017,0.21731934456228902,0.15995794784187245,0.6935505226818406,0.18805889172719137,0.11839058559096795,1.0,144.0
2015/16,2015-10-04,Schalke 04,FC Koln,0,3,72,8,2,0.5474263201979235,0.24722359559411705,0.2053500842079596,0.4655720323568683,0.5298040669140709,0.24435787557682576,0.2258380575091034,0.4400095312599839,0.5597508834267195,0.24550477343277174,0.19474434314050879,1.0,144.0
2015/16,2015-10-16,Mainz,Dortmund,0,2,73,9,2,0.25765258611571384,0.22943809900970552,0.5129093148745808,0.15182109533403287,0.25848578565521446,0.23132909150260358,0.5101851228421822,0.15336675763546093,0.13436006372809348,0.19383961763143923,0.6718003186404673,1.0,144.0
2015/16,2015-10-17,Werder Bremen,Bayern Munich,0,1,74,9,2,0.19229156117194826,0.24383116197286273,0.563877276855189,0.11358953707059528,0.18790250411114215,0.2353602391647271,0.5767372567241308,0.10722935044832607,0.05464491784295326,0.11879329965859406,0.8265617824984527,1.0,144.0
2015/16,2015-10-17,Wolfsburg,Hoffenheim,4,2,75,9,0,0.5713118924960051,0.23252506747773866,0.1961630400262566,0.11112671589384963,0.5495656779412471,0.24492954619415339,0.2055047758645995,0.1225616456958438,0.6123950863276221,0.22068291399193588,0.16692199968044213,1.0,144.0
2015/16,2015-10-17,Schalke 04,Hertha,2,1,76,9,0,0.5520806930945323,0.24028943359366542,0.2076298733118024,0.1218709348950748,0.5203607128226934,0.24854557162649013,0.23109371555081662,0.14172907558551825,0.5001361038018329,0.26422284729153434,0.2356410489066328,1.0,144.0
2015/16,2015-10-17,Hamburg,Leverkusen,0,0,77,9,1,0.25236283753305433,0.30144816334161156,0.44618899912533394,0.13138581235410107,0.21956138063957323,0.2775915959987776,0.5028470233616493,0.15053116438601327,0.2138399992775676,0.25560562413646754,0.5305543765859649,1.0,144.0
2015/16,2015-10-17,Ein Frankfurt,M'gladbach,1,5,78,9,2,0.51226403186743,0.25716923740111547,0.23056673073145442,0.42722099710117867,0.48821575114747695,0.25833414765245527,0.2534501012000679,0.39784568553334204,0.3725650052034219,0.2736999898561451,0.3537350049404331,1.0,144.0
2015/16,2015-10-17,Augsburg,Darmstadt,0,2,79,9,2,0.38490614250002164,0.2992360072102349,0.3158578502897433,0.308101609772209,0.4505560923430539,0.28133835849680994,0.26810554916013585,0.36933513975881416,0.5182830916417075,0.27285655799521646,0.2088603503630761,1.0,144.0
2015/16,2015-10-18,FC Koln,Hannover,0,1,80,9,2,0.5342997798786341,0.2591114798768413,0.20658874024452498,0.4574888409425637,0.514286699487879,0.2689112894232653,0.21680201108885583,0.43894494955229835,0.5350667917616048,0.25835678863423134,0.20657641960416387,1.0,144.0
2015/16,2015-10-18,Stuttgart,Ingolstadt,1,0,81,9,0,0.5872973294329225,0.22302467058624093,0.18967799998083643,0.103150618984964,0.5857200891406532,0.2333685121126081,0.1809113987467385,0.1021783893690649,0.5364419539052269,0.25107129811932616,0.21248674797544703,1.0,144.0
2015/16,2015-10-23,Hoffenheim,Hamburg,0,1,82,10,2,0.38518250805139587,0.31149093702553193,0.30332655492307203,0.3168597267920594,0.4513537803229905,0.29591616121892417,0.25273005845808516,0.3810663002719554,0.5025301107428664,0.2578772936706814,0.23959259558645218,1.0,144.0
2015/16,2015-10-24,Mainz,Werder Bremen,1,3,83,10,2,0.5313969787375576,0.22674425971081,0.24185876155163247,0.42858044322371447,0.5281921520701401,0.235395251365852,0.23641259656400765,0.43102633609730334,0.4897942236468419,0.2557672186145388,0.2544385577386192,1.0,144.0
2015/16,2015-10-24,Leverkusen,Stuttgart,4,3,84,10,0,0.574303782703833,0.2617249523670515,0.16397126492911535,0.10405192257135981,0.5045020292431514,0.28728353540101687,0.2082144353558319,0.14443574505735135,0.6570926408666474,0.1969955804610271,0.14591177867232558,1.0,144.0
2015/16,2015-10-24,Ingolstadt,Hertha,0,1,85,10,2,0.3551854006060921,0.32630251359621176,0.318512085797696,0.2952912230037584,0.35891203550008444,0.3240850239361813,0.3170029405637344,0.2976514162126999,0.38026445494408373,0.2894048064176213,0.33033073863829493,1.0,144.0
2015/16,2015-10-24,Darmstadt,Wolfsburg,0,1,86,10,2,0.3035831702349862,0.27325200049616494,0.42316482926884896,0.21245077772118048,0.32484081799037273,0.2704770305092935,0.4046821515003333,0.22996244888746298,0.20824920680703776,0.27112777617536776,0.5206230170175944,1.0,144.0
2015/16,2015-10-24,Bayern Munich,FC Koln,4,0,87,10,0,0.8001013868936361,0.12177834915391499,0.07812026395244888,0.023031115580924036,0.7926979573805247,0.12915766996104244,0.07814437265843288,0.024540339926193377,0.8626157554230623,0.09640999619434226,0.04097424838259545,1.0,144.0
2015/16,2015-10-24,Hannover,Ein Frankfurt,1,2,88,10,2,0.4409395995870028,0.28221182581283755,0.2768485746001592,0.3586878572708836,0.4160780364466686,0.2918255292016397,0.2920964343516915,0.33712419533545196,0.3680754157398581,0.2797373159622921,0.35218726829784985,1.0,144.0
2015/16,2015-10-25,Dortmund,Augsburg,5,1,89,10,0,0.5927731529236238,0.23737346358988326,0.1698533834864931,0.09734193843078799,0.6584251807095629,0.2000656155350307,0.14150920375540643,0.06834910596039195,0.8024325347047379,0.12813713250520684,0.06943033279005534,1.0,144.0
2015/16,2015-10-25,M'gladbach,Schalke 04,3,1,90,10,0,0.49599455051751,0.2530867794632075,0.2509186700192827,0.15849083603614614,0.5385426073970079,0.23953494194443709,0.22192245065855518,0.1310962496471254,0.4456567322249785,0.26427083851615973,0.29007242925886173,1.0,144.0
2015/16,2015-10-30,Ein Frankfurt,Bayern Munich,0,0,91,11,1,0.15070756987269998,0.19517981580518948,0.6541126143221105,0.22528804191612045,0.1536201482566818,0.196941146424107,0.6494387053192111,0.2226848909585491,0.05285012843102967,0.11148544765952668,0.8356644239094436,1.0,144.0
2015/16,2015-10-31,Augsburg,Mainz,3,3,92,11,1,0.3923848408056925,0.26470177293732045,0.3429133862569868,0.13577772688417114,0.35693690117201504,0.27354393278228795,0.3695191660456968,0.13197418274669412,0.4396260823365546,0.27538375382317887,0.2849901638402665,1.0,144.0
2015/16,2015-10-31,Hertha,M'gladbach,1,4,93,11,2,0.4497121291798769,0.2675516580740551,0.2827362127460684,0.35835416981867607,0.42242037600891574,0.2732624295823848,0.30431719440869964,0.3312067700314485,0.3561579275430622,0.2863842984629886,0.35745777399394923,1.0,144.0
2015/16,2015-10-31,FC Koln,Hoffenheim,0,0,94,11,1,0.44153404055208134,0.26566347842236826,0.29280248102555056,0.1403428009304824,0.4431421863157647,0.2645499413265383,0.2923078723576971,0.1409094447674998,0.4451430367808865,0.2782143979880541,0.27664256523105946,1.0,144.0
2015/16,2015-10-31,Wolfsburg,Leverkusen,2,1,95,11,0,0.37474845322813133,0.3265014994305477,0.29875004734132155,0.2400955437635279,0.37077641562309266,0.3111508226404659,0.31807276173644133,0.24854630044738504,0.33331120992898394,0.26342337558903567,0.4032654144819805,1.0,144.0
2015/16,2015-10-31,Schalke 04,Ingolstadt,1,1,96,11,1,0.526327768156253,0.26747686529928416,0.20619536654446285,0.1597687243583739,0.47538316987020224,0.28879612435973884,0.2358207057700592,0.14080028173286516,0.550365499139172,0.26124015692472696,0.18839434393610113,1.0,144.0
2015/16,2015-10-31,Werder Bremen,Dortmund,1,3,97,11,2,0.26017745869861464,0.23485093599018542,0.5049716053111998,0.15637271078151987,0.20332814376599503,0.19581182364134483,0.6008600325926601,0.10032752381462874,0.11770808198946006,0.17773706754125368,0.7045548504692862,1.0,144.0
2015/16,2015-11-01,Hamburg,Hannover,1,2,98,11,2,0.5690484314875052,0.2517348067877703,0.17921676172472453,0.49875062080601884,0.5163390553831447,0.27580587737419837,0.20785506724265668,0.4470498073035469,0.466625367817872,0.2840328325847917,0.2493417995973362,1.0,144.0
2015/16,2015-11-01,Stuttgart,Darmstadt,2,0,99,11,0,0.525239752213806,0.24085344433453465,0.23390680345165946,0.14005484278949076,0.5458441643030861,0.23072001449218763,0.2234358212047263,0.1280905446474963,0.5868514488603827,0.23845302179971747,0.17469552933989999,1.0,144.0
2015/16,2015-11-06,Hannover,Hertha,1,3,100,12,2,0.2916817437002078,0.2986159542854708,0.4097023020143215,0.21676480592759254,0.3294747853220658,0.30795934531225383,0.3625658693656805,0.2574379525302761,0.35010706638115635,0.29978586723768735,0.35010706638115635,1.0,144.0
2015/16,2015-11-07,M'gladbach,Ingolstadt,0,0,101,12,1,0.5572160536314773,0.24419603543903806,0.1985879109294851,0.17496344439598716,0.5872706917154963,0.23569843522641779,0.17703087305808632,0.1881133976818528,0.5900917321242204,0.24246343448668461,0.16744483338909502,1.0,144.0
2015/16,2015-11-07,Mainz,Wolfsburg,2,0,102,12,0,0.2745646795790018,0.23332481528345453,0.4921105051375435,0.3842145766905224,0.3176995487586838,0.25775288224774245,0.42454756899357377,0.3228872720512285,0.2752039424228082,0.26266113539549524,0.4621349221816967,1.0,144.0
2015/16,2015-11-07,Leverkusen,FC Koln,1,2,103,12,2,0.5585600799032774,0.23684340637143775,0.20459651372528498,0.47232803441976323,0.5157970024181715,0.27273460264577903,0.2114683949360496,0.44391431994415065,0.6231927295072114,0.224406556267505,0.15240071422528376,1.0,144.0
2015/16,2015-11-07,Hoffenheim,Ein Frankfurt,0,0,104,12,1,0.4438802543626619,0.2807914693040996,0.27532827633323853,0.13641766998084678,0.48793867531829677,0.2634467655584911,0.24861455912321206,0.14994667493970165,0.4437682189832919,0.26083185211517956,0.29539992890152866,1.0,144.0
2015/16,2015-11-07,Darmstadt,Hamburg,1,1,105,12,1,0.3149245630637266,0.30705703312555105,0.37801840381072255,0.12103769702024275,0.344093920141658,0.304692762357503,0.35121331750083923,0.12087571013419941,0.36588711336671015,0.297144686006904,0.336968200626386,1.0,144.0
2015/16,2015-11-07,Bayern Munich,Stuttgart,4,0,106,12,0,0.7553238366950754,0.14817842618309976,0.09649773712182469,0.03458911907962547,0.7658521014044294,0.1433445211781522,0.0908033774174182,0.03153524588356588,0.8851244621166731,0.07557601176534672,0.03929952611798029,1.0,144.0
2015/16,2015-11-08,Augsburg,Werder Bremen,1,2,107,12,2,0.3404450530077805,0.2655625948062844,0.39399235218593504,0.24157405166330312,0.3964460968329295,0.27324589606846367,0.3303080070986068,0.30282843652515207,0.4499093501839502,0.26580010390271314,0.2842905459133367,1.0,144.0
2015/16,2015-11-08,Dortmund,Schalke 04,3,2,108,12,0,0.646671888803824,0.20191588526169796,0.15141222593447792,0.0738832081619454,0.7140191609319749,0.16942877600105044,0.11655206306697485,0.04768471185960984,0.750298011528871,0.15238610776787923,0.09731588070324962,1.0,144.0
2015/16,2015-11-20,Hamburg,Dortmund,3,1,109,13,0,0.18226826169430782,0.19460965906815503,0.623122079237537,0.5284831607328802,0.17285710995106854,0.17957694206041805,0.6475659479885136,0.5517535087763804,0.09547009595286124,0.18037154659728766,0.7241583574498511,1.0,144.0
2015/16,2015-11-21,Ein Frankfurt,Leverkusen,1,3,110,13,2,0.3358961582613441,0.30415889594394135,0.3599449457947149,0.26124835077423036,0.30339114390668503,0.2944845127641667,0.40212434332914804,0.22475074352030452,0.2179510591672754,0.2547479912344777,0.5273009495982469,1.0,144.0
2015/16,2015-11-21,FC Koln,Mainz,0,0,111,13,1,0.4517416957383312,0.2514370231243695,0.29682128113729933,0.14608671630226533,0.45292595670512137,0.25930780928506614,0.28776623400981244,0.14397566384671984,0.44765923889297393,0.2746144910856058,0.2777262700214201,1.0,144.0
2015/16,2015-11-21,M'gladbach,Hannover,2,1,112,13,0,0.559730084740946,0.24504730148876,0.1952226137702943,0.11597473360476,0.6200062805346405,0.21625146953753932,0.16374224992782022,0.08560337562227156,0.652806167143608,0.21287157624248088,0.13432225661391112,1.0,144.0
2015/16,2015-11-21,Schalke 04,Bayern Munich,1,3,113,13,2,0.17910999504452355,0.2274379415927794,0.5934520633626972,0.09868080755444886,0.18671881647431984,0.23301196341998082,0.5802692201056998,0.1055189220081243,0.08655505144098666,0.15524953671161099,0.7581954118474025,1.0,144.0
2015/16,2015-11-21,Wolfsburg,Werder Bremen,6,0,114,13,0,0.5277864353593706,0.26681573623844596,0.20539782840218307,0.1325869592714713,0.5485589838538797,0.2518004628262404,0.1996405533198799,0.12182767079445474,0.5757790893581851,0.2422832801754739,0.181937630466341,1.0,144.0
2015/16,2015-11-21,Stuttgart,Augsburg,0,4,115,13,2,0.5961351077546702,0.18960407737705318,0.21426081486827672,0.4863815668745684,0.6019314419513405,0.19354474868352584,0.20452380936513365,0.4975519153382892,0.4713216957605985,0.259351620947631,0.26932668329177056,1.0,144.0
2015/16,2015-11-22,Hertha,Hoffenheim,1,0,116,13,0,0.5373143486153057,0.25431633916278623,0.20836931222190788,0.12874789113655496,0.4712454809849329,0.27252628676996693,0.25622823224510055,0.17261712418915195,0.4739597685312758,0.27252686690548356,0.25351336456324053,1.0,144.0
2015/16,2015-11-22,Ingolstadt,Darmstadt,3,1,117,13,0,0.34882250580492336,0.3653966081618395,0.285780886033237,0.25285142188406057,0.34755310704150827,0.3369880939187368,0.31545879903975443,0.262600601011397,0.45150706535897095,0.29334441072723566,0.2551485239137935,1.0,144.0
2015/16,2015-11-27,Darmstadt,FC Koln,0,0,118,14,1,0.4022244524786205,0.28144270513222147,0.31633284238915826,0.13092548867286496,0.3930338945941426,0.2994746787363091,0.30749142666954854,0.12451330988755692,0.3010103277952403,0.3000898069151325,0.39889986528962734,1.0,144.0
2015/16,2015-11-28,Hannover,Ingolstadt,4,0,119,14,0,0.2723106861688105,0.3426907875590706,0.38499852627211895,0.33887780134790546,0.25890040483041327,0.31643369195521737,0.4246659032143694,0.3647848696567007,0.3440159665986098,0.3007501548484779,0.35523387855291233,1.0,144.0
2015/16,2015-11-28,Bayern Munich,Hertha,2,0,120,14,0,0.7567280338954023,0.15905127546398884,0.08422069064060862,0.03313718711218883,0.7621074631749282,0.15597188641126536,0.08192065041380654,0.03165192602064462,0.8532868959512407,0.10666086199390509,0.04005224205485415,1.0,144.0
2015/16,2015-11-28,Werder Bremen,Hamburg,1,3,121,14,2,0.4540248358509105,0.2764824257834953,0.2694927383655942,0.36988970543502225,0.5112394206665066,0.25976616387974394,0.22899441545374957,0.42790767832246546,0.4274476834506077,0.28209083432331167,0.29046148222608054,1.0,144.0
2015/16,2015-11-28,Mainz,Ein Frankfurt,2,1,122,14,0,0.49815780372647034,0.2771969372161944,0.22464525905733515,0.1511555411887886,0.4442011770736968,0.2851736389391651,0.27062518398713803,0.19107516088716825,0.4602106158474308,0.2620985592927881,0.2776908248597812,1.0,144.0
2015/16,2015-11-28,Hoffenheim,M'gladbach,3,3,123,14,1,0.2912740145096519,0.2424523815729397,0.46627360391740835,0.1511258126193486,0.2764352289717691,0.24237612410421613,0.481188646924015,0.15397947487261926,0.3184438040345821,0.2694524495677233,0.41210374639769454,1.0,144.0
2015/16,2015-11-29,Augsburg,Wolfsburg,0,0,124,14,1,0.33385463260187526,0.2950280078357731,0.3711173595623519,0.12459350513913242,0.29480357366515464,0.27501790303530194,0.4301785232995433,0.13598135447696102,0.31046511627906975,0.27558139534883724,0.413953488372093,1.0,144.0
2015/16,2015-11-29,Dortmund,Stuttgart,4,1,125,14,0,0.8279800562496202,0.094790049635344,0.07722989411503557,0.01777765879645173,0.7896187865258876,0.11622706858137198,0.09415414489274043,0.026562628991661612,0.7901158195002921,0.12891363370794237,0.08097054679176546,1.0,144.0
2015/16,2015-11-29,Leverkusen,Schalke 04,1,1,126,14,1,0.559462277729572,0.249880691972379,0.1906570302980488,0.174674071702216,0.5860923410907237,0.2398627930519368,0.1740448658573397,0.18689792380825226,0.5695141189892627,0.23378622545621283,0.19669965555452443,1.0,144.0
2015/16,2015-12-04,Schalke 04,Hannover,3,1,127,15,0,0.5092078135809333,0.2544395580395564,0.2363526283795101,0.14836976759595544,0.4970059580594628,0.2605488320843032,0.24244520985623408,0.1558913430049561,0.6097476195221201,0.23318139368898183,0.15707098678889816,1.0,144.0
2015/16,2015-12-05,Wolfsburg,Dortmund,1,2,128,15,2,0.28400621787877217,0.24108456644383977,0.4749092156773883,0.17818993178717019,0.30728329979574587,0.2609471278181739,0.43176957238608,0.20865442259983022,0.26713892220741814,0.2450999611253061,0.4877611166672759,1.0,144.0
2015/16,2015-12-05,Hertha,Leverkusen,2,1,129,15,0,0.3004961721356358,0.2912050462812189,0.40829878158314514,0.3280067501195895,0.2837416722002192,0.2925402236796348,0.42371810412014627,0.34628151195085466,0.21831130546331198,0.27380384400286895,0.5078848505338192,1.0,144.0
2015/16,2015-12-05,Ingolstadt,Hoffenheim,1,1,130,15,1,0.43269720900742137,0.2901389581045998,0.2771638328879787,0.13202333247198378,0.4135320791697287,0.28715582569762854,0.29931209513264256,0.13029825539756548,0.41161709899181875,0.29507490831341227,0.2933079926947691,1.0,144.0
2015/16,2015-12-05,FC Koln,Augsburg,0,1,131,15,2,0.456577202812578,0.27286116699292334,0.270561630194499,0.3702715387363327,0.4877875054531947,0.27238557005260106,0.23982692449420423,0.4078998776000954,0.4225259175623561,0.2891622798656832,0.28831180257196065,1.0,144.0
2015/16,2015-12-05,M'gladbach,Bayern Munich,3,1,132,15,0,0.1187803927452291,0.12815129357696467,0.7530683136778064,0.6718299406378937,0.1460562127398564,0.17838967048092796,0.6755541167792156,0.5927966782487718,0.10296161117781304,0.1770641812479208,0.7199742075742661,1.0,144.0
2015/16,2015-12-05,Hamburg,Mainz,1,3,133,15,2,0.4254307516171521,0.27352286389642627,0.3010463844864215,0.33476374053051905,0.4379578555259842,0.2680431696993589,0.293998974774657,0.3451222654180771,0.41524190749097145,0.28322858430020015,0.3015295082088285,1.0,144.0
2015/16,2015-12-06,Stuttgart,Werder Bremen,1,1,134,15,1,0.5815763850379712,0.20329603080473005,0.21512758415729866,0.19225548454959507,0.6153245554471981,0.19663362093057157,0.1880418236222305,0.20699201798373298,0.4665341285619615,0.25513585155732277,0.2783300198807157,1.0,144.0
2015/16,2015-12-06,Ein Frankfurt,Darmstadt,0,1,135,15,2,0.4240935200815053,0.31663079174352204,0.2592756881749726,0.3642639099518912,0.4632483895541925,0.3036473874995146,0.23310422294629293,0.40136410164368097,0.46935177558897007,0.29022047662158207,0.24042774778944787,1.0,144.0
2015/16,2015-12-11,Mainz,Stuttgart,0,0,136,16,1,0.5929521920476967,0.20222176507813364,0.2048260428741697,0.19677300494682987,0.551943299752789,0.22238460294053203,0.2256720973066791,0.17778465082239614,0.4565854884656203,0.259698095291292,0.2837164162430878,1.0,144.0
2015/16,2015-12-12,Wolfsburg,Hamburg,1,1,137,16,1,0.4409059381438958,0.31394442880218987,0.24514963305391418,0.12724819443850885,0.4799964300598988,0.2954205914396998,0.22458297850040154,0.14041704355117954,0.6160396080397179,0.22673680018128506,0.15722359177899703,1.0,144.0
2015/16,2015-12-12,Leverkusen,M'gladbach,5,0,138,16,0,0.5855756646191496,0.20732438388769467,0.20709995149315588,0.10731895983216354,0.5824406207296036,0.20798389704843798,0.2095754822219586,0.1091388589826226,0.557461987379923,0.23641761392497937,0.2061203986950976,1.0,144.0
2015/16,2015-12-12,Werder Bremen,FC Koln,1,1,139,16,1,0.4871396600483567,0.2652371811874339,0.24762315876420946,0.1493111385741967,0.4528042837369788,0.2710691875943337,0.27612652866868737,0.14063878960258896,0.35386173388305,0.2857717209492852,0.36036654516766486,1.0,144.0
2015/16,2015-12-12,Darmstadt,Hertha,0,4,140,16,2,0.4508265672838068,0.29411031978779173,0.25506311292840134,0.3790877797444122,0.46762594266583757,0.28680197998075646,0.2455720773534055,0.3939177563614842,0.35513027438321426,0.32031358081623246,0.32455614480055345,1.0,144.0
2015/16,2015-12-12,Bayern Munich,Ingolstadt,2,0,141,16,0,0.8165450387227906,0.11719553655374675,0.06625942472346266,0.01902301709095331,0.7928334569421351,0.1366310592397376,0.0705354838181271,0.02394661552000173,0.8765783461749747,0.09368012859885226,0.029741525226173033,1.0,144.0
2015/16,2015-12-12,Hoffenheim,Hannover,1,0,142,16,0,0.5289324117747763,0.25706635825287266,0.2140012299723508,0.133850599553004,0.5247699387921116,0.2544951400320502,0.22073492117583798,0.1372837582510784,0.5160949671391833,0.26791815234001315,0.2159868805208036,1.0,144.0
2015/16,2015-12-13,Augsburg,Schalke 04,2,1,143,16,0,0.394201580013029,0.2735663721147243,0.3322320478722468,0.2386849296460487,0.38212148499566945,0.25686571078401643,0.3610128042203143,0.2560520520574858,0.34030281182408073,0.27685652487382845,0.3828406633020909,1.0,144.0
2015/16,2015-12-13,Dortmund,Ein Frankfurt,4,1,144,16,0,0.81678710839946,0.10899896643069923,0.07421392516984064,0.019537335168872974,0.7904865392993322,0.12748177205184782,0.08203168864881975,0.025312544078673598,0.8502647941801501,0.0982718103826304,0.0514633954372196,1.0,144.0
2015/16,2015-12-18,Schalke 04,Hoffenheim,1,0,145,17,0,0.6005227164255728,0.22474400013739146,0.17473328343703598,0.09505691021634541,0.5291588650869543,0.24957939781340574,0.22126173709963978,0.13532406531527752,0.5912527843299678,0.2293176686887258,0.17942954698130648,1.0,144.0
2015/16,2015-12-19,FC Koln,Dortmund,2,1,146,17,0,0.149889748077013,0.1688134505283211,0.6812968013946658,0.5934263860075837,0.17010245977274674,0.1971533916840888,0.6327441485431646,0.5445475423954298,0.15207749171552382,0.22411419831761406,0.6238083099668621,1.0,144.0
2015/16,2015-12-19,Hannover,Bayern Munich,0,1,147,17,2,0.10901268517830268,0.12272320985897288,0.7682641049627247,0.03279264528925546,0.12150959422339498,0.1565050322363744,0.7219853735402307,0.046028357006949606,0.062163295590180315,0.1393163220318935,0.7985203823779261,1.0,144.0
2015/16,2015-12-19,Hamburg,Augsburg,0,1,148,17,2,0.3984320783786843,0.29551139790256353,0.3060565237187519,0.3201528346772303,0.39121702371916134,0.2871232360131029,0.3216597402677358,0.3065981338106573,0.40173725836111657,0.2900115119529954,0.30825122968588814,1.0,144.0
2015/16,2015-12-19,Ein Frankfurt,Werder Bremen,2,1,149,17,0,0.32995552041562637,0.2831861367270285,0.3868583428573452,0.29930949102991267,0.3015991550227673,0.27014550869726506,0.4282553362799679,0.33558318665859044,0.44383616255601793,0.2651021403375134,0.29106169710646873,1.0,144.0
2015/16,2015-12-19,Ingolstadt,Leverkusen,0,1,150,17,2,0.2260849809714215,0.29040336767948405,0.4835116513490946,0.1589373164564937,0.2182375020295251,0.29581864431801885,0.48594385365245585,0.15594066444488724,0.18236166699319883,0.26953455176467295,0.5481037812421282,1.0,144.0
2015/16,2015-12-19,Stuttgart,Wolfsburg,3,1,151,17,0,0.26371942494920336,0.2794381220788559,0.45684245297194104,0.37540705601727586,0.2699862330290035,0.2763195114733788,0.4536942554976181,0.369379288719361,0.27710016295114936,0.2601948479700448,0.462704989078806,1.0,144.0
2015/16,2015-12-20,Hertha,Mainz,2,0,152,17,0,0.4727915059260459,0.2773023788599203,0.2499061152140338,0.1702009313225482,0.45414696888771716,0.29298489854480064,0.25286813256748236,0.1809489120213163,0.44130921866317724,0.28730394880711246,0.2713868325297102,1.0,144.0
2015/16,2015-12-20,M'gladbach,Darmstadt,3,2,153,17,0,0.5400412856972606,0.2513068348864637,0.20865187941627591,0.12754881282348654,0.5538663515230103,0.25050082717293537,0.19563282130405432,0.11865371653738713,0.6129571966352186,0.22493842078356646,0.16210438258121485,1.0,144.0
2015/16,2016-01-22,Hamburg,Bayern Munich,1,2,154,18,2,0.11462059080967323,0.1672407734647253,0.7181386357256014,0.04629185425409186,0.11143304743766204,0.14733642820252027,0.7412305243598177,0.03968948279216958,0.06117601970523277,0.13651552514417356,0.8023084551505938,1.0,144.0
2015/16,2016-01-23,M'gladbach,Dortmund,1,3,155,18,2,0.12308711320497658,0.12510502039407495,0.7518078664009483,0.03837488630879207,0.12762875264962478,0.13003180040058096,0.7423394469497944,0.04133902955051849,0.16391303097535997,0.2067029590615592,0.6293840099630809,1.0,144.0
2015/16,2016-01-23,Ingolstadt,Mainz,1,0,156,18,0,0.2956495082422722,0.33772791479565606,0.366622576962072,0.31526086458883157,0.3055434286037039,0.3140014825442747,0.38045508885202095,0.3135080020944492,0.4083042666646835,0.30432616148920505,0.2873695718461115,1.0,144.0
2015/16,2016-01-23,Hoffenheim,Leverkusen,1,1,157,18,1,0.24863687894040676,0.28307536698843927,0.4682877540711541,0.14055685909111604,0.28788613393938883,0.3187900013907731,0.3933238646698379,0.11879104431669239,0.18260177695265875,0.2416655615966052,0.575732661450736,1.0,144.0
2015/16,2016-01-23,FC Koln,Stuttgart,1,3,158,18,2,0.3907611504698451,0.2723866958475253,0.3368521536826294,0.2962296713959418,0.4324476725801653,0.2826989777701176,0.28485334964971687,0.34922286051361584,0.46224721290484216,0.27145819705215113,0.26629459004300693,1.0,144.0
2015/16,2016-01-23,Hannover,Darmstadt,1,2,159,18,2,0.47724405606731357,0.28312781338390874,0.23962813054877719,0.4029636344521639,0.4850426262445679,0.27510035555046136,0.239857018204971,0.4065418510232329,0.4015487388412917,0.2951141333652867,0.30333712779342165,1.0,144.0
2015/16,2016-01-23,Hertha,Augsburg,0,0,160,18,1,0.5765668294815304,0.23160307286941675,0.19183009764905293,0.18461404761121464,0.5167587090395954,0.25293937928844296,0.2303019116719618,0.1600392669440146,0.4647830453373642,0.28180811082236734,0.2534088438402683,1.0,144.0
2015/16,2016-01-24,Schalke 04,Werder Bremen,1,3,161,18,2,0.5579023279131236,0.24268226493185138,0.19941540715502504,0.4760953488958184,0.5626005965603724,0.2409391064365354,0.19646029700309234,0.48109774277122286,0.5721155544205027,0.2318288147059383,0.196055630873559,1.0,144.0
2015/16,2016-01-24,Ein Frankfurt,Wolfsburg,3,2,162,18,0,0.21841804505415482,0.27328562953525376,0.5082963254105911,0.4346177533614395,0.21103178219156887,0.25880615224531284,0.5301620655631182,0.4517713322369821,0.2785091614388326,0.2738414101298018,0.44764942843136557,1.0,144.0
2015/16,2016-01-29,Mainz,M'gladbach,1,0,163,19,0,0.45634538690915805,0.2534068445339106,0.29024776855693124,0.18990205274361552,0.4269998539325972,0.25748646703021727,0.3155136790371854,0.21393902452642255,0.4049106977776135,0.26846133934844507,0.3266279628739415,1.0,144.0
2015/16,2016-01-30,Augsburg,Ein Frankfurt,0,0,164,19,1,0.5532456001823323,0.23909411128431599,0.20766028853335172,0.17460174477743198,0.5926660529984471,0.22431158690508998,0.18302236009646278,0.19237511733601872,0.49248595343435636,0.2606508104612684,0.24686323610437513,1.0,144.0
2015/16,2016-01-30,Darmstadt,Schalke 04,0,2,165,19,2,0.3638871263972504,0.2624611467463699,0.37365172685637915,0.26236300001382185,0.379449373323789,0.2574724897706458,0.3630781369055649,0.2748256433017511,0.2924690320458947,0.2815434647568239,0.4259875031972815,1.0,144.0
2015/16,2016-01-30,Dortmund,Ingolstadt,2,0,166,19,0,0.7755558541162605,0.1404822691284704,0.0839618767552691,0.02871238568487417,0.7785106396422288,0.1404854387638117,0.0810039215939593,0.027809586032647493,0.766474019395638,0.16600452535133953,0.06752145525302247,1.0,144.0
2015/16,2016-01-30,Leverkusen,Hannover,3,0,167,19,0,0.6798839580594858,0.19787051382080173,0.12224552811971261,0.05870912472646426,0.6855526657757267,0.20084445944589613,0.11360287477837712,0.05589136957933174,0.7668115490233844,0.1500793245795003,0.08310912639711533,1.0,144.0
2015/16,2016-01-30,Stuttgart,Hamburg,2,1,168,19,0,0.5144145144899958,0.23770648240733808,0.24787900310266614,0.14861863195857908,0.5726755072169658,0.22623989062130032,0.20108460216173388,0.11152061967941011,0.5161472200469852,0.25472200469851214,0.22913077525450276,1.0,144.0
2015/16,2016-01-30,Werder Bremen,Hertha,3,3,169,19,1,0.3869418947174453,0.28784288385685497,0.3252152214256999,0.12774448506724673,0.3982161204040507,0.2839651611982665,0.3178187183976828,0.1297924081567995,0.38150433149847557,0.2883723917503183,0.33012327675120606,1.0,144.0
2015/16,2016-01-31,Wolfsburg,FC Koln,1,1,170,19,1,0.6729412659802377,0.19137289354673506,0.13568584047302687,0.23563029738197844,0.6604359303873517,0.19361560926010407,0.14594846035254402,0.22873828561294254,0.6087324042875425,0.2306021578595161,0.16066543785294157,1.0,144.0
2015/16,2016-01-31,Bayern Munich,Hoffenheim,2,0,171,19,0,0.7637432996714834,0.1542297173705148,0.08202698295800194,0.03127282719165542,0.7842877313620615,0.13989270469979656,0.07581956393814192,0.02614019455834806,0.8975717562339999,0.07003244196815031,0.03239580179784967,1.0,144.0
2015/16,2016-02-05,M'gladbach,Werder Bremen,5,1,172,20,0,0.46522400071126685,0.24540717228137754,0.28936882700735556,0.18485984372943795,0.46491029392160793,0.2490905862787884,0.28599911979960346,0.18405824503860407,0.5733768447713214,0.22487945058691736,0.20174370464176125,1.0,144.0
2015/16,2016-02-06,Leverkusen,Bayern Munich,0,0,173,20,1,0.15894618253176898,0.23328029079205703,0.6077735266761738,0.19732627433490824,0.1628448438902473,0.26211501119302494,0.5750401449167277,0.17859480572374514,0.183206106870229,0.24023349797934435,0.5765603951504265,1.0,144.0
2015/16,2016-02-06,Schalke 04,Wolfsburg,3,0,174,20,0,0.35026535886120436,0.29129706430442925,0.35843757683436633,0.2753163001913259,0.36368262264442897,0.29213749289103713,0.3441798844645338,0.26167979879734604,0.3952574778744538,0.2769035438216513,0.3278389783038948,1.0,144.0
2015/16,2016-02-06,Ingolstadt,Augsburg,2,1,175,20,0,0.32677023283860984,0.32739777324846825,0.3458319939129222,0.28641904370298343,0.3969504974888258,0.3233596730149107,0.27968982949626375,0.2209475516013118,0.3873999303863558,0.3082144100243648,0.3043856595892795,1.0,144.0
2015/16,2016-02-06,Ein Frankfurt,Stuttgart,2,4,176,20,2,0.37240856565637226,0.23040385825069976,0.39718757609292804,0.251035479095478,0.33370121770106437,0.224893755148314,0.44140502715062174,0.21169242319388548,0.3346545507425789,0.2731303157871187,0.3922151334703025,1.0,144.0
2015/16,2016-02-06,Hannover,Mainz,0,1,177,20,2,0.28485956411151836,0.27588713300362816,0.4392533028848537,0.197790914795675,0.2747353919328901,0.2590770324720435,0.4661875755950667,0.18021762001479583,0.3563297570703822,0.2899132638886246,0.3537569790409932,1.0,144.0
2015/16,2016-02-06,Hertha,Dortmund,0,0,178,20,1,0.1896301756278241,0.20919238034593973,0.601177444026236,0.19868696135727887,0.17727161825349336,0.20251761798049703,0.6202107637660097,0.20804330906471463,0.15093082152219311,0.2281512418358733,0.6209179366419336,1.0,144.0
2015/16,2016-02-07,Hamburg,FC Koln,1,1,179,20,1,0.4811152263642159,0.26872523058294123,0.25015954305284305,0.14702582900994893,0.4344780542611632,0.2807547857030572,0.28476716003577957,0.1349317575347048,0.3334605578540786,0.30072823315674574,0.36581120898917574,1.0,144.0
2015/16,2016-02-07,Hoffenheim,Darmstadt,0,2,180,20,2,0.5986095574733565,0.23711600239718272,0.16427444012946082,0.5283853068596871,0.5450794716966387,0.2592210532019612,0.1956994751014002,0.47200548240862505,0.48271485981528056,0.26920636412775256,0.2480787760569669,1.0,144.0
2015/16,2016-02-12,Mainz,Schalke 04,2,1,181,21,0,0.25474069835326274,0.3052490630535535,0.4400102385931837,0.3745102183789065,0.23970728384950832,0.33329962477518343,0.42699309137530844,0.38018405715686726,0.3464352431354794,0.2917892077599425,0.3617755491045781,1.0,144.0
2015/16,2016-02-13,Wolfsburg,Ingolstadt,2,0,182,21,0,0.6369502413205906,0.24105898802884676,0.12199077065056264,0.07334343770054778,0.5724865763556998,0.2748527887035846,0.15266063494071547,0.10303649842828667,0.5421048569443928,0.2695631294146568,0.18833201364095029,1.0,144.0
2015/16,2016-02-13,Werder Bremen,Hoffenheim,1,1,183,21,1,0.38319071295637375,0.26727676465680744,0.3495325223868188,0.13450405335105303,0.3395801830585926,0.2682560230779749,0.3921637938634321,0.134553570971734,0.47427454313642164,0.2646221844453889,0.26110327241818954,1.0,144.0
2015/16,2016-02-13,Stuttgart,Hertha,2,0,184,21,0,0.3294777339440214,0.2264501830453937,0.44407208301058504,0.32340006209310224,0.4510078210312176,0.22624318848098895,0.32274899048779354,0.20277966171489067,0.45586815732664054,0.2792354809835548,0.2648963616898046,1.0,144.0
2015/16,2016-02-13,Darmstadt,Leverkusen,1,2,185,21,2,0.23859420352067479,0.3162853947978453,0.44512040168147965,0.18240928129189368,0.3017224787001809,0.31585741233163744,0.38242010896818135,0.23622068797992685,0.2260226545250258,0.2835081851556682,0.49046916031930593,1.0,144.0
2015/16,2016-02-13,Dortmund,Hannover,1,0,186,21,0,0.8306494216100043,0.09873060083240336,0.07061997755759244,0.016833399815630454,0.8334217924926327,0.09599164706630173,0.07058656044106554,0.016365380865633862,0.8391153437284679,0.10824310387677037,0.05264155239476179,1.0,144.0
2015/16,2016-02-13,FC Koln,Ein Frankfurt,3,1,187,21,0,0.5184557050401547,0.25652098570298276,0.2250233092568624,0.14126019885864205,0.5644391738630589,0.2512754920033728,0.18428533413356815,0.1118371588209078,0.563658056302008,0.23979584791332376,0.19654609578466814,1.0,144.0
2015/16,2016-02-14,Augsburg,Bayern Munich,1,3,188,21,2,0.1417165278040391,0.19954224515256125,0.6587412270433997,0.06827056218633874,0.11264356760556102,0.1364750006597984,0.7508814317346406,0.037374317188745565,0.07140310769083426,0.1549695207927254,0.7736273715164402,1.0,144.0
2015/16,2016-02-14,Hamburg,M'gladbach,3,2,189,21,0,0.3712724166122342,0.2546123144269632,0.374115268960803,0.26763030429111684,0.3908470804517176,0.26261102299212147,0.34654189655616086,0.2455792827314685,0.27235722431792264,0.2716027721729976,0.4560400035090797,1.0,144.0
2015/16,2016-02-19,Ein Frankfurt,Hamburg,0,0,190,22,1,0.32408884473134475,0.2645774528505408,0.41133370241811446,0.13711449701214584,0.3535382034767276,0.2778509229356604,0.36861087358761174,0.13043161872228726,0.4136323914943198,0.2761433148849403,0.3102242936207399,1.0,144.0
2015/16,2016-02-20,Hertha,Wolfsburg,1,1,191,22,1,0.32385065438794824,0.35162649225858267,0.32452285335346925,0.10509716434808974,0.33012926236197865,0.3331472120733934,0.3367235255646282,0.11118403126816838,0.34407116494747797,0.28589003501466825,0.3700388000378537,1.0,144.0
2015/16,2016-02-20,Bayern Munich,Darmstadt,3,1,192,22,0,0.8319641923270032,0.1000149775823066,0.06802083009069032,0.016431432993271447,0.8112803198705003,0.11533998226134337,0.07337969786815621,0.020499848863701296,0.8987478632966716,0.07365677977393774,0.027595356929390764,1.0,144.0
2015/16,2016-02-20,M'gladbach,FC Koln,1,0,193,22,0,0.46221275701907055,0.2480323920042498,0.28975485097667997,0.1865864961887735,0.4906417561139648,0.24102046041852798,0.2683377834675076,0.1657254933254602,0.4335511351288701,0.2799501615403561,0.28649870333077376,1.0,144.0
2015/16,2016-02-20,Hoffenheim,Mainz,3,2,194,22,0,0.3616293075732233,0.3162483533246631,0.3221223391021136,0.25563997114902964,0.3857144689083873,0.31872837248309105,0.2955571586085216,0.23235037385662377,0.3831140646281412,0.27395866073967634,0.3429272746321823,1.0,144.0
2015/16,2016-02-20,Ingolstadt,Werder Bremen,2,0,195,22,0,0.39218854113928353,0.299869612367141,0.30794184649357575,0.23213147517213256,0.4180230751661497,0.29983144384758914,0.28214548098626147,0.2091516067400168,0.43550276661319687,0.29603662383072293,0.26846060955608025,1.0,144.0
2015/16,2016-02-21,Hannover,Augsburg,0,1,196,22,2,0.22597382977760536,0.2843386662527279,0.48968750396966687,0.15574150767453354,0.23103485427869558,0.2952161669053003,0.4737489788160039,0.1651586205943883,0.38161319612590794,0.2936365012106537,0.3247503026634382,1.0,144.0
2015/16,2016-02-21,Leverkusen,Dortmund,0,1,197,22,2,0.273511690642598,0.30436677636327014,0.4221215329941314,0.20437608377361222,0.3014369749494724,0.3147082443263528,0.3838547807241749,0.2352495905515718,0.3513863489214762,0.28416461260606335,0.36444903847246046,1.0,144.0
2015/16,2016-02-21,Schalke 04,Stuttgart,1,1,198,22,1,0.5847433195092808,0.20778810787953061,0.20746857261118834,0.19248397916602844,0.5035776454137765,0.2344638449443818,0.26195850964184175,0.16110635286712904,0.4598384878415504,0.2442533613721951,0.29590815078625443,1.0,144.0
2015/16,2016-02-26,FC Koln,Hertha,0,1,199,23,2,0.33577920891175705,0.3491228450128599,0.3150979460753831,0.29091925030378213,0.39850799563491696,0.34590868371202926,0.25558332065305384,0.3564824075374466,0.43535621955484727,0.29773601641288944,0.26690776403226335,1.0,144.0
2015/16,2016-02-27,Hamburg,Ingolstadt,1,1,200,23,1,0.35990498135987475,0.32382662818942687,0.31626839045069866,0.1147786452029636,0.33399596795766273,0.32860264176954024,0.33740139027279703,0.11269650238499618,0.4053391931819869,0.3143977075321821,0.28026309928583093,1.0,144.0
2015/16,2016-02-27,Stuttgart,Hannover,1,2,201,23,2,0.6221506555243415,0.21603167602631668,0.16181766844934198,0.5448105295465326,0.6179550525247427,0.220099842783167,0.1619451046920902,0.5421022272452045,0.6579403458327887,0.2108238957614742,0.13123575840573698,1.0,144.0
2015/16,2016-02-27,Werder Bremen,Darmstadt,2,2,202,23,1,0.5031523903182409,0.23784352258669994,0.2590040870950594,0.16012272250745221,0.528752481101181,0.23221405338739226,0.2390334655114268,0.1683580919525286,0.5109722588173297,0.27101291075394285,0.21801483042872732,1.0,144.0
2015/16,2016-02-27,Wolfsburg,Bayern Munich,0,2,203,23,2,0.21704056980849298,0.25255884623564606,0.5304005839558613,0.13381511024589585,0.23493369827903268,0.26371232154772967,0.501353980173238,0.15192084783806772,0.1206051216622619,0.19287341656793947,0.6865214617697986,1.0,144.0
2015/16,2016-02-28,Augsburg,M'gladbach,2,2,204,23,1,0.31822298814286437,0.24690035018663864,0.4348766616704971,0.14519179052412476,0.31261714109482514,0.23497676345358065,0.45240609545159444,0.15120037605402942,0.3300860111624369,0.27460937063093493,0.39530461820662816,1.0,144.0
2015/16,2016-02-28,Dortmund,Hoffenheim,3,1,205,23,0,0.7278899534865563,0.16971967770893956,0.10239036880450395,0.042263832518735445,0.740549292499496,0.1626859146524276,0.09676479284807653,0.03833904737872161,0.7793109530507943,0.14590368511797935,0.07478536183122626,1.0,144.0
2015/16,2016-02-28,Ein Frankfurt,Schalke 04,0,0,206,23,1,0.23997267234967476,0.2613608644433888,0.4986664632069365,0.1531275625009796,0.2676617721688438,0.2748807119665035,0.4574575158646528,0.14045510155081253,0.35763199588594075,0.2807769824434033,0.36159102167065593,1.0,144.0
2015/16,2016-02-28,Mainz,Leverkusen,3,1,207,23,0,0.24475961050973413,0.32218969316584695,0.43305069632441884,0.3789604757522363,0.2211455178774261,0.3067772990541694,0.4720771830684042,0.41473558554811135,0.26806665592625534,0.27559661817137493,0.4563367259023696,1.0,144.0
2015/16,2016-03-01,Hannover,Wolfsburg,0,4,208,24,2,0.15526396425996433,0.21550767549177566,0.6292283602482598,0.08078925372095677,0.17696261991722415,0.26206626580809733,0.5609711142746785,0.11203106567459267,0.22887332974276112,0.2661896335051678,0.5049370367520709,1.0,144.0
2015/16,2016-03-01,Ingolstadt,FC Koln,1,1,209,24,1,0.3769474831809483,0.327349250232576,0.2957032665864757,0.11476491347318181,0.3796111466175384,0.3442678799366576,0.27612097344580383,0.11017370730647033,0.37842442959452627,0.3171907031229201,0.3043848672825537,1.0,144.0
2015/16,2016-03-02,Bayern Munich,Mainz,1,2,210,24,2,0.7946916357095285,0.1323833673807976,0.07292499690967381,0.745501428610807,0.7761847793161382,0.14754242898207853,0.07627279170178324,0.7278673834962295,0.8594114469848754,0.10048503072438542,0.04010352229073917,1.0,144.0
2015/16,2016-03-02,Hertha,Ein Frankfurt,2,0,211,24,0,0.5757738145678417,0.28013198951797785,0.14409419591418066,0.10036549685123708,0.5158809769597843,0.3076442799595595,0.1764747430806563,0.13275728170739826,0.4803979878829424,0.27762376636861263,0.2419782457484451,1.0,144.0
2015/16,2016-03-02,Darmstadt,Dortmund,0,2,212,24,2,0.1883565013439991,0.22779034856803954,0.5838531500879611,0.10432818614513238,0.19681017603901205,0.23131832881601055,0.5718714951449773,0.11101413103095202,0.142114453353507,0.23905805356286752,0.6188274930836253,1.0,144.0
2015/16,2016-03-02,M'gladbach,Stuttgart,4,0,213,24,0,0.35562602057687737,0.20720646364183792,0.43716751578128465,0.30316663110598535,0.40486389033722464,0.20969399806800637,0.3854421115947691,0.2513763052075887,0.45359385903698524,0.24494068387997206,0.30146545708304257,1.0,144.0
2015/16,2016-03-02,Hoffenheim,Augsburg,2,1,214,24,0,0.45035914415945555,0.26314878545903647,0.28649207038150776,0.1920913884003045,0.49560841466065225,0.24737541277912165,0.25701617256022624,0.16023409215932422,0.43363100289243817,0.2684948127498384,0.29787418435772345,1.0,144.0
2015/16,2016-03-02,Schalke 04,Hamburg,3,2,215,24,0,0.5434728535947557,0.28402198907247,0.1725051573327742,0.11908753235566027,0.5442369291652039,0.27253240423473657,0.18323066660005938,0.12064672695973273,0.513361379392072,0.2716122533625645,0.21502636724536353,1.0,144.0
2015/16,2016-03-02,Leverkusen,Werder Bremen,1,4,216,24,2,0.5726956745551272,0.2524078550737897,0.1748964703710831,0.5043880851301246,0.5985833602501672,0.239244973244291,0.16217166650554157,0.5301291777872413,0.6132959805342818,0.22150644895143365,0.16519757051428466,1.0,144.0
2015/16,2016-03-05,Wolfsburg,M'gladbach,2,1,217,25,0,0.7261139776144044,0.15760398897151837,0.11628203341407722,0.04426753227655776,0.6995997837949821,0.16840150161102466,0.13199871459399334,0.05383197527524399,0.5082033170906165,0.25021234744512494,0.24158433546425856,1.0,144.0
2015/16,2016-03-05,Augsburg,Leverkusen,3,3,218,25,1,0.18516916662650137,0.2602014752656627,0.554629358107836,0.17095067257213162,0.18540910054808182,0.2484906913797633,0.5661002080721552,0.17742299007269288,0.3264287874206229,0.28802540066525556,0.3855458119141215,1.0,144.0
2015/16,2016-03-05,Dortmund,Bayern Munich,0,0,219,25,1,0.2523855347133813,0.320667715794567,0.426946749492052,0.12299099251719409,0.2624247001946638,0.32750631434479444,0.41006898546054127,0.11851164805444857,0.3057766385832562,0.2711444778597383,0.42307888355700546,1.0,144.0
2015/16,2016-03-05,Ein Frankfurt,Ingolstadt,1,1,220,25,1,0.20891841818103563,0.260197870951476,0.5308837108674881,0.16274220995985056,0.2212872496298876,0.2806720509755928,0.4980406993945194,0.14850629255107126,0.37141897770112486,0.3122758283856591,0.316305193913216,1.0,144.0
2015/16,2016-03-05,FC Koln,Schalke 04,1,3,221,25,2,0.41062065029624595,0.3435113047370155,0.24586804496673859,0.3686621620260005,0.4283565795477237,0.32132512088706555,0.25031829956521096,0.3727560056043113,0.37561463076730905,0.2874938962764447,0.3368914729562463,1.0,144.0
2015/16,2016-03-05,Stuttgart,Hoffenheim,5,1,222,25,0,0.6265503517673884,0.18024899981650974,0.19320064841610185,0.08839556515673178,0.5805310937716447,0.1975507060484166,0.22191820017993868,0.11260092543175804,0.5422787847422341,0.24056975499594205,0.21715146026182383,1.0,144.0
2015/16,2016-03-05,Werder Bremen,Hannover,4,1,223,25,0,0.5918181671739401,0.25453796025255787,0.15364387257350184,0.09510942411431203,0.5204366919271743,0.2810959328698784,0.19846737520294738,0.13468513273484967,0.5939423012059932,0.23167962103779874,0.17437807775620798,1.0,144.0
2015/16,2016-03-06,Mainz,Darmstadt,0,0,224,25,1,0.4150118048316982,0.2445774337003182,0.3404107614679835,0.14405714233643802,0.4491084049296514,0.2450632250285187,0.3058283700418301,0.14761467565044908,0.5544817361575951,0.2624151532082736,0.1831031106341312,1.0,144.0
2015/16,2016-03-06,Hamburg,Hertha,2,0,225,25,0,0.26445454721659034,0.3393276870707961,0.39621776571261336,0.3490078154883233,0.28580729207188826,0.349548317065467,0.36464439086264455,0.32151837792263915,0.3551303230543319,0.29974302496328925,0.34512665198237885,1.0,144.0
2015/16,2016-03-11,Hertha,Schalke 04,2,0,226,26,0,0.30073848953416565,0.3948361321572502,0.30442537830858396,0.2908207354886424,0.3121689211781727,0.41231417613111343,0.275516902690714,0.27451057833074155,0.3773092270555199,0.29459579289620175,0.3280949800482782,1.0,144.0
2015/16,2016-03-12,Hoffenheim,Wolfsburg,1,0,227,26,0,0.22004098270902875,0.246143264924172,0.533815752366799,0.4466476630642148,0.2144724965922504,0.2406911136686872,0.5448363897390622,0.4569500750969538,0.27309134434621235,0.2600525003190723,0.46685615533471536,1.0,144.0
2015/16,2016-03-12,M'gladbach,Ein Frankfurt,3,0,228,26,0,0.6713552236506183,0.19776843951548728,0.1308763368338945,0.06256800228239706,0.6683321703530611,0.20855272891792784,0.123115100729011,0.06258043862511269,0.6419477153561141,0.2116767251066497,0.14637555953723613,1.0,144.0
2015/16,2016-03-12,Ingolstadt,Stuttgart,3,3,229,26,1,0.3948382543429119,0.25938793216239414,0.34577381349469394,0.1377283885956107,0.42544420247994336,0.26378259521282255,0.3107732023072341,0.13879137634804403,0.31654676258992803,0.28776978417266186,0.3956834532374101,1.0,144.0
2015/16,2016-03-12,Hannover,FC Koln,0,2,230,26,2,0.20282878495544082,0.2825630245197599,0.5146081905247992,0.138372362356055,0.2201946950301451,0.28812645005972876,0.49167885491012586,0.15343804513244963,0.28398956832564337,0.2881658855069028,0.42784454616745393,1.0,144.0
2015/16,2016-03-12,Bayern Munich,Werder Bremen,5,0,231,26,0,0.8133825826675303,0.1126730565328661,0.07394436079960359,0.02014691447295157,0.8391199922490621,0.09272060479224,0.06815940295869803,0.015264040552814002,0.8863912867157177,0.07716818260819189,0.03644053067609061,1.0,144.0
2015/16,2016-03-12,Darmstadt,Augsburg,2,2,232,26,1,0.4949449596143427,0.24649380184435385,0.25856123854130325,0.15591221356182808,0.5188370598748937,0.24915103497649332,0.23201190514861267,0.1615107094151565,0.3500045968557507,0.3024731083938586,0.34752229475039076,1.0,144.0
2015/16,2016-03-13,Leverkusen,Hamburg,1,0,233,26,0,0.6362041105792012,0.22137848747310265,0.14241740194769625,0.07631508276850085,0.6402834836340716,0.22126805557380846,0.13844846079212011,0.07428197422107319,0.6013792575363838,0.23792431790881202,0.16069642455480418,1.0,144.0
2015/16,2016-03-13,Dortmund,Mainz,2,0,234,26,0,0.6860331853128684,0.1915156293989803,0.12245118528815102,0.056784726751628406,0.7447434216410496,0.15210666338695208,0.10314991497199809,0.03789791287712475,0.7147348529650422,0.18615717653272013,0.09910797050223763,1.0,144.0
2015/16,2016-03-18,Schalke 04,M'gladbach,2,1,235,27,0,0.40056475635323135,0.262684199057429,0.33675104458933985,0.23636193867893618,0.3043846767883049,0.25037102022671387,0.44524430298498147,0.3410615836137464,0.3741168516536143,0.27456194715195226,0.3513212011944335,1.0,144.0
2015/16,2016-03-19,Ein Frankfurt,Hannover,1,0,236,27,0,0.4882382617617456,0.2915076717548736,0.22025406648338106,0.15520596526355257,0.47148614854380805,0.3076959874284278,0.22081786402776427,0.16404371012742097,0.48550156739811906,0.2770376175548589,0.2374608150470219,1.0,144.0
2015/16,2016-03-19,FC Koln,Bayern Munich,0,1,237,27,2,0.1424705587423398,0.19783027023447156,0.659699171023189,0.06805125715532975,0.13679222740104507,0.18968925571817985,0.6735185168807751,0.06265113614853399,0.10687518852820381,0.1995730561291969,0.6935517553425993,1.0,144.0
2015/16,2016-03-19,Hamburg,Hoffenheim,1,3,238,27,2,0.43407581296126774,0.28749408643741736,0.2784301006013147,0.35454246555810703,0.5396310788218198,0.24797838901671418,0.21239053216146617,0.45576518752964995,0.41186016183052254,0.28745665253860514,0.30068318563087226,1.0,144.0
2015/16,2016-03-19,Hertha,Ingolstadt,2,1,239,27,0,0.43870311437981124,0.3387404228953131,0.2225564627248757,0.18229278645376612,0.4064894489404797,0.3613996927800372,0.2321108582794833,0.2030651123751068,0.4802917966964161,0.2960106541573078,0.22369754914627601,1.0,144.0
2015/16,2016-03-19,Werder Bremen,Mainz,1,1,240,27,1,0.472212640430202,0.2703256734236274,0.2574616861461703,0.14463564880764623,0.48809551675056906,0.2810097478310511,0.23089473541837977,0.14577480615796434,0.43543153796236206,0.26768332251784555,0.29688513951979234,1.0,144.0
2015/16,2016-03-19,Wolfsburg,Darmstadt,1,1,241,27,1,0.5604161148379687,0.25193622620393513,0.18764765895809624,0.17463893284126866,0.5781173452109124,0.250377797381431,0.17150485740765667,0.18181679047406693,0.6249916539411705,0.23197089756208927,0.14303744849674016,1.0,144.0
2015/16,2016-03-20,Stuttgart,Leverkusen,0,2,242,27,2,0.36859391437159317,0.24482260381005577,0.3865834818183511,0.2560706492449353,0.40542272599030216,0.2302275794530402,0.36434969455665783,0.284209448779811,0.45430463576158936,0.25960264900662255,0.28609271523178803,1.0,144.0
2015/16,2016-03-20,Augsburg,Dortmund,1,3,243,27,2,0.16422530357216694,0.19736123478630765,0.6384134616415257,0.0788573875277175,0.15425907453023216,0.1795924063098379,0.6661485191599298,0.06762633666701569,0.1485332905617337,0.23195127601938983,0.6195154334188765,1.0,144.0
2015/16,2016-04-01,Leverkusen,Wolfsburg,3,0,244,28,0,0.4969406199030511,0.2963049014806415,0.20675447861630747,0.14790807716571383,0.5031814510120937,0.28635217843620475,0.21046637055170167,0.14556238187582743,0.47832737190832153,0.26430488205176794,0.2573677460399105,1.0,144.0
2015/16,2016-04-02,Mainz,Augsburg,4,2,245,28,0,0.3065007086932669,0.28012433567745565,0.4133749556292776,0.32591006049222404,0.3099218105812258,0.288488738022495,0.4015894513962792,0.31874099749212903,0.45156501299022644,0.2799703080539404,0.26846467895583326,1.0,144.0
2015/16,2016-04-02,Dortmund,Werder Bremen,3,2,246,28,0,0.8002929620272413,0.12178870360933466,0.0779183343634241,0.02297708392291161,0.8184585294370229,0.10687897020059792,0.07466250036237922,0.019265897247265275,0.7915891149476926,0.13728258776715227,0.07112829728515499,1.0,144.0
2015/16,2016-04-02,Ingolstadt,Schalke 04,3,0,247,28,0,0.40073477592733053,0.3373007939369049,0.2619644301357648,0.21387208571961133,0.4187814795173068,0.32154743791446977,0.2596710825682232,0.20262201983712194,0.34044799586792557,0.29094665522244084,0.3686053489096337,1.0,144.0
2015/16,2016-04-02,Hannover,Hamburg,0,3,248,28,2,0.21306083701310077,0.26701183032485365,0.5199273326620456,0.13793234309685065,0.25022491137829506,0.28476390689996267,0.465011181721742,0.17441277097852115,0.3045459252355804,0.28342135238686966,0.41203272237755,1.0,144.0
2015/16,2016-04-02,Bayern Munich,Ein Frankfurt,1,0,249,28,0,0.7577811636742181,0.16415873790694493,0.07806009841883697,0.03238167181808722,0.8082358877440725,0.12446971050186448,0.06729440175406312,0.0206510056283706,0.8911877221178441,0.07718948774249045,0.03162279013966544,1.0,144.0
2015/16,2016-04-02,Darmstadt,Stuttgart,2,2,250,28,1,0.3742850797220369,0.22333672853066416,0.40237819174729844,0.15099876504817877,0.34803142356694916,0.21078431534136463,0.4411842610916861,0.15788471201252713,0.3110008271298594,0.272125723738627,0.41687344913151364,1.0,144.0
2015/16,2016-04-03,Hoffenheim,FC Koln,1,1,251,28,1,0.41722140005836533,0.2583831845740599,0.32439541536757477,0.13965304108908194,0.3541614822274556,0.2652190404455455,0.380619477326999,0.13515077100711306,0.36417184585526463,0.27830177992916527,0.35752637421557,1.0,144.0
2015/16,2016-04-03,M'gladbach,Hertha,5,0,252,28,0,0.4800888696680718,0.3183973153229389,0.20151381500898954,0.15545770054125016,0.4890277899429636,0.3121180996997021,0.1988541103573344,0.15031777832828952,0.5182012847965739,0.2698072805139186,0.21199143468950749,1.0,144.0
2015/16,2016-04-08,Hertha,Hannover,2,2,253,29,1,0.6745683787002354,0.21596141835086183,0.10947020294890268,0.23351311143796913,0.6505573226651926,0.22810659988226523,0.12133607745254216,0.21897363688243643,0.6402359591987219,0.22062185080496494,0.13914218999631314,1.0,144.0
2015/16,2016-04-09,Wolfsburg,Mainz,1,1,254,29,1,0.537597054604915,0.27054597794417384,0.1918569674509112,0.16290984453967,0.621766186732879,0.2364616647053403,0.14177214856178072,0.20334626653608448,0.44330701054462046,0.2807187659895734,0.275974223465806,1.0,144.0
2015/16,2016-04-09,Werder Bremen,Augsburg,1,2,255,29,2,0.46588309711694814,0.22224763811631565,0.31186926476673643,0.34528548447597596,0.4090827553435149,0.23470512010839326,0.35621212454809215,0.29090576464916185,0.5187323666426087,0.24388163506331603,0.23738599829407514,1.0,144.0
2015/16,2016-04-09,Stuttgart,Bayern Munich,1,3,256,29,2,0.1280891097501266,0.16276574177455375,0.7091451484753197,0.05050168234601193,0.13485216416395757,0.1691021078143039,0.6960457280217387,0.05528665281676895,0.0797822217568841,0.14626740655428752,0.7739503716888284,1.0,144.0
2015/16,2016-04-09,Ingolstadt,M'gladbach,1,0,257,29,0,0.1756871952813372,0.23195868393700797,0.592354120781655,0.5151875022150778,0.19880271390020762,0.28890011774676533,0.5122971683530274,0.4521827399781011,0.2825611739072691,0.2777584344074288,0.4396803916853021,1.0,144.0
2015/16,2016-04-09,Ein Frankfurt,Hoffenheim,0,2,258,29,2,0.3902094023306645,0.30433044778145607,0.3054601498878798,0.3173244905305106,0.4426457596924754,0.3052249357482991,0.2521293045592254,0.3776229228363982,0.40051536630737067,0.27563557512726355,0.3238490585653657,1.0,144.0
2015/16,2016-04-09,Hamburg,Darmstadt,1,2,259,29,2,0.3892572580481801,0.2728623161794816,0.3378804257723387,0.2949617717593038,0.3416278087158045,0.2636947612561247,0.39467743002807104,0.24156248670269168,0.45569620253164556,0.29689298043728424,0.2474108170310702,1.0,144.0
2015/16,2016-04-10,FC Koln,Leverkusen,0,2,260,29,2,0.367639235189447,0.31017086205344174,0.3221899027571111,0.2972925675875479,0.4089868682800223,0.2894862141343712,0.3015269175856067,0.3275674526414822,0.3270621466793047,0.2911532463020517,0.38178460701864364,1.0,144.0
2015/16,2016-04-10,Schalke 04,Dortmund,2,2,261,29,1,0.15900288792734563,0.2566147834538139,0.5843823286188403,0.18339231218560728,0.1551930462550951,0.2181486742047898,0.6266582795401152,0.20839274046105657,0.2750785938839669,0.2797942269219777,0.4451271791940555,1.0,144.0
2015/16,2016-04-15,Hannover,M'gladbach,2,0,262,30,0,0.12258261034335999,0.15311384157558006,0.7243035480810596,0.6472384527173421,0.11904131197130102,0.1576107303471793,0.7233479576815197,0.6496602389476361,0.1858364322776791,0.2266088596827126,0.5875547080396082,1.0,144.0
2015/16,2016-04-16,Darmstadt,Ingolstadt,2,0,263,30,0,0.5139444122232926,0.24255952952553025,0.24349605825117715,0.1477701823964106,0.45262853119094415,0.27321268726701015,0.2741587815420459,0.18738928118140116,0.3540156467195883,0.30549013751191884,0.34049421576849287,1.0,144.0
2015/16,2016-04-16,Augsburg,Stuttgart,1,0,264,30,0,0.5404207085988164,0.21632597708171794,0.24325331431946556,0.1351926500061094,0.4949186288959615,0.20959331153823307,0.2954880595658052,0.1712101923911502,0.4152459681398077,0.26132812928265226,0.32342590257753995,1.0,144.0
2015/16,2016-04-16,Bayern Munich,Schalke 04,3,0,265,30,0,0.7314340636353437,0.19115636723230045,0.07740956913235578,0.0390599517843408,0.7550035585461256,0.16535710130284242,0.07963934015103212,0.033182840412376756,0.801719060188922,0.13307445624904557,0.06520648356203232,1.0,144.0
2015/16,2016-04-16,Hoffenheim,Hertha,2,1,266,30,0,0.5095946324355807,0.2824785597373069,0.2079268078271127,0.14186549097458306,0.4610096515951515,0.2908686387837589,0.24812170962108937,0.17603748922943613,0.38005840949362063,0.28755152389839916,0.3323900666079801,1.0,144.0
2015/16,2016-04-16,Werder Bremen,Wolfsburg,3,2,267,30,0,0.20928559140104738,0.2342442301625433,0.5564701784364092,0.4674441677275203,0.2610660790380497,0.2648652161661558,0.47406870479579444,0.385382238207482,0.3527212946466762,0.2657358263191761,0.38154287903414774,1.0,144.0
2015/16,2016-04-16,Leverkusen,Ein Frankfurt,3,0,268,30,0,0.5966770847904433,0.27867910618071834,0.12464380902883826,0.08910272653117636,0.6135370291609136,0.25719348412325443,0.1292694867158319,0.0830321140127736,0.648340426905931,0.20874073446225064,0.14291883863181834,1.0,144.0
2015/16,2016-04-17,Dortmund,Hamburg,3,0,269,30,0,0.7574597975820592,0.15807326932959184,0.08446693308834877,0.03298020628714367,0.7341732231275583,0.17014470941757381,0.09568206745486789,0.03990946666741441,0.6707873102156242,0.20617883640311818,0.1230338533812577,1.0,144.0
2015/16,2016-04-17,Mainz,FC Koln,2,3,270,30,2,0.32645535625671235,0.32771797734864877,0.3458266663946391,0.267257925014524,0.3255787002554958,0.3169090321141331,0.3575122676303711,0.259395988152763,0.4644502928234841,0.269969729437342,0.26557997773917386,1.0,144.0
2015/16,2016-04-22,Hamburg,Werder Bremen,2,1,271,31,0,0.36893415722214895,0.26668697375227585,0.3643788690255752,0.26550802905663834,0.32027349535558375,0.26065864803153455,0.4190678566128814,0.31882299478111525,0.34027443428021187,0.2784063553201734,0.38131921039961486,1.0,144.0
2015/16,2016-04-23,Stuttgart,Dortmund,0,3,272,31,2,0.1480950910284377,0.15560372973532222,0.69630117923624,0.057082564860009816,0.13882399604315498,0.1384747907381399,0.7227012132187051,0.048083359513883976,0.18631511788058006,0.21973486996678276,0.593950012152637,1.0,144.0
2015/16,2016-04-23,Wolfsburg,Augsburg,0,2,273,31,2,0.5590716164374112,0.24420639898109925,0.19672198458148948,0.47890832118032023,0.4803646989657655,0.26972089394343346,0.24991440709080112,0.3966893203512075,0.5211839814277422,0.2605919907138711,0.21822402785838652,1.0,144.0
2015/16,2016-04-23,Schalke 04,Leverkusen,2,3,274,31,2,0.2699528410676164,0.30906263564471276,0.42098452328767083,0.20406672933644182,0.3711576346231402,0.32358225340348895,0.3052601119733709,0.3102107508771488,0.3122897592652178,0.26865475180624215,0.41905548892854017,1.0,144.0
2015/16,2016-04-23,FC Koln,Darmstadt,4,1,275,31,0,0.36503766304069085,0.29964490980035147,0.3353174271589573,0.257807473156665,0.43909638603901757,0.28592907856750643,0.27497453539347616,0.1951119296346744,0.5021403550152519,0.2821826202535277,0.21567702473122047,1.0,144.0
2015/16,2016-04-23,Ingolstadt,Hannover,2,2,276,31,1,0.5633017385173028,0.2729703507004892,0.16372791078220797,0.17205783869286123,0.5596440190012333,0.2835707991339091,0.15678518186485765,0.1688915106281246,0.45366348562188896,0.2807774008433468,0.26555911353476436,1.0,144.0
2015/16,2016-04-23,Hertha,Bayern Munich,0,2,277,31,2,0.14297566347013646,0.2631724260697094,0.593851910460154,0.09269915549079619,0.136547460411793,0.24803429502362404,0.6154182445645829,0.08327416777934855,0.09141422981810332,0.193286103284037,0.7152996668978596,1.0,144.0
2015/16,2016-04-24,Ein Frankfurt,Mainz,2,1,278,31,0,0.29164594484701145,0.3594424830805295,0.3489115720724589,0.311752376288879,0.24699425354857812,0.3371218628416982,0.41588388360972367,0.36998852941758464,0.32454660014591336,0.2670655946704791,0.4083878051836076,1.0,144.0
2015/16,2016-04-24,M'gladbach,Hoffenheim,3,1,279,31,0,0.7556443318631706,0.15100204936018913,0.09335361877664011,0.034212295344645295,0.7940552265874689,0.1271982055232801,0.07874656788925104,0.024307135825137608,0.6286969020540368,0.21182876181518306,0.1594743361307801,1.0,144.0
2015/16,2016-04-29,Augsburg,FC Koln,0,0,280,32,1,0.42622874285702855,0.2890289056688249,0.2847423514741468,0.13137457398025468,0.40913551624767897,0.2808824136940344,0.30998207005828676,0.13174037720643766,0.3701746949650307,0.28683126949044774,0.34299403554452146,1.0,144.0
2015/16,2016-04-30,Hoffenheim,Ingolstadt,2,1,281,32,0,0.6349374974161226,0.21404190072793758,0.15102060185593985,0.07803892648886689,0.6356075318390008,0.21160680680739447,0.1527856613536046,0.07806266458386162,0.49244911359159554,0.2613263296126067,0.24622455679579777,1.0,144.0
2015/16,2016-04-30,Leverkusen,Hertha,2,1,282,32,0,0.46595063217460736,0.30946862418490484,0.22458074364048783,0.167822618844408,0.4090481807281236,0.33202667782528744,0.25892514144658874,0.20813314078693826,0.6053877558735139,0.23462396280265374,0.1599882813238324,1.0,144.0
2015/16,2016-04-30,Mainz,Hamburg,0,0,283,32,1,0.47803721895076295,0.2549397986471257,0.26702298240211114,0.14991042791654896,0.5347436536207643,0.23747452674934075,0.22778181962989508,0.16891766622079496,0.5700023344064364,0.23624193136845073,0.1937557342251128,1.0,144.0
2015/16,2016-04-30,Darmstadt,Ein Frankfurt,1,2,284,32,2,0.42563683848928213,0.33496026408541857,0.2394028974252991,0.37983733536209047,0.3951381472119288,0.32075514983081443,0.2841067029572567,0.33431868406640264,0.3814540665728169,0.2917669497298034,0.3267789836973798,1.0,144.0
2015/16,2016-04-30,Bayern Munich,M'gladbach,1,1,285,32,1,0.41705355523042104,0.3342944420463306,0.2486520027232489,0.11788074319430808,0.353994904031419,0.36817993407227767,0.27782516189630313,0.10124960633146035,0.6573545208585047,0.2088397091853245,0.133805769956171,1.0,144.0
2015/16,2016-04-30,Hannover,Schalke 04,1,3,286,32,2,0.2122359667374791,0.2575881180323841,0.530175915230137,0.13288938810341594,0.185564074664053,0.24054307381557183,0.5738928515203754,0.10800066389568164,0.2263728856025604,0.23505865579354593,0.5385684586038937,1.0,144.0
2015/16,2016-04-30,Dortmund,Wolfsburg,5,1,287,32,0,0.6671358137326828,0.21120127967583288,0.12166290659148418,0.06280021466984573,0.7288235279801011,0.17060006948099024,0.10057640253890887,0.0418261458624138,0.7163552880426852,0.16804910010590388,0.11559561185141091,1.0,144.0
2015/16,2016-05-02,Werder Bremen,Stuttgart,6,2,288,32,0,0.6792349621873349,0.17577869806687008,0.14498633974579506,0.061955624097921776,0.6058261086805462,0.20038440181395015,0.19378948950550343,0.09646371142036216,0.508527082370564,0.24173824358994792,0.24973467403948815,1.0,144.0
2015/16,2016-05-07,Schalke 04,Augsburg,1,1,289,33,1,0.3058719791617586,0.27242229630318504,0.42170572453505634,0.13569669287098407,0.2968843952948585,0.2597703436429975,0.4433452610621441,0.14234768233792722,0.568887872836796,0.22597855456796515,0.20513357259523882,1.0,144.0
2015/16,2016-05-07,M'gladbach,Leverkusen,2,1,290,33,0,0.5159100715859132,0.2886389258554584,0.1954510025586285,0.13627207659656435,0.5410317344703625,0.27522879608839024,0.18373946944124742,0.12220603069691746,0.5507623458396212,0.22693448509132538,0.22230316906905345,1.0,144.0
2015/16,2016-05-07,Stuttgart,Mainz,1,3,291,33,2,0.3756466065768172,0.26489116969306903,0.359462223730114,0.2756995079307245,0.32710639122402513,0.2584869014475128,0.41440670732846224,0.2249590478007492,0.46031343299144645,0.2546669122783846,0.2850196547301689,1.0,144.0
2015/16,2016-05-07,Ingolstadt,Bayern Munich,1,2,292,33,2,0.14612732420707603,0.2914825372844915,0.5623901385084326,0.10642779287729442,0.1438442028704718,0.271409008680569,0.5847467884489594,0.09656319220144743,0.0595936064582198,0.1522328887717764,0.7881735047700038,1.0,144.0
2015/16,2016-05-07,FC Koln,Werder Bremen,0,0,293,33,1,0.3474612870795045,0.2547076103696387,0.39783110255085663,0.13949946608788807,0.4195857953515365,0.2672915364855197,0.31312266816294365,0.13704902248913126,0.3279309121022122,0.24760440080444812,0.4244646870933396,1.0,144.0
2015/16,2016-05-07,Hannover,Hoffenheim,1,0,294,33,0,0.23325339101680478,0.22470703088200913,0.542039578101186,0.44085363330767036,0.2027884359298839,0.20990917244905968,0.5873023916210565,0.49023518854546677,0.34651645070671117,0.25806356723684015,0.3954199820564486,1.0,144.0
2015/16,2016-05-07,Ein Frankfurt,Dortmund,1,0,295,33,0,0.13178208347916145,0.23384203948152316,0.6343758770393154,0.5781175519685933,0.13601612409590097,0.24971488951200646,0.6142689863920923,0.5618972627327192,0.1397803189040375,0.19364822836310336,0.6665714527328591,1.0,144.0
2015/16,2016-05-07,Hertha,Darmstadt,1,2,296,33,2,0.44977051661111483,0.2932827367339957,0.2569467466548896,0.3772108274596911,0.4213026912559396,0.30497954233202645,0.27371776641203366,0.3524909202425112,0.5163088586895928,0.26950187678852366,0.21418926452188347,1.0,144.0
2015/16,2016-05-07,Hamburg,Wolfsburg,0,1,297,33,2,0.3806063963489868,0.3019582442585675,0.3174353593924461,0.3053778587747409,0.3461100904363907,0.28631225468745575,0.3675776548761535,0.25987510865691604,0.37418185101036694,0.276936850182814,0.34888129880681906,1.0,144.0
2015/16,2016-05-14,Mainz,Hertha,0,0,298,34,1,0.40652738499882435,0.32966992036422177,0.26380269463695355,0.11742818822585013,0.47909830417615035,0.30467223267556326,0.21622946314828628,0.1381451828989296,0.4805825569271131,0.2730886953012008,0.2463287477716861,1.0,144.0
2015/16,2016-05-14,Werder Bremen,Ein Frankfurt,1,0,299,34,0,0.6561517886377036,0.22154855137299553,0.12229965998930076,0.06659439964527451,0.5903932078959692,0.2576459869050075,0.15196080519902358,0.09543490522724513,0.5027742004202455,0.2586832957307331,0.2385425038490215,1.0,144.0
2015/16,2016-05-14,Leverkusen,Ingolstadt,3,2,300,34,0,0.6076311987021933,0.2349896887737918,0.15737911252401493,0.08936073064536215,0.5759381755983028,0.24732549023855216,0.17673633416314477,0.10553208136416134,0.5803614738989415,0.23352640259266932,0.18611212350838924,1.0,144.0
2015/16,2016-05-14,Wolfsburg,Stuttgart,3,1,301,34,0,0.5501930212686896,0.23343208962578757,0.2163748891055227,0.1245722053754084,0.5093056890307069,0.24462954627759406,0.2460647646916992,0.15066438762020526,0.4687846386197798,0.22116476178675842,0.3100505995934619,1.0,144.0
2015/16,2016-05-14,Darmstadt,M'gladbach,0,2,302,34,2,0.24262193653927205,0.26047034622287313,0.49690771723785465,0.15598362453244638,0.23680912080388086,0.2495578246676436,0.5136330545284753,0.14631568267160394,0.24509516365570258,0.2482055083721455,0.506699327972152,1.0,144.0
2015/16,2016-05-14,Bayern Munich,Hannover,3,1,303,34,0,0.8183876720160108,0.11721520251566296,0.06439712546832613,0.018565013722173705,0.7921509429663504,0.13902870422529223,0.06882035280835755,0.023968735735222062,0.8886811985494731,0.06821697965139013,0.04310182179913671,1.0,144.0
2015/16,2016-05-14,Augsburg,Hamburg,1,3,304,34,2,0.5930484531894662,0.2629669359588025,0.14398461085173136,0.5422344071445402,0.5861346977842105,0.2532819615982656,0.1605833406175238,0.5240871059977118,0.49773607941839926,0.25402592654255096,0.24823799403904973,1.0,144.0
2015/16,2016-05-14,Dortmund,FC Koln,2,2,305,34,1,0.7444843226940857,0.16060938984283651,0.09490628746307762,0.28163205506864797,0.7096938230468761,0.187637344888235,0.10266883206488867,0.2571031057742295,0.7839541286491161,0.13083346606293658,0.0852124052879474,1.0,144.0
2015/16,2016-05-14,Hoffenheim,Schalke 04,1,4,306,34,2,0.5064492221741825,0.23195462132004757,0.2615961565057698,0.40086552536394304,0.5181541433514971,0.2429074376733299,0.23893841897517287,0.42384922319216656,0.28194257082289453,0.23472730776642897,0.4833301214106764,1.0,144.0
2016/17,2016-08-26,Bayern Munich,Werder Bremen,6,0,1,1,0,0.5778518077341169,0.23837085248343112,0.18377733978245195,0.10599160342543389,0.576524427466956,0.2512666729141513,0.17220889961889257,0.10449373282006966,0.9039568741061278,0.06732920165755987,0.028713924236312298,1.0,144.0
2016/17,2016-08-27,FC Koln,Darmstadt,2,0,2,1,0,0.5253159431127994,0.2555376240442741,0.21914643284292679,0.1366750564453352,0.5124279782700455,0.26777872421044563,0.2197932975195089,0.1430177850041673,0.6361524144391758,0.2262528217635868,0.13759476379723748,1.0,144.0
2016/17,2016-08-27,Hamburg,Ingolstadt,1,1,3,1,1,0.49431370123539176,0.2636670850457787,0.24201921371882928,0.15145966751905632,0.4540009533225983,0.27275360118786157,0.27324544548954005,0.14038996954930266,0.39853300733496333,0.30073349633251834,0.30073349633251834,1.0,144.0
2016/17,2016-08-27,M'gladbach,Leverkusen,2,1,4,1,0,0.4265230161070371,0.27545271792322495,0.2980242659697379,0.20884715708088541,0.45254066141568056,0.27303753307536627,0.27442180550895323,0.18750952737098708,0.38589849314041524,0.27610765424694506,0.33799385261263964,1.0,144.0
2016/17,2016-08-27,Ein Frankfurt,Schalke 04,1,0,5,1,0,0.389130109608475,0.27797886373046526,0.33289102666105996,0.2419892293092041,0.3586628815168552,0.2999650072589733,0.34137211122417155,0.26392410893295565,0.2973168090482493,0.2779448923113945,0.4247382986403561,1.0,144.0
2016/17,2016-08-27,Augsburg,Wolfsburg,0,2,6,1,2,0.38526741063225006,0.2780601005952622,0.3366724887724875,0.29421718242328215,0.3449576920924333,0.2829677679236746,0.37207453998389234,0.2566430963350894,0.3278715775872817,0.28918466577757296,0.3829437566351454,1.0,144.0
2016/17,2016-08-27,Dortmund,Mainz,2,1,7,1,0,0.5407530332514456,0.25090280266165754,0.20834416408689702,0.12715753358840778,0.5768039780950481,0.24111918440263932,0.1820768375023128,0.10612342385551002,0.7596527117797715,0.14961099209097792,0.0907362961292505,1.0,144.0
2016/17,2016-08-28,Hertha,Freiburg,2,1,8,1,0,0.486093722447965,0.2661950990641398,0.24771117848789528,0.16273024502762554,0.4488635679101015,0.2852006837855455,0.2659357483043532,0.18723659450148972,0.4857801996738395,0.2771966111133209,0.2370231892128396,1.0,144.0
2016/17,2016-08-28,Hoffenheim,RB Leipzig,2,2,9,1,1,0.4757658921799283,0.2683916426056301,0.2558424652144418,0.14590427558438296,0.4639683200181806,0.26610048374318396,0.2699311962386355,0.1440647263416568,0.396684384363042,0.2799458369647753,0.32336977867218275,1.0,144.0
2016/17,2016-09-09,Schalke 04,Bayern Munich,0,2,10,2,2,0.31917113825219007,0.2734722252804197,0.4073566364673905,0.2265481859162219,0.2921473896617542,0.296571253785587,0.4112813565526587,0.2159698692143273,0.0865506953889352,0.16112402930724345,0.7523252753038213,1.0,144.0
2016/17,2016-09-10,Wolfsburg,FC Koln,0,0,11,2,1,0.47083094581909396,0.2785878271122652,0.250581227068641,0.14223636545006418,0.48140171123934133,0.28198333659537433,0.236614952165284,0.14386712158617299,0.5366210489218476,0.25309704111520137,0.210281909962951,1.0,144.0
2016/17,2016-09-10,RB Leipzig,Dortmund,1,0,12,2,0,0.37263551092144254,0.27747026276955983,0.34989422630899775,0.25800608588058577,0.3262863698857369,0.27531332193719854,0.3984003081770643,0.3063064304786591,0.1763991518659439,0.22189576569562172,0.6017050824384343,1.0,144.0
2016/17,2016-09-10,Leverkusen,Hamburg,3,1,13,2,0,0.534722429514026,0.26030409997729637,0.20497347050867726,0.1292486706048511,0.5469616330848873,0.25564122991696003,0.1973971369981525,0.12210469579608986,0.6288072674790282,0.22143100164047047,0.14976173088050138,1.0,144.0
2016/17,2016-09-10,Darmstadt,Ein Frankfurt,1,0,14,2,0,0.34000048111950526,0.2804933162892039,0.3795062025912906,0.2898121613638733,0.3836951341355689,0.29436480719147057,0.32194005867296055,0.24173854453326188,0.29978586723768735,0.2883234664315405,0.41189066633077215,1.0,144.0
2016/17,2016-09-10,Freiburg,M'gladbach,3,1,15,2,0,0.34482477465694733,0.2795518213562843,0.37562340398676847,0.2851737587629634,0.31773122003051146,0.2788994168772832,0.4033693630922052,0.31409876560123284,0.25588321305281697,0.2613420549312771,0.482774732015906,1.0,144.0
2016/17,2016-09-10,Ingolstadt,Hertha,0,2,16,2,2,0.40597760837086266,0.28849883996347425,0.305523551665663,0.32355767789480017,0.4365766642051203,0.293061917876083,0.2703614179187971,0.3614858220949696,0.4102215003718187,0.31124742409163386,0.2785310755365474,1.0,144.0
2016/17,2016-09-11,Mainz,Hoffenheim,4,4,17,2,1,0.4935046949541015,0.25507836283453833,0.25141694221136013,0.15337868138632557,0.509080112691975,0.25341286814759284,0.23750701916043238,0.15778607264447392,0.4895907754166182,0.26251516108129663,0.24789406350208515,1.0,144.0
2016/17,2016-09-11,Werder Bremen,Augsburg,1,2,18,2,2,0.4145285794778175,0.284089899014827,0.30138152150735537,0.3299508608476375,0.44365911715726636,0.2804063412241884,0.275934541618545,0.36055210012895555,0.40151492559568186,0.27832284615155223,0.3201622282527659,1.0,144.0
2016/17,2016-09-16,FC Koln,Freiburg,3,0,19,3,0,0.4974323654904793,0.2759396178391867,0.22662801667033436,0.15196724259821218,0.490719595277674,0.28743244556559716,0.22184795915672878,0.15429152380807093,0.564507704361452,0.24804126403760773,0.18745103160094018,1.0,144.0
2016/17,2016-09-17,Bayern Munich,Ingolstadt,3,1,20,3,0,0.6038094879495335,0.23295326527465607,0.16323724677581045,0.09180666028687884,0.5845366938748578,0.25004273634253926,0.16542056978260314,0.09998686182181729,0.85419947696686,0.1092691210802991,0.0365314019528408,1.0,144.0
2016/17,2016-09-17,Ein Frankfurt,Leverkusen,2,1,21,3,0,0.4112260336511212,0.2837204114938611,0.30505355485501756,0.219856227389937,0.36107840614739306,0.2945227917809349,0.34439880207167195,0.2634156689797792,0.25987261146496815,0.25987261146496815,0.48025477707006364,1.0,144.0
2016/17,2016-09-17,Dortmund,Darmstadt,6,0,22,3,0,0.6314827721321312,0.21974709331699416,0.1487701345508745,0.07896875008485203,0.6718991670685165,0.19984169621520254,0.12825913671628084,0.062050281360769455,0.8322664463386935,0.11513181789913932,0.052601735762167014,1.0,144.0
2016/17,2016-09-17,Hoffenheim,Wolfsburg,0,0,23,3,1,0.4125793355418001,0.2769480764320405,0.3104725880261594,0.13330746801588728,0.3954172166429247,0.2775646539982907,0.327018129358785,0.1316478160734782,0.3430119400669944,0.263006474153245,0.39398158577976056,1.0,144.0
2016/17,2016-09-17,Hamburg,RB Leipzig,0,4,24,3,2,0.39853177953279645,0.286135115896107,0.3153331045710967,0.3137981684969153,0.3757004783335246,0.28443811661024737,0.33986140505622753,0.28846690697718824,0.35419975814002863,0.2877223841782637,0.35807785768170775,1.0,144.0
2016/17,2016-09-17,M'gladbach,Werder Bremen,4,1,25,3,0,0.5384943714217804,0.2555116423951386,0.20599398618308112,0.1277104837764865,0.5576765592080558,0.2490074792269599,0.1933159615649841,0.11651054363490952,0.668431945345782,0.19079513779772808,0.1407729168564899,1.0,144.0
2016/17,2016-09-18,Augsburg,Mainz,1,3,26,3,2,0.4611910928539955,0.2706307466630786,0.2681781604829259,0.37413021446100847,0.40148544687092497,0.28567835629125077,0.312836196837824,0.31669232821272586,0.408379065720787,0.2891179226341855,0.3025030116450274,1.0,144.0
2016/17,2016-09-18,Hertha,Schalke 04,2,0,27,3,0,0.43490890406526694,0.2872186637574852,0.27787243217724833,0.19827051763440845,0.40980248846719314,0.29948845066519225,0.29070906086761483,0.21642243034502406,0.34017865609649706,0.28730631365334647,0.37251503025015653,1.0,144.0
2016/17,2016-09-20,Ingolstadt,Ein Frankfurt,0,2,28,4,2,0.4265362796693464,0.28793687483286334,0.28552684549779006,0.34620254318925264,0.4602319611452554,0.2905579306716125,0.2492101081831322,0.387749459856996,0.4901106400850472,0.28086569632380926,0.22902366359114354,1.0,144.0
2016/17,2016-09-20,Wolfsburg,Dortmund,1,5,29,4,2,0.37445249734306213,0.28252217414087955,0.3430253285160587,0.28591519586894454,0.34477840495377315,0.28916817970756,0.36605341533866675,0.2603802103631184,0.2036823358250138,0.23326477031388482,0.5630528938611014,1.0,144.0
2016/17,2016-09-20,Darmstadt,Hoffenheim,1,1,30,4,1,0.2954352795900288,0.26521597597410806,0.439348744435863,0.14015466183190395,0.3302235969817754,0.26594485804178497,0.4038315449764396,0.13606377036082007,0.26094102256767476,0.25093049740523204,0.48812848002709314,1.0,144.0
2016/17,2016-09-20,Freiburg,Hamburg,1,0,31,4,0,0.4883025805866016,0.27005773688366513,0.24163968252973322,0.16011199260370085,0.5000453913018977,0.27004313464943985,0.22991147404866238,0.15140694832885065,0.45398932617057036,0.2809790672001238,0.2650316066293059,1.0,144.0
2016/17,2016-09-21,Werder Bremen,Mainz,1,2,32,4,2,0.39293427764146815,0.26249789723682176,0.34456782512171025,0.29199434120565376,0.3800999699174015,0.26451619539950355,0.35538383468309537,0.2800029938595405,0.30152891965959905,0.2648564834847829,0.4336145968556181,1.0,144.0
2016/17,2016-09-21,Schalke 04,FC Koln,1,3,33,4,2,0.48769920451407966,0.2480557665182734,0.2642450289676467,0.3895929457412424,0.45069053954017896,0.2741566555402655,0.27515280491955546,0.3642627093235028,0.4299917149958575,0.28666114333057163,0.28334714167357083,1.0,144.0
2016/17,2016-09-21,Bayern Munich,Hertha,3,0,34,4,0,0.5224719528593829,0.26812348164347344,0.20940456549714365,0.1359416539284895,0.5466133792179986,0.27772337069967235,0.17566325008232908,0.11820850266680463,0.8526127359340067,0.10846290335443669,0.03892436071155647,1.0,144.0
2016/17,2016-09-21,Leverkusen,Augsburg,0,0,35,4,1,0.5737868414450518,0.2510339120627614,0.17517924649218702,0.17995955390852966,0.5776783163154238,0.2474542599680596,0.1748674237165166,0.18214542650913726,0.6581526500750837,0.19972453128551418,0.14212281863940213,1.0,144.0
2016/17,2016-09-21,RB Leipzig,M'gladbach,1,1,36,4,1,0.43992140707537725,0.2661005527557149,0.2939780401689079,0.1399769662523659,0.4291514204614075,0.26710846626815316,0.30374011327043965,0.13821449904679153,0.43821982390550884,0.27807716871057786,0.28370300738391324,1.0,144.0
2016/17,2016-09-23,Dortmund,Freiburg,3,1,37,5,0,0.5769657987615904,0.24139279958409338,0.18164140165431614,0.10597576710618194,0.6014484682147415,0.23769185551666852,0.16085967626858982,0.09235957946880574,0.8009889836583617,0.1338639123374248,0.06514710400421342,1.0,144.0
2016/17,2016-09-24,Augsburg,Darmstadt,1,0,38,5,0,0.5387189802363924,0.27449906231610793,0.1867819574474996,0.12383383941103664,0.546706177454313,0.2680728854339564,0.18522093711173038,0.11989104255131419,0.5932789288292821,0.24908657317259938,0.15763449799811843,1.0,144.0
2016/17,2016-09-24,Hamburg,Bayern Munich,0,1,39,5,2,0.22498131538212865,0.23662581132930677,0.5383928732885644,0.13184886585093003,0.2262532688315993,0.25489752974160157,0.518849201426799,0.14134831631230643,0.06077893641986657,0.1346474380220638,0.8045736255580697,1.0,144.0
2016/17,2016-09-24,Ein Frankfurt,Hertha,3,3,40,5,1,0.4484947738670859,0.29169943017215216,0.25980579596076203,0.1343233069004468,0.42062028721824135,0.30511090226879933,0.2742688105129597,0.12607240321987473,0.41189066633077215,0.29978586723768735,0.2883234664315405,1.0,144.0
2016/17,2016-09-24,Werder Bremen,Wolfsburg,2,1,41,5,0,0.3958951779677013,0.2615021270350765,0.34260269499722207,0.24115962131101742,0.3627424550708922,0.2651060837635905,0.37215146116551756,0.27229694430835166,0.24730046948356812,0.2530516431924883,0.4996478873239438,1.0,144.0
2016/17,2016-09-24,Mainz,Leverkusen,2,3,42,5,2,0.43427865365035345,0.2705562995891757,0.29516504676047106,0.34269513016226644,0.4105006216963064,0.2717928435715581,0.3177065347321357,0.31701756658014235,0.2919913280528903,0.26805761263871897,0.43995105930839085,1.0,144.0
2016/17,2016-09-24,M'gladbach,Ingolstadt,2,0,43,5,0,0.47791470833802996,0.29426294048611396,0.2278223511758562,0.1622380377325297,0.5314775590716991,0.2668119620648589,0.20171047886344212,0.13010019746836612,0.4841306119204245,0.29105471311882664,0.2248146749607489,1.0,144.0
2016/17,2016-09-25,FC Koln,RB Leipzig,1,1,44,5,1,0.4395631835287347,0.2671289215959874,0.29330789487527775,0.13962265675504157,0.4024677004815087,0.2822150806812846,0.31531721883720665,0.13070259921305213,0.41226747109100054,0.2885872297637004,0.29914529914529914,1.0,144.0
2016/17,2016-09-25,Hoffenheim,Schalke 04,2,1,45,5,0,0.4129085140485015,0.26967384239282205,0.31741764355867613,0.22271518665954076,0.43194791427644347,0.2672298538143415,0.3008222319092151,0.20658859365286214,0.3321917808219178,0.25256849315068497,0.41523972602739734,1.0,144.0
2016/17,2016-09-30,RB Leipzig,Augsburg,2,1,46,6,0,0.5735538488050222,0.2595764610838594,0.16686969011111896,0.10485090667339525,0.6006799636440532,0.24031301639654482,0.1590070199594022,0.09236986191584218,0.5519983389263629,0.2572138856777293,0.19078777539590794,1.0,144.0
2016/17,2016-10-01,Leverkusen,Dortmund,2,0,47,6,0,0.4972502608479576,0.2595643631938942,0.24318537595814804,0.15594821364867625,0.4736700625602752,0.2596055112539249,0.26672442618579995,0.1740825612847244,0.29152165864494634,0.2570899666790078,0.451388374676046,1.0,144.0
2016/17,2016-10-01,Hertha,Hamburg,2,0,48,6,0,0.5180259694021746,0.29026192148913726,0.1917121091086883,0.13452624947480754,0.48411859799273005,0.3048672370961547,0.21101416491111546,0.1553302993650609,0.46644173996867094,0.285576575491023,0.24798168454030603,1.0,144.0
2016/17,2016-10-01,Ingolstadt,Hoffenheim,1,2,49,6,2,0.41227515514019314,0.3016130589963501,0.28611178586345687,0.3398035929144667,0.4589990640786869,0.2801754304006437,0.26082550552066935,0.37852953705694226,0.4602821083890126,0.2761692650334076,0.2635486265775798,1.0,144.0
2016/17,2016-10-01,Darmstadt,Werder Bremen,2,2,50,6,1,0.25155894685424723,0.25948442224947205,0.4889566308962805,0.15118024531992985,0.2849287369946971,0.2775080897018424,0.4375631733034608,0.13632295789839374,0.3223720259284248,0.27762350108283607,0.40000447298873926,1.0,144.0
2016/17,2016-10-01,Bayern Munich,FC Koln,1,1,51,6,1,0.631618526571566,0.22653810031444166,0.14184337311399248,0.20953075280239564,0.6391643672390728,0.2350892389061244,0.1257463938548026,0.21217162195780573,0.7967785166043617,0.14328034728411768,0.05994113611152078,1.0,144.0
2016/17,2016-10-01,Freiburg,Ein Frankfurt,1,0,52,6,0,0.40969834939447664,0.30918070338438014,0.2811209472211433,0.2137425128370591,0.4557763608340584,0.29298670875213356,0.2512369304138084,0.17964968231538683,0.408020652512574,0.27507010281746563,0.3169092446699604,1.0,144.0
2016/17,2016-10-02,Schalke 04,M'gladbach,4,0,53,6,0,0.5142062348545092,0.2451489355175484,0.240644829627942,0.14695275814044684,0.4530143905524743,0.2796013730367927,0.2673842364107328,0.18534379341181595,0.4063840932648262,0.276662617166167,0.3169532895690069,1.0,144.0
2016/17,2016-10-02,Wolfsburg,Mainz,0,0,54,6,1,0.4909311099087082,0.27394034259368166,0.23512854749761025,0.14814939426226603,0.43636150276213287,0.294324106792266,0.2693143904456011,0.1314708009969563,0.5108426601835347,0.267252835845337,0.2219045039711282,1.0,144.0
2016/17,2016-10-14,Dortmund,Hertha,1,1,55,7,1,0.5676580586745383,0.25311030559048836,0.17923163573497325,0.17717982541318986,0.5768644081553838,0.2489179861176632,0.1742176057269532,0.18156215977084664,0.6906482465462274,0.18297024442082888,0.12638150903294368,1.0,144.0
2016/17,2016-10-15,Werder Bremen,Leverkusen,2,1,56,7,0,0.31595148998843453,0.23298792706502047,0.4510605829465453,0.33568900676855984,0.30804334284546125,0.24279881217925411,0.4491578449752846,0.3402733925416629,0.18960492669727252,0.20901012175370978,0.6013849515490177,1.0,144.0
2016/17,2016-10-15,Hoffenheim,Freiburg,2,1,57,7,0,0.5639177153010414,0.22562357304974798,0.21045871164921093,0.11723031416865458,0.504809171474905,0.24980773737503845,0.24538309115005635,0.1527134090388635,0.4802530208417809,0.259184169978104,0.26056280918011515,1.0,144.0
2016/17,2016-10-15,FC Koln,Ingolstadt,2,1,58,7,0,0.5553026787997364,0.2735400919362489,0.17115722926401475,0.11352525230601244,0.5235616826666393,0.284000095065684,0.19243822226767665,0.13201296980649393,0.5214508297702731,0.2792956011305167,0.19925356909921008,1.0,144.0
2016/17,2016-10-15,Augsburg,Schalke 04,1,1,59,7,1,0.4122891031118342,0.2945445654769094,0.29316633141125686,0.12796440120894764,0.3557002645116865,0.30927116527214804,0.3350285702161655,0.11938341051738595,0.27218449765593794,0.2699350389976244,0.4578804633464376,1.0,144.0
2016/17,2016-10-15,M'gladbach,Hamburg,0,0,60,7,1,0.5363418809150512,0.280809974379815,0.18284814470513375,0.16054802862280226,0.5738204687758702,0.25739669755857,0.16878283366555977,0.17887878766316775,0.5722951738251273,0.23468219358296588,0.19302263259190683,1.0,144.0
2016/17,2016-10-15,Ein Frankfurt,Bayern Munich,2,2,61,7,1,0.2470316833563506,0.28920318020713254,0.4637651364365169,0.13805137717792668,0.2383889915631025,0.30641435430332264,0.45519665413357496,0.13201665261643714,0.08492605502142493,0.1611918873268493,0.7538820576517259,1.0,144.0
2016/17,2016-10-16,Wolfsburg,RB Leipzig,0,1,62,7,2,0.3836040969336566,0.32433924022899785,0.2920566628373452,0.324167935908641,0.3703151389368743,0.3059671823431647,0.3237176787199609,0.2972455401008772,0.4034585035536404,0.28920476803402545,0.3073367284123343,1.0,144.0
2016/17,2016-10-16,Mainz,Darmstadt,2,1,63,7,0,0.554446805913641,0.2586312212541666,0.18692197283219236,0.11672873634401776,0.5705113865495461,0.25190048194692677,0.17758813150352704,0.10799900676725369,0.6006689248205194,0.24538605199434751,0.15394502318513312,1.0,144.0
2016/17,2016-10-21,Hamburg,Ein Frankfurt,0,3,64,8,2,0.27840008387462073,0.27057073240713503,0.4510291837182442,0.1894377819152265,0.31011482294940546,0.2808042337354631,0.4090809433151311,0.222678267483138,0.396500538580774,0.2855266269080209,0.3179728345112051,1.0,144.0
2016/17,2016-10-22,Leverkusen,Hoffenheim,0,3,65,8,2,0.5581275675412066,0.23177033309060877,0.21010209936818489,0.4677225375360068,0.5295517129337619,0.24305413481515883,0.22739415225107945,0.43867240632345494,0.6210936970250391,0.21855858380836568,0.1603477191665951,1.0,144.0
2016/17,2016-10-22,Ingolstadt,Dortmund,3,3,66,8,1,0.2712057840168041,0.23421858120240208,0.4945756347807942,0.15907881790149728,0.27412966765818053,0.2335202696301149,0.49235006271170456,0.15877782947130198,0.1777421462082072,0.22400380070075424,0.5982540530910387,1.0,144.0
2016/17,2016-10-22,Hertha,FC Koln,2,1,67,8,0,0.35686226273274085,0.2836325139823479,0.359505223284911,0.27143507733319194,0.35702444509496,0.2871143572120661,0.3558611976929742,0.270027378114461,0.3540807174887893,0.29811659192825113,0.34780269058295965,1.0,144.0
2016/17,2016-10-22,Freiburg,Augsburg,2,1,68,8,0,0.4204812163012791,0.3158688274065058,0.263649956292215,0.2026766600562659,0.42514120096650576,0.3132590633945342,0.26159973563896044,0.19944853025630258,0.45383385236932916,0.2908846056729231,0.2552815419577477,1.0,144.0
2016/17,2016-10-22,Bayern Munich,M'gladbach,2,0,69,8,0,0.4528164529562542,0.26743507521749926,0.2797484718262464,0.18883452082224772,0.47861081232469027,0.26790858874269163,0.25348059893261793,0.16804954952997908,0.8234279397294221,0.12067478427069118,0.0558972759998866,1.0,144.0
2016/17,2016-10-22,Darmstadt,Wolfsburg,3,1,70,8,0,0.25538977943596247,0.24544198317406235,0.49916823738997534,0.4018066548937196,0.2829417738587634,0.2771090170608041,0.4399492090804326,0.35386390312365745,0.20325013969081765,0.2524911529148818,0.5442587073943007,1.0,144.0
2016/17,2016-10-23,RB Leipzig,Werder Bremen,3,1,71,8,0,0.6091884786059795,0.22873777596691372,0.16207374542710704,0.0895007721055398,0.566841293964389,0.23698915035429496,0.19616955568131603,0.11305447959532493,0.6047599301825476,0.225739881773209,0.16950018804424344,1.0,144.0
2016/17,2016-10-23,Schalke 04,Mainz,3,0,72,8,0,0.5072561492014115,0.2836806080296511,0.20906324276893742,0.14325197098844267,0.4917764638965389,0.29306336975039377,0.21516016635306753,0.15229252991729278,0.5164356497254242,0.26306373578506864,0.22050061448950697,1.0,144.0
2016/17,2016-10-28,M'gladbach,Ein Frankfurt,0,0,73,9,1,0.412404126586889,0.31064288310888394,0.2769529903042267,0.12339006123217403,0.45986727455674165,0.2933154038236984,0.24681732161956008,0.13619835022984944,0.49227316033394153,0.29242495195956525,0.2153018877064931,1.0,144.0
2016/17,2016-10-29,Darmstadt,RB Leipzig,0,2,74,9,2,0.29016482840886687,0.2422120086498088,0.4676231629413241,0.18381036214107344,0.2877327227465161,0.27005630823855387,0.44221096901493034,0.19695936141319342,0.18783672280735814,0.24210066495170604,0.5700626122409357,1.0,144.0
2016/17,2016-10-29,Wolfsburg,Leverkusen,1,2,75,9,2,0.4100384240910322,0.2811780356057348,0.30878354030323296,0.3229558516933947,0.3874137377934137,0.28202362121574115,0.33056264099084504,0.299117890934108,0.37265403483505105,0.2722444754489401,0.35510148971600886,1.0,144.0
2016/17,2016-10-29,Werder Bremen,Freiburg,1,3,76,9,2,0.46306837353913677,0.2750417686645741,0.2618898577962893,0.37961945029808186,0.46631859777340273,0.2680758960885285,0.26560550613806844,0.3783941536220373,0.441952506596306,0.2651715039577836,0.29287598944591026,1.0,144.0
2016/17,2016-10-29,Augsburg,Bayern Munich,1,3,77,9,2,0.20580301618379696,0.26484468329423505,0.5293523005219679,0.13193206924715606,0.21080509371150413,0.2731724253007868,0.5160224809877092,0.13933651322200422,0.06023340823887625,0.13648990975578226,0.8032766820053415,1.0,144.0
2016/17,2016-10-29,Dortmund,Schalke 04,0,0,78,9,1,0.5214744272417358,0.237924729422733,0.24060084333553114,0.1649121720404326,0.5484685549282943,0.24344249919168925,0.20808894588001625,0.17205938257129388,0.6135311016005159,0.2157472005628188,0.1707216978366653,1.0,144.0
2016/17,2016-10-29,Mainz,Ingolstadt,2,0,79,9,0,0.53800219935034,0.2519316244104562,0.21006617623920357,0.1287848831024416,0.5088764856611988,0.25496769004166336,0.23615582429713772,0.14848593984297764,0.4398286279876652,0.2972175273977253,0.26295384461460947,1.0,144.0
2016/17,2016-10-30,Hoffenheim,Hertha,1,0,80,9,0,0.5224986682811009,0.261012312427615,0.21648901929128445,0.13743750863351203,0.5583173540345249,0.24830498138654591,0.1933776645789293,0.11623924045253205,0.47564859935208126,0.2691857457871668,0.25516565486075193,1.0,144.0
2016/17,2016-10-30,FC Koln,Hamburg,3,0,81,9,0,0.6964716799755112,0.19065572723415922,0.11287259279032964,0.05243483163005003,0.6308098203255142,0.2258943382673451,0.14329584140714088,0.07841754346632974,0.5909860251935952,0.23869508560130606,0.1703188892050986,1.0,144.0
2016/17,2016-11-04,Hertha,M'gladbach,3,0,82,10,0,0.3298073796463169,0.3185609636672922,0.3516316566863912,0.2864014851802759,0.3107464236722272,0.3223779924258557,0.3668755839019171,0.30483409327199873,0.32669811536439086,0.30064243745189345,0.37265944718371585,1.0,144.0
2016/17,2016-11-05,Freiburg,Wolfsburg,0,3,83,10,2,0.4422047756485525,0.2629254516977251,0.29486977265372233,0.34637685056189993,0.41448393027926517,0.2715039939898901,0.3140120757308446,0.3211881803514256,0.3827478694658075,0.28734150904177924,0.3299106214924132,1.0,144.0
2016/17,2016-11-05,Ein Frankfurt,FC Koln,1,0,84,10,0,0.4849816151247289,0.2797017811372145,0.23531660373805655,0.16030892037717318,0.44011442611084917,0.30851865478147417,0.25136691910767667,0.18832859193543453,0.3687895177877657,0.3009141464157843,0.33029633579645007,1.0,144.0
2016/17,2016-11-05,Bayern Munich,Hoffenheim,1,1,85,10,1,0.6364108865985587,0.2027230326111069,0.16086608079033438,0.21544835626500297,0.6383056078468077,0.20340893549684838,0.15828545665634405,0.21624416739879498,0.8322533329314727,0.10768190053280019,0.060064766535727065,1.0,144.0
2016/17,2016-11-05,Ingolstadt,Augsburg,0,2,86,10,2,0.41514695088294357,0.27647939639563557,0.30837365272142075,0.3253469975386574,0.4355629474952703,0.2884304154015783,0.27600663710315143,0.3569407353747278,0.3954445746566904,0.30646954535893506,0.2980858799843745,1.0,144.0
2016/17,2016-11-05,Leverkusen,Darmstadt,3,2,87,10,0,0.6348630247480433,0.22503499846685043,0.14010197678510614,0.07647678729762121,0.6353228157907874,0.22477092526182726,0.13990625894738526,0.07628160498770639,0.7091644616324039,0.19076938733971097,0.1000661510278852,1.0,144.0
2016/17,2016-11-05,Hamburg,Dortmund,2,5,88,10,2,0.18659144839759045,0.21375546021301284,0.5996530913893967,0.0975470079245887,0.2094688469218185,0.22734183023293902,0.5631893228452425,0.11734038275357701,0.14255949559594427,0.2112333171303346,0.6462071872737212,1.0,144.0
2016/17,2016-11-06,RB Leipzig,Mainz,3,1,89,10,0,0.4421807046919896,0.2929305485361994,0.2648887467718112,0.19066420719213295,0.4214835039156473,0.301842401372868,0.27667409471148485,0.20561494546306827,0.6124418890273747,0.2372656228677481,0.15029248810487725,1.0,144.0
2016/17,2016-11-06,Schalke 04,Werder Bremen,3,1,90,10,0,0.5457084982069227,0.25477328325161513,0.19951821854146246,0.1230941440656841,0.5142127696430053,0.2563573887577389,0.22942984159925559,0.14431364269708968,0.6229751252945629,0.22078350941590608,0.15624136528953095,1.0,144.0
2016/17,2016-11-18,Leverkusen,RB Leipzig,2,3,91,11,2,0.44731666175882756,0.2795144470112471,0.27316889122992505,0.36418782828149876,0.32366365807092135,0.2892589391571497,0.3870774027719288,0.2402161368743272,0.41892975653543074,0.2858004753040547,0.2952697681605144,1.0,144.0
2016/17,2016-11-19,M'gladbach,FC Koln,1,2,92,11,2,0.3421951198766699,0.28589714625509016,0.3719077338682399,0.25579869742096906,0.40399913640142404,0.28863678693397055,0.30736407666460547,0.3214799122538855,0.47124538499860097,0.28247561982625075,0.24627899517514823,1.0,144.0
2016/17,2016-11-19,Wolfsburg,Schalke 04,0,1,93,11,2,0.3843778676388774,0.29357665074084527,0.32204548162027724,0.30368433706104603,0.4592527705886812,0.2724731756939264,0.26827405371739244,0.37316798387827865,0.3924665856622115,0.2868907789928446,0.32064263534494397,1.0,144.0
2016/17,2016-11-19,Mainz,Freiburg,4,2,94,11,0,0.5072545875434251,0.2895806452528875,0.20316476720368745,0.1420369820649643,0.5258704528914324,0.28560637469918365,0.1885231724093841,0.13016990698833686,0.46210122581947527,0.27595904189782755,0.2619397322826972,1.0,144.0
2016/17,2016-11-19,Dortmund,Bayern Munich,1,0,95,11,0,0.30336674772045036,0.28166675109001776,0.41496650118953193,0.3287475426455322,0.37767064808027234,0.2946186098259626,0.32771074209376483,0.24734407637223726,0.26908146412388306,0.2774664389266103,0.45345209694950667,1.0,144.0
2016/17,2016-11-19,Darmstadt,Ingolstadt,0,1,96,11,2,0.4137674884579108,0.2769675030825357,0.3092650084595535,0.32415918152157397,0.4036643415277307,0.27340916556907385,0.3229264929031951,0.3106867173166915,0.33476795119751096,0.3046180425492879,0.3606140062532011,1.0,144.0
2016/17,2016-11-19,Augsburg,Hertha,0,0,97,11,1,0.35894170646408935,0.289560287916308,0.35149800561960265,0.12619499829695535,0.35988848857746586,0.29936412679996904,0.3407473846225653,0.12281425216884553,0.37105359765051393,0.31497797356828194,0.31396842878120407,1.0,144.0
2016/17,2016-11-20,Werder Bremen,Ein Frankfurt,1,2,98,11,2,0.40474709992159896,0.26186434028645406,0.33338855979194704,0.3040955135555997,0.3883274207869776,0.2685447951364805,0.34312778407654193,0.29113964689363026,0.38010152284263954,0.27939086294416243,0.3405076142131979,1.0,144.0
2016/17,2016-11-20,Hoffenheim,Hamburg,2,2,99,11,1,0.727732886326146,0.1728291808018524,0.09943793287200207,0.26974152816722,0.6969947365829066,0.18353390769429592,0.11947135572279773,0.25003753383125926,0.6463164414850374,0.20595408617552557,0.14772947233943712,1.0,144.0
2016/17,2016-11-25,Freiburg,RB Leipzig,1,4,100,12,2,0.2918958019606018,0.27370698921659786,0.43439720882280014,0.2025548382948309,0.29127952986761874,0.27583977014803895,0.4328806999843427,0.20323403248507527,0.24602859610914146,0.26681030313743415,0.4871611007534245,1.0,144.0
2016/17,2016-11-26,Ingolstadt,Wolfsburg,1,1,101,12,1,0.32317633215993496,0.26331540235988693,0.41350826548017805,0.13771601364438701,0.3245983201184745,0.27890810890860074,0.3964935709729249,0.13128561062329866,0.32141575537801953,0.29263225489640576,0.38595198972557454,1.0,144.0
2016/17,2016-11-26,M'gladbach,Hoffenheim,1,1,102,12,1,0.42662254215521517,0.28713017368894084,0.28624728415584416,0.13197215058078743,0.48526120428333774,0.2810889739703509,0.23364982174631133,0.14503533779229918,0.5182627623542216,0.25180375857313075,0.22993347907264758,1.0,144.0
2016/17,2016-11-26,Hamburg,Werder Bremen,2,2,103,12,1,0.3237775238268835,0.27454163171425067,0.40168084445886626,0.13308969287032782,0.35613418225760596,0.2738510954487748,0.3700147222936194,0.13187122524315892,0.4103567759444123,0.27017980564935135,0.3194634184062363,1.0,144.0
2016/17,2016-11-26,Bayern Munich,Leverkusen,2,1,104,12,0,0.6605200613140116,0.20967569059845198,0.12980424808753632,0.06604788579590655,0.6450104179203605,0.22684775436259608,0.1281418277170434,0.07121896569787076,0.7601708180726736,0.1594504642786584,0.08037871764866797,1.0,144.0
2016/17,2016-11-26,Ein Frankfurt,Dortmund,2,1,105,12,0,0.4443672452167315,0.27960560117684113,0.27602715360642743,0.19245937385805498,0.3409174015467778,0.28339899699607635,0.37568360145714597,0.2877640199938315,0.18773106084341123,0.22896171439313237,0.5833072247634563,1.0,144.0
2016/17,2016-11-26,FC Koln,Augsburg,0,0,106,12,1,0.48293188964179856,0.2958027327220878,0.22126537763611376,0.14109078868672514,0.5177088843258437,0.27454329909395714,0.2077478165801994,0.15559082210187494,0.5265880897727138,0.27984395627921355,0.19356795394807266,1.0,144.0
2016/17,2016-11-27,Hertha,Mainz,2,1,107,12,0,0.5070471950943128,0.25956663715903866,0.23338616774664855,0.1487357855799256,0.482343929414906,0.27560686776053916,0.24204920282455478,0.16327781200080116,0.5022766626050151,0.2751234528313987,0.22259988456358623,1.0,144.0
2016/17,2016-11-27,Schalke 04,Darmstadt,3,1,108,12,0,0.5762168927936682,0.25733054968937236,0.1664525575169596,0.10364928792869503,0.5902362891020884,0.25062118714408504,0.1591425237538264,0.09661632081778229,0.711945691093793,0.19340256962784136,0.09465173927836552,1.0,144.0
2016/17,2016-12-02,Mainz,Bayern Munich,1,3,109,13,2,0.19977860153472993,0.22080804494176376,0.5794133535235064,0.10840230841275773,0.19780748843999577,0.2260298111488825,0.5761627004111216,0.10938292950286581,0.07643190090032564,0.14711704233446138,0.7764510567652129,1.0,144.0
2016/17,2016-12-03,Wolfsburg,Hertha,2,3,110,13,2,0.44579408208473653,0.2631787634423603,0.29102715447290334,0.35068742965828076,0.49122787240549376,0.26272010323105915,0.2460520243634469,0.40487118629724217,0.4247844395428113,0.29645077200721875,0.27876478844996994,1.0,144.0
2016/17,2016-12-03,RB Leipzig,Schalke 04,2,1,111,13,0,0.532661325167015,0.2767579686807809,0.19058070615220388,0.1273632212760616,0.565016919217624,0.25355263108714715,0.181430449695229,0.11106364432177002,0.4975389009802103,0.26853469450164774,0.23392640451814184,1.0,144.0
2016/17,2016-12-03,Werder Bremen,Ingolstadt,2,1,112,13,0,0.4243384232651156,0.25458529863603657,0.3210762780988479,0.21723811364335094,0.41406913567730114,0.2583398562628008,0.3275910080598977,0.22531542316382253,0.40853669818127997,0.27619382412255544,0.3152694776961646,1.0,144.0
2016/17,2016-12-03,Hoffenheim,FC Koln,4,0,113,13,0,0.530539403360302,0.2601989876668583,0.2092616089728398,0.13209183639360142,0.5157051914241979,0.2676249294114329,0.21666987916436917,0.14074364907528758,0.47388719486227276,0.2588249322862545,0.26728787285147265,1.0,144.0
2016/17,2016-12-03,Dortmund,M'gladbach,4,1,114,13,0,0.5992000969721506,0.23061703212301268,0.17018287090483708,0.09480138590827292,0.5603732982477977,0.2490925990196143,0.19053410273258808,0.11478744059881611,0.6581479090675771,0.19931715132331093,0.1425349396091119,1.0,144.0
2016/17,2016-12-03,Leverkusen,Freiburg,1,1,115,13,1,0.5217833581081099,0.24534264834430566,0.23287399354758434,0.16324408483468825,0.5646393858250656,0.23594212452632465,0.19941848964861,0.17929268501931997,0.65789045263932,0.21496859088433923,0.12714095647634072,1.0,144.0
2016/17,2016-12-04,Augsburg,Ein Frankfurt,1,1,116,13,1,0.3312964979702961,0.3423003914193702,0.32640311061033367,0.1081481800917421,0.32028574614657634,0.34275204290043765,0.3369622109529863,0.10806324539749687,0.3464178076128084,0.3257017925396172,0.32788039984757444,1.0,144.0
2016/17,2016-12-04,Darmstadt,Hamburg,0,2,117,13,2,0.4629175424560462,0.26987159143804035,0.2672108661059136,0.37563628293339546,0.44255679155186983,0.27881434763910695,0.27862886080902355,0.35811641710318637,0.34499640469378706,0.2987163991860839,0.35628719612012916,1.0,144.0
2016/17,2016-12-09,Ein Frankfurt,Hoffenheim,0,0,118,14,1,0.47215194599850324,0.27989701959708363,0.24795103440441335,0.142203587786196,0.44334204306312447,0.284289535077399,0.27236842185947635,0.13536836218680354,0.4190968282122752,0.2809990194890326,0.2999041522986923,1.0,144.0
2016/17,2016-12-10,Freiburg,Darmstadt,1,0,119,14,0,0.497896302921229,0.27011856586635546,0.23198513121241565,0.15296261186190593,0.5114741329421982,0.25793108747290827,0.2305947795848934,0.14591573757819132,0.5362256422877133,0.2659330421101668,0.19784131560212004,1.0,144.0
2016/17,2016-12-10,Bayern Munich,Wolfsburg,5,0,120,14,0,0.7558244127174303,0.15635621217155454,0.08781937511101504,0.03366698003483851,0.7021562553303596,0.1932089929727573,0.10463475169688315,0.04982966375075115,0.8538162833599205,0.10080993078684893,0.04537378585323053,1.0,144.0
2016/17,2016-12-10,FC Koln,Dortmund,1,1,121,14,1,0.30044137729417186,0.27474852836266456,0.4248100943431637,0.13536431872313326,0.27929438853099586,0.27217277933245065,0.4485328321365535,0.13959352848467027,0.18785961534053133,0.21895941743269987,0.5931809672267687,1.0,144.0
2016/17,2016-12-10,Hertha,Werder Bremen,0,1,122,14,2,0.5969124560382861,0.2258697362776752,0.1772178076840388,0.5166375080829593,0.5861083526470476,0.23302866974545833,0.1808629776074939,0.5072542312483483,0.5868145195336186,0.2350072536261734,0.17817822684020784,1.0,144.0
2016/17,2016-12-10,Ingolstadt,RB Leipzig,1,0,123,14,0,0.1854980846575407,0.2295012408269293,0.58500067451553,0.50281957964008,0.20090506237104452,0.2544149446981582,0.5446799929307976,0.46761450702165874,0.21724044921779218,0.2604580452160267,0.5223015055661812,1.0,144.0
2016/17,2016-12-10,Hamburg,Augsburg,1,0,124,14,0,0.3253915621472661,0.30166449381536786,0.372943944037366,0.297091864908126,0.3615997740072448,0.29699608334267724,0.341404142650078,0.2620558185831179,0.4015890726914638,0.30057587035802813,0.2978350569505081,1.0,144.0
2016/17,2016-12-11,M'gladbach,Mainz,1,0,125,14,0,0.5059566294692883,0.27131734551790126,0.22272602501281058,0.14684286709167657,0.5571056157668541,0.2483165174342384,0.1945778667989078,0.1170079909166354,0.5629870629485926,0.24862880444937846,0.18838413260202905,1.0,144.0
2016/17,2016-12-11,Schalke 04,Leverkusen,0,1,126,14,2,0.383701871597818,0.2752842719319089,0.34101385647027305,0.2907449318159251,0.36346775944370957,0.27847901002233605,0.35805323053395444,0.27210223349146134,0.343811216921631,0.28076274161222015,0.37542604146614883,1.0,144.0
2016/17,2016-12-16,Hoffenheim,Dortmund,2,2,127,15,1,0.2834578207096962,0.24377924451894414,0.4727629347713595,0.15192656430755958,0.298657898131009,0.242520053164444,0.458822048704547,0.14985710624673493,0.22577143378275413,0.2316287115459859,0.5425998546712598,1.0,144.0
2016/17,2016-12-17,RB Leipzig,Hertha,2,0,128,15,0,0.6043693330620443,0.24253637788007595,0.15309428905787978,0.08998074298195462,0.5902429532219882,0.26576387166056414,0.14399317511744758,0.09431743593232086,0.5974462528112984,0.24192885299025416,0.16062489419844744,1.0,144.0
2016/17,2016-12-17,Mainz,Hamburg,3,1,129,15,0,0.49868535864067687,0.2712455156225498,0.2300691257367734,0.152124086129255,0.5350626931815323,0.24433792836661072,0.22059937845185726,0.13241539252247778,0.48721240841589947,0.26611329916194504,0.2466742924221556,1.0,144.0
2016/17,2016-12-17,Augsburg,M'gladbach,1,0,130,15,0,0.3267139832519705,0.3187499395233492,0.3545360772246803,0.28950494520114617,0.24802733601871466,0.3073866446500587,0.4445860193312266,0.3815598079799485,0.3120474840111017,0.2960208760709545,0.3919316399179438,1.0,144.0
2016/17,2016-12-17,Werder Bremen,FC Koln,1,1,131,15,1,0.2866396027147756,0.2691313297563506,0.44422906752887376,0.13975086314102855,0.31105890160526734,0.2780290964690431,0.4109120019256898,0.13280315679722662,0.36291618611862136,0.280766103874005,0.3563177100073737,1.0,144.0
2016/17,2016-12-17,Wolfsburg,Ein Frankfurt,1,0,132,15,0,0.34617328926061675,0.36423758407844087,0.2895891266609426,0.25567561497826424,0.3776683767112882,0.35301447187088436,0.26931715141782725,0.229914188696488,0.41573613224334016,0.2982180158341285,0.28604585192253135,1.0,144.0
2016/17,2016-12-17,Schalke 04,Freiburg,1,1,133,15,1,0.5340123250050883,0.25015055632266925,0.2158371186722426,0.1658774125270379,0.5423734418049981,0.23876617615644452,0.21886038203855737,0.17103440860073146,0.6028130768772703,0.23450723515750607,0.1626796879652236,1.0,144.0
2016/17,2016-12-18,Darmstadt,Bayern Munich,0,1,134,15,2,0.15464099973932643,0.22297970138191223,0.6223792988787613,0.08325561635783713,0.15109565376457104,0.23752487420298174,0.6113794720324474,0.0869279056721613,0.042109803560021856,0.11133793866436617,0.8465522577756119,1.0,144.0
2016/17,2016-12-18,Leverkusen,Ingolstadt,1,2,135,15,2,0.6933185544011032,0.1753191622814681,0.13136228331742889,0.6176110503601733,0.684173431468169,0.18196939927214004,0.13385716925969107,0.6091483437848825,0.608981799689402,0.2426882914603805,0.14832990885021743,1.0,144.0
2016/17,2016-12-20,Dortmund,Augsburg,1,1,136,16,1,0.5909089502675363,0.2670578813906464,0.14203316834181723,0.18467340420774833,0.6145812838211685,0.2426047557183042,0.1428139604605274,0.19905299086284836,0.7107438016528926,0.19008264462809915,0.09917355371900825,1.0,144.0
2016/17,2016-12-20,Ein Frankfurt,Mainz,3,0,137,16,0,0.4721178519495956,0.2726720250405092,0.25521012300989493,0.17189588455851743,0.36231700056304095,0.31035377625160954,0.3273292231853497,0.2568920140610205,0.387524878863069,0.3162703043624402,0.2962048167744908,1.0,144.0
2016/17,2016-12-20,Hamburg,Schalke 04,2,1,138,16,0,0.3149581866289125,0.2822373450798128,0.4028044682912745,0.3157668628710822,0.3532874646082217,0.2868440245472514,0.35986851084452703,0.27387122426515975,0.31411850768105337,0.28910021945866865,0.396781272860278,1.0,144.0
2016/17,2016-12-20,M'gladbach,Wolfsburg,1,2,139,16,2,0.5202598065896243,0.27567513650035985,0.20406505691001614,0.4520913499921649,0.5294534304202457,0.26850311885565986,0.2020434507240944,0.45852779475803834,0.4741625234330427,0.274166598744804,0.2516708778221534,1.0,144.0
2016/17,2016-12-21,Hertha,Darmstadt,2,0,140,16,0,0.5687688488579246,0.249189658678717,0.18204149246335838,0.10954970534680325,0.536088425206433,0.2698358726249365,0.1940757021686307,0.12643966369984716,0.5666366413917884,0.2707959639800535,0.16256739462815817,1.0,144.0
2016/17,2016-12-21,Bayern Munich,RB Leipzig,3,0,141,16,0,0.42676056726012923,0.3264054695556742,0.2468339631841965,0.19476522631457308,0.4446881031540958,0.3218694713718421,0.23344242547406202,0.1814333343949046,0.7088455719974266,0.1859708915126328,0.10518353648994068,1.0,144.0
2016/17,2016-12-21,Hoffenheim,Werder Bremen,1,1,142,16,1,0.6579695962801932,0.2051220826649781,0.13690832105482875,0.22583393900158627,0.7065831390608855,0.1700313941193571,0.12338546681975747,0.2572418529137321,0.6131163010143901,0.21325784383109223,0.17362585515451756,1.0,144.0
2016/17,2016-12-21,Ingolstadt,Freiburg,1,2,143,16,2,0.4501566592462707,0.2417672333789849,0.3080761073747446,0.3406998455247246,0.4888125157596382,0.2516196041174476,0.25956788012291426,0.3935886998544708,0.48971193415637865,0.27983539094650206,0.23045267489711935,1.0,144.0
2016/17,2016-12-21,FC Koln,Leverkusen,1,1,144,16,1,0.47228346381479597,0.24570283933146128,0.2820136968537427,0.1512916977030082,0.4257103576468409,0.2613383264880317,0.3129513158651274,0.13958391735475795,0.3348315633903676,0.2991025855895662,0.3660658510200661,1.0,144.0
2016/17,2017-01-20,Freiburg,Bayern Munich,1,2,145,17,2,0.21227860238458218,0.23523710352063765,0.5524842940947801,0.12266625603109937,0.21155434903310216,0.25262168563418463,0.5358239653327134,0.13010731687713292,0.06935045247019721,0.1403899560750554,0.7902595914547473,1.0,144.0
2016/17,2017-01-21,Werder Bremen,Dortmund,1,2,146,17,2,0.21605683841856432,0.22466586259733415,0.5592772989841018,0.12045852830908733,0.24210641143986852,0.22696114064476217,0.5309324479153691,0.13931994143947932,0.18460206970734785,0.2140255437000037,0.6013723865926485,1.0,144.0
2016/17,2017-01-21,Augsburg,Hoffenheim,0,2,147,17,2,0.35191418226288734,0.2904102132998857,0.35767560443722707,0.26821211040641924,0.30048408360963197,0.29071149614851577,0.4088044202418524,0.21990144901414638,0.3358461138549519,0.3036132050948791,0.3605406810501689,1.0,144.0
2016/17,2017-01-21,Darmstadt,M'gladbach,0,0,148,17,1,0.29241848649091645,0.31560096124400105,0.39198055226508244,0.1195786622978387,0.28645375024646785,0.31236587498356333,0.4011803747699688,0.1215007220654192,0.24372285307051617,0.2783425765180327,0.4779345704114512,1.0,144.0
2016/17,2017-01-21,RB Leipzig,Ein Frankfurt,3,0,149,17,0,0.4727549127929327,0.32360370072459343,0.20364138648247418,0.15972859813624615,0.48756885828727126,0.3309970029060169,0.18143413880671194,0.14775201086077192,0.5872402244441304,0.2580766249530783,0.15468315060279142,1.0,144.0
2016/17,2017-01-21,Schalke 04,Ingolstadt,1,0,150,17,0,0.6486644333728958,0.1971967161839165,0.15413885044318773,0.0735977327965679,0.5636123891486067,0.24020067777309037,0.1961869330783031,0.11446172980762881,0.5215716120439519,0.288398420777244,0.19002996717880416,1.0,144.0
2016/17,2017-01-21,Wolfsburg,Hamburg,1,0,151,17,0,0.5610476270230205,0.23560670593412303,0.20334566704285664,0.1170143230236128,0.49983159008387273,0.24772760741321467,0.25244080250291245,0.15694739852317077,0.48522190431831785,0.27687803579745823,0.2379000598842238,1.0,144.0
2016/17,2017-01-22,Mainz,FC Koln,0,0,152,17,1,0.40535219116920673,0.2769505098424126,0.3176972989883807,0.1326209863350948,0.40279419331287797,0.282342211920967,0.3148635947661551,0.13069112273781883,0.3843311160384332,0.30155210643015523,0.31411677753141165,1.0,144.0
2016/17,2017-01-22,Leverkusen,Hertha,3,1,153,17,0,0.5647487441683647,0.26156088647445547,0.17369036935717966,0.10980600005522459,0.6169318447119728,0.23638987707053458,0.14667827821749255,0.08412786444831014,0.5628702741501773,0.264701155951705,0.17242856989811772,1.0,144.0
2016/17,2017-01-27,Schalke 04,Ein Frankfurt,0,1,154,18,2,0.44479173711029185,0.3383738632667297,0.21683439962297804,0.40559402350774576,0.45818432122969094,0.3415271731151973,0.20028850565511197,0.4247356732040234,0.5830790947588907,0.25117253312690685,0.16574837211420246,1.0,144.0
2016/17,2017-01-28,Wolfsburg,Augsburg,1,2,155,18,2,0.4031889898735522,0.3519800541737903,0.24483095595265753,0.3664208233213162,0.4371010630798102,0.3422045877486224,0.2206943491715675,0.39918731837931354,0.5568350556077456,0.26134125276523523,0.18182369162701897,1.0,144.0
2016/17,2017-01-28,Werder Bremen,Bayern Munich,1,2,156,18,2,0.11834761687249856,0.13532948934913286,0.746322893778368,0.03917911632019029,0.1278930460926032,0.15099212265255846,0.7211148312548382,0.04706678429243102,0.07058446243886796,0.13818648280285417,0.791229054758278,1.0,144.0
2016/17,2017-01-28,RB Leipzig,Hoffenheim,2,1,157,18,0,0.44367736653821654,0.26592195127540263,0.2904006821863808,0.1969137143580846,0.4983852961850234,0.24606564700939493,0.25554905680558165,0.1584613157588045,0.5421531543136864,0.24906020540806403,0.20878664027824945,1.0,144.0
2016/17,2017-01-28,Ingolstadt,Hamburg,3,1,158,18,0,0.41525818047522006,0.2874999976759514,0.2972418218488285,0.21513784807858052,0.44774885745880266,0.27740553046933736,0.2748456120718604,0.1902607174566066,0.4192036955565332,0.303695556533216,0.27710074791025074,1.0,144.0
2016/17,2017-01-28,Darmstadt,FC Koln,1,6,159,18,2,0.2668389097800492,0.29415491333580546,0.4390061768841458,0.19295853667337404,0.3469831022277427,0.27623561291204474,0.37678128486021245,0.25439942006603783,0.25443028615088853,0.29416114164592216,0.4514085722031893,1.0,144.0
2016/17,2017-01-28,Leverkusen,M'gladbach,2,3,160,18,2,0.5196999542625105,0.29391178733901496,0.18638825839847448,0.4660260542661614,0.5172166903964234,0.3025825982426586,0.18020071136091795,0.4697919892388872,0.5356768475723066,0.2539607852480107,0.21036236717968265,1.0,144.0
2016/17,2017-01-29,Freiburg,Hertha,2,1,161,18,0,0.4742427930014244,0.2643232598802265,0.26143394711834916,0.17238417470841144,0.4977241924118711,0.27268985164692155,0.22958595594120718,0.1524953490268725,0.3934203678982736,0.3042287938095346,0.3023508382921918,1.0,144.0
2016/17,2017-01-29,Mainz,Dortmund,1,1,162,18,1,0.21295027446810055,0.24165177463731669,0.5453979508945828,0.17140337211802453,0.2249955182752801,0.266940106777918,0.5080643749468015,0.15437619616702322,0.17275330893558016,0.21011537360901397,0.6171313174554057,1.0,144.0
2016/17,2017-02-03,Hamburg,Leverkusen,1,0,163,19,0,0.2674469771432043,0.2728570274396279,0.45969599541716805,0.3739771697496049,0.281961813285992,0.2671211023233651,0.4509170843906429,0.35945252728744936,0.29993237361151065,0.2981090765074893,0.401958549881,1.0,144.0
2016/17,2017-02-04,M'gladbach,Freiburg,3,0,164,19,0,0.48216729991982904,0.31698271884167745,0.20084998123849354,0.15424571011791177,0.4312556873177584,0.33275708738816134,0.23598722529408045,0.18958003185519717,0.598784689774813,0.24127933445471578,0.15993597577047125,1.0,144.0
2016/17,2017-02-04,Hoffenheim,Mainz,4,0,165,19,0,0.5214698224729607,0.29228813631854716,0.18624204120849214,0.13183861435878272,0.4957475871844965,0.30297195625066103,0.20128045656484242,0.14739215901260422,0.49271142787508315,0.262164636757063,0.2451239353678539,1.0,144.0
2016/17,2017-02-04,Hertha,Ingolstadt,1,0,166,19,0,0.5558239420622049,0.2524155783665903,0.19176047957120465,0.11703222598526902,0.47534869088952797,0.2735444153531354,0.25110689375733664,0.16915683412189525,0.4417153996101364,0.3173489278752437,0.24093567251461986,1.0,144.0
2016/17,2017-02-04,FC Koln,Wolfsburg,1,0,167,19,0,0.5939103283772913,0.24215551590201367,0.16393415572069497,0.09589161440524824,0.6677636101240904,0.2025240051189493,0.1297123847569603,0.06360316075855757,0.4737550471063257,0.27860026917900405,0.24764468371467024,1.0,144.0
2016/17,2017-02-04,Bayern Munich,Schalke 04,1,1,168,19,1,0.6172813638875002,0.25477488009330196,0.1279437560191976,0.19870294345355624,0.582722120891945,0.2759745339676956,0.14130334514035953,0.17976585276233104,0.7981343394432726,0.13885505481120583,0.06301060574552152,1.0,144.0
2016/17,2017-02-04,Dortmund,RB Leipzig,1,0,169,19,0,0.512172603695676,0.2466230385756322,0.24120435772869198,0.1480775553861834,0.5383754597560957,0.2367574546403232,0.22486708560358087,0.13183121117162216,0.6132728685587038,0.22453926537618443,0.16218786606511174,1.0,144.0
2016/17,2017-02-05,Augsburg,Werder Bremen,3,2,170,19,0,0.500001403080648,0.30957548140813756,0.19042311551121424,0.14312977992115897,0.4579833471915085,0.32747341016508863,0.2145432426434029,0.16990542744283343,0.4641028132069449,0.27819799314393573,0.25769919364911936,1.0,144.0
2016/17,2017-02-05,Ein Frankfurt,Darmstadt,2,0,171,19,0,0.6007526201738466,0.23090245414628535,0.16834492567986806,0.09386924215010457,0.5313255142758232,0.26894604773206254,0.19972843799211432,0.12977361125579573,0.5704226416996396,0.27482547443231936,0.15475188386804103,1.0,144.0
2016/17,2017-02-10,Mainz,Augsburg,2,0,172,20,0,0.5339866778003358,0.27943966675989057,0.18657365543977364,0.1259890726858637,0.5338706490391352,0.27268768248846886,0.1934416684723958,0.12734812546429072,0.46207216020852276,0.29241581481852785,0.24551202497294944,1.0,144.0
2016/17,2017-02-11,Ingolstadt,Bayern Munich,0,2,173,20,2,0.17504412172335698,0.19625765864603942,0.6286982196306037,0.08425272832769246,0.2293851106007626,0.24751111154057184,0.5231037778586655,0.14002376782900056,0.08795886149726564,0.20647185383042357,0.7055692846723108,1.0,144.0
2016/17,2017-02-11,Werder Bremen,M'gladbach,0,1,174,20,2,0.25812497084632907,0.29861718096078976,0.44325784819288105,0.1882951620866196,0.2969563459108403,0.3171271592893406,0.3859164947998191,0.23264081136782966,0.343811216921631,0.28076274161222015,0.37542604146614883,1.0,144.0
2016/17,2017-02-11,Darmstadt,Dortmund,2,1,175,20,0,0.16083404921614122,0.18278136814925236,0.6563845826346062,0.567520106637692,0.1755270939756197,0.19283222540845782,0.6316406806159224,0.5393627610886162,0.10570966989486051,0.18419711276792422,0.7100932173372152,1.0,144.0
2016/17,2017-02-11,RB Leipzig,Hamburg,0,3,176,20,2,0.6062241681498236,0.23305472280461187,0.1607211090455643,0.5359483994253265,0.6136495536198482,0.22493771532577414,0.16141273105437773,0.5398971911477581,0.6297141993678722,0.23114215317973663,0.13914364745239105,1.0,144.0
2016/17,2017-02-11,Leverkusen,Ein Frankfurt,3,0,177,20,0,0.3993869978783911,0.31717691794324276,0.2834360841783662,0.22053599606594884,0.38778137107927474,0.34282422136099383,0.2693944075597312,0.22369249821101567,0.520581410299583,0.2733779473081609,0.206040642392256,1.0,144.0
2016/17,2017-02-11,Schalke 04,Hertha,2,0,178,20,0,0.48982413423252386,0.30384394145138266,0.20633192431609318,0.15142613850178802,0.5069647277193905,0.2921661742953058,0.20086909798530383,0.14171608711912215,0.5245328264189936,0.27322461988955943,0.20224255369144706,1.0,144.0
2016/17,2017-02-12,Wolfsburg,Hoffenheim,2,1,179,20,0,0.2955490411679132,0.27099466102835573,0.43345629780373085,0.3420677577525817,0.2816609313314675,0.27604265958176516,0.4422964090867674,0.35581856553331187,0.3739238276006791,0.2823286536927318,0.3437475187065892,1.0,144.0
2016/17,2017-02-12,Freiburg,FC Koln,2,1,180,20,0,0.3113214332796536,0.28269580197814465,0.40598276474220174,0.3195500867638562,0.250479436750493,0.26725285818338146,0.48226770506612565,0.3971816070418028,0.35953384577237785,0.30200843044879744,0.3384577237788247,1.0,144.0
2016/17,2017-02-17,Augsburg,Leverkusen,1,3,181,21,2,0.19008203625442846,0.23500578179871534,0.5749121819468561,0.10841541678190626,0.24931476502928884,0.2598250113185823,0.49086022365212867,0.16069058196058486,0.2823715114622079,0.29161581689698257,0.42601267164080936,1.0,144.0
2016/17,2017-02-18,Mainz,Werder Bremen,0,2,182,21,2,0.5563910802439522,0.24347364141280095,0.20013527834324676,0.4746773035630336,0.49104499617441444,0.25754882986097444,0.25140617396461107,0.40075895232311637,0.4999141958859356,0.26844707505107773,0.2316387290629867,1.0,144.0
2016/17,2017-02-18,Hoffenheim,Darmstadt,2,0,183,21,0,0.7062091287233986,0.17437417276769254,0.11941669850890882,0.05028671196411611,0.701864079744478,0.18163205725820125,0.11650386299732088,0.05122908851995275,0.6854824777067524,0.19526692094036968,0.11925060135287782,1.0,144.0
2016/17,2017-02-18,Hertha,Bayern Munich,1,1,184,21,1,0.18985072802738936,0.2699104330249008,0.5402388389477093,0.1639506510200497,0.21182459974308762,0.293839210668505,0.4943361895884075,0.14461896469655258,0.10203828374647099,0.21294946173176554,0.6850122545217633,1.0,144.0
2016/17,2017-02-18,Ein Frankfurt,Ingolstadt,0,2,185,21,2,0.578925158740815,0.2933217689382733,0.12775307232091157,0.5479845211343433,0.47452500422892785,0.32775673868377775,0.19771825708729396,0.4344149873247563,0.4711626652279471,0.2987860803884543,0.2300512543835986,1.0,144.0
2016/17,2017-02-18,Dortmund,Wolfsburg,3,0,186,21,0,0.7154097406096976,0.17990694176199074,0.10468331762831172,0.045975106364754784,0.7793908475813213,0.14095315596591387,0.0796559964527648,0.027506737950885356,0.7257764209406373,0.1731092170088093,0.10111436205055321,1.0,144.0
2016/17,2017-02-18,Hamburg,Freiburg,2,2,187,21,1,0.39849753159680584,0.28214762203064675,0.31935484637254713,0.13039390029519032,0.39159908338563165,0.2875229394876122,0.32087797712675636,0.12815625915671297,0.502664042624682,0.27456439303028846,0.22277156434502948,1.0,144.0
2016/17,2017-02-19,M'gladbach,RB Leipzig,1,2,188,21,2,0.38596911137874107,0.3286632350459737,0.28536765357528526,0.3298357727474943,0.4146906373460741,0.3109661399753463,0.2743432226785796,0.34927304158750133,0.37680906183287877,0.2933244193908638,0.3298665187762575,1.0,144.0
2016/17,2017-02-19,FC Koln,Schalke 04,1,1,189,21,1,0.46002089412425007,0.3123564805524255,0.22762262532332453,0.1317156412949785,0.4163594791518605,0.310046387371316,0.27359413347682365,0.12410448287627124,0.3584437626476924,0.30295711208303416,0.33859912526927344,1.0,144.0
2016/17,2017-02-24,Wolfsburg,Werder Bremen,1,2,190,22,2,0.49231142809096295,0.275942345408007,0.23174622650103022,0.416292201362185,0.4603275388608132,0.27112940331184415,0.26854305782734283,0.3734653506431138,0.5052737059828621,0.25795552358072427,0.23677077043641362,1.0,144.0
2016/17,2017-02-25,Leverkusen,Mainz,0,2,191,22,2,0.6283644427675981,0.21435765106423385,0.15727790616816822,0.5525112001834704,0.6408497805713633,0.20522355791127192,0.1539266615173647,0.5632642676747581,0.5871839548730806,0.24576371043560014,0.16705233469131933,1.0,144.0
2016/17,2017-02-25,RB Leipzig,FC Koln,3,1,192,22,0,0.49035338892524977,0.2748306033974381,0.23481600767731234,0.1574391128207446,0.513040164462077,0.2755612843735537,0.21139855116436929,0.14090961443075772,0.5768161458065181,0.25469803840807287,0.16848581578540905,1.0,144.0
2016/17,2017-02-25,Hertha,Ein Frankfurt,2,0,193,22,0,0.2498007070660849,0.35117964901426707,0.39901964391964817,0.36100782767615447,0.2949238316290215,0.36357551598429844,0.34150065238668026,0.30687754939261425,0.49969755606297167,0.29236036115923114,0.20794208277779713,1.0,144.0
2016/17,2017-02-25,Bayern Munich,Hamburg,8,0,194,22,0,0.7614270355857969,0.15370121479220006,0.08487174962200293,0.03206013661664029,0.6900869823210531,0.2118416364991505,0.09807138117979644,0.052832037166692075,0.8439733387668776,0.11344253452718168,0.04258412670594076,1.0,144.0
2016/17,2017-02-25,Darmstadt,Augsburg,1,2,195,22,2,0.4436108941441466,0.2921127420773887,0.26427636377846464,0.3690399471492037,0.47397940235974906,0.2798784634749443,0.24614213416530697,0.3964790778710716,0.34497816593886466,0.3100436681222707,0.34497816593886466,1.0,144.0
2016/17,2017-02-25,Freiburg,Dortmund,0,3,196,22,2,0.14783515166782019,0.16801083301586006,0.6841540153163196,0.06080695905472549,0.13689339007045506,0.16301264615190786,0.7000939637776371,0.05434171540379551,0.14454919214379092,0.20112479808531564,0.6543260097708935,1.0,144.0
2016/17,2017-02-26,Schalke 04,Hoffenheim,1,1,197,22,1,0.41605314378921837,0.2919716782093316,0.29197517800145,0.12917486151293522,0.4723869190350812,0.28677455082324843,0.2408385301416702,0.14057629943812833,0.46872093744187493,0.2721185442370885,0.25916051832103665,1.0,144.0
2016/17,2017-02-26,Ingolstadt,M'gladbach,0,2,198,22,2,0.2841930380797089,0.30754462016433914,0.40826234175595205,0.21545956953856238,0.33703468739208525,0.3310554202476556,0.331909892360259,0.2799683862157806,0.3212520278652543,0.3061933390590705,0.37255463307567516,1.0,144.0
2016/17,2017-03-03,Augsburg,RB Leipzig,2,2,199,23,1,0.2730805646536288,0.3324562456080613,0.39446318973831024,0.11508710142503334,0.2620287164179317,0.31210636021831745,0.4258649233637509,0.1250099905896211,0.22685114793979014,0.2627337691956819,0.510415082864528,1.0,144.0
2016/17,2017-03-04,Dortmund,Leverkusen,6,2,200,23,0,0.7901724042079381,0.1251412368210877,0.08468635897097442,0.025599699675818807,0.7871771414343799,0.12888802407843775,0.0839348344871823,0.026169312784216324,0.6986035000883861,0.18384302633904895,0.11755347357256496,1.0,144.0
2016/17,2017-03-04,FC Koln,Bayern Munich,0,3,201,23,2,0.24769480725429743,0.30516049622485086,0.44714469652085165,0.18350085206288239,0.24606953735020357,0.32408186387266685,0.42984859877712955,0.19281141876407293,0.09255750401980842,0.17803410609274625,0.7294083898874454,1.0,144.0
2016/17,2017-03-04,Hoffenheim,Ingolstadt,5,2,202,23,0,0.7492632193877563,0.14984296073811607,0.10089381987412761,0.036524248020292666,0.6637126162755117,0.18875835455464046,0.14752902916984767,0.06742700945002954,0.5412100102376112,0.26404046321565394,0.1947495265467348,1.0,144.0
2016/17,2017-03-04,Mainz,Wolfsburg,1,1,203,23,1,0.5195254380955664,0.26942238443931027,0.21105217746512328,0.15722485122058005,0.5394234736337781,0.2609817357967395,0.19959479056948254,0.1654078821648034,0.4102400451221005,0.29443654890144755,0.2953234059764519,1.0,144.0
2016/17,2017-03-04,M'gladbach,Schalke 04,4,2,204,23,0,0.44067059987393453,0.33911862420623323,0.22021077591983212,0.18067108183829939,0.3663145527642166,0.364343298321956,0.2693421489138274,0.23705121960996658,0.45569238007956664,0.28234542281586983,0.26196219710456364,1.0,144.0
2016/17,2017-03-04,Werder Bremen,Darmstadt,2,0,205,23,0,0.6512722633916201,0.19496259120259427,0.1537651454057857,0.07262737711083296,0.6269272149271472,0.1977012271812612,0.17537155789159178,0.08496924313966941,0.5728429644297408,0.239501581705344,0.1876554538649151,1.0,144.0
2016/17,2017-03-05,Hamburg,Hertha,1,0,206,23,0,0.39688268169083885,0.3253719773611941,0.27774534094796677,0.22044648703136827,0.37174667027314456,0.33035822380722085,0.29789510591963464,0.24172187022187563,0.39075603330330655,0.30178389033578445,0.3074600763609089,1.0,144.0
2016/17,2017-03-05,Ein Frankfurt,Freiburg,1,2,207,23,2,0.5159461540751907,0.27133237999647847,0.21272146592833086,0.44300396205750847,0.45744328543418844,0.28173474616343414,0.26082196840237726,0.3778192608926802,0.467077894132836,0.29192368383302253,0.24099842203414143,1.0,144.0
2016/17,2017-03-10,Leverkusen,Werder Bremen,1,1,208,24,1,0.6618774401099039,0.18095074820706672,0.1571718116830295,0.23139236205708255,0.5796516398809575,0.21378321423058974,0.20656514588845246,0.18933259155630047,0.6506538040041321,0.2117429405272068,0.13760325546866098,1.0,144.0
2016/17,2017-03-11,RB Leipzig,Wolfsburg,0,1,209,24,2,0.6772790785657733,0.19873307398201828,0.12398784745220862,0.6130521208371591,0.6180861695594658,0.23978621585625914,0.14212761458427525,0.5589877713297795,0.6098706636439254,0.2299512338329555,0.16017810252311906,1.0,144.0
2016/17,2017-03-11,Ingolstadt,FC Koln,2,2,210,24,1,0.36060699704905835,0.29012475630829365,0.34926824664264794,0.12601285721678457,0.4210846279643929,0.2963957489272738,0.2825196231083335,0.12856480067459294,0.3714069851299838,0.3112744256327484,0.3173185892372678,1.0,144.0
2016/17,2017-03-11,Hertha,Dortmund,2,1,211,24,0,0.15763327425124743,0.2397161570417881,0.6026505687069647,0.5363847043057509,0.16334945381519306,0.24748850897962582,0.5891620372051815,0.5235480212575475,0.2168585036713634,0.26291178805318516,0.5202297082754515,1.0,144.0
2016/17,2017-03-11,Darmstadt,Mainz,2,1,212,24,0,0.21913014181990867,0.26652750902616185,0.5143423491539294,0.4371528937736894,0.21429613940361117,0.2609107299632833,0.5247931306331054,0.4463691932578827,0.26846467895583326,0.2799703080539404,0.45156501299022644,1.0,144.0
2016/17,2017-03-11,Bayern Munich,Ein Frankfurt,3,0,213,24,0,0.7644934254657738,0.15585968223475702,0.0796468922994688,0.030903487050904142,0.8112785981376295,0.11828179455628354,0.07043960730608662,0.020288752899167047,0.8628613161654234,0.10130400622333496,0.03583467761124163,1.0,144.0
2016/17,2017-03-11,Freiburg,Hoffenheim,1,1,214,24,1,0.23600318953707758,0.2921392722382151,0.4718575382247071,0.13917352092557744,0.21587416831850464,0.26974710739500635,0.5143787242864893,0.155593564272901,0.2813359473068081,0.268268430628623,0.45039562206456896,1.0,144.0
2016/17,2017-03-12,Hamburg,M'gladbach,2,1,215,24,0,0.28720504907020306,0.3263885721081356,0.3864063788216612,0.3286932658325405,0.2589422388898731,0.33799221947751806,0.40306554163260905,0.3558142180765711,0.37432299641216665,0.3113416668571037,0.31433533673072966,1.0,144.0
2016/17,2017-03-12,Schalke 04,Augsburg,3,0,216,24,0,0.5310784944207411,0.29916686728436354,0.16975463829489545,0.12435200780867486,0.6033431688967321,0.26433040766359056,0.13232642343967715,0.08742346200061157,0.5694572991165335,0.26049642406394613,0.1700462768195204,1.0,144.0
2016/17,2017-03-17,Dortmund,Ingolstadt,1,0,217,25,0,0.7995316492722736,0.12511289376281523,0.07535545696491114,0.02293300226894265,0.7824278620817903,0.13728023990022176,0.08029189801798801,0.02689221204281573,0.7489882295462055,0.1671506951798176,0.08386107527397686,1.0,144.0
2016/17,2017-03-18,Wolfsburg,Darmstadt,1,0,218,25,0,0.6202671030776401,0.22603298265854815,0.1536999142638117,0.08391036832487535,0.6128825558626325,0.2272951930776371,0.15982225105973044,0.08770153374462367,0.6027011975029303,0.24498826731415868,0.15231053518291104,1.0,144.0
2016/17,2017-03-18,Werder Bremen,RB Leipzig,3,0,219,25,0,0.3761420815701593,0.29367143669421886,0.3301864817356218,0.24911090755428097,0.30444493335503087,0.3031580432812078,0.3923970233637616,0.31888613734011384,0.28274334885647007,0.2630346971935526,0.45422195394997733,1.0,144.0
2016/17,2017-03-18,Hoffenheim,Leverkusen,1,0,220,25,0,0.5501177579545514,0.23862375273086323,0.2112584893145851,0.12351209050766017,0.6382346677515609,0.20018610104929288,0.1615792311991464,0.07849100178586534,0.4352768081239362,0.2661339180105588,0.29858927386550504,1.0,144.0
2016/17,2017-03-18,FC Koln,Hertha,4,2,221,25,0,0.47424533614897924,0.3346501801179789,0.1911044837330417,0.15646944513198613,0.48520500755415147,0.32547809525220167,0.18931689719364725,0.15042738590517557,0.3906297122866277,0.3122549610953616,0.29711532661801077,1.0,144.0
2016/17,2017-03-18,Augsburg,Freiburg,1,1,222,25,1,0.4274000173861101,0.258016333984067,0.3145836486298233,0.14081682342344956,0.38915786453990886,0.26245235978829995,0.3483897756717913,0.1364096396629515,0.4005662822969545,0.30383510576703987,0.2955986119360056,1.0,144.0
2016/17,2017-03-18,Ein Frankfurt,Hamburg,0,0,223,25,1,0.41380141384715613,0.31655347191714184,0.2696451142357022,0.12197004886654508,0.4343894480397416,0.3214198947126676,0.24419065724759068,0.12416163482764088,0.4283972833343009,0.29909444476693564,0.27250827189876364,1.0,144.0
2016/17,2017-03-19,Mainz,Schalke 04,0,1,224,25,2,0.36013678627651474,0.31584798508892337,0.3240152286345617,0.29332695797377983,0.3657641627144227,0.3250042748505291,0.30923156243504835,0.30547222853105366,0.3311492754444633,0.2874492244327306,0.38140150012280605,1.0,144.0
2016/17,2017-03-19,M'gladbach,Bayern Munich,0,1,225,25,2,0.19769409402214114,0.23131770630911067,0.5709881996687479,0.11156703981734853,0.1719194315715738,0.23154974007345838,0.5965308283549675,0.09617183170991074,0.1090759703647556,0.17436656008575496,0.7165574695494894,1.0,144.0
2016/17,2017-03-31,Hertha,Hoffenheim,1,3,226,26,2,0.29665305398530434,0.3304173765635061,0.37292956945119005,0.24061017965373915,0.24466499206153677,0.34334563189636064,0.4119893760421027,0.20280872611391382,0.3280336764610815,0.2990306989690956,0.3729356245698227,1.0,144.0
2016/17,2017-04-01,Bayern Munich,Augsburg,6,0,227,26,0,0.8119108484998963,0.11671494226673686,0.07137420923336708,0.02023590332785871,0.8120069711863519,0.11690168564384455,0.07109134316980369,0.020197678978107952,0.8689519111582191,0.0934267992015973,0.03762128964018343,1.0,144.0
2016/17,2017-04-01,Freiburg,Werder Bremen,2,5,228,26,2,0.38021722919861795,0.2707457293137682,0.3490370414876137,0.2841589573673365,0.3697360459173843,0.2690066939041558,0.36125726017846,0.27234851566267493,0.4222463470453612,0.2790916026054809,0.2986620503491579,1.0,144.0
2016/17,2017-04-01,Ein Frankfurt,M'gladbach,0,0,229,26,1,0.36756761664194476,0.3286337827937629,0.3037986005642927,0.11369977125433105,0.32528831904697464,0.3211676857234594,0.3535439952295661,0.11540292353564488,0.35816740945804115,0.29382595865719546,0.34800663188476344,1.0,144.0
2016/17,2017-04-01,Hamburg,FC Koln,2,1,230,26,0,0.3907768152050466,0.2865875905917178,0.32263559420323573,0.23762330776929044,0.3757714904408119,0.2984028251661958,0.3258256843929924,0.24791180437832366,0.45868716209642674,0.28701477394337815,0.25429806396019516,1.0,144.0
2016/17,2017-04-01,Schalke 04,Dortmund,1,1,231,26,1,0.19311629822599252,0.26097029777774167,0.545913403996266,0.16765767465165032,0.19121138120314018,0.2747533179435961,0.5340353008532639,0.16087774742952424,0.25911899541558703,0.2511461032489536,0.4897349013354594,1.0,144.0
2016/17,2017-04-01,RB Leipzig,Darmstadt,4,0,232,26,0,0.5618058376416978,0.2626856517819895,0.17550851057631284,0.11140868060480491,0.6353942200753442,0.23104178530227631,0.1335639946223795,0.07538835770697677,0.7217211227518816,0.18380912489561033,0.09446975235250808,1.0,144.0
2016/17,2017-04-02,Ingolstadt,Mainz,2,1,233,26,0,0.42335877924354337,0.311935301305713,0.2647059194507441,0.20129216063388006,0.40905294399837044,0.33430845678160265,0.2566385992200271,0.2075408968033053,0.4098414303989527,0.298634456906554,0.2915241126944932,1.0,144.0
2016/17,2017-04-02,Leverkusen,Wolfsburg,3,3,234,26,1,0.5232564145012402,0.2467709720509118,0.22997261344784792,0.1633423391263635,0.5361526093076776,0.24310493720152002,0.22074245349080224,0.16809342562028512,0.4805825569271131,0.2730886953012008,0.2463287477716861,1.0,144.0
2016/17,2017-04-04,Werder Bremen,Schalke 04,3,0,235,27,0,0.2808880335844077,0.29721466950009395,0.42189729691549827,0.347559674693352,0.28622610908919344,0.30475824882384345,0.4090156420869633,0.3383834814088813,0.3265328915528089,0.27363091470905776,0.39983619373813334,1.0,144.0
2016/17,2017-04-04,Hoffenheim,Bayern Munich,1,0,236,27,0,0.2861427878230099,0.2757850750571684,0.4380721371198219,0.35074965834891614,0.28099639080798183,0.28316590876771397,0.43583770042430453,0.353460345571147,0.16180555398603708,0.21467622842445708,0.6235182175895059,1.0,144.0
2016/17,2017-04-04,Dortmund,Hamburg,3,0,237,27,0,0.8334353611841263,0.10176550991353689,0.06479912890233697,0.015971353005182064,0.8468201552228054,0.09196537943140826,0.06121446534578643,0.013605637806767953,0.7639320803053651,0.15066765220198264,0.08540026749265218,1.0,144.0
2016/17,2017-04-04,FC Koln,Ein Frankfurt,1,0,238,27,0,0.3092039186205601,0.33060898695373125,0.360187094425709,0.303466984520012,0.3614627331428561,0.3228702306460086,0.3156670362111352,0.2536877594578568,0.39388520963009993,0.31334638082394534,0.2927684095459549,1.0,144.0
2016/17,2017-04-05,Augsburg,Ingolstadt,2,3,239,27,2,0.40848090425430655,0.2846199895052495,0.3068991062404436,0.3236227490353557,0.4155709408773708,0.28737694898997335,0.29705211013265587,0.3334174713853275,0.36688963594433033,0.3032802872976353,0.3298300767580343,1.0,144.0
2016/17,2017-04-05,Darmstadt,Leverkusen,0,2,240,27,2,0.2176863890703072,0.20682498419828813,0.5754886267314046,0.11379863501042893,0.2029319246203021,0.1983583556526355,0.5987097197270623,0.10110762753581638,0.18709061497255294,0.23623007770028373,0.5766793073271633,1.0,144.0
2016/17,2017-04-05,Mainz,RB Leipzig,2,3,241,27,2,0.38638332521139634,0.3154079682022876,0.2982087065863162,0.32090154675633353,0.3922498769022052,0.3048227943914547,0.3029273287063401,0.319885137497137,0.2806190972097533,0.2782274571767157,0.44115344561353115,1.0,144.0
2016/17,2017-04-05,M'gladbach,Hertha,1,0,242,27,0,0.4811860931588467,0.30361966966587045,0.21519423717528272,0.15773821482261635,0.5175448567519039,0.2780192744435384,0.2044358688045576,0.13727849485020766,0.5106268045077769,0.28253702151438953,0.20683617397783363,1.0,144.0
2016/17,2017-04-05,Wolfsburg,Freiburg,0,1,243,27,2,0.6151663609338675,0.22996261795238024,0.15487102111375234,0.5463363212889645,0.5859654793384225,0.24292583192055656,0.17110868874102125,0.5152081744284684,0.6119503344656085,0.23038130238705262,0.15766836314733876,1.0,144.0
2016/17,2017-04-07,Ein Frankfurt,Werder Bremen,2,2,244,28,1,0.5771245192111588,0.26600845478345897,0.15686702600538208,0.17883998726124223,0.5555236191857359,0.27089524400511567,0.17358113680914863,0.1693684512645874,0.4875742466079978,0.27684300442996485,0.23558274896203735,1.0,144.0
2016/17,2017-04-08,Schalke 04,Wolfsburg,4,1,245,28,0,0.476532533307694,0.2990376912740686,0.22442977541823744,0.16219345638977048,0.45621897280321666,0.30671459204886925,0.2370664351479138,0.1759491501064645,0.4694776416349941,0.26956271181789493,0.26095964654711107,1.0,144.0
2016/17,2017-04-08,Freiburg,Mainz,1,0,246,28,0,0.4272850164734341,0.287837052702458,0.28487793082410756,0.2045789439132299,0.4345654030081476,0.2689999807653577,0.2964346162264947,0.20379488258634387,0.3355934274021135,0.298760002443345,0.3656465701545416,1.0,144.0
2016/17,2017-04-08,RB Leipzig,Leverkusen,1,0,247,28,0,0.44882213346294714,0.26519364084876723,0.28598422568828524,0.19279200895143273,0.3809033521276972,0.2624740862859337,0.3566225615863692,0.25523015541957284,0.5162714666867084,0.253466611551614,0.2302619217616775,1.0,144.0
2016/17,2017-04-08,Hamburg,Hoffenheim,2,1,248,28,0,0.271245141237327,0.3258340436145808,0.4029208151480924,0.3467144137249033,0.2099981949493736,0.32589259333460696,0.46410921171601954,0.41975010619145636,0.34402662380294763,0.28174594190758645,0.3742274342894659,1.0,144.0
2016/17,2017-04-08,Bayern Munich,Dortmund,4,1,249,28,0,0.4910980148720822,0.27582891731772546,0.2330730678101924,0.15665214270279496,0.4659753343317303,0.29150888335948505,0.24251578230878468,0.17199812410547452,0.6727340491614162,0.20003904516816043,0.1272269056704233,1.0,144.0
2016/17,2017-04-08,FC Koln,M'gladbach,2,3,250,28,2,0.40135056315894735,0.2980982680757149,0.3005511687653381,0.3251554710317696,0.3243482219593692,0.32180434867376073,0.3538474293668702,0.26135745681200306,0.33688815969373803,0.29176920973475523,0.3713426305715067,1.0,144.0
2016/17,2017-04-09,Hertha,Augsburg,2,0,251,28,0,0.6253616034567876,0.22476846124575361,0.14986993529745873,0.08140746283526688,0.5719975961179025,0.24917762272906038,0.17882478115303732,0.10758218004164288,0.5301415059755114,0.27941931226629524,0.19043918175819344,1.0,144.0
2016/17,2017-04-09,Ingolstadt,Darmstadt,3,2,252,28,0,0.7120578380394045,0.1734820170498645,0.1144601449107311,0.04800590670376367,0.7776526670141458,0.13325102022402957,0.08909631276182454,0.028688244716837598,0.6662121866559811,0.22057025098745323,0.11321756235656559,1.0,144.0
2016/17,2017-04-15,Augsburg,FC Koln,2,1,253,29,0,0.27186163537909297,0.3058479591274924,0.42229040549341434,0.3542573323023007,0.30427187610123546,0.3103507906555303,0.385377333243234,0.3162766556806807,0.3417305585980285,0.29901423877327493,0.35925520262869665,1.0,144.0
2016/17,2017-04-15,Hoffenheim,M'gladbach,5,3,254,29,0,0.7341072216027487,0.17025013104140865,0.0956426473558427,0.03992324279852195,0.7324565303001146,0.16690285306933947,0.1006406166305462,0.040854020947415005,0.5508835252499419,0.24092694716090818,0.20818952758915,1.0,144.0
2016/17,2017-04-15,Dortmund,Ein Frankfurt,3,1,255,29,0,0.5085587306130435,0.27246939810105236,0.21897187128590404,0.14473160083555686,0.5530725182538238,0.2684080464804721,0.17851943526570432,0.11580668135378232,0.6948957997628169,0.18915117329451195,0.11595302694267123,1.0,144.0
2016/17,2017-04-15,Wolfsburg,Ingolstadt,3,0,256,29,0,0.5069962686430142,0.25748413641258266,0.23551959494440342,0.1492610793673434,0.4749758580815291,0.2690608851579394,0.2559632567605315,0.1705837692043422,0.4786063466998169,0.280326574495607,0.24106707880457603,1.0,144.0
2016/17,2017-04-15,RB Leipzig,Freiburg,4,0,257,29,0,0.4954546572993707,0.28814818716778423,0.21639715553284528,0.15069686588180084,0.600852680103246,0.23843176215720538,0.16071555773954888,0.09257403674014793,0.7042866676320988,0.18718135143568207,0.1085319809322192,1.0,144.0
2016/17,2017-04-15,Mainz,Hertha,1,0,258,29,0,0.43739829952540743,0.3261546094852944,0.23644709098929745,0.1862139501071023,0.4736958152638899,0.31137634695770816,0.2149278377784021,0.16159503516142026,0.4580296802062287,0.28999512297080754,0.2519751968229639,1.0,144.0
2016/17,2017-04-15,Leverkusen,Bayern Munich,0,0,259,29,1,0.17039821425264887,0.20471743657625546,0.624884349171096,0.20975800062973773,0.15847457743282845,0.19968954588942583,0.6418358766777458,0.21853374214160196,0.17980425173647654,0.24376447063776052,0.5764312776257631,1.0,144.0
2016/17,2017-04-16,Darmstadt,Schalke 04,2,1,260,29,0,0.23267377911212728,0.22766752268895768,0.539658698198915,0.4400105199019061,0.21184135984571384,0.21901910280536918,0.569139537348917,0.4725569275117964,0.2172865532299353,0.2518295437434122,0.5308839030266526,1.0,144.0
2016/17,2017-04-16,Werder Bremen,Hamburg,2,1,261,29,0,0.5330570544296773,0.27058556660579214,0.19635737896453057,0.1282959673458548,0.4287560485798318,0.29801746895063863,0.27322648246952946,0.2004861813783998,0.4491119976149576,0.26461193372989394,0.28627606865514843,1.0,144.0
2016/17,2017-04-21,FC Koln,Hoffenheim,1,1,262,30,1,0.3526539404878647,0.2936922939098787,0.3536537656022568,0.12471789383313714,0.3756206227687904,0.29113000851456483,0.3332493687166448,0.1260729969996281,0.32589646432036956,0.268752974686113,0.4053505609935175,1.0,144.0
2016/17,2017-04-22,M'gladbach,Dortmund,2,3,263,30,2,0.22290845035540466,0.22183574357625616,0.555255806068339,0.12374278763788532,0.17651749078839302,0.1970362505703028,0.6264462586413042,0.08535041111865489,0.2849829937815646,0.24818772116672963,0.4668292850517058,1.0,144.0
2016/17,2017-04-22,Ingolstadt,Werder Bremen,2,4,264,30,2,0.48641037284756855,0.2722444693368373,0.24134515781559424,0.40607611019177825,0.4664693974416546,0.29197769256383527,0.24155290999451026,0.396417843543688,0.4283276388682568,0.26799734781647755,0.30367501331526564,1.0,144.0
2016/17,2017-04-22,Hertha,Wolfsburg,1,0,265,30,0,0.25783399770404414,0.30841047999758475,0.43375552229837105,0.36947711404414674,0.24817501489190003,0.30868102027996475,0.44314396482813523,0.38080869089819724,0.33696820062638594,0.29714468600690397,0.36588711336671004,1.0,144.0
2016/17,2017-04-22,Hamburg,Darmstadt,1,2,266,30,2,0.6051176557036474,0.22119947535483267,0.1736828689415201,0.5244836891624975,0.7165731105041517,0.16960275880253015,0.11382413069331832,0.6493923470195243,0.7319054175634634,0.1745112561450251,0.09358332629151155,1.0,144.0
2016/17,2017-04-22,Bayern Munich,Mainz,2,2,267,30,1,0.7722989061820239,0.15303025462911993,0.07467083918885593,0.30101066735755927,0.8243667011891169,0.10991582361655892,0.0657174751943242,0.3419496222876717,0.8365822554199307,0.11368190927309162,0.04973583530697758,1.0,144.0
2016/17,2017-04-22,Ein Frankfurt,Augsburg,3,1,268,30,0,0.6086818187045943,0.26048756037032134,0.1308306209250846,0.0851232851919936,0.6238891577338416,0.2606666393522119,0.1154442029139466,0.07739336482829778,0.5325279788565214,0.27757832325665704,0.18989369788682156,1.0,144.0
2016/17,2017-04-23,Freiburg,Leverkusen,2,1,269,30,0,0.3652251678528538,0.3149877260019207,0.31978710614522554,0.2526014403920877,0.3284656463401024,0.30273029867064455,0.3688040549892532,0.29348740956096625,0.26997395124606355,0.27841063722250303,0.4516154115314335,1.0,144.0
2016/17,2017-04-23,Schalke 04,RB Leipzig,1,1,270,30,1,0.5461676677552231,0.2627426503626822,0.19108968188209488,0.16740719391148995,0.5356317299529548,0.25764909288611165,0.20671917716093358,0.1648170841692443,0.3192659227344018,0.25458347605054893,0.4261506012150494,1.0,144.0
2016/17,2017-04-28,Leverkusen,Schalke 04,1,4,271,31,2,0.3685170482937705,0.29747034006747924,0.3340126116387504,0.2896720081696956,0.4109695939244281,0.286103611381458,0.302926794694114,0.3274035303429157,0.4453834249730786,0.28319177310426963,0.2714248019226518,1.0,144.0
2016/17,2017-04-29,Wolfsburg,Bayern Munich,0,6,272,31,2,0.19460209858814853,0.24661260598211596,0.5587852954297355,0.11627019615196862,0.19280717801269914,0.23862629094554325,0.5685665310417577,0.11165472301528169,0.1192571606065455,0.18053293926073738,0.7002099001327172,1.0,144.0
2016/17,2017-04-29,Werder Bremen,Hertha,2,0,273,31,0,0.6404727037644632,0.22176876515624824,0.13775853107928843,0.07411864481177938,0.5919561516923888,0.24049791988524458,0.1675459284223669,0.0972857101362988,0.5448287930933908,0.24517295689202587,0.2099982500145832,1.0,144.0
2016/17,2017-04-29,RB Leipzig,Ingolstadt,0,0,274,31,1,0.49183458552714815,0.28764033209061024,0.22052508238224153,0.14526628574017802,0.4775291896982966,0.2944062435201793,0.22806456678152423,0.140023786817578,0.6200639276243105,0.22115146854320789,0.1587846038324815,1.0,144.0
2016/17,2017-04-29,Darmstadt,Freiburg,3,0,275,31,0,0.3014370662366474,0.25663885613409504,0.44192407762925756,0.3416435314082661,0.29874092154209686,0.24908069343801412,0.45217838501988944,0.34811479349941127,0.2801999620325255,0.26577232171106757,0.45402771625640703,1.0,144.0
2016/17,2017-04-29,Mainz,M'gladbach,1,2,276,31,2,0.278815732895936,0.2940473925986628,0.4271368745054013,0.2029551867308692,0.3029146162510198,0.2643918126730918,0.4326935710758882,0.20679692451856538,0.4538558786346397,0.2730720606826802,0.2730720606826802,1.0,144.0
2016/17,2017-04-29,Dortmund,FC Koln,0,0,277,31,1,0.7740364904485804,0.1461660627806808,0.07979744677073888,0.3027500605285421,0.774353200996143,0.14781248754958495,0.0778343114542724,0.3028405299662668,0.7546580308183715,0.15305077068079298,0.09229119850083564,1.0,144.0
2016/17,2017-04-30,Augsburg,Hamburg,4,0,278,31,0,0.3083963240746443,0.2795684730345936,0.4120352028907623,0.32404432648734793,0.3473849547744356,0.307093537988737,0.34552150723682795,0.2726457546089872,0.3879631932355136,0.29743844814722703,0.3145983586172593,1.0,144.0
2016/17,2017-04-30,Hoffenheim,Ein Frankfurt,1,0,279,31,0,0.40093562022856355,0.32705793156976176,0.27200644820167474,0.21643281948711307,0.4367199542726508,0.30815011377908463,0.25512993194826455,0.19118784604526537,0.6584686263404176,0.20786403670491999,0.13366733695466243,1.0,144.0
2016/17,2017-05-05,FC Koln,Werder Bremen,4,3,280,32,0,0.4645951793535387,0.29069994770556035,0.2447048729409012,0.1732693984062459,0.4415070649168969,0.3002899402300597,0.25820299485304354,0.18929157254441,0.41027762592160283,0.2754391926833233,0.31428318139507394,1.0,144.0
2016/17,2017-05-06,Hertha,RB Leipzig,1,4,281,32,2,0.27966757719418367,0.35283110639291293,0.3675013164129029,0.2391342692365374,0.32415020110121967,0.3419960476413377,0.3338537512574426,0.27441208879387113,0.2562599184342098,0.27187686637202874,0.47186321519376134,1.0,144.0
2016/17,2017-05-06,Ingolstadt,Leverkusen,1,1,282,32,1,0.4163284411071139,0.28561703611664446,0.29805452277624156,0.1310829347110264,0.41311849037292603,0.28617596748073143,0.30070554214634226,0.13054535508276557,0.41697647881621086,0.27680641955313434,0.30621710163065485,1.0,144.0
2016/17,2017-05-06,M'gladbach,Augsburg,1,1,283,32,1,0.6799236176056452,0.1863506886229168,0.13372569377143784,0.24008934347630007,0.694906816563175,0.1780316832184376,0.1270615002183873,0.2495200542718567,0.5450737916562319,0.2575151771604245,0.19741103118334355,1.0,144.0
2016/17,2017-05-06,Ein Frankfurt,Wolfsburg,0,2,284,32,2,0.547141223568537,0.2842672414795363,0.1685915349519266,0.49530177714083456,0.5290562185168944,0.29198128293097125,0.17896249855213406,0.477001530567575,0.3811119254528322,0.2690817715422469,0.349806303004921,1.0,144.0
2016/17,2017-05-06,Bayern Munich,Darmstadt,1,0,285,32,0,0.8806026095626557,0.06353320973999395,0.05586418069735037,0.008688271764116925,0.8846622705640755,0.060094980306842266,0.05524274912908208,0.008177276581386615,0.9010479709498631,0.06727001974899663,0.031682009301140346,1.0,144.0
2016/17,2017-05-06,Dortmund,Hoffenheim,2,1,286,32,0,0.751052798647331,0.15299769631345791,0.09594950503921132,0.03559050828929796,0.7106169090387817,0.18014671915068575,0.10923637181053242,0.04783757913029882,0.650841647397442,0.19655417751402748,0.15260417508853064,1.0,144.0
2016/17,2017-05-07,Freiburg,Schalke 04,2,0,287,32,0,0.320361124751893,0.28513828376649814,0.3945005914816088,0.30876985871392565,0.2810660890634955,0.2617397706768539,0.4571941402596504,0.3629462250911094,0.2512400040489928,0.2684482235044033,0.4803117724466039,1.0,144.0
2016/17,2017-05-07,Hamburg,Mainz,0,0,288,32,1,0.335008839510427,0.32114951882975623,0.3438416416598168,0.11522899854472043,0.3614306245865336,0.3201234899506021,0.3184458854628645,0.11601993917861975,0.40826025838409535,0.28649842693620725,0.3052413146796974,1.0,144.0
2016/17,2017-05-13,Wolfsburg,M'gladbach,1,1,289,33,1,0.43716188809572143,0.32007167968000233,0.24276643222427616,0.12502302850916008,0.4514908720824005,0.2946759102039459,0.25383321771365347,0.1341376549942968,0.4692810278090428,0.256753232492382,0.2739657396985752,1.0,144.0
2016/17,2017-05-13,Schalke 04,Hamburg,1,1,290,33,1,0.5441879852840078,0.2608634658895385,0.19494854882645413,0.16707275000850386,0.5226612091320884,0.27725477819033445,0.20008401267757714,0.1566041758302887,0.535619372139202,0.24261966609275734,0.22176096176804064,1.0,144.0
2016/17,2017-05-13,RB Leipzig,Bayern Munich,4,5,291,33,2,0.1699603798548139,0.23433209193075547,0.5957075282144308,0.09616946673143902,0.16911109089051118,0.24235471594980248,0.5885341931596864,0.09895133563046452,0.19922380336351878,0.21733505821474774,0.5834411384217335,1.0,144.0
2016/17,2017-05-13,Mainz,Ein Frankfurt,4,2,292,33,0,0.28792968706172883,0.32159316604039456,0.3904771468978769,0.32975826640875666,0.3147107920376986,0.37416076495158357,0.3111284430107181,0.28321110329993593,0.5247118060156353,0.2725586325692328,0.20272956141513185,1.0,144.0
2016/17,2017-05-13,Werder Bremen,Hoffenheim,3,5,293,33,2,0.2604375130782931,0.21974963397952577,0.5198128529421814,0.1492036972089667,0.3067113421245311,0.24036064865817972,0.4529280092172892,0.1966798052433948,0.33220789671640744,0.2322306386998583,0.43556146458373424,1.0,144.0
2016/17,2017-05-13,Freiburg,Ingolstadt,1,1,294,33,1,0.46718549922542224,0.2782740292166121,0.2545404715579656,0.14152657117372927,0.4110151204446775,0.2792956841886477,0.3096891953666747,0.1324204134805056,0.3744567346253568,0.268788121840667,0.3567551435339763,1.0,144.0
2016/17,2017-05-13,Darmstadt,Hertha,0,2,295,33,2,0.3391064741584122,0.305392278781559,0.355501247060029,0.265185921678664,0.36096098461230497,0.3006451687352556,0.33839384665243927,0.28400776727982024,0.3566152309350437,0.27470360926368914,0.368681159801267,1.0,144.0
2016/17,2017-05-13,Augsburg,Dortmund,1,1,296,33,1,0.13230716733402945,0.15807057740928152,0.7096222552566892,0.26053446584177226,0.121120799252585,0.13577016726224722,0.7431090334851678,0.2834406418294226,0.13073713490959665,0.17385257301808066,0.6954102920723226,1.0,144.0
2016/17,2017-05-13,Leverkusen,FC Koln,2,2,297,33,1,0.3039932531883373,0.2928992172477681,0.40310752956389484,0.12745378918756736,0.3487427260544709,0.3097024994722391,0.3415547744732902,0.11914057647070189,0.4376009409767309,0.29086828124269354,0.27153077778057544,1.0,144.0
2016/17,2017-05-20,FC Koln,Mainz,2,0,298,34,0,0.3881865023752659,0.348747670217026,0.2630658274077083,0.22175969271275625,0.3769581484684693,0.3279678780956091,0.29507397343592157,0.23762489927955044,0.6631663572153207,0.19207166510345883,0.14476197768122043,1.0,144.0
2016/17,2017-05-20,Ein Frankfurt,RB Leipzig,2,2,299,34,1,0.4056573333427898,0.3166730162068527,0.2776696504503575,0.12082915343800352,0.32901268020686697,0.33264876879983535,0.3383385509932978,0.11136115941257521,0.33563987815426277,0.2800195554886992,0.3843405663570382,1.0,144.0
2016/17,2017-05-20,Bayern Munich,Freiburg,4,1,300,34,0,0.8453415544543667,0.09209230168066043,0.0625661438649731,0.013916878568362065,0.8445553127377649,0.09343709153347018,0.06200759572876494,0.014003996363058017,0.8461288952245978,0.10288359732290707,0.050987507452495244,1.0,144.0
2016/17,2017-05-20,Dortmund,Werder Bremen,4,3,301,34,0,0.7902463581080115,0.12597962396500856,0.08377401792698,0.02550733818329126,0.8084793457005578,0.11276697593891594,0.07875367836052616,0.021441151439299838,0.8252276604701659,0.102829415283717,0.07194292424611703,1.0,144.0
2016/17,2017-05-20,Ingolstadt,Schalke 04,1,1,302,34,1,0.35089588159739904,0.25386189124598946,0.3952422271566114,0.1396721689248672,0.4108219904802686,0.26814167267581646,0.3210363368439149,0.13591951871816477,0.39825825560320044,0.25918394412271784,0.34255780027408156,1.0,144.0
2016/17,2017-05-20,Hoffenheim,Augsburg,0,0,303,34,1,0.6692487257688907,0.19622207860077268,0.13452919563033663,0.23299598071011463,0.7227341097913489,0.17169044671035513,0.10557544349829612,0.2667453838628777,0.6770823239219487,0.19288199797383607,0.1300356781042153,1.0,144.0
2016/17,2017-05-20,M'gladbach,Darmstadt,2,2,304,34,1,0.806482457002738,0.11303327526901398,0.0804842677282481,0.32844583540246275,0.8152829681537888,0.10799651882629914,0.07672051301991208,0.3352861776398451,0.7833152762730229,0.13542795232936078,0.08125677139761647,1.0,144.0
2016/17,2017-05-20,Hertha,Leverkusen,2,6,305,34,2,0.31630912184808374,0.30349529957470356,0.3801955785772127,0.24210449068977102,0.3192631640027586,0.30618598862775753,0.37455084736948396,0.24655780520764153,0.46002891243164723,0.26626673464114364,0.27370435292720907,1.0,144.0
2016/17,2017-05-20,Hamburg,Wolfsburg,2,1,306,34,0,0.2728253623155828,0.29470182507385523,0.4324728126105616,0.3579078436693769,0.28898133369814055,0.28932217156131657,0.4216964947405427,0.3416877387530678,0.39659466557985784,0.28035140153058913,0.3230539328895531,1.0,144.0
2017/18,2017-08-18,Bayern Munich,Leverkusen,3,1,1,1,0,0.5234046718946592,0.2581367025274663,0.21845862557787482,0.13743363893060567,0.5875754455946627,0.23045058738526047,0.18197396702007654,0.10160426887473253,0.7666835443037976,0.14647088607594938,0.08684556962025317,1.0,144.0
2017/18,2017-08-19,Wolfsburg,Dortmund,0,3,2,1,2,0.37578202383674697,0.27997080520388345,0.34424717095936946,0.2856119511168159,0.3155808140283465,0.27465092034616956,0.40976826562548374,0.22398237522277153,0.24064950587412176,0.25707178186553165,0.5022787122603466,1.0,144.0
2017/18,2017-08-19,Schalke 04,RB Leipzig,2,0,3,1,0,0.45241685947746835,0.273654651080868,0.273928489441664,0.18744205655615512,0.4336592827306275,0.27743541727919885,0.28890529999017334,0.20210404019979977,0.34402662380294763,0.28174594190758645,0.3742274342894659,1.0,144.0
2017/18,2017-08-19,Mainz,Hannover,0,1,4,1,2,0.4916102719740978,0.26585692521177823,0.2425328028141237,0.4077186071615365,0.47750930406915426,0.27992654298744674,0.24256415294339878,0.40086209893947927,0.528769615647032,0.2608596770525358,0.21037070730043209,1.0,144.0
2017/18,2017-08-19,Hertha,Stuttgart,2,0,5,1,0,0.481119766465209,0.2682182210132116,0.2506620125215795,0.1660340706372439,0.4290281479430673,0.2797681402651546,0.2912037117917779,0.2054042288013164,0.48604430526713865,0.2727248601776722,0.24123083455518918,1.0,144.0
2017/18,2017-08-19,Hamburg,Augsburg,1,0,6,1,0,0.4607823256893744,0.272229209443555,0.2669884648670705,0.18101927033051746,0.41776705897109667,0.29396255407947547,0.28827038694942797,0.21104750680556963,0.4224073449393544,0.29517621694557294,0.28241643811507267,1.0,144.0
2017/18,2017-08-19,Hoffenheim,Werder Bremen,1,0,7,1,0,0.49018796943901133,0.26618844948495374,0.24362358107603513,0.15963037788051493,0.5395143282599104,0.24672220666072137,0.21376346507936833,0.12887093644032993,0.5289447639591498,0.23354363086501845,0.23751160517583186,1.0,144.0
2017/18,2017-08-20,M'gladbach,FC Koln,1,0,8,1,0,0.47168674676778355,0.27244079834052043,0.255872454891696,0.1722928033565555,0.4646177675575728,0.2784488916904362,0.25693334075199076,0.17632443820250795,0.5447719085029733,0.2546985546247667,0.2005295368722601,1.0,144.0
2017/18,2017-08-20,Freiburg,Ein Frankfurt,0,0,9,1,1,0.4381947710848953,0.2782130443617685,0.28359218455333607,0.13621959227293867,0.3822398084137894,0.29496713261019025,0.32279305897602045,0.12515131502965351,0.3332847297898792,0.30910318788083435,0.3576120823292865,1.0,144.0
2017/18,2017-08-25,FC Koln,Hamburg,1,3,10,2,2,0.4798193078031079,0.2791898566688406,0.24099083552805156,0.4031607399465295,0.5019541315920716,0.2857215152511977,0.2123243531567305,0.43619543742615674,0.4797896712856898,0.2820665502659387,0.23814377844837156,1.0,144.0
2017/18,2017-08-26,Werder Bremen,Bayern Munich,0,2,11,2,2,0.312299048159819,0.27738901251922593,0.4103119393209551,0.22263135219447094,0.2644362894104912,0.24621084026237366,0.48935287032713537,0.16534352110016234,0.07500816544585867,0.13830619535797567,0.7866856391961657,1.0,144.0
2017/18,2017-08-26,Stuttgart,Mainz,1,0,12,2,0,0.43956511317706565,0.29389737866303256,0.26653750815990185,0.19256475281216245,0.424821783861412,0.3050699864202833,0.27010822971830484,0.20189421804096233,0.3968400135704938,0.2753356273930112,0.32782435903649493,1.0,144.0
2017/18,2017-08-26,Leverkusen,Hoffenheim,2,2,13,2,1,0.4857438020811217,0.2663842643520681,0.24787193356681025,0.14869376835518658,0.4649658629879213,0.269607109070729,0.2654270279413497,0.14332238045294024,0.4973751008634235,0.24133717948299127,0.26128771965358516,1.0,144.0
2017/18,2017-08-26,Dortmund,Hertha,2,0,14,2,0,0.5734956172386018,0.25219165377983704,0.17431272898156128,0.10614545799984024,0.6659296457931504,0.2056195600034512,0.12845079420339858,0.06405130404568689,0.6959227427096971,0.1872616540497467,0.11681560324055629,1.0,144.0
2017/18,2017-08-26,Augsburg,M'gladbach,2,2,15,2,1,0.3657632578974425,0.28194029418374017,0.35229644791881776,0.12894777402198349,0.35741269620821164,0.2844490354737395,0.35813826831804907,0.12800342732233705,0.28328266595079343,0.2849296581946934,0.4317876758545133,1.0,144.0
2017/18,2017-08-26,Ein Frankfurt,Wolfsburg,0,1,16,2,2,0.4331632233881678,0.2841147350904063,0.2827220415214259,0.35105902390760946,0.44677750476151135,0.29526948521243224,0.25795301002605664,0.3751219370451561,0.43924562191288735,0.29239335428828017,0.26836102379883253,1.0,144.0
2017/18,2017-08-27,Hannover,Schalke 04,1,0,17,2,0,0.3460526309584971,0.29472477827623567,0.3592225907652672,0.2783440155962072,0.3645895736119195,0.29302420327368234,0.3423862231143987,0.26048736787061233,0.3148105677515894,0.2888085149579478,0.3963809172904627,1.0,144.0
2017/18,2017-08-27,RB Leipzig,Freiburg,4,1,18,2,0,0.5251608993396486,0.2614571327461796,0.21338196791417163,0.13550201787342797,0.5398324469239695,0.2580552436282837,0.20211230944774664,0.1263017812671416,0.7105027457610041,0.1896506361992622,0.09984661803973376,1.0,144.0
2017/18,2017-09-08,Hamburg,RB Leipzig,0,2,19,3,2,0.37457553342027244,0.29901804307872376,0.32640642350100363,0.29701756826889536,0.3428049528121131,0.31092860458704646,0.3462664426008407,0.2724413998711377,0.22996823591936622,0.2461469057830402,0.5238848582975936,1.0,144.0
2017/18,2017-09-09,Augsburg,FC Koln,3,0,20,3,0,0.42572659338344815,0.2672232613188577,0.30705014529769425,0.21203486863715726,0.4006943370893681,0.28697472062692075,0.3123309422837107,0.22835894755229147,0.43608819494207846,0.28276612063967627,0.28114568441824545,1.0,144.0
2017/18,2017-09-09,Freiburg,Dortmund,0,0,21,3,1,0.24803892217746043,0.2718724907100728,0.4800885871124668,0.1460041791953004,0.23724478675240637,0.2558503244798644,0.5069048887677292,0.15661882754890935,0.0983103319332481,0.16473176628142583,0.736957901785326,1.0,144.0
2017/18,2017-09-09,Hoffenheim,Bayern Munich,2,0,22,3,0,0.2946435647906559,0.2839515846428883,0.42140485056645555,0.33755487438608534,0.3057086777108397,0.28556812567542256,0.4087231966137375,0.3245475458280913,0.1407091293423204,0.1940334224065728,0.6652574482511067,1.0,144.0
2017/18,2017-09-09,Mainz,Leverkusen,3,1,23,3,0,0.3517726821872377,0.2801043269190172,0.36812299089374506,0.27785659599164214,0.3445000555877117,0.28223484781493274,0.37326509659735596,0.28450350473117314,0.2794229309035687,0.2665148063781321,0.4540622627182991,1.0,144.0
2017/18,2017-09-09,M'gladbach,Ein Frankfurt,0,1,24,3,2,0.4275483582543794,0.2973944833246745,0.27505715842094647,0.3541698611013643,0.4179236895392015,0.2995649353025209,0.2825113751582775,0.3447250685276624,0.49479716976503035,0.27138459726724656,0.23381823296772314,1.0,144.0
2017/18,2017-09-09,Wolfsburg,Hannover,1,1,25,3,1,0.5085696485520383,0.2786516779194224,0.21277867352853921,0.15195892566845426,0.4824531310299831,0.28849665424753634,0.22905021472248074,0.14261251225252425,0.5264483473965336,0.26251847886261465,0.21103317374085187,1.0,144.0
2017/18,2017-09-10,Schalke 04,Stuttgart,3,1,26,3,0,0.43809804115015527,0.2987774568930412,0.26312450195680387,0.19248415744465427,0.43243971186514685,0.2984292501589345,0.26913103797591825,0.19727809813485644,0.548201783939972,0.2555419774095182,0.19625623865050998,1.0,144.0
2017/18,2017-09-10,Hertha,Werder Bremen,1,1,27,3,1,0.5096530885959898,0.2818725206896167,0.2084743907143936,0.1516039211495847,0.4389028859022103,0.28525342119557917,0.27584369290221095,0.13436274308360885,0.45586815732664054,0.2792354809835548,0.2648963616898046,1.0,144.0
2017/18,2017-09-15,Hannover,Hamburg,2,0,28,4,0,0.43654549659209163,0.30130474567012433,0.2621497577377838,0.19310173644631573,0.4568114441035853,0.30886575320842247,0.2343228026879924,0.17498049155819406,0.4994483456860632,0.26967458885528484,0.23087706545865183,1.0,144.0
2017/18,2017-09-16,RB Leipzig,M'gladbach,2,2,29,4,1,0.48268226553896243,0.2807798400496442,0.2365378944113936,0.14446617247920046,0.48915313332838206,0.2735093613770909,0.23733750529452655,0.14779993963220178,0.5664984208019078,0.23390030262226738,0.1996012765758249,1.0,144.0
2017/18,2017-09-16,Bayern Munich,Mainz,4,0,30,4,0,0.6338278621792067,0.2194685912552707,0.14670354656552245,0.07780198254557624,0.647630187166864,0.21700732779096732,0.1353624850421685,0.0712437436764253,0.8356958636675265,0.1138258626881264,0.050478273644347225,1.0,144.0
2017/18,2017-09-16,Ein Frankfurt,Augsburg,1,2,31,4,2,0.4805382627025446,0.2815627999628682,0.23789893733458742,0.4058575258184656,0.4948444448200274,0.28497938489744806,0.2201761702825248,0.4264981149822356,0.5126745538875183,0.2758333515282141,0.2114920945842678,1.0,144.0
2017/18,2017-09-16,Werder Bremen,Schalke 04,1,2,32,4,2,0.34082144542350395,0.3015876134777533,0.3575909410987429,0.2644243283094827,0.361984071392946,0.2815738328676192,0.35644209573943453,0.27259962203923216,0.3439558819638423,0.28331626115518804,0.3727278568809698,1.0,144.0
2017/18,2017-09-16,Stuttgart,Wolfsburg,1,0,33,4,0,0.40657042879831695,0.2954355646217078,0.2979940065799751,0.22047954196709987,0.41278638991316824,0.29832978338790267,0.28888382669892904,0.21413684459971327,0.43574684274055525,0.27158736735907185,0.2926657899003729,1.0,144.0
2017/18,2017-09-17,Dortmund,FC Koln,5,0,34,4,0,0.5995008527268665,0.24119898800399567,0.15930015926913788,0.09288805385483989,0.6285550615586815,0.2291123039640968,0.14233263447722175,0.07911496056545067,0.7331973330551509,0.1623941200485789,0.10440854689627017,1.0,144.0
2017/18,2017-09-17,Hoffenheim,Hertha,1,1,35,4,1,0.48316422510560875,0.2924075129889641,0.22442826190542675,0.1419078565818972,0.51970906462703,0.2858827049024768,0.1944082304704933,0.15394603596508544,0.5508669668069085,0.25534979190528573,0.19378324128780577,1.0,144.0
2017/18,2017-09-17,Leverkusen,Freiburg,4,0,36,4,0,0.5992402965977273,0.24354399941088314,0.15721570399138948,0.09266255872629293,0.6236632386668889,0.22688540489310707,0.14945135644000387,0.0819825329362261,0.7044899788614243,0.1826942295927947,0.11281579154578107,1.0,144.0
2017/18,2017-09-19,Wolfsburg,Werder Bremen,1,1,37,5,1,0.426682431020941,0.31936207552675533,0.25395549345230367,0.12327564479827155,0.4585323941383809,0.29332997618080436,0.24813762968081496,0.1359121198689443,0.5050972706388858,0.259917428392424,0.23498530096869025,1.0,144.0
2017/18,2017-09-19,Schalke 04,Bayern Munich,0,3,38,5,2,0.2937645870658636,0.2672603271092789,0.4389750858248577,0.20052329346960165,0.2520115415488126,0.25766731556851585,0.49032114288267176,0.16164117723311755,0.15971100702899838,0.2245478149283853,0.6157411780426163,1.0,144.0
2017/18,2017-09-19,M'gladbach,Stuttgart,2,0,39,5,0,0.48607630045223316,0.2751397253715833,0.2387839741761834,0.16056767764011778,0.5181689751774389,0.27153581510377117,0.21029520971878995,0.1381926058561147,0.5733759798905906,0.23512540182563788,0.1914986182837715,1.0,144.0
2017/18,2017-09-19,Augsburg,RB Leipzig,1,0,40,5,0,0.3801617686700653,0.2829266359351472,0.33691159539478754,0.24885442806484126,0.337908876777103,0.289239267552558,0.3728518556703393,0.2886915808636863,0.30643937182555897,0.2708856325529803,0.4226749956214607,1.0,144.0
2017/18,2017-09-20,Mainz,Hoffenheim,2,3,41,5,2,0.38187469816040787,0.3151354555519234,0.3029898462876689,0.3158257197365951,0.375174060974467,0.3269806688646923,0.29784527016084084,0.31688842033178793,0.38114629391014926,0.27515336386210215,0.34370034222774865,1.0,144.0
2017/18,2017-09-20,Hertha,Leverkusen,2,1,42,5,0,0.30048954625077956,0.31458800118762664,0.38492245256159374,0.3187400846952364,0.30256999583438415,0.30740000995974387,0.39002999420587187,0.31926600354534174,0.3045127232657663,0.27465853471029905,0.4208287420239346,1.0,144.0
2017/18,2017-09-20,FC Koln,Ein Frankfurt,0,1,43,5,2,0.42155223010959025,0.2993033400600757,0.27914442983033405,0.34866951787750156,0.3753922318107651,0.3103886858883621,0.31421908230087264,0.3056073973920621,0.33005229160258387,0.2943709627806829,0.3755767456167334,1.0,144.0
2017/18,2017-09-20,Freiburg,Hannover,1,1,44,5,1,0.35798950002620233,0.3224455559688791,0.3195649440049187,0.11513911778293856,0.3344007106713603,0.3223166257784402,0.3432826635501995,0.11483341119581517,0.32604536448052857,0.29649442510162866,0.37746021041784267,1.0,144.0
2017/18,2017-09-20,Hamburg,Dortmund,0,3,45,5,2,0.23511847384673626,0.2585232941705674,0.5063582319826966,0.1494814459376339,0.22138446840347756,0.2603029754335599,0.5183125561629627,0.14051693820027472,0.11413407125967247,0.17190316180938364,0.7139627669309438,1.0,144.0
2017/18,2017-09-22,Bayern Munich,Wolfsburg,2,2,46,6,1,0.6357257508750136,0.21910820494689143,0.14516604417809503,0.21261020535395825,0.6552580235065318,0.21297682720355096,0.13176514928991762,0.22336256596854043,0.8647667265481256,0.08843315846148252,0.04680011499039185,1.0,144.0
2017/18,2017-09-23,Mainz,Hertha,1,0,47,6,0,0.407841789071496,0.3172245620891293,0.2749336488393749,0.21311992901708962,0.436322574616366,0.3249018931326445,0.23877553225098924,0.18737299734443283,0.43769527462345664,0.29442565019716005,0.2678790751793833,1.0,144.0
2017/18,2017-09-23,Dortmund,M'gladbach,6,1,48,6,0,0.5038532861132923,0.28960008599448916,0.20654662789221898,0.14441153559711262,0.5657011111252793,0.258660463462585,0.1756384254121359,0.10973219067953567,0.7000553403431101,0.17819590481460987,0.12174875484228001,1.0,144.0
2017/18,2017-09-23,Hoffenheim,Schalke 04,2,0,49,6,0,0.4028273560263212,0.293888341366179,0.3032843026074998,0.22429826745931586,0.45184539300533455,0.2955763679903543,0.25257823900431103,0.18213461999399755,0.4666625202139569,0.2677571837293195,0.2655802960567235,1.0,144.0
2017/18,2017-09-23,Werder Bremen,Freiburg,0,0,50,6,1,0.48850373664059776,0.2790832581200668,0.2324130052393357,0.14632585285810293,0.49515702851496424,0.2700688404438623,0.23477413104117353,0.15014968774695361,0.5478503163980104,0.24394330008767137,0.20820638351431822,1.0,144.0
2017/18,2017-09-23,Stuttgart,Augsburg,0,0,51,6,1,0.3634298958851517,0.3037993815403437,0.33277072257450446,0.12140882151292506,0.4373853346590145,0.30291891607687954,0.25969574926410616,0.12937390658031173,0.4453834249730786,0.28319177310426963,0.2714248019226518,1.0,144.0
2017/18,2017-09-23,RB Leipzig,Ein Frankfurt,2,1,52,6,0,0.5214142782448188,0.2623137137008431,0.2162720080543381,0.13790893726789172,0.48444759705887785,0.281050027130463,0.23450237581065897,0.16039282221960438,0.5422903708211224,0.26600150980656684,0.19170811937231083,1.0,144.0
2017/18,2017-09-24,Hannover,FC Koln,0,0,53,6,1,0.4212536124856352,0.2896634181819745,0.28908296933239014,0.1305117845951147,0.4101734937487814,0.2910288346243713,0.29879767162684745,0.12876117177185342,0.47105534630424867,0.2744524146534558,0.2544922390422954,1.0,144.0
2017/18,2017-09-24,Leverkusen,Hamburg,3,0,54,6,0,0.6268524232121968,0.23107491413452771,0.14207266265327512,0.07971187776800044,0.63450715392178,0.22876849039817584,0.13672435568004362,0.07613928498524031,0.6959199751712942,0.1851409745267028,0.11893905030200301,1.0,144.0
2017/18,2017-09-29,Schalke 04,Leverkusen,1,1,55,7,1,0.4657786332350329,0.2813610221017883,0.2528603446631787,0.14044404454073842,0.49411425781009305,0.27045888677591834,0.23542685541398875,0.14978735201066912,0.35171656634093706,0.27798561475671796,0.3702978189023451,1.0,144.0
2017/18,2017-09-30,Wolfsburg,Mainz,1,1,56,7,1,0.48374996487305066,0.2905324818471062,0.22571755327984305,0.1424812211866583,0.4512752032013839,0.28776757086126864,0.26095722593734716,0.13587399139668305,0.4395355433561086,0.2874381999073672,0.2730262567365243,1.0,144.0
2017/18,2017-09-30,M'gladbach,Hannover,2,1,57,7,0,0.6631212407999383,0.2012582868624254,0.13562047233763624,0.06594010545862837,0.5812462670021092,0.24384843505215476,0.17490529794573617,0.10297327607457774,0.5762397242110846,0.23892866613630337,0.18483160965261203,1.0,144.0
2017/18,2017-09-30,Ein Frankfurt,Stuttgart,2,1,58,7,0,0.4471037915397182,0.33439380691669507,0.21850240154358702,0.1767187584050351,0.5007026204279454,0.307420794735673,0.19187658483638156,0.1430572485279967,0.4583843925806273,0.28682532167325797,0.2547902857461149,1.0,144.0
2017/18,2017-09-30,Augsburg,Dortmund,1,2,59,7,2,0.2471266432226474,0.30566337236776764,0.4472099844095849,0.1833241895634725,0.24052284499062732,0.2921880709478708,0.4672890840615018,0.17081607946120952,0.17445497963367262,0.22452634053080875,0.6010186798355185,1.0,144.0
2017/18,2017-09-30,Hamburg,Werder Bremen,0,0,60,7,1,0.34626556876955683,0.31103694294496675,0.3426974882854763,0.11867070629623946,0.35691737527415124,0.30711240649992616,0.33597021822592266,0.12013300015368165,0.3754110111157885,0.28903325634578403,0.33555573253842735,1.0,144.0
2017/18,2017-10-01,Hertha,Bayern Munich,2,2,61,7,1,0.2602282492498579,0.3080660837569995,0.4317056669931427,0.12704426231082017,0.2222162114875648,0.291669043593315,0.4861147449191203,0.14284379493783372,0.07816392990017648,0.1542418522519966,0.7675942178478269,1.0,144.0
2017/18,2017-10-01,FC Koln,RB Leipzig,1,2,62,7,2,0.40376115980960176,0.26587177026808106,0.33036706992231707,0.3057156676076088,0.41856351833130573,0.2755937121725804,0.30584276949611405,0.3285248397693533,0.25516088591725866,0.28483075637275385,0.46000835770998744,1.0,144.0
2017/18,2017-10-01,Freiburg,Hoffenheim,3,2,63,7,0,0.4075450798799556,0.32062261776847456,0.2718323023515698,0.21244781648810174,0.3593864604239436,0.31179552899012536,0.32881801058593113,0.2592534955869265,0.2986398280667293,0.26984535428619066,0.4315148176470802,1.0,144.0
2017/18,2017-10-13,Stuttgart,FC Koln,2,1,64,8,0,0.4627136029909659,0.2995606287608953,0.23772576824813862,0.17259510665005856,0.4775168124700356,0.29397536603415003,0.22850782149581425,0.1626022528681175,0.5215683629261472,0.26573130685668206,0.21270033021717064,1.0,144.0
2017/18,2017-10-14,Hertha,Schalke 04,0,2,65,8,2,0.4735966630734678,0.28217876985565704,0.24422456707087536,0.397745152146765,0.3417990455890547,0.30664798658161646,0.3515529678293288,0.2686550705482701,0.35409479540381283,0.30651330727142545,0.3393918973247617,1.0,144.0
2017/18,2017-10-14,Mainz,Hamburg,3,2,66,8,0,0.5122478198621487,0.26933542374701186,0.21841675639083932,0.1428040343507611,0.5130728803115084,0.2834612201638947,0.203465899524597,0.13924819607874195,0.5363125525419229,0.2596433786115659,0.20404406884651122,1.0,144.0
2017/18,2017-10-14,Hoffenheim,Augsburg,2,2,67,8,1,0.39156719711928245,0.35522148021715266,0.25321132266356455,0.10872042189244147,0.4349090840779093,0.3206155717254627,0.24447534419662786,0.12445705266677287,0.5215916101172116,0.25805058605798886,0.2203578038247995,1.0,144.0
2017/18,2017-10-14,Hannover,Ein Frankfurt,1,2,68,8,2,0.35485133977112804,0.33012689276244706,0.315021767466425,0.29755732619109254,0.35996355781723877,0.32338123826990717,0.31665520391285423,0.2982669366479138,0.3602912495124171,0.3006111038876609,0.339097646599922,1.0,144.0
2017/18,2017-10-14,Dortmund,RB Leipzig,2,3,69,8,2,0.6053806722872253,0.23055614161157792,0.16406318610119683,0.5326380576051075,0.5932658927279656,0.23488622211387744,0.1718478851581574,0.5189001723956636,0.6394267308457892,0.20553002062900366,0.1550432485252072,1.0,144.0
2017/18,2017-10-14,Bayern Munich,Freiburg,5,0,70,8,0,0.6956065500158849,0.1897929271570257,0.11460052282708931,0.05289432611273712,0.6961011113845261,0.1871353214199406,0.11676356719553338,0.052994132562973,0.9024171888988362,0.07025962399283796,0.027323187108325875,1.0,144.0
2017/18,2017-10-15,Leverkusen,Wolfsburg,2,2,71,8,1,0.5098353730905987,0.2926570193530664,0.19750760755633492,0.14947068134852856,0.4941210792086889,0.2887432828994952,0.21713563789181625,0.1456517630805226,0.6287782373528475,0.2109449570474069,0.16027680559974547,1.0,144.0
2017/18,2017-10-15,Werder Bremen,M'gladbach,0,2,72,8,2,0.34314274736663786,0.2900480337277518,0.3668092189056105,0.25933875516662375,0.3415043945114548,0.27708077527749936,0.3814148302110463,0.24963643187673232,0.34895665409502963,0.2739017312868808,0.37714161461808965,1.0,144.0
2017/18,2017-10-20,Schalke 04,Mainz,2,0,73,9,0,0.5832759995738992,0.2398304018573208,0.17689359856877987,0.10247511887287279,0.5500425466897838,0.2596215117149476,0.19033594159526873,0.11934474022618644,0.553932206929444,0.2507570348504133,0.19531075822014263,1.0,144.0
2017/18,2017-10-21,Ein Frankfurt,Dortmund,2,2,74,9,1,0.2713915274751337,0.27836717757658874,0.4502412949482775,0.13818529243099406,0.2851959347996387,0.2930224104196353,0.4217816547807262,0.12961824276790365,0.2525554840838418,0.2599244769881449,0.4875200389280131,1.0,144.0
2017/18,2017-10-21,Augsburg,Hannover,1,2,75,9,2,0.45780811149460443,0.3042551601632347,0.23793672834216076,0.3951643484800528,0.45136555231582026,0.3032259011360516,0.24540854654812805,0.38656956171998696,0.49189587345209035,0.2681843255259342,0.23991980102197544,1.0,144.0
2017/18,2017-10-21,M'gladbach,Leverkusen,1,5,76,9,2,0.42807119990502407,0.2718251341735792,0.30010366592139676,0.3365499153223975,0.40190951209053216,0.2746002843291517,0.32349020358031594,0.3095983802803258,0.3349134114749379,0.2562131320160752,0.40887345650898677,1.0,144.0
2017/18,2017-10-21,Hamburg,Bayern Munich,0,1,77,9,2,0.19437106198668794,0.23982419531876656,0.5658047426945455,0.11315281560219136,0.1878378595370912,0.22918170126449228,0.5829804391984168,0.10459418778331078,0.08012602575419064,0.1283063811096517,0.7915675931361577,1.0,144.0
2017/18,2017-10-21,RB Leipzig,Stuttgart,1,0,78,9,0,0.5556970283794118,0.24858813695932266,0.19571483466126585,0.11785471354868583,0.4801759289078935,0.2824660713680843,0.23735799972402238,0.16327794245988014,0.6795904053864498,0.191134801514939,0.1292747930986113,1.0,144.0
2017/18,2017-10-22,FC Koln,Werder Bremen,0,0,79,9,1,0.40033415710149484,0.2938335777883645,0.30583226511014067,0.12690040586228185,0.4184202246187803,0.291519728799674,0.29006004658154577,0.1296051574964595,0.3813192103996148,0.2784063553201733,0.3402744342802118,1.0,144.0
2017/18,2017-10-22,Freiburg,Hertha,1,1,80,9,1,0.40654069519793495,0.3469142748146081,0.2465450299874569,0.11302989433176816,0.41274071123638584,0.34140839500046916,0.24585089376314512,0.11539877833802742,0.32050075158287916,0.3008381287863835,0.3786611196307375,1.0,144.0
2017/18,2017-10-22,Wolfsburg,Hoffenheim,1,1,81,9,1,0.4108790710261103,0.3218686180570335,0.2672523109168563,0.12012270434883969,0.3975366429735193,0.31730185676781136,0.2851615002586689,0.11967623186821523,0.37596198389097263,0.27106651324735875,0.3529715028616686,1.0,144.0
2017/18,2017-10-27,Mainz,Ein Frankfurt,1,1,82,10,1,0.4106476846780084,0.3053716154087533,0.28398069991323865,0.12463827942731087,0.36013729375763803,0.3341083469456463,0.30575435929671574,0.11159229929201019,0.3391141770356521,0.2882470504803043,0.37263877248404365,1.0,144.0
2017/18,2017-10-28,Bayern Munich,RB Leipzig,2,0,83,10,0,0.5727655750355373,0.25628691109158674,0.17094751387287585,0.10587615318701613,0.5757054265172126,0.25107581177857735,0.17321876170421013,0.10501531224664021,0.6963780703139579,0.18284787321092752,0.12077405647511447,1.0,144.0
2017/18,2017-10-28,Hannover,Dortmund,4,2,84,10,0,0.2636807411625819,0.30206339203334265,0.4342558668040753,0.3653721043943218,0.28629801045061093,0.28251504910868724,0.4311869404407017,0.3476463537466848,0.12976585628420204,0.1860141742172782,0.6842199694985198,1.0,144.0
2017/18,2017-10-28,Hertha,Hamburg,2,1,85,10,0,0.3972111959233071,0.33312296554959875,0.2696658385270941,0.21803700339436521,0.4068895692512093,0.36125299695148033,0.23185743379731077,0.2027689263350451,0.43553082745681565,0.3024519635116775,0.2620172090315067,1.0,144.0
2017/18,2017-10-28,Hoffenheim,M'gladbach,1,3,86,10,2,0.460901688952504,0.26472687470523004,0.27437143634226585,0.36948358963762845,0.4531389745818926,0.2748160027379682,0.27204502268013947,0.36762668964494405,0.4207482783951712,0.2546346723794153,0.32461704922541357,1.0,144.0
2017/18,2017-10-28,Schalke 04,Wolfsburg,1,1,87,10,1,0.4997936839425646,0.27439514378625907,0.22581117227117592,0.1503922060156815,0.5286061702752738,0.2542352697343047,0.2171585599904217,0.16329116171510263,0.5082725022466773,0.27324956248916077,0.2184779352641619,1.0,144.0
2017/18,2017-10-28,Leverkusen,FC Koln,2,1,88,10,0,0.6629533884401032,0.1905618606488151,0.14648475091108185,0.0675291003067448,0.5931968738947364,0.2194182057030081,0.1873849204022557,0.10030094590158731,0.6794087548943111,0.18997060331025398,0.13062064179543498,1.0,144.0
2017/18,2017-10-29,Stuttgart,Freiburg,3,0,89,10,0,0.45428101680181965,0.3063651151248492,0.239353868073331,0.17754974139226073,0.4989840859087099,0.2893520168795338,0.21166389721175638,0.14790927577779994,0.5206351183063511,0.25226650062266504,0.22709838107098382,1.0,144.0
2017/18,2017-10-29,Werder Bremen,Augsburg,0,3,90,10,2,0.3766862066800236,0.33004649140001985,0.29326730191995626,0.32068180241924166,0.4065483142838677,0.30741602988364025,0.28603565583249185,0.33751330829479703,0.46963942645210566,0.27341125383980525,0.2569493197080892,1.0,144.0
2017/18,2017-11-03,Ein Frankfurt,Werder Bremen,2,1,91,11,0,0.46272375012272116,0.31417781686299523,0.22309843301428403,0.16921933974781048,0.5000442998625265,0.2861381251897244,0.21381757494774895,0.1478368287282438,0.5421338834777658,0.24593040829442506,0.21193570822780908,1.0,144.0
2017/18,2017-11-04,RB Leipzig,Hannover,2,1,92,11,0,0.5011203415160185,0.29971770152963,0.1991619569543514,0.14427319937349048,0.48848856662998424,0.31291723744460415,0.19859419592541144,0.1505418005617544,0.6533369647593785,0.20545187571049642,0.14121115953012503,1.0,144.0
2017/18,2017-11-04,M'gladbach,Mainz,1,1,93,11,1,0.6264342537315339,0.21408832150837487,0.1594774247600913,0.2089264616281472,0.5576342919690331,0.24714263243265328,0.19522307559831356,0.17453402641293486,0.6117199563137875,0.22295032576356724,0.16532971792264528,1.0,144.0
2017/18,2017-11-04,Hamburg,Stuttgart,3,1,94,11,0,0.319655862169979,0.3161335565423501,0.36421058128767075,0.2977587467007889,0.2936061266855494,0.31125552237162035,0.3951383509428303,0.32756331032100566,0.344882370913535,0.29501985945615644,0.36009776963030854,1.0,144.0
2017/18,2017-11-04,Freiburg,Schalke 04,0,1,95,11,2,0.3160376483996504,0.3232105521801942,0.36075179942015617,0.2542590285752751,0.2849836497870916,0.3116842130528995,0.4033321371600092,0.21861410959600705,0.2374043787918755,0.27235557900290164,0.4902400422052229,1.0,144.0
2017/18,2017-11-04,Dortmund,Bayern Munich,1,3,96,11,2,0.31297520389581773,0.2731870322972797,0.4138377638069028,0.22076982269626055,0.29750629741749707,0.2708569006237833,0.43163680195871934,0.20577336094539,0.26128771965358516,0.24133717948299127,0.4973751008634235,1.0,144.0
2017/18,2017-11-04,Augsburg,Leverkusen,1,1,97,11,1,0.3136023206801518,0.2860665587232966,0.40033112059655185,0.12930571082703377,0.38142576660319716,0.27934215416163766,0.3392320792351652,0.13028200950552501,0.2899059206337979,0.26060691801655234,0.4494871613496499,1.0,144.0
2017/18,2017-11-05,FC Koln,Hoffenheim,0,3,98,11,2,0.32935585905895315,0.264381149520311,0.40626299142073613,0.2304994586265571,0.3079610614135144,0.26981508226677037,0.4222238563197153,0.2143326437764998,0.37136267653093313,0.2708280292932772,0.3578092941757896,1.0,144.0
2017/18,2017-11-05,Wolfsburg,Hertha,3,3,99,11,1,0.455568007966678,0.32368566843745156,0.22074632359587043,0.12813557463190997,0.4440449021397539,0.33017354169166185,0.22578155616858456,0.1240765931111056,0.4903724277072327,0.281015717883801,0.2286118544089663,1.0,144.0
2017/18,2017-11-17,Stuttgart,Dortmund,2,1,100,12,0,0.3164655121906062,0.2804201454544818,0.40311434235491217,0.31486028451854176,0.3188176883146209,0.28522057067885515,0.39596174100652387,0.31039752104697726,0.22226594979745584,0.2361910454474169,0.5415430047551273,1.0,144.0
2017/18,2017-11-18,Mainz,FC Koln,1,0,101,12,0,0.5221877571965965,0.242801368140254,0.23501087466314943,0.14176732529137862,0.5356190359030185,0.25746986848275216,0.20691109561422932,0.12923094065196136,0.5113260371595826,0.2660558242131162,0.22261813862730123,1.0,144.0
2017/18,2017-11-18,Leverkusen,RB Leipzig,2,2,102,12,1,0.3841847311944715,0.2770494292312594,0.338765839574269,0.13118010087271387,0.47160040465453473,0.26906110069723993,0.2593384946482256,0.14483169823836425,0.4028208141895501,0.259643124265413,0.33753606154503685,1.0,144.0
2017/18,2017-11-18,Wolfsburg,Freiburg,3,1,103,12,0,0.4506803309030902,0.3240194614939275,0.2253002076029826,0.17625614120134267,0.4692861020025362,0.3084646787841387,0.222249219213325,0.16552597848429754,0.5955794025786819,0.24145110915351967,0.16296948826779853,1.0,144.0
2017/18,2017-11-18,Hertha,M'gladbach,2,4,104,12,2,0.2627072227917375,0.2931436702237936,0.4441491069844691,0.18899265008655555,0.2550983091565378,0.2802471301176233,0.46465456072583877,0.17583494334308453,0.3129004579846447,0.27902519472704784,0.4080743472883075,1.0,144.0
2017/18,2017-11-18,Bayern Munich,Augsburg,3,0,105,12,0,0.6199727411165056,0.24199156655969564,0.13803569232379878,0.08173728492490646,0.6559495063785157,0.21920624650779144,0.124844247113693,0.06697841409928593,0.8303378864126527,0.1113407620416966,0.0583213515456506,1.0,144.0
2017/18,2017-11-18,Hoffenheim,Ein Frankfurt,1,1,106,12,1,0.4321877915450828,0.2820362436081149,0.28577596484680196,0.13422709462236837,0.48481669268009414,0.2812204886264393,0.23396281869346672,0.1448929130161284,0.433391615970406,0.26615898154704276,0.30044940248255136,1.0,144.0
2017/18,2017-11-19,Werder Bremen,Hannover,4,0,107,12,0,0.31420779135937654,0.3330019313199852,0.35279027732063867,0.2973859666020786,0.36134768305290854,0.33511746623046035,0.303534850716631,0.2500050937707278,0.44986074392433517,0.2650530869608245,0.28508616911484036,1.0,144.0
2017/18,2017-11-19,Schalke 04,Hamburg,2,0,108,12,0,0.5514620411983647,0.2648346881315175,0.18370327067011785,0.11746659607041803,0.5724824687765809,0.25831837972093824,0.16919915150248077,0.1056997961862633,0.5513443799590658,0.26100877561891944,0.1876468444220147,1.0,144.0
2017/18,2017-11-24,Hannover,Stuttgart,1,1,109,13,1,0.3665518159794451,0.3206243903381956,0.3128237936823589,0.11610947984582612,0.3084078580517325,0.3087516539810572,0.38284048796721015,0.12084112306751463,0.3935024564067674,0.2873375708072876,0.31915997278594493,1.0,144.0
2017/18,2017-11-25,RB Leipzig,Werder Bremen,2,0,110,13,0,0.6380203823042261,0.21692572946664385,0.14505388822912993,0.07603493705878381,0.6702277916703785,0.19704617435102947,0.13272603397859198,0.06318295474114083,0.6700105683656031,0.1976192787502587,0.13237015288413811,1.0,144.0
2017/18,2017-11-25,Freiburg,Mainz,2,1,111,13,0,0.3889274258830399,0.3319653194957092,0.27910725462125135,0.22565527521006973,0.40760241916599643,0.31740444854615796,0.2749931322878457,0.21327805829173022,0.4534019439679817,0.2790165809033734,0.26758147512864494,1.0,144.0
2017/18,2017-11-25,M'gladbach,Bayern Munich,2,1,112,13,0,0.35247296878874146,0.2589804904695338,0.3885465407417247,0.2851298352358135,0.3254195763793299,0.2553853025113858,0.4191951211092848,0.3153916487470351,0.1863266164493557,0.22081596757542157,0.5928574159752227,1.0,144.0
2017/18,2017-11-25,Dortmund,Schalke 04,4,4,113,13,1,0.6808879950849931,0.1853461361530653,0.13376586876194171,0.2407508847482493,0.625110120047223,0.20916375090064254,0.16572612905213438,0.20911390601802912,0.5935271197125864,0.22307966914026597,0.1833932111471475,1.0,144.0
2017/18,2017-11-25,Ein Frankfurt,Leverkusen,0,1,114,13,2,0.3058383560028971,0.3100961353581723,0.3840655086389304,0.23645619882538704,0.3403216895650741,0.30057029051910994,0.35910801991581587,0.2632806912623264,0.37971464578269865,0.2728868485012152,0.34739850571608605,1.0,144.0
2017/18,2017-11-25,Augsburg,Wolfsburg,2,1,115,13,0,0.42858779398483077,0.2998166006782271,0.2715956053369423,0.20013804101073107,0.4436115349173747,0.2893375637009166,0.26705090138170856,0.19044215400289138,0.44983788987838197,0.2739236312667242,0.2762384788548938,1.0,144.0
2017/18,2017-11-26,FC Koln,Hertha,0,2,116,13,2,0.38681663987912124,0.28211340917878036,0.33106995094209857,0.2985472617099902,0.4257265710036513,0.2972120839481873,0.27706134504816105,0.35194170604105024,0.2995332750701947,0.29064504732330465,0.40982167760650073,1.0,144.0
2017/18,2017-11-26,Hamburg,Hoffenheim,3,0,117,13,0,0.3974939281497077,0.2753074514191875,0.3271986204311044,0.23503625191424393,0.29935497823792145,0.28495674365582696,0.41568827810625175,0.331850095537462,0.3788875440719886,0.28037678261327154,0.34073567331473975,1.0,144.0
2017/18,2017-12-01,Freiburg,Hamburg,0,0,118,14,1,0.5053161252547725,0.2856704146019859,0.20901346014324163,0.1495155064817737,0.5166896552933804,0.29670006845065705,0.18661027625596255,0.15089579754575946,0.356589888177387,0.30172990538086597,0.3416802064417471,1.0,144.0
2017/18,2017-12-02,Leverkusen,Dortmund,1,1,119,14,1,0.32841389462292453,0.2513387758953775,0.4202473294816978,0.14223175205894809,0.32197578572577973,0.2643273171283669,0.4136968971458534,0.13740676465092003,0.43544454104026625,0.2401348571913233,0.3244206017684103,1.0,144.0
2017/18,2017-12-02,Hoffenheim,RB Leipzig,4,0,120,14,0,0.44888395913008733,0.26025162455205564,0.29086441631785737,0.1941654995920275,0.5006257589797022,0.2580414516965463,0.24133278932375152,0.1538080738986904,0.28239090063389855,0.2532032106458986,0.4644058887202028,1.0,144.0
2017/18,2017-12-02,Bayern Munich,Hannover,3,1,121,14,0,0.7012434007405753,0.18523169103495205,0.11352490822447245,0.05107170519421569,0.7134067323962076,0.18326771867348235,0.10332554893031004,0.04640593504878445,0.8850444449584074,0.07986986454502702,0.03508569049656544,1.0,144.0
2017/18,2017-12-02,Mainz,Augsburg,1,3,122,14,2,0.30459116536984343,0.3200131074859942,0.37539572714416247,0.2414531378455645,0.3102736616820966,0.3395384625681515,0.3501878757497517,0.259262770978118,0.3093707949024323,0.29990991432437625,0.39071929077319145,1.0,144.0
2017/18,2017-12-02,Schalke 04,FC Koln,2,2,123,14,1,0.6937284811653457,0.18016228043814078,0.12610923839651372,0.24858137279446302,0.6421085975551629,0.2052305362508739,0.1526608661939634,0.21780439556067469,0.667598371035777,0.2027623151699571,0.1296393137942658,1.0,144.0
2017/18,2017-12-02,Werder Bremen,Stuttgart,1,0,124,14,0,0.41040982149147415,0.2850933784536656,0.3044968000548601,0.22016743991868243,0.4043342187553852,0.2680204134162643,0.3276453678283505,0.23108460500256614,0.43810430339161366,0.26451580582135165,0.29737989078703475,1.0,144.0
2017/18,2017-12-03,Hertha,Ein Frankfurt,1,2,125,14,2,0.34327400589054147,0.3200526699806009,0.3366733241288579,0.2789196610211995,0.3068037948324727,0.32398393262155833,0.36921227254596883,0.24601086281511345,0.3847637415621986,0.31147540983606553,0.30376084860173574,1.0,144.0
2017/18,2017-12-03,Wolfsburg,M'gladbach,3,0,126,14,0,0.39971550457508437,0.2615368930122526,0.3387476024126631,0.23754570679393655,0.4219273002756638,0.258489197051102,0.31958350267323354,0.2181508306737378,0.3940324752651553,0.26880571600280456,0.3371618087320401,1.0,144.0
2017/18,2017-12-08,Stuttgart,Leverkusen,0,2,127,15,2,0.3936931757487909,0.3130254222320628,0.293281402019146,0.32722274668159596,0.3836495013521208,0.2945980923139425,0.3217524063339368,0.3036033691007681,0.3111440551394528,0.2753100487891226,0.4135458960714246,1.0,144.0
2017/18,2017-12-09,Ein Frankfurt,Bayern Munich,0,1,128,15,2,0.22664601231618442,0.2983606278397211,0.47499335984409474,0.16350019355331022,0.22562586637769497,0.3095217044042618,0.4648524292180431,0.16864497704625744,0.13085439480596392,0.20152114189830173,0.6676244632957343,1.0,144.0
2017/18,2017-12-09,Dortmund,Werder Bremen,1,2,129,15,2,0.6953642518364109,0.18657499320192414,0.11806075496166507,0.6306741373354,0.7670342488070766,0.14094427044285138,0.09202148075007173,0.7063832651311641,0.7100796674748875,0.17041912019397296,0.11950121233113958,1.0,144.0
2017/18,2017-12-09,Hamburg,Wolfsburg,0,0,130,15,1,0.37364599268063287,0.2982713094200987,0.3280826978992684,0.12362479225357906,0.361563253828762,0.3186590450044048,0.31977770116683346,0.11649288234139313,0.35628719612012916,0.2987163991860839,0.34499640469378706,1.0,144.0
2017/18,2017-12-09,RB Leipzig,Mainz,2,2,131,15,1,0.6462328908512437,0.21532206293089187,0.13844504621786444,0.21839199002011103,0.5714747501058879,0.25957450527000175,0.16895074462411014,0.17756387205881416,0.6289842482466114,0.22818963424760785,0.14282611750578075,1.0,144.0
2017/18,2017-12-09,M'gladbach,Schalke 04,1,1,132,15,1,0.3760604607085718,0.2519851016604985,0.37195443763092984,0.13988578689084225,0.4197205498042173,0.26213005326265476,0.31814939693312816,0.13869218934843375,0.40999922043499726,0.28568458799989604,0.30431619156510664,1.0,144.0
2017/18,2017-12-10,Augsburg,Hertha,1,1,133,15,1,0.5288064948762345,0.28464363412456645,0.18654987099919915,0.15721858169655345,0.571338061437938,0.2661249962155227,0.16253694234653956,0.1764227190375116,0.44571976830958393,0.2892576667495825,0.26502256494083365,1.0,144.0
2017/18,2017-12-10,FC Koln,Freiburg,3,4,134,15,2,0.3785266541203205,0.26664558266968386,0.3548277632099955,0.2797648215020711,0.3723255090601572,0.27135551230733296,0.3563189786325099,0.2764757709828003,0.39703009280959967,0.2936120746226681,0.30935783256773225,1.0,144.0
2017/18,2017-12-10,Hannover,Hoffenheim,2,0,135,15,0,0.27615490020035005,0.2977304035565196,0.4261146962431302,0.35276273142917025,0.27844007075831884,0.2969414275962915,0.4246185016453895,0.3504748017134179,0.26367395718039777,0.26017695509577715,0.47614908772382514,1.0,144.0
2017/18,2017-12-12,Mainz,Dortmund,0,2,136,16,2,0.2294786398346621,0.24931628328879601,0.5212050768765417,0.14095251227458236,0.2548511113360972,0.25649640298935256,0.4886524856745501,0.16321268467802996,0.1805224209454634,0.2264887781306508,0.5929888009238858,1.0,144.0
2017/18,2017-12-12,Wolfsburg,RB Leipzig,1,1,137,16,1,0.3545022353040666,0.28177492544504124,0.3637228392508924,0.1289830693141551,0.3582434655333597,0.2796525076851495,0.36210402678149095,0.12972885340436102,0.34503509781788005,0.27069051873004957,0.3842743834520704,1.0,144.0
2017/18,2017-12-12,Freiburg,M'gladbach,1,0,138,16,0,0.4071913648773989,0.25556680208585364,0.3372418330367476,0.23257706591295338,0.36864691576587433,0.26056291910684853,0.3707901651272768,0.26804603176352826,0.344864873068328,0.2855440931527847,0.36959103377888736,1.0,144.0
2017/18,2017-12-12,Hamburg,Ein Frankfurt,1,2,139,16,2,0.3036236685595107,0.34341780769841673,0.352958523742073,0.2554250020537868,0.30628616289650296,0.35918198188251754,0.3345318552209793,0.26832953264874726,0.4195229196438387,0.2983840826646147,0.28209299769154667,1.0,144.0
2017/18,2017-12-13,Schalke 04,Augsburg,3,2,140,16,0,0.4197300544238008,0.27612787965177826,0.30414206592442133,0.21460780300189003,0.43905365758551274,0.2854729437357312,0.2754733986787559,0.19527319622390807,0.4711515490727405,0.28323561331540476,0.2456128376118547,1.0,144.0
2017/18,2017-12-13,Leverkusen,Werder Bremen,1,0,141,16,0,0.5981210551101697,0.23254089772795233,0.16933804716187809,0.09509103028118085,0.6100515893704997,0.22561219468483856,0.16433621594466166,0.08953307741174192,0.6095448762764896,0.23877548681390467,0.15167963690960562,1.0,144.0
2017/18,2017-12-13,Hertha,Hannover,3,1,142,16,0,0.4162728380751893,0.2821691755552703,0.3015579863695403,0.21583730935602308,0.4109947790205366,0.2869689311934501,0.3020362897860132,0.21907653534438354,0.49781246684947,0.28180763209582066,0.2203799010547092,1.0,144.0
2017/18,2017-12-13,Bayern Munich,FC Koln,1,0,143,16,0,0.8400709666019273,0.09579690622169809,0.06413212717637452,0.014845112729904276,0.826237431342941,0.10576142376462169,0.06800114489243726,0.017408792986490687,0.9091812780534803,0.06709130810463614,0.02372741384188351,1.0,144.0
2017/18,2017-12-13,Hoffenheim,Stuttgart,1,0,144,16,0,0.5804744903687032,0.24765595250515612,0.17186955712614077,0.10277039894906749,0.5728286221139601,0.26068104288013205,0.16649033500590785,0.10509720886771864,0.4850373233804319,0.27599306851506267,0.23896960810450546,1.0,144.0
2017/18,2017-12-15,M'gladbach,Hamburg,3,1,145,17,0,0.5852631618862325,0.23711580489115835,0.17762103322260928,0.1017779381658363,0.5580958983202262,0.25496188402465864,0.18694221765511515,0.11511331391161016,0.4922565715302914,0.26764769872821853,0.24009572974149018,1.0,144.0
2017/18,2017-12-16,Dortmund,Hoffenheim,2,1,146,17,0,0.48963973464093974,0.2793351335986902,0.2310251317603701,0.15692010598113332,0.5079786682724365,0.26765355601011315,0.22436777571745017,0.14621294482768055,0.5756401979771896,0.22864213471056596,0.19571766731224446,1.0,144.0
2017/18,2017-12-16,Stuttgart,Bayern Munich,0,1,147,17,2,0.21535497568872713,0.2777514115008643,0.5068936128104088,0.14476583732053178,0.21827964126596033,0.284059344791632,0.4976610139424074,0.14999522935228313,0.11029959755552243,0.18929795796691012,0.7004024444775675,1.0,144.0
2017/18,2017-12-16,Werder Bremen,Mainz,2,2,148,17,1,0.548838516397491,0.2569396451833284,0.19422183841918053,0.16947291980016266,0.4764118863709752,0.2793311209115447,0.24425699271747967,0.14331488198346903,0.4825376567983745,0.2713438901109973,0.24611845309062816,1.0,144.0
2017/18,2017-12-16,FC Koln,Wolfsburg,1,0,149,17,0,0.3044281344522908,0.25144596069944514,0.4441259048482638,0.3405340197494049,0.27196075620556115,0.2395431132890102,0.4884961305054287,0.3843348050117775,0.27328708118705175,0.2787217674606579,0.44799115135229034,1.0,144.0
2017/18,2017-12-16,Augsburg,Freiburg,3,3,150,17,1,0.4705929341531547,0.30179581205594685,0.2276112537908984,0.1366322962635701,0.5036036558331882,0.28354190458644474,0.21285443958036698,0.14946182730881222,0.5413730303270251,0.2532003061736215,0.20542666349935335,1.0,144.0
2017/18,2017-12-16,Ein Frankfurt,Schalke 04,2,2,151,17,1,0.45093138055299775,0.301561798820026,0.24750682062697602,0.13229936811215334,0.4491879288857325,0.31400972096459145,0.23680235014967574,0.12892257424653183,0.3335944838917011,0.29630446605486443,0.37010105005343447,1.0,144.0
2017/18,2017-12-17,RB Leipzig,Hertha,2,3,152,17,2,0.44934407506422724,0.3105305346533853,0.24012539028238747,0.38965976014440995,0.4171629671959443,0.31782071585487615,0.26501631694917943,0.3571129777753368,0.6127692238226395,0.23912945319907888,0.14810132297828146,1.0,144.0
2017/18,2017-12-17,Hannover,Leverkusen,4,4,153,17,1,0.3408556992022116,0.2618254144289817,0.397318886368807,0.1370224525719886,0.2996289259384914,0.2670015533365709,0.4333695207249378,0.1387933173762081,0.20667604699314773,0.24180079389592413,0.551523159110928,1.0,144.0
2017/18,2018-01-12,Leverkusen,Bayern Munich,1,3,154,18,2,0.3911226131128595,0.32212045557158214,0.2867569313155585,0.33084628675731537,0.39506195857916565,0.2943919418860919,0.3105460995347421,0.31571031599158184,0.2351699037642623,0.2567168844756476,0.5081132117600901,1.0,144.0
2017/18,2018-01-13,Augsburg,Hamburg,1,0,155,18,0,0.5217767657370745,0.26746471768849517,0.21075851657443026,0.13655830704877367,0.5295695219120521,0.2731028119680733,0.19732766611987484,0.13012152126518597,0.5480375411999246,0.2643649927739474,0.18759746602612803,1.0,144.0
2017/18,2018-01-13,Ein Frankfurt,Freiburg,1,1,156,18,1,0.45149242213393204,0.32122982600632016,0.22727775185974766,0.12775029186739287,0.512609360319716,0.29965850065172306,0.1877321390285611,0.1490058561558137,0.47088813971482263,0.28171631480048637,0.24739554548469103,1.0,144.0
2017/18,2018-01-13,Hannover,Mainz,3,2,157,18,0,0.5039297727831175,0.25111606688932236,0.24495416032756037,0.15304410549639477,0.5703040003383053,0.23314154140554902,0.19655445825614565,0.11163615359281502,0.41006295891967875,0.28206642838983687,0.3078706126904843,1.0,144.0
2017/18,2018-01-13,Stuttgart,Hertha,1,0,158,18,0,0.5169705054331505,0.2696608902016211,0.2133686043652286,0.13942182697513575,0.533570880969029,0.2593762655499122,0.2070528534810588,0.13021350360732822,0.48750200717229564,0.27698977680244075,0.23550821602526362,1.0,144.0
2017/18,2018-01-13,Werder Bremen,Hoffenheim,1,1,159,18,1,0.38093533362285964,0.2924032138629608,0.3266614525141796,0.1259097164805165,0.42262715044638305,0.2825430228928768,0.2948298266607401,0.13276916749161588,0.3770779117319029,0.2790376546816081,0.34388443358648896,1.0,144.0
2017/18,2018-01-13,RB Leipzig,Schalke 04,3,1,160,18,0,0.45549128911883463,0.26967230687567634,0.2748364040054889,0.18601239259606847,0.476652522573635,0.2638062146663842,0.25954126275998074,0.17062712460179252,0.4044758157309983,0.2918523101532054,0.3036718741157962,1.0,144.0
2017/18,2018-01-14,FC Koln,M'gladbach,2,1,161,18,0,0.3231813303142843,0.25790386098503293,0.41891480870068276,0.3167865642919358,0.3280271840389149,0.2532891428864948,0.41868367307459037,0.3134217417449504,0.2876869331393747,0.2826836821282552,0.4296293847323701,1.0,144.0
2017/18,2018-01-14,Dortmund,Wolfsburg,0,0,162,18,1,0.6552516115780891,0.20908192452413052,0.13566646389778014,0.22388003195110534,0.7082106259464085,0.18448827481931732,0.10730109923427429,0.25653790830014367,0.6139944908801092,0.21503331288532457,0.1709721962345663,1.0,144.0
2017/18,2018-01-19,Hertha,Dortmund,1,1,163,19,1,0.2551789026894617,0.2421940748779805,0.502627022432558,0.15887509802860833,0.28156633589518537,0.2418920345588678,0.4765416295459469,0.15318576309987336,0.2706910387873384,0.2760588497547927,0.4532501114578689,1.0,144.0
2017/18,2018-01-20,Mainz,Stuttgart,3,2,164,19,0,0.4353935421353271,0.3166489132325046,0.24795754463216826,0.19013169810125316,0.42318487442970376,0.3287556397390284,0.24805948583126813,0.1971245987987748,0.3488372093023256,0.2959830866807611,0.35517970401691334,1.0,144.0
2017/18,2018-01-20,M'gladbach,Augsburg,2,0,165,19,0,0.37430843270377395,0.2704841048838192,0.355207462412407,0.25883113936953456,0.3928164685609071,0.28501452436313557,0.32216900707595725,0.23623235498557812,0.44119543560949104,0.2770005433798225,0.28180402101068647,1.0,144.0
2017/18,2018-01-20,Wolfsburg,Ein Frankfurt,1,3,166,19,2,0.34747838366149253,0.30931240576385194,0.3432092105746555,0.27605768409298526,0.34385269742704233,0.3258118205496941,0.33033548202326285,0.28334262208243394,0.38412703269133686,0.3011366243938258,0.3147363429148373,1.0,144.0
2017/18,2018-01-20,Hoffenheim,Leverkusen,1,4,167,19,2,0.4271959466133441,0.2827895012191418,0.2900145521675141,0.3432878564683833,0.46873857793886325,0.2754122913299713,0.2558491307311655,0.38673818534085497,0.3408196678514021,0.2613255362077775,0.39785479594082035,1.0,144.0
2017/18,2018-01-20,Freiburg,RB Leipzig,2,1,168,19,0,0.3705174353092455,0.2853305821440723,0.34415198254668233,0.25734444317023086,0.3663329273024252,0.26631546941849615,0.3673516032790785,0.2682405797264116,0.2700762011259622,0.26785029836942953,0.4620735005046083,1.0,144.0
2017/18,2018-01-20,Hamburg,FC Koln,0,2,169,19,2,0.5199911277164687,0.26488218044308165,0.21512669184044989,0.44320844138258075,0.47366811938779524,0.2917944108002696,0.23453746981193532,0.4051471862231424,0.49040365373953904,0.28369281132025664,0.22590353494020432,1.0,144.0
2017/18,2018-01-21,Schalke 04,Hannover,1,1,170,19,1,0.4614463226127285,0.27471772820307705,0.2638359491841946,0.14127105836736756,0.5057818023522026,0.2504640738155017,0.24375412383229553,0.15761565223794635,0.6382235015935027,0.2179647226424239,0.1438117757640735,1.0,144.0
2017/18,2018-01-21,Bayern Munich,Werder Bremen,4,2,171,19,0,0.6852737227514625,0.1942725173189876,0.12045375992955001,0.05678086893594447,0.7697849669439834,0.14199121319445468,0.08822381986156184,0.030391201917974082,0.8423191983543669,0.10495061977347642,0.05273018187215679,1.0,144.0
2017/18,2018-01-26,Ein Frankfurt,M'gladbach,2,0,172,20,0,0.5275985598941492,0.25497599036475493,0.21742544974109612,0.1352184734045998,0.5438488337302774,0.26285191947352343,0.19329924679619925,0.12271924265060302,0.388471653504461,0.2809982277510654,0.3305301187444736,1.0,144.0
2017/18,2018-01-27,Bayern Munich,Hoffenheim,5,2,173,20,0,0.7038427671189721,0.18539056051221445,0.1107666723688135,0.04998918114770373,0.6800229072764539,0.1952367777204133,0.12474031500313261,0.05897274302744682,0.773855781422553,0.14172358787680478,0.08442063070064214,1.0,144.0
2017/18,2018-01-27,Dortmund,Freiburg,2,2,174,20,1,0.6396789150325505,0.21007493280515177,0.15024615216229784,0.21588151028839864,0.6244080062153406,0.22537438071794405,0.1502176130667152,0.20622534475063914,0.7175005659950193,0.17550373556712706,0.10699569843785377,1.0,144.0
2017/18,2018-01-27,FC Koln,Augsburg,1,1,175,20,1,0.24476384986016822,0.2337321278188389,0.5215040223209928,0.16593789374767282,0.28581867177054493,0.23548167804005662,0.4786996501893984,0.15542283411206545,0.3208319024239291,0.2810746349765834,0.39809346259948747,1.0,144.0
2017/18,2018-01-27,RB Leipzig,Hamburg,1,1,176,20,1,0.6776729010066809,0.20920350694528456,0.11312359204803475,0.23601875391833044,0.6263619107502488,0.2519782859588063,0.12165980329094478,0.20356517548774702,0.6128521162986892,0.238832074734048,0.14831580896726268,1.0,144.0
2017/18,2018-01-27,Stuttgart,Schalke 04,0,2,177,20,2,0.34331644521984217,0.3087402634840126,0.34794329129614493,0.2715220664620463,0.335391816771248,0.30233094828588297,0.362277234942869,0.25958899791461554,0.3339538006163987,0.2851301455555217,0.38091605382807975,1.0,144.0
2017/18,2018-01-27,Werder Bremen,Hertha,0,0,178,20,1,0.45493933100272727,0.2967524668364971,0.2483082021607758,0.13431337907676283,0.47240811805615,0.3065083495193668,0.22108353242448314,0.13602367915732044,0.4948584419360808,0.2707975362816887,0.23434402178223057,1.0,144.0
2017/18,2018-01-28,Leverkusen,Mainz,2,0,179,20,0,0.7271690351484628,0.17950197196700377,0.09332899288453343,0.04157351814733102,0.7074874143961026,0.19012071836965808,0.10239186723423951,0.04802385360619574,0.6588595023225988,0.20022834978181647,0.14091214789558473,1.0,144.0
2017/18,2018-01-28,Hannover,Wolfsburg,0,1,180,20,2,0.5805877593873121,0.2580529351477874,0.16135930546490074,0.5202001804403468,0.6023899336106985,0.2351233476960912,0.1624867186932102,0.5321510642403837,0.4205708450193514,0.2764091672648428,0.3030199877158059,1.0,144.0
2017/18,2018-02-02,FC Koln,Dortmund,2,3,181,21,2,0.2498140092986516,0.20862524032428034,0.541560750377068,0.13628679241835184,0.29714620269244696,0.22631762861190183,0.4765361686956513,0.18115512422918428,0.1965608748809772,0.24312766568819125,0.5603114594308315,1.0,144.0
2017/18,2018-02-03,Wolfsburg,Stuttgart,1,1,182,21,1,0.4157722453167926,0.3136945771024261,0.2705331775807814,0.12302738007386085,0.4126891962713844,0.3199337698740015,0.26737703385461364,0.12090142547600634,0.46013609659194976,0.274785499936601,0.26507840347144934,1.0,144.0
2017/18,2018-02-03,M'gladbach,RB Leipzig,0,1,183,21,2,0.3796958238090617,0.2491236943360375,0.37118048185490077,0.2697914525091384,0.39547296963047524,0.23873570562643648,0.36579132474308823,0.27930975673973685,0.36958155850663993,0.2756201453269857,0.3547982961663743,1.0,144.0
2017/18,2018-02-03,Schalke 04,Werder Bremen,1,2,184,21,2,0.5322448240481567,0.2584825198592306,0.2092726560926129,0.4542671425644423,0.5331244851309875,0.26232427598112096,0.20455123888789142,0.4584802241004844,0.5281055453733016,0.26621124221814935,0.20568321240854903,1.0,144.0
2017/18,2018-02-03,Hertha,Hoffenheim,1,1,185,21,1,0.4392313938797163,0.30072358368109176,0.26004502243919214,0.13027381553245918,0.41489982818982046,0.32839561671755,0.2567045550926294,0.11901954801862369,0.3105564129519038,0.2762456477815801,0.4131979392665161,1.0,144.0
2017/18,2018-02-03,Freiburg,Leverkusen,0,0,186,21,1,0.38031497615781407,0.33209108920693503,0.28759393463525107,0.11367487616445184,0.3717916369814959,0.32571491948089404,0.3024934435376101,0.11486565235631088,0.22868844805213623,0.265353172060495,0.5059583798873688,1.0,144.0
2017/18,2018-02-03,Mainz,Bayern Munich,0,2,187,21,2,0.17275392211365878,0.262172049507157,0.5650740283791845,0.10950225919798139,0.1650665816823912,0.24925071937804982,0.5856826989395589,0.09945290117315882,0.10396822582361076,0.18267314443774602,0.7133586297386432,1.0,144.0
2017/18,2018-02-04,Augsburg,Ein Frankfurt,3,0,188,21,0,0.4632843202237375,0.3272914200192139,0.20942425975704876,0.16596112074624164,0.4717663672583018,0.33017579051129436,0.19805784223040412,0.1591288398142274,0.37819634571767385,0.30397089468897154,0.3178327595933546,1.0,144.0
2017/18,2018-02-04,Hamburg,Hannover,1,1,189,21,1,0.4499968076356847,0.2927559445916314,0.257247247772684,0.13433663668446405,0.4734468445705659,0.2903052099301942,0.2362479454992398,0.1399825031932187,0.4477675488656164,0.28625608695807736,0.26597636417630627,1.0,144.0
2017/18,2018-02-09,RB Leipzig,Augsburg,2,0,190,22,0,0.2955821062455378,0.29654924130287935,0.4078686524515829,0.33128070334707144,0.309917169778229,0.2842462088254427,0.40583662139632803,0.3204588379166381,0.5420659657610719,0.26586341644957207,0.19207061778935616,1.0,144.0
2017/18,2018-02-10,Bayern Munich,Schalke 04,2,1,191,22,0,0.6496141290512109,0.21283652406447226,0.13754934688431647,0.07084504069442182,0.6411314111301284,0.22112606531934575,0.13774252355052619,0.07387983343576005,0.7874685635079391,0.1415160896738905,0.0710153468181705,1.0,144.0
2017/18,2018-02-10,Dortmund,Hamburg,2,0,192,22,0,0.6641726625834855,0.20860046848103803,0.12722686893547647,0.0644833383676952,0.6638289783605122,0.20745432644424006,0.12871669519524798,0.06478947170606161,0.7077545811763959,0.1896507421404711,0.102594676683133,1.0,144.0
2017/18,2018-02-10,Ein Frankfurt,FC Koln,4,2,193,22,0,0.6014809131107919,0.20868466403280492,0.18983442285640292,0.09742728535811594,0.5819313931751975,0.21605521979524248,0.2020133870295601,0.10779538427579306,0.49024031257579326,0.2763677682792716,0.23339191914493512,1.0,144.0
2017/18,2018-02-10,Hannover,Freiburg,2,1,194,22,0,0.4258517315020995,0.3287476518861295,0.2454006166117711,0.1949338484262873,0.4081677235837903,0.333830365383878,0.25800191103233167,0.20841521475216404,0.46895395402330703,0.280294317347264,0.25075172862942896,1.0,144.0
2017/18,2018-02-10,Hoffenheim,Mainz,4,2,195,22,0,0.5383814738437157,0.27161609227752814,0.19000243387875604,0.1245962942852756,0.5440525417303154,0.27150021550496506,0.1844472427647194,0.1209544350330466,0.5886521537748958,0.22938088621275282,0.18196696001235138,1.0,144.0
2017/18,2018-02-10,Leverkusen,Hertha,0,2,196,22,2,0.6054055107785535,0.2453028542164429,0.14929163500500345,0.5451102773767508,0.5356282759887722,0.2901820099010102,0.17418971411021733,0.48443013916003413,0.6377400364874268,0.22125674735278072,0.14100321615979236,1.0,144.0
2017/18,2018-02-11,Stuttgart,M'gladbach,1,0,197,22,0,0.3826840127963329,0.26098249244301186,0.35633349476065473,0.25402629377279,0.3941223439117609,0.2749710232230363,0.33090663286520317,0.2382934669105823,0.4012324082747412,0.2769871454851197,0.321780446240139,1.0,144.0
2017/18,2018-02-11,Werder Bremen,Wolfsburg,3,1,198,22,0,0.581069712103676,0.25587652471087013,0.163053763185454,0.1010445579029175,0.5628635956989573,0.25890586934592497,0.17823053495511745,0.11142717977781608,0.5020599006016219,0.26324221815328275,0.23469788124509547,1.0,144.0
2017/18,2018-02-16,Hertha,Mainz,0,2,199,23,2,0.5438724752502868,0.26006844747198543,0.19605907727772764,0.47105913828120616,0.5017297820179243,0.27603359902409025,0.22223661895798513,0.4283243255268299,0.4928843020097773,0.2796306355241716,0.22748506246605102,1.0,144.0
2017/18,2018-02-17,Freiburg,Werder Bremen,1,0,200,23,0,0.4372268180731536,0.30162129402519466,0.2611518879016517,0.19245698142533213,0.4527877203375419,0.3036192519452038,0.2435930277172543,0.17938942108292164,0.35449233381611145,0.2884183189332268,0.35708934725066166,1.0,144.0
2017/18,2018-02-17,FC Koln,Hannover,1,1,201,23,1,0.25631314142209505,0.21317172709559035,0.5305151314823143,0.17357136559868025,0.25208947180413366,0.2165900608149287,0.5313204673809379,0.17292527042619255,0.45361940218822744,0.2724250599733768,0.27395553783839577,1.0,144.0
2017/18,2018-02-17,Schalke 04,Hoffenheim,2,1,202,23,0,0.43413087017426,0.27022342623198065,0.29564570359375936,0.20380712707159462,0.48986703661842795,0.26061906577403904,0.24951389760753293,0.16124641271388343,0.4338879590430246,0.2781333070788619,0.2879787338781136,1.0,144.0
2017/18,2018-02-17,Hamburg,Leverkusen,1,2,203,23,2,0.22726972244074548,0.2765500428107887,0.49618023474846557,0.15274294129820223,0.28671288256686156,0.30817568529869444,0.4051114321344438,0.2180483426034656,0.23102431592979045,0.2715661875274974,0.49740949654271205,1.0,144.0
2017/18,2018-02-17,Wolfsburg,Bayern Munich,1,2,204,23,2,0.19142049673354494,0.253741856143337,0.5548376471231179,0.11740566349429932,0.20020900893132554,0.25270490775051424,0.5470860833181601,0.12260733159067405,0.12814018903102736,0.19846102447488387,0.6733987864940887,1.0,144.0
2017/18,2018-02-18,M'gladbach,Dortmund,0,1,205,23,2,0.3511527691199129,0.2486511300349689,0.40019610084511814,0.2415364923509912,0.371259051983745,0.26241679879179136,0.3663241492244639,0.26968918376798445,0.28549501151189566,0.26247122026093633,0.45203376822716806,1.0,144.0
2017/18,2018-02-18,Augsburg,Stuttgart,0,1,206,23,2,0.5908527542968751,0.24205803212416882,0.16708921357895604,0.5214236776983626,0.6383778770456412,0.2115049330670998,0.15011718988725906,0.5649135524132146,0.4691165296677488,0.28447882848656486,0.24640464184568628,1.0,144.0
2017/18,2018-02-19,Ein Frankfurt,RB Leipzig,2,1,207,23,0,0.3470841965263136,0.2667868188173079,0.38612898465637857,0.2876973196087276,0.33238126287114,0.2736284786090993,0.3939902585197609,0.3004715509870009,0.37059794464943235,0.29446301946465464,0.33493903588591306,1.0,144.0
2017/18,2018-02-23,Mainz,Wolfsburg,1,1,208,24,1,0.4857024066477719,0.2753952430251546,0.23890235032707352,0.1464905804076187,0.5269593621852598,0.2623538471335486,0.2106867906811919,0.16103754658111805,0.43573539904189174,0.28539394557129755,0.2788706553868107,1.0,144.0
2017/18,2018-02-24,Stuttgart,Ein Frankfurt,1,0,209,24,0,0.38859829494276044,0.30073255775086827,0.31066914730637113,0.23516368201748378,0.36513647120683274,0.2982187848448265,0.33664474394834093,0.2581906919098783,0.3981984368790568,0.29209166777056567,0.3097098953503775,1.0,144.0
2017/18,2018-02-24,Hoffenheim,Freiburg,1,1,210,24,1,0.34805442855691987,0.3198065993976295,0.332138972045451,0.11572909099474633,0.41189988530047217,0.31621708429147366,0.27188303040805445,0.12179094886720451,0.5664045332043398,0.24294658282081408,0.19064888397484625,1.0,144.0
2017/18,2018-02-24,Werder Bremen,Hamburg,1,0,211,24,0,0.48277603167013555,0.26675022734343706,0.25047374098642794,0.1651288641693143,0.43362804880953243,0.27537486605225775,0.29099708513820954,0.20272824532711595,0.45219318301734146,0.3023954412747547,0.24541137570790392,1.0,144.0
2017/18,2018-02-24,Bayern Munich,Hertha,0,0,212,24,1,0.7092754209561543,0.1905381778241903,0.10018640121965534,0.2565544688809378,0.708123678216963,0.18681579242864987,0.10506052935438727,0.2562384292398725,0.8258681153246935,0.11656990144535148,0.05756198322995501,1.0,144.0
2017/18,2018-02-24,Hannover,M'gladbach,0,1,213,24,2,0.4271181765867079,0.28080167775516995,0.29208014565812207,0.34179022847108986,0.3854864737938548,0.30325840324492126,0.31125512296122393,0.3114846635625895,0.3387225321644085,0.27872025503814185,0.3825572127974497,1.0,144.0
2017/18,2018-02-25,RB Leipzig,FC Koln,1,2,214,24,2,0.6128366851477555,0.20732629104116196,0.17983702381108246,0.524118055086976,0.637078857527003,0.2054978050372144,0.15742333743578277,0.5579024515028832,0.6465982880306262,0.21271534094253716,0.14068637102683654,1.0,144.0
2017/18,2018-02-25,Leverkusen,Schalke 04,0,2,215,24,2,0.5043323660530741,0.2817531555263785,0.21391447842054725,0.43614079134276595,0.5732117141941023,0.26160954133380054,0.16517874447209702,0.5127490989852627,0.4641937145801133,0.27305512622359607,0.26275115919629055,1.0,144.0
2017/18,2018-02-26,Dortmund,Augsburg,1,1,216,24,1,0.5869927522673519,0.22477032450490456,0.1882369232277434,0.1899968152403241,0.5899089795493607,0.21667112169731448,0.19341989875332452,0.19270193069335723,0.6839664292310834,0.19483505852598593,0.1211985122429305,1.0,144.0
2017/18,2018-03-02,M'gladbach,Werder Bremen,2,2,217,25,1,0.6636973808231785,0.20150837360074494,0.1347942455760765,0.22933185097598544,0.5962199421985979,0.22583950677836523,0.1779405510230369,0.1935705295868407,0.47566012407689057,0.27237521071442056,0.25196466520868877,1.0,144.0
2017/18,2018-03-03,Schalke 04,Hertha,1,0,218,25,0,0.5875311262584363,0.2605321213185359,0.15193675242302782,0.09660767427124523,0.5535212085586968,0.27840360561210753,0.16807518582919528,0.11379628964920269,0.5922599392418438,0.2571654999339585,0.15057456082419757,1.0,144.0
2017/18,2018-03-03,RB Leipzig,Dortmund,1,1,219,25,1,0.4271443468529838,0.2950081171375456,0.27784753600947043,0.12982577315749808,0.36380398963047855,0.30423745790451867,0.33195855246500255,0.1212749117128567,0.44503801109513047,0.26998150811588245,0.284980480788987,1.0,144.0
2017/18,2018-03-03,Hamburg,Mainz,0,0,220,25,1,0.2863138676429386,0.3385958699243005,0.3750902624327606,0.1113341678882678,0.3156063706524088,0.3620621293091472,0.32233150003844396,0.10175248855670951,0.45592451870789136,0.288662269241091,0.2554132120510177,1.0,144.0
2017/18,2018-03-03,Ein Frankfurt,Hannover,1,0,221,25,0,0.3268069911985019,0.30616662328075095,0.3670263855207473,0.29394859738381907,0.3434808576433361,0.30185792103499626,0.3546612213216676,0.27840098309505323,0.5537414350647883,0.2591981185409647,0.1870604463942471,1.0,144.0
2017/18,2018-03-03,Wolfsburg,Leverkusen,1,2,222,25,2,0.15537925826371438,0.2093583740998322,0.6352623676364532,0.07858812718037388,0.2010080379705516,0.22535533423180285,0.5736366277976452,0.11109497824226706,0.2755457869264747,0.264344738677431,0.46010947439609445,1.0,144.0
2017/18,2018-03-03,Augsburg,Hoffenheim,0,2,223,25,2,0.64882647712284,0.19928649518310337,0.15188702769405674,0.5701357056046286,0.597367667062133,0.2284962193973108,0.17413611354055644,0.5194496443045762,0.32953546862216293,0.28029453652919606,0.39016999484864096,1.0,144.0
2017/18,2018-03-04,Freiburg,Bayern Munich,0,4,224,25,2,0.37486185851759507,0.31918682846209,0.30595131302031525,0.31111249643474526,0.2653946695123517,0.3192311646839691,0.4153741658036793,0.20611084830765722,0.12464183381088827,0.2106017191977078,0.664756446991404,1.0,144.0
2017/18,2018-03-04,FC Koln,Stuttgart,2,3,225,25,2,0.5067830588473206,0.2644049472417417,0.22881199391093762,0.4257800047351351,0.49393566433112446,0.26323977681503513,0.24282455885384036,0.4086435445865553,0.3782089415640873,0.2853155173202764,0.3364755411156363,1.0,144.0
2017/18,2018-03-09,Mainz,Schalke 04,0,1,226,26,2,0.44521369815491657,0.31501174004242455,0.23977456180265874,0.38807897695355825,0.39623023734006396,0.3133387243992161,0.2904310382607199,0.3302432562231617,0.28829110857688034,0.29350118885236615,0.41820770257075346,1.0,144.0
2017/18,2018-03-10,Hoffenheim,Wolfsburg,3,0,227,26,0,0.6421068207849296,0.23060708249042974,0.1272860967246408,0.07214463907403251,0.6560998975358853,0.21843417996888076,0.12546592249523378,0.06700448909120432,0.5699145896018091,0.24303090978032263,0.18705450061786827,1.0,144.0
2017/18,2018-03-10,Leverkusen,M'gladbach,2,0,228,26,0,0.701640703564513,0.1758459080224723,0.12251338841301483,0.052013900054958505,0.7041155882980067,0.17578279579994197,0.12010161590205126,0.05098599161525928,0.5765734699045761,0.23311224022457744,0.19031428987084642,1.0,144.0
2017/18,2018-03-10,Hertha,Freiburg,0,0,229,26,1,0.3172188340132998,0.3374465246728921,0.3453346413138082,0.10994190157204697,0.36256484416844775,0.3383529670190538,0.2990821888124985,0.11045171094588285,0.4222009189778851,0.3156259297213316,0.26217315130078345,1.0,144.0
2017/18,2018-03-10,Bayern Munich,Hamburg,6,0,230,26,0,0.6958455190378873,0.20141228812087897,0.10274219284123381,0.05153295323957873,0.680644984416575,0.21992205115576385,0.09943296442766109,0.0559372701965811,0.8487505480052608,0.11091626479614203,0.040333187198597104,1.0,144.0
2017/18,2018-03-10,Hannover,Augsburg,1,3,231,26,2,0.4807280800744782,0.2818415597663406,0.23743036015918118,0.40630597128952506,0.4978878632779248,0.2757708849645645,0.22634125175751033,0.42322009156579643,0.4114216363820247,0.28763105552371643,0.30094730809425885,1.0,144.0
2017/18,2018-03-11,Dortmund,Ein Frankfurt,3,2,232,26,0,0.6654640368462122,0.19659933700622312,0.13793662614756466,0.06547041173810272,0.5856406306544385,0.23820941487898167,0.17614995446657955,0.10136124671151481,0.5188346448923206,0.2771048671583985,0.2040604879492809,1.0,144.0
2017/18,2018-03-11,Stuttgart,RB Leipzig,0,0,233,26,1,0.4110690822985229,0.34017058468472344,0.24876033301675354,0.11542974685217797,0.47058452881108565,0.3061207177558174,0.22329475343309688,0.1356551728335495,0.3039514704061765,0.2878124542784149,0.4082360753154086,1.0,144.0
2017/18,2018-03-12,Werder Bremen,FC Koln,3,1,234,26,0,0.5197245815801582,0.24103940285473888,0.23923601556510282,0.14394917434091012,0.5247549121041426,0.24577249715809057,0.2294725907377665,0.13925778173452194,0.5276265981661322,0.249007450665139,0.22336595116872876,1.0,144.0
2017/18,2018-03-16,Freiburg,Stuttgart,1,2,235,27,2,0.3630269898280316,0.3934163648975511,0.24355664527441748,0.3519975721260477,0.42078429990201704,0.36794568052212545,0.21127001957585728,0.3995772045319495,0.3829348013074144,0.30707035953896433,0.30999483915362114,1.0,144.0
2017/18,2018-03-17,Wolfsburg,Schalke 04,0,1,236,27,2,0.31960095392609755,0.3583302126252127,0.3220688334486896,0.28086771816604594,0.23326461735156245,0.30346557413537284,0.4632698085130643,0.17124584008088659,0.24364383257466413,0.2900521816365049,0.4663039857888309,1.0,144.0
2017/18,2018-03-17,M'gladbach,Hoffenheim,3,3,237,27,1,0.3380589383684103,0.24054399962857984,0.42139706200300997,0.1459296648377726,0.3647016627350978,0.25713094297924916,0.37816739428565327,0.1380089404512728,0.3038883005165669,0.25670564333109996,0.43940605615233325,1.0,144.0
2017/18,2018-03-17,Augsburg,Werder Bremen,1,3,238,27,2,0.47508186019036663,0.2802197249192244,0.24469841489040892,0.3980916291754999,0.4271749297760151,0.2932432371230917,0.2795818331008932,0.3507403779137063,0.3949356161427235,0.2852312783253003,0.31983310553197614,1.0,144.0
2017/18,2018-03-17,Ein Frankfurt,Mainz,3,0,239,27,0,0.487258067194942,0.2982073704952651,0.21453456230979284,0.1544646840410605,0.4736187500415774,0.28955431618217065,0.236826933776252,0.1665821084348263,0.558052693451352,0.2604245902772976,0.18152271627135058,1.0,144.0
2017/18,2018-03-17,Hamburg,Hertha,1,2,240,27,2,0.31157655722342564,0.36491816304821245,0.3235052797283619,0.2773625287833022,0.2869743782420943,0.37217177103366317,0.3408538507242423,0.25841396993624793,0.3363097893336333,0.3115969294145484,0.35209328125181827,1.0,144.0
2017/18,2018-03-18,Dortmund,Hannover,1,0,241,27,0,0.5558301602118271,0.23411644017706534,0.21005339961110756,0.12070463863281744,0.6061352596168681,0.2033158998089046,0.19054884057422722,0.09571914718062709,0.663820533668979,0.19874056710659857,0.1374388992244224,1.0,144.0
2017/18,2018-03-18,FC Koln,Leverkusen,2,0,242,27,0,0.19091672343393457,0.22785999265371162,0.5812232839123539,0.49621812709037044,0.1744650907126474,0.21061753077651613,0.6149173785108364,0.5298156344233584,0.19730733519034352,0.22934076137418755,0.5733519034354688,1.0,144.0
2017/18,2018-03-18,RB Leipzig,Bayern Munich,2,1,243,27,0,0.2040666013784163,0.28129712189880074,0.5146362767227829,0.44918023618019687,0.1892854875177149,0.2575754836690809,0.5531390288132041,0.481610402972902,0.1796933902990701,0.22786294713914718,0.5924436625617827,1.0,144.0
2017/18,2018-03-31,Hoffenheim,FC Koln,6,0,244,28,0,0.6296040720466148,0.20714109960989088,0.16325482834349447,0.08192264121095653,0.6394281248238607,0.210647179331392,0.14992469584474724,0.0762447457960887,0.6102800748417369,0.20513615961066786,0.18458376554759529,1.0,144.0
2017/18,2018-03-31,Bayern Munich,Dortmund,6,0,245,28,0,0.6784352151300612,0.19045663318679354,0.13110815168314527,0.06029662915311032,0.6915194972980885,0.1823596719914741,0.1261208307104375,0.055533342243157424,0.7159716758457907,0.17387883556254918,0.11014948859166013,1.0,144.0
2017/18,2018-03-31,Hertha,Wolfsburg,0,0,246,28,1,0.6133808081666349,0.26256511824519435,0.12405407358817061,0.1958127145004867,0.5823068445190147,0.2638181540075111,0.15387500147347424,0.18137938862607683,0.41193261319751495,0.3050875916494096,0.28297979515307553,1.0,144.0
2017/18,2018-03-31,Hannover,RB Leipzig,2,3,247,28,2,0.3361199208932976,0.2640566111742716,0.399823467932431,0.23659423543298524,0.3327805843831305,0.2426348306326976,0.4245845849841722,0.2209229085901078,0.21659831382972325,0.24489759101350617,0.5385040951567706,1.0,144.0
2017/18,2018-03-31,Stuttgart,Hamburg,1,1,248,28,1,0.6418878850327805,0.2454277801342238,0.11268433483299557,0.21235890813430536,0.6401337315108129,0.25140171306447934,0.10846455542470793,0.2107678770007185,0.5759682752315036,0.24705238201554341,0.17697934275295293,1.0,144.0
2017/18,2018-03-31,Schalke 04,Freiburg,2,0,249,28,0,0.31057989625082816,0.38578814483707835,0.3036319589120933,0.28374622296315705,0.3681542209340228,0.35540077961105515,0.27644499945492207,0.23782546312356181,0.6168951884253028,0.25717530282637957,0.12592950874831763,1.0,144.0
2017/18,2018-03-31,Leverkusen,Augsburg,0,0,250,28,1,0.6033697273634079,0.24512645652250273,0.15150381611408947,0.1935042170978625,0.6505187960630967,0.2243262422491881,0.12515496168771514,0.21941923423321713,0.6556391407568433,0.2156517262092045,0.1287091330339521,1.0,144.0
2017/18,2018-04-01,Mainz,M'gladbach,0,0,251,28,1,0.33425848735196856,0.2954765489829036,0.37026496366512796,0.12441243984238227,0.36853448853037724,0.3028002572102132,0.3286652542594096,0.12191925929687453,0.31764824143053405,0.27088336144214986,0.41146839712731614,1.0,144.0
2017/18,2018-04-01,Werder Bremen,Ein Frankfurt,2,1,252,28,0,0.42234565704162225,0.3036408134083327,0.27401352955004515,0.20438397715757428,0.38743685543696715,0.2996837960097897,0.3128793485532434,0.2365635464140264,0.41193038929685144,0.27814103208932706,0.30992857861382156,1.0,144.0
2017/18,2018-04-06,Hannover,Werder Bremen,2,1,253,29,0,0.33099712772814194,0.29564228592994435,0.37336058634191344,0.2934814852707868,0.37863075453261463,0.28348519146781315,0.3378840539995723,0.2501326865799468,0.3087700938926194,0.2594982703991163,0.43173163570826434,1.0,144.0
2017/18,2018-04-07,FC Koln,Mainz,1,1,254,29,1,0.5131858973684769,0.2643001858829299,0.22251391674859355,0.15643610420234436,0.5032713892348711,0.2744177356746565,0.2223108750904728,0.15135210820294437,0.4709223891881019,0.2634619853025326,0.2656156255093654,1.0,144.0
2017/18,2018-04-07,Augsburg,Bayern Munich,1,4,255,29,2,0.14387652871169052,0.19087403709874057,0.6652494341895688,0.06637919841226482,0.18980342820702226,0.23971118187747484,0.5704853899155027,0.11025407081758792,0.1259342331249853,0.22227101975515842,0.6517947471198564,1.0,144.0
2017/18,2018-04-07,Hamburg,Schalke 04,3,2,256,29,0,0.39568240804250643,0.307080965993471,0.29723662596402295,0.22677468188188998,0.30147987113772096,0.2968714048239441,0.4016487240383351,0.32462603397369877,0.23684995327815073,0.27031075000165683,0.49283929672019244,1.0,144.0
2017/18,2018-04-07,M'gladbach,Hertha,2,1,257,29,0,0.4548295730704273,0.2503700966487334,0.2948003302808389,0.19205901456613228,0.5283096607560942,0.24272394416177936,0.22896639508212643,0.1374586931064677,0.5512767568311653,0.25278752839149293,0.19593571477734184,1.0,144.0
2017/18,2018-04-07,Freiburg,Wolfsburg,0,2,258,29,2,0.5049958763159774,0.3209476332084423,0.17405649047557994,0.4686017580108285,0.4239922576295746,0.3442199099045165,0.23178783246590876,0.38495968443862505,0.40271905827737714,0.31642211721793917,0.2808588245046838,1.0,144.0
2017/18,2018-04-08,Dortmund,Stuttgart,3,0,259,29,0,0.5003222022755118,0.29147431133732954,0.20820348638715883,0.14651329664128115,0.49990035767451485,0.2903375784538025,0.2097620638716827,0.147049887846893,0.6410147884164459,0.20908636875386216,0.14989884282969196,1.0,144.0
2017/18,2018-04-08,Ein Frankfurt,Hoffenheim,1,1,260,29,1,0.4168859852844668,0.28484009752086753,0.29827391719466584,0.13138062720262547,0.41860363488797464,0.2868901866878466,0.29450617842417876,0.1309814461357195,0.41877277601117197,0.26442833824011674,0.31679888574871123,1.0,144.0
2017/18,2018-04-09,RB Leipzig,Leverkusen,1,4,261,29,2,0.2785835102044917,0.2907325700794911,0.43068391971601744,0.2008647857138872,0.2838910902563191,0.3051640870129101,0.41094482273077065,0.21379007649730228,0.44702666976295524,0.25312159482681623,0.29985173541022847,1.0,144.0
2017/18,2018-04-13,Wolfsburg,Augsburg,0,0,262,30,1,0.34295891154207353,0.33923256993603024,0.317808518521896,0.10931153472560312,0.3436149114640836,0.3318594880973246,0.3245256004385918,0.11169403636024927,0.4318085618787676,0.299351947805526,0.26883949031570653,1.0,144.0
2017/18,2018-04-14,Hoffenheim,Hamburg,2,0,263,30,0,0.6999981147494883,0.1764407165110183,0.12356116873949335,0.05263424678706539,0.6369111018493775,0.21223298454780196,0.1508559136028206,0.0772955273145874,0.6412401406767508,0.2030593778809711,0.15570048144227813,1.0,144.0
2017/18,2018-04-14,Hertha,FC Koln,2,1,264,30,0,0.488385022284267,0.277361788251418,0.234253189464315,0.15831222109863713,0.514819525425657,0.2719450405111882,0.21323543406315495,0.14043472162414336,0.5357184956370088,0.24809355268685906,0.2161879516761322,1.0,144.0
2017/18,2018-04-14,Bayern Munich,M'gladbach,5,1,265,30,0,0.8359655358199811,0.09954988500095917,0.06448457917905978,0.015532783195363158,0.8129276334920573,0.11678966671762994,0.0702826997903127,0.01996786410034863,0.7217219281985401,0.17305943216128403,0.10521863964017593,1.0,144.0
2017/18,2018-04-14,Stuttgart,Hannover,1,1,266,30,1,0.5806397901357627,0.26036668050715417,0.15899352935708297,0.18121075413316212,0.6031815980136279,0.2536493907268769,0.14316901125949508,0.19216270298364765,0.5447167619859741,0.25001102665510094,0.20527221135892496,1.0,144.0
2017/18,2018-04-14,Leverkusen,Ein Frankfurt,4,1,267,30,0,0.5810191763148708,0.2632015046384076,0.15577931904672138,0.09990606342926481,0.5412029813587088,0.2783591856549798,0.18043783298631091,0.12152625794346666,0.5740023527768676,0.24153564349521658,0.18446200372791588,1.0,144.0
2017/18,2018-04-15,Schalke 04,Dortmund,2,0,268,30,0,0.3496127539133926,0.28917145624541035,0.36121578984119707,0.2767402083513605,0.38122856813071837,0.28511226642466675,0.3336591654446148,0.24710326179137893,0.31071760155465933,0.284447017166656,0.40483538127868474,1.0,144.0
2017/18,2018-04-15,Werder Bremen,RB Leipzig,1,1,269,30,1,0.5421017976149988,0.24744354162843174,0.2104546607565691,0.16908276160578792,0.49047803815980595,0.2529453941339645,0.2565765677062294,0.15320012050650073,0.36670012149384607,0.2679731657070413,0.3653267127991126,1.0,144.0
2017/18,2018-04-16,Mainz,Freiburg,2,0,270,30,0,0.34550857142897323,0.3775819502583846,0.27690947831264207,0.2525189446261616,0.33930292488417946,0.39485232303953066,0.2658447520762902,0.25359702863655215,0.4538898655289885,0.29842911647930437,0.24768101799170694,1.0,144.0
2017/18,2018-04-20,M'gladbach,Wolfsburg,3,0,271,31,0,0.5219974714849418,0.25646195524292204,0.2215405732721359,0.13878332143626787,0.5590897866057754,0.24829085864993633,0.19261935474428848,0.11575201604872334,0.5660206625104784,0.24157705695236295,0.1924022805371587,1.0,144.0
2017/18,2018-04-21,Stuttgart,Werder Bremen,2,0,272,31,0,0.3825164806339476,0.3324256283011087,0.2850578910649437,0.23127194897353967,0.3918748879040153,0.34708795860424085,0.2610371534917439,0.2189782737324131,0.39015122729690704,0.28687590242419636,0.32297287027889654,1.0,144.0
2017/18,2018-04-21,RB Leipzig,Hoffenheim,2,5,273,31,2,0.41888247431165554,0.25377216690752613,0.32734535878081844,0.31396339681958035,0.48470345272323473,0.23707790091523961,0.2782186463615256,0.37795287977100667,0.4131417228826532,0.2506463922887048,0.33621188482864195,1.0,144.0
2017/18,2018-04-21,Hamburg,Freiburg,1,0,274,31,0,0.281117746052482,0.3084364066781338,0.4104458472693844,0.34262874429067314,0.2931291726031738,0.294711393483797,0.4121594339130291,0.33477088279409123,0.4711347574049075,0.27944095926308266,0.24942428333200986,1.0,144.0
2017/18,2018-04-21,Ein Frankfurt,Hertha,0,3,275,31,2,0.6004304751767218,0.23980190880424498,0.15976761601903336,0.5332536073056413,0.632235749129276,0.21790987156587682,0.14985437930484702,0.5612348094321018,0.49532744001443263,0.27721450478080467,0.22745805520476278,1.0,144.0
2017/18,2018-04-21,Dortmund,Leverkusen,4,0,276,31,0,0.3612438979448044,0.3041080844049262,0.3346480176502691,0.25999932681500126,0.34152735839967346,0.2918201347394386,0.36665250686088774,0.2840101402617428,0.4519091348477525,0.2609956500724988,0.2870952150797487,1.0,144.0
2017/18,2018-04-21,Hannover,Bayern Munich,0,3,277,31,2,0.12937079301906676,0.15097958156839614,0.7196496254125371,0.047666567308856496,0.1367778909349106,0.16570906666934637,0.6975130423957429,0.05510327548464093,0.12978762025776003,0.18769286621891448,0.6825195135233256,1.0,144.0
2017/18,2018-04-22,Augsburg,Mainz,2,0,278,31,0,0.40783900479266233,0.3616922392908083,0.2304687559165295,0.20188524584932868,0.3833523790047824,0.3563176199881022,0.26033000100711534,0.22401299895171314,0.41329525148227625,0.2946757684284507,0.292028980089273,1.0,144.0
2017/18,2018-04-22,FC Koln,Schalke 04,2,2,279,31,1,0.34712303696845215,0.2975046161290933,0.35537234690245456,0.12339195386857996,0.3753297295869806,0.2990155517445386,0.325654718668481,0.12346170085144169,0.2655383383841272,0.28329235519469387,0.45116930642117903,1.0,144.0
2017/18,2018-04-27,Hoffenheim,Hannover,3,1,280,32,0,0.6502116811650668,0.19394642894938624,0.15584188988554692,0.07331928131823393,0.6874086865046666,0.17679591480702453,0.1357953986883087,0.0580768597888273,0.750827775964184,0.15156461316047193,0.09760761087534395,1.0,144.0
2017/18,2018-04-28,Hertha,Augsburg,2,2,281,32,1,0.37845731662370863,0.3165810703703613,0.30496161300592994,0.11811576295659834,0.39636375630830845,0.2896584839144181,0.3139777597772734,0.12784313047479368,0.46688682955008126,0.27564787394340956,0.2574652965065092,1.0,144.0
2017/18,2018-04-28,Freiburg,FC Koln,3,2,282,32,0,0.40560585990288195,0.28866621157324546,0.3057279285238726,0.22338698003064522,0.38691604452945916,0.2842847820309387,0.3287991734396025,0.2419904164549848,0.4583211351860409,0.2742202297601874,0.2674586350537718,1.0,144.0
2017/18,2018-04-28,Bayern Munich,Ein Frankfurt,4,1,283,32,0,0.7572983969575734,0.1575905317408715,0.0851110713015552,0.033073981288731,0.7300284845485733,0.18362401012219362,0.08634750532923302,0.04017025541586094,0.466522535088484,0.27621305901839416,0.2572644058931218,1.0,144.0
2017/18,2018-04-28,Leverkusen,Stuttgart,0,1,284,32,2,0.4129471971987191,0.36718451408610386,0.21986828871517683,0.38956543731323207,0.42970461009745925,0.33957112034198855,0.23072426956055248,0.3882156006910777,0.6733227405316954,0.19256764768657952,0.134109611781725,1.0,144.0
2017/18,2018-04-28,Wolfsburg,Hamburg,1,3,285,32,2,0.4190608370169655,0.3209921659650446,0.2599469970179899,0.3616452161720254,0.39128956038401635,0.34049804340110207,0.2682123962148816,0.3443103085595411,0.41520511406815774,0.2836430285058636,0.3011518574259786,1.0,144.0
2017/18,2018-04-28,Schalke 04,M'gladbach,1,1,286,32,1,0.45102874949715627,0.301177419300421,0.24779383120242274,0.13241435782747166,0.47653857443529046,0.29001421731222604,0.23344720825248352,0.14079330598284862,0.5163518809645063,0.2534818324734849,0.2301662865620087,1.0,144.0
2017/18,2018-04-29,Mainz,RB Leipzig,3,0,287,32,0,0.31564377120321085,0.2711442369554388,0.4132119918413507,0.31954379904722974,0.36115910245678606,0.2862060044276132,0.3526348931156009,0.26623453010823517,0.27781581469816824,0.2600356025574855,0.4621485827443462,1.0,144.0
2017/18,2018-04-29,Werder Bremen,Dortmund,1,1,288,32,1,0.35530303379475053,0.29034020111783265,0.3543567650874171,0.1259044813934862,0.29637230533533193,0.2770275783500345,0.42660011631463346,0.13491210130471906,0.2370932154012207,0.24732312571041043,0.515583658888369,1.0,144.0
2017/18,2018-05-05,Werder Bremen,Leverkusen,0,0,289,33,1,0.20846680442006524,0.2250903648067027,0.566442830773232,0.1821579445397531,0.21691584619723475,0.22164978740544367,0.5614343663973215,0.18113051605171218,0.2488878903617165,0.24030554931476075,0.5108065603235228,1.0,144.0
2017/18,2018-05-05,Stuttgart,Hoffenheim,2,0,290,33,0,0.517301686453358,0.27612660176779735,0.20657171177884495,0.13783476700400724,0.46697433449345266,0.28774354109377165,0.24528212441277567,0.17213984032257099,0.32762530009780966,0.26387118764634393,0.4085035122558463,1.0,144.0
2017/18,2018-05-05,RB Leipzig,Wolfsburg,4,1,291,33,0,0.7143833964276203,0.1813488973813492,0.10426770619103044,0.04622429939528049,0.6074640385228381,0.24351988472241892,0.14901607675474335,0.08814513609208767,0.548347348750292,0.24219808455968228,0.20945456669002568,1.0,144.0
2017/18,2018-05-05,M'gladbach,Freiburg,3,1,292,33,0,0.6017693158896464,0.2424105072635781,0.15582017684677538,0.09143380263978029,0.6739369855265954,0.20009786946689911,0.12596514500650566,0.061092153581996794,0.46698123041215267,0.2788545061603997,0.2541642634274477,1.0,144.0
2017/18,2018-05-05,Hannover,Hertha,3,1,293,33,0,0.32106181236880854,0.29146209231423903,0.38747609531695265,0.30554739353299953,0.3015145514005463,0.2752766850793174,0.42320876352013664,0.3334937897127114,0.36394030949496187,0.2877168228455746,0.34834286765946354,1.0,144.0
2017/18,2018-05-05,FC Koln,Bayern Munich,1,3,294,33,2,0.11376331587319405,0.11385203136089438,0.7723846527659115,0.03237541916747939,0.10248894397621733,0.09717881820251874,0.800332237821264,0.02518559944541226,0.10221673466010704,0.1580774297843091,0.7397058355555839,1.0,144.0
2017/18,2018-05-05,Ein Frankfurt,Hamburg,3,0,295,33,0,0.6003987198314569,0.2481727929771861,0.15142848719135701,0.09130588492270074,0.6160921695127549,0.26161222125504224,0.12229560923220285,0.08117071917344948,0.4900700406309351,0.25529826723967564,0.25463169212938924,1.0,144.0
2017/18,2018-05-05,Dortmund,Mainz,1,2,296,33,2,0.6385375008541548,0.22262101041525198,0.13884148873059343,0.5746620607644054,0.589497176444621,0.2549698200945978,0.1555330034607812,0.5303157146400748,0.7273560848933478,0.1695055919577541,0.10313832314889801,1.0,144.0
2017/18,2018-05-05,Augsburg,Schalke 04,1,2,297,33,2,0.43405365841131954,0.3078722326710364,0.2580741089176442,0.3694283031192992,0.4233604159864025,0.30663157702167354,0.2700080069919242,0.3560611758400414,0.31375358712180396,0.2974919682770763,0.3887544446011197,1.0,144.0
2017/18,2018-05-12,Hamburg,M'gladbach,2,1,298,34,0,0.27230481689404173,0.28031099749528854,0.4473841856106699,0.36484644452506815,0.21372413310265093,0.26586149203620135,0.5204143748611477,0.4445304302136485,0.42608562353167656,0.23511712720181666,0.3387972492665067,1.0,144.0
2017/18,2018-05-12,Freiburg,Augsburg,2,0,299,34,0,0.35591891183265933,0.3212894510433521,0.3227916371239885,0.2595174445660052,0.3348628130939483,0.31098017282358487,0.35415701408246675,0.2839173340145523,0.4754416813196015,0.30553462279159344,0.21902369588880516,1.0,144.0
2017/18,2018-05-12,Leverkusen,Hannover,3,2,300,34,0,0.7031838472066936,0.18157028048177018,0.11524587231153628,0.05069071982193317,0.7141293546117871,0.1708249250288586,0.11504572035935447,0.04747877183383808,0.7948664594814103,0.1269289372470315,0.0782046032715581,1.0,144.0
2017/18,2018-05-12,Bayern Munich,Stuttgart,1,4,301,34,2,0.6745363786565645,0.21826196508416898,0.10720165625926648,0.6260441043586544,0.6503551417258803,0.23525197262434333,0.11439288564977629,0.6036308856785099,0.8278856990083789,0.10586079429943206,0.066253506692189,1.0,144.0
2017/18,2018-05-12,Mainz,Werder Bremen,1,2,302,34,2,0.3669902861228661,0.3197947811489784,0.3132149327281549,0.30317779936806755,0.4542523353548842,0.289187325828427,0.2565603388166887,0.37952385699786134,0.37493233784414365,0.2572095193653756,0.3678581427904806,1.0,144.0
2017/18,2018-05-12,Schalke 04,Ein Frankfurt,1,0,303,34,0,0.42181138306659655,0.3190017525999611,0.2591868643334421,0.20073995369718206,0.4480473033785949,0.3381169883476377,0.21383570827376727,0.1751887447202923,0.42963986070499727,0.28351234994196045,0.28684778935304234,1.0,144.0
2017/18,2018-05-12,Wolfsburg,FC Koln,4,1,304,34,0,0.3013000396821148,0.2702275363169876,0.42847242400089763,0.3358851263387097,0.30857688797925814,0.28379419974417075,0.4076289122765709,0.3221136249801139,0.5914230525504087,0.23179288282854502,0.17678406462104612,1.0,144.0
2017/18,2018-05-12,Hoffenheim,Dortmund,3,1,305,34,0,0.38561087792049153,0.25807234367025894,0.35631677840924936,0.2522178199527877,0.44808994691158227,0.2536048617288372,0.29830519135958056,0.196795346946068,0.42930337650765366,0.22876024992309246,0.34193637356925394,1.0,144.0
2017/18,2018-05-12,Hertha,RB Leipzig,2,6,306,34,2,0.48809938197674735,0.26362535096262535,0.24827526706062722,0.401665540399427,0.49587616730497625,0.24907345273111073,0.2550503799639132,0.40042155484649156,0.22452338919162038,0.2430003763320779,0.5324762344763018,1.0,144.0
2018/19,2018-08-24,Bayern Munich,Hoffenheim,3,1,1,1,0,0.5373978274448493,0.2532672229629675,0.20933494959218343,0.12891094558675364,0.58640049933955,0.23219419561733942,0.18140530504311073,0.1019862158221788,0.7941159094937082,0.1366101494653512,0.06927394104094052,1.0,144.0
2018/19,2018-08-25,M'gladbach,Leverkusen,2,0,2,1,0,0.4186528096688329,0.2775149451844654,0.3038322451467018,0.21513929444841384,0.3709838685300829,0.2768149724713044,0.35220115899861226,0.25985347502467304,0.3719537944668463,0.26438877822913665,0.363657427304017,1.0,144.0
2018/19,2018-08-25,Fortuna Dusseldorf,Augsburg,1,2,3,1,2,0.39645543804423583,0.2790094512760851,0.32453511067967933,0.3067148655296802,0.4071659551125402,0.28569980196751155,0.30713424291994795,0.32292353616841024,0.3560702801667769,0.29298275305014077,0.3509469667830823,1.0,144.0
2018/19,2018-08-25,Freiburg,Ein Frankfurt,0,2,4,1,2,0.42983278099418487,0.2763588749955051,0.2938083440103098,0.3417314373033277,0.39403276891818084,0.28952597653024037,0.31644125455157923,0.311257190730174,0.38692453997570975,0.29546964870872383,0.31760581131556637,1.0,144.0
2018/19,2018-08-25,Hertha,Nurnberg,1,0,5,1,0,0.5397514511768341,0.25239594855549735,0.20785260026766883,0.12751571506593068,0.5398694879056832,0.2552425396117255,0.2048879724825912,0.12684958471410263,0.5436511262895314,0.26956662494688677,0.1867822487635818,1.0,144.0
2018/19,2018-08-25,Werder Bremen,Hannover,1,1,6,1,1,0.4740090132122202,0.2693443353353496,0.25664665145243,0.14527602415408397,0.47558742356226485,0.27191491855376143,0.2524976578839737,0.14496923234374268,0.5609379375896395,0.23183658228170378,0.20722548012865666,1.0,144.0
2018/19,2018-08-25,Wolfsburg,Schalke 04,2,1,7,1,0,0.42173135745112933,0.2772228512125736,0.30104579133629705,0.21251159571830544,0.3800352263512193,0.2910564521925327,0.3289083214562478,0.2462685022442753,0.30195111557544213,0.3047819072839619,0.393266977140596,1.0,144.0
2018/19,2018-08-26,Mainz,Stuttgart,1,0,8,1,0,0.42133260705573033,0.27710829534482057,0.3015590975994491,0.2128969205009559,0.34704071809118475,0.3023254161619331,0.3506338657468819,0.2746499658197391,0.332517432649647,0.29703538953154446,0.37044717781880837,1.0,144.0
2018/19,2018-08-26,Dortmund,RB Leipzig,4,1,9,1,0,0.4709893265701897,0.2698391163516932,0.25917155707811723,0.17351109430047854,0.5431348875839471,0.2408538529271067,0.2160112594889466,0.12769329758446674,0.5592410977895305,0.2367590049035968,0.20399989730687276,1.0,144.0
2018/19,2018-08-31,Hannover,Dortmund,0,0,10,2,1,0.356733833624627,0.28228338932493624,0.36098277705043696,0.1287837966897842,0.3233054075244749,0.26844875006763086,0.40824584240789413,0.13559552718894902,0.1856314145470772,0.23427041499330656,0.5800981704596163,1.0,144.0
2018/19,2018-09-01,Stuttgart,Bayern Munich,0,3,11,2,2,0.3433914528074141,0.2761492453095028,0.3804593018830834,0.2508741832421917,0.31741047798588234,0.28279239644194804,0.3997971255721701,0.23049645100332813,0.08248995704241625,0.16103237488643307,0.7564776680711506,1.0,144.0
2018/19,2018-09-01,Nurnberg,Mainz,1,1,12,2,1,0.40975598620854026,0.2801697329363439,0.31007428085511585,0.1320230139407753,0.434262986810019,0.2860110143189358,0.2797259988710452,0.13341548807878137,0.3582337726320975,0.2899987683212218,0.3517674590466806,1.0,144.0
2018/19,2018-09-01,Leverkusen,Wolfsburg,1,3,13,2,2,0.5154747474096733,0.2519477722113216,0.23257748037900533,0.4273257694192514,0.5717111121337506,0.24340767520944037,0.18488121265680887,0.4956361166085221,0.5837070788594546,0.24994636453725366,0.16634655660329165,1.0,144.0
2018/19,2018-09-01,Hoffenheim,Freiburg,3,1,14,2,0,0.4856278130953523,0.27224192521928336,0.24213026168536428,0.16160290514244643,0.5361169438180216,0.25874086628483,0.20514218989714858,0.12863540394426515,0.6404272051548745,0.21208046880945736,0.14749232603566806,1.0,144.0
2018/19,2018-09-01,Ein Frankfurt,Werder Bremen,1,2,15,2,2,0.45962939698646904,0.2708265966931465,0.26954400632038433,0.3724125706383099,0.46426382866475924,0.2790927329983341,0.2566434383369062,0.3840599401870185,0.40253884859866546,0.27596147694299444,0.32149967445834005,1.0,144.0
2018/19,2018-09-01,Augsburg,M'gladbach,1,1,16,2,1,0.3823132388972208,0.2737338819889288,0.3439528791138506,0.13223349784339522,0.39537272165828985,0.2780896309034569,0.3265376474382534,0.13147321211299628,0.36812382346789374,0.27713867391759045,0.35473750261451575,1.0,144.0
2018/19,2018-09-02,RB Leipzig,Fortuna Dusseldorf,1,1,17,2,1,0.5708592258825558,0.2420734234105602,0.18706735070688438,0.18043722473786158,0.5581870134695828,0.2403966867941451,0.20141629973627195,0.176070633902772,0.7269194482530061,0.17119016883286964,0.1018903829141243,1.0,144.0
2018/19,2018-09-02,Schalke 04,Hertha,0,2,18,2,2,0.5477813588318761,0.24777943795857174,0.20443920320955236,0.4664906992367744,0.5125454967419455,0.26458978854851417,0.22286471470954008,0.43332106893696587,0.5761715020432066,0.2667752982063066,0.15705319975048693,1.0,144.0
2018/19,2018-09-14,Dortmund,Ein Frankfurt,3,1,19,3,0,0.5672121258137517,0.24856623973022005,0.18422163445602827,0.11062147732215119,0.5661427294371856,0.2461380523001052,0.1877192182627093,0.11173531806268891,0.6559205536782837,0.20480219819490714,0.13927724812680917,1.0,144.0
2018/19,2018-09-15,Bayern Munich,Leverkusen,3,1,20,3,0,0.6143877675510168,0.22023959136007806,0.1653726410889052,0.08802245211750426,0.6034778456419556,0.22631989765439015,0.17020225670365446,0.09309931354188071,0.8278127513526657,0.11006146807757032,0.06212578056976388,1.0,144.0
2018/19,2018-09-15,Fortuna Dusseldorf,Hoffenheim,2,1,21,3,0,0.34194020661351976,0.2650180358369205,0.3930417575495594,0.293762257424752,0.341828210595323,0.25975046157985615,0.39842132782482076,0.2959648294169239,0.23205128205128203,0.23205128205128203,0.5358974358974359,1.0,144.0
2018/19,2018-09-15,Mainz,Augsburg,2,1,22,3,0,0.4182537130424019,0.2731929149497418,0.3085533720078562,0.21681696288318536,0.40270729987083725,0.2937937595322874,0.30349894059687543,0.22443508828550585,0.35212264877012595,0.2825170088969615,0.3653603423329126,1.0,144.0
2018/19,2018-09-15,M'gladbach,Schalke 04,2,1,23,3,0,0.44848305845375497,0.26535369090472527,0.2861632506415198,0.19303017141512277,0.4133475248710945,0.27025542177291634,0.31639705335598933,0.22213411097361188,0.34059514809978697,0.2742079582159302,0.38519689368428284,1.0,144.0
2018/19,2018-09-15,RB Leipzig,Hannover,3,2,24,3,0,0.5341437782021271,0.2540379972801368,0.2118182245177359,0.13094448981281748,0.5373252160355575,0.24444327916388606,0.21823150480055634,0.13084647270202943,0.643076916623496,0.21155689413975573,0.14536618923674835,1.0,144.0
2018/19,2018-09-15,Wolfsburg,Hertha,2,2,25,3,1,0.4840704050276128,0.2699437611998453,0.24598583377254185,0.14741659372018484,0.4414482211943202,0.2882286635012629,0.2703231153044166,0.13397555933175725,0.4455491329479769,0.2961271676300578,0.2583236994219653,1.0,144.0
2018/19,2018-09-16,Freiburg,Stuttgart,3,3,26,3,1,0.40168281773896564,0.28644875103135514,0.3118684312296793,0.12930550223218812,0.36457822271110557,0.2978506980073186,0.3375710792815754,0.12343575702125822,0.3479858767532138,0.30151571308741193,0.3504984101593742,1.0,144.0
2018/19,2018-09-16,Werder Bremen,Nurnberg,1,1,27,3,1,0.4851104415930826,0.27173991196453856,0.243149646442379,0.1472269455538447,0.4844941679882227,0.283749445842735,0.23175638616904243,0.14422281067236722,0.6037261704832415,0.22604631034372535,0.1702275191730331,1.0,144.0
2018/19,2018-09-21,Stuttgart,Fortuna Dusseldorf,0,0,28,4,1,0.5791334537331242,0.23956232268637107,0.1813042235805048,0.18413338936049317,0.5595021030638222,0.250398190939201,0.1900997059969769,0.17459025077648846,0.5638358184362144,0.24930529761189943,0.18685888395188607,1.0,144.0
2018/19,2018-09-22,Hoffenheim,Dortmund,1,1,29,4,1,0.3860591843529755,0.2734724967190192,0.34046831892800533,0.13248018500847333,0.4016267559447353,0.26822206063227094,0.3301511834229935,0.1351519275031476,0.37648735465773875,0.25971587567298554,0.3637967696692757,1.0,144.0
2018/19,2018-09-22,Augsburg,Werder Bremen,2,3,30,4,2,0.386482980802741,0.28599677687976083,0.3275202423174984,0.30079905947144414,0.3818901422570045,0.2988743082076858,0.3192355495353093,0.30464015888478346,0.3363886097664413,0.27935720753592397,0.3842541826976346,1.0,144.0
2018/19,2018-09-22,Hertha,M'gladbach,4,2,31,4,0,0.38675645945517534,0.27175160384580876,0.34149193669901634,0.24634219142519836,0.4003379052719103,0.27350354135277816,0.32615855337531163,0.2329870148967782,0.33516016981860286,0.29100733307603244,0.37383249710536465,1.0,144.0
2018/19,2018-09-22,Schalke 04,Bayern Munich,0,2,32,4,2,0.39668853897824974,0.29918009137061,0.3041313696511404,0.32079747383014817,0.338322758922766,0.29187389374745587,0.3698033473297781,0.2558050551209321,0.1080488178006443,0.1829301077265146,0.7090210744728411,1.0,144.0
2018/19,2018-09-22,Nurnberg,Hannover,2,0,33,4,0,0.4074986627716059,0.2915805268595933,0.30092081036880064,0.22080558436522546,0.414436096267522,0.2914384326964294,0.29412547103604875,0.21469743903329813,0.38532819715570127,0.2798348866952067,0.33483691614909217,1.0,144.0
2018/19,2018-09-22,Wolfsburg,Freiburg,1,3,34,4,2,0.6091792289316131,0.22346032645755146,0.16736044461083527,0.5321939810801901,0.5294862148400253,0.26174754702683756,0.20876623813313744,0.4532032588118025,0.5242087516284772,0.2778756992873017,0.19791554908422102,1.0,144.0
2018/19,2018-09-23,Leverkusen,Mainz,1,0,35,4,0,0.4539588436335235,0.2649645106032036,0.2810766457632731,0.1885825126197856,0.5479814748221095,0.2517161307042188,0.20030239447367185,0.12222089816794082,0.6135376442173623,0.22702329692352052,0.15943905885911722,1.0,144.0
2018/19,2018-09-23,Ein Frankfurt,RB Leipzig,1,1,36,4,1,0.33008014373096434,0.27078642584025686,0.3991334304287786,0.13413019828564945,0.3837890447664886,0.26726055339369753,0.3489504018398135,0.13453020691347067,0.318886181537176,0.2658833012271822,0.4152305172356419,1.0,144.0
2018/19,2018-09-25,Werder Bremen,Hertha,3,1,37,5,0,0.4199869099216243,0.29041551355767525,0.28959757652070006,0.21014097049446448,0.3987625789290975,0.302866707263064,0.29837071380783864,0.2252557596770944,0.4798535048820319,0.2690891201410289,0.25105737497693936,1.0,144.0
2018/19,2018-09-25,Hannover,Hoffenheim,1,3,38,5,2,0.34632088282543466,0.2605478267763925,0.39313129039817307,0.2441138922873876,0.32156469821639877,0.26097611048506886,0.41745919129853254,0.22137882447078178,0.30404048081830326,0.26025865158046757,0.43570086760122917,1.0,144.0
2018/19,2018-09-25,Freiburg,Schalke 04,1,0,39,5,0,0.5727013463637879,0.23596471037131475,0.1913339432648974,0.10959640862230727,0.4654752059546087,0.2793384897371577,0.2551863043082338,0.17541840267788122,0.30119938677969155,0.2921814410677248,0.40661917215258364,1.0,144.0
2018/19,2018-09-25,Bayern Munich,Augsburg,1,1,40,5,1,0.6465853938133488,0.21267628434954963,0.1407383218371016,0.21893997336314347,0.6989299921171803,0.18584582366404004,0.11522418421877981,0.25088987325490253,0.8674163733024765,0.0940470801644505,0.038536546533073125,1.0,144.0
2018/19,2018-09-26,Dortmund,Nurnberg,7,0,41,5,0,0.609932341293228,0.23655961390341737,0.1535080448033545,0.08785874909416572,0.6290574907099679,0.22626815379816503,0.14467435549186666,0.07926450716768636,0.68100758838707,0.2006287915995102,0.11836362001341973,1.0,144.0
2018/19,2018-09-26,Fortuna Dusseldorf,Leverkusen,1,2,42,5,2,0.3691652512142266,0.2846298228765251,0.3462049259092483,0.28186549080469725,0.3616892498317655,0.2889619835474423,0.3493487666207924,0.2770830704708748,0.24203314212874444,0.26155194391332054,0.49641491395793497,1.0,144.0
2018/19,2018-09-26,Mainz,Wolfsburg,0,0,43,5,1,0.4022213744416016,0.2745124961284381,0.3232661294299604,0.13314151224715948,0.39557250543878814,0.2945582739512135,0.30986922060999844,0.12624827047028397,0.38437714024807856,0.28799939121832435,0.3276234685335972,1.0,144.0
2018/19,2018-09-26,M'gladbach,Ein Frankfurt,3,1,44,5,0,0.5133414600608793,0.23824453571145623,0.24841400422766446,0.1492730259960494,0.5079267753428012,0.24391341032013403,0.24815981433706497,0.15185967593817026,0.49665551839464883,0.25752508361204013,0.24581939799331104,1.0,144.0
2018/19,2018-09-26,RB Leipzig,Stuttgart,2,0,45,5,0,0.6209074366977113,0.2187992790502779,0.16029328425201098,0.08470255426369784,0.5144051096908987,0.2582733117396731,0.22732157856942842,0.14373874878880244,0.6148290736395441,0.22644054460384144,0.15873038175661436,1.0,144.0
2018/19,2018-09-28,Hertha,Bayern Munich,2,0,46,6,0,0.28657858826061267,0.24092524589246306,0.4724961658469243,0.36611136873413225,0.2554250206753644,0.2371852183573935,0.507389760967242,0.4059181346853383,0.07772922070869827,0.14933140856400612,0.7729393707272957,1.0,144.0
2018/19,2018-09-29,Nurnberg,Fortuna Dusseldorf,3,0,47,6,0,0.38846307516246714,0.3154919211247547,0.2960450037127785,0.2308100273315226,0.3782385074491652,0.3106260425748046,0.3111354499760305,0.24169631092541427,0.44701107489043845,0.27296474601152826,0.2800241790980333,1.0,144.0
2018/19,2018-09-29,Leverkusen,Dortmund,2,4,48,6,2,0.341434492023843,0.30194482782629845,0.3566206801498585,0.26525723077720514,0.39638746102362643,0.2979062320055678,0.30570630697080603,0.31958337571843703,0.3767077861785383,0.27483751160631387,0.3484547022151479,1.0,144.0
2018/19,2018-09-29,Hoffenheim,RB Leipzig,1,2,49,6,2,0.4689478515474916,0.2532628953332798,0.2777892531192288,0.3707502251905449,0.46354214533835336,0.2541302977010389,0.2823275569606076,0.3649625280015064,0.4295883526502355,0.25068523406581866,0.3197264132839458,1.0,144.0
2018/19,2018-09-29,Stuttgart,Werder Bremen,2,1,50,6,0,0.42051211817970485,0.27580960543054833,0.3036782763897469,0.21401335036380986,0.44328354294516137,0.29175575368628937,0.2649607033685491,0.19006869394262416,0.33549253856312633,0.28463069598212754,0.3798767654547462,1.0,144.0
2018/19,2018-09-29,Wolfsburg,M'gladbach,2,2,51,6,1,0.45463064824983135,0.2793806286792466,0.265988723070922,0.13871951356448076,0.39064219753353413,0.28731005016863614,0.32204775229783,0.12815804062695652,0.41519273197293066,0.27407385397089523,0.3107334140561742,1.0,144.0
2018/19,2018-09-29,Schalke 04,Mainz,1,0,52,6,0,0.4998672066398877,0.2668548648207084,0.2332779285394036,0.152275701468912,0.4713079152136455,0.2846369672235232,0.24405511756283094,0.16953911046217465,0.6036289639608476,0.24235477106657474,0.15401626497257762,1.0,144.0
2018/19,2018-09-30,Augsburg,Freiburg,4,1,53,6,0,0.4327287435678363,0.28261807192012656,0.2846531845120369,0.20141205691348474,0.42424770029276593,0.2877011590156366,0.28805114069159765,0.2072320851359496,0.5076875381470466,0.2585570486053924,0.233755413247561,1.0,144.0
2018/19,2018-09-30,Ein Frankfurt,Hannover,4,1,54,6,0,0.4033548360834609,0.27996626758445664,0.31667889633208274,0.2281354875035498,0.47098229429950583,0.2674811828603636,0.2615365228401304,0.17413054286196034,0.4803264215323678,0.26641055620511106,0.2532630222625212,1.0,144.0
2018/19,2018-10-05,Werder Bremen,Wolfsburg,2,0,55,7,0,0.5298131997640034,0.27101604397257156,0.19917075626342515,0.1303723086333548,0.5217783656921482,0.2762693185938845,0.2019523157139676,0.13474033467115334,0.46861947986857494,0.2707579217018433,0.26062259842958174,1.0,144.0
2018/19,2018-10-06,Fortuna Dusseldorf,Schalke 04,0,2,56,7,2,0.42675650631724177,0.2756772791026429,0.29756621458011495,0.33776716929170325,0.38716339228032287,0.2777846462393184,0.3350519614803589,0.2960256931265628,0.250801337166912,0.2755980795421717,0.47360058329091637,1.0,144.0
2018/19,2018-10-06,Dortmund,Augsburg,4,3,57,7,0,0.49387954839928655,0.2598148743045617,0.24630557729615196,0.15841217446785033,0.5755468537214722,0.23344626316189057,0.1910068831166373,0.10832205139183704,0.6224039418719346,0.22372123256226223,0.1538748255658032,1.0,144.0
2018/19,2018-10-06,Hannover,Stuttgart,3,1,58,7,0,0.3471199016491933,0.2746163813121797,0.37826371703862666,0.2846679312252188,0.3525222771226882,0.27318009766864854,0.3742976252086636,0.279663056929617,0.3890215971683292,0.28220930892847,0.3287690939032007,1.0,144.0
2018/19,2018-10-06,Mainz,Hertha,0,0,59,7,1,0.43994669778846796,0.2644371999078419,0.29561610230369006,0.14047098841810166,0.3755047595248732,0.29124820895189807,0.3332470315232283,0.12602870422243834,0.3628923069882037,0.2821330363578809,0.3549746566539156,1.0,144.0
2018/19,2018-10-06,Bayern Munich,M'gladbach,0,3,60,7,2,0.6324029801389497,0.20875033344047922,0.15884668642057123,0.5537362131171389,0.6605803524619356,0.19901645209019594,0.14040319544786836,0.5876365342274852,0.8278809343993333,0.11517487434568607,0.05694419125498059,1.0,144.0
2018/19,2018-10-07,Freiburg,Leverkusen,0,0,61,7,1,0.5406214421238246,0.2271262356734622,0.2322523222027133,0.17310634242629835,0.48297252584547856,0.24957542900710403,0.2674520451474175,0.15239652858754882,0.2762955343524988,0.26794594402865957,0.4557585216188415,1.0,144.0
2018/19,2018-10-07,Hoffenheim,Ein Frankfurt,1,2,62,7,2,0.46599255375513976,0.26637791038845543,0.26762953585640464,0.3767577784525709,0.5659992913441695,0.2333027880063771,0.2006979206494535,0.47961950592810476,0.5743950820258051,0.22627685049501411,0.1993280674791808,1.0,144.0
2018/19,2018-10-07,RB Leipzig,Nurnberg,6,0,63,7,0,0.5584319651591977,0.2502834405886649,0.19128459425213723,0.11578606269568642,0.5483675325071109,0.2510685300600366,0.20056393743285217,0.12209888934614235,0.7006569524282413,0.1838225464545576,0.11552050111720108,1.0,144.0
2018/19,2018-10-19,Ein Frankfurt,Fortuna Dusseldorf,7,1,64,8,0,0.4877881965715577,0.2585541934517748,0.2536576099766669,0.16335155733524617,0.5018764986943255,0.2590012150299517,0.2391222862757227,0.1526532451733765,0.5372896132874263,0.2701372777917338,0.19257310892083992,1.0,144.0
2018/19,2018-10-20,Schalke 04,Werder Bremen,0,2,65,8,2,0.40763383380042617,0.3154986336628661,0.27686753253670754,0.34454295397919144,0.4307488991203138,0.3102155199566364,0.2590355809230501,0.3672864422157023,0.4557585216188416,0.2762955343524989,0.2679459440286596,1.0,144.0
2018/19,2018-10-20,Wolfsburg,Bayern Munich,1,3,66,8,2,0.3330218052610102,0.28803229397494806,0.3789459007640419,0.2483058584785449,0.26710089270063886,0.2652768647040791,0.4676222425952823,0.17738448173037746,0.09779874496490036,0.16796976821527948,0.7342314868198201,1.0,144.0
2018/19,2018-10-20,Stuttgart,Dortmund,0,4,67,8,2,0.35429087219208966,0.27356653114045,0.3721425966674605,0.25986347051905556,0.38561762599813215,0.2768416030913161,0.3375407709105517,0.29377659184311067,0.22764925533284694,0.23825056869393538,0.5341001759732177,1.0,144.0
2018/19,2018-10-20,Nurnberg,Hoffenheim,1,3,68,8,2,0.39972744208001487,0.26475174432462995,0.33552081359535485,0.3006573085584052,0.35844977661909616,0.28143225847405157,0.3601179649068523,0.26896763059661416,0.22437740857598582,0.22232829982186722,0.5532942916021468,1.0,144.0
2018/19,2018-10-20,Augsburg,RB Leipzig,0,0,69,8,1,0.4099434488367703,0.2590066304546512,0.3310499207085783,0.1388238406226709,0.3933578214771747,0.24434843687410068,0.3622937416487247,0.14299356547755082,0.3274003168686612,0.2574282174851215,0.4151714656462172,1.0,144.0
2018/19,2018-10-20,Leverkusen,Hannover,2,2,70,8,1,0.5639216275305683,0.2252698129329781,0.21080855953645372,0.18122392538527976,0.6495779967529448,0.19392983429109995,0.1564921689559554,0.223220686405054,0.6304811862503202,0.22218330133306477,0.14733551241661505,1.0,144.0
2018/19,2018-10-21,Hertha,Freiburg,1,1,71,8,1,0.4357954189423113,0.2509081193462677,0.3132964617114209,0.14403616004600023,0.4881149343242062,0.246552322729673,0.2653327429461211,0.15432882679481816,0.5050344887353916,0.2769081145623028,0.21805739670230553,1.0,144.0
2018/19,2018-10-21,M'gladbach,Mainz,4,0,72,8,0,0.6124616151580389,0.23566231996524048,0.1518760648767208,0.08662616940417692,0.6130696371294969,0.23278064247809252,0.15414972039241043,0.08673862100407878,0.6129578842136604,0.21379105012308683,0.17325106566325285,1.0,144.0
2018/19,2018-10-26,Freiburg,M'gladbach,3,1,73,9,0,0.42072216740987217,0.28731701336769744,0.2919608192224304,0.21040196364567437,0.42603188251416,0.28937876965529874,0.284589347830541,0.2052152483944259,0.27552670781017236,0.268695467120664,0.45577782506916364,1.0,144.0
2018/19,2018-10-27,Hannover,Augsburg,1,2,74,9,2,0.3876517969432512,0.24959853998510742,0.36274966307164136,0.2781809537943191,0.49307739497240205,0.2442212803708904,0.2627013246567081,0.393367327047872,0.39040680938171446,0.2718710371738958,0.3377221534443896,1.0,144.0
2018/19,2018-10-27,Fortuna Dusseldorf,Wolfsburg,0,3,75,9,2,0.31057130768156155,0.28113458049379997,0.40829411182463854,0.2232851976282143,0.35628977661814215,0.27991192220672767,0.3637983011751302,0.26584750325512796,0.301578882950512,0.2767328954347028,0.42168822161478514,1.0,144.0
2018/19,2018-10-27,Dortmund,Hertha,2,2,76,9,1,0.6278527151665666,0.20683910945812017,0.16530817537531317,0.21076291239397255,0.6262075247064579,0.20622016235097002,0.16757231294257208,0.2101081720319562,0.6545257210349066,0.20787512170207334,0.13759915726302016,1.0,144.0
2018/19,2018-10-27,Hoffenheim,Stuttgart,4,0,77,9,0,0.5322999176608723,0.2512288042429957,0.21647127809613206,0.1328015906302999,0.5419693956587643,0.25478508685671586,0.20324551748451994,0.1255503874453739,0.638753710748766,0.20311833479877076,0.15812795445246325,1.0,144.0
2018/19,2018-10-27,Mainz,Bayern Munich,1,2,78,9,2,0.20725228180487582,0.24810913211688249,0.5446385860782416,0.1251537628010753,0.19965263807362085,0.23791640598628244,0.5624309559400967,0.1156639221046269,0.07477790771629633,0.1345376582343407,0.790684434049363,1.0,144.0
2018/19,2018-10-28,Nurnberg,Ein Frankfurt,1,1,79,9,1,0.36624603543008055,0.28654856453069727,0.34720540003922223,0.12734387414232406,0.39969555125079204,0.2800071794531733,0.32029726929603425,0.13117343720408553,0.2337221722600816,0.26129261617279903,0.5049852115671194,1.0,144.0
2018/19,2018-10-28,RB Leipzig,Schalke 04,0,0,80,9,1,0.6059704220624302,0.23283671496521874,0.16119286297235122,0.1965916457438715,0.5722093586222448,0.24849116833102047,0.17929947304673477,0.17978592556485876,0.5250861679065487,0.25563405542818823,0.21927977666526308,1.0,144.0
2018/19,2018-10-28,Werder Bremen,Leverkusen,2,6,81,9,2,0.4944000476362467,0.2573943657039782,0.24820558665977493,0.40481312351614795,0.42372489615549197,0.2779049325047809,0.29837017133972704,0.3359136020439132,0.38563327032136113,0.2608695652173913,0.3534971644612477,1.0,144.0
2018/19,2018-11-02,Stuttgart,Ein Frankfurt,0,3,82,10,2,0.4576202903940288,0.2677972275169853,0.27458248208898606,0.36782345273624584,0.49248767178934244,0.27169079470407725,0.2358215335065802,0.41325641775836086,0.32195740763609015,0.2732579678255891,0.40478462453832076,1.0,144.0
2018/19,2018-11-03,Hertha,RB Leipzig,0,3,83,10,2,0.3817006895773031,0.2502572865350544,0.3680420238876427,0.27253314999790784,0.3120834434245405,0.250701451443345,0.43721510513211426,0.20706145677558765,0.2926239419588876,0.2684401451027812,0.43893591293833134,1.0,144.0
2018/19,2018-11-03,Wolfsburg,Dortmund,0,1,84,10,2,0.38547353224992037,0.2851631877629915,0.3293632799870881,0.29917172714745355,0.31752439791238696,0.2844316975368615,0.3980439045507515,0.23158644205906426,0.280916379642995,0.2677966586157122,0.4512869617412928,1.0,144.0
2018/19,2018-11-03,Schalke 04,Hannover,3,1,85,10,0,0.5141188324485148,0.2818219334897448,0.20405923406174026,0.1388603399935293,0.5076377858695417,0.2832627799908532,0.20909943413960488,0.14307156163047519,0.5715333555287361,0.2683996420991302,0.16006700237213364,1.0,144.0
2018/19,2018-11-03,Leverkusen,Hoffenheim,1,4,86,10,2,0.4219264912182029,0.2469226953931544,0.3311508133886424,0.31269059921118925,0.44630487562508886,0.24646924156281685,0.3072258828120945,0.33956200972610406,0.44950396825396827,0.24756944444444443,0.3029265873015873,1.0,144.0
2018/19,2018-11-03,Bayern Munich,Freiburg,1,1,87,10,1,0.7265193475392444,0.1745184380773171,0.09896221438343861,0.26881194111226153,0.7542929967487937,0.15270774680748198,0.09299925644372432,0.28880339332168065,0.8655674964186221,0.0977253624988767,0.036707141082501206,1.0,144.0
2018/19,2018-11-03,Augsburg,Nurnberg,2,2,88,10,1,0.5250772037961887,0.24917202741253097,0.22575076879128053,0.16333473977813923,0.49056502826575515,0.273548628797174,0.235886342937071,0.14814820687080327,0.5931980762235783,0.23612738956472537,0.1706745342116962,1.0,144.0
2018/19,2018-11-04,Mainz,Werder Bremen,2,1,89,10,0,0.41822654153603456,0.31080329150499303,0.27097016695897264,0.20594259417744834,0.3939464780088092,0.3142307342276326,0.29182278776355813,0.22623070548801075,0.34111321423454266,0.2717503600865716,0.3871364256788857,1.0,144.0
2018/19,2018-11-04,M'gladbach,Fortuna Dusseldorf,3,0,90,10,0,0.7819008439156452,0.12877123810482763,0.08932791797952701,0.027773359407632453,0.7365128406774528,0.15737391829347955,0.10611324102906765,0.04034275152477918,0.6809033441374337,0.19732300993370525,0.12177364592886093,1.0,144.0
2018/19,2018-11-09,Hannover,Wolfsburg,2,1,91,11,0,0.3676216392184274,0.30552589622457293,0.3268524645569996,0.25336746238588675,0.36054520466346945,0.2997039332063741,0.33975086213015604,0.2621665417985344,0.32501695937288005,0.27700309037461374,0.39797995025250615,1.0,144.0
2018/19,2018-11-10,Fortuna Dusseldorf,Hertha,4,1,92,11,0,0.408834313882573,0.24305858051483967,0.3481071056025872,0.23532771270684957,0.407649598566689,0.24657167289773427,0.3457787285355771,0.23522096359294237,0.29849396391735794,0.2638041248675028,0.43770191121513924,1.0,144.0
2018/19,2018-11-10,Dortmund,Bayern Munich,3,2,93,11,0,0.30937214545764635,0.27406588496694245,0.4165619695754113,0.3252453539831601,0.3302626780825829,0.2692741981106492,0.40046312380676763,0.30445939694909435,0.25350814362679464,0.22599109339478685,0.5205007629784186,1.0,144.0
2018/19,2018-11-10,Freiburg,Mainz,1,3,94,11,2,0.4809392924290267,0.28160040616529247,0.23746030140568064,0.406384697467224,0.49187571637328914,0.28816898067024893,0.21995530295646182,0.42520572487174074,0.4221254516816455,0.2867969980542944,0.29107755026406,1.0,144.0
2018/19,2018-11-10,Werder Bremen,M'gladbach,1,3,95,11,2,0.336383748212417,0.27845638923119836,0.3851598625563849,0.24559121033655934,0.3363890915970957,0.2678614646900363,0.3957494437128678,0.23913817785941385,0.4015156299336912,0.26087780233659613,0.3376065677297127,1.0,144.0
2018/19,2018-11-10,Nurnberg,Stuttgart,0,2,96,11,2,0.4897894880665,0.2649737361327575,0.2452367758007428,0.40478063361205135,0.427922024418818,0.27706588397880755,0.29501209160237435,0.3400626049847792,0.3921022497515182,0.2813644385825016,0.3265333116659801,1.0,144.0
2018/19,2018-11-10,Hoffenheim,Augsburg,2,1,97,11,0,0.5940939344217028,0.21185210223034898,0.19405396334794817,0.10120833738214988,0.6111998553761149,0.2117786720401974,0.1770214725836878,0.09125107710762564,0.6212159900133345,0.200641189321077,0.17814282066558856,1.0,144.0
2018/19,2018-11-11,Ein Frankfurt,Schalke 04,3,0,98,11,0,0.48109547000594427,0.26351244603073803,0.25539208396331786,0.16724351389973913,0.4784459333207417,0.25935614508290356,0.2621979215963545,0.17038319727956022,0.38869946419873364,0.2903677545056016,0.32093278129566494,1.0,144.0
2018/19,2018-11-11,RB Leipzig,Leverkusen,3,0,99,11,0,0.557100294030186,0.22433313770802668,0.21856656826178747,0.1219657471549411,0.4707290233973428,0.25145096881517204,0.2778200077874853,0.17865586170048442,0.5121888442395365,0.24512816223050862,0.24268299352995493,1.0,144.0
2018/19,2018-11-23,Leverkusen,Stuttgart,2,0,100,12,0,0.4424638289654993,0.2548373026436295,0.3026988683908711,0.20123659346846298,0.5174096136162959,0.2423857169760069,0.24020466940769725,0.14529588211761696,0.6329284750337383,0.20647773279352227,0.16059379217273956,1.0,144.0
2018/19,2018-11-24,Augsburg,Ein Frankfurt,1,3,101,12,2,0.3816072343317225,0.24176410676228682,0.37662865890599045,0.26710795509582497,0.42760273960321776,0.256488261015826,0.31590899938095635,0.3254123000220709,0.34006020906766715,0.27569853108028386,0.3842412598520491,1.0,144.0
2018/19,2018-11-24,Bayern Munich,Fortuna Dusseldorf,3,3,102,12,1,0.7275133801484747,0.16747101268223263,0.10501560716929266,0.2701519980220971,0.7828498778115826,0.13335859318428814,0.08379152900412924,0.3099374757612298,0.8868760284784495,0.07257469001813138,0.04054928150341905,1.0,144.0
2018/19,2018-11-24,Hertha,Hoffenheim,3,3,103,12,1,0.2807342234891243,0.20154431798274805,0.5177214585281278,0.17342360642926669,0.2812010970041221,0.2015734117142724,0.5172254912816057,0.1732981328939099,0.2806665355946702,0.2465602224084824,0.4727732419968474,1.0,144.0
2018/19,2018-11-24,Mainz,Dortmund,1,2,104,12,2,0.262114555250398,0.2817942252573731,0.4560912194922289,0.18227040079378237,0.2594340799034445,0.28991629467206753,0.4506496254244881,0.18454593793080112,0.1844293584796649,0.22292264201555825,0.5926479995047769,1.0,144.0
2018/19,2018-11-24,Schalke 04,Nurnberg,5,2,105,12,0,0.6150537597807667,0.23136026799483833,0.1535859722243947,0.08588612936151815,0.6285889584093189,0.22002953023563432,0.15138151135504677,0.08043126189780637,0.6375170057265795,0.2422564621761002,0.12022653209732019,1.0,144.0
2018/19,2018-11-24,Wolfsburg,RB Leipzig,1,0,106,12,0,0.2950673100981783,0.27857133118875615,0.4263613587130653,0.3393570527479346,0.31233109267685716,0.2716767800969224,0.4159921272262202,0.32296898800660057,0.30480484964314514,0.2819004389763192,0.4132947113805358,1.0,144.0
2018/19,2018-11-25,Freiburg,Werder Bremen,1,1,107,12,1,0.5245573252838018,0.2514424921880791,0.22400018252811907,0.16266823464076346,0.47952265876062955,0.2670887584279555,0.2533885828114151,0.14707387708202024,0.3576962068899558,0.28720901317928804,0.35509477993075617,1.0,144.0
2018/19,2018-11-25,M'gladbach,Hannover,4,1,108,12,0,0.7076826768309283,0.16371751934114098,0.12859980382793074,0.05099366348465687,0.6834081312805136,0.1746433900204096,0.1419484786990769,0.060189890972139386,0.6832469363561754,0.18875693572485777,0.1279961279189669,1.0,144.0
2018/19,2018-11-30,Fortuna Dusseldorf,Mainz,0,1,109,13,2,0.4002883804319461,0.26927707696836245,0.3304345425996919,0.30427434462625735,0.4228684814482744,0.27305511724222936,0.30407640130949615,0.3315637039083554,0.37112623400677874,0.2765048145716227,0.3523689514215986,1.0,144.0
2018/19,2018-12-01,Dortmund,Freiburg,2,0,110,13,0,0.6943724058004472,0.17203577646818488,0.13359181773136797,0.055627500050488755,0.6574322412422983,0.1895164246387536,0.15305133411894797,0.07038869010793242,0.7340634363054035,0.16706271309019527,0.09887385060440126,1.0,144.0
2018/19,2018-12-01,Werder Bremen,Bayern Munich,1,2,111,13,2,0.20196772850461514,0.23016294256774017,0.5678693289276446,0.11376394011937904,0.20074304088175823,0.23126044538236734,0.5679965137358742,0.11346239030340688,0.12373449594991417,0.16908221697867853,0.7071832870714073,1.0,144.0
2018/19,2018-12-01,Hannover,Hertha,0,2,112,13,2,0.4685708765588847,0.2199376192115724,0.3114915042295428,0.3468013075536295,0.41612065533173176,0.23594753533433538,0.34793180933393286,0.2991746625361142,0.36802931627015023,0.274726109328422,0.3572445744014278,1.0,144.0
2018/19,2018-12-01,Stuttgart,Augsburg,1,0,113,13,0,0.3541000592244148,0.23860597503647818,0.40729396573910703,0.2915375540106967,0.45789551278483814,0.23263394163973206,0.30947054557543,0.19482464681878395,0.3533300610485628,0.28682087308648035,0.3598490658649569,1.0,144.0
2018/19,2018-12-01,Hoffenheim,Schalke 04,1,1,114,13,1,0.4955118062520142,0.2630784913038893,0.24140970244409682,0.15190529728464044,0.522587986245079,0.25385282660028247,0.22355918715463874,0.16153845676446477,0.516831253806443,0.25237474211847083,0.23079400407508618,1.0,144.0
2018/19,2018-12-02,Ein Frankfurt,Wolfsburg,1,2,115,13,2,0.49596030049409906,0.28439178515043206,0.2196479143554691,0.4274629986179834,0.4879322116565288,0.28419981876703493,0.22786796957643612,0.41713285778902337,0.48016339835851485,0.269262900184471,0.25057370145701413,1.0,144.0
2018/19,2018-12-02,RB Leipzig,M'gladbach,2,0,116,13,0,0.4606355149272991,0.26375204449725176,0.27561244057544904,0.1834381325788476,0.49098044240452177,0.2492103878941446,0.25980916970133344,0.16330085733779637,0.5551904145642785,0.22647627633740966,0.2183333090983118,1.0,144.0
2018/19,2018-12-03,Nurnberg,Leverkusen,1,1,117,13,1,0.3573010475028734,0.28376850122564745,0.3589304512714795,0.12824755369829913,0.36035401956345076,0.2637653662502388,0.3758806141863105,0.13557062776830692,0.19460917643911357,0.23966647344718423,0.5657243501137023,1.0,144.0
2018/19,2018-12-07,Werder Bremen,Fortuna Dusseldorf,3,1,118,14,0,0.5370947273869539,0.2410029588678056,0.22190231374524044,0.13176096412922486,0.5499092524118648,0.23963283332867505,0.21045791425946,0.12343710736944434,0.5231274376643281,0.26016498236782093,0.21670757996785087,1.0,144.0
2018/19,2018-12-08,Wolfsburg,Hoffenheim,2,2,119,14,1,0.4456022601170709,0.2542446614740433,0.30015307840888633,0.14432662234988625,0.4861420191870992,0.23670149287037576,0.2771564879425255,0.15657489081397247,0.3154719389142487,0.25319695876494236,0.43133110232080896,1.0,144.0
2018/19,2018-12-08,Schalke 04,Dortmund,1,2,120,14,2,0.32849701976899826,0.2887921348090043,0.38271084542199757,0.2444780961783694,0.2500629198725125,0.2507935485536258,0.49914353157386143,0.15669433292973495,0.29925077449264326,0.27098820134611584,0.4297610241612409,1.0,144.0
2018/19,2018-12-08,Leverkusen,Augsburg,1,0,121,14,0,0.5387375548417926,0.22863955938700573,0.23262288577120196,0.13343822514892487,0.5768626865560744,0.21969007540161525,0.2034472380423105,0.1102179823477937,0.5521824062510007,0.2423543728183943,0.20546322093060487,1.0,144.0
2018/19,2018-12-08,Hertha,Ein Frankfurt,1,0,122,14,0,0.3549534311734759,0.20950915560686645,0.43553741321965755,0.3028889571344713,0.4479582376655203,0.22250621143883523,0.32953555089564446,0.20667189333272706,0.3669294308452457,0.26887941764417456,0.3641911515105797,1.0,144.0
2018/19,2018-12-08,Bayern Munich,Nurnberg,3,0,123,14,0,0.7558133048688752,0.15169159316913172,0.09249510196199312,0.03409124298301019,0.7884962273945924,0.130111231277415,0.08139254132799276,0.02567929580507449,0.8930422271819407,0.0773166026710338,0.02964117014702544,1.0,144.0
2018/19,2018-12-08,Freiburg,RB Leipzig,3,0,124,14,0,0.31333680147875304,0.2711161030340216,0.4155470954872257,0.3220928683856493,0.357721202234819,0.2817418948960295,0.3605369028691516,0.27125445619458305,0.21357252004270194,0.24354761057501098,0.542879869382287,1.0,144.0
2018/19,2018-12-09,Mainz,Hannover,1,1,125,14,1,0.4338229760236795,0.277112165240858,0.28906485873546234,0.13588043354089743,0.45885232482995314,0.2808260591340589,0.260321616035988,0.1391563998887206,0.5075356533310191,0.2684486100263242,0.22401573664265675,1.0,144.0
2018/19,2018-12-09,M'gladbach,Stuttgart,3,0,126,14,0,0.6214179462008388,0.2322035400809727,0.14637851371818858,0.08237552036856845,0.6009189898927801,0.24757199468683236,0.15150901542038758,0.09111031719092708,0.6063684937499693,0.22099990660591134,0.17263159964411937,1.0,144.0
2018/19,2018-12-14,Nurnberg,Wolfsburg,0,2,127,15,2,0.2747735742344887,0.3339068271694513,0.39131959859605975,0.2229961740754288,0.3148843437460346,0.34846434145934085,0.33665131479462496,0.2695918140500355,0.26199563123700714,0.2760973790939566,0.46190698966903637,1.0,144.0
2018/19,2018-12-15,Hoffenheim,M'gladbach,0,0,128,15,1,0.4123267839847566,0.2459181983813895,0.3417550176338542,0.14340493443456398,0.42071176391882825,0.2448117753622093,0.3344764607189624,0.14443644553738774,0.5430551367296548,0.2127064977562543,0.24423836551409098,1.0,144.0
2018/19,2018-12-15,Augsburg,Schalke 04,1,1,129,15,1,0.4185612405479053,0.26319653058605297,0.3182422288660419,0.13823581416131378,0.43766672825514985,0.26063491507103753,0.3016983566738125,0.14128703172062312,0.36262512201190455,0.2852226836877261,0.3521521943003694,1.0,144.0
2018/19,2018-12-15,Dortmund,Werder Bremen,2,1,130,15,0,0.6875953956084289,0.174493415606921,0.13791118878464995,0.05830806641852474,0.6604517277171955,0.18807681334942736,0.15147145893337718,0.06911831604082164,0.7025918171014658,0.18156867183521022,0.1158395110633241,1.0,144.0
2018/19,2018-12-15,Fortuna Dusseldorf,Freiburg,2,0,131,15,0,0.4563323210967002,0.25769311296808306,0.2859745659352169,0.1886779987229686,0.3821240963569135,0.27968532602280427,0.33819057762028254,0.24807174954695047,0.3694050275801087,0.2859909890942776,0.34460398332561376,1.0,144.0
2018/19,2018-12-15,Hannover,Bayern Munich,0,4,132,15,2,0.1520396066652844,0.18757150527251498,0.6603888880622004,0.06922587467328144,0.1466096071685179,0.169817178025232,0.6835732148062503,0.06081014365107933,0.07865821754549153,0.13348061159234928,0.7878611708621591,1.0,144.0
2018/19,2018-12-15,Stuttgart,Hertha,2,1,133,15,0,0.3791816519463908,0.2841273130653399,0.33669103498826886,0.24938813716074204,0.3749413188493189,0.28368840319454713,0.341370277956134,0.2536160107768385,0.3779527559055118,0.2834645669291339,0.33858267716535434,1.0,144.0
2018/19,2018-12-16,Ein Frankfurt,Leverkusen,2,1,134,15,0,0.6016983248695574,0.21795634096115238,0.18034533416929013,0.09558433198417478,0.567255302110049,0.2281167442048822,0.20462795368506848,0.11457028649060179,0.3888973041271202,0.25223055125557403,0.3588721446173057,1.0,144.0
2018/19,2018-12-16,RB Leipzig,Mainz,4,1,135,15,0,0.675587147143965,0.19222361092632032,0.13218924192971496,0.06135884739007205,0.7170467442376776,0.17112261967395906,0.11183063608836341,0.046284318057213114,0.6480231436837031,0.21697203471552556,0.13500482160077149,1.0,144.0
2018/19,2018-12-18,Fortuna Dusseldorf,Dortmund,2,1,136,16,0,0.21263737932465382,0.21058604459546884,0.5767765760798774,0.47630555757558773,0.2018186265974254,0.20490965683471515,0.5932717165678592,0.4945324172630975,0.16044098104269688,0.21228653823553345,0.6272724807217698,1.0,144.0
2018/19,2018-12-18,Hertha,Augsburg,2,2,137,16,1,0.42079501130366254,0.23532692140233494,0.343878067294003,0.147660283351954,0.39861400693379273,0.23737081191076448,0.36401518115544296,0.14570008931772183,0.42743142880322155,0.2816600166680188,0.2909085545287597,1.0,144.0
2018/19,2018-12-18,M'gladbach,Nurnberg,2,0,138,16,0,0.5680411222011537,0.2639160258727041,0.16804285192614218,0.10741343609635504,0.5770828464010996,0.24710502766174527,0.17581212593715517,0.10488441121736898,0.6997563619242037,0.188606206924883,0.1116374311509134,1.0,144.0
2018/19,2018-12-18,Wolfsburg,Stuttgart,2,0,139,16,0,0.4716741815602677,0.29123779950528933,0.23708801893444284,0.16766944957613591,0.47361691579958715,0.29888746782627834,0.2274956163741343,0.1644167034008932,0.5954386995063197,0.24571267853045592,0.15884862196322438,1.0,144.0
2018/19,2018-12-19,Freiburg,Hannover,1,1,140,16,1,0.49520136419026595,0.25836099580770755,0.24643764000202675,0.1529779507528344,0.4961354151920675,0.26090348662187846,0.24296109818605424,0.1525902227197893,0.5381082927328373,0.24783104576245177,0.2140606615047111,1.0,144.0
2018/19,2018-12-19,Bayern Munich,RB Leipzig,1,0,141,16,0,0.6268292600751526,0.20296943088676675,0.17020130903808067,0.08411244336716715,0.625766467421084,0.19742217652450259,0.17681135605441317,0.08565649626814757,0.7423879326075056,0.16525758773797214,0.09235447965452223,1.0,144.0
2018/19,2018-12-19,Mainz,Ein Frankfurt,2,2,142,16,1,0.2293421440835653,0.2323076685878109,0.5383501873286237,0.1712093716248056,0.2048505003616776,0.2178762783941985,0.5772732212441241,0.18760404973199843,0.29169285905244985,0.26546434584064915,0.44284279510690105,1.0,144.0
2018/19,2018-12-19,Werder Bremen,Hoffenheim,1,1,143,16,1,0.27122763951146617,0.2208132421266609,0.5079591183618728,0.16579344918096653,0.21732144706725506,0.2048135810976422,0.5778649718351029,0.19057826851469492,0.30294283742235045,0.2390872393382276,0.45796992323942187,1.0,144.0
2018/19,2018-12-19,Schalke 04,Leverkusen,1,2,144,16,2,0.4257411845028433,0.2863375111603566,0.28792130433680024,0.34415581249964405,0.44259271386965826,0.2788521997077314,0.2785550864226105,0.3581855368485982,0.38374679082471513,0.28584071809230976,0.3304124910829751,1.0,144.0
2018/19,2018-12-21,Dortmund,M'gladbach,2,1,145,17,0,0.594845342261234,0.23880368323465065,0.16635097450411532,0.09591147170294274,0.584503519861233,0.23480904591777788,0.18068743422098904,0.10264263694653457,0.6477810204287008,0.1974942135453356,0.15472476602596358,1.0,144.0
2018/19,2018-12-22,RB Leipzig,Werder Bremen,3,2,146,17,0,0.7729380705356377,0.13380150442265307,0.09326042504170924,0.03012731334551966,0.7424619514612191,0.14827047778377814,0.10926757075500268,0.03913262423193151,0.6466492781006757,0.21318108069253044,0.14016964120679387,1.0,144.0
2018/19,2018-12-22,Ein Frankfurt,Bayern Munich,0,3,147,17,2,0.30557116141231455,0.24243088689541897,0.45199795169226664,0.19683998981817113,0.34551210335280236,0.24967250248401895,0.40481539416317913,0.23681166429420494,0.1460647492478584,0.18244313962657033,0.6714921111255713,1.0,144.0
2018/19,2018-12-22,Hannover,Fortuna Dusseldorf,0,1,148,17,2,0.48409313684389094,0.24394268011079123,0.271964183045318,0.3821911579541148,0.47259618646295337,0.23965453154457303,0.28774928199247385,0.3653241203807817,0.3856399654945715,0.2836247420643215,0.33073529244110705,1.0,144.0
2018/19,2018-12-22,Leverkusen,Hertha,3,1,149,17,0,0.6297734442068498,0.20991357629579907,0.16031297949735127,0.08138397700488835,0.5551952212082063,0.23667881258326282,0.20812596620853102,0.12058385452312553,0.5750431468722231,0.24055022728070719,0.18440662584706966,1.0,144.0
2018/19,2018-12-22,Nurnberg,Freiburg,0,1,150,17,2,0.4422630849748991,0.24887998578338108,0.3088569292417199,0.33663769029435,0.4084670160640628,0.27529409274196703,0.31623889119397003,0.31718727856396534,0.3316337483898669,0.2919171318162302,0.376449119793903,1.0,144.0
2018/19,2018-12-22,Stuttgart,Schalke 04,1,3,151,17,2,0.278509416925008,0.28696238050137524,0.43452820257361646,0.19866292450026626,0.30427969894372897,0.306039829550782,0.3896804715054893,0.23253803102552426,0.27641839599901374,0.29748687130381657,0.42609473269716963,1.0,144.0
2018/19,2018-12-23,Augsburg,Wolfsburg,2,3,152,17,2,0.38818487133740276,0.3151470424974512,0.2966680861651463,0.32268163767691715,0.4087501950980775,0.3044134607087996,0.2868363441931232,0.33783956097827306,0.36142519821082336,0.29129792094603674,0.3472768808431399,1.0,144.0
2018/19,2018-12-23,Hoffenheim,Mainz,1,1,153,17,1,0.6869191220808097,0.1721298945899526,0.14095098332923767,0.2458625299908747,0.6952791183202053,0.16808314161009874,0.13663774006969595,0.2510414621917379,0.5849472390558123,0.22687206000762808,0.18818070093655972,1.0,144.0
2018/19,2019-01-18,Hoffenheim,Bayern Munich,1,3,154,18,2,0.30394101476087565,0.23635540742596597,0.4597035778131583,0.1921501821408863,0.32925536942284767,0.24759699970301588,0.4231476308741362,0.22058387702994872,0.15513340430725553,0.18974242209791525,0.6551241735948291,1.0,144.0
2018/19,2019-01-19,Augsburg,Fortuna Dusseldorf,1,2,155,18,2,0.5646690939617296,0.22660180677579725,0.20872909926247288,0.4724804120147688,0.5338446708557667,0.23641678040185993,0.22973854874237362,0.4391464179473036,0.4558164278621081,0.2717122996169669,0.2724712725209249,1.0,144.0
2018/19,2019-01-19,Ein Frankfurt,Freiburg,3,1,156,18,0,0.7858801353490585,0.12568313697527322,0.08843672767566829,0.026834185620058897,0.7632064547812064,0.1446611710625978,0.09213237415619577,0.03227977871247105,0.621086432967621,0.22584961198822584,0.15306395504415307,1.0,144.0
2018/19,2019-01-19,Hannover,Werder Bremen,0,1,157,18,2,0.4087775774349805,0.2572941909792651,0.33392823158575446,0.305375354246046,0.41882587155936635,0.2593971172001654,0.32177701124046815,0.3177007665846874,0.2744684332751892,0.25708784647148325,0.46844372025332764,1.0,144.0
2018/19,2019-01-19,Leverkusen,M'gladbach,0,1,158,18,2,0.36677823631133044,0.2795712884225164,0.3536504752661532,0.27614699137765997,0.4359775312055051,0.2638212631007546,0.3002012056937402,0.33989738011427095,0.5099228954392443,0.24288098012193432,0.24719612443882144,1.0,144.0
2018/19,2019-01-19,RB Leipzig,Dortmund,0,1,159,18,2,0.36976540611482145,0.2571476576711796,0.37308693621399885,0.26487322255240464,0.29016693427973145,0.26703210183336695,0.4428009638869016,0.19733380779733195,0.4115796262399951,0.27477287723627847,0.31364749652372625,1.0,144.0
2018/19,2019-01-19,Stuttgart,Mainz,2,3,160,18,2,0.43346622920613154,0.28733337436701595,0.27920039642685285,0.35372252018669453,0.43173123074696507,0.2811838419076579,0.28708492734537694,0.34731987821021776,0.3965726429384236,0.2771501993262847,0.32627715773529165,1.0,144.0
2018/19,2019-01-20,Schalke 04,Wolfsburg,2,1,161,18,0,0.488558685708259,0.26281091374062066,0.24863040055112023,0.16169464702133698,0.4512723391570937,0.2711938935642295,0.2775337672786766,0.18906351887701123,0.4376123917692138,0.2993483538789407,0.26303925435184544,1.0,144.0
2018/19,2019-01-20,Nurnberg,Hertha,1,3,162,18,2,0.3629158385536247,0.2960788563833524,0.3410053050630225,0.2829909569140801,0.32961746914855183,0.3072707808669242,0.363111749984524,0.257137159487836,0.31572140238744245,0.28114672431619514,0.4031318732963624,1.0,144.0
2018/19,2019-01-25,Hertha,Schalke 04,2,2,163,19,1,0.44340663161094024,0.24134096415867776,0.3152524042303819,0.14799675966479814,0.3841418330310679,0.26523351039919857,0.35062465656973363,0.13525129883955622,0.3680096165330395,0.299148921414894,0.3328414620520664,1.0,144.0
2018/19,2019-01-26,Wolfsburg,Leverkusen,0,3,164,19,2,0.547262248644475,0.2592174312245319,0.19352032013099293,0.47495272141651157,0.47879032541920874,0.2693950827622175,0.2518145918185739,0.39451079036531966,0.3273112598595596,0.267963613841068,0.4047251262993724,1.0,144.0
2018/19,2019-01-26,Werder Bremen,Ein Frankfurt,2,2,165,19,1,0.29638046499055665,0.23280095102602302,0.4708185839834201,0.1547557595260858,0.29715526856616936,0.22835114739803522,0.4744935840357955,0.15672270746388337,0.34729742850527673,0.26234026185479237,0.39036230963993107,1.0,144.0
2018/19,2019-01-26,M'gladbach,Augsburg,2,0,166,19,0,0.4813062978436136,0.26257566121227377,0.2561180409441128,0.16731980377687414,0.4554384248884538,0.2728264128350697,0.2717351622764767,0.18519365375269564,0.5473577692170855,0.25175628661664395,0.20088594416627056,1.0,144.0
2018/19,2019-01-26,Dortmund,Hannover,5,1,167,19,0,0.7664227270291543,0.14848103979286903,0.0850962331779763,0.03089985567478879,0.7766034062776481,0.14151060107289437,0.08188599264945762,0.028305676939468276,0.8245619867089715,0.11925062106915904,0.05618739222186934,1.0,144.0
2018/19,2019-01-26,Freiburg,Hoffenheim,2,4,168,19,2,0.3671310320936595,0.24743563366604215,0.3854333342402985,0.2562386906945763,0.3204035646297052,0.2535164438880744,0.42607999148222025,0.21602131020223492,0.25389209988247224,0.23431487772285994,0.5117930223946677,1.0,144.0
2018/19,2019-01-26,Mainz,Nurnberg,2,1,169,19,0,0.5064213697723755,0.2689039248235201,0.22467470540410436,0.1470492937328996,0.48336887579905863,0.2768507018036155,0.2397804223973257,0.16220118472908426,0.5051707081213995,0.2842505733744317,0.21057871850416868,1.0,144.0
2018/19,2019-01-27,Fortuna Dusseldorf,RB Leipzig,0,4,170,19,2,0.23181563726630736,0.2257936728709109,0.5423906898627818,0.1315723852027225,0.25501499853752724,0.2206587980774387,0.524326203385034,0.14564910513259552,0.2777234058571106,0.2730557855906045,0.44922080855228486,1.0,144.0
2018/19,2019-01-27,Bayern Munich,Stuttgart,4,1,171,19,0,0.8255776715754263,0.10462135549788981,0.06980097292668379,0.017647662237280762,0.8057567089557705,0.118152678752092,0.07609061229213754,0.02176011869734283,0.8816224317858107,0.08499427475586256,0.03338329345832673,1.0,144.0
2018/19,2019-02-01,Hannover,RB Leipzig,0,3,172,20,2,0.1961333814139204,0.19869583560446077,0.6051707829816186,0.09717920695810314,0.17132840279491823,0.1711519615810395,0.6575196356240421,0.07332311079367326,0.1858490797512561,0.24239169254340887,0.571759227705335,1.0,144.0
2018/19,2019-02-02,Nurnberg,Werder Bremen,1,1,173,20,1,0.26543695165228826,0.27020512689945564,0.46435792144825594,0.14304252725710198,0.3201072205986919,0.26362591601415786,0.4162668633871499,0.137873367116798,0.23666617097548862,0.24317449067731456,0.5201593383471969,1.0,144.0
2018/19,2019-02-02,Schalke 04,M'gladbach,0,2,174,20,2,0.5222261939045222,0.26867336656614427,0.20910043952933358,0.4491211561763485,0.5268566987310144,0.2677728601798185,0.20537044108916738,0.4545070584462838,0.4222414616007903,0.2794778728647065,0.2982806655345032,1.0,144.0
2018/19,2019-02-02,Leverkusen,Bayern Munich,3,1,175,20,0,0.29333978305621544,0.2634172645170125,0.44324295242677203,0.3479164885435192,0.30362667496073537,0.26407906533878495,0.43229425970047985,0.33590706739811355,0.17596517708834397,0.20535470983671428,0.6186801130749418,1.0,144.0
2018/19,2019-02-02,Ein Frankfurt,Dortmund,1,1,176,20,1,0.3380121131015292,0.25805947607115337,0.4039284108273174,0.13870517483842154,0.35014634839395076,0.26349694192370926,0.38635670968233987,0.13593698620509093,0.29442954721548775,0.25646363191664856,0.4491068208678638,1.0,144.0
2018/19,2019-02-02,Hertha,Wolfsburg,0,1,177,20,2,0.5263622143784342,0.2327319351540648,0.24090585046750085,0.4266405542899183,0.49020626796721006,0.25232919642465046,0.25746453560813987,0.395830550516988,0.40784868092081766,0.28753933551644667,0.3046119835627357,1.0,144.0
2018/19,2019-02-02,Hoffenheim,Fortuna Dusseldorf,1,1,178,20,1,0.7054561196932159,0.1696067015982643,0.12493717870851985,0.25663881771812674,0.7363041615064854,0.15142274896153993,0.11227308953197462,0.27737453244241167,0.6668900974067096,0.18703880875043113,0.14607109384285932,1.0,144.0
2018/19,2019-02-03,Stuttgart,Freiburg,2,2,179,20,1,0.4148619924430581,0.28747336263088985,0.29766464492605216,0.13035735680638832,0.45696413242754547,0.2844451373259731,0.2585907302464812,0.1378426920473339,0.42027134402174326,0.284265165635698,0.29546349034255887,1.0,144.0
2018/19,2019-02-03,Augsburg,Mainz,3,0,180,20,0,0.4147759334410229,0.26986543288662496,0.3153586336723524,0.22096913795575943,0.44147567472497157,0.2698831281421957,0.2886411971328325,0.1976315813031003,0.4242898729710657,0.268833803810868,0.30687632321806635,1.0,144.0
2018/19,2019-02-08,Mainz,Leverkusen,1,5,181,21,2,0.47904987537640603,0.24195234190446974,0.27899778271912395,0.37466649021104464,0.3656660201320359,0.23791230345084072,0.39642167641712334,0.2490092154891591,0.22663152446171145,0.22716103736933227,0.5462074381689562,1.0,144.0
2018/19,2019-02-09,Bayern Munich,Schalke 04,3,1,182,21,0,0.7980020556949734,0.12022145308447871,0.08177649122054766,0.023745282009900486,0.8174482302471648,0.10880166879946855,0.07375010095336679,0.019382113015261954,0.7755826526431069,0.14938032600984338,0.07503702134704981,1.0,144.0
2018/19,2019-02-09,Dortmund,Hoffenheim,3,3,183,21,1,0.5539176064821505,0.2363481328027408,0.20973426071510903,0.17540658744431387,0.5536592159063308,0.23283765283841504,0.21350313125525414,0.17606105720690568,0.549877844776137,0.2274027535639632,0.22271940165989987,1.0,144.0
2018/19,2019-02-09,Freiburg,Wolfsburg,3,3,184,21,1,0.36885464574198695,0.2621963571340047,0.3689489971240084,0.1360885560821291,0.32344001304569203,0.2755853159988217,0.4009746709554862,0.13269706439342893,0.3354098775952006,0.29487696187372614,0.36971316053107334,1.0,144.0
2018/19,2019-02-09,Hannover,Nurnberg,2,0,185,21,0,0.454703483122551,0.2964539539437657,0.24884256293368354,0.17963545622304108,0.44426580405572896,0.2833062286920581,0.2724279672522132,0.1915287469414991,0.44532826783806245,0.286002611895999,0.2686691202659385,1.0,144.0
2018/19,2019-02-09,M'gladbach,Hertha,0,3,186,21,2,0.5942442380343432,0.2129616032369358,0.19279415872872147,0.5023537423097453,0.5539235636136124,0.2225838841947591,0.22349255219162856,0.4548975654141373,0.6103985604349323,0.22676021287185572,0.16284122669321183,1.0,144.0
2018/19,2019-02-09,RB Leipzig,Ein Frankfurt,0,0,187,21,1,0.5367608864169491,0.2474373606297298,0.2158017529533208,0.1673413228824176,0.47148849160134354,0.2667130867900946,0.26179842160856226,0.14541990563462226,0.556412659505443,0.22911109509047653,0.21447624540408045,1.0,144.0
2018/19,2019-02-10,Fortuna Dusseldorf,Stuttgart,3,0,188,21,0,0.5180899649958277,0.25896734350880446,0.22294269149536822,0.14097036276446065,0.4978245388035871,0.26869562484945964,0.23347983634695324,0.15334651390421503,0.44521399460193795,0.2785767566223554,0.2762092487757065,1.0,144.0
2018/19,2019-02-10,Werder Bremen,Augsburg,4,0,189,21,0,0.48916053993345543,0.2349650779496367,0.2758743821169077,0.16853181433473222,0.4348983399343186,0.24802041164464625,0.31708124842103547,0.20994020215461556,0.5877337480068,0.2239632065152933,0.1883030454779068,1.0,144.0
2018/19,2019-02-15,Augsburg,Bayern Munich,2,3,190,22,2,0.19556965650241953,0.21997915044580232,0.5844511930517785,0.10546415075028245,0.18325456907146445,0.22045006043468132,0.5962953704938543,0.09827983248513128,0.07187889312544829,0.11812450451130657,0.8099966023632451,1.0,144.0
2018/19,2019-02-16,Wolfsburg,Mainz,3,0,191,22,0,0.6476614037607199,0.2007616701802255,0.15157692605905473,0.07355902545668927,0.6465855103729055,0.19582930081615346,0.157585188810941,0.07486744660547984,0.5471519348245016,0.2503677233901318,0.2024803417853665,1.0,144.0
2018/19,2019-02-16,Stuttgart,RB Leipzig,1,3,192,22,2,0.17830900428986263,0.22040640738079964,0.6012845883293375,0.09538404025727396,0.208522098495674,0.24476179895851433,0.5467161025458118,0.12447387862614932,0.17266717492927794,0.2283269466123628,0.5990058784583592,1.0,144.0
2018/19,2019-02-16,Hertha,Werder Bremen,1,1,193,22,1,0.6610169576942018,0.18151682750651926,0.15746621479927914,0.23086951358125538,0.5523072081723837,0.22194048082349704,0.22575231100411935,0.17800367906143666,0.3744250825937683,0.2874263134028633,0.33814860400336855,1.0,144.0
2018/19,2019-02-16,Hoffenheim,Hannover,3,0,194,22,0,0.843456149588662,0.08708684877450547,0.06945700163683256,0.014665126088993164,0.8464915989895868,0.08405296346378724,0.06945543754662611,0.014194443492783544,0.7659507264687303,0.14213518635502212,0.09191408717624763,1.0,144.0
2018/19,2019-02-16,Schalke 04,Freiburg,0,0,195,22,1,0.6130958226096491,0.21423290955864613,0.17267126783170503,0.20285092721800532,0.48026775900436897,0.26288476022112156,0.25684748077450953,0.14831387435964533,0.5256309016016074,0.27469411524377796,0.19967498315461474,1.0,144.0
2018/19,2019-02-17,Ein Frankfurt,M'gladbach,1,1,196,22,1,0.47330347808009693,0.2243153919926723,0.3023811299272305,0.1577252650493928,0.4137919086167825,0.23838961351891488,0.34781847786430287,0.14610071859028004,0.42406272357813524,0.2739731079296941,0.30196416849217056,1.0,144.0
2018/19,2019-02-17,Leverkusen,Fortuna Dusseldorf,2,0,197,22,0,0.6598088502156978,0.20007043044098394,0.14012071934331854,0.06768191719042725,0.6226995612712316,0.21725897404277472,0.16004146468599365,0.08398444574187963,0.6629049357992696,0.19434562374838024,0.1427494404523501,1.0,144.0
2018/19,2019-02-18,Nurnberg,Dortmund,0,0,198,22,1,0.1892359778273079,0.2608630378295423,0.5499009843431497,0.16910067394291123,0.16904546678900528,0.23897428625929557,0.5919802469516989,0.1895084913114537,0.15869587769845234,0.2276131015815831,0.6136910207199645,1.0,144.0
2018/19,2019-02-22,Werder Bremen,Stuttgart,1,1,199,23,1,0.5473479127560656,0.23795050617495708,0.21470158106897705,0.17284325325597016,0.5245931002900859,0.2490947500262001,0.2263121496837143,0.16320755498321393,0.6063383854554053,0.219489008309649,0.17417260623494588,1.0,144.0
2018/19,2019-02-23,Bayern Munich,Hertha,1,0,200,23,0,0.7576019585002683,0.14773278152935568,0.09466525997037602,0.03385916098408225,0.7134676392579637,0.17283970717140815,0.11369265357062829,0.04751340661416762,0.799484373114701,0.1336154822470702,0.06690014463822877,1.0,144.0
2018/19,2019-02-23,Fortuna Dusseldorf,Nurnberg,2,1,201,23,0,0.4087008713982837,0.3234662814988204,0.2678328471028961,0.21068454673619613,0.4348853252626391,0.3151434272217301,0.24997124751563085,0.190920110094017,0.5049705372170784,0.27453327797998905,0.2204961848029324,1.0,144.0
2018/19,2019-02-23,Mainz,Schalke 04,3,0,202,23,0,0.32426682859733946,0.27250744162399715,0.4032257297786635,0.30960315404471656,0.2649325971058763,0.2362376428731088,0.498829760021015,0.3945776081400677,0.29734256531427117,0.28940166594386035,0.4132557687418684,1.0,144.0
2018/19,2019-02-23,M'gladbach,Wolfsburg,0,3,203,23,2,0.41020243432472614,0.29523665742953903,0.29456090824573467,0.33295517465050695,0.49179917973800835,0.2614818748937697,0.24671894536822195,0.40464939022907087,0.4727886451041695,0.2735799463243228,0.2536314085715076,1.0,144.0
2018/19,2019-02-23,Freiburg,Augsburg,5,1,204,23,0,0.4490569403517292,0.24470594819289576,0.3062371114553751,0.1986597117035649,0.39559636524445063,0.25642695266662513,0.34797668208892446,0.2431957624916679,0.3921456964202325,0.2958917527534482,0.3119625508263192,1.0,144.0
2018/19,2019-02-24,Dortmund,Leverkusen,3,2,205,23,0,0.5051518188643305,0.24875414809071617,0.246094033044953,0.1527184977368055,0.4741879402913115,0.25851628419649586,0.2672957755121927,0.17396267687087894,0.4919782160730056,0.2550044156608773,0.25301736826611715,1.0,144.0
2018/19,2019-02-24,Hannover,Ein Frankfurt,0,3,206,23,2,0.22717203547768625,0.22071257496188648,0.5521153895604276,0.12610387898584147,0.22823416680344108,0.2210073885037989,0.5507584446927603,0.12695440495566446,0.18412718371067752,0.2277817507406738,0.5880910655486488,1.0,144.0
2018/19,2019-02-25,RB Leipzig,Hoffenheim,1,1,207,23,1,0.5608636765939207,0.23572974137836764,0.20340658202771153,0.17797115066732314,0.5857583848448842,0.2178384398897734,0.19640317526534223,0.19084354633519812,0.5102422116347917,0.24303307337218258,0.2467247149930258,1.0,144.0
2018/19,2019-03-01,Augsburg,Dortmund,2,1,208,24,0,0.2989707961812043,0.281971121075891,0.419058082742905,0.33352581065948694,0.31126550047147705,0.2902466820967949,0.398487817431728,0.3165738757411536,0.16732559748552,0.23257457449542374,0.6000998280190563,1.0,144.0
2018/19,2019-03-02,Hertha,Mainz,2,1,209,24,0,0.68133897435825,0.1820555564158852,0.13660546922586497,0.06010295174273539,0.6820082222354147,0.18751225805724786,0.13047951970733723,0.05907183789446943,0.5034321388001592,0.27920230686330666,0.21736555433653407,1.0,144.0
2018/19,2019-03-02,Ein Frankfurt,Hoffenheim,3,2,210,24,0,0.43918880309629055,0.2438004696198839,0.3170107272838253,0.20750249989279562,0.39447530478542636,0.23810691911857781,0.367417776095996,0.2508279893530148,0.3950187387493729,0.25146811461622454,0.3535131466344026,1.0,144.0
2018/19,2019-03-02,Leverkusen,Freiburg,2,0,211,24,0,0.6599493114760371,0.1750670176009866,0.16498367092297633,0.07142704121842108,0.6142648089383319,0.19370183397724672,0.19203335708442132,0.09283422392824725,0.659677905315437,0.20545053407069758,0.13487156061386543,1.0,144.0
2018/19,2019-03-02,Schalke 04,Fortuna Dusseldorf,0,4,212,24,2,0.4993003651450009,0.28344748763199906,0.21725214722300015,0.43099752783046763,0.4262276063019865,0.315810062217839,0.2579623314801745,0.3661449369381299,0.5146088242728354,0.28191613851468367,0.2034750372124809,1.0,144.0
2018/19,2019-03-02,Nurnberg,RB Leipzig,0,1,213,24,2,0.19780089703321824,0.3013286473857289,0.500870455581053,0.14412774848950577,0.1806569022080004,0.2866624945855536,0.5326806032064458,0.1255121674674411,0.13523354477304556,0.22507620067550868,0.6396902545514458,1.0,144.0
2018/19,2019-03-02,M'gladbach,Bayern Munich,1,5,214,24,2,0.26430847699673765,0.2573381711483691,0.4783533518548928,0.1709870982666799,0.21647694147230154,0.231198208361136,0.5523248501665626,0.1236376529837965,0.1582636541540651,0.2334104251912471,0.6083259206546877,1.0,144.0
2018/19,2019-03-03,Stuttgart,Hannover,5,1,215,24,0,0.5363983542877437,0.2557780482055628,0.20782359750669382,0.12905856679386823,0.5633930375391764,0.23937595995059663,0.19723100251022713,0.11476285401022814,0.5655687536522479,0.24627297627389017,0.18815827007386196,1.0,144.0
2018/19,2019-03-03,Wolfsburg,Werder Bremen,1,1,216,24,1,0.6146870982168581,0.21990104670490201,0.16541185507824022,0.202600655257343,0.6399756386094803,0.20023813346743458,0.1597862279230851,0.2175502283237501,0.42798160419635906,0.27721535726355073,0.2948030385400902,1.0,144.0
2018/19,2019-03-08,Werder Bremen,Schalke 04,4,2,217,25,0,0.5332928499136812,0.24029673794921427,0.22641041213710425,0.13453861933289363,0.5665975004935666,0.24027890874448923,0.19312359076194408,0.11256722394360544,0.4412116294401902,0.2801947416847185,0.2785936288750915,1.0,144.0
2018/19,2019-03-09,Bayern Munich,Wolfsburg,6,0,218,25,0,0.7764928681530103,0.1369696172116949,0.0865375146352949,0.028722089712860742,0.8191301024604303,0.10720416617032734,0.07366573136924223,0.019070279907069915,0.789910649944685,0.13806461216798216,0.07202473788733299,1.0,144.0
2018/19,2019-03-09,Dortmund,Stuttgart,3,1,219,25,0,0.7067755567265319,0.18205209705131176,0.11117234622215647,0.049169932348787145,0.6713262137997205,0.20401468841240977,0.12465909778786993,0.06178317419825637,0.7385369420042313,0.16151642638155977,0.099946631614209,1.0,144.0
2018/19,2019-03-09,Freiburg,Hertha,2,1,220,25,0,0.2707531445815437,0.27002938841304985,0.4592174670054063,0.37134082907028426,0.31336662153635775,0.2743031178020754,0.41233026066156714,0.32074082013881555,0.3887839958059651,0.28701406749205066,0.32420193670198416,1.0,144.0
2018/19,2019-03-09,Mainz,M'gladbach,0,1,221,25,2,0.2824487861844792,0.22985135805354953,0.48769985576197133,0.17111437730169535,0.22692732835326615,0.21979927865975518,0.5532733929869785,0.12553033688345874,0.3285219334379126,0.27484792741143677,0.3966301391506506,1.0,144.0
2018/19,2019-03-09,RB Leipzig,Augsburg,0,0,222,25,1,0.5931336767171671,0.24400301847722664,0.16286330480560604,0.18916600725411437,0.593623023191006,0.23389863198442773,0.1724783448245663,0.19106853654792583,0.7342571518390444,0.17245897516504247,0.09328387299591323,1.0,144.0
2018/19,2019-03-10,Hannover,Leverkusen,2,3,223,25,2,0.16117013892393256,0.17888376505266396,0.6599460960234037,0.07080623564524202,0.13765267472907006,0.15817396363835098,0.7041733616325788,0.053230829413918046,0.12632804540823753,0.18337942075389316,0.6902925338378693,1.0,144.0
2018/19,2019-03-10,Hoffenheim,Nurnberg,2,1,224,25,0,0.6694418422026593,0.21117929821752204,0.1193788595798187,0.061760003900474814,0.71310785343142,0.17850590340497485,0.10838624316360526,0.04702734073492385,0.7495157655225052,0.15202442413899872,0.09845981033849611,1.0,144.0
2018/19,2019-03-11,Fortuna Dusseldorf,Ein Frankfurt,0,3,225,25,2,0.37052948190272983,0.2617501644962824,0.3677203536009877,0.2685348241047827,0.37874507980274735,0.2646640632754223,0.35659085692183007,0.278711580435687,0.35599442871633385,0.2717060542291796,0.37229951705448655,1.0,144.0
2018/19,2019-03-15,M'gladbach,Freiburg,1,1,226,26,1,0.5189400408832899,0.24879727094429813,0.232262688172412,0.16162236117451284,0.5447669518037139,0.23755165730813854,0.21768139088814759,0.17207810985825422,0.593034733402487,0.24014245994569847,0.16682280665181454,1.0,144.0
2018/19,2019-03-16,Augsburg,Hannover,3,1,227,26,0,0.5747470972555596,0.257530041562502,0.16772286118193838,0.10448549472781413,0.5869822504177789,0.24265053535154169,0.17036721423067971,0.09980432457734228,0.5924267798473596,0.23188064891400229,0.17569257123863827,1.0,144.0
2018/19,2019-03-16,Hertha,Dortmund,2,3,228,26,2,0.31201082425127435,0.2895819698418387,0.3984072059068874,0.22963232217735915,0.3138075560351548,0.2729490142172483,0.41324342974759715,0.22137922747956004,0.26638707401988343,0.2671169016199379,0.46649602436017873,1.0,144.0
2018/19,2019-03-16,Wolfsburg,Fortuna Dusseldorf,5,2,229,26,0,0.5966934045428455,0.2321414849714921,0.17116511048566257,0.09597685249340496,0.5232155094618473,0.259753380448375,0.21703111008977802,0.13721297658226353,0.5096969619180861,0.26598939815943834,0.2243136399224757,1.0,144.0
2018/19,2019-03-16,Stuttgart,Hoffenheim,1,1,230,26,1,0.35687365431199436,0.22757270919239284,0.41555363649561283,0.1500218149733624,0.3256582827721398,0.24265293725988743,0.4316887799679731,0.14620425994416786,0.2527917296532891,0.24030818744818844,0.5069000828985225,1.0,144.0
2018/19,2019-03-16,Schalke 04,RB Leipzig,0,1,231,26,2,0.30601818594836394,0.26228481787024027,0.4316969961813958,0.20830771714018798,0.2561640382925124,0.24444215546443623,0.49939380624305163,0.15811328787107365,0.24788140634507325,0.2698542733895119,0.48226432026541477,1.0,144.0
2018/19,2019-03-17,Bayern Munich,Mainz,6,0,232,26,0,0.8634356881695495,0.0734048718627168,0.06315943996773375,0.011319463061381135,0.8688955034717668,0.06948275091478932,0.061621745613444,0.010492814271184751,0.8616450166320563,0.10031625973263027,0.038038723635313486,1.0,144.0
2018/19,2019-03-17,Ein Frankfurt,Nurnberg,1,0,233,26,0,0.6883540531376758,0.1959209333033723,0.11572501355895182,0.05525773747946708,0.6788772229595906,0.20316635789608786,0.11795641914432153,0.05851677737574766,0.7214424609679717,0.1723231546697116,0.10623438436231672,1.0,144.0
2018/19,2019-03-17,Leverkusen,Werder Bremen,1,3,234,26,2,0.635125624422347,0.18978988915739284,0.17508448642026023,0.541935081671201,0.6821554903335333,0.18024336736446606,0.13760114230200068,0.6045339513754986,0.6082568008283897,0.2221942651427908,0.16954893402881943,1.0,144.0
2018/19,2019-03-29,Hoffenheim,Leverkusen,4,1,235,27,0,0.546276446741663,0.20684230745654775,0.24688124580178888,0.13340770615500724,0.5062912449423278,0.22714024567244404,0.2665685093852279,0.15740355250822952,0.4168625647006835,0.2432564592018951,0.33988097609742135,1.0,144.0
2018/19,2019-03-30,Werder Bremen,Mainz,3,1,236,27,0,0.7126669535245738,0.16378014714445346,0.12355289933097288,0.04891279926496948,0.6564581256976142,0.1934377157219255,0.15010415858046033,0.07027613891117211,0.5898957941377484,0.23567265383227234,0.17443155202997937,1.0,144.0
2018/19,2019-03-30,RB Leipzig,Hertha,5,0,237,27,0,0.6131721860473635,0.2243775509002781,0.16245026305235855,0.08801292280657803,0.6082809505572243,0.22695900369221556,0.16476004575055997,0.0902948431860392,0.6074282583643474,0.23879243572062794,0.15377930591502464,1.0,144.0
2018/19,2019-03-30,Nurnberg,Augsburg,3,0,238,27,0,0.4054647708551726,0.3048772620596429,0.2896579670851847,0.21868693829510713,0.440712283996184,0.30071406347264856,0.2585736525311674,0.18983154152803705,0.3076383361561994,0.28938086813506,0.40298079570874057,1.0,144.0
2018/19,2019-03-30,Freiburg,Bayern Munich,1,1,239,27,1,0.14338501482716723,0.19853734293986045,0.6580776422329726,0.22681272284194748,0.1414231505836036,0.17116339413132317,0.6874134552850731,0.246268883013978,0.07266478898980767,0.13278743631836087,0.7945477746918315,1.0,144.0
2018/19,2019-03-30,Dortmund,Wolfsburg,2,0,240,27,0,0.5413458385866947,0.23485992971017786,0.22379423170312746,0.1302237489626677,0.5743246633979165,0.22013453452098372,0.2055408020810998,0.11172325675571942,0.6480716129148694,0.21747369560901658,0.13445469147611397,1.0,144.0
2018/19,2019-03-30,Fortuna Dusseldorf,M'gladbach,3,1,241,27,0,0.4428591826265461,0.27309687618719936,0.2840439411862547,0.19554342545409037,0.41957902966008087,0.28486450382775297,0.29555646651216616,0.21212106385374524,0.25506417090649,0.25776326266211425,0.48717256643139584,1.0,144.0
2018/19,2019-03-31,Ein Frankfurt,Stuttgart,3,0,242,27,0,0.7410202053960114,0.15293505414146458,0.10604474046252407,0.03915801049644409,0.7775457539278288,0.12689867180730918,0.09555557426486211,0.029308379684312838,0.6378918683187931,0.2094159049340314,0.15269222674717564,1.0,144.0
2018/19,2019-03-31,Hannover,Schalke 04,0,1,243,27,2,0.35696003762441353,0.2891098992892483,0.3539300630863385,0.2724134159222228,0.3447463798867017,0.3002969567540221,0.3549566633592762,0.26746548629479205,0.22771909132864981,0.26199938464694117,0.510281524024409,1.0,144.0
2018/19,2019-04-05,Mainz,Freiburg,5,0,244,28,0,0.46367847469829904,0.2523672107579926,0.2839543145437084,0.18413541562496516,0.45701132900172187,0.25421631337183914,0.2887723576264394,0.1891130856808041,0.4510309278350515,0.2706185567010309,0.2783505154639175,1.0,144.0
2018/19,2019-04-06,Leverkusen,RB Leipzig,2,4,245,28,2,0.3507919353135017,0.2594539000425512,0.38975416464394724,0.2477274807251994,0.4462661728100329,0.2541957117927124,0.29953811539725433,0.3449001743878719,0.3809893848974326,0.26942895727553245,0.34958165782703493,1.0,144.0
2018/19,2019-04-06,Bayern Munich,Dortmund,5,0,246,28,0,0.6659480717589421,0.2034626751501398,0.13058925309091826,0.06432212189220637,0.6774974673808483,0.1967599243995254,0.12574260821962638,0.05990954353382073,0.6699819168173599,0.19067711472774768,0.13934096845489252,1.0,144.0
2018/19,2019-04-06,Hertha,Fortuna Dusseldorf,1,2,247,28,2,0.5027115173388543,0.26994894744036496,0.22733953522078063,0.42486153174898617,0.4774199968154268,0.27524745476563434,0.2473325484189389,0.3972190730143856,0.4919782160730056,0.2550044156608773,0.25301736826611715,1.0,144.0
2018/19,2019-04-06,Stuttgart,Nurnberg,1,1,248,28,1,0.4771021410411449,0.30054379936062264,0.22235405959823284,0.13853389040292943,0.46304824567332586,0.2972646883065473,0.23968706602012665,0.1359317837192407,0.5426242385617525,0.2562789939381364,0.20109676750011116,1.0,144.0
2018/19,2019-04-06,Wolfsburg,Hannover,3,1,249,28,0,0.5208609264875574,0.27291594125677554,0.20622313225566669,0.13605111602185008,0.5304398154108867,0.2708203856024881,0.19873979898662514,0.12999213732630316,0.6668244310938418,0.19813430841927676,0.13504126048688136,1.0,144.0
2018/19,2019-04-06,Schalke 04,Ein Frankfurt,1,2,250,28,2,0.27653259154886756,0.2715871666500866,0.4518802418010458,0.18845277175840636,0.28146155677834217,0.24968733661387574,0.468851106607782,0.1806698774479328,0.2994755787819541,0.27044055036819126,0.4300838708498548,1.0,144.0
2018/19,2019-04-07,Augsburg,Hoffenheim,0,4,251,28,2,0.1973601598883132,0.187949304545358,0.6146905355663288,0.09370720804665154,0.22064233192213586,0.21453877230828328,0.5648188957695806,0.11903281605762245,0.23989942038868056,0.22494033412887826,0.5351602454824411,1.0,144.0
2018/19,2019-04-07,M'gladbach,Werder Bremen,1,1,252,28,1,0.4966365191876343,0.2603403897505875,0.24302309106177833,0.1528540274900154,0.5074077293828688,0.26647472658617427,0.22611754403095688,0.1542958737780352,0.4820071269032071,0.25555233499855073,0.2624405380982421,1.0,144.0
2018/19,2019-04-12,Nurnberg,Schalke 04,1,1,253,29,1,0.2667856986579727,0.27730630682080243,0.4559079945212248,0.13951335423839392,0.2708040406900446,0.2949538010142113,0.43424215829574375,0.1309505402477007,0.2848711578885475,0.284040629731438,0.43108821238001443,1.0,144.0
2018/19,2019-04-13,Stuttgart,Leverkusen,0,1,254,29,2,0.22612338256309858,0.2342547035392237,0.5396219138976774,0.13153988315250736,0.21983751178069044,0.24826516672055698,0.5318973214987526,0.13372432460298372,0.22599896603953842,0.23584879991051103,0.5381522340499506,1.0,144.0
2018/19,2019-04-13,RB Leipzig,Wolfsburg,2,0,255,29,0,0.681203488273433,0.19663878249782868,0.12215772922873852,0.058276863349674454,0.6604295872317874,0.20968198461741946,0.1298884281507932,0.06608953449752904,0.6504091626268159,0.20707471203289654,0.1425161253402876,1.0,144.0
2018/19,2019-04-13,Werder Bremen,Freiburg,2,1,256,29,0,0.4930997798009658,0.25368480630013973,0.2532154138988943,0.1605329395369089,0.522012577034679,0.2374902239449547,0.2404971990203662,0.1431554396248352,0.5917835916916856,0.2361374915752711,0.17207891673304335,1.0,144.0
2018/19,2019-04-13,Dortmund,Mainz,2,1,257,29,0,0.6551633634533452,0.20773893000212518,0.13709770654452985,0.06885404352228981,0.6573449878730984,0.20547627574139438,0.13717873638550743,0.06811523152600579,0.7544175745377063,0.1552499188759267,0.0903325065863671,1.0,144.0
2018/19,2019-04-13,Hannover,M'gladbach,0,1,258,29,2,0.1903156084581624,0.22959182886628313,0.5800925626755543,0.10627114337159185,0.19092747239856875,0.23820452798684885,0.5708679996145825,0.11030378673564814,0.16844388712438105,0.20262601484627427,0.6289300980293449,1.0,144.0
2018/19,2019-04-14,Ein Frankfurt,Augsburg,1,3,259,29,2,0.7567032083674049,0.14677249246399732,0.09652429916859757,0.6944340437731589,0.7565456291685999,0.1485719863603258,0.09488238447107428,0.6957995934774404,0.6630414789371881,0.20042247603484362,0.13653604502796823,1.0,144.0
2018/19,2019-04-14,Fortuna Dusseldorf,Bayern Munich,1,4,260,29,2,0.10411566286609882,0.09270142794585838,0.8031829091880428,0.02478851924486468,0.10825086425238155,0.1067512292100664,0.7849979065375523,0.02897207490231137,0.05398999209902554,0.10282717477184504,0.8431828331291294,1.0,144.0
2018/19,2019-04-14,Hoffenheim,Hertha,2,0,261,29,0,0.6901831503913989,0.1571348889438249,0.15268196066477632,0.05964913070691942,0.7109442854978876,0.1569177360931918,0.13213797840892064,0.05050682571216155,0.7381409341151938,0.14876378826013906,0.11309527762466712,1.0,144.0
2018/19,2019-04-20,M'gladbach,RB Leipzig,1,2,262,30,2,0.220313731865064,0.24312837415902663,0.5365578939759094,0.1316583630421779,0.24262477671017382,0.24630711775801048,0.5110681055318156,0.1489605898509547,0.3272385891188698,0.2664401627252,0.40632124815593007,1.0,144.0
2018/19,2019-04-20,Schalke 04,Hoffenheim,2,5,263,30,2,0.21456123610994618,0.1767819734097715,0.6086567904802823,0.09959301583911086,0.193206706169695,0.17273122095765656,0.6340620728726486,0.08561969890960286,0.2797346325282471,0.2477039494143257,0.4725614180574272,1.0,144.0
2018/19,2019-04-20,Mainz,Fortuna Dusseldorf,3,1,264,30,0,0.4299975855590796,0.2537590803857919,0.3162433340551284,0.21245629940139119,0.41069249854908,0.24882530480270681,0.340482196648213,0.23160572875035926,0.48416750400564873,0.24699915813486134,0.26883333785949,1.0,144.0
2018/19,2019-04-20,Bayern Munich,Werder Bremen,1,0,265,30,0,0.8519331229018898,0.08284385158214211,0.06522302551596794,0.013088921575521741,0.8491448523133359,0.08468276381157042,0.06617238387509355,0.01356802998563899,0.8510874534648291,0.09741362419175753,0.051498922343413224,1.0,144.0
2018/19,2019-04-20,Leverkusen,Nurnberg,2,0,266,30,0,0.7668691368346926,0.1410952074292097,0.09203565573609775,0.03141028064348739,0.7711630505804246,0.14149494213317595,0.08734200728639947,0.0299974878282374,0.7564638523103002,0.15567101783877563,0.08786512985092416,1.0,144.0
2018/19,2019-04-20,Augsburg,Stuttgart,6,0,267,30,0,0.4024093204629386,0.2683627187225052,0.3292279608145561,0.23275283522583884,0.38037201050568054,0.2806948807177339,0.3389331087765854,0.24940724879486664,0.4002454246373211,0.2847226927449164,0.3150318826177624,1.0,144.0
2018/19,2019-04-21,Freiburg,Dortmund,0,4,268,30,2,0.22473559439592472,0.24706479469285292,0.5281996109112226,0.1365508472664058,0.26081279308857436,0.25371526429214675,0.4854719426192789,0.16638121743532108,0.15202590622763512,0.19803783694683755,0.6499362568255274,1.0,144.0
2018/19,2019-04-21,Hertha,Hannover,0,0,269,30,1,0.637577528205277,0.19514999413589262,0.16727247765883035,0.21724259312723737,0.6556173567252576,0.19673287859487915,0.14764976467986354,0.22581728572471632,0.5775547445255474,0.22992700729927007,0.19251824817518245,1.0,144.0
2018/19,2019-04-22,Wolfsburg,Ein Frankfurt,1,1,270,30,1,0.3104997146674254,0.27819871744212427,0.4113015678904503,0.13278952627884766,0.32150940451978477,0.2827439593521481,0.39574663612806715,0.1299918486006737,0.32826998926330003,0.2586105750960216,0.4131194356406785,1.0,144.0
2018/19,2019-04-26,Augsburg,Leverkusen,1,4,271,31,2,0.19907786484902334,0.20792118404363993,0.5930009511073367,0.10264011103618924,0.1883163969236603,0.197026492386393,0.6146571106899468,0.09197610384606479,0.1993280674791808,0.22627685049501411,0.5743950820258051,1.0,144.0
2018/19,2019-04-27,Dortmund,Schalke 04,2,4,272,31,2,0.6423593112862874,0.20822300518463396,0.14941768352907892,0.5680578809446161,0.683005125563326,0.19010367970836833,0.12689119472830573,0.6144074936943702,0.6547810546902119,0.2093036632703053,0.13591528203948297,1.0,144.0
2018/19,2019-04-27,Fortuna Dusseldorf,Werder Bremen,4,1,273,31,0,0.43136551602206014,0.2550637530621963,0.31357073091574345,0.2108358898279458,0.3738949186286734,0.2694204623114604,0.3566846190598664,0.2596157451964387,0.32512901945216355,0.25803890432711396,0.41683207622072255,1.0,144.0
2018/19,2019-04-27,Hannover,Mainz,1,0,274,31,0,0.30163550743317624,0.28864682944757436,0.40971766311924906,0.327790763975008,0.3327574390993609,0.2641930872339172,0.4030494736667217,0.30383075665013237,0.3144896439987739,0.2579147874064019,0.42759556859482417,1.0,144.0
2018/19,2019-04-27,RB Leipzig,Freiburg,2,1,275,31,0,0.7531633966379538,0.1458805929620044,0.1009560104000415,0.03556021239760272,0.7137557459004505,0.16651934226708037,0.11972491183246914,0.04813491375914995,0.7552799020841833,0.161665263322367,0.08305483459344971,1.0,144.0
2018/19,2019-04-27,Stuttgart,M'gladbach,1,0,276,31,0,0.37021905598674876,0.2793726934095673,0.3504082506036839,0.25970498976667805,0.3390620452585721,0.27177416894757545,0.3891637857938527,0.29414371609559264,0.26891466791720436,0.2515429193437415,0.47954241273905407,1.0,144.0
2018/19,2019-04-27,Ein Frankfurt,Hertha,0,0,277,31,1,0.6216352892814887,0.20229166188854192,0.17607304882996938,0.20871607570218045,0.5875874447078989,0.21890094270303112,0.1935116125890696,0.1913528746925902,0.6963445722184837,0.17924425099698002,0.12441117678453627,1.0,144.0
2018/19,2019-04-28,Hoffenheim,Wolfsburg,1,4,278,31,2,0.7367878713719104,0.1497657655429146,0.11344636308517503,0.6644168592638271,0.7210858378616789,0.15905026930033553,0.11986389283798554,0.6473021763474922,0.6683241611347146,0.18529063740828605,0.1463852014569994,1.0,144.0
2018/19,2019-04-28,Nurnberg,Bayern Munich,1,1,279,31,1,0.10645258716317414,0.13109069403455192,0.7624567188022741,0.2963362006802315,0.1183386703139218,0.17163394556731545,0.7100273841187629,0.2590714635451001,0.04367657841549877,0.09709303381765376,0.8592303877668475,1.0,144.0
2018/19,2019-05-03,Mainz,RB Leipzig,3,3,280,32,1,0.22610629762480577,0.22856389268069222,0.5453298096945021,0.17425432958351955,0.24818439214341115,0.24033170810162033,0.5114838997549686,0.1616056361060726,0.20256011937572732,0.22669695603031165,0.5707429245939611,1.0,144.0
2018/19,2019-05-04,M'gladbach,Hoffenheim,2,2,281,32,1,0.31501114651164835,0.24881377445923233,0.4361750790291195,0.14474036099632084,0.31462485527025036,0.2426583882917929,0.442716756437957,0.14749346299238553,0.420910058253828,0.24351903619672843,0.33557090554944363,1.0,144.0
2018/19,2019-05-04,Hertha,Stuttgart,3,1,282,32,0,0.5179713230585994,0.23857962017729129,0.24344905676410947,0.14580954431660584,0.5473841102355241,0.2290637035839995,0.22355218618047648,0.12741836180667926,0.42566473394118104,0.26488376106665884,0.3094515049921601,1.0,144.0
2018/19,2019-05-04,Werder Bremen,Dortmund,2,2,283,32,1,0.3727054313670106,0.24635104954120088,0.38094351909178875,0.14201365165425264,0.35077398873855986,0.24335459682643534,0.4058714144350049,0.1438869981155154,0.2521586318884497,0.2217157902253795,0.5261255778861706,1.0,144.0
2018/19,2019-05-04,Wolfsburg,Nurnberg,2,0,284,32,0,0.4431282671858976,0.2952536964036674,0.26161803641043535,0.18927506189131638,0.5262641688129264,0.27271061520265644,0.20102521598441697,0.13241838760604457,0.5959518502006241,0.22382523406152474,0.1802229157378511,1.0,144.0
2018/19,2019-05-04,Bayern Munich,Hannover,3,1,285,32,0,0.8735877456478197,0.06667372028426446,0.059738534067915926,0.009774375251491933,0.8767024219959774,0.06365273929220605,0.0596448387118167,0.00937989976330833,0.9264906247972491,0.045442159216246024,0.028067215986504898,1.0,144.0
2018/19,2019-05-05,Freiburg,Fortuna Dusseldorf,1,1,286,32,1,0.3313978682491641,0.23352851330350433,0.4350736184473313,0.14955680027447232,0.32416675011989426,0.23459139167593437,0.4412418582041712,0.14988922965738202,0.4262077127057294,0.2609667545711551,0.3128255327231154,1.0,144.0
2018/19,2019-05-05,Leverkusen,Ein Frankfurt,6,1,287,32,0,0.538208207821982,0.2639733734669779,0.19781841871103992,0.12619189305216108,0.5314868829539308,0.2612159347451943,0.20729718230087504,0.13123833131705298,0.5707892539168603,0.23158513882068316,0.1976256072624567,1.0,144.0
2018/19,2019-05-05,Schalke 04,Augsburg,0,0,288,32,1,0.5043709912727823,0.24538362247854148,0.2502453862486764,0.15850642508811907,0.5031395528683145,0.24485255817053328,0.25200788896115217,0.15832869287959192,0.57905163599182,0.23843302658486704,0.18251533742331286,1.0,144.0
2018/19,2019-05-11,Hoffenheim,Werder Bremen,0,1,289,33,2,0.7117013062262246,0.16574241517869304,0.12255627859508228,0.6382131167585126,0.7056879835470317,0.16992713182043498,0.12438488463253361,0.6323486801913287,0.6807436292468616,0.1732358339660472,0.14602053678709112,1.0,144.0
2018/19,2019-05-11,Augsburg,Hertha,3,4,290,33,2,0.3137441558033784,0.25823378314494516,0.4280220610516765,0.21279707897217331,0.3327900823483157,0.26414712600995205,0.4030627916417324,0.2335416348159804,0.3799608464621982,0.25970728069357696,0.36033187284422485,1.0,144.0
2018/19,2019-05-11,Hannover,Freiburg,3,0,291,33,0,0.41142691296448314,0.2722621451820258,0.316310941853491,0.2232354453593803,0.3955322868359232,0.26764359205502164,0.3368241211090554,0.23941585240934804,0.3102860985629285,0.26050758007689717,0.4292063213601742,1.0,144.0
2018/19,2019-05-11,Dortmund,Fortuna Dusseldorf,3,2,292,33,0,0.7369558479976722,0.14585660627221209,0.11718754573011575,0.04146257338843584,0.6914894915348181,0.16692028022317112,0.14159022824201087,0.05761326328353489,0.7053687615511935,0.1674792380112886,0.1271520004375178,1.0,144.0
2018/19,2019-05-11,Leverkusen,Schalke 04,1,1,293,33,1,0.7641575797533766,0.14793554655851787,0.0879068736881054,0.29583221256807735,0.7366280545465058,0.16490975666050037,0.09846218879299387,0.27615784668343857,0.7055193454444598,0.17573845513798364,0.1187421994175565,1.0,144.0
2018/19,2019-05-11,Stuttgart,Wolfsburg,3,0,294,33,0,0.3941766043435792,0.26534766140898386,0.34047573424743693,0.2414728561680037,0.38464963681833914,0.2680826749266408,0.3472676882550203,0.24962545838689382,0.3186923268159284,0.2573083166376625,0.42399935654640913,1.0,144.0
2018/19,2019-05-11,Nurnberg,M'gladbach,0,4,295,33,2,0.38825928765373907,0.32766745337489045,0.28407325897137076,0.3316481864846316,0.3349495642557049,0.32957204097565806,0.33547839476863683,0.276890087207177,0.2270003546035352,0.2302278477969504,0.5427717975995143,1.0,144.0
2018/19,2019-05-11,RB Leipzig,Bayern Munich,0,0,296,33,1,0.27104301553579974,0.26764297168018714,0.4613140127840136,0.14313746733081423,0.2487490611852418,0.2428929217171598,0.5083580170975983,0.16015198449397067,0.1952166501548148,0.209552214097069,0.5952311357481163,1.0,144.0
2018/19,2019-05-12,Ein Frankfurt,Mainz,0,2,297,33,2,0.6178038532544589,0.19419572475595795,0.1880004219895831,0.5205124578925759,0.6086485990140595,0.2016600767749105,0.1896913242110298,0.5135266335703258,0.6331363203050525,0.20350810295519545,0.16335557673975215,1.0,144.0
2018/19,2019-05-18,Freiburg,Nurnberg,5,1,298,34,0,0.37391353467473143,0.3157599776132451,0.31032648771202326,0.24414339551958472,0.38635301501483066,0.3369526717875163,0.2766943131976528,0.22656118256865476,0.5593411436126071,0.22954094101083403,0.21111791537655886,1.0,144.0
2018/19,2019-05-18,Fortuna Dusseldorf,Hannover,2,1,299,34,0,0.5736007749007563,0.2147646845083579,0.2116345405908859,0.11330273896817536,0.5955967596510229,0.20173017469841556,0.20267306565056145,0.10230917617247469,0.709961787656506,0.15649076680921364,0.1335474455342805,1.0,144.0
2018/19,2019-05-18,Mainz,Hoffenheim,4,2,300,34,0,0.20209659327950394,0.1612429002304772,0.6366605064900192,0.5209932234901503,0.21144749858455192,0.16708684879372684,0.621465652621721,0.504017302438551,0.23499899209353373,0.19936389903017002,0.5656371088762963,1.0,144.0
2018/19,2019-05-18,Bayern Munich,Ein Frankfurt,5,1,301,34,0,0.816542408101226,0.10771267798829114,0.07574491391048298,0.019696990004301782,0.7818540386668494,0.13203877314167423,0.08610718819147659,0.027501054152103372,0.7371859859728751,0.16795019854338547,0.09486381548373936,1.0,144.0
2018/19,2019-05-18,Schalke 04,Stuttgart,0,0,302,34,1,0.6907075688858721,0.1684464037218196,0.1408460273923083,0.24845727457421332,0.6551234195153713,0.19083761330627044,0.15403896717835833,0.22645734910344428,0.5881359024599202,0.214221686326461,0.19764241121361878,1.0,144.0
2018/19,2019-05-18,Werder Bremen,RB Leipzig,2,1,303,34,0,0.26334098527154276,0.2811590724254263,0.45549994230303076,0.37507335070938297,0.2507486263591666,0.2683799590045226,0.4808714146363111,0.39630746915850124,0.43922392724496306,0.2431613761805033,0.3176146965745336,1.0,144.0
2018/19,2019-05-18,Wolfsburg,Augsburg,8,1,304,34,0,0.5776661831865647,0.22930738429067146,0.19302643252276372,0.1078125282383347,0.6658392215782518,0.19242750395242966,0.14173327446931858,0.06587587346361193,0.7322453122058618,0.1566553990456625,0.11109928874847559,1.0,144.0
2018/19,2019-05-18,M'gladbach,Dortmund,0,2,305,34,2,0.3698185771230286,0.26678277071060613,0.36339865216636547,0.27101352802445094,0.36737088166480514,0.26129966770939783,0.37132945062579675,0.2650940121728192,0.33769415436744077,0.22855646513393532,0.4337493804986239,1.0,144.0
2018/19,2019-05-18,Hertha,Leverkusen,1,5,306,34,2,0.22269734221485304,0.2336942839422429,0.5436083738429043,0.12894371132793891,0.20667315711402887,0.21535206053948483,0.5779747823464861,0.11040953910348783,0.1595807868937956,0.18592233712962367,0.6544968759765807,1.0,144.0
2019/20,2019-08-16,Bayern Munich,Hertha,2,2,1,1,1,0.5262852337591457,0.251083442790324,0.22263132345053008,0.16327042672712663,0.6586258846382941,0.19940914707121232,0.1419649682904939,0.22697105406864815,0.8285819854584496,0.11516216052308251,0.05625585401846782,1.0,144.0
2019/20,2019-08-17,Wolfsburg,FC Koln,2,1,2,1,0,0.501297937285976,0.25737534246269883,0.24132672025132562,0.15347116663124183,0.5004414520892856,0.2630980970948479,0.23646045081586647,0.1527361437953522,0.4474851776329848,0.27586444189306164,0.27665038047395357,1.0,144.0
2019/20,2019-08-17,M'gladbach,Schalke 04,0,0,3,1,1,0.46764972148465805,0.2643989620415457,0.26795131647379594,0.1452470850023594,0.4515958320616813,0.2774369975929729,0.27096717034534606,0.13868100147022294,0.4232124772128823,0.28669232327324284,0.2900951995138748,1.0,144.0
2019/20,2019-08-17,Werder Bremen,Fortuna Dusseldorf,1,3,4,1,2,0.4935782778170367,0.2591613719863186,0.24726035019664452,0.405118248359455,0.4655811231987087,0.27265391055663324,0.26176496624465784,0.380878373671361,0.5692889137737962,0.23320268756998877,0.19750839865621497,1.0,144.0
2019/20,2019-08-17,Leverkusen,Paderborn,3,2,5,1,0,0.6129256640930867,0.2210105422960738,0.1660637936108396,0.08870186253310074,0.6615808663305828,0.19955091495006683,0.13886821871934993,0.06690594610192212,0.7625632237945076,0.144761628433337,0.09267514777215548,1.0,144.0
2019/20,2019-08-17,Freiburg,Mainz,3,0,6,1,0,0.44072683060148315,0.2685325417054763,0.29074062769304015,0.19865829530020268,0.4003498226458236,0.2758450583192671,0.3238051190349089,0.23221504515705355,0.3546762478271666,0.29448876334740504,0.3508349888254284,1.0,144.0
2019/20,2019-08-17,Dortmund,Augsburg,5,1,7,1,0,0.5506458702455659,0.24364482608178362,0.20570930367265078,0.12211772577242579,0.6439253872053751,0.2099630538032094,0.14611155899141567,0.07406885877387198,0.8359296276523098,0.11585165687893423,0.04821871546875581,1.0,144.0
2019/20,2019-08-18,Ein Frankfurt,Hoffenheim,1,0,8,1,0,0.4565141130485957,0.2664407898928966,0.27704509705850777,0.1860654475597563,0.4337215491042641,0.2620281510652653,0.304250299830471,0.2066197644479028,0.45599974353220274,0.25492899047863304,0.2890712659891642,1.0,144.0
2019/20,2019-08-18,Union Berlin,RB Leipzig,0,4,9,1,2,0.3220500195008947,0.2676670133403473,0.41028296715875806,0.22574119694180256,0.29518761566731005,0.26629358744064163,0.4385187968920482,0.20119843494345221,0.21367909315687,0.24131917485875373,0.5450017319843764,1.0,144.0
2019/20,2019-08-23,FC Koln,Dortmund,1,3,10,2,2,0.3408007953947792,0.27177005533394627,0.38742914927127475,0.24569411465211435,0.3327696361661907,0.2733317091639433,0.393898654669866,0.23904723578258869,0.15710144670394136,0.2134792087596227,0.629419344536436,1.0,144.0
2019/20,2019-08-24,Schalke 04,Bayern Munich,0,3,11,2,2,0.3499556802263024,0.2724490057664824,0.3775953140072153,0.2549282856342155,0.2656931168281414,0.2644876016767093,0.46981928149514907,0.17584221330208605,0.09346344842055772,0.17499181619748308,0.7315447353819592,1.0,144.0
2019/20,2019-08-24,Paderborn,Freiburg,1,3,12,2,2,0.3626317710575267,0.2712390634344655,0.3661291655080078,0.2666470180999465,0.4101036500713921,0.2763533687343383,0.31354298119426943,0.3197041212347649,0.409276578647798,0.25392290350661817,0.3368005178455838,1.0,144.0
2019/20,2019-08-24,Mainz,M'gladbach,1,3,13,2,2,0.3702647076452898,0.28118914270997664,0.34854614964473357,0.2807440364351769,0.40142195925063956,0.27577586237117924,0.32280217837818137,0.30986823948897946,0.36363636363636365,0.2727272727272727,0.36363636363636365,1.0,144.0
2019/20,2019-08-24,Augsburg,Union Berlin,1,1,14,2,1,0.5252566400973017,0.24898024025868376,0.2257631196440143,0.163431762078852,0.4551163031429552,0.26636906214399036,0.2785146347130547,0.14235062556792824,0.38848782735580983,0.28991628907149986,0.3215958835726903,1.0,144.0
2019/20,2019-08-24,Fortuna Dusseldorf,Leverkusen,1,3,15,2,2,0.3589153356511576,0.2691887292678508,0.3718959350809917,0.2616674672666825,0.31203067009976243,0.2645507512109159,0.42341857868932165,0.2149046372417744,0.20182276052284445,0.21105648159251708,0.5871207578846384,1.0,144.0
2019/20,2019-08-24,Hoffenheim,Werder Bremen,3,2,16,2,0,0.4435114821229775,0.27270556200772056,0.2837829558693018,0.19510611828544167,0.5048579130962233,0.2574706336734438,0.23767145323033292,0.15082670295202275,0.4512913865508355,0.2658291728998072,0.2828794405493575,1.0,144.0
2019/20,2019-08-25,RB Leipzig,Ein Frankfurt,2,1,17,2,0,0.5164267279074821,0.25305805285299926,0.23051521923951865,0.14349018789165383,0.5275926692880974,0.2551876815668682,0.21721964914503403,0.13517653104251834,0.6756022325312222,0.1883257685223485,0.13607199894642927,1.0,144.0
2019/20,2019-08-25,Hertha,Wolfsburg,0,3,18,2,2,0.44246990156824983,0.27259202268196886,0.28493807574978125,0.35354658465312117,0.41633049854425913,0.2771034446538356,0.3065660568019055,0.3270908587986849,0.37979561511186444,0.28128954779178433,0.33891483709635123,1.0,144.0
2019/20,2019-08-30,M'gladbach,RB Leipzig,1,3,19,3,2,0.4073418578146057,0.26060824083151035,0.33204990135388385,0.30604236170460525,0.36796386381553847,0.26856393937637135,0.36347219680809056,0.2702825246551894,0.3131868131868132,0.260989010989011,0.42582417582417587,1.0,144.0
2019/20,2019-08-31,Bayern Munich,Mainz,6,1,20,3,0,0.5447684989319952,0.250285885216898,0.20494561585110707,0.12461921251060915,0.6728887784706618,0.19070684738018906,0.13640437414914913,0.06280395226871845,0.8776887537422141,0.0839857341942981,0.038325512063487714,1.0,144.0
2019/20,2019-08-31,Leverkusen,Hoffenheim,0,0,21,3,1,0.484204002770275,0.2706855870266853,0.24511041020303992,0.14726631474432944,0.5283264981421022,0.24873825168466135,0.22293525017323615,0.16441450720445014,0.6453543455614097,0.19516764482703927,0.159478009611551,1.0,144.0
2019/20,2019-08-31,Freiburg,FC Koln,1,2,22,3,2,0.518432703405322,0.24027510708137342,0.24129218951330486,0.422205004826833,0.44573685440109784,0.2652430568210908,0.28902008877781166,0.35208688876644834,0.36270491803278687,0.27459016393442626,0.36270491803278687,1.0,144.0
2019/20,2019-08-31,Union Berlin,Dortmund,3,1,23,3,0,0.25589396954016175,0.24981062189526995,0.49429540856456866,0.3990108677473556,0.23601781357963453,0.23896538834172812,0.5250167980786373,0.4296557097161934,0.12188044109112015,0.1807893209518282,0.6973302379570517,1.0,144.0
2019/20,2019-08-31,Schalke 04,Hertha,3,0,24,3,0,0.46016208012240106,0.2546996515437145,0.28513826833388456,0.1863644059031096,0.44195096587985455,0.26746583109310235,0.29058320302704294,0.19792866118194147,0.45593869731800774,0.2720306513409962,0.2720306513409962,1.0,144.0
2019/20,2019-08-31,Wolfsburg,Paderborn,1,1,25,3,1,0.5648136386387864,0.23937752151014074,0.19580883985107286,0.17867777407810437,0.5509363814492222,0.2463291921850668,0.2027344263657112,0.17231607201909838,0.6543456948169274,0.2017565892352193,0.14389771594785328,1.0,144.0
2019/20,2019-09-01,Werder Bremen,Augsburg,3,2,26,3,0,0.48927857858230256,0.2607426797307159,0.2499787416869812,0.16166287079515995,0.5167533774563066,0.265705138104341,0.21754148443935223,0.14042579782598197,0.6157099190890022,0.21529277794426133,0.16899730296673662,1.0,144.0
2019/20,2019-09-01,Ein Frankfurt,Fortuna Dusseldorf,2,1,27,3,0,0.4771474800605366,0.2656387348060975,0.25721378513336607,0.16976684443484014,0.4811188672745074,0.2665045349951499,0.25237659773034293,0.1664657884902167,0.5980260956841753,0.22582803613248575,0.1761458681833389,1.0,144.0
2019/20,2019-09-13,Fortuna Dusseldorf,Wolfsburg,1,1,28,4,1,0.33281332165070304,0.2819066671342538,0.38528001121504335,0.12960269705501906,0.34205128637283827,0.28632525135058723,0.3716234622765745,0.127551540111871,0.30546455248329185,0.2569781155811821,0.43755733193552615,1.0,144.0
2019/20,2019-09-14,RB Leipzig,Bayern Munich,1,1,29,4,1,0.4542312455831434,0.25966728429020347,0.2861014701266533,0.14409003783632304,0.3864832578559605,0.2675703673992147,0.3459463747448245,0.1345241014010218,0.20863690555040407,0.21512783150086104,0.576235262948735,1.0,144.0
2019/20,2019-09-14,Mainz,Hertha,2,1,30,4,0,0.3678734049770062,0.2723317475835138,0.3597948474394801,0.2645181821896813,0.42568378163253057,0.26583445538214695,0.3084817629853222,0.21250005838722177,0.4028673563957557,0.2734958672996539,0.3236367763045904,1.0,144.0
2019/20,2019-09-14,Union Berlin,Werder Bremen,1,2,31,4,2,0.35339245024434746,0.26484046733279715,0.3817670824228554,0.253549082132826,0.3479982477767819,0.27238450601621633,0.3796172462070017,0.2529887708297472,0.40810502283105027,0.2522831050228311,0.3396118721461188,1.0,144.0
2019/20,2019-09-14,Dortmund,Leverkusen,4,0,32,4,0,0.44789261491896004,0.2751618110043511,0.27694557407668885,0.19076070783084526,0.4229214293545354,0.2720060220781419,0.30507254856732285,0.21304446829378698,0.527599486521181,0.23620025673940953,0.23620025673940953,1.0,144.0
2019/20,2019-09-14,Augsburg,Ein Frankfurt,2,1,33,4,0,0.39400140239273745,0.25680983287721393,0.3491887647300487,0.24458354685783312,0.32188179738918,0.26483075052987937,0.4132874520809408,0.3153254073798425,0.248771242041828,0.24196406875212625,0.5092646892060457,1.0,144.0
2019/20,2019-09-14,FC Koln,M'gladbach,0,1,34,4,2,0.423082016119645,0.25988553600591346,0.31703244787444146,0.3227215348101205,0.43898385962400777,0.26181401076785854,0.29920212960813386,0.3419122420780828,0.4376781002638522,0.2577308707124011,0.3045910290237467,1.0,144.0
2019/20,2019-09-15,Hoffenheim,Freiburg,0,3,35,4,2,0.4321620271817155,0.2972501997978351,0.2705877730204494,0.35940310730253866,0.5120941005549923,0.26228302366401796,0.22562287578098952,0.4309501491684655,0.48653420737523595,0.26586568709029285,0.24760010553447123,1.0,144.0
2019/20,2019-09-15,Paderborn,Schalke 04,1,5,36,4,2,0.3717658375187375,0.28136559760836083,0.34686856487290196,0.2823952547485956,0.37052990076636005,0.28010953843777653,0.3493605607958636,0.280312043604901,0.3140230004336208,0.26225164090267244,0.42372535866370664,1.0,144.0
2019/20,2019-09-20,Schalke 04,Mainz,2,1,37,5,0,0.518667898554112,0.2499090040138237,0.23142309743206438,0.1426186209536827,0.47606192671283903,0.26400646263612776,0.2599316106510334,0.1710377734277514,0.5779121564914244,0.2368030299769739,0.18528481353160167,1.0,144.0
2019/20,2019-09-21,Leverkusen,Union Berlin,2,0,38,5,0,0.597611597738948,0.21447395338124223,0.18791444887980982,0.09861413318600241,0.6371637755916104,0.19771474251905047,0.16512148188933906,0.07945761476213331,0.7058822603568736,0.17487499035965945,0.11924274928346694,1.0,144.0
2019/20,2019-09-21,Hertha,Paderborn,2,1,39,5,0,0.6023915084393282,0.22772330027211968,0.16988519128855206,0.09347674539015038,0.583358332206952,0.22713006216471818,0.1895116056283299,0.10475246400460009,0.5945579256802593,0.20886409889198765,0.1965779754277531,1.0,144.0
2019/20,2019-09-21,Werder Bremen,RB Leipzig,0,3,40,5,2,0.3333405335481818,0.2450133488295525,0.4216461176222658,0.22280456228379233,0.29816166404547684,0.25642928578780855,0.44540905016671517,0.19823574977167674,0.2278638511694682,0.226799066818209,0.5453370820123228,1.0,144.0
2019/20,2019-09-21,Bayern Munich,FC Koln,4,0,41,5,0,0.6300267502102689,0.21197934393213247,0.15799390585759862,0.08092113992405725,0.6914149513739177,0.1806794632139261,0.12790558541215616,0.055792285507593964,0.8681120999810642,0.09366912832165625,0.03821877169727956,1.0,144.0
2019/20,2019-09-21,Freiburg,Augsburg,1,1,42,5,1,0.45658587652754073,0.2532444737522465,0.29016964972021314,0.1463345441315868,0.49585424705670283,0.25655185943549924,0.24759389350779776,0.15358708521326023,0.49159462458224534,0.2581849752447867,0.25022040017296804,1.0,144.0
2019/20,2019-09-22,Ein Frankfurt,Dortmund,2,2,43,5,1,0.38065153961885173,0.25892810859680865,0.36042035178433957,0.1373992122972747,0.35682137928931945,0.26651003192913564,0.37666858878154497,0.13460036124630645,0.18327605956471935,0.21076746849942726,0.6059564719358533,1.0,144.0
2019/20,2019-09-22,M'gladbach,Fortuna Dusseldorf,2,1,44,5,0,0.5588633675745113,0.23802156797444024,0.20311506445104838,0.11792862893732717,0.5214868934486953,0.24978305835426728,0.2287300481970373,0.1406461140447997,0.5424625717586634,0.24644873183959579,0.21108869640174077,1.0,144.0
2019/20,2019-09-23,Wolfsburg,Hoffenheim,1,1,45,5,1,0.5568304379689197,0.24510015616341424,0.19806940586766625,0.17464581309471458,0.5179824573713734,0.24535358000238736,0.23666396262623918,0.16215782867522033,0.45546890922157746,0.25665311551374603,0.2878779752646765,1.0,144.0
2019/20,2019-09-27,Union Berlin,Ein Frankfurt,1,2,46,6,2,0.2865370439524515,0.2618912810302584,0.4515716750172902,0.191438552600175,0.27323994712654387,0.27264378193101946,0.4541162709424364,0.18632455717775387,0.3249413788009076,0.2752336324687575,0.39982498873033484,1.0,144.0
2019/20,2019-09-28,Augsburg,Leverkusen,0,3,47,6,2,0.362033453654884,0.27535318316812685,0.3626133631769891,0.2686649731829158,0.29572298841368655,0.26788699159821083,0.4363900199881028,0.2025541477226664,0.22505101949748024,0.2287577421715564,0.5461912383309634,1.0,144.0
2019/20,2019-09-28,Hoffenheim,M'gladbach,0,3,48,6,2,0.39515884061679113,0.27642966048149814,0.3284114989017112,0.3035908120625267,0.4690855864038096,0.25523319388401977,0.2756812197121706,0.3723394914247274,0.34426379980953914,0.2750209392246177,0.38071526096584335,1.0,144.0
2019/20,2019-09-28,Paderborn,Bayern Munich,2,3,49,6,2,0.18789107105586278,0.18846244270777937,0.6236464862363578,0.08847251095237962,0.17348716069858056,0.1856169323877101,0.6408959069137095,0.07952677229929121,0.0469745422116003,0.08525467354017632,0.8677707842482233,1.0,144.0
2019/20,2019-09-28,RB Leipzig,Schalke 04,1,3,50,6,2,0.5624339929375273,0.23876786650855208,0.19879814055392087,0.47912820799575284,0.5624729005845793,0.24714755374536532,0.19037954567005508,0.48593052198072806,0.6084135759528428,0.22392999670486577,0.16765642734229122,1.0,144.0
2019/20,2019-09-28,Dortmund,Werder Bremen,2,2,51,6,1,0.6350678319823263,0.19485065279014857,0.17008151522752527,0.21611943652041155,0.625845783530161,0.2035245731095072,0.1706296433603319,0.21039870997787757,0.7315155168826457,0.16619629643461145,0.10228818668274285,1.0,144.0
2019/20,2019-09-28,Mainz,Wolfsburg,0,1,52,6,2,0.3929538418687821,0.2965983248064426,0.31044783332477555,0.3149474562029663,0.3918477438153768,0.30041997878753995,0.3077322773970831,0.31638962704551504,0.33849121514632563,0.27136027582959626,0.3901485090240781,1.0,144.0
2019/20,2019-09-29,Fortuna Dusseldorf,Freiburg,1,2,53,6,2,0.37554383528929575,0.2611655036030523,0.36329066110765207,0.2732159772282623,0.38671969686442165,0.26768556791927084,0.34559473521630796,0.2888991872597624,0.37326997601033396,0.2788798671341576,0.3478501568555084,1.0,144.0
2019/20,2019-09-29,FC Koln,Hertha,0,4,54,6,2,0.3521058980472445,0.29146728411536355,0.3564268178373919,0.26908250211928103,0.3989274014128836,0.2732574011711863,0.3278151974159299,0.3054877402115105,0.4514594594594594,0.2696216216216216,0.2789189189189189,1.0,144.0
2019/20,2019-10-04,Hertha,Fortuna Dusseldorf,3,1,55,7,0,0.6075005745506578,0.21085680339390597,0.1816426220554363,0.09352492056261891,0.5643362817588687,0.2244655673362454,0.2111981509048858,0.11720376716866539,0.5802896308059398,0.2258936325048763,0.19381673668918387,1.0,144.0
2019/20,2019-10-05,Freiburg,Dortmund,2,2,56,7,1,0.3014158412734843,0.26182541226047057,0.4367587464660453,0.1408048559925967,0.27205476261629,0.26295947874778586,0.4649857586359237,0.14511277479821588,0.18404599841998148,0.2256601285988584,0.5902938729811601,1.0,144.0
2019/20,2019-10-05,Leverkusen,RB Leipzig,1,1,57,7,1,0.3882764280130042,0.2736183707357263,0.33810520125126975,0.13253685583184954,0.3994686802176169,0.2774459120952354,0.32308540768714755,0.13197970356758754,0.3998150396800036,0.26400830065826325,0.3361766596617331,1.0,144.0
2019/20,2019-10-05,Bayern Munich,Hoffenheim,1,2,58,7,2,0.6579695310287929,0.19890246649330337,0.14312800247790378,0.5835767619498784,0.6869254902839957,0.17689978400646,0.1361747257095442,0.6090303668524445,0.8730948319291693,0.08561265578104046,0.04129251228979029,1.0,144.0
2019/20,2019-10-05,Schalke 04,FC Koln,1,1,59,7,1,0.5242977086225579,0.2476998155271814,0.22800247585026115,0.16343660813035668,0.41411627671495194,0.2789152915331719,0.3069684317518756,0.13286095436623047,0.5988430506926473,0.21948546201857208,0.18167148728878066,1.0,144.0
2019/20,2019-10-05,Paderborn,Mainz,1,2,60,7,2,0.2844721941000811,0.2752199000259855,0.440307905873933,0.19708983472166802,0.35175582385635906,0.28128389766486817,0.36696027847877305,0.2622357243202694,0.3901732500194226,0.24595731456920564,0.36386943541137173,1.0,144.0
2019/20,2019-10-06,M'gladbach,Augsburg,5,1,61,7,0,0.4968447903491327,0.25923079366330637,0.24392441598756062,0.15633214285684044,0.5323170355058526,0.26069643239354073,0.20698653210060697,0.13078538987453467,0.6211020390955465,0.2115544063294875,0.1673435545749659,1.0,144.0
2019/20,2019-10-06,Wolfsburg,Union Berlin,1,0,62,7,0,0.561109912837166,0.2591718247298244,0.17971826243300937,0.11246158123087005,0.5668486906462011,0.25127112044423944,0.1818801889095595,0.11035022995634369,0.4842068492966641,0.28625169620185137,0.22954145450148455,1.0,144.0
2019/20,2019-10-06,Ein Frankfurt,Werder Bremen,2,2,63,7,1,0.4350711026223652,0.2829559339247305,0.28197296345290457,0.13439780822772676,0.4683638785116522,0.2776927115776107,0.2539434099107373,0.14192598906578519,0.4840529155574595,0.2501147455708209,0.2658323388717195,1.0,144.0
2019/20,2019-10-18,Ein Frankfurt,Leverkusen,3,0,64,8,0,0.45067912546698435,0.2646595666718117,0.2846613078612039,0.19139274169548406,0.4221829559483811,0.26537016107006983,0.3124468829815491,0.2157477955407181,0.34808960921541715,0.2522519505742893,0.39965844021029373,1.0,144.0
2019/20,2019-10-19,RB Leipzig,Wolfsburg,1,1,65,8,1,0.4766216055043383,0.24354451026220703,0.2798338842334546,0.1527375787993578,0.49212132656491286,0.2557585824392091,0.252120090995878,0.15287397017188972,0.6248921449662718,0.2191363856782175,0.15597146935551068,1.0,144.0
2019/20,2019-10-19,Fortuna Dusseldorf,Mainz,1,0,66,8,0,0.394980335064097,0.24893514890511295,0.35608451603078983,0.24642248875801714,0.4043982850777957,0.25308266681473274,0.3425190481074719,0.23603035056735963,0.3569131832797428,0.262379421221865,0.3807073954983924,1.0,144.0
2019/20,2019-10-19,Augsburg,Bayern Munich,2,2,67,8,1,0.22992074972979726,0.23300836688986934,0.5370708833803336,0.17065434246562186,0.16100168562777079,0.18074101125275238,0.658257303119477,0.22961210994255518,0.04842507996512566,0.1004934261345241,0.8510814939003502,1.0,144.0
2019/20,2019-10-19,Union Berlin,Freiburg,2,0,68,8,0,0.2609356858585417,0.24810807805320725,0.4909562360882509,0.3936270430956633,0.343260369227948,0.26233401072663654,0.3944056200454156,0.2934313678750099,0.3622572557684953,0.2847065822462075,0.3530361619852973,1.0,144.0
2019/20,2019-10-19,Werder Bremen,Hertha,1,1,69,8,1,0.3933460706961035,0.2779842818460123,0.3286696474578845,0.13137243424607697,0.35423105025782686,0.2827451739342352,0.36302377580793793,0.12863294938430753,0.41022935213354733,0.2678356927152913,0.3219349551511614,1.0,144.0
2019/20,2019-10-19,Dortmund,M'gladbach,1,0,70,8,0,0.46183357585538903,0.26143218434871585,0.2767342397958951,0.18310246977600464,0.5215146975873333,0.2431103051673141,0.23537499724535252,0.14217478697659544,0.6167731549505739,0.21423315337884982,0.16899369167057612,1.0,144.0
2019/20,2019-10-20,FC Koln,Paderborn,3,0,71,8,0,0.5272468393810079,0.23470527697905294,0.23804788363993926,0.14008117289035027,0.4754369451064645,0.25233922722201374,0.27222382767152176,0.17463610545568636,0.5580693815987934,0.2187028657616893,0.2232277526395174,1.0,144.0
2019/20,2019-10-20,Hoffenheim,Schalke 04,2,0,72,8,0,0.3811882033830241,0.2837866276555424,0.33502516896143353,0.2475849517349833,0.4303821225573912,0.27882910723338006,0.2907887702092288,0.20451131759100927,0.3641912512716175,0.27161749745676494,0.3641912512716175,1.0,144.0
2019/20,2019-10-25,Mainz,FC Koln,3,1,73,9,0,0.35262318397483955,0.29634979344603707,0.35102702257912355,0.27115835625381945,0.37699079546418585,0.27590613380881884,0.3471030707269956,0.25431050532222876,0.3779207432531631,0.25831284844697583,0.3637664082998611,1.0,144.0
2019/20,2019-10-26,Bayern Munich,Union Berlin,2,1,74,9,0,0.7023835915383818,0.17808608249885227,0.11953032596276593,0.051431512705178914,0.7223801258393967,0.16663295371445005,0.11098692044615341,0.04469544551953497,0.8701198271326026,0.08812344964572892,0.04175672322166835,1.0,144.0
2019/20,2019-10-26,Hertha,Hoffenheim,2,3,75,9,2,0.5856288685422735,0.23254062208346143,0.1818305093742652,0.5061812435304389,0.48731594407572904,0.2616687322032376,0.2510153237210333,0.39922743732556376,0.4562133985684773,0.2537165898044012,0.29007001162712137,1.0,144.0
2019/20,2019-10-26,Freiburg,RB Leipzig,2,1,76,9,0,0.29050331489528697,0.24444511057470117,0.4650515745300121,0.3598292565737098,0.26284022750745406,0.25385424560940767,0.48330552688313816,0.38849438124852503,0.1955461852681513,0.22829094742390302,0.5761628673079457,1.0,144.0
2019/20,2019-10-26,Paderborn,Fortuna Dusseldorf,2,0,77,9,0,0.34758128180472303,0.2506602029693906,0.4017585152258865,0.2935300442040385,0.3657681107534309,0.2499871318111467,0.38424475743542225,0.27494706147693937,0.37772397094431,0.2489104116222761,0.37336561743341407,1.0,144.0
2019/20,2019-10-26,Schalke 04,Dortmund,0,0,78,9,1,0.39738577649089224,0.2590120509268863,0.3436021725822216,0.13798895418024604,0.33588047616989175,0.28041928799526294,0.3837002358348456,0.1300207826259146,0.3054960264309313,0.27212251093847667,0.42238146263059206,1.0,144.0
2019/20,2019-10-26,Leverkusen,Werder Bremen,2,2,79,9,1,0.4804348211926831,0.27237563822978966,0.2471895405775272,0.14596014319268721,0.5375545684697085,0.25164045637707433,0.2108049751532171,0.16670182581600151,0.5669203052678136,0.23026929263847062,0.20281040209371573,1.0,144.0
2019/20,2019-10-27,Wolfsburg,Augsburg,0,0,80,9,1,0.6486364074720704,0.19630075778337078,0.15506283474455881,0.22238683590864608,0.6833232724819539,0.18388826764536523,0.1327884598726808,0.2422817348954026,0.5902505204072123,0.2343851945442683,0.1753642850485196,1.0,144.0
2019/20,2019-10-27,M'gladbach,Ein Frankfurt,4,2,81,9,0,0.5628853815126325,0.21591304264841743,0.22120157583895012,0.11999966342449583,0.5211528714553002,0.22448516327040224,0.25436196527429733,0.1469972909468536,0.4624194299093101,0.2502785574251421,0.2873020126655477,1.0,144.0
2019/20,2019-11-01,Hoffenheim,Paderborn,3,0,82,10,0,0.553478067127684,0.250960842446509,0.1955610904258071,0.11881298831227986,0.6571257266327674,0.19368298043453305,0.14919129293269986,0.06991040461201918,0.6594912760142947,0.19159133907925166,0.14891738490645365,1.0,144.0
2019/20,2019-11-02,Werder Bremen,Freiburg,2,2,83,10,1,0.44863433125724117,0.2658468922841997,0.2855187764585589,0.14139686744651234,0.45077838347885485,0.27283229863753655,0.2763893178836083,0.13979610302598797,0.5175931166493905,0.2444912209298628,0.23791566242074674,1.0,144.0
2019/20,2019-11-02,Union Berlin,Hertha,1,0,84,10,0,0.3057041939188208,0.2836272761004898,0.4106685299806892,0.3253476539292074,0.3601328334232684,0.27237992184926263,0.3674872447274691,0.2722384329501607,0.36773904927920775,0.2830411341390986,0.3492198165816937,1.0,144.0
2019/20,2019-11-02,RB Leipzig,Mainz,8,0,85,10,0,0.5975365955223167,0.21351796114432472,0.18894544333335872,0.09883858625010333,0.628907945222385,0.20531372004906953,0.16577833472854558,0.08259588469222102,0.7262906772921871,0.16099443346643483,0.11271488924137794,1.0,144.0
2019/20,2019-11-02,Dortmund,Wolfsburg,3,0,86,10,0,0.3852348638442484,0.27777772051241784,0.3369874156433336,0.24574834546728638,0.41477986089726804,0.26904450971854893,0.3161756293841828,0.2212248199139526,0.6364478049533215,0.2208677313993262,0.14268446364735232,1.0,144.0
2019/20,2019-11-02,Ein Frankfurt,Bayern Munich,5,1,87,10,0,0.32258837795914097,0.2514628495985917,0.42594877244226753,0.320159431210551,0.2901089762125858,0.24590235925281387,0.46398866453460036,0.3596153732352725,0.14489660912059069,0.1658095217771708,0.6892938691022387,1.0,144.0
2019/20,2019-11-02,Leverkusen,M'gladbach,1,2,88,10,2,0.4088226877808516,0.23458461792916493,0.35659269428998375,0.2905544755426912,0.47143657779466186,0.23026919282849145,0.2982942293768466,0.3573217177042879,0.5048103725389835,0.2479094195929359,0.2472802078680807,1.0,144.0
2019/20,2019-11-03,Fortuna Dusseldorf,FC Koln,2,0,89,10,0,0.49688215856667745,0.2735562647140661,0.2295615767192566,0.15291303993717853,0.4768698022685478,0.26720875853308895,0.2559214391983629,0.1695804934099549,0.32797211350293537,0.2805772994129158,0.3914505870841487,1.0,144.0
2019/20,2019-11-03,Augsburg,Schalke 04,2,3,90,10,2,0.29632621738937864,0.2648900888784987,0.43878369373212245,0.20138648476662857,0.2638148870859564,0.2772307621990836,0.45895435071496016,0.1811643446292232,0.2249509775340549,0.2393922748572288,0.5356567476087164,1.0,144.0
2019/20,2019-11-08,FC Koln,Hoffenheim,1,2,91,11,2,0.4150284644700877,0.2774441292976127,0.3075274062322993,0.32588345971988264,0.41645514482668267,0.25830327047057045,0.3252415847027465,0.3143669033335368,0.42429956005424896,0.2550251948882494,0.32067524505750167,1.0,144.0
2019/20,2019-11-09,Bayern Munich,Dortmund,4,0,92,11,0,0.4315969002016672,0.23201002984420457,0.33639306995412827,0.21812119068675823,0.4561295607366946,0.24531036628312067,0.2985600729801849,0.19246658594119698,0.6060649992751197,0.20076687346587813,0.1931681272590023,1.0,144.0
2019/20,2019-11-09,Schalke 04,Fortuna Dusseldorf,3,3,93,11,1,0.4857314704935824,0.2826403089443025,0.23162822056211504,0.1447933469943149,0.5125747304173904,0.2715984905930689,0.21582677898954056,0.15465702639573026,0.5766845538382442,0.24652164133543264,0.17679380482632306,1.0,144.0
2019/20,2019-11-09,Paderborn,Augsburg,0,1,94,11,2,0.32421584591828767,0.26788964606491206,0.4078945080168005,0.22785241419058894,0.3708974446749184,0.2777565699410228,0.351345985384059,0.2791584725718809,0.37068138561096303,0.2682832127902551,0.3610354015987819,1.0,144.0
2019/20,2019-11-09,Mainz,Union Berlin,2,3,95,11,2,0.4780310423913595,0.2446362327553982,0.2773327248532421,0.37538083402890476,0.4808866409293667,0.24337579641486606,0.2757375626557668,0.3779040197860692,0.3867897306468554,0.2906713245280261,0.32253894482511863,1.0,144.0
2019/20,2019-11-09,Hertha,RB Leipzig,2,4,96,11,2,0.3652868615384123,0.2562340198357452,0.3784791186258427,0.25986134859834636,0.31051872290034016,0.2365044226822157,0.45297685441744445,0.19782809953734615,0.21224086870681144,0.22507403751233956,0.562685093780849,1.0,144.0
2019/20,2019-11-10,M'gladbach,Werder Bremen,3,1,97,11,0,0.573455411239548,0.2260491970626931,0.2004953916977587,0.11106934414643042,0.5718558995113974,0.22348195583002303,0.20466214465857915,0.11259698211972201,0.47646117335393784,0.2505105138252663,0.27302831282079587,1.0,144.0
2019/20,2019-11-10,Wolfsburg,Leverkusen,0,2,98,11,2,0.43589467205817584,0.3007238603407297,0.2633814676010944,0.36630551370111103,0.40382111087785116,0.2916812716662714,0.30449761745587717,0.3233975268575864,0.29913630199823826,0.2649027197532083,0.4359609782485535,1.0,144.0
2019/20,2019-11-10,Freiburg,Ein Frankfurt,1,0,99,11,0,0.3180024757797635,0.27124077460247803,0.4107567496177583,0.316920865199539,0.2800093844107819,0.26601610997320696,0.45397450561601116,0.3622396691429215,0.34173889408993446,0.26373327696071025,0.39452782894935523,1.0,144.0
2019/20,2019-11-22,Dortmund,Paderborn,3,3,100,12,1,0.6437203329054818,0.1992342382808184,0.15704542881369937,0.21951956685361157,0.6102685660342599,0.2181996210004672,0.1715318129652732,0.20092544277433264,0.825999579200917,0.11614054689370469,0.057859873905378244,1.0,144.0
2019/20,2019-11-23,Leverkusen,Freiburg,1,1,101,12,1,0.5001714285559281,0.275989105594047,0.22383946585002487,0.15013778220785118,0.5768123707581746,0.2541694889646276,0.16901814027719764,0.18063982140121418,0.663604520027186,0.21154205223574052,0.12485342773707366,1.0,144.0
2019/20,2019-11-23,Ein Frankfurt,Wolfsburg,0,2,102,12,2,0.46202852291988733,0.28904886205162866,0.24892261502848395,0.38879379710359185,0.44914312637157455,0.29152621449588184,0.25933065913254333,0.37516031023393226,0.4555515324029096,0.2687880232737389,0.27566044432335157,1.0,144.0
2019/20,2019-11-23,Fortuna Dusseldorf,Bayern Munich,0,4,103,12,2,0.3009372018733454,0.23749558021340794,0.46156721791324656,0.19023653014851993,0.2564185008351211,0.21751438629243705,0.5260671128724418,0.14518141453579686,0.09060266954294188,0.14358905217743023,0.7658082782796278,1.0,144.0
2019/20,2019-11-23,Union Berlin,M'gladbach,2,0,104,12,0,0.29172592731270347,0.23118717792925925,0.4770868947580372,0.36463203359545815,0.30452159374523324,0.23046444406421118,0.4650139621905557,0.3499640992994149,0.2697182360951084,0.25892950665130404,0.4713522572535875,1.0,144.0
2019/20,2019-11-23,Werder Bremen,Schalke 04,1,2,105,12,2,0.43099804826530164,0.2970839706407345,0.27191798109396365,0.35793137193139446,0.34099254213114605,0.32084367590731094,0.33816378196154295,0.27715154664825464,0.341862545499414,0.28471836633968783,0.37341908816089825,1.0,144.0
2019/20,2019-11-23,RB Leipzig,FC Koln,4,1,106,12,0,0.6734536472368643,0.17900434286896402,0.14754200989417152,0.06420058259325906,0.6543720461283907,0.18875696975713765,0.15687098411447145,0.07203359407725904,0.6804847699425547,0.19287193080208134,0.12664329925536402,1.0,144.0
2019/20,2019-11-24,Augsburg,Hertha,4,0,107,12,0,0.48653437170404495,0.2558588646250269,0.257606763670928,0.16500409806518468,0.44020194821985437,0.2668041570825491,0.2929938946975966,0.19960964055345642,0.36244620886114304,0.26395539123583245,0.3735983999030244,1.0,144.0
2019/20,2019-11-24,Hoffenheim,Mainz,1,5,108,12,2,0.6263528634240042,0.21586904623096012,0.15777809034503568,0.5508278273111521,0.6303401667104641,0.20960595203001353,0.1600538812595225,0.5514191040778842,0.5602375171149527,0.2447502284365829,0.19501225444846443,1.0,144.0
2019/20,2019-11-29,Schalke 04,Union Berlin,2,1,109,13,0,0.4918167667156702,0.2787563530448517,0.2294268802394783,0.1554434459838677,0.5279871809218364,0.2745168528197242,0.19749596625843918,0.13090037903123494,0.5638424821002387,0.2565632458233891,0.17959427207637232,1.0,144.0
2019/20,2019-11-30,FC Koln,Augsburg,1,1,110,13,1,0.3361904097109284,0.2695270922604537,0.39428249802861814,0.1342413399166445,0.38194876355896906,0.2756031311925172,0.34244810524851366,0.13157778138626122,0.479442568436209,0.25679905380620166,0.26375837775758926,1.0,144.0
2019/20,2019-11-30,Hoffenheim,Fortuna Dusseldorf,1,1,111,13,1,0.5357490047239486,0.22581499915164774,0.23843599612440383,0.17193936015526906,0.5537387170740877,0.2246059099201658,0.2216553730057466,0.1778788355845866,0.5484243678996851,0.2501832812325883,0.20139235086772664,1.0,144.0
2019/20,2019-11-30,Hertha,Dortmund,1,2,112,13,2,0.4131304308407377,0.26593796453425894,0.3209316046250032,0.3159053192419132,0.36944448090886983,0.253783440749119,0.3767720783420111,0.2624511334040802,0.21562836593586046,0.22671206698863833,0.5576595670755011,1.0,144.0
2019/20,2019-11-30,Bayern Munich,Leverkusen,1,2,113,13,2,0.5188955265837412,0.2455526250277429,0.2355518483885163,0.4268167720054163,0.5155772238330594,0.24443346445349137,0.23998931171344912,0.4217180600226006,0.7659476736396869,0.144691764435683,0.08936056192463014,1.0,144.0
2019/20,2019-11-30,Paderborn,RB Leipzig,2,3,114,13,2,0.19021372461982927,0.19413887302790275,0.6156474023522682,0.0919540901761538,0.19174112462448967,0.20388657845390853,0.6043722969216017,0.09664296915767666,0.13851966620457204,0.1515670444969964,0.7099132892984317,1.0,144.0
2019/20,2019-12-01,M'gladbach,Freiburg,4,2,115,13,0,0.6009105197660323,0.21034164207478004,0.18874783815918755,0.09744907982159272,0.6212626732367027,0.20870673157817907,0.17003059518511823,0.08617618299140709,0.6250488809668883,0.21919134966033413,0.15575976937277763,1.0,144.0
2019/20,2019-12-01,Wolfsburg,Werder Bremen,2,3,116,13,2,0.5004927080530471,0.2724801080778502,0.22702718386910295,0.42398996264580135,0.47546449717426464,0.2826919329127329,0.241843569913002,0.4004338302777184,0.4577947093570756,0.26089375909596785,0.28131153154695665,1.0,144.0
2019/20,2019-12-02,Mainz,Ein Frankfurt,2,1,117,13,0,0.4389309541182292,0.25500203733717225,0.30606700854459906,0.20423774398306005,0.43818160234556164,0.2514553369125123,0.3103630607419261,0.2059825707080486,0.31963130225004455,0.2485112938210065,0.431857403928949,1.0,144.0
2019/20,2019-12-06,Ein Frankfurt,Hertha,2,2,118,14,1,0.500597984011428,0.2795844432790636,0.2198175727095082,0.14945905343410296,0.5427420848889243,0.2574301739071758,0.19982774120389982,0.16725004843211452,0.5329681839465706,0.24557015057791357,0.2214616654755157,1.0,144.0
2019/20,2019-12-07,Freiburg,Wolfsburg,1,0,119,14,0,0.32228842979906086,0.2703668572556483,0.40734471294529123,0.3126113437743519,0.30369793609041873,0.28020964842936863,0.4160924154802128,0.3289847312124502,0.29599595280253543,0.2781853080780276,0.425818739119437,1.0,144.0
2019/20,2019-12-07,Dortmund,Fortuna Dusseldorf,5,0,120,14,0,0.5614718487991271,0.22638068303466063,0.21214746816621194,0.11865674382249482,0.5355301866437773,0.24214050161269288,0.2223293117435299,0.13258126518975805,0.7333711691259932,0.16923950056753692,0.09738933030646993,1.0,144.0
2019/20,2019-12-07,Augsburg,Mainz,2,1,121,14,0,0.4978874895483958,0.2543458584976043,0.24776665195399988,0.15675264348625342,0.48228987917008914,0.25774049934737936,0.25996962148253167,0.1678039866517458,0.4475203499838635,0.2490049126833292,0.3034747373328074,1.0,144.0
2019/20,2019-12-07,M'gladbach,Bayern Munich,2,1,122,14,0,0.310268771596054,0.2165990820881782,0.47313214631576783,0.3497915976564908,0.26431401887544836,0.19497318411056458,0.5407127970139871,0.4168020958389417,0.17759925122845333,0.1909367444037127,0.6314640043678341,1.0,144.0
2019/20,2019-12-07,RB Leipzig,Hoffenheim,3,1,123,14,0,0.5975479592039766,0.21619894612926582,0.18625309466675735,0.0983289302069141,0.5588837237943035,0.23057089070120695,0.21054538550448954,0.11945646424540722,0.6896113844816045,0.1828515034610315,0.1275371120573641,1.0,144.0
2019/20,2019-12-07,Leverkusen,Schalke 04,2,1,124,14,0,0.5969302052289673,0.2414228080764735,0.16164698669455918,0.09429750388209668,0.636972775435179,0.2154407470255329,0.14758647753928775,0.07678526706384586,0.4561663396516667,0.2563678900944723,0.287465770253861,1.0,144.0
2019/20,2019-12-08,Union Berlin,FC Koln,2,0,125,14,0,0.6026707011267837,0.218107992378403,0.17922130649481327,0.09499542422239475,0.5594752588013041,0.22996689942203527,0.2105578417766609,0.11919832617091161,0.45373275793978474,0.2735177752087717,0.2727494668514437,1.0,144.0
2019/20,2019-12-08,Werder Bremen,Paderborn,0,1,126,14,2,0.5973569482144909,0.23744463764976848,0.1651984141357404,0.5268645056708062,0.5650331935641638,0.2502062583488982,0.18476054808693815,0.4919389368924138,0.6312940535067565,0.19591884419175204,0.1727871023014915,1.0,144.0
2019/20,2019-12-13,Hoffenheim,Augsburg,2,4,127,15,2,0.3994782822703794,0.26007393530876804,0.3404477824208525,0.29729601285963203,0.4347637868577605,0.25600811650607647,0.3092280966361632,0.3330926864198992,0.49832193042733514,0.24663141226733587,0.25504665730532894,1.0,144.0
2019/20,2019-12-14,Fortuna Dusseldorf,RB Leipzig,0,3,128,15,2,0.209175567237407,0.1882143378034927,0.6026100949591003,0.10083657727875311,0.2021683527549322,0.18951513045238555,0.6083165167926824,0.09714399693652992,0.14709302325581394,0.19098837209302327,0.6619186046511627,1.0,144.0
2019/20,2019-12-14,Mainz,Dortmund,0,4,129,15,2,0.32852833951183635,0.22073846201996622,0.4507331984681972,0.20481244456369047,0.34498675515212135,0.2241559117707193,0.4308573330771596,0.2214696182712166,0.15382188214877338,0.20115169204070366,0.6450264258105229,1.0,144.0
2019/20,2019-12-14,Paderborn,Union Berlin,1,1,130,15,1,0.3671558962066272,0.28323281679649087,0.3496112869968818,0.12851575205745386,0.36526137130248504,0.2890684111505439,0.3456702175469711,0.12645188433237106,0.3337237507273098,0.2682696449216772,0.3980066043510129,1.0,144.0
2019/20,2019-12-14,FC Koln,Leverkusen,2,0,131,15,0,0.27702722076690645,0.24420335157865997,0.47876942765443353,0.3759549021842887,0.23293655628166454,0.22195960295459155,0.5451038407637439,0.4427622619522085,0.25751628656192976,0.2581993536350383,0.4842843598030321,1.0,144.0
2019/20,2019-12-14,Bayern Munich,Werder Bremen,6,1,132,15,0,0.6653124189606218,0.18546752293551189,0.1492200581038664,0.0671412013212558,0.7110315671129309,0.16710767283055078,0.12186076005651791,0.04917640002338043,0.8686498000017531,0.08578303185070695,0.04556716814753998,1.0,144.0
2019/20,2019-12-14,Hertha,Freiburg,1,0,133,15,0,0.4583985616759468,0.27462386191189203,0.266977576412161,0.18230457215079732,0.4628702724749413,0.2702156922678965,0.2669140352571626,0.17987572320420273,0.4969910358631532,0.2654230055290954,0.23758595860775128,1.0,144.0
2019/20,2019-12-15,Wolfsburg,M'gladbach,2,1,134,15,0,0.393572480201361,0.26450750353843255,0.34192001626020635,0.24233181714425434,0.3945103138917857,0.2659162306925774,0.3395734554156375,0.2409639458031697,0.36234308981153507,0.2766608207108017,0.3609960894776632,1.0,144.0
2019/20,2019-12-15,Schalke 04,Ein Frankfurt,1,0,135,15,0,0.36767253394264604,0.28567823904800316,0.34664922700935086,0.26000185545834725,0.3470840320746285,0.28349131326661164,0.3694246546587598,0.2813869183208344,0.5160813035789366,0.240752568418958,0.24316612800210546,1.0,144.0
2019/20,2019-12-17,Dortmund,RB Leipzig,3,3,136,16,1,0.3836542394721077,0.2644482227344778,0.3518975377934147,0.13551122628499446,0.3787310430582926,0.2655576907761907,0.3557112661655166,0.13498385392654869,0.43181611138845666,0.2517062825450849,0.31647760606645853,1.0,144.0
2019/20,2019-12-17,Union Berlin,Hoffenheim,0,2,137,16,2,0.39023174026710805,0.2912833275213544,0.3184849322115376,0.3083717993673042,0.42596519519669873,0.2704863834721537,0.30354842133114757,0.3332455744746492,0.3948649140362048,0.2713317565723642,0.33380332939143087,1.0,144.0
2019/20,2019-12-17,Werder Bremen,Mainz,0,5,138,16,2,0.5237630996004148,0.22862576905063223,0.2476111313489531,0.42020839708651825,0.4926909197148194,0.25384941778070813,0.2534596625044725,0.40003340893868533,0.5666465851526903,0.22586612135456885,0.20748729349274098,1.0,144.0
2019/20,2019-12-17,Augsburg,Fortuna Dusseldorf,3,0,139,16,0,0.686859333021095,0.18404967463430727,0.12909099234459767,0.057360780810253226,0.7051713046049486,0.1729921186573116,0.1218365767377397,0.05088405552975959,0.5043893323052897,0.25284971723356076,0.2427609504611494,1.0,144.0
2019/20,2019-12-18,Wolfsburg,Schalke 04,1,1,140,16,1,0.5537558589939177,0.2756057766812487,0.17063836432483362,0.16788150137477315,0.5671879691436261,0.2702864329455945,0.1625255979107795,0.17405838115876365,0.46478684453725205,0.2683437859344908,0.2668693695282573,1.0,144.0
2019/20,2019-12-18,M'gladbach,Paderborn,2,0,141,16,0,0.7517500027460209,0.13730609168030533,0.11094390557367396,0.03696830566027045,0.6789754282465368,0.17304794249570535,0.14797662925775787,0.06247692923799119,0.6954404182097479,0.17048715719780413,0.13407242459244792,1.0,144.0
2019/20,2019-12-18,Ein Frankfurt,FC Koln,2,4,142,16,2,0.5646933841084957,0.22758568617540506,0.20772092971609926,0.4732923716329136,0.5484737632274093,0.22681469441025842,0.22471154236233262,0.450947830747515,0.49382707799432657,0.257364905727202,0.24880801627847146,1.0,144.0
2019/20,2019-12-18,Leverkusen,Hertha,0,1,143,16,2,0.6361033277201127,0.19295994449094042,0.17093672778894703,0.54598667643295,0.7119590630215015,0.16623989012375803,0.12180104685474048,0.639059554361942,0.63613065172267,0.21111759620490358,0.1527517520724263,1.0,144.0
2019/20,2019-12-18,Freiburg,Bayern Munich,1,3,144,16,2,0.16917141783298295,0.18336024930211176,0.6474683328649055,0.07644877247233546,0.13801186190465559,0.1427182430880584,0.7192698950072861,0.04892833293780498,0.09704189240163785,0.11071446143417103,0.7922436461641912,1.0,144.0
2019/20,2019-12-20,Hoffenheim,Dortmund,2,1,145,17,0,0.3784751106436539,0.2838216693476238,0.3377032200087224,0.25016832644683884,0.38980847613768616,0.2684797892562582,0.34171173460605564,0.24455030268044609,0.21442252937826783,0.2213076564683957,0.5642698141533364,1.0,144.0
2019/20,2019-12-21,Bayern Munich,Wolfsburg,2,0,146,17,0,0.6059386366025146,0.22548468484822667,0.1685766785492589,0.09185122733669258,0.6435282419036638,0.20446195608214032,0.15200980201419587,0.07508954711434394,0.7880075137620666,0.14014127795768527,0.0718512082802482,1.0,144.0
2019/20,2019-12-21,Hertha,M'gladbach,0,0,147,17,1,0.3229882411706261,0.24170977828685777,0.4353019805425159,0.1469046090993658,0.33408063091655565,0.25383901186568997,0.4120803572177546,0.14071004437915796,0.32982361170940727,0.26918751596338814,0.4009888723272047,1.0,144.0
2019/20,2019-12-21,Schalke 04,Freiburg,2,2,148,17,1,0.4454706497205425,0.26108747755285316,0.29344187272660427,0.1422761162158695,0.41033512762640545,0.2813682021817483,0.3082966701918463,0.13171087690777922,0.502559354366334,0.26868131687729213,0.2287593287563737,1.0,144.0
2019/20,2019-12-21,RB Leipzig,Augsburg,3,1,149,17,0,0.6418107718205033,0.18873766856572385,0.16945155961377292,0.0785066771196818,0.644714866361957,0.18861166735227033,0.16667346628577284,0.07700378527395836,0.776978417266187,0.14273381294964027,0.08028776978417265,1.0,144.0
2019/20,2019-12-21,FC Koln,Werder Bremen,1,0,150,17,0,0.5303446684602178,0.24611763866736325,0.2235376928724193,0.13527261528923334,0.5228249656968504,0.2588813791755398,0.21829365512760956,0.1376740666155919,0.5022067563495979,0.2453820353809427,0.25241120826945934,1.0,144.0
2019/20,2019-12-21,Mainz,Leverkusen,0,1,151,17,2,0.353595489802583,0.26222609729287705,0.38417841290454013,0.2521329987707499,0.34916208517987496,0.25308501787322885,0.39775289694689653,0.24230786743150703,0.2655541544817965,0.23991897620261318,0.4945268693155904,1.0,144.0
2019/20,2019-12-22,Paderborn,Ein Frankfurt,2,1,152,17,0,0.2648677251816169,0.2398010889983337,0.4953311858200497,0.3928862225627735,0.2914269708499584,0.24985004468771008,0.4587229844623315,0.35625125705644706,0.302261573271471,0.24363653261176504,0.45410189411676394,1.0,144.0
2019/20,2019-12-22,Fortuna Dusseldorf,Union Berlin,2,1,153,17,0,0.32817753217606305,0.2822399439708189,0.38958252385311803,0.30155998558240504,0.2876686879860367,0.2725774958859135,0.43975381612804976,0.35039965843735854,0.315040033793514,0.28530174151802,0.399658224688466,1.0,144.0
2019/20,2020-01-17,Schalke 04,M'gladbach,2,0,154,18,0,0.3697541673275777,0.24060198561208493,0.38964384706033756,0.27451606857646726,0.39958952523933716,0.25571311663885166,0.34469735812181146,0.23965450344924039,0.3539831194357729,0.2714533472077697,0.3745635333564573,1.0,144.0
2019/20,2020-01-18,Mainz,Freiburg,1,2,155,18,2,0.43499769585037756,0.23767165528695583,0.3273306488626667,0.3208535256773294,0.4881457868743737,0.2350263373562417,0.2768278757693846,0.38063211525371105,0.4344497325868587,0.26184402801856616,0.3037062393945752,1.0,144.0
2019/20,2020-01-18,Hoffenheim,Ein Frankfurt,1,2,156,18,2,0.40764389205960266,0.24684935044788592,0.3455067574925113,0.2972674736107336,0.3688183529662406,0.25133638612118003,0.3798452609125793,0.26030943894865866,0.39348559445660103,0.26447392414296134,0.3420404814004377,1.0,144.0
2019/20,2020-01-18,RB Leipzig,Union Berlin,3,1,157,18,0,0.752114669981972,0.14459829042816122,0.10328703958986704,0.03605767469269269,0.6628091198491048,0.19402364647146988,0.14316723367942538,0.06709727322817725,0.7770221979115248,0.14380709334481948,0.07917070874365577,1.0,144.0
2019/20,2020-01-18,FC Koln,Wolfsburg,3,1,158,18,0,0.18467796743827636,0.24822669426171654,0.5670953383000071,0.49317356975108995,0.18315471066469058,0.2474948072784796,0.5693504820568298,0.4956980990638149,0.2995254883277751,0.2905307289185326,0.4099437827536922,1.0,144.0
2019/20,2020-01-18,Augsburg,Dortmund,3,5,159,18,2,0.3487132727626175,0.2729850371194197,0.3783016901179624,0.25405486755549866,0.384175985533211,0.2521161911420019,0.36370782332478696,0.2762294609792471,0.17316355322615712,0.20052411465066428,0.6263123321231786,1.0,144.0
2019/20,2020-01-18,Fortuna Dusseldorf,Werder Bremen,0,1,160,18,2,0.31472450727080997,0.2647290620264148,0.4205464307027753,0.21740897722407387,0.33011534428172346,0.2568824162705666,0.41300223944771014,0.22677125571182222,0.3624900832812746,0.26810208375651057,0.36940783296221485,1.0,144.0
2019/20,2020-01-19,Paderborn,Leverkusen,1,4,161,18,2,0.2305187829405256,0.2272015047623821,0.5422797122970925,0.13132338553160688,0.28973588531628525,0.2576860664721407,0.45257804821157355,0.1918088382699307,0.20207618312294745,0.20771350153624857,0.5902103153408038,1.0,144.0
2019/20,2020-01-19,Hertha,Bayern Munich,0,4,162,18,2,0.1943089425203047,0.2379194072842147,0.5677716501954808,0.11228865575904853,0.1962307579713181,0.2375036231086277,0.5662656189200541,0.11331601185240082,0.09398843625419119,0.13530638646144097,0.7707051772843677,1.0,144.0
2019/20,2020-01-24,Dortmund,FC Koln,5,1,163,19,0,0.59317195881256,0.2288317956808264,0.17799624550661367,0.09859585925543,0.6026449238843682,0.2221273480882868,0.17522772802734504,0.09429790659224237,0.7627956184040959,0.14458961721988087,0.09261476437602313,1.0,144.0
2019/20,2020-01-25,Bayern Munich,Schalke 04,5,0,164,19,0,0.7518763594638586,0.1404675337016564,0.10765610683448505,0.036577589165833195,0.743611273310185,0.14949866565819933,0.10689006103161586,0.0385803321604836,0.8115062089974342,0.123332361265255,0.06516142973731084,1.0,144.0
2019/20,2020-01-25,Wolfsburg,Hertha,1,2,165,19,2,0.5866511738370985,0.25493400461848004,0.15841482154442146,0.5262126061802768,0.5806869890196587,0.263806156897085,0.15550685408325615,0.5251830263585378,0.5525650609523753,0.25247750826805665,0.19495743077956795,1.0,144.0
2019/20,2020-01-25,Union Berlin,Augsburg,2,0,166,19,0,0.4929771189158788,0.24734570792079907,0.2596771731633221,0.16225221810246843,0.5135862634297612,0.2441836074712519,0.24223012909898667,0.14763687928376676,0.4440850852096031,0.2711780072148277,0.2847369075755691,1.0,144.0
2019/20,2020-01-25,M'gladbach,Mainz,3,1,167,19,0,0.38256116708804866,0.25331188453996933,0.3641269483719821,0.2569095734591823,0.3525594621531462,0.24100941016311378,0.40643112768373985,0.2921827557988499,0.5896800455571256,0.2218062556682766,0.1885136987745977,1.0,144.0
2019/20,2020-01-25,Ein Frankfurt,RB Leipzig,2,0,168,19,0,0.2677676685288644,0.23735706576123913,0.4948752657098967,0.39053285793154785,0.2871532930107938,0.2425646532208333,0.4702820537683727,0.364657818880977,0.20482355027487145,0.21971980847668027,0.5754566412484483,1.0,144.0
2019/20,2020-01-25,Freiburg,Paderborn,0,2,169,19,2,0.5087042085282846,0.22512074843028518,0.26617504304143025,0.3986395196148176,0.468736456937239,0.23380978437249064,0.29745375869027013,0.3566425436202525,0.5589080000813106,0.2285841229646967,0.21250787695399279,1.0,144.0
2019/20,2020-01-26,Werder Bremen,Hoffenheim,0,3,170,19,2,0.333752310850601,0.2654766113670986,0.40077107778230026,0.23523295311015102,0.33115199236632514,0.2553948280395473,0.4134531795941275,0.22684940728821268,0.3901979264844487,0.26295947219604143,0.3468426013195099,1.0,144.0
2019/20,2020-01-26,Leverkusen,Fortuna Dusseldorf,3,0,171,19,0,0.6330980138442128,0.20658872055094715,0.1603132656048397,0.08015870528697472,0.712053790842187,0.17003340875791267,0.11791280039990042,0.048408223933250866,0.7104038213145517,0.17566349036141643,0.11393268832403187,1.0,144.0
2019/20,2020-01-31,Hertha,Schalke 04,0,0,172,20,1,0.43167819239337785,0.287453964079953,0.28086784352666916,0.13261640365766783,0.43782304217076307,0.285295042758708,0.27688191507052884,0.1341763055743927,0.32807307355942084,0.29239140996987656,0.37953551647070255,1.0,144.0
2019/20,2020-02-01,RB Leipzig,M'gladbach,2,2,173,20,1,0.5195400189569173,0.22951364317578346,0.25094633786729925,0.16644794789338133,0.5893537860231307,0.21270053020740481,0.1979456837694645,0.19326018941137946,0.6120635167592061,0.2158616867141843,0.17207479652660956,1.0,144.0
2019/20,2020-02-01,Hoffenheim,Leverkusen,2,1,174,20,0,0.23042244249417204,0.20220221457979268,0.5673753429260351,0.457082198388536,0.25533726750854085,0.21167005668024202,0.5329926758112171,0.41930188881502384,0.31188310848670314,0.2405068747036766,0.44761001680962026,1.0,144.0
2019/20,2020-02-01,Mainz,Bayern Munich,1,3,175,20,2,0.2090037195907833,0.19702364496598634,0.5939726354432303,0.10427038778584934,0.18599757921544235,0.18699448282402878,0.6270079379605289,0.08685908890923072,0.0644791368632844,0.09897414835393034,0.8365467147827853,1.0,144.0
2019/20,2020-02-01,Dortmund,Union Berlin,5,0,176,20,0,0.5737374720317412,0.22932106097309168,0.19694146699516735,0.11024284208604956,0.6348841772166763,0.20064080161381329,0.16447502116951018,0.08018079831772715,0.7725364625026847,0.14765605170158344,0.07980748579573188,1.0,144.0
2019/20,2020-02-01,Augsburg,Werder Bremen,2,1,177,20,0,0.6337022986270053,0.21930430545078067,0.14699339592221378,0.07789053223794218,0.6211731965007008,0.22990127933544585,0.1489255241638534,0.08284427939848757,0.4437232597871005,0.2586408305710906,0.29763590964180897,1.0,144.0
2019/20,2020-02-01,Fortuna Dusseldorf,Ein Frankfurt,1,1,178,20,1,0.2769863924045983,0.2739607265991808,0.4490528809962207,0.1391849757541601,0.21667091888199652,0.25329393998726396,0.5300351411307396,0.16394176896132587,0.2660550458715596,0.25688073394495414,0.47706422018348627,1.0,144.0
2019/20,2020-02-02,FC Koln,Freiburg,4,0,179,20,0,0.4595907991382144,0.24451758481768396,0.29589161604410164,0.18979697641063187,0.4923070700273418,0.2504660068021052,0.2572269231705532,0.16195890057400603,0.4745538803497662,0.2645054415064271,0.2609406781438067,1.0,144.0
2019/20,2020-02-02,Paderborn,Wolfsburg,2,4,180,20,2,0.28605595471303136,0.26662390184668494,0.4473201434402836,0.1936415165368262,0.3968356836406373,0.25950968077041126,0.343654635588952,0.29413389859720207,0.25158597269061156,0.2542272952385445,0.4941867320708441,1.0,144.0
2019/20,2020-02-07,Ein Frankfurt,Augsburg,5,0,181,21,0,0.5242813077696388,0.22959656103842038,0.24612213119194096,0.14344218879991405,0.47058562239988794,0.25300331599850473,0.27641106160160744,0.17834132909272082,0.4854675201372087,0.26747521770645105,0.2470572621563403,1.0,144.0
2019/20,2020-02-08,Leverkusen,Dortmund,4,3,182,21,0,0.4088332889892878,0.21029379973176665,0.38087291127894535,0.24727112737666118,0.4412874271691176,0.22117532302408882,0.3375372498067934,0.21304556702321892,0.26677916698626986,0.21810999463066655,0.5151108383830636,1.0,144.0
2019/20,2020-02-08,Werder Bremen,Union Berlin,0,2,183,21,2,0.3232163691970092,0.31376572265297337,0.3630179081500173,0.25510750332723847,0.3476918173293588,0.3074811512011752,0.34482703146946625,0.2750706092654521,0.42489100129114354,0.28243483467749475,0.29267416403136165,1.0,144.0
2019/20,2020-02-08,Wolfsburg,Fortuna Dusseldorf,1,1,184,21,1,0.6468924440107584,0.21081679041127602,0.14229076557796563,0.21935824804348789,0.6159835482027477,0.23373777711990004,0.1502786746773522,0.2010097058596141,0.6163597043765445,0.23430623144580506,0.14933406417765044,1.0,144.0
2019/20,2020-02-08,Hertha,Mainz,1,3,185,21,2,0.36112630316888983,0.31375532113590554,0.32511837569520474,0.29293870683235396,0.3871318943981564,0.2858739350985088,0.3269941705033348,0.30140397509839983,0.47027167354270155,0.2767884707137043,0.252939855743594,1.0,144.0
2019/20,2020-02-08,Freiburg,Hoffenheim,1,0,186,21,0,0.4082794035251192,0.24656937445120894,0.34515122202367204,0.2346313151785114,0.38281382411836085,0.2349036824377569,0.382282493443882,0.26352934024653674,0.35449578814220734,0.2718464892214118,0.3736577226363807,1.0,144.0
2019/20,2020-02-08,Schalke 04,Paderborn,1,1,187,21,1,0.5496200679963075,0.23528654203935281,0.21509338996433985,0.1741736927753086,0.4842491903607706,0.2568484823518519,0.25890232728737744,0.15076384671994109,0.6035207041408281,0.22404480896179235,0.17243448689737947,1.0,144.0
2019/20,2020-02-09,Bayern Munich,RB Leipzig,0,0,188,21,1,0.4938955151846267,0.2399878711983212,0.26611661361705213,0.1573754159812476,0.5393975105033434,0.2221892365476141,0.23841325294904256,0.17389527675947428,0.657726099570664,0.181399130650821,0.16087476977851517,1.0,144.0
2019/20,2020-02-14,Dortmund,Ein Frankfurt,4,0,189,22,0,0.7140741952264288,0.15725098017143524,0.12867482460213606,0.04915538816090241,0.662725879248915,0.18668464653332592,0.15058947421775898,0.06821551113679927,0.6806477866927875,0.1876737586609239,0.13167845464628858,1.0,144.0
2019/20,2020-02-15,Union Berlin,Leverkusen,2,3,190,22,2,0.27735814765278716,0.23834551687845734,0.48429633546875556,0.17143890584016983,0.2577397900012029,0.22923998407200036,0.5130202259267962,0.15178954985312612,0.30522441644956216,0.2740967139221281,0.4206788696283097,1.0,144.0
2019/20,2020-02-15,Fortuna Dusseldorf,M'gladbach,1,4,191,22,2,0.14558948156515172,0.19076438459542525,0.6636461338394233,0.06716511021178848,0.1567017561055787,0.20492402607765667,0.6383742178167644,0.07766432335310454,0.24149944350414576,0.2554809902333331,0.5030195662625212,1.0,144.0
2019/20,2020-02-15,RB Leipzig,Werder Bremen,3,0,192,22,0,0.7381144633137815,0.16204513804808762,0.09984039863813085,0.03927606976282479,0.7345177899911567,0.16685686842739247,0.09862534158145078,0.04010388091661872,0.764377297106509,0.14184320977234188,0.09377949312114912,1.0,144.0
2019/20,2020-02-15,Augsburg,Freiburg,1,1,193,22,1,0.6990382484787339,0.16316629943397662,0.13779545208728958,0.2538210297260783,0.6354968066447586,0.18911075383331852,0.17539243952192315,0.21730934954856854,0.45637893281087927,0.2687564826552956,0.27486458453382506,1.0,144.0
2019/20,2020-02-15,Hoffenheim,Wolfsburg,2,3,194,22,2,0.2812492994141649,0.22084315612209354,0.4979075444637419,0.1655990011636941,0.3628919596904048,0.24221347624010642,0.39489456406948864,0.2489215815002982,0.3823801362575973,0.28287185518471375,0.33474800855768894,1.0,144.0
2019/20,2020-02-15,Paderborn,Hertha,1,2,195,22,2,0.4140206322994073,0.266704255706866,0.31927511199372693,0.3173997285603772,0.44603979507126346,0.24805660203816396,0.30590360289057233,0.34036065363375134,0.3795813042044198,0.2889350226033643,0.3314836731922159,1.0,144.0
2019/20,2020-02-16,FC Koln,Bayern Munich,1,4,196,22,2,0.29900130396892444,0.24886884525913874,0.4521298507719362,0.1947817400951487,0.2697862141991812,0.23201005771268757,0.49820372808813107,0.16229204993828827,0.10843481281114821,0.15170611823894076,0.739859068949911,1.0,144.0
2019/20,2020-02-16,Mainz,Schalke 04,0,0,197,22,1,0.5448688296213235,0.2488021642776292,0.20632900610104743,0.16972685012577846,0.5772602087537646,0.2394761264836219,0.1832636647626135,0.18340745971633174,0.35279927630917685,0.27540456327269075,0.37179616041813246,1.0,144.0
2019/20,2020-02-21,Bayern Munich,Paderborn,3,2,198,23,0,0.780668758461,0.12445388182635084,0.09487735971264916,0.028553953450541278,0.809161687785914,0.10639922964063842,0.08443908257344743,0.02177461003728323,0.9097197631103006,0.06333117413975418,0.02694906274994523,1.0,144.0
2019/20,2020-02-22,Freiburg,Fortuna Dusseldorf,0,2,199,23,2,0.6332171481943121,0.2097635148873236,0.15701933691836414,0.5557901775484457,0.6203221256785009,0.20700488268155692,0.17267299163994218,0.5346347591841485,0.5020748674436243,0.2556740090148271,0.24225112354154868,1.0,144.0
2019/20,2020-02-22,Hertha,FC Koln,0,5,200,23,2,0.37503145837811774,0.269405728702557,0.35556281291932496,0.2779739414328352,0.31559631374053826,0.2590519707734052,0.42535171548605694,0.2149108420707172,0.3638427660913094,0.29417074705254803,0.34198648685614247,1.0,144.0
2019/20,2020-02-22,M'gladbach,Hoffenheim,1,1,201,23,1,0.6519011316726564,0.18029783064648477,0.1678010376808589,0.22656613686143154,0.6159234828862663,0.18951673028307134,0.1945597868306623,0.20860762371117078,0.6103315331644592,0.21009233603482477,0.17957613080071613,1.0,144.0
2019/20,2020-02-22,Werder Bremen,Dortmund,0,2,202,23,2,0.17309126955064347,0.2419916653560675,0.584917065093289,0.10112721522271119,0.17674691692352484,0.24022202901484122,0.583031054061634,0.10255128725946172,0.1343116918974366,0.17590183328644246,0.6897864748161209,1.0,144.0
2019/20,2020-02-22,Schalke 04,RB Leipzig,0,5,203,23,2,0.25169650176880276,0.2855063179259562,0.4627971803052409,0.1759689992453263,0.24906600891816366,0.2752785039852924,0.4756554870965439,0.1684855225051927,0.2241254164314385,0.2438845841269054,0.5319899994416561,1.0,144.0
2019/20,2020-02-23,Leverkusen,Augsburg,2,0,204,23,0,0.6418256874082472,0.18264542408547468,0.1755288885062782,0.07954961445041203,0.6341867822024972,0.18688556235364645,0.1789276554438565,0.08291720809899927,0.623006936312044,0.19547788487523646,0.18151517881271956,1.0,144.0
2019/20,2020-02-23,Wolfsburg,Mainz,4,0,205,23,0,0.6404022194503259,0.1931946789872812,0.166403101562393,0.07850027799291778,0.5395833906122058,0.23142987437839585,0.22898673500939842,0.13220918950520852,0.5160727794945441,0.25070202208003695,0.23322519842541897,1.0,144.0
2019/20,2020-02-24,Ein Frankfurt,Union Berlin,1,2,206,23,2,0.4015322532531809,0.2843698745202427,0.31409787222657637,0.3158449396433433,0.4683898826415375,0.2737345882082148,0.2578755291502478,0.38506890619748907,0.504917321981119,0.2592088925678472,0.23587378545103369,1.0,144.0
2019/20,2020-02-28,Fortuna Dusseldorf,Hertha,3,3,207,24,1,0.33250987951357874,0.3052754170545557,0.36221470343186574,0.1208811556781845,0.36205889741301717,0.3010428679517338,0.33689823463524915,0.1222935328481385,0.4325475127219856,0.2849724789697788,0.2824800083082355,1.0,144.0
2019/20,2020-02-29,Hoffenheim,Bayern Munich,0,6,208,24,2,0.2509188961658505,0.18626705524313386,0.5628140485910158,0.12704592428123385,0.2520452162954707,0.18474553546621808,0.5632092482383114,0.12715647594098595,0.12728386848775675,0.14010516326973516,0.7326109682425082,1.0,144.0
2019/20,2020-02-29,Dortmund,Freiburg,1,0,209,24,0,0.7909921390422369,0.12176377003793662,0.08724409091982632,0.025647908671283304,0.7611740219094433,0.14237065136660876,0.09645532672394817,0.033170738932167314,0.7999858308061129,0.13501870562128485,0.06499546357260225,1.0,144.0
2019/20,2020-02-29,Mainz,Paderborn,2,0,210,24,0,0.5058458550130364,0.23702693653662324,0.2571272084503405,0.15515136016663095,0.4823160693546293,0.24009467741768217,0.27758925322768874,0.17252622277797336,0.5295262877093141,0.23809167236069897,0.2323820399299868,1.0,144.0
2019/20,2020-02-29,FC Koln,Schalke 04,3,0,211,24,0,0.6101971330387387,0.2258530845008644,0.16394978246039696,0.08941290313001514,0.5751409872379004,0.2443493866736977,0.18050962608840176,0.10654445291788027,0.44569933476621937,0.26210502884625914,0.29219563638752144,1.0,144.0
2019/20,2020-02-29,Augsburg,M'gladbach,2,3,212,24,2,0.3583525803418589,0.2708025426490635,0.3708448770090773,0.2621263703116956,0.33065916377006177,0.2668965602781066,0.4024442759518314,0.23320416296392366,0.2491913777863118,0.24855242553557771,0.5022561966781104,1.0,144.0
2019/20,2020-03-01,Union Berlin,Wolfsburg,2,2,213,24,1,0.3703202172903688,0.2501384373436305,0.3795413453660005,0.1405943480881099,0.40783079796771476,0.2579179423909544,0.3342512596413307,0.13902493217139966,0.3383348938826467,0.2923377028714107,0.36932740324594254,1.0,144.0
2019/20,2020-03-01,RB Leipzig,Leverkusen,1,1,214,24,1,0.6338055295135526,0.20363604383500672,0.1625584266514403,0.21406734565867333,0.6104465590018749,0.21010043336236117,0.17945300763576394,0.20242419167337558,0.6446608174620159,0.20062058634710037,0.15471859619088382,1.0,144.0
2019/20,2020-03-06,Paderborn,FC Koln,1,2,215,25,2,0.30541586265651044,0.2353305916530582,0.4592535456904313,0.1928427885052954,0.25955374913270807,0.21575648931143904,0.5246897615558526,0.14664398572933834,0.2990052579224102,0.24402444223390654,0.4569702998436834,1.0,144.0
2019/20,2020-03-07,Wolfsburg,RB Leipzig,0,0,216,25,1,0.3228805678615197,0.25623300940912747,0.420886422729353,0.14069862097024446,0.29218433665992605,0.2780326039791532,0.4297830593609207,0.13504258235151687,0.27559455091202956,0.2593396444239206,0.46506580466404984,1.0,144.0
2019/20,2020-03-07,M'gladbach,Dortmund,1,2,217,25,2,0.3500216057751622,0.27932155423920196,0.3706568399856359,0.2592939687831443,0.2938293641436798,0.2708149223678599,0.4353557134884605,0.2025794327616025,0.27921830179881024,0.25497039664259774,0.465811301558592,1.0,144.0
2019/20,2020-03-07,Schalke 04,Hoffenheim,1,1,218,25,1,0.343164393218259,0.2555434134496457,0.40129219333209526,0.1393986126010698,0.39129585690895957,0.2597122288905999,0.34899191420044096,0.1374539019057023,0.35301693856841776,0.28873624229178046,0.35824681913980166,1.0,144.0
2019/20,2020-03-07,Hertha,Werder Bremen,2,2,219,25,1,0.38803650262110034,0.3219258271791657,0.29003767019973403,0.11734708875065245,0.43744739228681623,0.31083141396879516,0.25172119374438867,0.12736189019931787,0.4226292384866388,0.27109830704044896,0.30627245447291224,1.0,144.0
2019/20,2020-03-07,Freiburg,Union Berlin,3,1,220,25,0,0.3462519486865666,0.2573981322863755,0.3963499190270582,0.29223988645443344,0.34350881976583075,0.2536996910403751,0.40279148919379426,0.2966108267461035,0.40334183732101414,0.3006274563883335,0.29603070629065253,1.0,144.0
2019/20,2020-03-07,Leverkusen,Ein Frankfurt,4,0,221,25,0,0.4276057520457356,0.2647723352298581,0.3076219127244068,0.2111332081396751,0.45530812225445294,0.2604590253589463,0.28423285238660095,0.18873877802889658,0.5337008642362806,0.2379306808541054,0.2283684549096141,1.0,144.0
2019/20,2020-03-08,Mainz,Fortuna Dusseldorf,1,1,222,25,1,0.6139363817925872,0.22238661910472293,0.1636769991026902,0.2018540204619177,0.6022414304512986,0.2268138797130365,0.17094468983566483,0.19595841376751902,0.4851924554066741,0.2587693095502262,0.2560382350430998,1.0,144.0
2019/20,2020-03-08,Bayern Munich,Augsburg,2,0,223,25,0,0.7671683945375551,0.1295124414708225,0.10331916399162218,0.032442703075073666,0.801776763390236,0.10791121321861866,0.09031202339114551,0.023724356550526647,0.8601210619969992,0.09398395994503797,0.045894978057962804,1.0,144.0
2019/20,2020-03-11,M'gladbach,FC Koln,2,1,224,25,0,0.6077213748797272,0.20091037683367136,0.1913682482866017,0.09525216308926693,0.6068498321662978,0.19900431358050666,0.19414585425319553,0.09612983359568561,0.48481469064935245,0.2538296809682474,0.26135562838240023,1.0,144.0
2019/20,2020-05-16,RB Leipzig,Freiburg,1,1,225,26,1,0.742920880416168,0.15348049616636247,0.10359862341746957,0.2813320546661644,0.7365703955827095,0.1618825319969633,0.10154707242032718,0.2764238777830042,0.7148071456147124,0.1742182290387113,0.11097462534657637,1.0,144.0
2019/20,2020-05-16,Ein Frankfurt,M'gladbach,1,3,226,26,2,0.26262451787915,0.23784502969315988,0.4995304524276904,0.15972070271924424,0.27301719653059997,0.24926910055988416,0.47771370290951615,0.17366068286495884,0.3294464219958267,0.26954707254204,0.40100650546213334,1.0,144.0
2019/20,2020-05-16,Fortuna Dusseldorf,Paderborn,0,0,227,26,1,0.3678555769427978,0.2931410252964205,0.3390033977607816,0.1251205145906367,0.4175704013551803,0.2948377409086398,0.28759185773617985,0.12853705836203674,0.4419612871710326,0.26115894241924653,0.29687977040972097,1.0,144.0
2019/20,2020-05-16,Augsburg,Wolfsburg,1,2,228,26,2,0.34418584720637657,0.25723568760639426,0.3985784651872286,0.24008587997686004,0.33699907644926735,0.24428950273346192,0.4187114208172707,0.22573239490796762,0.2836725116259226,0.2673962199752549,0.44893126839882247,1.0,144.0
2019/20,2020-05-16,Hoffenheim,Hertha,0,3,229,26,2,0.599061913198319,0.2027564549145539,0.19818163188712715,0.5008939356440105,0.5468228030031944,0.2077904410205762,0.2453867559762291,0.4342281629701746,0.44022876874932554,0.26271716844717813,0.2970540628034963,1.0,144.0
2019/20,2020-05-16,Dortmund,Schalke 04,4,0,230,26,0,0.6792093967689372,0.2027862016277606,0.11800440160330242,0.058415824959551284,0.697493990963412,0.19280042568130162,0.10970558335528632,0.05177260026128397,0.624131583635176,0.21305148150347364,0.16281693486135027,1.0,144.0
2019/20,2020-05-17,FC Koln,Mainz,2,2,231,26,1,0.6519194278070661,0.20279369941404676,0.14528687277888724,0.2230536078770805,0.6878362747488868,0.18238404143658155,0.12977968381453167,0.24498075359571295,0.5334597398335444,0.24466950473568583,0.22187075543076965,1.0,144.0
2019/20,2020-05-17,Union Berlin,Bayern Munich,0,2,232,26,2,0.15919543767185937,0.15364483091222403,0.6871597314159166,0.06160611051164815,0.1412834790246271,0.1466959183408444,0.7120206026345286,0.051446577376141195,0.05288738106354804,0.11447538885905463,0.8326372300773974,1.0,144.0
2019/20,2020-05-18,Werder Bremen,Leverkusen,1,4,233,26,2,0.24434699412572394,0.27027292385982044,0.48538008201445576,0.1622695567628625,0.25162400139325575,0.2767762358044073,0.4715997628023373,0.17126072437384987,0.23847860538827256,0.24690966719492866,0.5146117274167986,1.0,144.0
2019/20,2020-05-22,Hertha,Union Berlin,4,0,234,27,0,0.39530088158059107,0.2785455508075826,0.32615356761182657,0.23601858674156626,0.40580506781144177,0.2771784166045414,0.31701651558401667,0.22678354429579822,0.41237481851010754,0.2841070697293474,0.303518111760545,1.0,144.0
2019/20,2020-05-23,Paderborn,Hoffenheim,1,1,235,27,1,0.37368891416674604,0.25229917391406714,0.3740119119191869,0.13976415741428364,0.27874711939996766,0.23389655697015532,0.4873563236298773,0.15760807137790464,0.30503295711060946,0.24730293453724606,0.4476641083521444,1.0,144.0
2019/20,2020-05-23,Bayern Munich,Ein Frankfurt,5,2,236,27,0,0.7093996295216615,0.165710583425969,0.12488978705236964,0.05002301711606691,0.7463526973774588,0.1453693472494993,0.10827795537304212,0.03803053487372873,0.8436942704226638,0.1015640410012499,0.054741688576086314,1.0,144.0
2019/20,2020-05-23,Wolfsburg,Dortmund,0,2,237,27,2,0.38601327467102553,0.2956150772269413,0.31837164810203317,0.3068117291666936,0.3296402047795725,0.3074164896028712,0.3629433056175562,0.2572519482323024,0.2628587315807359,0.25457971641283866,0.4825615520064256,1.0,144.0
2019/20,2020-05-23,M'gladbach,Leverkusen,1,3,238,27,2,0.5722457711157589,0.19136370873578915,0.23639052014845163,0.45528233013951064,0.5602457985317022,0.19586990167224752,0.2438842997960502,0.4427931534336669,0.39017775528242166,0.2566686559948026,0.3531535887227758,1.0,144.0
2019/20,2020-05-23,Freiburg,Werder Bremen,0,1,239,27,2,0.5165410217775328,0.2719915359984382,0.21146744222402905,0.44429911092584634,0.526301308834024,0.2721513062757873,0.20154738489018872,0.4572598231280517,0.45240057249425336,0.26451836752396235,0.28308105998178423,1.0,144.0
2019/20,2020-05-24,Schalke 04,Augsburg,0,3,240,27,2,0.3148406621507229,0.3299066632287891,0.3552526746204879,0.25741187806376997,0.2975389602938204,0.32465460768020443,0.37780643202597536,0.23782713446048753,0.4752060862005574,0.2775420161570207,0.24725189764242195,1.0,144.0
2019/20,2020-05-24,Mainz,RB Leipzig,0,5,241,27,2,0.1923845214583663,0.25002989724537505,0.5575855812962588,0.11637116098686696,0.16966219697725998,0.23436268719840073,0.5959751158243395,0.09601068405815333,0.1206506235570266,0.1797493578317254,0.6996000186112479,1.0,144.0
2019/20,2020-05-24,FC Koln,Fortuna Dusseldorf,2,2,242,27,1,0.6837598280663993,0.18518305133616558,0.13105712059743477,0.24235173566834134,0.6728018899618112,0.18913368972144692,0.13806442031674168,0.23586208364679154,0.5322042926811348,0.24594289282991838,0.22185281448894686,1.0,144.0
2019/20,2020-05-26,Ein Frankfurt,Freiburg,3,3,243,28,1,0.6222432534424747,0.22122797465459607,0.1565287719029295,0.2058439614440575,0.6246619813834975,0.2148537718018119,0.1604842468146906,0.20797889223081775,0.4687026938616425,0.267096329652662,0.2642009764856955,1.0,144.0
2019/20,2020-05-26,Dortmund,Bayern Munich,0,1,244,28,2,0.44894831671192054,0.24139280168362057,0.3096588816044589,0.3390627254130367,0.4129281187289384,0.25223729904570913,0.3348345822253526,0.3064773321201708,0.2629894344313238,0.21385954008701058,0.5231510254816656,1.0,144.0
2019/20,2020-05-26,Leverkusen,Wolfsburg,1,4,245,28,2,0.44537419696386876,0.25037834197669623,0.30424746105943534,0.34121488538172673,0.4852107584403727,0.24969998985981,0.26508925169981773,0.3877616440367081,0.5695983360346955,0.23080880441216337,0.19959285955314127,1.0,144.0
2019/20,2020-05-26,Werder Bremen,M'gladbach,0,0,246,28,1,0.1641636096571549,0.21972488848248292,0.6161115018603617,0.20327153673014892,0.2018825049849799,0.2503290007998727,0.5477884942151475,0.17041439010675452,0.21019491759275516,0.22068083184908308,0.5691242505581616,1.0,144.0
2019/20,2020-05-27,Union Berlin,Mainz,1,1,247,28,1,0.467543892906187,0.24283771127946724,0.2896183958143457,0.15123805349397354,0.4633961772753203,0.24650485477610765,0.290098967948572,0.14944671415910335,0.4046880748410154,0.27865664581909916,0.31665527933988546,1.0,144.0
2019/20,2020-05-27,Hoffenheim,FC Koln,3,1,248,28,0,0.37369905584823004,0.22590857487936025,0.4003923692724096,0.2762834610084861,0.3170850756970897,0.21329842095894525,0.4696165033439647,0.34345622702433093,0.4048920778207815,0.25746435555358405,0.3376435666256344,1.0,144.0
2019/20,2020-05-27,RB Leipzig,Hertha,2,2,249,28,1,0.7350684034841239,0.16176975362781432,0.10316184288806189,0.27548396181437995,0.7293181248916729,0.1630248879935686,0.10765698711475859,0.2717474770850665,0.7375190956309197,0.16064772380079437,0.10183318056828597,1.0,144.0
2019/20,2020-05-27,Augsburg,Paderborn,0,0,250,28,1,0.5593951583984578,0.2673509517703465,0.17325388983119572,0.17146992679063788,0.5837198131634876,0.25148711458745043,0.16479307224906203,0.18394278847045073,0.49966898214479816,0.2485598253016215,0.2517711925535804,1.0,144.0
2019/20,2020-05-27,Fortuna Dusseldorf,Schalke 04,2,1,251,28,0,0.3294685313093879,0.346454841478024,0.3240766272125883,0.27731905540493806,0.39311697430253695,0.3312601371179804,0.2756228885794827,0.2221374917943028,0.3890165388902792,0.28550629023818735,0.32547717087153355,1.0,144.0
2019/20,2020-05-29,Freiburg,Leverkusen,0,1,252,29,2,0.147400314259372,0.13428935479701787,0.7183103309436104,0.05053796114843004,0.1623424315457417,0.14807873199888183,0.6895788364553765,0.06135818192829088,0.20231184438333844,0.23726109243982757,0.5604270631768341,1.0,144.0
2019/20,2020-05-30,Bayern Munich,Fortuna Dusseldorf,5,0,253,29,0,0.8005853550627936,0.11701862519402612,0.08239601974318049,0.02327765234247533,0.8410914888780257,0.08715664060443178,0.07175187051754246,0.015200122914884425,0.8924293121764326,0.07593660813991504,0.031634079683652415,1.0,144.0
2019/20,2020-05-30,Wolfsburg,Ein Frankfurt,1,2,254,29,2,0.5832272090771866,0.23122129881638212,0.18555149210643151,0.5017401747090123,0.5183353109630674,0.2503642850403413,0.23130040399659132,0.42978528174349173,0.4801518741848031,0.2606171937420187,0.2592309320731782,1.0,144.0
2019/20,2020-05-30,Mainz,Hoffenheim,0,1,255,29,2,0.38977937160408727,0.25030343171073305,0.3599171966851798,0.28081697681371803,0.39015784290473854,0.2219231011438559,0.3879190559514056,0.26343311222374866,0.4027867079457228,0.2599316888609731,0.3372816031933042,1.0,144.0
2019/20,2020-05-30,Hertha,Augsburg,2,0,256,29,0,0.4045033753716894,0.2442619906367187,0.3512346339915918,0.23899099902945933,0.4186835727332469,0.2624148716798092,0.31890155558694394,0.2198134953829774,0.5473590770465725,0.24665801446655666,0.2059829084868708,1.0,144.0
2019/20,2020-05-30,Schalke 04,Werder Bremen,0,1,257,29,2,0.30262767050101386,0.401141429795108,0.2962308997038783,0.2934372267422415,0.272834147333609,0.38269746400626803,0.3444683886601232,0.25208008270855653,0.3551797040169133,0.29598308668076106,0.34883720930232553,1.0,144.0
2019/20,2020-05-31,M'gladbach,Union Berlin,4,1,258,29,0,0.7162585873102346,0.16457131594352786,0.1191700967462378,0.04735535061684567,0.7000472678375566,0.17111750105323603,0.12883523110920736,0.0532850791533387,0.6525081517631561,0.21557364659137532,0.13191820164546847,1.0,144.0
2019/20,2020-05-31,Paderborn,Dortmund,1,6,259,29,2,0.11283148799707707,0.17156733540128302,0.7156011766016399,0.046806817717003076,0.12111698450698358,0.22217980578506202,0.6567032097079545,0.06626100508044283,0.09894991062402841,0.16081411676873608,0.7402359726072355,1.0,144.0
2019/20,2020-06-01,FC Koln,RB Leipzig,2,4,260,29,2,0.21913087436647946,0.26743926700797543,0.5134298586255454,0.1423844212888874,0.2128888544874871,0.25635012210046065,0.5307610234120523,0.13275344075714954,0.1616189979541899,0.20458101006859483,0.6337999919772154,1.0,144.0
2019/20,2020-06-03,Werder Bremen,Ein Frankfurt,0,3,261,29,2,0.3002287201729844,0.30825751850392236,0.39151376132309323,0.23019639353793886,0.22273893356979663,0.2917197507788735,0.48554131565132974,0.15714018521478745,0.32623261124297687,0.27399873809452274,0.3997686506625004,1.0,144.0
2019/20,2020-06-05,Freiburg,M'gladbach,1,0,262,30,0,0.22706757444901188,0.2153237767066902,0.5576086488442981,0.4541759698670488,0.21816523220785508,0.21826635793644364,0.563568409855701,0.46443747835794036,0.19191185890592305,0.2277832344023573,0.5803049066917197,1.0,144.0
2019/20,2020-06-06,Fortuna Dusseldorf,Hoffenheim,2,2,263,30,1,0.3068350852306994,0.24635152180441633,0.4468133929648843,0.14689498883066135,0.2599468968597726,0.23531292301219936,0.5047401801280281,0.1611675193113497,0.38404472312457505,0.2724786583062627,0.34347661856916223,1.0,144.0
2019/20,2020-06-06,Dortmund,Hertha,1,0,264,30,0,0.6995375550540835,0.1729465896466359,0.12751585529928097,0.053268987087792465,0.6729748557198234,0.18675560329955465,0.14026954098062194,0.06331049455919235,0.679345652981887,0.19546565065676022,0.12518869636135288,1.0,144.0
2019/20,2020-06-06,RB Leipzig,Paderborn,1,1,265,30,1,0.8800827651261807,0.05653538659522153,0.06338184827859797,0.38928146608167763,0.8773036092916775,0.058881103441399026,0.06381528726692362,0.38686700688258213,0.8686631923468306,0.09126667686946063,0.04007013078370882,1.0,144.0
2019/20,2020-06-06,Ein Frankfurt,Mainz,0,2,266,30,2,0.5729072269813462,0.22031140839332755,0.20678136462532648,0.4787092471165577,0.5315994311177955,0.23429607828325252,0.23410449059895191,0.4345969432427273,0.49211463795380855,0.24238482167874154,0.26550054036744986,1.0,144.0
2019/20,2020-06-06,Leverkusen,Bayern Munich,2,4,267,30,2,0.3544265568484212,0.2084681524127268,0.437105290738852,0.22123431895680978,0.32987252668089156,0.2224517498632317,0.44767572345587686,0.20693899515941236,0.12108738837088606,0.16307246273064052,0.7158401488984734,1.0,144.0
2019/20,2020-06-07,Augsburg,FC Koln,1,1,268,30,1,0.3589175781394595,0.2772572350580725,0.36382518680246806,0.1305952972246729,0.2899708269602057,0.2654192371643436,0.44460993587545083,0.14088053778357898,0.3284140301223087,0.2701910441726474,0.4013949257050439,1.0,144.0
2019/20,2020-06-07,Werder Bremen,Wolfsburg,0,1,269,30,2,0.18969741978160676,0.29823098266116316,0.5120715975572304,0.1370296184910764,0.1847087983664806,0.27207502441077364,0.5432161772227457,0.1213844004724956,0.24277831451858675,0.2515383567950306,0.5056833286863828,1.0,144.0
2019/20,2020-06-07,Union Berlin,Schalke 04,1,1,270,30,1,0.3401480002675729,0.39033017963486705,0.2695218200975596,0.09417133679736514,0.40870937382629136,0.3634981523191269,0.22779247385458193,0.10946638169913475,0.4044084078192266,0.30552484728662577,0.29006674489414763,1.0,144.0
2019/20,2020-06-12,Hoffenheim,RB Leipzig,0,2,271,31,2,0.09902872272156758,0.08270663631636456,0.8182646409620676,0.021417214324255612,0.09740118589514646,0.08131366387659995,0.8212851502282533,0.02071299427135938,0.1298883086041954,0.16607940997596268,0.704032281419842,1.0,144.0
2019/20,2020-06-13,Wolfsburg,Freiburg,2,2,272,31,1,0.6912537461368576,0.18356897439381395,0.12517727946932847,0.24675054642179078,0.7002850524275559,0.1704153967928188,0.1292995507796254,0.2535587642426388,0.6141359000143657,0.21562993822726617,0.17023416175836803,1.0,144.0
2019/20,2020-06-13,Bayern Munich,M'gladbach,2,1,273,31,0,0.6627630318427454,0.1743200056138632,0.16291696254339133,0.07013535468813097,0.5783645571273557,0.19482424029537576,0.22681120257726883,0.11460988415047885,0.6572073422875992,0.20263893053867643,0.14015372717372435,1.0,144.0
2019/20,2020-06-13,Paderborn,Werder Bremen,1,5,274,31,2,0.44252387113488323,0.3218595526873206,0.23561657617779594,0.39005469756917877,0.46391368848528686,0.299304363538091,0.23678194797662186,0.3988588526491916,0.25531255648222256,0.2367218363500219,0.5079656071677554,1.0,144.0
2019/20,2020-06-13,Hertha,Ein Frankfurt,1,4,275,31,2,0.3252731342254595,0.21991709505954152,0.45480977071499884,0.20151749897834292,0.2530830703924748,0.23446602348945164,0.512450906118074,0.15087757973218496,0.4498504486540379,0.2596211365902293,0.29052841475573277,1.0,144.0
2019/20,2020-06-13,Fortuna Dusseldorf,Dortmund,0,1,276,31,2,0.1704698394146641,0.25888688630581524,0.5706432742795208,0.10670358203573614,0.15493767397929334,0.2346091909433778,0.6104531350773289,0.08787622139459778,0.1332747699847427,0.19575569836793194,0.6709695316473253,1.0,144.0
2019/20,2020-06-13,FC Koln,Union Berlin,1,2,277,31,2,0.5079814944159163,0.26814995119815266,0.22386855438593112,0.4302126097700061,0.5438680083436682,0.2561269342155478,0.20000505744078395,0.4678921593100158,0.4826575906027553,0.2754147833382954,0.2419276260589493,1.0,144.0
2019/20,2020-06-14,Schalke 04,Leverkusen,1,1,278,31,1,0.22288818664430624,0.26556324341209203,0.5115485699436014,0.15568054157846556,0.21653013216276484,0.2650296071947317,0.5184402606425034,0.15783280099474567,0.13063882839780883,0.19530110563294156,0.6740600659692496,1.0,144.0
2019/20,2020-06-14,Mainz,Augsburg,0,1,279,31,2,0.36968285532164186,0.27663592220967936,0.35368122246867867,0.2771966878541718,0.37367020776823306,0.2791681362345522,0.347161655997215,0.28291366378692673,0.4733545343977507,0.2746789692561596,0.25196649634608953,1.0,144.0
2019/20,2020-06-16,Werder Bremen,Bayern Munich,0,1,280,32,2,0.11083529392910646,0.16060667038884185,0.7285580356820518,0.042982601186568874,0.10649649624694656,0.15069842485748502,0.7428050788955682,0.038745365577395344,0.057008581937065796,0.11953412341642827,0.823457294646506,1.0,144.0
2019/20,2020-06-16,Union Berlin,Paderborn,1,0,281,32,0,0.5928840797804863,0.21869401680547906,0.18842190341403442,0.10062309309117462,0.5757300859605474,0.23856920920318597,0.18570070483626677,0.10724485586786535,0.5312528932149095,0.2394563533456366,0.22929075343945388,1.0,144.0
2019/20,2020-06-16,M'gladbach,Wolfsburg,3,0,282,32,0,0.4941452796121891,0.2234297359086896,0.2824249844791213,0.1678264349983311,0.5953611706232559,0.18991896045309803,0.2147198689236463,0.10491860217498478,0.4068352618394369,0.2719790051294286,0.3211857330311344,1.0,144.0
2019/20,2020-06-16,Freiburg,Hertha,2,1,283,32,0,0.31071749963339257,0.26646055727558077,0.422821943091027,0.3269443804354568,0.35010129561512665,0.26540675001113906,0.38449195437373396,0.28510119446963544,0.37968898138949847,0.27181077497799755,0.348500243632504,1.0,144.0
2019/20,2020-06-17,RB Leipzig,Fortuna Dusseldorf,2,2,284,32,1,0.8134698955398525,0.11335075662152673,0.07317934783862075,0.3335442439498522,0.8130068519318362,0.1117045525077034,0.07528859556046036,0.3333242569547906,0.7409625583749311,0.16177682524519327,0.09726061637987571,1.0,144.0
2019/20,2020-06-17,Leverkusen,FC Koln,3,1,285,32,0,0.3728813937364143,0.2445523200910385,0.3825662861725472,0.2698173548189187,0.35345242046718606,0.27947665137196154,0.3670709281608526,0.276382419450305,0.622895622895623,0.20202020202020204,0.17508417508417512,1.0,144.0
2019/20,2020-06-17,Ein Frankfurt,Schalke 04,2,1,286,32,0,0.7086994765300427,0.18121594261872928,0.11008458085122802,0.048487304957530834,0.7392616883527162,0.1617572964712508,0.09898101517603297,0.03889085426297707,0.6153055013328296,0.22661601214589064,0.15807848652127982,1.0,144.0
2019/20,2020-06-17,Augsburg,Hoffenheim,1,3,287,32,2,0.42342969117447393,0.2360893911885752,0.3404809176369511,0.30712906168455434,0.39565122035054817,0.2450721043093713,0.35927667534008056,0.2835331334640693,0.2928839004155232,0.25136685267620934,0.45574924690826735,1.0,144.0
2019/20,2020-06-17,Dortmund,Mainz,0,2,288,32,2,0.6312255019249725,0.23288515326775563,0.1358893448072718,0.5725664293490196,0.6183924751950828,0.24578754742738326,0.13581997737753407,0.5646081824388335,0.7365662061376697,0.16340628438684435,0.100027509475486,1.0,144.0
2019/20,2020-06-20,Fortuna Dusseldorf,Augsburg,1,1,289,33,1,0.34385825427770755,0.32499516785124455,0.3311465778710478,0.11394827753530927,0.3759038694061047,0.31180195041520287,0.3122941801786921,0.11941568700398174,0.5651542325248766,0.24120726549448826,0.19363850198063504,1.0,144.0
2019/20,2020-06-20,FC Koln,Ein Frankfurt,1,1,290,33,1,0.4320720378114415,0.25561220377379584,0.3123157584147629,0.14211368940636004,0.38118252177096346,0.2753868721169033,0.34343060611213333,0.13162234805910913,0.33977624740790047,0.24876475256649858,0.411459000025601,1.0,144.0
2019/20,2020-06-20,Hertha,Leverkusen,2,0,291,33,0,0.23313648103541668,0.20313631211853525,0.563727206846048,0.4529340102285955,0.19762684991303983,0.18936433797094504,0.6130088121160148,0.5097912378561797,0.16151395362558263,0.1902767124904124,0.6482093338840049,1.0,144.0
2019/20,2020-06-20,Bayern Munich,Freiburg,3,1,292,33,0,0.8144940584217658,0.10443108583212116,0.08107485574611299,0.02049279329754014,0.7678203544544514,0.1383276621790694,0.09385198336647897,0.031357791293739244,0.7297189102633459,0.1678099236145673,0.10247116612208687,1.0,144.0
2019/20,2020-06-20,RB Leipzig,Dortmund,0,2,293,33,2,0.4297892207521951,0.3591996832957149,0.21101109595209003,0.4036111324927506,0.5269473042927735,0.3090319635489504,0.16402073215827617,0.4882673988813028,0.43019057646557346,0.2646429833541604,0.3051664401802662,1.0,144.0
2019/20,2020-06-20,Schalke 04,Wolfsburg,1,4,294,33,2,0.16136335155054563,0.19455152816679738,0.6440851202826571,0.07635676641391786,0.16490239431155126,0.21275896383684387,0.6223386418516049,0.08491045054408636,0.14453829752337216,0.20696654092176484,0.6484951615548631,1.0,144.0
2019/20,2020-06-20,Paderborn,M'gladbach,1,3,295,33,2,0.1533166960505681,0.1699431411492292,0.6767401628002028,0.06400146581715088,0.16895940213664995,0.1754284843003774,0.6556121135629727,0.07357514794746851,0.07339482307561808,0.11803887604132252,0.8085663008830594,1.0,144.0
2019/20,2020-06-20,Mainz,Werder Bremen,3,1,296,33,0,0.4871646410517558,0.3198141521316453,0.1930212068165993,0.15012864583425534,0.41057726967591945,0.34176963180404807,0.24765309852003234,0.20437560611463335,0.4029390170728344,0.2642581087577939,0.3328028741693717,1.0,144.0
2019/20,2020-06-20,Hoffenheim,Union Berlin,4,0,297,33,0,0.44739257587277137,0.27178141817339996,0.28082600595382917,0.1921191054102553,0.40840541572328337,0.2637638722028842,0.32783071207383196,0.2287285639621886,0.6650883496198101,0.19190296253852232,0.1430086878416676,1.0,144.0
2019/20,2020-06-27,M'gladbach,Hertha,2,1,298,34,0,0.7662691739398797,0.12741785445892642,0.10631297160119349,0.03296627349071124,0.7462586098651829,0.13884967496457862,0.11489171517023837,0.03879239964115433,0.6775907883082375,0.195748449955713,0.1266607617360496,1.0,144.0
2019/20,2020-06-27,Union Berlin,Fortuna Dusseldorf,3,0,299,34,0,0.4499725964554589,0.34557092944960743,0.2044564740949341,0.1721662972246409,0.48198261928537306,0.31227263622283985,0.2057447444917869,0.1553364533042167,0.25008436682696367,0.2920146798278917,0.4579009533451447,1.0,144.0
2019/20,2020-06-27,Leverkusen,Mainz,1,0,300,34,0,0.535018205117033,0.24457517483478905,0.22040662004817785,0.1323935738668237,0.6536056000247547,0.19917028587771315,0.1472241140975323,0.07083201005300672,0.6945331892302758,0.16793548616966944,0.1375313246000546,1.0,144.0
2019/20,2020-06-27,Werder Bremen,FC Koln,6,1,301,34,0,0.15063342024443313,0.238794335105923,0.6105722446496439,0.5471110263710871,0.15807488922014235,0.2712674766434406,0.5706576341364171,0.5172440137799242,0.6084486982142814,0.21026304905893092,0.18128825272678775,1.0,144.0
2019/20,2020-06-27,Ein Frankfurt,Paderborn,3,2,302,34,0,0.6402030269437583,0.2004841246542001,0.15931284840204163,0.07741722274320291,0.6906384237623783,0.18012658299769832,0.12923499323992338,0.05620313416497444,0.7644464428308887,0.14599202742785394,0.08956152974125726,1.0,144.0
2019/20,2020-06-27,Dortmund,Hoffenheim,0,4,303,34,2,0.6018251206947496,0.23248809115183994,0.1656867881534105,0.529136005680511,0.6511687806635901,0.20481548542483205,0.14401573391157796,0.5783649223509206,0.514913357458273,0.22898499896379665,0.25610164357793047,1.0,144.0
2019/20,2020-06-27,Augsburg,RB Leipzig,1,2,304,34,2,0.12516508320621725,0.15929027849609312,0.7155446382976897,0.048290575427605745,0.09718510800966844,0.09788149117975536,0.804933400810576,0.02374796166908912,0.14556218505580118,0.18844096825053328,0.6659968466936655,1.0,144.0
2019/20,2020-06-27,Freiburg,Schalke 04,4,0,305,34,0,0.40397779015891155,0.3013608898931755,0.29466131994791334,0.22103388404865038,0.340539499744916,0.31266748582247395,0.3467930144326102,0.2775767731279711,0.4417177914110429,0.27116564417177913,0.28711656441717787,1.0,144.0
2019/20,2020-06-27,Wolfsburg,Bayern Munich,0,4,306,34,2,0.21198345577278874,0.198003900470285,0.5900126437569264,0.10651330890027945,0.27531704596580786,0.21864939128095434,0.5060335627532376,0.15990115846279912,0.19521176814147898,0.19719160351816747,0.6075966283403534,1.0,144.0
2020/21,2020-09-18,Bayern Munich,Schalke 04,8,0,1,1,0,0.5342764664176188,0.24241673831605437,0.22330679526632663,0.13338216727228827,0.6373500108454767,0.21169925346772503,0.15095073568679798,0.07715056961908075,0.8635340812004151,0.08521217365149471,0.05125374514809034,1.0,144.0
2020/21,2020-09-19,Werder Bremen,Hertha,1,4,2,1,2,0.407963601973397,0.26441992644015994,0.327616471586443,0.3092669549084863,0.40673276649744955,0.2788973220919849,0.3143699114105654,0.31776008086091223,0.36923744853929674,0.2886369435484178,0.34212560791228547,1.0,144.0
2020/21,2020-09-19,Union Berlin,Augsburg,1,3,3,1,2,0.40979146389149135,0.2643131532211377,0.3258953828873714,0.3111730393454478,0.44046695396215835,0.2783733876120316,0.2811596584258098,0.3553712871036001,0.41649798881730615,0.29392500712332414,0.2895770040593697,1.0,144.0
2020/21,2020-09-19,Dortmund,M'gladbach,3,0,4,1,0,0.4830005472269594,0.2546483805449454,0.2623510722280955,0.16805825963342735,0.4317006311129967,0.28017292147625167,0.2881264474107514,0.20299051118745343,0.592567033463406,0.23559894101557105,0.1718340255210228,1.0,144.0
2020/21,2020-09-19,FC Koln,Hoffenheim,2,3,5,1,2,0.39077858529105775,0.2650735232978132,0.3441478914111288,0.2914249455312743,0.38291645047885414,0.252931857882745,0.3641516916384013,0.275464039646816,0.3689519187016533,0.2793493098741089,0.3516987714242379,1.0,144.0
2020/21,2020-09-19,Ein Frankfurt,Bielefeld,1,1,6,1,1,0.5535682746137157,0.23650172918853943,0.20992999619774477,0.1752542189811957,0.5782272034334387,0.2231508368002989,0.19862195976626212,0.18689869084592303,0.5582229305707739,0.23259288773782247,0.20918418169140351,1.0,144.0
2020/21,2020-09-19,Stuttgart,Freiburg,2,3,7,1,2,0.4253953860921023,0.26312030670435055,0.3114843072035469,0.3275075468677141,0.44737271892330926,0.2625475182015669,0.2900797628751239,0.3520645463581374,0.44831643864748,0.251889133054512,0.2997944282980081,1.0,144.0
2020/21,2020-09-20,RB Leipzig,Mainz,3,1,8,1,0,0.5316482451448117,0.24237996596141786,0.22597178889377018,0.13520830782589258,0.6778960082180803,0.19170180306626225,0.1304021887156574,0.06037785617184048,0.6922569767734467,0.17811721482674447,0.12962580839980872,1.0,144.0
2020/21,2020-09-20,Wolfsburg,Leverkusen,0,0,9,1,1,0.4148099521374097,0.26334158943973474,0.3218484584228558,0.13782686329070437,0.44877084684585195,0.25207602431101683,0.2991531288431314,0.1454439337376891,0.31389365351629506,0.26758147512864494,0.4185248713550601,1.0,144.0
2020/21,2020-09-25,Hertha,Ein Frankfurt,1,3,10,2,2,0.4667366483743999,0.263681927941951,0.2695814236836493,0.3756771977818866,0.4075182481836084,0.25828343339489857,0.33419831842149283,0.3046815008977023,0.4131245828820253,0.25497532849750004,0.3319000886204746,1.0,144.0
2020/21,2020-09-26,Bielefeld,FC Koln,1,0,11,2,0,0.37102210519769446,0.25882666960176604,0.3701512252005394,0.26631256083370025,0.3521538773144624,0.2610035138087797,0.3868426088767581,0.2846759013606305,0.39482312079883825,0.2765992484692426,0.3285776307319191,1.0,144.0
2020/21,2020-09-26,Augsburg,Dortmund,2,0,12,2,0,0.31739540333201327,0.27285622113552094,0.40974837553246574,0.31692138332187975,0.29966892227765385,0.2895469850710659,0.4107840926512802,0.32960359459953925,0.14877825250738985,0.21526764853945346,0.6359540989531567,1.0,144.0
2020/21,2020-09-26,Leverkusen,RB Leipzig,1,1,13,2,1,0.37519995636832554,0.25933429538503655,0.36546574824663774,0.13717011020013414,0.3168348137210827,0.25927411457025273,0.4238910717086645,0.1400339699299967,0.3038299642173348,0.25745591704732057,0.43871411873534455,1.0,144.0
2020/21,2020-09-26,Schalke 04,Werder Bremen,1,3,14,2,2,0.44607803791401424,0.2617699515017358,0.29215201058424983,0.3500171960145683,0.40648574223096234,0.2913822150409627,0.302132042728075,0.3261251722119729,0.36245694603903555,0.2965556831228473,0.34098737083811703,1.0,144.0
2020/21,2020-09-26,M'gladbach,Union Berlin,1,1,15,2,1,0.5455947842003837,0.24105794847590192,0.21334726732371392,0.17159536251057986,0.5489220776764386,0.2467460699327231,0.20433185239083818,0.1715334766310447,0.6579078268971126,0.1995294229114194,0.14256275019146802,1.0,144.0
2020/21,2020-09-26,Mainz,Stuttgart,1,4,16,2,2,0.46994376182739506,0.25389747031204923,0.2761587678605558,0.3723966343128161,0.4189141730246485,0.2636137638315948,0.3174720631437572,0.32066673447508265,0.3848662606722789,0.26349334288614246,0.35164039644157863,1.0,144.0
2020/21,2020-09-27,Hoffenheim,Bayern Munich,4,1,17,2,0,0.33213058057819844,0.2563672714398201,0.4115021479819812,0.30769178959629945,0.3316118405367427,0.2494510629819073,0.41893709648134986,0.31112551125945226,0.08451098926601319,0.12233259508164991,0.7931564156523369,1.0,144.0
2020/21,2020-09-27,Freiburg,Wolfsburg,1,1,18,2,1,0.3850399010778873,0.27306359740808195,0.3418965015140304,0.13257447158480143,0.3339701334813682,0.264498958094937,0.40153090842369504,0.13638156023856024,0.33173867826415804,0.2844852037439728,0.3837761179918692,1.0,144.0
2020/21,2020-10-02,Union Berlin,Mainz,4,0,19,3,0,0.3927895892195669,0.2769336440514775,0.3302767667289556,0.23889361280053759,0.45275600793056986,0.2760213417716292,0.2712226502978008,0.18651885644532484,0.458673453224495,0.267664234347445,0.27366231242806005,1.0,144.0
2020/21,2020-10-03,Dortmund,Freiburg,4,0,20,3,0,0.5643563187269743,0.22963735996546591,0.20600632130756003,0.11611201072589357,0.5453689432223372,0.25021078468657526,0.20442027209108746,0.12423852271428434,0.7073641162704728,0.17587819224873827,0.11675769148078888,1.0,144.0
2020/21,2020-10-03,FC Koln,M'gladbach,1,3,21,3,2,0.38564392903965145,0.2697937988609009,0.34456227209944773,0.2891599275802891,0.36313700039736974,0.26727561708423136,0.36958738251839884,0.26464427466880147,0.23768590152418456,0.23426596049505963,0.5280481379807559,1.0,144.0
2020/21,2020-10-03,Ein Frankfurt,Hoffenheim,2,1,22,3,0,0.404800905149654,0.24586445658571804,0.3493346382646278,0.23814832600107483,0.4102177892548232,0.2359489745632122,0.35383323618196477,0.23652050756923504,0.3492042576243393,0.25006954510182866,0.400726197273832,1.0,144.0
2020/21,2020-10-03,RB Leipzig,Schalke 04,4,0,23,3,0,0.5924445713268077,0.22536514406600053,0.1821902846071915,0.09964736362311953,0.6874805903067867,0.18795183622652512,0.12456757346668822,0.056592730897186645,0.7527038248229059,0.1556070407085815,0.09168913446851264,1.0,144.0
2020/21,2020-10-03,Stuttgart,Leverkusen,1,1,24,3,1,0.3804953236964737,0.26607724176075886,0.35342743454276754,0.13484382142118326,0.3605293424623598,0.262832876035836,0.37663778150180455,0.13591871261547117,0.3012323835145591,0.2674877722465347,0.4312798442389062,1.0,144.0
2020/21,2020-10-03,Werder Bremen,Bielefeld,1,0,25,3,0,0.5809026107354349,0.2270044899747527,0.19209289928981252,0.10627115182297019,0.5037789903613715,0.2667118890617505,0.22950912057687797,0.14945486341737585,0.4408060453400503,0.2795969773299748,0.2795969773299748,1.0,144.0
2020/21,2020-10-04,Wolfsburg,Augsburg,0,0,26,3,1,0.4547360666127224,0.27144924745857724,0.27381468592870095,0.14087968625432154,0.5074062306752668,0.25915537999114435,0.2334383893335888,0.15597728227137114,0.49852226767128405,0.25781098803053215,0.24366674429818375,1.0,144.0
2020/21,2020-10-04,Bayern Munich,Hertha,4,3,27,3,0,0.5542261658892274,0.23216321538846205,0.2136106187223107,0.1221719038043735,0.6222295416716035,0.21010181107735837,0.16766864725103803,0.08541164722831991,0.8222376473058813,0.11536747013328655,0.06239488256083214,1.0,144.0
2020/21,2020-10-17,M'gladbach,Wolfsburg,1,1,28,4,1,0.49238288964704796,0.26513401694814087,0.24248309340481114,0.1506194803021717,0.47379898555700023,0.26540038316693026,0.2608006312760691,0.14625122399441945,0.5396824448103664,0.24178842205612952,0.2185291331335041,1.0,144.0
2020/21,2020-10-17,Mainz,Leverkusen,0,1,29,4,2,0.3086156135117466,0.27111821283589993,0.4202661736523531,0.2156674531574575,0.2687097875594196,0.26657376001978034,0.4647164524207997,0.179366713119601,0.171626711191644,0.21247236953201343,0.6159009192763426,1.0,144.0
2020/21,2020-10-17,Hoffenheim,Dortmund,0,1,30,4,2,0.3628153082540734,0.2556806724631699,0.3815040192827572,0.2570861130334414,0.3934839526358063,0.2559142822502747,0.35060176511391894,0.2882738442275275,0.2144013970453617,0.22171053558099904,0.5638880673736393,1.0,144.0
2020/21,2020-10-17,Bielefeld,Bayern Munich,1,4,31,4,2,0.2511125610900177,0.24640889763866042,0.5024785412713217,0.15529256011634984,0.2293471402962229,0.23991975748883512,0.5307331022149421,0.13640576605943372,0.056431842019389264,0.09758123935950559,0.8459869186211051,1.0,144.0
2020/21,2020-10-17,Freiburg,Werder Bremen,1,1,32,4,1,0.35758422346743823,0.2913140954116728,0.351101681120889,0.12556943367936257,0.404505836197831,0.29791830012852094,0.29757586367364736,0.12608818307961203,0.44652552446429145,0.2650110836251486,0.2884633919105599,1.0,144.0
2020/21,2020-10-17,Augsburg,RB Leipzig,0,2,33,4,2,0.3070400575189241,0.2596212425322883,0.4333386999487877,0.2076893129484772,0.22732081148041458,0.2413866314728423,0.531292557046743,0.13568070920594738,0.16066711454046192,0.20191498659639834,0.6374178988631399,1.0,144.0
2020/21,2020-10-17,Hertha,Stuttgart,0,2,34,4,2,0.5235002514010214,0.23566860490305225,0.24083114369592626,0.42519493279948395,0.48261223664585656,0.2395130070535619,0.2778747563005817,0.37718971927413036,0.4833219877467665,0.24166099387338325,0.2750170183798502,1.0,144.0
2020/21,2020-10-18,FC Koln,Ein Frankfurt,1,1,35,4,1,0.35614333468565423,0.27964658621790145,0.3642100790964441,0.12974352827822808,0.3850572448554611,0.26862931959567937,0.3463134355488596,0.1341010387286663,0.34216101694915263,0.2616525423728813,0.3961864406779661,1.0,144.0
2020/21,2020-10-18,Schalke 04,Union Berlin,1,1,36,4,1,0.4574726542022365,0.25484421790327744,0.2876831278944858,0.14602140570899713,0.3666560984094409,0.27622104878976017,0.3571228528007988,0.13098671324670735,0.30147061575718553,0.2898411854757511,0.40868819876706325,1.0,144.0
2020/21,2020-10-23,Stuttgart,FC Koln,1,1,37,5,1,0.40611050679286353,0.2487423502838244,0.3451471429233123,0.14202614699784083,0.42584195724527735,0.253750881927256,0.3204071608274666,0.14200106063000337,0.49109248491643087,0.23894230928696764,0.26996520579660155,1.0,144.0
2020/21,2020-10-24,Dortmund,Schalke 04,3,0,38,5,0,0.6443341629655881,0.2163934611160449,0.13927237591836708,0.07294749116366789,0.60713105698911,0.244169063065219,0.14869987994567102,0.08822883033917547,0.816629657227097,0.12719755132202165,0.05617279145088124,1.0,144.0
2020/21,2020-10-24,Union Berlin,Freiburg,1,1,39,5,1,0.47655882750254724,0.2780722170540854,0.24536895544336754,0.14365712018298588,0.4947852927379911,0.27206327787869705,0.23315142938331201,0.1495860374666505,0.446843427136252,0.28282864318739653,0.2703279296763514,1.0,144.0
2020/21,2020-10-24,Bayern Munich,Ein Frankfurt,5,0,40,5,0,0.6015541908418143,0.21078648824463178,0.18765932091355392,0.0969875417807288,0.5959034710537837,0.2113951416857016,0.19270138726051494,0.10021391467925353,0.8138645546626949,0.1124853449533806,0.07365010038392447,1.0,144.0
2020/21,2020-10-24,Mainz,M'gladbach,2,3,41,5,2,0.31098276125520824,0.2624173168078977,0.42659992193689383,0.2127489636603449,0.2621934910105007,0.2687821690166858,0.46902433997281384,0.17534028913478988,0.260536398467433,0.260536398467433,0.47892720306513414,1.0,144.0
2020/21,2020-10-24,RB Leipzig,Hertha,2,1,42,5,0,0.6237050153482578,0.2110617465157414,0.1652332381360007,0.0844499692294816,0.6622823728180888,0.2021188007574286,0.13559882642448282,0.06622011871853867,0.6113412518603483,0.22030315382354893,0.1683555943161028,1.0,144.0
2020/21,2020-10-25,Wolfsburg,Bielefeld,2,1,43,5,0,0.5378544810388485,0.2445141865386442,0.21763133242250726,0.13047093877393398,0.5833803422573217,0.22370365385723104,0.19291600388544713,0.10539426188637815,0.5925864649214503,0.23617576500492582,0.17123777007362398,1.0,144.0
2020/21,2020-10-25,Werder Bremen,Hoffenheim,1,1,44,5,1,0.43059378377992635,0.2483878215835438,0.32101839463652976,0.1442319081624644,0.3397066379851245,0.25820989579732684,0.40208346621754854,0.13853585684833752,0.3519326214468341,0.27177019100616634,0.3762971875469995,1.0,144.0
2020/21,2020-10-26,Leverkusen,Augsburg,3,1,45,5,0,0.5762844156305464,0.23772132096892087,0.18599426340053282,0.10706438122772713,0.5550733970263879,0.24638387340387033,0.19854272956974184,0.11868944874932091,0.612465836084194,0.2238668228445675,0.1636673410712384,1.0,144.0
2020/21,2020-10-30,Schalke 04,Stuttgart,1,1,46,6,1,0.5031602879218194,0.2532949667885478,0.24354474528963282,0.15624215914988016,0.4119432158718622,0.2748843827435909,0.3131724013845472,0.13388708304590774,0.3086746007601775,0.26955881113216607,0.4217665881076564,1.0,144.0
2020/21,2020-10-31,Augsburg,Mainz,3,1,47,6,0,0.5337345708411588,0.2332923630250756,0.23297306613376584,0.13583994998622312,0.5196523663908436,0.2456575486530875,0.23469008495606905,0.1429066425453016,0.40270716185730154,0.2836459140038385,0.31364692413885986,1.0,144.0
2020/21,2020-10-31,Bielefeld,Dortmund,0,2,48,6,2,0.1802891066294223,0.22033573138368698,0.5993751619868908,0.09650221140113262,0.1784203938508404,0.2223746136513266,0.599204992497833,0.09623523749027556,0.10721124628773893,0.17699602114412172,0.7157927325681392,1.0,144.0
2020/21,2020-10-31,FC Koln,Bayern Munich,1,2,49,6,2,0.2791366637332936,0.24034166827679032,0.480521667989916,0.17388750723406643,0.2511535815268056,0.23188260587996595,0.5169638125932284,0.14820103992910577,0.10527984778817187,0.14460123672110353,0.7501189154907245,1.0,144.0
2020/21,2020-10-31,M'gladbach,RB Leipzig,1,0,50,6,0,0.35240390558922363,0.26580774136298524,0.38178835304779046,0.282571524009518,0.2875267303473861,0.26873001493610094,0.4437432547165126,0.35226311803794524,0.34451026975009774,0.2732986497458876,0.3821910805040147,1.0,144.0
2020/21,2020-10-31,Ein Frankfurt,Werder Bremen,1,1,51,6,1,0.4600621412958682,0.26327342761682276,0.27666443108730904,0.14410019064130186,0.49292286118613976,0.2645038986275713,0.24257324018628884,0.15090736196720272,0.5481545677595404,0.23973344732481125,0.21211198491564826,1.0,144.0
2020/21,2020-11-01,Freiburg,Leverkusen,2,4,52,6,2,0.2681555236348015,0.31190593874388295,0.419938537621316,0.20418934249637624,0.24223742727529873,0.2872416611172098,0.47052091160749127,0.1695135381089587,0.26642395813277797,0.2723609822694415,0.4612150595977806,1.0,144.0
2020/21,2020-11-01,Hertha,Wolfsburg,1,1,53,6,1,0.4135156217563918,0.26053305427008083,0.3259513239735278,0.13861971751833535,0.3447195092481569,0.26188398581308164,0.39339650493876105,0.13679617507716155,0.3901823482659776,0.285527024532829,0.3242906272011933,1.0,144.0
2020/21,2020-11-02,Hoffenheim,Union Berlin,1,3,54,6,2,0.5159589172880745,0.2638056625913709,0.22023542012055455,0.4371232021818251,0.5031154481619208,0.26565833221098956,0.2312262196270897,0.42206913978401306,0.4983803247235382,0.24855609070181547,0.2530635845746464,1.0,144.0
2020/21,2020-11-06,Werder Bremen,FC Koln,1,1,55,7,1,0.41783849384530736,0.27549441691131443,0.30666708924337777,0.13431685528196055,0.3800473140945278,0.2928370531750494,0.3271156327304229,0.12572029906354476,0.34347601856627125,0.29396596183599794,0.36255801959773076,1.0,144.0
2020/21,2020-11-07,Augsburg,Hertha,0,3,56,7,2,0.3779743558441426,0.26244901360224837,0.35957663055360894,0.27650335290443157,0.38713766372725783,0.2703341848193415,0.34252815145340104,0.2910724011537409,0.3188553377311159,0.2749679457400353,0.4061767165288488,1.0,144.0
2020/21,2020-11-07,Mainz,Schalke 04,2,2,57,7,1,0.45116018902399313,0.28835643543353506,0.2604833755424719,0.1356985525470828,0.4070609897173619,0.30174161787707515,0.29119739240556264,0.1252472853467388,0.40269860362951726,0.27958788766277914,0.3177135087077036,1.0,144.0
2020/21,2020-11-07,RB Leipzig,Freiburg,3,0,58,7,0,0.5742767568101759,0.24438753707295588,0.18133570611686795,0.10706145905248267,0.6629756212698268,0.2034300735528791,0.13359430517729415,0.06571643511713161,0.6912824486633088,0.18853157690817512,0.12018597442851608,1.0,144.0
2020/21,2020-11-07,Stuttgart,Ein Frankfurt,2,2,59,7,1,0.4969561891244051,0.22313162677263024,0.2799121841029645,0.16265814235917175,0.39547868025742905,0.23737272559411693,0.36714859414845424,0.145600738361672,0.3536902951935091,0.27520284204663487,0.3711068627598561,1.0,144.0
2020/21,2020-11-07,Dortmund,Bayern Munich,2,3,60,7,2,0.4125476943141115,0.25348112120091604,0.33397118448497237,0.3068949915901201,0.3762047833622654,0.2824919352899423,0.34130328134779236,0.28770570309391735,0.3134973557139572,0.2439181421016326,0.44258450218441026,1.0,144.0
2020/21,2020-11-07,Union Berlin,Bielefeld,5,0,61,7,0,0.5312136198465934,0.25751439874896576,0.21127198140444065,0.1321982601719463,0.5443605004832452,0.26304578816953783,0.19259371134721706,0.12234984558518693,0.5391120507399577,0.26955602536997886,0.19133192389006343,1.0,144.0
2020/21,2020-11-08,Wolfsburg,Hoffenheim,2,1,62,7,0,0.5053520205964646,0.24666411821189335,0.24798386119164195,0.15308630946975801,0.488164229803618,0.23388747419228606,0.2779482960040962,0.1696155554520521,0.4629620590347751,0.2530699338247087,0.2839680071405161,1.0,144.0
2020/21,2020-11-08,Leverkusen,M'gladbach,4,3,63,7,0,0.4074432413759934,0.2986957830160563,0.2938609756079503,0.21873889258812276,0.4074593968108779,0.29283232031039214,0.2997082828787301,0.2204647106269227,0.3408513496778261,0.2724911904109641,0.3866574599112099,1.0,144.0
2020/21,2020-11-21,M'gladbach,Augsburg,1,1,64,8,1,0.5056990648201085,0.2597872724395653,0.23451366274032595,0.15536410108590787,0.5694355571419262,0.23910655783271353,0.19145788502536035,0.18045648773795997,0.6291390728476821,0.2052980132450331,0.1655629139072848,1.0,144.0
2020/21,2020-11-21,Bayern Munich,Werder Bremen,1,1,65,8,1,0.6618158536623712,0.19211650364513408,0.14606764269249473,0.2296679902002977,0.6797255265799136,0.18692687509927258,0.13334759832081378,0.23990418673113498,0.8343964600433835,0.10778395252230788,0.05781958743430853,1.0,144.0
2020/21,2020-11-21,Bielefeld,Leverkusen,1,2,66,8,2,0.23835511708665025,0.26974343287446734,0.49190145003888214,0.1574886491569905,0.22469062663347283,0.2469626006735727,0.5283467726929546,0.13647132226304712,0.14712055088458698,0.21854148945719407,0.634337959658219,1.0,144.0
2020/21,2020-11-21,Hoffenheim,Stuttgart,3,3,67,8,1,0.5029955636349908,0.2308775885179484,0.266126847847061,0.16191401809074735,0.578828787338256,0.21590321339536975,0.20526799926637415,0.18858885828714814,0.4216500474151556,0.2433403258714331,0.3350096267134113,1.0,144.0
2020/21,2020-11-21,Hertha,Dortmund,2,5,68,8,2,0.3113414800298923,0.28524526779861215,0.4034132521714955,0.22642463243589772,0.29526538138274105,0.27142854325467713,0.43330607536258164,0.20416182483202766,0.1877151372946921,0.21459065254613482,0.5976942101591731,1.0,144.0
2020/21,2020-11-21,Ein Frankfurt,RB Leipzig,1,1,69,8,1,0.38118120374203485,0.25538781494330004,0.3634309813146653,0.13869059413278356,0.35711463013152195,0.2697999541643494,0.37308541570412873,0.1333617932325481,0.2295182246481234,0.2242540451837169,0.5462277301681596,1.0,144.0
2020/21,2020-11-21,Schalke 04,Wolfsburg,0,2,70,8,2,0.28680845363864715,0.2659776029796694,0.4472139433816833,0.1939157567351103,0.2691407719549589,0.2605863353213728,0.4702728927236681,0.17652378165593066,0.24957034697384922,0.2588136931580659,0.4916159598680849,1.0,144.0
2020/21,2020-11-22,Freiburg,Mainz,1,3,71,8,2,0.46401915851235237,0.25090583044133286,0.28507501104631494,0.3632157596484693,0.4529859800788372,0.24498935282116355,0.3020246670999991,0.3461829317424258,0.5031605562579013,0.2515802781289507,0.24525916561314787,1.0,144.0
2020/21,2020-11-22,FC Koln,Union Berlin,1,2,72,8,2,0.29112408431248693,0.3027770183427155,0.40609889734479726,0.2187358761009246,0.35844949751170263,0.3098028172907267,0.33174768519757075,0.2875235992525986,0.29916560631481753,0.2982535160516626,0.4025808776335199,1.0,144.0
2020/21,2020-11-27,Wolfsburg,Werder Bremen,5,3,73,9,0,0.4523647831991424,0.27580001582157676,0.27183520097928043,0.18689935358598414,0.5095879462961113,0.26313672254352805,0.2272753311603609,0.14607902928605873,0.5036209822643123,0.2626410498905284,0.2337379678451593,1.0,144.0
2020/21,2020-11-28,Augsburg,Freiburg,1,1,74,9,1,0.39046705603093806,0.2567503791505188,0.35278256481854336,0.13846002994270867,0.42130141236054086,0.26047435181774425,0.3182242358217147,0.13938077216065045,0.38688729434483804,0.29218652378878807,0.32092618186637384,1.0,144.0
2020/21,2020-11-28,Dortmund,FC Koln,1,2,75,9,2,0.6233632518173416,0.21251571315164364,0.16412103503101447,0.5436376938969563,0.5448380825384228,0.24401024969421903,0.21115166776735841,0.45956511372518283,0.7961709002698931,0.13642254190017833,0.06740655782992849,1.0,144.0
2020/21,2020-11-28,RB Leipzig,Bielefeld,2,1,76,9,0,0.7120728830643559,0.18165340031250451,0.1062737166231397,0.047098063755883726,0.7505955383122098,0.15765287397041208,0.09175158771737792,0.03531046967921807,0.7776308242156006,0.1497748120600155,0.07259436372438391,1.0,144.0
2020/21,2020-11-28,Union Berlin,Ein Frankfurt,3,3,77,9,1,0.36946123298657685,0.2656876163625302,0.3648511506508929,0.1348089824056211,0.3609518386311718,0.2730308314939575,0.3660173298748707,0.1321274577899767,0.40908329268428917,0.27854959245454447,0.3123671148611665,1.0,144.0
2020/21,2020-11-28,Stuttgart,Bayern Munich,1,3,78,9,2,0.26803420786429705,0.21864856382858075,0.5133172283071221,0.1543512284240515,0.22802930027768434,0.20932241121536146,0.5626482885069541,0.12163694066551334,0.09732663761099779,0.13862093956880686,0.7640524228201953,1.0,144.0
2020/21,2020-11-28,M'gladbach,Schalke 04,4,1,79,9,0,0.6048847037729222,0.2356568230023112,0.15945847322476692,0.0907715509978925,0.608514729776244,0.23854555944335057,0.1529397107804054,0.08832563596788068,0.6952355559601886,0.1850436840958677,0.11972075994394389,1.0,144.0
2020/21,2020-11-29,Leverkusen,Hertha,0,0,80,9,1,0.4587644140694486,0.2848669719713707,0.2563686139591808,0.13809482691991798,0.4959489432341419,0.26877396400607534,0.23527709275978284,0.15066033233627876,0.49643551523007134,0.2553467271548931,0.24821775761503567,1.0,144.0
2020/21,2020-11-29,Mainz,Hoffenheim,1,1,81,9,1,0.45559237085513477,0.22441505589548283,0.31999257324938263,0.15497982765808202,0.3466056601197335,0.22565563831079255,0.4277387015694741,0.1515479402236879,0.3213736184416691,0.23655588379241502,0.44207049776591584,1.0,144.0
2020/21,2020-12-04,Hertha,Union Berlin,3,1,82,10,0,0.37618712997822695,0.29175882195794783,0.33205404806382477,0.24970119382018735,0.3745030055171617,0.2806332324140412,0.344863762068797,0.2550887522476539,0.3432851323123795,0.3047858651371594,0.35192900255046106,1.0,144.0
2020/21,2020-12-05,FC Koln,Wolfsburg,2,2,83,10,1,0.3044284396940994,0.2626695824108352,0.43290197789506524,0.14004039868002177,0.29976009706996765,0.24440496319450797,0.45583493973552386,0.1488208040395428,0.24921625354071947,0.2647500579619568,0.4860336884973236,1.0,144.0
2020/21,2020-12-05,Bielefeld,Mainz,2,1,84,10,0,0.32203359821814026,0.2740716816489623,0.4038947201328977,0.3113846934481368,0.3695492729235721,0.270957195586258,0.35949353149016994,0.2633518592272352,0.3064985451018429,0.2809569996766893,0.41254445522146777,1.0,144.0
2020/21,2020-12-05,Ein Frankfurt,Dortmund,1,1,85,10,1,0.3206026009551784,0.23880978401547306,0.4405876150293486,0.1484517371282374,0.35300193162419063,0.24994473242012802,0.3970533359556816,0.14113085766197248,0.27213227926367045,0.24182051548430122,0.4860472052520284,1.0,144.0
2020/21,2020-12-05,Bayern Munich,RB Leipzig,3,3,86,10,1,0.44113206208170347,0.24242711628143374,0.31644082163686305,0.14736614489733435,0.3911988211015155,0.26377924643801137,0.345021932460473,0.1360383257549874,0.5854510265903736,0.21254417704476608,0.2020047963648603,1.0,144.0
2020/21,2020-12-05,Freiburg,M'gladbach,2,2,87,10,1,0.20516382177046566,0.21863754887496398,0.5761986293545704,0.18704852711677447,0.2229708193220535,0.22128927185149327,0.5557399088264533,0.1792814162657912,0.2783583800000684,0.24735137058233925,0.47429024941759235,1.0,144.0
2020/21,2020-12-06,Werder Bremen,Stuttgart,1,2,88,10,2,0.44261762889818923,0.2681307498498756,0.28925162125193554,0.3505368116522289,0.4311857398188014,0.2738573869415551,0.29495687323964404,0.34150347640755363,0.33253621104569325,0.2825596706573232,0.38490411829698346,1.0,144.0
2020/21,2020-12-06,Schalke 04,Leverkusen,0,3,89,10,2,0.24162478659699976,0.3101880716600427,0.4481871417429577,0.18143998401792627,0.21189775571091446,0.2772949667768948,0.5108072775121907,0.14210508930517857,0.16363648512304477,0.20609911733851838,0.6302643975384369,1.0,144.0
2020/21,2020-12-07,Hoffenheim,Augsburg,3,1,90,10,0,0.571871960603117,0.2129522341570513,0.21517580523983137,0.11479712263921452,0.6242790789635186,0.19660346052043512,0.1791174605160465,0.08662463758310963,0.5391691786662184,0.23802346667947688,0.22280735465430485,1.0,144.0
2020/21,2020-12-11,Wolfsburg,Ein Frankfurt,2,1,91,11,0,0.4096886938141747,0.25514906324252296,0.33516224294330216,0.2304005836528002,0.5118961891545298,0.23839986674142224,0.24970394410404825,0.150298694931494,0.3865248626884862,0.27392378224142017,0.3395513550700937,1.0,144.0
2020/21,2020-12-12,RB Leipzig,Werder Bremen,2,0,92,11,0,0.5863295919520335,0.23902799218439194,0.17464241586357426,0.1008115899566184,0.7005583130102527,0.18836166335071622,0.1110800236390311,0.05100204777945674,0.7104593401866002,0.18610502792650904,0.10343563188689078,1.0,144.0
2020/21,2020-12-12,Union Berlin,Bayern Munich,1,1,93,11,1,0.3606750415857689,0.28666454477572956,0.3526604136385017,0.12722792648528758,0.30831294133301146,0.2814968586310672,0.41019020003592155,0.13165643499946106,0.11262066499821238,0.16410439756882372,0.7232749374329639,1.0,144.0
2020/21,2020-12-12,M'gladbach,Hertha,1,1,94,11,1,0.4352710724896492,0.2568935205669324,0.30783540694341865,0.1421117721571547,0.49332552715403216,0.2552613062185104,0.2514131666274575,0.15328932804772472,0.4326682748198094,0.2701188677051849,0.2972128574750058,1.0,144.0
2020/21,2020-12-12,Mainz,FC Koln,0,1,95,11,2,0.3970922981163525,0.2595879934849524,0.34331970839869486,0.29445564930045043,0.39683268031851776,0.2511767871119714,0.35199053256951096,0.28869622302416253,0.3883678990081154,0.2764652840396754,0.3351668169522092,1.0,144.0
2020/21,2020-12-12,Freiburg,Bielefeld,2,0,96,11,0,0.4793976810829058,0.2741288755170625,0.2464734434000313,0.16588796638166226,0.45735769303760415,0.28970154784730534,0.25294075911509045,0.17921985046359462,0.5424944649446495,0.24974169741697416,0.20776383763837636,1.0,144.0
2020/21,2020-12-12,Dortmund,Stuttgart,1,5,97,11,2,0.5581429138759755,0.24948781485740765,0.19236927126661688,0.48189545315219,0.5508885230924678,0.2521711095902266,0.19694036731730574,0.47419146925973227,0.668481465173034,0.1955877633572404,0.1359307714697256,1.0,144.0
2020/21,2020-12-13,Augsburg,Schalke 04,2,2,98,11,1,0.4472620687829857,0.25973391419562786,0.2930040170213867,0.14294735608135256,0.4713540724830118,0.2739917810256365,0.2546541464913516,0.14351169798577956,0.4389916887123631,0.27970041880816277,0.281307892479474,1.0,144.0
2020/21,2020-12-13,Leverkusen,Hoffenheim,4,1,99,11,0,0.5979791422989013,0.22151778523050913,0.18050307247058936,0.09710106459902501,0.5498606924888485,0.24246792676370757,0.20767138074744396,0.12287639927408442,0.5589133739681457,0.21979739425713596,0.22128923177471835,1.0,144.0
2020/21,2020-12-15,Stuttgart,Union Berlin,2,2,100,12,1,0.30246245513128733,0.2717466567094182,0.42579088815929456,0.1363907086017634,0.36994319702430073,0.27632678386051707,0.3537300191151823,0.13099144772389387,0.4799103293671323,0.2697016727021901,0.25038799793067773,1.0,144.0
2020/21,2020-12-15,Werder Bremen,Dortmund,1,2,101,12,2,0.2546901017980719,0.24349749636102963,0.5018124018408984,0.15652896545672332,0.24812041558509537,0.26027157229714915,0.49160801211775523,0.16001307698649034,0.15452608116787828,0.20398735819441668,0.6414865606377051,1.0,144.0
2020/21,2020-12-15,Ein Frankfurt,M'gladbach,3,3,102,12,1,0.35861364415095714,0.25086462651318164,0.3905217293358614,0.14055548342735047,0.34970755243266743,0.26574602739698006,0.3845464201703523,0.1350856607471401,0.35334726872491173,0.2582511700179434,0.388401561257145,1.0,144.0
2020/21,2020-12-15,Hertha,Mainz,0,0,103,12,1,0.5087087716731327,0.25858509298053906,0.23270613534632836,0.15646837990250553,0.5371323362186586,0.2503767828131953,0.2124908809681458,0.16683176055316645,0.4985568092364209,0.25715035423773286,0.2442928365258462,1.0,144.0
2020/21,2020-12-16,Schalke 04,Freiburg,0,2,104,12,2,0.3010841761997016,0.28751283557276325,0.4114029882275352,0.21854906171266403,0.29771967210416245,0.28682153848715924,0.41545878940867853,0.21516271501868894,0.2875526139985179,0.2817518408054642,0.430695545196018,1.0,144.0
2020/21,2020-12-16,Bayern Munich,Wolfsburg,2,1,105,12,0,0.4758131764690527,0.25481957386268966,0.26936724966825737,0.17366527057865294,0.48748684838562106,0.2521318327083835,0.2603813189059955,0.16523408090646452,0.715332500480492,0.16214203344224487,0.12252546607726314,1.0,144.0
2020/21,2020-12-16,Bielefeld,Augsburg,0,1,106,12,2,0.2538405328262178,0.29594663258426523,0.4502128345895172,0.18335047167779606,0.2482571035473929,0.29148030033062783,0.4602625961219795,0.1764740273033633,0.361915175231628,0.29521781665419805,0.34286700811417387,1.0,144.0
2020/21,2020-12-16,FC Koln,Leverkusen,0,4,107,12,2,0.23910496848565438,0.26746244687481435,0.49343258463953116,0.15689086612975567,0.23510494336360438,0.2553495404173404,0.5095455162190549,0.14790996752741833,0.19164986260722383,0.22070085988026453,0.5876492775125116,1.0,144.0
2020/21,2020-12-16,Hoffenheim,RB Leipzig,0,1,108,12,2,0.23110368081194116,0.22675181498653776,0.5421445042015212,0.13152028315884928,0.24828974185567154,0.24398772415059775,0.5077225339937309,0.15199244972415482,0.20964559160154708,0.20309416686399875,0.5872602415344543,1.0,144.0
2020/21,2020-12-18,Union Berlin,Dortmund,2,1,109,13,0,0.2904229172735082,0.30737523393763355,0.4022018487888582,0.3326329817499071,0.2496420249693822,0.3088373428358697,0.4415206321947482,0.37898877967284955,0.1959520214444463,0.24642451181650069,0.5576234667390529,1.0,144.0
2020/21,2020-12-19,M'gladbach,Hoffenheim,1,2,110,13,2,0.4440538002469202,0.23525731096852534,0.32068888878455476,0.32932368166724757,0.40683517298837524,0.23794252470291416,0.3552223023087107,0.2906265687102805,0.5183791168054315,0.2271684707678814,0.254452412426687,1.0,144.0
2020/21,2020-12-19,Augsburg,Ein Frankfurt,0,2,111,13,2,0.25767583672456995,0.2584900269139461,0.48383413636148387,0.16641201780870116,0.2714684306737197,0.27360987495944733,0.45492169436683294,0.18540273406218816,0.2511219012201291,0.25047799890930833,0.4984000998705624,1.0,144.0
2020/21,2020-12-19,Mainz,Werder Bremen,0,1,112,13,2,0.49101917342318435,0.263981246264626,0.24499958031218985,0.4055627311989785,0.4766258684925543,0.2834333148804073,0.2399408166270387,0.4024310903729274,0.3976130558611232,0.29285272976597704,0.3095342143728997,1.0,144.0
2020/21,2020-12-19,RB Leipzig,FC Koln,0,0,113,13,1,0.6955038422698616,0.1868357936858504,0.11766036404428805,0.24878477793958745,0.7173583959770194,0.1688647442834746,0.11377685973950596,0.2637741210454527,0.6959170763647663,0.1906622127026757,0.11342071093255796,1.0,144.0
2020/21,2020-12-19,Schalke 04,Bielefeld,0,1,114,13,2,0.43972869651289015,0.28601194284619474,0.27425936064091516,0.36003040107712936,0.4353305905385017,0.2950772380056055,0.2695921714558927,0.3615041595285592,0.40569091392155904,0.3084274771454124,0.28588160893302844,1.0,144.0
2020/21,2020-12-19,Leverkusen,Bayern Munich,1,2,115,13,2,0.4203254619417209,0.2602169655264942,0.3194575725317851,0.3199057447704259,0.36957692249271057,0.2725101128682498,0.3579129646390396,0.27443143130890507,0.27987547004116886,0.22928765033889187,0.4908368796199393,1.0,144.0
2020/21,2020-12-20,Freiburg,Hertha,4,1,116,13,0,0.43625106562501226,0.2967056085031912,0.26704332587179685,0.1945624994508024,0.4521857205928423,0.28219219200414436,0.2656220874030134,0.1853277890193587,0.3612159783447578,0.2853922161266162,0.3533918055286259,1.0,144.0
2020/21,2020-12-20,Wolfsburg,Stuttgart,1,0,117,13,0,0.42545895392624056,0.24940912182179187,0.3251319242519679,0.2179040908956585,0.43628996688465344,0.24367632105811174,0.320033712057235,0.21009528914401915,0.3577307455073166,0.26658291172052084,0.3756863427721626,1.0,144.0
2020/21,2021-01-02,Bielefeld,M'gladbach,0,1,118,14,2,0.1859366077030103,0.22631596200131238,0.5877474302956773,0.10226230165596029,0.18954184322476103,0.22671673002016582,0.5837414267550732,0.10459865506647102,0.16722454286425628,0.24191540568203823,0.5908600514537056,1.0,144.0
2020/21,2021-01-02,FC Koln,Augsburg,0,1,119,14,2,0.30329100806603543,0.31095684965237613,0.38575214228158844,0.234642933142685,0.3979377326024858,0.31185230806124775,0.2902099593362665,0.33107817042711607,0.4324919273130162,0.280871194174545,0.28663687851243885,1.0,144.0
2020/21,2021-01-02,Ein Frankfurt,Leverkusen,2,1,120,14,0,0.34539640429925533,0.26281673099945124,0.39178686470129337,0.2910014074284068,0.32662591202113905,0.25767120751017997,0.4157028804686809,0.31312077359566065,0.2926730882915465,0.24622874430573427,0.4610981674027193,1.0,144.0
2020/21,2021-01-02,Stuttgart,RB Leipzig,0,1,121,14,2,0.2790149034659656,0.2806879474591367,0.4402971490748979,0.1955582988449047,0.2591705937689867,0.26761119744332174,0.47321820878769155,0.17233422611370866,0.22587206838517512,0.23799203303023336,0.5361358985845915,1.0,144.0
2020/21,2021-01-02,Hoffenheim,Freiburg,1,3,122,14,2,0.4536412768248367,0.25949683371145105,0.2868618894637125,0.3571781863692673,0.5195280454208127,0.2305846040440429,0.24988735053514397,0.4162891884329776,0.44823111694163614,0.26267307390665773,0.2890958091517062,1.0,144.0
2020/21,2021-01-02,Hertha,Schalke 04,3,0,123,14,0,0.6161785019957325,0.23646732021932368,0.14735417778494372,0.08451609802045836,0.5867369469204725,0.26046211587726636,0.15280093720226143,0.09706723872525086,0.5744829419869101,0.23878264092365456,0.1867344170894354,1.0,144.0
2020/21,2021-01-02,Werder Bremen,Union Berlin,0,2,124,14,2,0.24678931014638492,0.29118036525510504,0.4620303245985102,0.17515816762705652,0.26669684952885814,0.30217895636572667,0.4311241941054153,0.1973734460404159,0.3138761114471927,0.30507584664026205,0.38104804191254527,1.0,144.0
2020/21,2021-01-03,Dortmund,Wolfsburg,2,0,125,14,0,0.5481720730802685,0.24877597770611656,0.20305194921361522,0.12268928481201534,0.5742782261477816,0.24181289987515694,0.1839088739770617,0.10753075132969504,0.6300165133495874,0.20910612327448833,0.1608773633759243,1.0,144.0
2020/21,2021-01-03,Bayern Munich,Mainz,5,2,126,14,0,0.5941176321755025,0.22576813052196212,0.18011423730253537,0.09859081749494736,0.6436000862669357,0.20822950120695555,0.14817041252610844,0.07448768482854648,0.8871888240686372,0.08011895760023319,0.03269221833112963,1.0,144.0
2020/21,2021-01-08,M'gladbach,Bayern Munich,3,2,127,15,0,0.2635532133074193,0.21063359317133998,0.5258131935212408,0.4094166920554166,0.31358474937793923,0.22105722522551355,0.46535802539654736,0.34386199404376,0.1962556177140815,0.20534535158715472,0.5983990306987638,1.0,144.0
2020/21,2021-01-09,RB Leipzig,Dortmund,1,3,128,15,2,0.3119377986938568,0.32017042188919126,0.36789177941695184,0.24843299639131822,0.3483333998540227,0.3252901946343785,0.326376405511599,0.28755245225266823,0.37815126050420167,0.27205882352941174,0.34978991596638653,1.0,144.0
2020/21,2021-01-09,Union Berlin,Wolfsburg,2,2,129,15,1,0.42429877511723313,0.262162642895962,0.3135385819868046,0.13916794648014036,0.38293147006671485,0.2698106004834658,0.3472579294498195,0.13361229016661552,0.30286724920937064,0.29289257932522966,0.40424017146539964,1.0,144.0
2020/21,2021-01-09,Mainz,Ein Frankfurt,0,2,130,15,2,0.30906664431903136,0.24961490160993496,0.44131845407103365,0.20382363019610317,0.29878557771944797,0.24597102770028098,0.455243394580271,0.19301629030078526,0.25585831886316535,0.2578835826008685,0.4862580985359661,1.0,144.0
2020/21,2021-01-09,Leverkusen,Werder Bremen,1,1,131,15,1,0.5833709755198623,0.25445757279537956,0.16217145168475827,0.1833106374102688,0.5739024340377277,0.2478063728463214,0.17829119311595112,0.18057587666856884,0.6362542280552845,0.22225318925218845,0.14149258269252696,1.0,144.0
2020/21,2021-01-09,Freiburg,FC Koln,5,0,132,15,0,0.5601704427724162,0.2613395718564069,0.17848998537117688,0.11265435714440766,0.5012610874591414,0.2861887016373864,0.21255021090347198,0.1469590475187743,0.45468097583032474,0.2825329763107509,0.26278604785892423,1.0,144.0
2020/21,2021-01-09,Schalke 04,Hoffenheim,4,0,133,15,0,0.22875153116546523,0.230047129953753,0.5412013388807819,0.4438615449429826,0.2107631447712018,0.22494400738553882,0.5642928478432596,0.47066061588924946,0.22156950632712247,0.2337903663883307,0.5446401272845468,1.0,144.0
2020/21,2021-01-10,Augsburg,Stuttgart,1,4,134,15,2,0.41108683251847744,0.26542743427028753,0.3234857332112348,0.3133319685194075,0.4149228709150509,0.2802090173145088,0.3048681117704406,0.32768466542099056,0.23255638720048225,0.2479027477771638,0.519540865022354,1.0,144.0
2020/21,2021-01-10,Bielefeld,Hertha,1,0,135,15,0,0.21815415419991413,0.2872850501272483,0.4945607956728376,0.4279366536057009,0.23977105856728004,0.329360788525376,0.4308681529073439,0.3817977042908501,0.2188980790846607,0.26881165206275637,0.5122902688525829,1.0,144.0
2020/21,2021-01-15,Union Berlin,Leverkusen,1,0,136,16,0,0.382472499575388,0.31064096739803004,0.3068865330265822,0.23775977896687228,0.3809126974010523,0.2989688962481477,0.32011840635079997,0.24287244116190843,0.31550568402331636,0.2885155222632097,0.395978793713474,1.0,144.0
2020/21,2021-01-16,Wolfsburg,RB Leipzig,2,2,137,16,1,0.2668969597238269,0.2616971098225192,0.47140593045365375,0.14672876918834865,0.25417712524976677,0.255312687448501,0.49051018730173185,0.15260312742350804,0.23465152402536224,0.25158513916121317,0.5137633368134247,1.0,144.0
2020/21,2021-01-16,Werder Bremen,Augsburg,2,0,138,16,0,0.5565784855113669,0.24238350874433467,0.20103800574429867,0.11851945963251881,0.4421450632097176,0.30917260518007567,0.2486823316102066,0.1865225162781894,0.4443170581407014,0.2900586136230098,0.26562432823628884,1.0,144.0
2020/21,2021-01-16,Stuttgart,M'gladbach,2,2,139,16,1,0.38580369222102034,0.24631141478246452,0.3678848929965153,0.1420918917132146,0.4243251375111961,0.23263793107908556,0.3430369314097183,0.14886307931744566,0.34596260242313887,0.2576510960151271,0.396386301561734,1.0,144.0
2020/21,2021-01-16,FC Koln,Hertha,0,0,140,16,1,0.2806874120326631,0.3416524417986177,0.37766014616871935,0.11070630463888619,0.34833925455657744,0.3254557284047213,0.3262050170387014,0.11387497470312569,0.28122636052151473,0.30583366706714726,0.412939972411338,1.0,144.0
2020/21,2021-01-16,Dortmund,Mainz,1,1,141,16,1,0.7882504826937985,0.11565946573771076,0.09609005156849064,0.31528606073872073,0.7879726942227676,0.1163217793733398,0.09570552640389278,0.3150302573124667,0.8072114667859349,0.1286392775754478,0.06414925563861736,1.0,144.0
2020/21,2021-01-16,Hoffenheim,Bielefeld,0,0,142,16,1,0.580850458772927,0.22831248955488304,0.1908370516721902,0.1869030178738269,0.590498392358429,0.23382498073790792,0.17567662690366295,0.18977531430906902,0.5517419399247985,0.24976553290713385,0.19849252716806773,1.0,144.0
2020/21,2021-01-17,Ein Frankfurt,Schalke 04,3,1,143,16,0,0.6046453022209737,0.22391334523660616,0.17144135254242007,0.0928487372087598,0.6552041022826178,0.19807038174997196,0.1467255159674103,0.07020629405931912,0.6414394061642731,0.20526060997256737,0.1532999838631596,1.0,144.0
2020/21,2021-01-17,Bayern Munich,Freiburg,2,1,144,16,0,0.3527126757227918,0.2878090084857725,0.3594783157914356,0.27410276984709736,0.3753946194072349,0.29132444365475874,0.3332809369380064,0.2506040321958542,0.7839154210718191,0.13426175720014583,0.08182282172803498,1.0,144.0
2020/21,2021-01-19,Hertha,Hoffenheim,0,3,145,17,2,0.4316252495731709,0.27565378631421517,0.2927209641126137,0.34327199533744623,0.32140220277166537,0.28632826745108925,0.3922695297772454,0.23631785019182458,0.3961331708447661,0.2733097575381487,0.33055707161708525,1.0,144.0
2020/21,2021-01-19,Leverkusen,Dortmund,2,1,146,17,0,0.26995294678298665,0.2813619244772278,0.44868512873978544,0.3671435223315413,0.3133232090510481,0.29164096515365406,0.395035825795298,0.31378915944486174,0.27657757663734955,0.2471693279822389,0.47625309538041166,1.0,144.0
2020/21,2021-01-19,M'gladbach,Werder Bremen,1,0,147,17,0,0.5910416450701885,0.22864133984712162,0.18031701508268969,0.09988058099761432,0.5551597618526964,0.25720438156010084,0.1876358565872027,0.11654502607608153,0.6032088099871836,0.24068922960079747,0.1561019604120188,1.0,144.0
2020/21,2021-01-19,Mainz,Wolfsburg,0,2,148,17,2,0.3215755722377399,0.24543419049156026,0.4329902372707001,0.21245545984518355,0.30593847988033623,0.23257444689539558,0.4614870732242684,0.1917972628880278,0.22316759510952375,0.24559649914063164,0.5312359057498446,1.0,144.0
2020/21,2021-01-20,Schalke 04,FC Koln,1,2,149,17,2,0.36597889130654626,0.31716682383303996,0.3168542848604138,0.30031430849777274,0.36408306379096605,0.33377486851594607,0.3021420676930878,0.3097810855115477,0.3207853473137379,0.3029087644913005,0.3763058881949617,1.0,144.0
2020/21,2021-01-20,Augsburg,Bayern Munich,0,1,150,17,2,0.18257473730682588,0.21479334487469726,0.6026319178184768,0.09561746371963911,0.19156613344921986,0.2205922778949335,0.5878415886558466,0.10328606976321031,0.057939351568644576,0.11011098488158698,0.8319496635497684,1.0,144.0
2020/21,2021-01-20,Bielefeld,Stuttgart,3,0,151,17,0,0.20939853252193044,0.26168194469745015,0.5289195227806195,0.45240327097847766,0.2313341352248561,0.2735145814181218,0.4951512833570216,0.41801100254031287,0.24401692216127527,0.24898418775234446,0.5069988900863802,1.0,144.0
2020/21,2021-01-20,RB Leipzig,Union Berlin,1,0,152,17,0,0.5366743564078003,0.2821633276105427,0.18116231598165694,0.12374521837098194,0.5456699823853933,0.2823701880320051,0.17195982958260167,0.11799297394788309,0.6341175211298349,0.22657563399998742,0.13930684487017772,1.0,144.0
2020/21,2021-01-20,Freiburg,Ein Frankfurt,2,2,153,17,1,0.41698144054014613,0.24024489666416915,0.34277366279568455,0.14568365283065263,0.4090644805821692,0.244656487091147,0.34627903232668383,0.1436214587515322,0.3208860548809581,0.26961500478978573,0.40949894032925616,1.0,144.0
2020/21,2021-01-22,M'gladbach,Dortmund,4,2,154,18,0,0.2664122549801456,0.2194306627714129,0.5141570822484416,0.4012542424347728,0.288501149214653,0.2467266072893572,0.46477224349599,0.3611219264965826,0.275487838760243,0.2520571720615626,0.47245498917819456,1.0,144.0
2020/21,2021-01-23,Hertha,Werder Bremen,1,4,155,18,2,0.42344560929042746,0.33023856421072123,0.24631582649885125,0.3736730087067255,0.4139196319239562,0.3185279773758118,0.26755239070023196,0.35390448103050454,0.44693237478555214,0.2948138255362528,0.258253799678195,1.0,144.0
2020/21,2021-01-23,Augsburg,Union Berlin,2,1,156,18,0,0.27390141160918197,0.27773582601895275,0.44836276237186523,0.36412416337243414,0.24515243407216875,0.2761554820148561,0.47869208391297574,0.3994704794940592,0.26638389946479624,0.2892393227916574,0.44437677774354634,1.0,144.0
2020/21,2021-01-23,Bielefeld,Ein Frankfurt,1,5,157,18,2,0.25630938453562746,0.29664448613072497,0.44704612933364773,0.18572624184296666,0.2287403718982887,0.2842245931641169,0.4870350349375943,0.15772760655882123,0.20970358354225044,0.24739713906503463,0.542899277392715,1.0,144.0
2020/21,2021-01-23,Freiburg,Stuttgart,2,1,158,18,0,0.4604171658070024,0.24247667998512182,0.2971061542078761,0.18971085091197099,0.42862146163049514,0.24153736136764084,0.32984117700186394,0.2176343180776234,0.30200507669912147,0.272561684820377,0.4254332384805016,1.0,144.0
2020/21,2021-01-23,Leverkusen,Wolfsburg,0,1,159,18,2,0.43121219664427085,0.30051628295841704,0.2682715203973117,0.3606852631982193,0.4212718899960948,0.29134782791476416,0.28738028208914074,0.34264843382811694,0.4587505491608822,0.2612670239873473,0.2799824268517705,1.0,144.0
2020/21,2021-01-23,Mainz,RB Leipzig,3,2,160,18,0,0.14501246248746458,0.21399438863754433,0.6409931488749917,0.5709379531032128,0.15631113321568474,0.24061082789902058,0.6030780388852947,0.5377570124607675,0.11664789665452137,0.1966081483935078,0.6867439549519708,1.0,144.0
2020/21,2021-01-24,Schalke 04,Bayern Munich,0,4,161,18,2,0.1682295155110089,0.2095314440253389,0.6222390404636521,0.08550225621944549,0.15002478958068413,0.2027196212114183,0.6472555892078976,0.073468028416898,0.06672216858773666,0.11169045041242094,0.8215873809998423,1.0,144.0
2020/21,2021-01-24,Hoffenheim,FC Koln,3,0,162,18,0,0.49457691630281825,0.2848710846947584,0.22055199900242328,0.1520478388989667,0.49849221497259355,0.26690459119734944,0.23460319383005743,0.1532743584991793,0.553621175910279,0.24793212966974326,0.1984466944199778,1.0,144.0
2020/21,2021-01-29,Stuttgart,Mainz,2,0,163,19,0,0.6960253934016181,0.17428565287381692,0.1296889537245648,0.05460989308740671,0.6986360192229473,0.16830709008283987,0.1330568906942123,0.05426219253550176,0.5981174074924387,0.22778770425529793,0.1740948882522634,1.0,144.0
2020/21,2021-01-30,Bayern Munich,Hoffenheim,4,1,164,19,0,0.6352833891271984,0.19660953888627586,0.1681070719865261,0.08063909694921277,0.6912090798393828,0.16823324702071407,0.14055767313990317,0.05755414592607224,0.7933608569896768,0.1276913252674678,0.07894781774285528,1.0,144.0
2020/21,2021-01-30,Dortmund,Augsburg,3,1,165,19,0,0.6533314400643911,0.1903727848393814,0.15629577509622752,0.07230372988037968,0.6417078678512359,0.20471547065699092,0.15357666149177315,0.07597952145733307,0.7837984615219713,0.13844873109504907,0.07775280738297956,1.0,144.0
2020/21,2021-01-30,Ein Frankfurt,Hertha,3,1,166,19,0,0.541315852376355,0.26840986656621646,0.19027428105742858,0.1232977246565755,0.5414983509772012,0.26339261568327216,0.1951090333395266,0.12414564852365514,0.569904148260952,0.23596515581748864,0.1941306959215594,1.0,144.0
2020/21,2021-01-30,Union Berlin,M'gladbach,1,1,167,19,1,0.3712526399416288,0.29696851653145656,0.3317788435269148,0.1239528618378428,0.3438139859677263,0.2885832709499975,0.367602743082276,0.12666991683431494,0.2649886201843634,0.267160658054727,0.4678507217609096,1.0,144.0
2020/21,2021-01-30,Werder Bremen,Schalke 04,1,1,168,19,1,0.5377240275872405,0.2741470984696063,0.18812887394315322,0.1622698015278811,0.5503773985194783,0.2787533591229169,0.17086924235760467,0.1660557893924653,0.44842623652844193,0.2785097423453001,0.27306402112625794,1.0,144.0
2020/21,2021-01-30,RB Leipzig,Leverkusen,1,0,169,19,0,0.5469291523132771,0.282018740899492,0.17105210678723093,0.11726600812995794,0.5692508963120259,0.2812450283347557,0.14950407535321877,0.10394812943760695,0.4936545962105764,0.2685264012354234,0.23781900255400026,1.0,144.0
2020/21,2021-01-31,FC Koln,Bielefeld,3,1,170,19,0,0.4465853664986449,0.32712186862291204,0.22629276487844333,0.17873808600488475,0.40980265600082,0.34035483633115265,0.24984250766802749,0.20537709175076735,0.4107041380379191,0.3258252828434158,0.26347057911866506,1.0,144.0
2020/21,2021-01-31,Wolfsburg,Freiburg,3,0,171,19,0,0.42830566478704235,0.2708467984888829,0.30084753672407466,0.20867182663376457,0.46554550596577793,0.2672601136699303,0.26719438036429166,0.17851722154581706,0.4657434402332361,0.2755102040816327,0.2587463556851312,1.0,144.0
2020/21,2021-02-05,Hertha,Bayern Munich,0,1,172,20,2,0.2548891855917891,0.25356824521067467,0.4915425691975364,0.16174872793494388,0.2671049797299195,0.2552091996384548,0.4776858206316255,0.1720785860828895,0.0936873113693456,0.1494948764751595,0.7568178121554949,1.0,144.0
2020/21,2021-02-06,Augsburg,Wolfsburg,0,2,173,20,2,0.23744923974483922,0.2606963965436654,0.5018543637114954,0.15226560820434062,0.2073999762712883,0.2381798279228589,0.5544201958058527,0.12077805603151276,0.18351988728488516,0.2617495443312572,0.5547305683838576,1.0,144.0
2020/21,2021-02-06,Freiburg,Dortmund,2,1,174,20,0,0.25860354697582044,0.22386362618776717,0.5175328268364124,0.4087544637050612,0.2384634187860158,0.24182328806903217,0.519713293144952,0.42501993579932706,0.1834543894347483,0.20770635562868087,0.6088392549365709,1.0,144.0
2020/21,2021-02-06,Leverkusen,Stuttgart,5,2,175,20,0,0.38764827381709044,0.29468199331926204,0.317669732863648,0.2379443478684251,0.47050844354706806,0.28834419218994095,0.24114736426299113,0.16925667982296802,0.527405881679826,0.23972994621810276,0.2328641721020712,1.0,144.0
2020/21,2021-02-06,Mainz,Union Berlin,1,0,176,20,0,0.2920909065686484,0.3005534966671558,0.40735559676419586,0.3335369333889561,0.3003614769398337,0.27949580301275107,0.42014272004741515,0.3330069840793258,0.3252023205276566,0.301187379934845,0.3736102995374985,1.0,144.0
2020/21,2021-02-06,Schalke 04,RB Leipzig,0,3,177,20,2,0.12406346546847295,0.17965317362976727,0.6962833609017598,0.053817770164588837,0.11666155919144384,0.17651040939211463,0.7068280314164416,0.04977986127806888,0.10067576049502172,0.18724532038325536,0.7120789191217229,1.0,144.0
2020/21,2021-02-06,M'gladbach,FC Koln,1,2,178,20,2,0.5745234269606797,0.2489170682180317,0.1765595048212884,0.5040657086134024,0.6504317607691031,0.20724549390143412,0.1423227453294627,0.5793358742981927,0.6105160662122687,0.2336903602726388,0.15579357351509251,1.0,144.0
2020/21,2021-02-07,Hoffenheim,Ein Frankfurt,1,3,179,20,2,0.2426139340510687,0.22529947375274972,0.5320865921961812,0.13890223909915939,0.26085571183199263,0.2322116800566708,0.5069326081113366,0.15558057766963218,0.33388725741257275,0.2601834213347974,0.4059293212526299,1.0,144.0
2020/21,2021-02-12,RB Leipzig,Augsburg,2,1,180,21,0,0.7724233247268393,0.13957123367388033,0.08800544159928059,0.029768050439734992,0.7366600293042197,0.1669566779246891,0.09638329277109112,0.03931883964572616,0.7977340561252774,0.1392325534295906,0.06303339044513204,1.0,144.0
2020/21,2021-02-13,Stuttgart,Hertha,1,1,181,21,1,0.530665689901874,0.23651005761765712,0.2328242524804692,0.1679066034910605,0.5822492117674846,0.2259044976669019,0.1918462905656137,0.18790957190382146,0.42918454935622324,0.2795830778663397,0.2912323727774372,1.0,144.0
2020/21,2021-02-13,Leverkusen,Mainz,2,2,182,21,1,0.5274210307960271,0.27400665351323084,0.19857231569074188,0.15880195414236375,0.6235140595855226,0.2230367887027451,0.1534491517117324,0.20615821233093445,0.6406641720847164,0.21982156694554605,0.13951426096973765,1.0,144.0
2020/21,2021-02-13,Werder Bremen,Freiburg,0,0,183,21,1,0.284482517151563,0.3074941279941814,0.408023354854256,0.12370668033570553,0.2810136254752249,0.318942944948465,0.40004342957630984,0.11950170162495308,0.36642439690905126,0.2973717749991388,0.3362038280918099,1.0,144.0
2020/21,2021-02-13,Union Berlin,Schalke 04,0,0,184,21,1,0.5299652557765199,0.28699309900831843,0.1830416452151617,0.15718370810667265,0.5377573393066042,0.2952544235658651,0.1669882371275303,0.1585340136585393,0.5623297886136689,0.2623200622487356,0.17535014913759567,1.0,144.0
2020/21,2021-02-13,Dortmund,Hoffenheim,2,2,185,21,1,0.5801102479102809,0.22106067417582756,0.19882907791389173,0.18803045097730797,0.5970163561654577,0.21315263018476865,0.18983101364977353,0.19623217163619058,0.6688157284614671,0.19686914587777057,0.1343151256607623,1.0,144.0
2020/21,2021-02-14,Ein Frankfurt,FC Koln,2,0,186,21,0,0.7051731291263529,0.17940857459314435,0.11541829628050278,0.050122133452720055,0.7191238739041503,0.16853162258564278,0.11234450351020704,0.04575634283978326,0.5976770090632959,0.23995407014117545,0.1623689207955287,1.0,144.0
2020/21,2021-02-14,Wolfsburg,M'gladbach,0,0,187,21,1,0.5634643062859583,0.2471093755754797,0.18942631813856214,0.17668717723092398,0.583668075114439,0.2312922923684635,0.18503963251709754,0.18745404375492844,0.38823369009475767,0.2920444474742655,0.31972186243097694,1.0,144.0
2020/21,2021-02-15,Bayern Munich,Bielefeld,3,3,188,21,1,0.7681005532831587,0.13832259807780162,0.0935768486390398,0.2993675432775541,0.7619572145361586,0.14193373861953285,0.09610904684430847,0.29490787283451153,0.8279287759152959,0.12154035982696314,0.05053086425774105,1.0,144.0
2020/21,2021-02-19,Bielefeld,Wolfsburg,0,3,189,22,2,0.17127382155685345,0.26637922877391634,0.5623469496692299,0.11043745720725809,0.1717989195480377,0.2579140901330624,0.5702869903189002,0.10708406972353116,0.15675942697184259,0.23859706899390748,0.6046435040342499,1.0,144.0
2020/21,2021-02-20,FC Koln,Stuttgart,0,1,190,22,2,0.27050617064615945,0.21766156139538365,0.5118322679584568,0.15574066148211646,0.3291690500683886,0.22952300877551787,0.4413079411560936,0.2102445400690842,0.2403903696542835,0.2616581503475579,0.49795147999815864,1.0,144.0
2020/21,2021-02-20,Ein Frankfurt,Bayern Munich,2,1,191,22,0,0.48997128814065616,0.2615522317670518,0.24847648009229223,0.1609349240399784,0.4933152832581138,0.25562367910927325,0.25106103763261306,0.15988052339848488,0.23154090071172342,0.22990263962178192,0.5385564596664948,1.0,144.0
2020/21,2021-02-20,M'gladbach,Mainz,1,2,192,22,2,0.48650373689697146,0.26811871718838803,0.2453775459146406,0.403070467112264,0.5316793543541591,0.2534125546270237,0.21490809101881747,0.44952612069708675,0.5450246734065329,0.2695011506623464,0.18547417593112053,1.0,144.0
2020/21,2021-02-20,Schalke 04,Dortmund,0,4,193,22,2,0.12530676841633787,0.16646841691964134,0.7082248146640209,0.05041727249439538,0.12980235462679798,0.1937940470080636,0.6764035983651386,0.060781641208845834,0.08501515774130272,0.16302906719802757,0.7519557750606697,1.0,144.0
2020/21,2021-02-20,Freiburg,Union Berlin,0,1,194,22,2,0.3135396328754968,0.31267149951876716,0.373788867605736,0.24522374185910384,0.2832825962165849,0.29496840526393175,0.42174899851948316,0.20731162501621458,0.39645182058802486,0.3003791401387796,0.3031690392731955,1.0,144.0
2020/21,2021-02-21,Augsburg,Leverkusen,1,1,195,22,1,0.2256378025734383,0.2751488350245318,0.4992133624020299,0.15006319957545516,0.24534516590165142,0.28134238303599446,0.47331245106235414,0.1421094633809811,0.17543777656976017,0.219792248298458,0.6047699751317819,1.0,144.0
2020/21,2021-02-21,Hertha,RB Leipzig,0,3,196,22,2,0.19031605541943855,0.28213470999401913,0.5275492345865423,0.1297149633450884,0.1680388464534134,0.2806623082047223,0.5512988453418645,0.11478489005446905,0.16518526028817013,0.20604503926008536,0.6287697004517444,1.0,144.0
2020/21,2021-02-21,Hoffenheim,Werder Bremen,4,0,197,22,0,0.5146086221677808,0.24920943032814324,0.2361819475040757,0.14569335100033914,0.5160384756536226,0.26048364105081695,0.22347788329556056,0.1420805606849667,0.4309990431944934,0.272525857395961,0.2964750994095455,1.0,144.0
2020/21,2021-02-26,Werder Bremen,Ein Frankfurt,2,1,198,23,0,0.17213907247536758,0.23311287069107028,0.5947480568335622,0.5195394832146214,0.19883464300656137,0.2664007695329752,0.5347645874604634,0.46391954662409174,0.229596266889887,0.2501483623915393,0.5202553707185738,1.0,144.0
2020/21,2021-02-27,Wolfsburg,Hertha,2,0,199,23,0,0.40812163665258805,0.32437121410127995,0.2675071492461319,0.21094003594830169,0.5135576132533052,0.2842818921525664,0.20216049459412863,0.13874753059918182,0.5121127722330938,0.2650773428089998,0.22280988495790643,1.0,144.0
2020/21,2021-02-27,RB Leipzig,M'gladbach,3,2,200,23,0,0.45874266898953286,0.29574853552057717,0.24550879548988971,0.17661703351773553,0.4448120848998127,0.30698858222513503,0.24819933287505255,0.18491826495645688,0.6090917809532943,0.22403375851155657,0.16687446053514912,1.0,144.0
2020/21,2021-02-27,Bayern Munich,FC Koln,5,1,201,23,0,0.6776144237015906,0.1859223721622327,0.13646320413617657,0.061277332944184665,0.6283653856935314,0.20460507675369918,0.16702953755276942,0.08300557648290484,0.7887642328755667,0.13839943030484267,0.07283633681959062,1.0,144.0
2020/21,2021-02-27,Stuttgart,Schalke 04,5,1,202,23,0,0.7176852837628073,0.1583504495276979,0.12396426670949502,0.04753436921245472,0.7208503132614195,0.1578711966574235,0.12127849008115699,0.04631650988130647,0.6136160698425179,0.2172938866480186,0.16909004350946338,1.0,144.0
2020/21,2021-02-27,Dortmund,Bielefeld,3,0,203,23,0,0.6426449954933438,0.2223817589664127,0.1349732455402436,0.07296018812880958,0.6851331686866527,0.19652517798619246,0.11834165332715485,0.05657293418675619,0.7821936118344506,0.1469575876779877,0.07084880048756163,1.0,144.0
2020/21,2021-02-28,Union Berlin,Hoffenheim,1,1,204,23,1,0.3580111843221862,0.3031895218993375,0.3387992937784764,0.12147848478228433,0.4019524236102515,0.2975357181230152,0.3005118582667331,0.1259365639025401,0.359977997715735,0.2940360822182581,0.34598592006600687,1.0,144.0
2020/21,2021-02-28,Mainz,Augsburg,0,1,205,23,2,0.5122251346255634,0.25867187939900477,0.22910298597543133,0.42832839738708584,0.48998808108418435,0.263075450250331,0.24693646866548458,0.40359650091528587,0.4631828069259549,0.28493169755503345,0.25188549551901157,1.0,144.0
2020/21,2021-02-28,Leverkusen,Freiburg,1,2,206,23,2,0.6394029195777726,0.23508414875581665,0.12551293166641062,0.5867818631236276,0.5562076143940196,0.2734521949439222,0.1703401906620585,0.4988511547702781,0.5521133587819298,0.2395197659421607,0.20836687527590952,1.0,144.0
2020/21,2021-03-05,Schalke 04,Mainz,0,0,207,24,1,0.3214299077021025,0.31845293628743426,0.36011715601046335,0.11650077580922323,0.28428780394393105,0.31339126284461166,0.402320933211457,0.12134084438570039,0.2852392109439952,0.2740533595344268,0.44070742952157815,1.0,144.0
2020/21,2021-03-06,Hertha,Augsburg,2,1,208,24,0,0.49253844831154503,0.3018975525500687,0.20556399913838627,0.14988689209191045,0.46610274480191505,0.3187871365831592,0.21511011861492563,0.16565932111928824,0.4679222403274092,0.2851187994997915,0.2469589601727993,1.0,144.0
2020/21,2021-03-06,Freiburg,RB Leipzig,0,3,209,24,2,0.18325491235028746,0.25881794589194385,0.5579271417577686,0.11450538744748373,0.21602789022414753,0.2610015470988789,0.522970562676974,0.13711256671370978,0.19349983695243195,0.24490580867413064,0.5615943543734375,1.0,144.0
2020/21,2021-03-06,Ein Frankfurt,Stuttgart,1,1,210,24,1,0.5878259257901083,0.2076216462143091,0.20455242799558276,0.19369050741494295,0.5631133450026053,0.22120411152706226,0.2156825434703325,0.18180779943892755,0.5305604278337238,0.23133440455309284,0.2381051676131834,1.0,144.0
2020/21,2021-03-06,Hoffenheim,Wolfsburg,2,1,211,24,0,0.3754507914186921,0.26686712844833965,0.35768208013296815,0.2589990921938926,0.36412087769517837,0.27630299579161843,0.3595761265132033,0.2668186244706947,0.3507786070683719,0.27568234189317115,0.3735390510384571,1.0,144.0
2020/21,2021-03-06,Bayern Munich,Dortmund,4,2,212,24,0,0.339148785197314,0.2252681066832124,0.43558310811947376,0.31322848609260345,0.28995094184577386,0.24221444057499839,0.46783461757922795,0.3615194471956029,0.6205825352059803,0.19965462710520268,0.17976283768881715,1.0,144.0
2020/21,2021-03-06,M'gladbach,Leverkusen,0,1,213,24,2,0.3386736133745469,0.3377277232856455,0.3235986633398076,0.2861092923159335,0.375244237031591,0.31720921192458235,0.3075465510438268,0.3101500081983603,0.37758041644898876,0.262885289947011,0.3595342936040003,1.0,144.0
2020/21,2021-03-07,FC Koln,Werder Bremen,1,1,214,24,1,0.3637810932478744,0.3566664640773448,0.27955244267478097,0.10524312600502767,0.3882561388020525,0.34367416185391403,0.2680696993440336,0.11130209651193959,0.30640858778843194,0.30261405419352877,0.3909773580180391,1.0,144.0
2020/21,2021-03-07,Bielefeld,Union Berlin,0,0,215,24,1,0.20003087724866966,0.2735643101513642,0.5264048125999664,0.15855718929063892,0.20144403053456597,0.2749168328213558,0.523639136644078,0.1573888214316834,0.24056603773584911,0.2806603773584906,0.4787735849056604,1.0,144.0
2020/21,2021-03-10,Bielefeld,Werder Bremen,0,2,216,24,2,0.3622682230779485,0.33718979368929586,0.30054198323275566,0.3102398913360105,0.30562499497389467,0.3458050425224357,0.3485699625036701,0.25888386565263183,0.2656723374504777,0.30552318806804935,0.42880447448147285,1.0,144.0
2020/21,2021-03-12,Augsburg,M'gladbach,3,1,217,25,0,0.2837932355207326,0.302792771882246,0.4134139925970212,0.3419316293804354,0.2714262642510103,0.31194326093428043,0.416630474814709,0.35220032048378436,0.20367843969481078,0.2344500025264009,0.5618715577787883,1.0,144.0
2020/21,2021-03-13,Werder Bremen,Bayern Munich,1,3,218,25,2,0.2035423684299711,0.2351064336401314,0.5613511979298974,0.11692113365180902,0.2070640413687253,0.25254832413245953,0.5403876344988153,0.12705952187477196,0.07669264223504618,0.1345578258354139,0.78874953192954,1.0,144.0
2020/21,2021-03-13,Mainz,Freiburg,1,0,219,25,0,0.3506703738709325,0.3436063186257871,0.3057233075032809,0.25754785205982994,0.3642991098333986,0.32768462352025785,0.3080162666463438,0.24949482113868043,0.4094850877814092,0.2983748048163317,0.2921401074022591,1.0,144.0
2020/21,2021-03-13,Union Berlin,FC Koln,2,1,220,25,0,0.5274413557462997,0.2974121112769643,0.17514653297673594,0.12699399013633308,0.5382483000996324,0.2750649572487993,0.18668674265156837,0.124033286121366,0.47459439764381217,0.29536690608648125,0.23003869626970658,1.0,144.0
2020/21,2021-03-13,Dortmund,Hertha,2,0,221,25,0,0.5776856268659595,0.2497127562129322,0.17260161692110856,0.10407037395968932,0.48548567074123666,0.28264323200959257,0.23187109724917096,0.15924460037606472,0.640623628130997,0.21638842550202567,0.14298794636697731,1.0,144.0
2020/21,2021-03-13,Wolfsburg,Schalke 04,5,0,222,25,0,0.7183835591245192,0.17486923218768588,0.106747208687795,0.04535139316700439,0.7199476482619843,0.17660937644738195,0.10344297529063388,0.04456488442548596,0.6760382173665451,0.2019699238605446,0.1219918587729104,1.0,144.0
2020/21,2021-03-14,Leverkusen,Bielefeld,1,2,223,25,2,0.5957669382027113,0.2537797689356446,0.15045329286164402,0.5383339261325284,0.6354931794475636,0.22415314655653254,0.14035367399590393,0.5714216934683569,0.6761410103734738,0.19472861098756047,0.12913037863896584,1.0,144.0
2020/21,2021-03-14,RB Leipzig,Ein Frankfurt,1,1,224,25,1,0.5037049076456656,0.28180360719110176,0.21449148516323296,0.14986261559692887,0.560943439855186,0.2536352245928582,0.1854213355519557,0.17451930719721986,0.580672085741171,0.22953625977533348,0.18979165448349558,1.0,144.0
2020/21,2021-03-14,Stuttgart,Hoffenheim,2,0,225,25,0,0.3169726017328243,0.21440165629680286,0.46862574197037254,0.34306825641045474,0.33384744088881346,0.22061896765656563,0.4455335914546206,0.32112970656241796,0.3705345111543644,0.26581823626291357,0.36364725258272196,1.0,144.0
2020/21,2021-03-19,Bielefeld,RB Leipzig,0,1,226,26,2,0.11945397660628736,0.1872070727168963,0.6933389506768166,0.05415512584952577,0.11747862530619053,0.1913286888494657,0.6911926858443436,0.054581592339931234,0.11078998831057067,0.1936071565109177,0.6956028551785116,1.0,144.0
2020/21,2021-03-20,Werder Bremen,Wolfsburg,1,2,227,26,2,0.18382075948558224,0.2740262039112698,0.5421530366031482,0.12170695675478732,0.18522386257577764,0.25848852123603955,0.5562876161881829,0.11559427940772798,0.19573755904096554,0.26759737523682686,0.5366650657222077,1.0,144.0
2020/21,2021-03-20,Schalke 04,M'gladbach,0,3,228,26,2,0.1838468858067026,0.2958208614637447,0.5203322527295524,0.13194041259616424,0.18253495572574693,0.30489906680498563,0.5125659774692674,0.13545546819114554,0.12833480751797466,0.20362098896380113,0.6680442035182242,1.0,144.0
2020/21,2021-03-20,Ein Frankfurt,Union Berlin,5,2,229,26,0,0.5037160243397959,0.2674938922469161,0.22879008341328796,0.14932134338267866,0.4321904030948563,0.29973340039399604,0.2680761965111474,0.19713629273673267,0.49780002634698983,0.2594915030957713,0.24270847055723885,1.0,144.0
2020/21,2021-03-20,FC Koln,Dortmund,2,2,230,26,1,0.18329823662895198,0.22690984171784911,0.5897919216531987,0.19072637719932822,0.16529331047039256,0.21479870195317383,0.6199079875764337,0.2058038957736627,0.14553331706126432,0.20441786673175497,0.6500488162069807,1.0,144.0
2020/21,2021-03-20,Bayern Munich,Stuttgart,4,0,231,26,0,0.5816139408690275,0.19016339935055354,0.22822265978041884,0.11356623845619722,0.5247146842714796,0.20507589022770362,0.2702094255008169,0.14945463248832036,0.7631318566395408,0.1446533519301816,0.09221479143027754,1.0,144.0
2020/21,2021-03-21,Hoffenheim,Mainz,1,2,232,26,2,0.5516680122210251,0.2382144740594473,0.21011751371952758,0.4641259689202589,0.5768875705540742,0.23692658581219306,0.18618584363373258,0.49754637508096067,0.5063683571447025,0.24930891053297854,0.24432273232231896,1.0,144.0
2020/21,2021-03-21,Hertha,Leverkusen,3,0,233,26,0,0.35227059298497115,0.3220226182020239,0.3257067888130051,0.2628191484954601,0.3032250217192653,0.3462805233850997,0.35049445489563497,0.3041708666353533,0.2844963822293405,0.26450474455917056,0.450998873211489,1.0,144.0
2020/21,2021-03-21,Freiburg,Augsburg,2,0,234,26,0,0.3215115706663927,0.3222579661402229,0.35623046319338436,0.2936233458232793,0.28237834664401473,0.31543225229686417,0.40218940105912115,0.33836857584483626,0.5328723128259721,0.2701264078868502,0.19700127928717762,1.0,144.0
2020/21,2021-04-03,Leverkusen,Schalke 04,2,1,235,27,0,0.7088217791084673,0.1806618845402995,0.11051633635123305,0.04849930846102854,0.6866605399054675,0.2044557057974647,0.10888375429706783,0.05501864460107867,0.7433455353334615,0.16731660675031523,0.08933785791622335,1.0,144.0
2020/21,2021-04-03,Augsburg,Hoffenheim,2,1,236,27,0,0.27740927209306737,0.2620865325453893,0.4605041953615434,0.3671007370013266,0.256047555994121,0.25715913913252836,0.4867933048733509,0.3952164803059197,0.2468971039636995,0.2642466301881756,0.4888562658481249,1.0,144.0
2020/21,2021-04-03,Dortmund,Ein Frankfurt,1,2,237,27,2,0.5435183998906175,0.23300470310625904,0.22347689700312348,0.44920019025377733,0.5327199139307514,0.2368688749761017,0.23041121109314705,0.438028705354752,0.5495075168481078,0.23068947641264903,0.21980300673924313,1.0,144.0
2020/21,2021-04-03,RB Leipzig,Bayern Munich,0,1,238,27,2,0.5973567121750741,0.22036362123809808,0.18227966658682754,0.5127507926289819,0.6008243261080809,0.22114674782477362,0.17802892606714552,0.5183131586127798,0.3733089771136382,0.2657797608798185,0.3609112620065433,1.0,144.0
2020/21,2021-04-03,Mainz,Bielefeld,1,1,239,27,1,0.45702599664137605,0.3215285839951535,0.22144541936346998,0.1289554176815532,0.39963766807703627,0.356356029952669,0.24400630197029455,0.10962467057363504,0.5204823002009584,0.26446127685886534,0.2150564229401762,1.0,144.0
2020/21,2021-04-03,M'gladbach,Freiburg,2,1,240,27,0,0.5650674346005374,0.2696662141211393,0.1652663512783234,0.10823965165490396,0.5721366916740865,0.25905959319434174,0.16880371513157205,0.10578085242690827,0.5609875336103641,0.2410168662918602,0.19799560009777564,1.0,144.0
2020/21,2021-04-03,Wolfsburg,FC Koln,1,0,241,27,0,0.7076908197762393,0.16660153580246573,0.12570764442129495,0.05062353435451889,0.7088502861134243,0.16941666215829143,0.12173305172828448,0.04979354588965803,0.5837235153434164,0.24189038973287968,0.174386094923704,1.0,144.0
2020/21,2021-04-04,Stuttgart,Werder Bremen,1,0,242,27,0,0.48481356344966586,0.2717113742073942,0.24347506234293978,0.16234858519416495,0.5072765265345334,0.2627529890236586,0.22997048444180793,0.1478314225091371,0.5074276052657702,0.25771981004287803,0.2348525846913517,1.0,144.0
2020/21,2021-04-04,Union Berlin,Hertha,1,1,243,27,1,0.3821956423729347,0.33564149372934693,0.28216286389771844,0.11284469540591127,0.4083984211729595,0.3433161423904072,0.24828543643663334,0.11421746418154777,0.368841927627668,0.2998254933169694,0.33133257905536273,1.0,144.0
2020/21,2021-04-09,Bielefeld,Freiburg,1,0,244,28,0,0.23524943707075952,0.30999285891223016,0.4547577040170107,0.3958239964317065,0.22488811809712667,0.31661828921481844,0.4584935926880552,0.40550740200150687,0.3572668079486471,0.30400964403083636,0.33872354802051663,1.0,144.0
2020/21,2021-04-10,Ein Frankfurt,Wolfsburg,4,3,245,28,0,0.3892746245810744,0.28376616068661165,0.3269592147323142,0.23994390613947947,0.3932380237800356,0.27892414149848366,0.32783783472148087,0.23781887083061282,0.37947621592731157,0.2757883484767504,0.344735435595938,1.0,144.0
2020/21,2021-04-10,Bayern Munich,Union Berlin,1,1,246,28,1,0.5917707975268643,0.22831709118809035,0.17991211128504533,0.1912805222963118,0.634995036802356,0.21301438935668207,0.1519905738409619,0.2131599156500652,0.5162019450530397,0.26156077108585657,0.22223728386110367,1.0,144.0
2020/21,2021-04-10,Hertha,M'gladbach,2,2,247,28,1,0.2878014377772475,0.35410325799108605,0.3580953042316666,0.10553095724971032,0.3383459182346876,0.33385291065790534,0.32780117110740736,0.11096578408273074,0.30102422726525846,0.27175798294780273,0.4272177897869388,1.0,144.0
2020/21,2021-04-10,Werder Bremen,RB Leipzig,1,4,248,28,2,0.13756495339059607,0.2452826148794904,0.6171524317299135,0.0827481884658377,0.14335005572022294,0.2773426821387768,0.5793072621410004,0.09876580908114604,0.10376231647193318,0.1835344733084382,0.7127032102196287,1.0,144.0
2020/21,2021-04-10,Stuttgart,Dortmund,2,3,249,28,2,0.3054825184532857,0.2528605786712006,0.44165690287551396,0.2025332915935628,0.32093285136927957,0.252329435114326,0.4267377135163945,0.21581377209621377,0.23111903485577648,0.23002885072909826,0.5388521144151253,1.0,144.0
2020/21,2021-04-11,Schalke 04,Augsburg,1,0,250,28,0,0.3142973786063029,0.3223410338141373,0.36336158757955983,0.301109864157263,0.23088509155323278,0.32572525925122214,0.4433896491955448,0.3940660617044139,0.3408631268638809,0.2885773374924302,0.37055953564368876,1.0,144.0
2020/21,2021-04-11,FC Koln,Mainz,2,3,251,28,2,0.29662222830663976,0.2756476827022019,0.42773008899115866,0.20773879868583192,0.3443097124664832,0.2928184171424977,0.36287187039101954,0.2622407158188953,0.3273276817017324,0.2947920988819819,0.37788021941628563,1.0,144.0
2020/21,2021-04-12,Hoffenheim,Leverkusen,0,0,252,28,1,0.34102404386815127,0.2587234514052525,0.40025250472659596,0.13824973301805035,0.3919939168371556,0.26623029868270925,0.3417757844801348,0.13523495884717332,0.34065419344765674,0.26352494210101746,0.39582086445132586,1.0,144.0
2020/21,2021-04-16,RB Leipzig,Hoffenheim,0,0,253,29,1,0.5512590750296972,0.2792224005150553,0.16951852445524743,0.16631154896804085,0.5851242455198794,0.2536906542569599,0.16118510022316065,0.1841755096145792,0.6975425330812854,0.18321942707575975,0.11923803984295478,1.0,144.0
2020/21,2021-04-17,M'gladbach,Ein Frankfurt,4,0,254,29,0,0.24282940317253437,0.2669466703827703,0.49022392644469553,0.4068134053794572,0.2651877028064533,0.26997449379437954,0.46483780339916686,0.37801164778790997,0.41682318844743566,0.24306066820135824,0.34011614335120616,1.0,144.0
2020/21,2021-04-17,Augsburg,Bielefeld,0,0,255,29,1,0.38003706956876165,0.32887985491207966,0.2910830755191584,0.114578765550052,0.36406295470174455,0.33333377451553564,0.3026032707827198,0.11205528723728225,0.4094674820835616,0.29125811969634297,0.2992743982200955,1.0,144.0
2020/21,2021-04-17,Freiburg,Schalke 04,4,0,256,29,0,0.5619569579795016,0.27077796501729146,0.16726507700320714,0.10992965632373042,0.5850956664999105,0.25673373866409654,0.15817059483599302,0.09858177151396266,0.5918435979642624,0.24292087976145105,0.16523552227428648,1.0,144.0
2020/21,2021-04-17,Wolfsburg,Bayern Munich,2,3,257,29,2,0.3870781829422445,0.25785843097197453,0.35506338608578103,0.282886377838504,0.41124081337915214,0.26519165545284856,0.3235675311679994,0.3133399457394511,0.25240490689259554,0.2466684317359457,0.5009266613714589,1.0,144.0
2020/21,2021-04-17,Union Berlin,Stuttgart,2,1,258,29,0,0.4667475261744697,0.2918898528705208,0.24136262095500982,0.17130705781765976,0.46347745921741956,0.2901952086030818,0.24632733217949868,0.1742667956732324,0.4467723750124881,0.2844277619992293,0.2687998629882826,1.0,144.0
2020/21,2021-04-17,Leverkusen,FC Koln,3,0,259,29,0,0.4808235960778466,0.2595875871398314,0.25958881678232176,0.16846524609399244,0.4785122511542632,0.27935879112130574,0.24212895772443085,0.16528795218245676,0.5907156565516092,0.2394793202236253,0.16980502322476568,1.0,144.0
2020/21,2021-04-18,Dortmund,Werder Bremen,4,1,260,29,0,0.5453071046900915,0.261256020373865,0.1934368749360433,0.12208172681516499,0.5387612258149355,0.26851861787602693,0.19272015630903766,0.12494113272976043,0.7322769888700038,0.1656340808158342,0.10208893031416197,1.0,144.0
2020/21,2021-04-20,FC Koln,RB Leipzig,2,1,261,30,0,0.16866411253462307,0.24352216773635837,0.5878137197290186,0.5183221634447555,0.17756728359733673,0.25396124329671266,0.5684714731059507,0.49977769437235653,0.15619986062266017,0.227898157301914,0.6159019820754258,1.0,144.0
2020/21,2021-04-20,Bayern Munich,Leverkusen,2,0,262,30,0,0.5079527779960792,0.2576630339054014,0.23438418809851908,0.1485232081561889,0.44810371869371884,0.28133477608528223,0.27056150522099887,0.18889651671357716,0.6202133223745657,0.20895599058542239,0.17083068704001197,1.0,144.0
2020/21,2021-04-20,Bielefeld,Schalke 04,1,0,263,30,0,0.35931731030804387,0.37636515476083904,0.2643175349311172,0.24016903407149084,0.34992784292486406,0.3729941307346225,0.2770780263405134,0.24968302104253728,0.5012530033327305,0.27456274058955743,0.224184256077712,1.0,144.0
2020/21,2021-04-20,Ein Frankfurt,Augsburg,2,0,264,30,0,0.6522128132775074,0.20393627744641712,0.14385090927607577,0.07082450567394985,0.6166478800884868,0.21848322401895479,0.16486889589255826,0.08707030033674122,0.732813357476332,0.16395146302860308,0.10323517949506492,1.0,144.0
2020/21,2021-04-21,Dortmund,Union Berlin,2,0,265,30,0,0.4077245481573832,0.29372957482977124,0.29854587701284546,0.21995992576837248,0.4060882345718975,0.30106955671723895,0.29284220871086347,0.21924387215829122,0.6546084748097729,0.20110652112712613,0.14428500406310082,1.0,144.0
2020/21,2021-04-21,Hoffenheim,M'gladbach,3,2,266,30,0,0.3615760166962159,0.317838525586682,0.32058545771710245,0.25518010907857713,0.2965939218987706,0.3279728685645122,0.3754332095367171,0.3178651027663968,0.3592797131415709,0.26340722904179864,0.3773130578166305,1.0,144.0
2020/21,2021-04-21,Werder Bremen,Mainz,0,1,267,30,2,0.21677231981841774,0.2588275805535941,0.5244000996279883,0.13659275193666298,0.24032748594318248,0.26972568405960967,0.48994682999720784,0.15895576836483388,0.2913050743608311,0.295705453127611,0.41298947251155793,1.0,144.0
2020/21,2021-04-21,Stuttgart,Wolfsburg,1,3,268,30,2,0.3398028086624836,0.27242557467565887,0.38777161666185744,0.24514477106987398,0.3057571147449601,0.27312844884754117,0.42111443640749885,0.21429795447648523,0.23799802197602782,0.22748183030731964,0.5345201477166527,1.0,144.0
2020/21,2021-04-23,Augsburg,FC Koln,2,3,269,31,2,0.4061547276760374,0.26043245702006035,0.3334128153039021,0.3046500688073328,0.42163970110664256,0.2561756519735099,0.32218464691984755,0.31860684521023536,0.32516357313892663,0.298397059496393,0.37643936736468037,1.0,144.0
2020/21,2021-04-24,Freiburg,Hoffenheim,1,1,270,31,1,0.2664127705922458,0.2865228826347525,0.4470643467730018,0.13542114724510368,0.2685816016921255,0.2991897599696004,0.4322286383382739,0.12947883628363305,0.3038025686225132,0.25948123898262404,0.4367161923948627,1.0,144.0
2020/21,2021-04-24,Mainz,Bayern Munich,2,1,271,31,0,0.18646167285091286,0.19542331815322933,0.6181150089958579,0.5219553870432423,0.16065807962127565,0.18949586501645443,0.6498460553622694,0.5633973774874736,0.09254930162039433,0.1422793070298888,0.7651713913497169,1.0,144.0
2020/21,2021-04-24,Union Berlin,Werder Bremen,3,1,272,31,0,0.5057189646136608,0.292075585407313,0.20220544997902634,0.14260039297190596,0.4987438526419983,0.3003400475468738,0.200916099811128,0.14581250221375092,0.4656617863131148,0.2867711880520648,0.2475670256348205,1.0,144.0
2020/21,2021-04-24,Wolfsburg,Dortmund,0,2,273,31,2,0.27562747788095915,0.2737051694193672,0.4506673526996737,0.18886843197650172,0.3308397552668974,0.26793545708816385,0.4012247876449385,0.23399334929795465,0.2995478786691116,0.24413152111532593,0.4563206002155625,1.0,144.0
2020/21,2021-04-24,Leverkusen,Ein Frankfurt,3,1,274,31,0,0.3492901211932803,0.29417457826000165,0.35653530054671817,0.2752703834562972,0.4878162884941308,0.26406726632275157,0.2481164451831176,0.16194696235111722,0.4444128720608084,0.25005327839738584,0.3055338495418058,1.0,144.0
2020/21,2021-04-25,M'gladbach,Bielefeld,5,0,275,31,0,0.6176740993309611,0.23484984385516594,0.147476056813873,0.08396114082788025,0.5937793265904816,0.24312078133069595,0.1630998920788227,0.09580840515070307,0.5852543689912086,0.2468118172260905,0.16793381378270075,1.0,144.0
2020/21,2021-04-25,RB Leipzig,Stuttgart,2,0,276,31,0,0.6156718549751787,0.2407538753801767,0.14357426964464473,0.08416084698110657,0.6131538822788877,0.24802783010461513,0.1388182876164972,0.08446021788633662,0.6974240370045458,0.18422521732195551,0.1183507456734987,1.0,144.0
2020/21,2021-05-03,Mainz,Hertha,1,1,277,31,1,0.3625169069657434,0.2821640042877391,0.35531908874651724,0.12883508133183252,0.3680030576351695,0.2753981245501135,0.35659881781471686,0.1312944836478438,0.39594215150508744,0.29457141994505004,0.30948642854986264,1.0,144.0
2020/21,2021-05-06,Hertha,Freiburg,3,0,278,31,0,0.5286321911703027,0.255353067333705,0.21601474149599262,0.13442498987224522,0.5509074637987857,0.24724466377176146,0.20184787242945265,0.1212133348379678,0.4111321948134092,0.30107526881720426,0.28779253636938645,1.0,144.0
2020/21,2021-05-07,Stuttgart,Augsburg,2,1,279,32,0,0.5575552389823489,0.23905902915610355,0.20338573186154785,0.11856156123841184,0.5476385652765794,0.248921778027091,0.2034396566963296,0.12300928077087597,0.44842623652844193,0.2785097423453001,0.27306402112625794,1.0,144.0
2020/21,2021-05-08,Bayern Munich,M'gladbach,6,0,280,32,0,0.5845280694206741,0.22001655023533612,0.1954553803439894,0.10540986540236294,0.6204765810477052,0.19627257549047777,0.18325084346181703,0.08880944858135321,0.6724074580039758,0.17759395521052182,0.1499985867855023,1.0,144.0
2020/21,2021-05-08,Dortmund,RB Leipzig,3,2,281,32,0,0.2734548269823814,0.2810646303798329,0.4454805426377856,0.36316040115202874,0.18348948094319012,0.2424478466904099,0.5740626723664002,0.4981186897674368,0.4196656173078468,0.2586827746897574,0.32165160800239573,1.0,144.0
2020/21,2021-05-08,Hoffenheim,Schalke 04,4,2,282,32,0,0.7385816220027099,0.17607554441657922,0.08534283358071083,0.03781148379915946,0.7804622416346975,0.14137233227624138,0.0781654260890611,0.027153330591873227,0.7465837071335552,0.16478078425698164,0.08863550860946319,1.0,144.0
2020/21,2021-05-08,Werder Bremen,Leverkusen,0,0,283,32,1,0.20061101290439182,0.3067058318448176,0.49268315525079065,0.14149073498320036,0.18560062649558026,0.27535015033449745,0.5390492231699225,0.1625108287778243,0.25186824025809457,0.27373915187714476,0.4743926078647606,1.0,144.0
2020/21,2021-05-08,Wolfsburg,Union Berlin,3,0,284,32,0,0.4607184148768267,0.28841280312992873,0.2508687819932443,0.17687988691586828,0.5423216671838231,0.24962170628285887,0.2080566265333177,0.12637850808690987,0.5250739895727389,0.26757195085076557,0.20735405957649564,1.0,144.0
2020/21,2021-05-09,Hertha,Bielefeld,0,0,285,32,1,0.499807145682358,0.3135120751044987,0.18668077921314333,0.1423284481013861,0.48578154364982495,0.3225253212413196,0.19169313510885536,0.13636498309933434,0.5115089514066496,0.2713839158851947,0.21710713270815574,1.0,144.0
2020/21,2021-05-09,Ein Frankfurt,Mainz,1,1,286,32,1,0.31010891451522465,0.2517460707688663,0.43814501471590916,0.14406929639110755,0.4463603462273979,0.24599892153483818,0.3076407322377637,0.14694018940801504,0.506565733095615,0.2408058780479155,0.25262838885646943,1.0,144.0
2020/21,2021-05-09,FC Koln,Freiburg,1,4,287,32,2,0.4684869227851507,0.2689427720784384,0.26257030513641116,0.3816412758436529,0.5197632762287043,0.24675610012954663,0.23348062364174887,0.42885290882431915,0.5013015191448743,0.25792558372889307,0.2407728971262327,1.0,144.0
2020/21,2021-05-12,Schalke 04,Hertha,1,2,288,32,2,0.1850481828580215,0.2740344642251143,0.5409173529168642,0.12249985341595739,0.22314929364735386,0.2849517644243535,0.491898941928293,0.15398114623445075,0.15735066720119123,0.22928240077887863,0.6133669320199301,1.0,144.0
2020/21,2021-05-15,Schalke 04,Ein Frankfurt,4,3,289,33,0,0.13907880071334897,0.19462248751439493,0.6662987117722564,0.5925696423452668,0.12917044360287738,0.16843355757337636,0.7023959988237465,0.6258521277292088,0.07957852254881563,0.1408107484160394,0.779610729035145,1.0,144.0
2020/21,2021-05-15,M'gladbach,Stuttgart,1,2,290,33,2,0.6605218543825299,0.1931249568993631,0.1463531887181067,0.5825009992643398,0.6435501559372252,0.19763707952745024,0.15881276453532425,0.5608763841577651,0.6328601132860113,0.1918512941851294,0.17528859252885926,1.0,144.0
2020/21,2021-05-15,Leverkusen,Union Berlin,1,1,291,33,1,0.5105614602269506,0.2870915421915013,0.2023469975815484,0.15080865604967156,0.5279414862474556,0.2755506875956313,0.19650782615691312,0.15866876932104398,0.47856058232302545,0.2691074742702885,0.2523319434066861,1.0,144.0
2020/21,2021-05-15,Bielefeld,Hoffenheim,1,1,292,33,1,0.29555590104411067,0.31229230677835457,0.39215179217753465,0.1205681593750243,0.3256548112719108,0.3103406499244681,0.36400453880362077,0.11927518018709035,0.37170600471909615,0.2493843858191895,0.37890960946171426,1.0,144.0
2020/21,2021-05-15,Freiburg,Bayern Munich,2,2,293,33,1,0.15050910627175737,0.16666760106185502,0.6828232926663877,0.24445032003924522,0.15977614287130204,0.17815572585661596,0.6620681312720821,0.23193131313846874,0.10662209394228575,0.13443008775986934,0.758947818297845,1.0,144.0
2020/21,2021-05-15,Augsburg,Werder Bremen,2,0,294,33,0,0.29637129139688706,0.2990497094299599,0.4045789991731529,0.32938876307121734,0.3670775061246361,0.30666880200375657,0.3262536918716073,0.2535161773566319,0.3792400866126177,0.3024469226567917,0.31831299073059066,1.0,144.0
2020/21,2021-05-15,Hertha,FC Koln,0,0,295,33,1,0.3272475949779602,0.30492401565064703,0.3678283893713929,0.12119435622320598,0.30857667808207634,0.29527051119348724,0.3961528107244365,0.12607830785052027,0.3116860420940658,0.30300129169516,0.38531266621077426,1.0,144.0
2020/21,2021-05-16,Mainz,Dortmund,1,3,296,33,2,0.2880736516779672,0.22646942379386023,0.48545692452817263,0.17387050265354276,0.2060648762619747,0.20396925879370617,0.589965864944319,0.10529536256986163,0.1388081779731143,0.16911984248717396,0.6920719795397118,1.0,144.0
2020/21,2021-05-16,RB Leipzig,Wolfsburg,2,2,297,33,1,0.5316286312300922,0.2912187159319553,0.17715265283795223,0.15700603197555274,0.5379074952935381,0.2993936422789976,0.16269886242746465,0.15790769666407933,0.4916185938323189,0.2644110815476526,0.2439703246200286,1.0,144.0
2020/21,2021-05-22,Ein Frankfurt,Freiburg,3,1,298,34,0,0.5439567718680819,0.24497025085976099,0.21107297727215682,0.12626361382975662,0.5943043477141874,0.23309013923857247,0.17260551304724037,0.09719081270895598,0.458443372094631,0.22497684000940224,0.31657978789596675,1.0,144.0
2020/21,2021-05-22,FC Koln,Schalke 04,1,0,299,34,0,0.6609778853832262,0.20695009909403594,0.13207201552273756,0.0661895057417336,0.6972236812651675,0.18944506321550109,0.11333125551933138,0.05225873633210241,0.6987353382669751,0.16371048672469027,0.1375541750083346,1.0,144.0
2020/21,2021-05-22,Dortmund,Leverkusen,3,1,300,34,0,0.6169156185631617,0.23711755115814037,0.14596683027869792,0.08402997942122763,0.6477514066710821,0.20727070460906188,0.14497788871985595,0.07254882985993417,0.6148457899351557,0.2032335456271017,0.18192066443774274,1.0,144.0
2020/21,2021-05-22,Bayern Munich,Augsburg,5,2,301,34,0,0.7548531398718749,0.14481934286010947,0.10032751726801585,0.03508129687592127,0.7363647087310302,0.15637695403559482,0.10725833723337515,0.040503958854271466,0.8438072685775824,0.10062136884711755,0.05557136257530005,1.0,144.0
2020/21,2021-05-22,Werder Bremen,M'gladbach,2,4,302,34,2,0.27493786036885265,0.28624261449733507,0.43881952513381217,0.19525717621762134,0.2749219369621274,0.299722894091019,0.42535516894685355,0.2028993766395536,0.3027637787692999,0.24729560555965718,0.4499406156710429,1.0,144.0
2020/21,2021-05-22,Wolfsburg,Mainz,2,3,303,34,2,0.46676921061989796,0.26550356059912894,0.2677272287809727,0.37704845372575796,0.4868286451713357,0.2713376477847868,0.24183370704387744,0.40590912876709373,0.5167789520738211,0.24911395638430353,0.23410709154187553,1.0,144.0
2020/21,2021-05-22,Union Berlin,RB Leipzig,2,1,304,34,0,0.16849817137826573,0.2628379718276634,0.5686638567940708,0.5073869365125978,0.17028319505184875,0.2685521788043629,0.5611646261437885,0.5016678570242331,0.260573261174584,0.24233313289236316,0.4970936059330527,1.0,144.0
2020/21,2021-05-22,Stuttgart,Bielefeld,0,2,305,34,2,0.48229285922201304,0.28685461237982113,0.23085252839816595,0.4120971175640194,0.5339875928350597,0.27227918861861816,0.19373321854632225,0.46760443608872715,0.4223157894736842,0.24842105263157893,0.3292631578947368,1.0,144.0
2020/21,2021-05-22,Hoffenheim,Hertha,2,1,306,34,0,0.3938050850184304,0.3046309610637731,0.3015639539177964,0.2292065466260236,0.3888843709021393,0.3018218515713077,0.30929377752655285,0.23456247647215947,0.5708914635710979,0.21858456938533025,0.21052396704357187,1.0,144.0
2021/22,2021-08-13,M'gladbach,Bayern Munich,1,1,1,1,1,0.3697026856862838,0.26238519032691204,0.3679121239868039,0.13601970339006636,0.34324067086745746,0.24590698879519385,0.4108523403373487,0.14330690184910944,0.21553510143080443,0.22653689315117034,0.5579280054180251,1.0,144.0
2021/22,2021-08-14,Dortmund,Ein Frankfurt,5,2,2,1,0,0.47069538208546696,0.2532215194200081,0.27608309849452456,0.1781926279099937,0.5048067757591339,0.24043338224521096,0.254759841995655,0.15505945321385795,0.6624711517569289,0.190201678336462,0.147327169906609,1.0,144.0
2021/22,2021-08-14,Wolfsburg,Bochum,1,0,3,1,0,0.5402757828215101,0.23665705226513806,0.22306716491335157,0.1305526579614279,0.5612738638096519,0.2345601679614899,0.20416596822885813,0.11708218257966947,0.6672916057707882,0.20087541122172184,0.13183298300748997,1.0,144.0
2021/22,2021-08-14,Union Berlin,Leverkusen,1,1,4,1,1,0.34640934985990285,0.26056905924191703,0.39302159089818006,0.1372327042912485,0.35893269355689555,0.268417936033416,0.37264937040968865,0.13385011588537277,0.3570001997203915,0.3009786299181147,0.342021170361494,1.0,144.0
2021/22,2021-08-14,Bielefeld,Freiburg,0,0,5,1,1,0.3643380567234688,0.26157570252319845,0.3740862407533329,0.136341367548997,0.36488095884799693,0.2753658665137754,0.3597531746382278,0.13128023039605835,0.3153188831853285,0.29984310977745965,0.38483800703721194,1.0,144.0
2021/22,2021-08-14,Augsburg,Hoffenheim,0,4,6,1,2,0.3825721172538341,0.26181617610112357,0.3556117066450423,0.28079884875649813,0.3734863397079487,0.2578031380644983,0.3687105222275531,0.269009225347325,0.2975190488061303,0.267441986495128,0.43503896469874165,1.0,144.0
2021/22,2021-08-14,Stuttgart,Greuther Furth,5,1,7,1,0,0.51477989416799,0.2436303960955067,0.24158970973650346,0.14690206947709747,0.4730893460913085,0.2543464562689814,0.2725641976397098,0.17596303951873193,0.528048200898401,0.25242614254833123,0.21952565655326786,1.0,144.0
2021/22,2021-08-15,Mainz,RB Leipzig,1,0,8,1,0,0.3378273649299991,0.25902810812757,0.40314452694243114,0.30049905411959255,0.28909239554738103,0.24927580899147417,0.4616317954611446,0.3592467683246209,0.12902947209327434,0.19535787541833097,0.6756126524883946,1.0,144.0
2021/22,2021-08-15,FC Koln,Hertha,3,1,9,1,0,0.3785452423603311,0.2611207346628617,0.3603340229768075,0.258023311953815,0.4036243176990717,0.26950419693028793,0.32687148537064065,0.23125446119415327,0.4077652531758812,0.2844873859366613,0.30774736088745747,1.0,144.0
2021/22,2021-08-20,RB Leipzig,Stuttgart,4,0,10,2,0,0.49675328258352813,0.24413399688515383,0.25911272053131834,0.1601983302657976,0.597578289172245,0.21931931734455615,0.1831023934831989,0.09773485992240674,0.6472705925188033,0.20663395236858198,0.14609545511261474,1.0,144.0
2021/22,2021-08-21,Freiburg,Dortmund,2,1,11,2,0,0.3473000662243688,0.2643379202392864,0.3883620135363449,0.2884211285543587,0.29387934600903703,0.2526445992788409,0.45347605471212177,0.3521234550949484,0.2178503244953679,0.23569830288775948,0.5464513726168726,1.0,144.0
2021/22,2021-08-21,Ein Frankfurt,Augsburg,0,0,12,2,1,0.5001486484662464,0.23509916062553135,0.264752190908222,0.16012119657665833,0.5301290913407906,0.22796581362631319,0.24190509503289606,0.16977746424434342,0.5876931898146942,0.22324272198910577,0.18906408819620005,1.0,144.0
2021/22,2021-08-21,Bochum,Mainz,2,0,13,2,0,0.3378734777842532,0.26366720090292045,0.39845932131282624,0.29859068108129905,0.32285499210344454,0.25260001568902135,0.4245449922075342,0.31938190606386074,0.3077283755823819,0.28282550125779615,0.409446123159822,1.0,144.0
2021/22,2021-08-21,Hertha,Wolfsburg,1,2,14,2,2,0.39365991258559924,0.25706573693021734,0.34927435048418304,0.2892059988573415,0.33624069172624665,0.27175480753582243,0.39200450073793114,0.24135816494773873,0.28711830993035065,0.27579533432746367,0.43708635574218563,1.0,144.0
2021/22,2021-08-21,Leverkusen,M'gladbach,4,0,15,2,0,0.47993470786545656,0.25984136354617765,0.2602239285883656,0.1690922005464755,0.4262773089299091,0.26950803723294936,0.3042146538371418,0.2108521409289794,0.43857848274967853,0.2650487849679629,0.29637273228235855,1.0,144.0
2021/22,2021-08-21,Greuther Furth,Bielefeld,1,1,16,2,1,0.39027417955243926,0.25614459273344253,0.35358122771411804,0.13866680990857633,0.40667709730094403,0.26150590034359317,0.3318170023554629,0.13774439226064333,0.36971220821582684,0.2791274506472767,0.3511603411368964,1.0,144.0
2021/22,2021-08-22,Hoffenheim,Union Berlin,2,2,17,2,1,0.5352496689728432,0.24040370323132498,0.22434662779583148,0.16841180876944986,0.49448698884781556,0.24777914620246674,0.25773386494971806,0.1554720636408495,0.5269839411741148,0.2558845908588222,0.21713146796706292,1.0,144.0
2021/22,2021-08-22,Bayern Munich,FC Koln,3,2,18,2,0,0.5933488973184585,0.21083722975160002,0.19581387292994126,0.10185409607196842,0.6382234021487815,0.18986472773409935,0.17191187011711898,0.08021799891998377,0.8671512301447684,0.0911517107035896,0.04169705915164205,1.0,144.0
2021/22,2021-08-27,Dortmund,Hoffenheim,3,2,19,3,0,0.4874029605461796,0.2473066260997585,0.26529041335406206,0.16656736413719528,0.542411206917223,0.22906482811385084,0.22852396496892644,0.13080535306003574,0.6962663975782039,0.16246215943491424,0.14127144298688196,1.0,144.0
2021/22,2021-08-28,Stuttgart,Freiburg,2,3,20,3,2,0.3865810287276346,0.25834881367360985,0.35507015759875554,0.2826896966959051,0.407717666875268,0.26409718355572653,0.32818514956900574,0.3087844445709158,0.4570592085353752,0.2650695680936865,0.27787122337093834,1.0,144.0
2021/22,2021-08-28,Bayern Munich,Hertha,5,0,21,3,0,0.5227102804083629,0.24329415995107248,0.23399555964056423,0.14127969917968233,0.5871942942532272,0.22176678208879166,0.19103892365798134,0.10345221052474556,0.8354753794942347,0.11171499360094336,0.05280962690482196,1.0,144.0
2021/22,2021-08-28,Mainz,Greuther Furth,3,0,22,3,0,0.5483090173714718,0.2359350910864836,0.21575589154204455,0.12528767426151396,0.553909688879625,0.22839110675733487,0.21769920436304038,0.12319475462788684,0.6209022725035991,0.2195532810429393,0.1595444464534616,1.0,144.0
2021/22,2021-08-28,Augsburg,Leverkusen,1,4,23,3,2,0.3416434054372585,0.2732706929411802,0.3850859016215614,0.2474197824316676,0.337739120990332,0.26746515753210476,0.3947957214775633,0.24016996629459264,0.19603384423483436,0.23637979280616833,0.5675863629589972,1.0,144.0
2021/22,2021-08-28,Bielefeld,Ein Frankfurt,1,1,24,3,1,0.3141687583381259,0.25681987488702107,0.42901136677485324,0.14137638076887357,0.2819060797057127,0.2579009925944436,0.46019292769984366,0.14562428423999862,0.28182003410151096,0.2716431995367342,0.4465367663617548,1.0,144.0
2021/22,2021-08-28,FC Koln,Bochum,2,1,25,3,0,0.49693547096253254,0.24973057468354073,0.25333395435392686,0.15862600640214317,0.5131923257090202,0.24505691306182395,0.24175076122915573,0.1477125711517345,0.5495649561489665,0.24578533214702517,0.2046497117040084,1.0,144.0
2021/22,2021-08-29,Union Berlin,M'gladbach,2,1,26,3,0,0.4369380133207503,0.25376517736091125,0.30929680931833825,0.20635165854884407,0.40682259227800777,0.25430217458369075,0.33887523313830153,0.2333479303331604,0.37517878754538453,0.2871603036637693,0.33766090879084604,1.0,144.0
2021/22,2021-08-29,Wolfsburg,RB Leipzig,1,0,27,3,0,0.41063952533248704,0.27440536982374036,0.31495510484377215,0.22327124358373399,0.3739895360239247,0.2790072666669723,0.3470031973091031,0.2561501599751407,0.29472760511883,0.27798171846435105,0.42729067641681906,1.0,144.0
2021/22,2021-09-11,RB Leipzig,Bayern Munich,1,4,28,4,2,0.39930279138195796,0.25854945073123753,0.3421477578868047,0.29610614582939093,0.4497967904304603,0.24608039047742655,0.3041228190921133,0.34328110179492566,0.3224172396830879,0.23149863418003705,0.4460841261368751,1.0,144.0
2021/22,2021-09-11,Union Berlin,Augsburg,0,0,29,4,1,0.5592761953030148,0.2414544807022916,0.19926932399469344,0.17624906305895904,0.5527085854655369,0.23653273434232083,0.21075868019214236,0.1749530008618242,0.5809582822440261,0.23863323084840196,0.18040848690757189,1.0,144.0
2021/22,2021-09-11,Leverkusen,Dortmund,3,4,30,4,2,0.45897212175617996,0.23697794298902652,0.30404993525479324,0.3475009505841134,0.39969853953844536,0.2532644565607521,0.3470370039008028,0.29305979839200336,0.3195918780551298,0.2533552193908542,0.4270529025540162,1.0,144.0
2021/22,2021-09-11,Greuther Furth,Wolfsburg,0,2,31,4,2,0.26482859720321644,0.25721000724547255,0.4779613955513108,0.1713292452156791,0.23938730112187737,0.24637448435842954,0.514238214519693,0.14663539608571605,0.21848870198885323,0.22659965148263894,0.5549116465285079,1.0,144.0
2021/22,2021-09-11,Freiburg,FC Koln,1,1,32,4,1,0.42275101529046927,0.2530774242147275,0.32417156049480317,0.14190281078137923,0.4018277574641655,0.25322678090226053,0.3449454616335741,0.14022645908513984,0.42728889116061036,0.2725603233308629,0.3001507855085269,1.0,144.0
2021/22,2021-09-11,Hoffenheim,Mainz,0,2,33,4,2,0.4905781232913174,0.2447393057705123,0.26468257093817016,0.390679308267065,0.4714192862111994,0.2386432158096365,0.28993749797916424,0.3632124500939831,0.4326778323121737,0.2664446596799762,0.30087750800785007,1.0,144.0
2021/22,2021-09-12,Ein Frankfurt,Stuttgart,1,1,34,4,1,0.4670061226907043,0.26201933109232717,0.2709745462169687,0.1457609616640486,0.49238009676455324,0.2555938236554384,0.25202607958000844,0.15297765223916976,0.46781355774306743,0.24878634495750912,0.28340009729942345,1.0,144.0
2021/22,2021-09-12,Bochum,Hertha,1,3,35,4,2,0.2763706436859331,0.2567463412777649,0.4668830150363021,0.18029722617408045,0.30910400000381233,0.2757630328089004,0.4151329671872871,0.21880736444475185,0.35356629748158513,0.2863680245684183,0.36006567794999655,1.0,144.0
2021/22,2021-09-12,M'gladbach,Bielefeld,3,1,36,4,0,0.6291447848394046,0.2047919839371857,0.1660632312234097,0.08255529368808556,0.6029814381372578,0.22103139565520769,0.17598716620753452,0.09429761056665922,0.671339238349382,0.2066755616999159,0.12198519995070223,1.0,144.0
2021/22,2021-09-17,Hertha,Greuther Furth,2,1,37,5,0,0.531196655461503,0.23997138726726164,0.22883195727123543,0.13607032025953264,0.5249473637821911,0.25177665101535285,0.22327598520245612,0.13776358637280864,0.5425653728413526,0.2597387423176688,0.19769588484097866,1.0,144.0
2021/22,2021-09-18,Bielefeld,Hoffenheim,0,0,38,5,1,0.31335438514898817,0.24494932053095098,0.44169629432006074,0.14664329355408712,0.2989907834098493,0.2458265823982421,0.4551826341919085,0.14829335951696015,0.2568143984912495,0.2658866462640382,0.4772989552447125,1.0,144.0
2021/22,2021-09-18,Augsburg,M'gladbach,1,0,39,5,0,0.36059367237366274,0.24956704669670557,0.3898392809296319,0.2804075583821657,0.34685903070911084,0.2500544381484021,0.40308653114248694,0.2945359386773627,0.28588912912362135,0.25934769803787405,0.45476317283850465,1.0,144.0
2021/22,2021-09-18,FC Koln,RB Leipzig,1,1,40,5,1,0.44225000552414007,0.25460712213783926,0.30314287233802056,0.14374033421772373,0.3637080727777943,0.25833491115859036,0.377957016063615,0.13756753409772465,0.25127636322116564,0.2474595070709707,0.5012641297078638,1.0,144.0
2021/22,2021-09-18,Mainz,Freiburg,0,0,41,5,1,0.39033530287473417,0.29857441575823945,0.31109028136702654,0.12456940591566307,0.47157061877545225,0.2716162257833951,0.2568131554411528,0.14416592264995226,0.5063875100131578,0.2620182022320093,0.23159428775483284,1.0,144.0
2021/22,2021-09-18,Bayern Munich,Bochum,7,0,42,5,0,0.7152798807372722,0.1651614481512646,0.11955867111146319,0.04767991107546047,0.7532450510488535,0.14169005021560918,0.10506489873553722,0.0359633188890958,0.9128737083965978,0.05923437646963976,0.027891915133762407,1.0,144.0
2021/22,2021-09-19,Stuttgart,Leverkusen,1,3,43,5,2,0.43302173937650823,0.25803189105602475,0.30894636956746724,0.33253147345332024,0.42469019926938595,0.2555456167758318,0.3197641839547825,0.32154126539308703,0.27327341743504635,0.2541087881603808,0.472617794404573,1.0,144.0
2021/22,2021-09-19,Dortmund,Union Berlin,4,2,44,5,0,0.46743799485863907,0.2505010384147603,0.2820609667266009,0.1815903391354657,0.5444007364590223,0.22834443018357228,0.2272548333574052,0.12960772411169166,0.7451299052546296,0.16064160478126346,0.09422848996410688,1.0,144.0
2021/22,2021-09-19,Wolfsburg,Ein Frankfurt,1,1,45,5,1,0.5055938605358424,0.2754863202171083,0.21891981924704917,0.15177551953534882,0.49500297257599174,0.26766400856165806,0.23733301886235025,0.15067745235069235,0.5280221045360349,0.25047202394658075,0.2215058715173843,1.0,144.0
2021/22,2021-09-24,Greuther Furth,Bayern Munich,1,3,46,6,2,0.16853430827663485,0.16587700459432803,0.6655886871290371,0.07011736962118241,0.15531887875714595,0.15637668746944322,0.6883044337734111,0.06063904005184552,0.04926106482109253,0.0847118223866648,0.8660271127922426,1.0,144.0
2021/22,2021-09-25,Union Berlin,Bielefeld,1,0,47,6,0,0.5964159763867819,0.2342150656977685,0.16936895791544984,0.09578295401059995,0.578292461985277,0.2423172374229119,0.17939030059181124,0.10500906378242972,0.5773400334318087,0.25812292499993567,0.16453704156825577,1.0,144.0
2021/22,2021-09-25,RB Leipzig,Hertha,6,0,48,6,0,0.5036344829079438,0.25706143422802563,0.23930408286403068,0.1518225853167296,0.5458941887677534,0.2554619277666433,0.19864388346560316,0.12283574011659647,0.741021624673872,0.16765774237008157,0.09132063295604632,1.0,144.0
2021/22,2021-09-25,Hoffenheim,Wolfsburg,3,1,49,6,0,0.4299632964919991,0.262451456144779,0.307585247363222,0.2097752638708815,0.3652324342248353,0.2656324454135351,0.3691351203616297,0.2695952998222614,0.3791808101380402,0.2763521158633175,0.34446707399864224,1.0,144.0
2021/22,2021-09-25,Ein Frankfurt,FC Koln,1,1,50,6,1,0.5076092392364743,0.2517695837770511,0.24062117698647453,0.15778284528629424,0.4857729124368485,0.25269196971771146,0.26153511784544053,0.15218797016190316,0.45713444801053943,0.2534372328348587,0.2894283191546019,1.0,144.0
2021/22,2021-09-25,Leverkusen,Mainz,1,0,51,6,0,0.4256486482005783,0.2957691761190394,0.2785821756803823,0.2037437519603192,0.39674040869807925,0.2848596157143583,0.31839997558756256,0.2326503394759604,0.560571305890462,0.23790099323156197,0.20152770087797603,1.0,144.0
2021/22,2021-09-25,M'gladbach,Dortmund,1,0,52,6,0,0.3458033264477106,0.24172799380054627,0.41246867975174334,0.2990518497315134,0.39723494241184615,0.24987634357436544,0.3528887140137886,0.24392807956377785,0.2955687898156389,0.2514994072724331,0.4529318029119281,1.0,144.0
2021/22,2021-09-26,Bochum,Stuttgart,0,0,53,6,1,0.3461531417302886,0.24590148329687544,0.4079453749728358,0.14312071324573847,0.37639377421168696,0.2526865749990203,0.3709196507892925,0.1396268303034846,0.3000415570023549,0.2709516553539271,0.42900678764371797,1.0,144.0
2021/22,2021-09-26,Freiburg,Augsburg,3,0,54,6,0,0.4575202096296327,0.2654278608312432,0.2770519295391241,0.1855210473108147,0.44931987727171274,0.26975834853430175,0.2809217741939855,0.19108282039216906,0.5398067228611805,0.26478324346307225,0.19541003367574733,1.0,144.0
2021/22,2021-10-01,FC Koln,Greuther Furth,3,1,55,7,0,0.5183225668267487,0.24213883098855904,0.23953860218469253,0.1446959457824841,0.5562130966263752,0.22408301612327555,0.21970388725034948,0.12260830683943261,0.6870400251879255,0.1844228422999724,0.128537132512102,1.0,144.0
2021/22,2021-10-02,Hertha,Freiburg,1,2,56,7,2,0.2932960373981962,0.2503034319184641,0.4564005306833396,0.19076147429741946,0.3242436906889225,0.27488179357826836,0.400874515732809,0.23204265842498484,0.3070186957614687,0.293230430981762,0.39975087325676933,1.0,144.0
2021/22,2021-10-02,Dortmund,Augsburg,2,1,57,7,0,0.6187347246187865,0.21707320515598935,0.1641920702252237,0.08616112306817873,0.6746446754122792,0.18665831785016848,0.13869700673755234,0.06254647345776887,0.7877313924676005,0.14001583999062844,0.07225276754177096,1.0,144.0
2021/22,2021-10-02,Stuttgart,Hoffenheim,3,1,58,7,0,0.36261009556950424,0.2650415600648891,0.37234834436560693,0.27245458991086247,0.3716351619435484,0.25088151538607917,0.3774833226703724,0.26866801429998755,0.337468063835302,0.2630799422371977,0.39945199392750025,1.0,144.0
2021/22,2021-10-02,RB Leipzig,Bochum,3,0,59,7,0,0.6466343982421044,0.19870812763099513,0.15465747412690026,0.07439309140451626,0.705519215722924,0.17313126476801632,0.12134951950905976,0.050722319096760726,0.8244576407920527,0.11966297861434465,0.05587938059360265,1.0,144.0
2021/22,2021-10-02,Wolfsburg,M'gladbach,1,3,60,7,2,0.4937448157024925,0.2640832700301088,0.24217191426739887,0.40904367527911356,0.5028938331697682,0.25619876138541814,0.24090740544481348,0.41456188727435356,0.48374175624098076,0.2669831550838199,0.24927508867519926,1.0,144.0
2021/22,2021-10-03,Mainz,Union Berlin,1,2,61,7,2,0.6254052822014637,0.22917633689846778,0.1454183809000684,0.5607207553544765,0.5838190826751596,0.23853889568378278,0.1776420216410578,0.5085586829331358,0.4327960308870213,0.2955042386116822,0.2716997305012967,1.0,144.0
2021/22,2021-10-03,Bayern Munich,Ein Frankfurt,1,2,62,7,2,0.6888852609524339,0.17524232960294808,0.135872409444618,0.6106396977582763,0.7151101295516825,0.15718496196692572,0.12770490848139185,0.6361406120374407,0.8735745459664931,0.08735745459664933,0.039067999436857674,1.0,144.0
2021/22,2021-10-03,Bielefeld,Leverkusen,0,4,63,7,2,0.2710641450601087,0.2637854742037557,0.4651503807361355,0.17976994298193413,0.2696721272267304,0.2823520340555938,0.4479758387176759,0.1887268654212217,0.1996758313666008,0.2271370762398629,0.5731870923935364,1.0,144.0
2021/22,2021-10-15,Hoffenheim,FC Koln,5,0,64,8,0,0.4221515170406807,0.26917363742230555,0.30867484553701374,0.21459451476284302,0.43859871364518915,0.2558598690517321,0.3055414173030787,0.20426348100420522,0.46347817351028714,0.24633222823846496,0.290189598251248,1.0,144.0
2021/22,2021-10-16,Dortmund,Mainz,3,1,65,8,0,0.492172631129259,0.2750397497823374,0.23278761908840345,0.15603935608751365,0.5368088452094747,0.24579296070523743,0.217398194085288,0.13090401033386243,0.6904544744493547,0.18473260132326189,0.12481292422738337,1.0,144.0
2021/22,2021-10-16,Freiburg,RB Leipzig,1,1,66,8,1,0.2934930652043089,0.25287602550599075,0.4536309092897,0.14595959059301056,0.27015126782052945,0.2515968104851046,0.4782519216943654,0.15085330405469666,0.24800190862459742,0.2584993439102947,0.493498747465108,1.0,144.0
2021/22,2021-10-16,Ein Frankfurt,Hertha,1,2,67,8,2,0.44892661248609417,0.30676257962363634,0.24431080789026932,0.3863006292348485,0.5150692901061484,0.2839149665568917,0.2010157433369602,0.4518361080029212,0.5522131364960027,0.25191166278297034,0.19587520072102696,1.0,144.0
2021/22,2021-10-16,Union Berlin,Wolfsburg,2,0,68,8,0,0.40454246436700414,0.2957916263583698,0.29966590927462644,0.22218466696175448,0.41122397861661236,0.27640669958720643,0.31236932179618104,0.22211589827772876,0.40456496701916034,0.30405193173489686,0.29138310124594285,1.0,144.0
2021/22,2021-10-16,M'gladbach,Stuttgart,1,1,69,8,1,0.6395670656439298,0.2004887315126987,0.1599442028433716,0.21731408973979421,0.6549212546219412,0.19580264748642429,0.14927609789163476,0.22560260157866519,0.6367744418450788,0.20906972017660314,0.1541558379783181,1.0,144.0
2021/22,2021-10-16,Greuther Furth,Bochum,0,1,70,8,2,0.3853342851841992,0.2627499574480739,0.3519157573677271,0.2842478484433324,0.36694528671850213,0.25368784101754516,0.37936687226395255,0.25991716134417625,0.4197809646250133,0.2755182105848679,0.3047008247901187,1.0,144.0
2021/22,2021-10-17,Leverkusen,Bayern Munich,1,5,71,8,2,0.3436704160780275,0.24930668721849633,0.4070228967034764,0.23486559996059045,0.31826150807253883,0.24040044450352038,0.441338047423941,0.20669678238835087,0.20301865527928636,0.20515120417927885,0.5918301405414348,1.0,144.0
2021/22,2021-10-17,Augsburg,Bielefeld,1,1,72,8,1,0.4343887837298731,0.28818215839278116,0.27742905787734556,0.13283024879251507,0.45677398958696186,0.2771121371300172,0.2661138732830211,0.13972953555844084,0.43881017691320434,0.2974306062360017,0.26375921685079395,1.0,144.0
2021/22,2021-10-22,Mainz,Augsburg,4,1,73,9,0,0.5724519233505068,0.24760202215099994,0.17994605449849316,0.10758897018812784,0.6059763039485057,0.22379788900888167,0.1702258070426126,0.0921157492166946,0.5945616784655472,0.25066353539421526,0.15477478614023768,1.0,144.0
2021/22,2021-10-23,Bielefeld,Dortmund,1,3,74,9,2,0.1932162187431154,0.2201454114032914,0.5866383698535934,0.10410017223134112,0.1791705169764231,0.21300149470601543,0.6078279883175614,0.09295048045032471,0.1496194292199223,0.220048394776147,0.6303321760039308,1.0,144.0
2021/22,2021-10-23,Bayern Munich,Hoffenheim,4,0,75,9,0,0.6479216447322677,0.1936887089331675,0.15838964633456465,0.07452322415701004,0.6373826612808552,0.19257855966192683,0.17003877905721793,0.08020226036151219,0.8173451420249983,0.1149693521288118,0.06768550584618985,1.0,144.0
2021/22,2021-10-23,Hertha,M'gladbach,1,0,76,9,0,0.32841343890055374,0.2523735154031729,0.41921304569627393,0.313384043365663,0.3245961975958629,0.2668332116644179,0.4085705907397189,0.31155011195968496,0.2748251449409553,0.2763778293756499,0.4487970256833948,1.0,144.0
2021/22,2021-10-23,RB Leipzig,Greuther Furth,4,1,77,9,0,0.5976863130423609,0.2112498634133996,0.19106382354423965,0.09918084369039679,0.6840728603762047,0.17735216056625142,0.13857497905754346,0.05950649118583588,0.8608628725360243,0.09565143028178048,0.043485697182195235,1.0,144.0
2021/22,2021-10-23,Wolfsburg,Freiburg,0,2,78,9,2,0.45271924381404915,0.28235428345239116,0.2649264727335599,0.3726439021037453,0.4503600512582879,0.2738252470427796,0.27581470169893313,0.36363426102238683,0.4385971239887614,0.2919616676104292,0.2694412084008093,1.0,144.0
2021/22,2021-10-24,FC Koln,Leverkusen,2,2,79,9,1,0.3366746055377411,0.2627573733668918,0.40056802109536743,0.13690226476912598,0.3764959741103809,0.271322055216539,0.3521819706730797,0.13289067949424943,0.3095062716087672,0.2439002040607742,0.4465935243304587,1.0,144.0
2021/22,2021-10-24,Stuttgart,Union Berlin,1,1,80,9,1,0.3466581937060839,0.30455539574298973,0.3487864105509266,0.1209119317242821,0.34442656668447513,0.29500258253469636,0.3605708507808281,0.12432049913543286,0.4064194003251742,0.28065064606981943,0.31292995360500636,1.0,144.0
2021/22,2021-10-24,Bochum,Ein Frankfurt,2,0,81,9,0,0.3852096925289835,0.29682953753404795,0.31796076993696887,0.2395330866896084,0.3399044021224929,0.29415911477385553,0.36593648310365184,0.28481785400176635,0.2715067130780706,0.2585778219791149,0.46991546494281444,1.0,144.0
2021/22,2021-10-29,Hoffenheim,Hertha,2,0,82,10,0,0.48694240317696,0.26209384669763064,0.2509637501254095,0.163105450767421,0.44405546908559257,0.2714768993614909,0.2844676315529163,0.19499807742748318,0.5486303252940867,0.2353161395237287,0.21605353518218456,1.0,144.0
2021/22,2021-10-30,Ein Frankfurt,RB Leipzig,1,1,83,10,1,0.34973560132754056,0.24311602412193806,0.40714837455052116,0.144042394867534,0.29779411890232493,0.23808906230679033,0.46411681879088473,0.15204287936869149,0.20210699551619715,0.23571032730081784,0.5621826771829851,1.0,144.0
2021/22,2021-10-30,Leverkusen,Wolfsburg,0,2,84,10,2,0.33551520789483075,0.2766329323171758,0.38785185978799364,0.243647900146865,0.321972731833544,0.29185888431866563,0.38616838384779034,0.2402278465161945,0.5071966331240798,0.25692637845917954,0.23587698841674068,1.0,144.0
2021/22,2021-10-30,Freiburg,Greuther Furth,3,1,85,10,0,0.6000408652125887,0.2247305774453976,0.17522855734201362,0.095336178404029,0.6334160008000626,0.20883593427323763,0.15774806492669963,0.07963414022876901,0.6739715288542056,0.19944055445685674,0.1265879166889376,1.0,144.0
2021/22,2021-10-30,Dortmund,FC Koln,2,0,86,10,0,0.6028321029591193,0.20200636002584543,0.19516153701503544,0.09791518198497332,0.6391044808822052,0.18712782058123953,0.1737676985365551,0.08022039438699688,0.6512969950968756,0.19461065590544094,0.15409234899768348,1.0,144.0
2021/22,2021-10-30,Bielefeld,Mainz,1,2,87,10,2,0.23006780673925853,0.27380447495711496,0.4961277183036266,0.15340923597986114,0.2597689328307835,0.2746017449217118,0.4656293222475048,0.17651595985285262,0.2741250403636454,0.2748950545219702,0.4509799051143843,1.0,144.0
2021/22,2021-10-30,Union Berlin,Bayern Munich,2,5,88,10,2,0.20868845771117578,0.21409218495740467,0.5772193573314195,0.11114717209856355,0.21078362590163102,0.21186890963122235,0.5773474644671466,0.11153245137029431,0.10485359451663469,0.1635363625402302,0.7316100429431351,1.0,144.0
2021/22,2021-10-31,M'gladbach,Bochum,2,1,89,10,0,0.6652116346671703,0.18210775952872807,0.1526806058041017,0.06769730847546788,0.6033638912356903,0.21021267520540285,0.18642343355890673,0.09603694967779271,0.7225915184141307,0.1745077906724645,0.10290069091340469,1.0,144.0
2021/22,2021-10-31,Augsburg,Stuttgart,4,1,90,10,0,0.3283399496414569,0.3139498090404373,0.35771024131810575,0.289541919995749,0.30170155188116354,0.3025414119847687,0.39575703613406804,0.32212217714739855,0.35357744413167774,0.29411697304647066,0.3523055828218516,1.0,144.0
2021/22,2021-11-05,Mainz,M'gladbach,1,1,91,11,1,0.42739548935793303,0.2717110664141408,0.30089344422792624,0.13660188455142558,0.42197093447655976,0.2589642017025757,0.3190648638208643,0.13993092843402397,0.3496915861070476,0.27659221499992465,0.37371619889302793,1.0,144.0
2021/22,2021-11-06,RB Leipzig,Dortmund,2,1,92,11,0,0.49264902541155237,0.22273425967553667,0.28461671491291063,0.16920584291183247,0.5082427135648986,0.2258777797251555,0.2658795067099463,0.15625857042516927,0.5245825083124743,0.2397354951993126,0.2356819964882131,1.0,144.0
2021/22,2021-11-06,Wolfsburg,Augsburg,1,0,93,11,0,0.5846430399606352,0.24718407956054686,0.1681728804788181,0.10040176099084265,0.5646835308752363,0.2520283006050062,0.1832881685197575,0.11154749050528923,0.6101218369259606,0.23242736644798495,0.15745079662605432,1.0,144.0
2021/22,2021-11-06,Stuttgart,Bielefeld,0,1,94,11,2,0.5479156039772394,0.2670761903037372,0.1850082057190237,0.4822115669135343,0.5176152939991385,0.27668073563966544,0.20570397036119567,0.4494158876408912,0.4908326815235115,0.27436995399769326,0.23479736447879518,1.0,144.0
2021/22,2021-11-06,Bochum,Hoffenheim,2,0,95,11,0,0.2369622542715367,0.24340652142723898,0.5196312243012243,0.42612160533758214,0.25362865839439036,0.24386020474575795,0.5025111368598515,0.4047938111191691,0.2499406598623308,0.24376928554474245,0.5062900545929266,1.0,144.0
2021/22,2021-11-06,Bayern Munich,Freiburg,2,1,96,11,0,0.6663529501346674,0.18813750996754022,0.1455095398977924,0.06624669004255347,0.6873674354244472,0.1744851377501776,0.13814742682537526,0.058411915985779786,0.8224454344944352,0.1167852722868151,0.06076929321874975,1.0,144.0
2021/22,2021-11-07,FC Koln,Union Berlin,2,2,97,11,1,0.31670489306701355,0.2803268376043579,0.4029682693286285,0.1313427076891493,0.38952867090220666,0.27658380297959456,0.33388752611819894,0.13160673277608526,0.47500614099729793,0.274093179399001,0.250900679603701,1.0,144.0
2021/22,2021-11-07,Hertha,Leverkusen,1,1,98,11,1,0.3641147065712317,0.277120369003227,0.3587649244255416,0.13064589526975925,0.3422974951285017,0.2877089344742477,0.3699935703972506,0.12703140865327595,0.28188066554807834,0.27552842519769916,0.44259090925422256,1.0,144.0
2021/22,2021-11-07,Greuther Furth,Ein Frankfurt,1,2,99,11,2,0.3632842334953871,0.2796797599186011,0.3570360065860119,0.27268906556659694,0.32996623708089273,0.2785088152261997,0.39152494769290724,0.2395598034467214,0.25976966236834337,0.25908061817107986,0.4811497194605769,1.0,144.0
2021/22,2021-11-19,Augsburg,Bayern Munich,2,1,100,12,0,0.13544435013367306,0.15244171529323372,0.7121139345730934,0.6272813637644793,0.14528072725421914,0.1613226451832278,0.6933966275625528,0.6056719591590992,0.07213453652555141,0.12544326377699247,0.8024221996974561,1.0,144.0
2021/22,2021-11-20,Union Berlin,Hertha,2,0,101,12,0,0.3986264944058747,0.28646402768436013,0.3149094779097655,0.23040903625398415,0.42613829703906964,0.2950768359660394,0.278784866994891,0.20351912809528902,0.48353487510584253,0.2959819538526673,0.22048317104149032,1.0,144.0
2021/22,2021-11-20,Dortmund,Stuttgart,2,1,102,12,0,0.653895968111363,0.20332099695717779,0.14278303493145936,0.0700874979769045,0.6432629921945119,0.20764706448170175,0.14908994332378647,0.07474455196915136,0.7182654285333452,0.17825565379659664,0.10347891767005822,1.0,144.0
2021/22,2021-11-20,M'gladbach,Greuther Furth,4,0,103,12,0,0.6280904164715942,0.22231403743020214,0.1495955460982038,0.08034778286634599,0.5939427031119165,0.23315846610786942,0.17289883078021384,0.09738826702061112,0.7647518011592606,0.15271174812540617,0.08253645071533336,1.0,144.0
2021/22,2021-11-20,Bielefeld,Wolfsburg,2,2,104,12,1,0.23164048285662017,0.2572871328968411,0.511072384246539,0.15742614761874496,0.23711227117616357,0.26247465270907383,0.5004130761147627,0.15331773794447884,0.24435606584589847,0.28353852538387053,0.4721054087702311,1.0,144.0
2021/22,2021-11-20,Hoffenheim,RB Leipzig,2,0,105,12,0,0.3564025098582139,0.24169462130681882,0.40190286883496723,0.2878718226472916,0.32672569263346424,0.24099057535896842,0.43228373200756703,0.3200837589591393,0.21456700976634502,0.23696113942642472,0.5484718508072303,1.0,144.0
2021/22,2021-11-20,Leverkusen,Bochum,1,0,106,12,0,0.501124560704076,0.2607224491622986,0.2381529901336255,0.15279677532114394,0.5324412439912576,0.2570200743779548,0.21053868163078723,0.13146886339163644,0.658995582067075,0.2043720476030802,0.13663237032984488,1.0,144.0
2021/22,2021-11-21,Mainz,FC Koln,1,1,107,12,1,0.49875915410519,0.24878668657747674,0.25245415931733345,0.1562468981801731,0.5236529068469433,0.23831330064967576,0.23803379250338097,0.16543622661139804,0.46565070989690005,0.2770160030548131,0.2573332870482869,1.0,144.0
2021/22,2021-11-21,Freiburg,Ein Frankfurt,0,2,108,12,2,0.5659271953038388,0.2361222712295774,0.19795053346658376,0.48177846857550344,0.5200120210015612,0.2553457160519136,0.22464226294652578,0.4357960611974067,0.5205227411643153,0.25957102211907507,0.2199062367166096,1.0,144.0
2021/22,2021-11-26,Stuttgart,Mainz,2,1,109,13,0,0.32577582063694543,0.27564033006651517,0.39858384929653967,0.3067236644789154,0.32771006613238457,0.27696388923070314,0.3953260446369124,0.3041282183739943,0.36646722095056,0.28778455292293975,0.3457482261265001,1.0,144.0
2021/22,2021-11-27,Greuther Furth,Hoffenheim,3,6,110,13,2,0.2404468972529144,0.26823332021837754,0.49131978252870795,0.1582851370225972,0.23501645542869207,0.26534629903156587,0.49963724553974215,0.15279781018666136,0.18112867019174117,0.2188131586208954,0.6000581711873635,1.0,144.0
2021/22,2021-11-27,Bochum,Freiburg,2,1,111,13,0,0.3848829387931178,0.27299836420047957,0.3421186970064028,0.24770710091457496,0.38705398406207747,0.2800785834816029,0.3328674324563197,0.24325177302211726,0.3017241379310345,0.28752535496957404,0.4107505070993915,1.0,144.0
2021/22,2021-11-27,FC Koln,M'gladbach,4,1,112,13,0,0.2819625209787846,0.2415949046926182,0.47644257432859716,0.3712876739560016,0.2850198862060081,0.23693868769961574,0.4780414260943763,0.3698600840916073,0.31733553992552754,0.2685146876292925,0.41414977244518003,1.0,144.0
2021/22,2021-11-27,Wolfsburg,Dortmund,1,3,113,13,2,0.41885902192307917,0.2802107374728002,0.30093024060412077,0.3320707043740856,0.3788225237216384,0.2814378981052792,0.3397395781730825,0.28972516455494524,0.3494052085674344,0.2869016375333772,0.36369315389918827,1.0,144.0
2021/22,2021-11-27,Bayern Munich,Bielefeld,1,0,114,13,0,0.8258316484580862,0.10043605220402473,0.07373229933788912,0.01788553332223987,0.828111896362362,0.09825882856781493,0.0736292750698232,0.01748339515972552,0.8957237913545205,0.06909869247592015,0.03517751616955935,1.0,144.0
2021/22,2021-11-27,Hertha,Augsburg,1,1,115,13,1,0.4090586095032182,0.31381999909737857,0.27712139139940306,0.12206260578992381,0.3799069379491357,0.3071741927019946,0.3129188693488695,0.12112375014823172,0.5008183306055646,0.2782324058919803,0.22094926350245495,1.0,144.0
2021/22,2021-11-28,Ein Frankfurt,Union Berlin,2,1,116,13,0,0.2837435401548079,0.2768453166907581,0.43941114315443397,0.3530527344991269,0.33501379938826326,0.27264738967157803,0.3923388109401585,0.29806819478698526,0.3974138321481951,0.2989718737261651,0.3036142941256397,1.0,144.0
2021/22,2021-11-28,RB Leipzig,Leverkusen,1,3,117,13,2,0.5652727206598105,0.23249003083334668,0.20223724850684252,0.4779793281960384,0.6135054196981975,0.2183256862888351,0.1681688940129674,0.5341659444433356,0.4866260818983241,0.24391980663731458,0.26945411146436127,1.0,144.0
2021/22,2021-12-03,Union Berlin,RB Leipzig,2,1,118,14,0,0.38285218813025806,0.2955047432869459,0.3216430685827961,0.24216284263148383,0.36820774789300675,0.29892476782640676,0.3328674842805862,0.2549811059568565,0.2554845876145515,0.2718072140454812,0.4727081983399673,1.0,144.0
2021/22,2021-12-04,Dortmund,Bayern Munich,2,3,119,14,2,0.1883513235512438,0.1748757274582433,0.6367729489905132,0.08370505583427693,0.2594974360644613,0.2089037939373662,0.5315987699981725,0.14336931579562703,0.26981992516370434,0.2292835983785469,0.5008964764577486,1.0,144.0
2021/22,2021-12-04,Mainz,Wolfsburg,3,0,120,14,0,0.5211917896002363,0.24987986313251154,0.22892834726725186,0.14083274526437,0.505498696363129,0.2510198814388266,0.24348142219804456,0.1519073711270736,0.43828512075161685,0.2800503780160761,0.2816645012323071,1.0,144.0
2021/22,2021-12-04,Leverkusen,Greuther Furth,7,1,121,14,0,0.7209048878824293,0.1733499734197814,0.10574513869778945,0.04453805798306701,0.6199704665291749,0.22723453157858992,0.15279500189223497,0.08388437945665059,0.8084072635546702,0.1246900663580468,0.06690267008728304,1.0,144.0
2021/22,2021-12-04,Hoffenheim,Ein Frankfurt,3,2,122,14,0,0.6354162910658437,0.20432558941969398,0.16025811951446206,0.07930197284524863,0.544366883232983,0.2315389206501283,0.22409419611688872,0.12890987291405037,0.49392594747945,0.2520549938168327,0.2540190587037171,1.0,144.0
2021/22,2021-12-04,Augsburg,Bochum,2,3,123,14,2,0.3380421831345324,0.2946648817058546,0.3672929351596129,0.2572953737386492,0.31974897597576735,0.2757172936564947,0.40453373036773793,0.22840974295365687,0.432524490895064,0.27304618698962135,0.29442932211531464,1.0,144.0
2021/22,2021-12-04,Bielefeld,FC Koln,1,1,124,14,1,0.2439516772335567,0.2316520679443169,0.5243962548221265,0.16725192644826894,0.279676532118303,0.24914519854307232,0.47117826933862456,0.15011396205733082,0.31171615073723696,0.28045521871487794,0.40782863054788504,1.0,144.0
2021/22,2021-12-05,M'gladbach,Freiburg,0,6,125,14,2,0.5381365286382497,0.24817299027883297,0.2136904810829172,0.4539367914972199,0.5238774911919619,0.2520191222869973,0.2241033865210409,0.43823159029285075,0.5400090254851199,0.24934090207348644,0.21065007244139372,1.0,144.0
2021/22,2021-12-05,Stuttgart,Hertha,2,2,126,14,1,0.39621607305704115,0.2991834859972651,0.3046004409456938,0.1248843025865268,0.36272686252813335,0.3054848670925988,0.3317882703792677,0.12082711658038475,0.47037866519656824,0.26731902284395137,0.26230231195948045,1.0,144.0
2021/22,2021-12-10,FC Koln,Augsburg,0,2,127,15,2,0.5771948599078377,0.21626991282151825,0.20653522727064394,0.48137012593323847,0.5534341057100801,0.22719019197812387,0.21937570231179623,0.45783180175215893,0.5577497674970813,0.245859469299721,0.19639076320319765,1.0,144.0
2021/22,2021-12-11,Freiburg,Hoffenheim,1,2,128,15,2,0.43453125680446186,0.2317356242751488,0.3337331189203896,0.3163644849818086,0.44383993967519914,0.2333445924983854,0.32281546782641546,0.32778639133302045,0.42898657602961526,0.2755181389711332,0.29549528499925154,1.0,144.0
2021/22,2021-12-11,Bayern Munich,Mainz,2,1,129,15,0,0.6442620266614161,0.20401557787184596,0.15172239546673805,0.07478459548060414,0.6364765728445544,0.20423121758370508,0.1592922095717405,0.07876164506054394,0.7907537379142908,0.1314360942749429,0.07781016781076622,1.0,144.0
2021/22,2021-12-11,Bochum,Dortmund,1,1,130,15,1,0.39899452314687667,0.23712865010211803,0.3638768267510055,0.14580148727379233,0.3309920354175911,0.23845600139611797,0.43055196318629124,0.14746536025672458,0.14791094845989633,0.20128087831655997,0.6508081732235438,1.0,144.0
2021/22,2021-12-11,Wolfsburg,Stuttgart,0,2,131,15,2,0.5220065004433694,0.2554184123329775,0.22257508722365324,0.438440140755222,0.5323678137896446,0.24698447373974614,0.22064771247060927,0.44540273861822993,0.48663876207506274,0.27709459256965324,0.23626664535528408,1.0,144.0
2021/22,2021-12-11,RB Leipzig,M'gladbach,4,1,132,15,0,0.4289794726601386,0.26099251754693714,0.3100280097929243,0.21109090474982747,0.45453611701712654,0.26570627714215334,0.27975760584072007,0.1878975828322428,0.5171084122335425,0.24863524680282867,0.2342563409636289,1.0,144.0
2021/22,2021-12-11,Hertha,Bielefeld,2,0,133,15,0,0.5443253246368936,0.2462509487477916,0.20942372661531466,0.1257488535183592,0.5591683732312739,0.2502910639282566,0.19054056284046936,0.11531911462356217,0.4791857273559012,0.2875114364135407,0.23330283623055809,1.0,144.0
2021/22,2021-12-12,Greuther Furth,Union Berlin,1,0,134,15,0,0.202004408700321,0.23106023265472306,0.5669353586449557,0.4791063323078045,0.21334942010498956,0.23824644571688147,0.5484041341781292,0.45978311461640975,0.24291497975708498,0.2712550607287449,0.48582995951416996,1.0,144.0
2021/22,2021-12-12,Ein Frankfurt,Leverkusen,5,2,135,15,0,0.3636373930281469,0.2838756651968142,0.35248694177503886,0.2646022058369664,0.3929723833704331,0.26905999473989456,0.33796762188967233,0.24135232039836652,0.30529172320217096,0.2605156037991859,0.43419267299864317,1.0,144.0
2021/22,2021-12-14,Stuttgart,Bayern Munich,0,5,136,16,2,0.15683806798373373,0.1970927906759604,0.6460691413403059,0.07493261614022932,0.1475373547076332,0.18788308024187528,0.6645795650504914,0.0671370696079217,0.10251839779990322,0.15965979985230833,0.7378218023477884,1.0,144.0
2021/22,2021-12-14,Bielefeld,Bochum,2,0,137,16,0,0.34440004847757183,0.2667134719061778,0.38888647961625034,0.2905219952322653,0.3848148422459148,0.25527817466453206,0.3599069830895534,0.25399290739877134,0.4426229508196721,0.2786885245901639,0.2786885245901639,1.0,144.0
2021/22,2021-12-14,Mainz,Hertha,4,0,138,16,0,0.5182555718468261,0.30778818954763804,0.17395623860553605,0.1311692335032073,0.5425914004810725,0.28739681180494886,0.17001178771397873,0.11906331743778478,0.5006700356814183,0.27894473416536153,0.22038523015322023,1.0,144.0
2021/22,2021-12-14,Wolfsburg,FC Koln,2,3,139,16,2,0.543768632686537,0.23380452020206857,0.2224268471113945,0.4501521669934563,0.5151275698955914,0.24955160569985477,0.23532082440455407,0.4250453274279343,0.4369994814772138,0.26456184824566453,0.2984386702771216,1.0,144.0
2021/22,2021-12-15,Dortmund,Greuther Furth,3,0,140,16,0,0.7787417682097925,0.12731032262380895,0.09394790916639856,0.028890707385833547,0.7616349786794804,0.13619889559398374,0.10216612572653598,0.03362790031755105,0.8677749067627254,0.09622850451230223,0.035996588724972314,1.0,144.0
2021/22,2021-12-15,Augsburg,RB Leipzig,1,1,141,16,1,0.25286732613603347,0.2188675716328094,0.5282651022311572,0.171502951431241,0.24234185667685196,0.23028101676821294,0.5273771265549352,0.16842810455546192,0.130634442409962,0.1972738745705094,0.6720916830195286,1.0,144.0
2021/22,2021-12-15,Leverkusen,Hoffenheim,2,2,142,16,1,0.4845613933607344,0.24965491900177753,0.2657836876374883,0.15272035627493907,0.49098864000691084,0.25286220066035214,0.2561491593327371,0.15334111822135188,0.47717792873316656,0.2540817542605172,0.2687403170063163,1.0,144.0
2021/22,2021-12-15,Union Berlin,Freiburg,0,0,143,16,1,0.41202427491195354,0.29157401526160726,0.296401709826439,0.12880898835237886,0.42901979448855737,0.2870666798166938,0.2839135256947485,0.1323324370677134,0.3652312109881842,0.3117260017351381,0.3230427872766778,1.0,144.0
2021/22,2021-12-15,M'gladbach,Ein Frankfurt,2,3,144,16,2,0.49751656327248855,0.2531145323919474,0.2493689043355641,0.4054848862544299,0.45554932221658245,0.2608595836327073,0.28359109415071015,0.36038345267608207,0.47657785449387324,0.2557551313383351,0.26766701416779176,1.0,144.0
2021/22,2021-12-17,Bayern Munich,Wolfsburg,4,0,145,17,0,0.6780687808564001,0.18506891991890245,0.1368622992246973,0.061185499404177585,0.6945504370512963,0.17386828836682186,0.13158127458188185,0.05530653366307336,0.8213618501578303,0.11402435096308701,0.06461379887908264,1.0,144.0
2021/22,2021-12-18,Ein Frankfurt,Mainz,1,0,146,17,0,0.33273793728165074,0.26494655712906034,0.4023155055892892,0.30354821319035563,0.3204507475215176,0.2566419407209557,0.4229073117575269,0.3203188904410211,0.37354938929670123,0.2912795833206421,0.3351710273826566,1.0,144.0
2021/22,2021-12-18,RB Leipzig,Bielefeld,0,2,147,17,2,0.7133686964143161,0.15327601317688222,0.13335529040880167,0.6299839748431366,0.6887006877015234,0.1707729009541504,0.1405264113443264,0.6065017434186069,0.8031578034180621,0.13385963390301034,0.06298256267892774,1.0,144.0
2021/22,2021-12-18,Hertha,Dortmund,3,2,148,17,0,0.2841562380144278,0.25350273952588687,0.4623410224596856,0.36309575631136193,0.27818295941135296,0.2709744253840008,0.45084261520464636,0.36213945188435864,0.19015288110030554,0.22220598634272606,0.5876411325569684,1.0,144.0
2021/22,2021-12-18,Hoffenheim,M'gladbach,1,1,149,17,1,0.47792782450426724,0.23425254173035837,0.2878196337653745,0.15562757350810796,0.4659096995848226,0.24706324220404668,0.28702705821113056,0.14972819015627772,0.4859937273856186,0.23883799316505946,0.27516827944932204,1.0,144.0
2021/22,2021-12-18,Greuther Furth,Augsburg,0,0,150,17,1,0.3541642143505443,0.2872163976016159,0.3586193880478398,0.1270200781051727,0.345490462865594,0.2802164267193672,0.3742931104150392,0.12972949621762342,0.2763778293756499,0.2748251449409553,0.4487970256833948,1.0,144.0
2021/22,2021-12-18,Bochum,Union Berlin,0,1,151,17,2,0.30291084897647735,0.28008973430793466,0.416999416715588,0.21582233126880748,0.2981049306564982,0.2678744071821964,0.43402066216130536,0.20459958027102138,0.2586222101501678,0.2866838575858164,0.45469393226401583,1.0,144.0
2021/22,2021-12-19,FC Koln,Stuttgart,1,0,152,17,0,0.5265055051353457,0.24063679873911537,0.23285769612553903,0.139209871656014,0.5774003938368143,0.2255938751192896,0.1970057310438957,0.10870084259670978,0.49332246099382465,0.2448066347788904,0.26187090422728493,1.0,144.0
2021/22,2021-12-19,Freiburg,Leverkusen,2,1,153,17,0,0.490585164953652,0.25394013308422986,0.25547470196211797,0.16238539875396554,0.4682869925135215,0.260699121649007,0.2710138858374708,0.17808362432352096,0.3595342936040003,0.262885289947011,0.37758041644898876,1.0,144.0
2021/22,2022-01-07,Bayern Munich,M'gladbach,1,2,154,18,2,0.6880639880274846,0.17324014915078417,0.13869586282173138,0.6076384341703442,0.686825116351162,0.1766251847522912,0.13654969889654714,0.6086375814632154,0.7347325719828917,0.15468054147008245,0.11058688654702588,1.0,144.0
2021/22,2022-01-08,Freiburg,Bielefeld,2,2,155,18,1,0.6617116038956806,0.2060309595445373,0.13225743655978223,0.22767713812777945,0.6199224707412382,0.22276076299319586,0.1573167662655662,0.204526217339088,0.5484887048756472,0.2562493161886225,0.19526197893573036,1.0,144.0
2021/22,2022-01-08,Greuther Furth,Stuttgart,0,0,156,18,1,0.3693490001089527,0.33673289459000105,0.29391810530104656,0.11140326825262002,0.38292773148153425,0.32989235852111704,0.28717990999734877,0.11455297412183964,0.2762034579238109,0.2793600688715116,0.4444364732046775,1.0,144.0
2021/22,2022-01-08,Hoffenheim,Augsburg,3,1,157,18,0,0.5433315676179193,0.2665453245562128,0.19012310782586775,0.12234642663183676,0.5491194664485273,0.2604034351703412,0.19047709838113164,0.11978739027167798,0.6359325743167548,0.21060104733866555,0.15346637834457963,1.0,144.0
2021/22,2022-01-08,Leverkusen,Union Berlin,2,2,158,18,1,0.38672200611084306,0.27286788744601637,0.3404101064431405,0.13271647528951264,0.40594569088807864,0.26774256794398543,0.326311741167936,0.13563562818732475,0.5459663774371666,0.242501194941074,0.21153242762175936,1.0,144.0
2021/22,2022-01-08,RB Leipzig,Mainz,4,1,159,18,0,0.3673546852096616,0.27964107459814225,0.35300424019219573,0.26242604395991803,0.3710686033613724,0.27294754144838196,0.35598385519024545,0.2611396034169623,0.5498170058005708,0.24839448485406498,0.20178850934536416,1.0,144.0
2021/22,2022-01-08,Ein Frankfurt,Dortmund,2,3,160,18,2,0.3371231452166542,0.25193880488015474,0.410938049903191,0.23032299804631237,0.3272085443154329,0.23756782957958236,0.4352236261049847,0.21301889199151333,0.2244743068887004,0.23304611813027365,0.542479574981026,1.0,144.0
2021/22,2022-01-09,Hertha,FC Koln,1,3,161,18,2,0.4098666493809234,0.2742142609299146,0.3159190896891617,0.31797868106322474,0.38462853788090323,0.285641738348438,0.3297297237706588,0.2986006776744794,0.3328382682775128,0.28038524605612825,0.3867764856663588,1.0,144.0
2021/22,2022-01-09,Bochum,Wolfsburg,1,0,162,18,0,0.3192713116531279,0.24371229420637075,0.4370163941405013,0.32718743794300953,0.29766028051930393,0.2423383121912399,0.46000140728945627,0.35244118813425146,0.2754561067277298,0.27391293526146804,0.4506309580108022,1.0,144.0
2021/22,2022-01-14,Dortmund,Freiburg,5,1,163,19,0,0.47470623968511,0.24602368507562442,0.27927007523926567,0.17696265477495104,0.4730328985385738,0.25883929224887275,0.2681278092125532,0.17479342404789028,0.6675679919723321,0.1856474796723057,0.1467845283553622,1.0,144.0
2021/22,2022-01-15,FC Koln,Bayern Munich,0,4,164,19,2,0.1806943222074269,0.17996359052189778,0.6393420872706755,0.0813622840461373,0.17844994444833634,0.1744263842509934,0.6471236713006701,0.07818304301496586,0.14888706102034488,0.16810656115205896,0.6830063778275962,1.0,144.0
2021/22,2022-01-15,Mainz,Bochum,1,0,165,19,0,0.4756633305534049,0.28647141600947307,0.23786525343712217,0.16575441085952716,0.43146951153544116,0.2904350863066833,0.2780954021578753,0.20028198450755014,0.585067474149022,0.2498881539204263,0.1650443719305518,1.0,144.0
2021/22,2022-01-15,M'gladbach,Leverkusen,1,2,166,19,2,0.5255331653721365,0.21297638693479143,0.2614904476930722,0.41079073337731814,0.5221316261556467,0.21098869683947202,0.2668796770048812,0.40504342151020356,0.3652086055092728,0.2568921424579662,0.3778992520327611,1.0,144.0
2021/22,2022-01-15,Union Berlin,Hoffenheim,2,1,167,19,0,0.40626640207420067,0.27606778457048947,0.3176658133553095,0.2267155771403027,0.4067390371793555,0.27361601132414765,0.31964495149649724,0.22706573251203796,0.3208495115756023,0.27643813850440313,0.40271234991999466,1.0,144.0
2021/22,2022-01-15,Stuttgart,RB Leipzig,0,2,168,19,2,0.22032771885311894,0.2173537351379974,0.562318546008884,0.12005467943139836,0.1961410594742282,0.199790737443268,0.6040682030825038,0.09761665151099508,0.16443675931808305,0.23059837306724112,0.6049648676146758,1.0,144.0
2021/22,2022-01-15,Wolfsburg,Hertha,0,0,169,19,1,0.48146712804985403,0.2707044248258121,0.24782844712433397,0.14661476729831666,0.4679226606097657,0.27770822893594177,0.2543691104542925,0.141827630332715,0.49106365073781993,0.28325120723717734,0.2256851420250027,1.0,144.0
2021/22,2022-01-16,Bielefeld,Greuther Furth,2,2,170,19,1,0.43944635647685654,0.3138001706278734,0.24675347289527,0.12700018830333062,0.4195849966093643,0.31509422510298796,0.26532077828764755,0.12322334238542168,0.4933878336138495,0.28276027891320027,0.22385188747295023,1.0,144.0
2021/22,2022-01-16,Augsburg,Ein Frankfurt,1,1,171,19,1,0.3517373335778844,0.25963669913352583,0.3886259672885897,0.13737464714173597,0.35604233519963313,0.26373150772156406,0.380226157078803,0.13566903749066117,0.2929642960942565,0.27543651769545485,0.43159918621028853,1.0,144.0
2021/22,2022-01-21,Ein Frankfurt,Bielefeld,0,2,172,20,2,0.5261699028561462,0.2521575506994562,0.2216725464443978,0.4413241958149974,0.5762033734540533,0.2296013947050963,0.19419523184085047,0.490665825983926,0.5576606794760762,0.24832218551733673,0.19401713500658713,1.0,144.0
2021/22,2022-01-22,Freiburg,Stuttgart,2,0,173,20,0,0.5887882978415909,0.23546817686577998,0.17574352529262918,0.09999042533714855,0.5437647881650202,0.2623500567700613,0.19388515506491888,0.12287101093632821,0.5305980738459681,0.26386498807475167,0.20553693807928028,1.0,144.0
2021/22,2022-01-22,Greuther Furth,Mainz,2,1,174,20,0,0.17585866736311703,0.253634514469466,0.5705068181674169,0.5023434828680038,0.18160616718692413,0.2435486311394267,0.574845201673649,0.5001077357368475,0.21609631649721633,0.26982192004624805,0.5140817634565357,1.0,144.0
2021/22,2022-01-22,Hoffenheim,Dortmund,2,3,175,20,2,0.3578300027105387,0.2386382243264284,0.403531772963033,0.24190832835222353,0.3466705539932367,0.22695342201548654,0.4263760239912769,0.22461246942901697,0.26415591425487067,0.2294311931321647,0.5064128926129646,1.0,144.0
2021/22,2022-01-22,Bochum,FC Koln,2,2,176,20,1,0.3212603161680927,0.24104167831014717,0.43769800552175964,0.1473938673910748,0.34486520293266976,0.24540728234141473,0.40972751472591556,0.1434043222586334,0.2893763615178074,0.27397537869192967,0.4366482597902629,1.0,144.0
2021/22,2022-01-22,M'gladbach,Union Berlin,1,2,177,20,2,0.2337049869033391,0.2040168893018632,0.5622781237947976,0.12310923090604618,0.2804258542881009,0.20937299012501467,0.5102011555868846,0.1592707838708173,0.48157606712878515,0.2715553934087316,0.24686853946248327,1.0,144.0
2021/22,2022-01-22,Leverkusen,Augsburg,5,1,178,20,0,0.6495169006278709,0.19127600691707689,0.1592070924550522,0.07409265061674261,0.6414083477877508,0.19084409027159252,0.1677475619406569,0.07836360878667258,0.673669404237942,0.19342982893960708,0.13290076682245114,1.0,144.0
2021/22,2022-01-23,RB Leipzig,Wolfsburg,2,0,179,20,0,0.5339329635882972,0.23108816653270517,0.23497886987899771,0.13621677585959918,0.6034932928881919,0.21182376705739747,0.1846829400544105,0.09566267856589512,0.6290689058474046,0.22331216379269817,0.1476189303598971,1.0,144.0
2021/22,2022-01-23,Hertha,Bayern Munich,1,4,180,20,2,0.11655331690333298,0.1230500974366568,0.7603965856600101,0.03549723592227479,0.12478752891231143,0.1314481778976273,0.7437642931900614,0.04061433240821492,0.09439208410107286,0.13448548691193646,0.7711224289869906,1.0,144.0
2021/22,2022-02-04,Hertha,Bochum,1,1,181,21,1,0.34082057626303824,0.2845758285443721,0.3746035951925898,0.12824325936774153,0.33692014152784805,0.28048328311875986,0.3825965753533918,0.1299476606196445,0.40871340693242314,0.2751619838221102,0.3161246092454665,1.0,144.0
2021/22,2022-02-05,Augsburg,Union Berlin,2,0,182,21,0,0.2208820495147028,0.236703780488321,0.5424141699969762,0.4506189562909593,0.22787833789480152,0.25598480203727086,0.5161368600679277,0.43128455970643687,0.3400459066564652,0.29857689364957923,0.3613771996939557,1.0,144.0
2021/22,2022-02-05,Bayern Munich,RB Leipzig,3,2,183,21,0,0.5865707156981681,0.19018746162766834,0.22324182267416368,0.11038034225460383,0.5264007907600604,0.20606050663580458,0.26753870260413487,0.14793658419189995,0.6855358119673202,0.17539835189073777,0.13906583614194207,1.0,144.0
2021/22,2022-02-05,Mainz,Hoffenheim,2,0,184,21,0,0.441064562397257,0.27502279867866386,0.2839126389240789,0.19650760497450218,0.42300744740728285,0.2591873155584447,0.31780523703427205,0.21696028721693475,0.35291965656927493,0.2850109179874319,0.3620694254432931,1.0,144.0
2021/22,2022-02-05,Stuttgart,Ein Frankfurt,2,3,185,21,2,0.3291319338827186,0.27281451050303845,0.3980535556142431,0.23533367590501678,0.3576385752707323,0.27214573897673117,0.37021568575253677,0.2622668164969135,0.38807694922167085,0.28264563931751757,0.32927741146081163,1.0,144.0
2021/22,2022-02-05,Bielefeld,M'gladbach,1,1,186,21,1,0.34655047564017993,0.2607543674371628,0.3926951569226571,0.13715335921847271,0.3436437235731301,0.25631776977511955,0.4000385066517502,0.13906090777768418,0.2619935406555637,0.2792102590415007,0.45879620030293544,1.0,144.0
2021/22,2022-02-05,FC Koln,Freiburg,1,0,187,21,0,0.4572735455946142,0.24756612345740528,0.29516033094798055,0.19083581263838134,0.4326882677979059,0.25215391331364534,0.31515781888844846,0.21058352615033238,0.3734618819149097,0.27956289446201815,0.3469752236230722,1.0,144.0
2021/22,2022-02-06,Wolfsburg,Greuther Furth,4,1,188,21,0,0.6221404831194006,0.23532888498916849,0.14253063189143111,0.08154639776230528,0.6073341053852489,0.2297390656809228,0.16292682893382804,0.09036582819001789,0.6099847874549125,0.2350673083362834,0.15494790420880414,1.0,144.0
2021/22,2022-02-06,Dortmund,Leverkusen,2,5,189,21,2,0.37165110007781776,0.23211394665835058,0.3962349532638318,0.25132838592468987,0.43963425681272733,0.24533449781819447,0.31503124536907817,0.3312302372919575,0.49085555537071845,0.24298571024570398,0.2661587343835776,1.0,144.0
2021/22,2022-02-11,RB Leipzig,FC Koln,3,1,190,22,0,0.4862749019243562,0.23881493565218206,0.27491016242346183,0.169744536898262,0.5931621314059842,0.21595042988613478,0.19088743870788127,0.10097753278928837,0.669122894861725,0.19230697372010208,0.13857013141817287,1.0,144.0
2021/22,2022-02-12,Freiburg,Mainz,1,1,191,22,1,0.46221287816851436,0.27214751459276415,0.26563960723872126,0.14210257283938205,0.42744745044018867,0.2764339770170181,0.2961185725427931,0.13519876594629954,0.4464077524520552,0.2935834768378381,0.26000877071010664,1.0,144.0
2021/22,2022-02-12,Bochum,Bayern Munich,4,2,192,22,0,0.15351646902495095,0.15475415254231958,0.6917293784327295,0.5975119505994585,0.1529654663958991,0.1549479083543861,0.6920866252497149,0.5982256989837279,0.08074640249370169,0.12502668773218326,0.794226909774115,1.0,144.0
2021/22,2022-02-12,Ein Frankfurt,Wolfsburg,0,2,193,22,2,0.39880650795188016,0.2519813475244934,0.34921214452362637,0.29128573181015516,0.4582212634138748,0.24719952838880666,0.29457920819731853,0.35379260987606487,0.46336619865519285,0.2793436226178448,0.2572901787269623,1.0,144.0
2021/22,2022-02-12,Leverkusen,Stuttgart,4,2,194,22,0,0.7018011645676862,0.17030192294923086,0.1278969124830829,0.05264008283794679,0.6516179037143268,0.19041021143456544,0.15797188485110764,0.07316260070790585,0.7304901288923519,0.1635609211156276,0.1059489499920205,1.0,144.0
2021/22,2022-02-12,Greuther Furth,Hertha,2,1,195,22,0,0.3559888675648133,0.3273632770759851,0.31664785535920165,0.2575081015020167,0.3729951284174881,0.31479087794333294,0.31221399363917923,0.24530634340616372,0.35439334369571185,0.2860016457895218,0.3596050105147664,1.0,144.0
2021/22,2022-02-12,M'gladbach,Augsburg,3,2,196,22,0,0.4137416060695009,0.2543688899689796,0.33188950396151906,0.22692477364689584,0.4918369369618443,0.24084678210304677,0.2673162809351092,0.16484384634464935,0.6333640195745918,0.20621154125684382,0.1604244391685644,1.0,144.0
2021/22,2022-02-13,Union Berlin,Dortmund,0,3,197,22,2,0.36906720503315255,0.2667330145449132,0.3641997804219339,0.27022626052324983,0.4205462981128144,0.2616235234574909,0.3178301784296948,0.32110742715882723,0.27030374437066823,0.2787748018865581,0.45092145374277376,1.0,144.0
2021/22,2022-02-13,Hoffenheim,Bielefeld,2,0,198,22,0,0.6108945801213467,0.23075298595854277,0.1583524339201108,0.08823926055368304,0.5594188700553832,0.24225252307722173,0.19832860686739523,0.11672298418261856,0.6542066536469525,0.2022340070402405,0.14355933931280696,1.0,144.0
2021/22,2022-02-18,Mainz,Leverkusen,3,2,199,23,0,0.3726702140925261,0.2589471134443901,0.36838267246308354,0.26462422682888037,0.41643101801418286,0.25001255216826285,0.33355642981755423,0.22590632430429802,0.3184377212196686,0.27080437787933037,0.41075790090100106,1.0,144.0
2021/22,2022-02-19,Wolfsburg,Hoffenheim,1,2,200,23,2,0.3396318851663176,0.23561117966084266,0.42475693517284,0.22312720052668564,0.3824753145328376,0.23538612572941606,0.3821385597377462,0.26402006279496976,0.3167709163566111,0.26670902766810034,0.4165200559752886,1.0,144.0
2021/22,2022-02-19,Bielefeld,Union Berlin,1,0,201,23,0,0.19890805427592542,0.25995043795963696,0.5411415077644376,0.4672912184647763,0.2389220127496753,0.2909302491092799,0.470147738141045,0.40013929917807295,0.31147540983606553,0.30376084860173574,0.3847637415621986,1.0,144.0
2021/22,2022-02-19,Stuttgart,Bochum,1,1,202,23,1,0.38833882191741553,0.286956017958957,0.3247051601236274,0.12812024080955836,0.39895107876078983,0.28777019704905626,0.3132787241901535,0.12865276113730423,0.46347817351028714,0.290189598251248,0.24633222823846496,1.0,144.0
2021/22,2022-02-19,FC Koln,Ein Frankfurt,1,0,203,23,0,0.5119329961357855,0.25431758541186084,0.23374941845235345,0.14642409544390236,0.44243792400994564,0.28149274123405643,0.2760693347559983,0.1935448730874792,0.40789840345095363,0.27732469356438777,0.31477690298465877,1.0,144.0
2021/22,2022-02-19,Augsburg,Freiburg,1,2,204,23,2,0.27935520632678545,0.22690628032763674,0.4937385133455777,0.16717001208571325,0.2722061843678414,0.23875829987611924,0.4890355157560391,0.167590455483398,0.2931515089273925,0.2829844045715292,0.42386408650107826,1.0,144.0
2021/22,2022-02-20,Dortmund,M'gladbach,6,0,205,23,0,0.6729574106312493,0.17489071209701149,0.15215187727173957,0.06505352450916586,0.6925560716192123,0.16141285971291625,0.14603106866787166,0.05792342105724575,0.5131228725718526,0.24495815524786937,0.24191897218027794,1.0,144.0
2021/22,2022-02-20,Hertha,RB Leipzig,1,6,206,23,2,0.13060353082663487,0.17670268556168872,0.6926937836116766,0.05574719644764546,0.13804514765981843,0.186742882304543,0.6752119700356384,0.06227186360027599,0.15210719688783228,0.21162740436567973,0.636265398746488,1.0,144.0
2021/22,2022-02-20,Bayern Munich,Greuther Furth,4,1,207,23,0,0.8722926657342762,0.06294613915522643,0.06476119511049737,0.01025158780869861,0.8749767698387846,0.06062519763403076,0.06439803252718462,0.00988895733665829,0.899295482801492,0.06937422295897223,0.03133029423953585,1.0,144.0
2021/22,2022-02-25,Hoffenheim,Stuttgart,2,1,208,24,0,0.642355682807646,0.2000604138542928,0.15758390333806144,0.07637107210562227,0.5568704538533991,0.22864593899009875,0.2144836071565018,0.12118350620347865,0.6169486126011327,0.21613720796225938,0.16691417943660783,1.0,144.0
2021/22,2022-02-26,Ein Frankfurt,Bayern Munich,0,1,209,24,2,0.13010564561241938,0.12945209663535856,0.740442257752222,0.0421488502904942,0.1368448693171801,0.13572063410097043,0.7274344965818496,0.04650923595601297,0.17068296646697137,0.18388674311818992,0.6454302904148388,1.0,144.0
2021/22,2022-02-26,Union Berlin,Mainz,3,1,210,24,0,0.3755012570471662,0.2871926662401709,0.33730607671266283,0.25188703466847917,0.3636414461296444,0.29582889483649355,0.34052965903386223,0.26045632888284426,0.3669083763316058,0.3139888989760857,0.31910272469230866,1.0,144.0
2021/22,2022-02-26,M'gladbach,Wolfsburg,2,2,211,24,1,0.27947889740157117,0.24845717201402695,0.472063930584402,0.15047640432579648,0.35273264706262797,0.25023158319365707,0.39703576974371474,0.14102886137989637,0.46363528731709697,0.27479507197726816,0.2615696407056349,1.0,144.0
2021/22,2022-02-26,Greuther Furth,FC Koln,1,1,212,24,1,0.25349530056791125,0.28214475321390864,0.4643599462181803,0.1399450135308834,0.22090952010172324,0.2829038504897918,0.4961866294084849,0.14750109363766345,0.2538127653518654,0.26481819691183794,0.48136903773629663,1.0,144.0
2021/22,2022-02-26,Freiburg,Hertha,3,0,213,24,0,0.607477506626303,0.2233431456376254,0.1691793477360715,0.09134777975235336,0.6240866870809211,0.20564491753936268,0.17026839537971614,0.08515107264749036,0.6829181894663702,0.19531460218738186,0.12176720834624803,1.0,144.0
2021/22,2022-02-26,Leverkusen,Bielefeld,3,0,214,24,0,0.762034704491841,0.1358464515199164,0.10211884398824272,0.033527870081890246,0.7534859107905885,0.1433687678790658,0.1031453213303459,0.03570407674554299,0.7224725376506128,0.1690360356721538,0.1084914266772333,1.0,144.0
2021/22,2022-02-27,Augsburg,Dortmund,1,1,215,24,1,0.20565843279499035,0.18394872334390222,0.6103928438611075,0.20743740740827094,0.197705354048381,0.17777573342546277,0.6245189125261562,0.21455563956112422,0.23132724683383352,0.25488276282996797,0.5137899903361987,1.0,144.0
2021/22,2022-02-27,Bochum,RB Leipzig,0,1,216,24,2,0.26447728820697064,0.2285392490355441,0.506983462757485,0.15650677098595644,0.3177616193037053,0.24674973111322193,0.43548864958307276,0.20982275572602788,0.20816067269592575,0.26299869937388465,0.5288406279301896,1.0,144.0
2021/22,2022-03-04,Bielefeld,Augsburg,0,1,217,25,2,0.25425834966679234,0.27865814557611135,0.46708350475709604,0.17432364963863034,0.3027241134239756,0.2845040625214667,0.41277182405455776,0.21823940973627168,0.4086217933120459,0.2880843911551002,0.30329381553285395,1.0,144.0
2021/22,2022-03-05,Bayern Munich,Leverkusen,1,1,218,25,1,0.6127506147579431,0.19541599462426446,0.19183339061779267,0.20613168282107788,0.5872550243679967,0.20208655783563723,0.21065841779636585,0.19462271631696237,0.7031634686779475,0.16336120989487665,0.13347532142717575,1.0,144.0
2021/22,2022-03-05,Bochum,Greuther Furth,2,1,219,25,0,0.5358295270704879,0.2643717976446224,0.1997986752848901,0.12768686929260187,0.5111923441446901,0.27683507836776733,0.21197257748754292,0.14193264901473768,0.5581921283467961,0.25176191355847766,0.19004595809472632,1.0,144.0
2021/22,2022-03-05,Hertha,Ein Frankfurt,1,4,220,25,2,0.33272084005173747,0.2745391024599151,0.39274005748834717,0.23973389759199468,0.29538256121268713,0.2616058776537224,0.44301156113359025,0.19874348924970342,0.2911165043353683,0.2622389958624229,0.4466444998022089,1.0,144.0
2021/22,2022-03-05,RB Leipzig,Freiburg,1,1,221,25,1,0.6450036157585727,0.1853222887329477,0.16967409550847962,0.22240948151412657,0.6751229203921263,0.17525740739844534,0.1496196722094284,0.23908850197542506,0.6259249655942718,0.2277426518007327,0.14633238260499565,1.0,144.0
2021/22,2022-03-05,Wolfsburg,Union Berlin,1,0,222,25,0,0.3542933978824386,0.28657351012397714,0.35913309199358434,0.27295679689153957,0.3586531816617845,0.2756947040371863,0.36565211430102945,0.27251360504268246,0.4167464355886946,0.3014761448939493,0.281777419517356,1.0,144.0
2021/22,2022-03-05,Stuttgart,M'gladbach,3,2,223,25,0,0.4453853612587595,0.24351385475542683,0.31110078398581376,0.20219054765133232,0.3913134029582735,0.2654984371635279,0.3431881598781985,0.2441387432494106,0.3410474756779832,0.2782483654256634,0.38070415889635334,1.0,144.0
2021/22,2022-03-06,FC Koln,Hoffenheim,0,1,224,25,2,0.4321160359155447,0.27434874317425983,0.29353522091019546,0.34290837629488535,0.45337963466834474,0.25945458490359535,0.28716578042805974,0.3568428588623694,0.33302497687326543,0.2590194264569843,0.40795559666975023,1.0,144.0
2021/22,2022-03-12,Freiburg,Wolfsburg,3,2,225,26,0,0.5729776643594888,0.2254989253718086,0.2015234102687024,0.11147988001110261,0.50281671407182,0.24924018369445017,0.2479431022337301,0.15433350087581404,0.4864887459161938,0.2708704651777145,0.24264078890609164,1.0,144.0
2021/22,2022-03-12,Hoffenheim,Bayern Munich,1,1,226,26,1,0.27113268169930294,0.19094829839831853,0.5379190199023786,0.18143490152909553,0.3033998003306867,0.19605353086191488,0.5005466688073983,0.17129920324744197,0.15342413139988928,0.17362588535645834,0.6729499832436523,1.0,144.0
2021/22,2022-03-12,M'gladbach,Hertha,2,0,227,26,0,0.6598267032579873,0.1675277675918149,0.1726455291501979,0.07276217527594062,0.628380621485633,0.18500933167154,0.1866100468428272,0.08646213603504323,0.6378433279680493,0.20675853639642278,0.15539813563552793,1.0,144.0
2021/22,2022-03-12,Union Berlin,Stuttgart,1,1,228,26,1,0.5202010852514249,0.2550130242254314,0.22478589052314354,0.16056893283752152,0.5231971390357124,0.26312377858484176,0.21367908237944586,0.15969699827083833,0.45743401082684054,0.2896179831862245,0.25294800598693506,1.0,144.0
2021/22,2022-03-13,Greuther Furth,RB Leipzig,1,6,229,26,2,0.16977568659164075,0.20650898777959395,0.6237153256287652,0.08520696996216458,0.17946028441555933,0.22200955998326227,0.5985301556011784,0.09669201482206374,0.10072600955506804,0.17239301104380672,0.7268809794011253,1.0,144.0
2021/22,2022-03-13,Ein Frankfurt,Bochum,2,1,230,26,0,0.3068090836202666,0.28173244984268514,0.4114584665370479,0.3249058581181969,0.33511954801349353,0.30807041464948093,0.35681003733702527,0.28468970908911534,0.6166499959449596,0.23705766267470466,0.14629234138033578,1.0,144.0
2021/22,2022-03-13,Leverkusen,FC Koln,0,1,231,26,2,0.6296331924498209,0.1967937265947648,0.17357308095541432,0.5397097047780396,0.618135531903271,0.20267355869849743,0.1791909093982316,0.5279095495079209,0.5736822695422945,0.2252332236078292,0.20108450684987642,1.0,144.0
2021/22,2022-03-13,Dortmund,Bielefeld,1,0,232,26,0,0.6823130643286357,0.20589008342001885,0.11179685225134554,0.05671176263478537,0.6862793244176273,0.2014787734998367,0.1122419020825359,0.05550945343548297,0.7222463543282656,0.17257213775985106,0.10518150791188334,1.0,144.0
2021/22,2022-03-16,Mainz,Dortmund,0,1,233,26,2,0.31232241069947114,0.28079311697250536,0.40688447232802344,0.22466565869536814,0.2805975644974014,0.2635256606813229,0.4558767748212758,0.18740253869038498,0.3232811959999554,0.273615090469236,0.4031037135308086,1.0,144.0
2021/22,2022-03-18,Bochum,M'gladbach,0,2,234,27,2,0.5525961175300729,0.23306837514477446,0.2143355073251526,0.4613155820796676,0.5354527828467821,0.2519161854077989,0.21263103174541895,0.4533297874143233,0.3363789479960054,0.2689183347990043,0.3947027172049902,1.0,144.0
2021/22,2022-03-19,Greuther Furth,Freiburg,0,0,235,27,1,0.25108782354357506,0.2518959554433288,0.49701622101309595,0.15503510954099417,0.20126553177102213,0.22832850180411826,0.5704059664248595,0.1829353904060752,0.1933808417478331,0.24537016352426058,0.5612489947279063,1.0,144.0
2021/22,2022-03-19,Hertha,Hoffenheim,3,0,236,27,0,0.1638406379094365,0.18365218591045193,0.6525071761801116,0.5624640468891207,0.2119288336461426,0.2125991939482371,0.5754719724056206,0.47611207713137216,0.27254812529811745,0.2637325525121945,0.463719322189688,1.0,144.0
2021/22,2022-03-19,Mainz,Bielefeld,4,0,237,27,0,0.5646040494879405,0.2857115730492941,0.14968437746276506,0.1059875232893577,0.5329304684870766,0.2974672937040086,0.1696022378089149,0.12345943316874673,0.6549219768853711,0.22279309259342536,0.12228493052120337,1.0,144.0
2021/22,2022-03-19,Stuttgart,Augsburg,3,2,238,27,0,0.5113791064246291,0.2749864629473287,0.2136344306280423,0.14219502379408083,0.5200246989606525,0.27303202732100024,0.206943273718347,0.13660090407253953,0.5196940395796134,0.2706439873711006,0.2096619730492861,1.0,144.0
2021/22,2022-03-19,Bayern Munich,Union Berlin,4,0,239,27,0,0.6276110858458825,0.18176315813231397,0.19062575602180376,0.0875058411218834,0.6592419302320517,0.17101810716725227,0.16973996260069624,0.07246385850783181,0.8507853403141362,0.09947643979057591,0.049738219895287955,1.0,144.0
2021/22,2022-03-20,Wolfsburg,Leverkusen,0,2,240,27,2,0.1779295726925033,0.19503422597126638,0.6270362013362305,0.0853804639761229,0.18893463614896994,0.19267881314285154,0.6183865507081786,0.09066256070857263,0.30396136258541845,0.2741612289986127,0.4218774084159687,1.0,144.0
2021/22,2022-03-20,RB Leipzig,Ein Frankfurt,0,0,241,27,1,0.5975730231834361,0.21808931600428208,0.18433766081228184,0.19553694561516766,0.6324925847913014,0.20893149611996048,0.15857591908873792,0.21259659596540983,0.6831499473956107,0.19192621311900263,0.12492383948538661,1.0,144.0
2021/22,2022-03-20,FC Koln,Dortmund,1,1,242,27,1,0.26997422948990074,0.2559078974048332,0.47411787310526643,0.14883692109326335,0.279855596528479,0.2561632275559583,0.4639811759155625,0.1467988432561496,0.26493779859826894,0.24379563013157413,0.4912665712701568,1.0,144.0
2021/22,2022-04-01,Union Berlin,FC Koln,1,0,243,28,0,0.5798308291838702,0.23629231946789842,0.18387685134823153,0.10517641428302683,0.5453667566364341,0.25012884669594926,0.20450439666761683,0.12425671711383063,0.42089225489616,0.29770427785338144,0.28140346725045856,1.0,144.0
2021/22,2022-04-02,Bielefeld,Stuttgart,1,1,244,28,1,0.20175332781875166,0.2602080033185548,0.5380386688626936,0.16509500723873988,0.20930753488670226,0.2611923099928373,0.5295001551204606,0.1620900292164699,0.2782508899788745,0.29590426970563083,0.42584484031549485,1.0,144.0
2021/22,2022-04-02,Freiburg,Bayern Munich,1,4,245,28,2,0.2583346602730465,0.19640913229331272,0.5452562074336407,0.13676435678801313,0.24165592258195145,0.1985939380057709,0.5597501394122774,0.12610876233322155,0.15503693537402924,0.19812022167472298,0.6468428429512478,1.0,144.0
2021/22,2022-04-02,Ein Frankfurt,Greuther Furth,0,0,246,28,1,0.4933505351228789,0.32058534019632423,0.1860641246807969,0.13900730449963106,0.5346806323235842,0.28645612321368974,0.17886324446272628,0.15893771940084037,0.7490924185047957,0.1654673321697237,0.08544024932548067,1.0,144.0
2021/22,2022-04-02,Hoffenheim,Bochum,1,2,247,28,2,0.45399753006353516,0.2551497461759109,0.290852723760554,0.3545018083508079,0.4800629029509947,0.23926433272791578,0.2806727643210898,0.3739460313895994,0.6595261827458706,0.20043095492071633,0.14004286233341298,1.0,144.0
2021/22,2022-04-02,Dortmund,RB Leipzig,1,4,248,28,2,0.3349390787700344,0.2598691962338498,0.40519172499611544,0.23299053525020783,0.359153105298026,0.2699233835243783,0.37092351117759587,0.2623640909171697,0.4160796296635134,0.25799132710006767,0.3259290432364188,1.0,144.0
2021/22,2022-04-02,Leverkusen,Hertha,2,1,249,28,0,0.7611004542392517,0.14028546887909496,0.0986140768816533,0.03339886456195627,0.7807144198862979,0.12697628917060097,0.09230929094310118,0.028303585420110487,0.6665555160215272,0.20316723452848218,0.13027724944999058,1.0,144.0
2021/22,2022-04-03,Augsburg,Wolfsburg,3,0,250,28,0,0.39394504601691516,0.28488624532118767,0.32116870866189734,0.23522597333549483,0.45771452532671303,0.25888202896709805,0.28340344570618897,0.1871955245398865,0.36369315389918827,0.2869016375333772,0.3494052085674344,1.0,144.0
2021/22,2022-04-03,M'gladbach,Mainz,1,1,251,28,1,0.30965387550414303,0.284418516275276,0.4059276082205807,0.13033137286520838,0.3194701186768626,0.26583379514734445,0.4146960861757929,0.13701700030846464,0.4017630965650015,0.27814368223730873,0.3200932211976898,1.0,144.0
2021/22,2022-04-06,Augsburg,Mainz,2,1,252,28,0,0.2850252877827547,0.2714740646814922,0.443500647535753,0.35394083173738244,0.260329534458852,0.24640444501249512,0.4932660205286526,0.395211882301016,0.2958041983737089,0.28216481170518054,0.4220309899211106,1.0,144.0
2021/22,2022-04-08,Stuttgart,Dortmund,0,2,253,29,2,0.38668074598997043,0.23408074244479024,0.37923851156523974,0.2674334124215498,0.35294918719878954,0.2278944786302162,0.41915633417099446,0.2309762464389819,0.2556695966221419,0.2510688583795841,0.49326154499827385,1.0,144.0
2021/22,2022-04-09,Bayern Munich,Augsburg,1,0,254,29,0,0.7697882262339074,0.1244483360927558,0.10576343767333686,0.03209168276450619,0.8091462323164192,0.1040627792814141,0.08679098840216641,0.021978918153421623,0.8370965965414693,0.10221390020927414,0.060689503249256524,1.0,144.0
2021/22,2022-04-09,FC Koln,Mainz,3,2,255,29,0,0.27878508284615383,0.28680563445711466,0.4344092826967318,0.354431190809159,0.2983622558407548,0.2802365049392562,0.4214012392199891,0.33493726422250836,0.35426606523354043,0.2927468083965783,0.3529871263698814,1.0,144.0
2021/22,2022-04-09,Greuther Furth,M'gladbach,0,2,256,29,2,0.26073068717772707,0.26869249851869986,0.47057681430357307,0.17413470039456155,0.3091962174534652,0.29042112132118814,0.4003826612253465,0.2275716269233639,0.2040914533519403,0.23728108290189176,0.558627463746168,1.0,144.0
2021/22,2022-04-09,Wolfsburg,Bielefeld,4,0,257,29,0,0.5714788858261804,0.25164112890565404,0.17687998526816545,0.10745843724061907,0.6352291104159727,0.22532670805027505,0.1394441815337523,0.07625124082577031,0.5802490782043679,0.25254364025475085,0.1672072815408813,1.0,144.0
2021/22,2022-04-09,Hertha,Union Berlin,1,4,258,29,2,0.2387422887358217,0.2477175899365034,0.5135401213276749,0.14682054699435584,0.21636650489994166,0.2522447911038693,0.5313887039961893,0.13320550559249394,0.2693284936479129,0.3074410163339383,0.4232304900181488,1.0,144.0
2021/22,2022-04-10,Bochum,Leverkusen,0,0,259,29,1,0.3598040193409596,0.2681443090464695,0.3720516716125708,0.13394068934180892,0.36734520562464945,0.2660951289653931,0.36655966540995755,0.13465424420043798,0.24792533818938609,0.24855619146722166,0.5035184703433924,1.0,144.0
2021/22,2022-04-10,Ein Frankfurt,Freiburg,1,2,260,29,2,0.32532077225498607,0.2652998974969699,0.40937933024804424,0.2273331901994148,0.3481347013216253,0.2705349530866555,0.38133034559171936,0.2519749557749794,0.3995953085772098,0.2845954959343501,0.31580919548844005,1.0,144.0
2021/22,2022-04-10,RB Leipzig,Hoffenheim,3,0,261,29,0,0.4633534546799627,0.25904769239811315,0.27759885292192427,0.18252531887374948,0.4751410862653816,0.2605835071205398,0.26427540661407867,0.17265918493386015,0.6668799756218337,0.19241991391460025,0.14070011046356606,1.0,144.0
2021/22,2022-04-16,Dortmund,Wolfsburg,6,1,262,30,0,0.5874305906685172,0.2255291625673975,0.18704024676408534,0.10259878571284925,0.5780322199113489,0.22123844713571916,0.20072933295293208,0.10917453627033662,0.6170519281846252,0.21427297725971603,0.1686750945556588,1.0,144.0
2021/22,2022-04-16,Augsburg,Hertha,0,1,263,30,2,0.47437522266027415,0.26632659047157464,0.25929818686815115,0.38683551392539645,0.44807732664475974,0.2717733549320933,0.2801493184231465,0.3594791472098873,0.49596536114938006,0.2714032670734108,0.23263137177720922,1.0,144.0
2021/22,2022-04-16,Freiburg,Bochum,3,0,264,30,0,0.3795225364972605,0.26563494377919683,0.3548425197235427,0.2554527482592731,0.3811914214049326,0.28743108095792436,0.3313774976371427,0.24636755144155126,0.5848065113483721,0.24233917467786134,0.1728543139737666,1.0,144.0
2021/22,2022-04-16,Mainz,Stuttgart,0,0,265,30,1,0.6214100808119087,0.2030469354889,0.17554298369919094,0.20848291383033873,0.5814839753998038,0.2143030681529621,0.20421295644723375,0.18991327261383978,0.4746948527146642,0.26864598807478246,0.2566591592105533,1.0,144.0
2021/22,2022-04-16,M'gladbach,FC Koln,1,3,266,30,2,0.46989673131056847,0.2504416038896689,0.27966166479976257,0.36984512762770305,0.41867135462305904,0.2679988201917707,0.31332982518517,0.323400816081068,0.45692342841074846,0.25799898068575244,0.285077590903499,1.0,144.0
2021/22,2022-04-17,Bielefeld,Bayern Munich,0,3,267,30,2,0.1029598550181813,0.10181291194184465,0.7952272330399743,0.026266308916915004,0.10096361844356883,0.09572060662664932,0.8033157749297817,0.024439168320345393,0.06082105390819235,0.11448668970953854,0.8246922563822692,1.0,144.0
2021/22,2022-04-17,Hoffenheim,Greuther Furth,0,0,268,30,1,0.7458607651863233,0.1565294566893612,0.0976097781243156,0.28291797491490284,0.7185469079431428,0.17447798121746774,0.10697511083938928,0.2638766666268755,0.808133472367049,0.12930135557872782,0.06256517205422314,1.0,144.0
2021/22,2022-04-17,Union Berlin,Ein Frankfurt,2,0,269,30,0,0.43838971148377387,0.29946101777273726,0.26214927074348876,0.19206417815931093,0.4758473091953576,0.2911062459901066,0.23304644481453607,0.16452334435922072,0.4775572394742826,0.27269981641289115,0.24974294411282635,1.0,144.0
2021/22,2022-04-17,Leverkusen,RB Leipzig,0,1,270,30,2,0.3639884582920125,0.29608694304304656,0.3399245986649413,0.2840935666087177,0.3502898208056672,0.2975565723134922,0.35215360688084046,0.2712039538187854,0.36904521155834696,0.29019875686338853,0.34075603157826456,1.0,144.0
2021/22,2022-04-22,Wolfsburg,Mainz,5,0,271,31,0,0.29189888159997973,0.2500656676766161,0.45803545072340435,0.3556018339993758,0.35798082283883775,0.25832789502270387,0.38369128213845866,0.279703811915875,0.37971391417425226,0.28478543563068925,0.33550065019505854,1.0,144.0
2021/22,2022-04-23,Bayern Munich,Dortmund,3,1,272,31,0,0.6412380788501018,0.1757357634823438,0.18302615766755453,0.08110434522885716,0.618049783292987,0.17700912570062574,0.20494109100638738,0.09394340941271125,0.7277956173471187,0.1548749073714669,0.11732947528141431,1.0,144.0
2021/22,2022-04-23,RB Leipzig,Union Berlin,1,2,273,31,2,0.49058535743029963,0.27661531317094923,0.23279932939875084,0.41463543094801036,0.488503296399166,0.27992145200892765,0.23157525159190667,0.4145560322794468,0.5905072126570499,0.2591321544904607,0.15036063285248955,1.0,144.0
2021/22,2022-04-23,Greuther Furth,Leverkusen,1,4,274,31,2,0.17078437272587932,0.2725133170069386,0.5567023102671823,0.11284007184491289,0.16030502269464944,0.2674077847921965,0.5722871925131537,0.1043179729947059,0.09964692036092586,0.15300117693213025,0.7473519027069438,1.0,144.0
2021/22,2022-04-23,Freiburg,M'gladbach,3,3,275,31,1,0.5363063160696057,0.2122664556752841,0.25142722825511044,0.17542005788209952,0.5786865726165441,0.2058084647508067,0.21550496263264926,0.19066026912299114,0.5280568676626713,0.24422630129398554,0.22771683104334314,1.0,144.0
2021/22,2022-04-23,FC Koln,Bielefeld,3,1,276,31,0,0.7292235441970036,0.17276988166817087,0.09800657413482547,0.04146258879543855,0.7337916425202773,0.16908963979417854,0.09711871768554423,0.04014946745846813,0.6924492844408038,0.19295523538765483,0.11459548017154146,1.0,144.0
2021/22,2022-04-23,Ein Frankfurt,Hoffenheim,2,2,277,31,1,0.34497693783027306,0.27216165237061213,0.38286140979911487,0.13279597337405888,0.3819823110239214,0.2671492830991262,0.3508684058769524,0.13450956208890483,0.4166813302833011,0.2539151856413866,0.32940348407531234,1.0,144.0
2021/22,2022-04-24,Hertha,Stuttgart,2,0,278,31,0,0.3919884436719686,0.2556658893628723,0.352345666965159,0.24691276082877883,0.4062748664392425,0.24551851709982192,0.3482066164609356,0.23687869098445624,0.29542645241038323,0.29542645241038323,0.40914709517923364,1.0,144.0
2021/22,2022-04-24,Bochum,Augsburg,0,2,279,31,2,0.5239965382741664,0.26620676777489594,0.20979669395093772,0.449496818507089,0.47637005278642686,0.2996741211121478,0.22395582610142525,0.41458649351683213,0.42708958171789735,0.29818144577255634,0.27472897250954637,1.0,144.0
2021/22,2022-04-29,Union Berlin,Greuther Furth,1,1,280,32,1,0.6562534978644259,0.21825325923508324,0.12549324290049094,0.22320860373648782,0.6673249987680384,0.21303188396763892,0.1196431172643226,0.22981856474474346,0.7714062150681869,0.16118935837245696,0.06740442655935613,1.0,144.0
2021/22,2022-04-30,Augsburg,FC Koln,1,4,281,32,2,0.23731665767860521,0.29447203033172437,0.4682113119896705,0.16955920235374594,0.20662278089967878,0.27524192863694175,0.5181352904633792,0.13744328594176417,0.3066610655513141,0.26801336961881966,0.42532556482986605,1.0,144.0
2021/22,2022-04-30,Dortmund,Bochum,3,4,282,32,2,0.3948039824810161,0.27403248917950884,0.3311635283394753,0.30160620520308534,0.4493263265477147,0.26056639452413116,0.2901072789281544,0.3529209115798265,0.6782149148561362,0.180857310628303,0.1409277745155608,1.0,144.0
2021/22,2022-04-30,Bielefeld,Hertha,1,1,283,32,1,0.2819824193447837,0.33143965133931125,0.3865779293159049,0.11447829012685518,0.24744735168314175,0.33025606433730365,0.42229658397955455,0.11978229834790072,0.34735706580366776,0.29773462783171517,0.35490830636461707,1.0,144.0
2021/22,2022-04-30,Stuttgart,Wolfsburg,1,1,284,32,1,0.36523370183699144,0.25458379773286377,0.3801825004301449,0.13896719529543472,0.35107200137003225,0.24762233057633443,0.40130566805363355,0.14214889467896644,0.5140741961450457,0.25771529622047146,0.2282105076344829,1.0,144.0
2021/22,2022-04-30,Mainz,Bayern Munich,3,1,285,32,0,0.30280870690159234,0.24326372675569857,0.4539275663427089,0.3460629673290222,0.31744962631911333,0.24397022882182043,0.4385801448590663,0.3291137780382588,0.2035488787868235,0.21383816276945414,0.5826129584437224,1.0,144.0
2021/22,2022-04-30,Hoffenheim,Freiburg,3,4,286,32,2,0.29601794966163125,0.267533294831317,0.4364487555070519,0.20260831584571337,0.29020081631520117,0.2708223758345509,0.43897680785024795,0.19948176795995337,0.4132869664425112,0.25912436784887616,0.3275886657086126,1.0,144.0
2021/22,2022-05-02,Leverkusen,Ein Frankfurt,2,0,287,32,0,0.603826048623884,0.23074541573501264,0.16542853564110313,0.09216020007666247,0.5773615686389661,0.24569764560489776,0.17694078575613617,0.10496564266365709,0.6579722481320094,0.19515008561831138,0.14687766624967932,1.0,144.0
2021/22,2022-05-02,M'gladbach,RB Leipzig,3,1,288,32,0,0.2671978983071351,0.2271128581324566,0.5056892435604085,0.396360265649089,0.24062923362398703,0.23166582579325137,0.5277049405827621,0.42755823257097464,0.19272839809192485,0.22679202194073014,0.580479579967345,1.0,144.0
2021/22,2022-05-06,Bochum,Bielefeld,2,1,289,33,0,0.6648688296918221,0.20831497357117962,0.1268161967369984,0.06419762453348299,0.690932024351131,0.19087502110238996,0.11819295454647935,0.054746294038057974,0.44437677774354634,0.26638389946479624,0.2892393227916574,1.0,144.0
2021/22,2022-05-07,FC Koln,Wolfsburg,0,1,290,33,2,0.4343468354830547,0.2647673630553201,0.3008858014616251,0.338708918046049,0.3436478555512929,0.28260921052532717,0.3737429339233801,0.25514588071794914,0.6466909805488943,0.19928640420996535,0.15402261524114041,1.0,144.0
2021/22,2022-05-07,Freiburg,Union Berlin,1,4,291,33,2,0.3645369602372006,0.31655094465664685,0.3189120951061526,0.29838396478583445,0.30003006644644353,0.3162587848089268,0.3837111487446297,0.23491499447676067,0.5392059751449582,0.2595645784607378,0.20122944639430398,1.0,144.0
2021/22,2022-05-07,Greuther Furth,Dortmund,1,3,292,33,2,0.14657626624590192,0.18777030854901777,0.6656534252050806,0.06663611695184218,0.14939851076095034,0.1835836413679622,0.6670178478710879,0.06659851432699604,0.12923153673216844,0.16975710574225605,0.7010113575255755,1.0,144.0
2021/22,2022-05-07,Hoffenheim,Leverkusen,2,4,293,33,2,0.2719131623678578,0.25749652814431595,0.4705903094878262,0.17710569413854224,0.2670046134722322,0.24553128939009042,0.4874640971376772,0.1669922576691762,0.33266980767302984,0.24209139469274946,0.42523879763422084,1.0,144.0
2021/22,2022-05-07,Hertha,Mainz,1,2,294,33,2,0.28479832881813677,0.2787596233340109,0.43644204784785234,0.19935382676576296,0.29606703248421207,0.2812605671966732,0.4226724003191151,0.21048142253865004,0.3351710273826567,0.29127958332064213,0.37354938929670134,1.0,144.0
2021/22,2022-05-08,Bayern Munich,Stuttgart,2,2,295,33,1,0.7673587508377278,0.128813972795165,0.10382727636710744,0.2998097779025248,0.7138686508471901,0.156058851379715,0.13007249777309493,0.26326365266965956,0.7513971563935348,0.14381340233644804,0.1047894412700173,1.0,144.0
2021/22,2022-05-08,Ein Frankfurt,M'gladbach,1,1,296,33,1,0.4424318041387684,0.2555077781861401,0.30206041767509145,0.14349319861976811,0.43594823941846633,0.250103317364564,0.31394844321696963,0.14430724622520963,0.36662480445942675,0.25099698151453065,0.3823782140260427,1.0,144.0
2021/22,2022-05-08,RB Leipzig,Augsburg,4,0,297,33,0,0.5004285979930853,0.29265608896237877,0.20691531304453592,0.14619276623773636,0.5291836973705448,0.28932242829008437,0.18149387433937056,0.12730400862219302,0.7911224512648399,0.14523591269488853,0.06364163604027162,1.0,144.0
2021/22,2022-05-14,Dortmund,Hertha,2,1,298,34,0,0.47643477665377404,0.2629797764293578,0.26058544691686825,0.1710126591212237,0.44880261409971783,0.2720426306867024,0.2791547552135797,0.19087296779082907,0.6247378161628624,0.1947563232572486,0.18050586057988893,1.0,144.0
2021/22,2022-05-14,Bielefeld,RB Leipzig,1,1,299,34,1,0.10267713457805887,0.13060803078144562,0.7667148346404953,0.29919711581148156,0.10498386348254585,0.1370764646592136,0.7579396718582405,0.2927470788841495,0.11185693190941084,0.18026014863468254,0.7078829194559065,1.0,144.0
2021/22,2022-05-14,Stuttgart,FC Koln,2,1,300,34,0,0.31143609477945433,0.2910844498026676,0.397479455417878,0.31605508452593073,0.3563530196395545,0.2849975224848185,0.3586494578756273,0.2714554344808004,0.43507690340818295,0.242908941108787,0.32201415548303014,1.0,144.0
2021/22,2022-05-14,Augsburg,Greuther Furth,2,1,301,34,0,0.49909004112101174,0.3124391979627412,0.18847076091624695,0.14321600731224943,0.4598476648722727,0.32130888332437185,0.21884345180335568,0.1698285007705721,0.5697710265967882,0.22631092177909812,0.20391805162411367,1.0,144.0
2021/22,2022-05-14,M'gladbach,Hoffenheim,5,1,302,34,0,0.5394773082572834,0.1975218271325776,0.2630008646101389,0.14062530219781896,0.5629068786778596,0.18901047148636507,0.24808264983577533,0.12629769892833562,0.4693013408609739,0.22230063514467183,0.30839802399435423,1.0,144.0
2021/22,2022-05-14,Union Berlin,Bochum,3,2,303,34,0,0.6576092256569562,0.1952299327539392,0.1471608415891045,0.06944387782622133,0.707430010910872,0.16615917717436635,0.12641081191476178,0.050788445942280866,0.736002675083723,0.166356769025773,0.09764055589050397,1.0,144.0
2021/22,2022-05-14,Wolfsburg,Bayern Munich,2,2,304,34,1,0.2567681146029252,0.22633196158961205,0.516899923807463,0.16655769795445086,0.24140769860260622,0.21922017289109658,0.5393721285062972,0.1745999849770102,0.15156250000000002,0.16640625,0.68203125,1.0,144.0
2021/22,2022-05-14,Mainz,Ein Frankfurt,2,2,305,34,1,0.4119524238969024,0.3167343821451955,0.2713131939579026,0.12165782438508568,0.45093910905512563,0.3135084049710415,0.23555248597383324,0.12941552686194163,0.5197998928450279,0.23535733646978263,0.2448427706851895,1.0,144.0
2021/22,2022-05-14,Leverkusen,Freiburg,2,1,306,34,0,0.4867827504551592,0.21870679203128232,0.2945104575135588,0.1750641774076085,0.5070994782001578,0.23124872191283805,0.26165179988700416,0.1557062943873328,0.43248669595535455,0.24206344922874326,0.3254498548159023,1.0,144.0
2022/23,2022-08-05,Ein Frankfurt,Bayern Munich,1,6,1,1,2,0.34407027176587396,0.26226796899166127,0.39366175924246466,0.2430152070589926,0.29011986813419377,0.25536902769105146,0.4545111041747547,0.19086383667742363,0.15640702515592844,0.18414713905150826,0.6594458357925632,1.0,144.0
2022/23,2022-08-06,Dortmund,Leverkusen,1,0,2,1,0,0.41899033799805235,0.26091262928680925,0.32009703271513845,0.2200171688463269,0.3846653397356449,0.26096198514521357,0.35437267511914183,0.252108368496873,0.46527777777777773,0.24305555555555558,0.29166666666666663,1.0,144.0
2022/23,2022-08-06,Union Berlin,Hertha,3,1,3,1,0,0.39399575001777903,0.2624911491216173,0.343513100860604,0.24262120072969068,0.45623421651876667,0.2701473402972932,0.27361844318394,0.1852741398676813,0.511223221466696,0.26533596548950794,0.22344081304379615,1.0,144.0
2022/23,2022-08-06,Wolfsburg,Werder Bremen,2,2,4,1,1,0.49626563592017875,0.24852036205662054,0.2552140020232008,0.15570688411197886,0.48075453747528524,0.2504380257018761,0.26880743682283886,0.15169118169716989,0.45527040027062937,0.2674402624540582,0.2772893372753125,1.0,144.0
2022/23,2022-08-06,Bochum,Mainz,1,2,5,1,2,0.3475872096232583,0.2617812817063287,0.39063150867041296,0.24607341325948986,0.33225177132156203,0.26377340464678806,0.4039748240316501,0.23281862496720918,0.29004636182814875,0.28497266453669423,0.4249809736351572,1.0,144.0
2022/23,2022-08-06,Augsburg,Freiburg,0,4,6,1,2,0.3870410927991362,0.2626967297037641,0.35026217749709976,0.2859800227529799,0.3180205181544037,0.25989973438488445,0.4220797474607119,0.217564434131135,0.278786056401555,0.27642346270323676,0.4447904808952082,1.0,144.0
2022/23,2022-08-06,M'gladbach,Hoffenheim,3,1,7,1,0,0.41295384097627447,0.26141105387990926,0.3256351051438162,0.22533070726326673,0.44381810573820135,0.2413507307517695,0.31483116351002916,0.20422848051086065,0.4705464868701206,0.23988644428672815,0.2895670688431512,1.0,144.0
2022/23,2022-08-07,Stuttgart,RB Leipzig,1,1,8,1,1,0.3403211399197938,0.26276816971348516,0.3969106903667211,0.13667828720184746,0.32487299156097,0.26579661700767665,0.40933039143135397,0.1365469149975595,0.23941905479487646,0.2570604588323937,0.50352048637273,1.0,144.0
2022/23,2022-08-07,FC Koln,Schalke 04,3,1,9,1,0,0.43370675739745074,0.26085693128914783,0.30543631131340104,0.20698968844302343,0.417851538770091,0.2658629526615744,0.31628550856833454,0.21946667692134048,0.46310432569974563,0.26844783715012727,0.26844783715012727,1.0,144.0
2022/23,2022-08-12,Freiburg,Dortmund,1,3,10,2,2,0.34839438189027666,0.265296674393057,0.3863089437166665,0.24899767894743086,0.3595878733602407,0.2567290077727742,0.3836831188669855,0.25457496831863363,0.3189770164930143,0.26253604306529593,0.4184869404416897,1.0,144.0
2022/23,2022-08-13,Schalke 04,M'gladbach,2,2,11,2,1,0.29695954336037167,0.256417757784367,0.44662269885526124,0.14382840276277892,0.3087814512601698,0.2447911784843156,0.44642737025551416,0.14732169077779547,0.30023212445579117,0.25689152906191054,0.4428763464822983,1.0,144.0
2022/23,2022-08-13,RB Leipzig,FC Koln,2,2,12,2,1,0.49939447871381304,0.24575933021603685,0.2548461910701499,0.15717071323640225,0.5283421770766985,0.24758799779353297,0.22406982512976842,0.16467637130591525,0.6685802551493069,0.19177351130019413,0.139646233550499,1.0,144.0
2022/23,2022-08-13,Leverkusen,Augsburg,1,2,13,2,2,0.5351605624801412,0.23890786328118951,0.22593157423866927,0.44278937769734295,0.6068717787394626,0.21940441525916124,0.17372380600137596,0.5255128522996254,0.7380550390190388,0.15798236946322564,0.10396259151773557,1.0,144.0
2022/23,2022-08-13,Werder Bremen,Stuttgart,2,2,14,2,1,0.40682708269528334,0.2664271358964362,0.3267457814082802,0.13613554044123136,0.3949228869171622,0.26598935313656197,0.33908775994627566,0.13547229777818443,0.42187191252991424,0.2674160757020221,0.3107120117680638,1.0,144.0
2022/23,2022-08-13,Hertha,Ein Frankfurt,1,1,15,2,1,0.42119101858301367,0.2592734756739851,0.31953550574300105,0.13975240678271605,0.4007202891129087,0.2822591732164673,0.3170205376706241,0.13053938570585233,0.2982248520710059,0.26508875739644977,0.4366863905325444,1.0,144.0
2022/23,2022-08-13,Hoffenheim,Bochum,3,2,16,2,0,0.4910000564575282,0.2566392726401928,0.25236067090227937,0.16138342537224393,0.47167191050667717,0.25233978814505303,0.27598830134827007,0.17765005631438396,0.6091132291714827,0.21140589298793322,0.1794808778405842,1.0,144.0
2022/23,2022-08-14,Bayern Munich,Wolfsburg,2,0,17,2,0,0.5628148942414237,0.2277491867627011,0.20943591899587505,0.11749711043139216,0.5895645733575224,0.2130971667177307,0.19733825992474668,0.10369981413665977,0.8359226771523635,0.10295047708087002,0.06112684576676658,1.0,144.0
2022/23,2022-08-14,Mainz,Union Berlin,0,0,18,2,1,0.4157778080405216,0.2711872541497144,0.31303493780976377,0.1354310289742718,0.40021039440716855,0.27944541678632945,0.3203441888065018,0.1313943795468186,0.42915329953684955,0.29208045461015425,0.27876624585299625,1.0,144.0
2022/23,2022-08-19,M'gladbach,Hertha,1,0,19,3,0,0.44923354654827485,0.26479090078502326,0.2859755526667019,0.19256285148540844,0.4736646335293105,0.2584409081646225,0.267894458306067,0.17439817939446806,0.6260141520699278,0.20473418809834124,0.16925165983173096,1.0,144.0
2022/23,2022-08-20,Wolfsburg,Schalke 04,0,0,20,3,1,0.5317980841421787,0.25699988771806576,0.2112020281397555,0.16370774949381892,0.5455840618116267,0.24396971772282344,0.21044622046555042,0.17097479010555386,0.520360297420031,0.25213333998702536,0.22750636259294377,1.0,144.0
2022/23,2022-08-20,Union Berlin,RB Leipzig,2,1,21,3,0,0.30268445917112463,0.28324509776320755,0.41407044306566787,0.3288516476510327,0.3220603154476599,0.2887369171811502,0.38920276737119,0.3055405050101595,0.2956698810801308,0.2788225944088983,0.4255075245109709,1.0,144.0
2022/23,2022-08-20,Stuttgart,Freiburg,0,1,22,3,2,0.381473350371068,0.28645542624532067,0.3320712233836111,0.29582538383779655,0.3654811894805584,0.2778375317592174,0.3566812787602241,0.27371773848085207,0.3613479435604924,0.2705118583008106,0.3681401981386971,1.0,144.0
2022/23,2022-08-20,Augsburg,Mainz,1,2,23,3,2,0.36549137527147607,0.27866893129772174,0.3558396934308024,0.27426322297857897,0.2937961607574298,0.2733891804962576,0.43281465874631275,0.20400769770443367,0.24003899110515414,0.2640428902156695,0.49591811867917635,1.0,144.0
2022/23,2022-08-20,Dortmund,Werder Bremen,2,3,24,3,2,0.6012059385557682,0.22022515375458476,0.17856890768964734,0.5180988099844508,0.5774104740678119,0.2313941908124988,0.19119533511968947,0.49378392074768346,0.6753554502369669,0.18957345971563985,0.13507109004739337,1.0,144.0
2022/23,2022-08-20,Leverkusen,Hoffenheim,0,3,25,3,2,0.5217391352746692,0.24345402061771387,0.23480684410761687,0.42886614555085223,0.5472110585157479,0.2334210281296563,0.2193679133545957,0.45441319863114155,0.6068077218259523,0.20567588045048069,0.18751639772356685,1.0,144.0
2022/23,2022-08-21,Bochum,Bayern Munich,0,7,26,3,2,0.19444199788158895,0.2078558608648735,0.5977021412535376,0.09982562884608626,0.20364417848626398,0.20772557203599643,0.5886302494777396,0.10534801153804607,0.07174887892376682,0.1210762331838565,0.8071748878923767,1.0,144.0
2022/23,2022-08-21,Ein Frankfurt,FC Koln,1,1,27,3,1,0.34180941585333274,0.2649108324587886,0.3932797516878785,0.13575131992683803,0.35187825321611743,0.28202763513389434,0.3660941116499881,0.12892160183561008,0.4470108262592566,0.25361495064968187,0.2993742230910617,1.0,144.0
2022/23,2022-08-26,Freiburg,Bochum,1,0,28,4,0,0.5399855668543297,0.24000175972530607,0.22001267342036449,0.1300094275839541,0.5309106673573607,0.2416466631310168,0.22744266951162248,0.13588748495684494,0.6303950401398936,0.2114961714755054,0.15810878838460116,1.0,144.0
2022/23,2022-08-27,Bayern Munich,M'gladbach,1,1,29,4,1,0.5554195085648548,0.24141523123083425,0.203165260204311,0.17488347672415508,0.5957517998317251,0.20957339685380016,0.19467480331447481,0.19640924302413465,0.8107116654438737,0.11445341159207628,0.07483492296404988,1.0,144.0
2022/23,2022-08-27,Schalke 04,Union Berlin,1,6,30,4,2,0.3405077815457345,0.3005967374765609,0.3588954809777044,0.26348027680200325,0.29674096301959163,0.2856143705468939,0.4176446664335142,0.2135964668335636,0.30472079004171654,0.2860098643374006,0.4092693456208829,1.0,144.0
2022/23,2022-08-27,RB Leipzig,Wolfsburg,2,0,31,4,0,0.4785862523039118,0.2654441649753569,0.2559695827207313,0.16869636178235267,0.5154192439129631,0.25722980196293194,0.22735095412410494,0.1432534827555126,0.6165806767469447,0.21458094036567682,0.16883838288737832,1.0,144.0
2022/23,2022-08-27,Hoffenheim,Augsburg,1,0,32,4,0,0.5319860007427776,0.246641579096165,0.22137242016105757,0.13402142595435157,0.5620989560132208,0.23405829896990116,0.20384274501687774,0.11665459451036354,0.6761485086651977,0.18652372652833044,0.13732776480647177,1.0,144.0
2022/23,2022-08-27,Hertha,Dortmund,0,1,33,4,2,0.34324672889117464,0.26214106544362376,0.3946122056652017,0.24215634921202184,0.30419578537767716,0.2594787937629558,0.4363254208593669,0.20513205350545577,0.22952529994783516,0.22013562858633282,0.550339071465832,1.0,144.0
2022/23,2022-08-27,Mainz,Leverkusen,0,3,34,4,2,0.3352786186052114,0.2818731190116079,0.38284826238318054,0.24664400966863909,0.3425796419819022,0.2811957454116353,0.3762246126064623,0.253228272509203,0.40750610703975126,0.2664890073284477,0.326004885631801,1.0,144.0
2022/23,2022-08-28,FC Koln,Stuttgart,0,0,35,4,1,0.4867600679807481,0.26575478024327337,0.24748515177597888,0.14909213206510083,0.43185422120340466,0.27869828301648825,0.2894474957801073,0.13513896059228714,0.39811799984335317,0.2743334116567644,0.32754858849988255,1.0,144.0
2022/23,2022-08-28,Werder Bremen,Ein Frankfurt,3,4,36,4,2,0.3582420739280113,0.2732991591360497,0.3684587669359394,0.26359085629615864,0.41132812163852933,0.280777422318228,0.307894456043243,0.32410045381317987,0.41114741041732733,0.26590511869381495,0.3229474708888578,1.0,144.0
2022/23,2022-09-02,Dortmund,Hoffenheim,1,0,37,5,0,0.6047293965113428,0.22734604667464886,0.16792455681400834,0.09221875338173417,0.5711447710216498,0.2286907900307896,0.2001644389475604,0.11199130502063241,0.5493552592817288,0.22687989826484392,0.22376484245342726,1.0,144.0
2022/23,2022-09-03,Wolfsburg,FC Koln,2,4,38,5,2,0.41001254518436697,0.27944447186076166,0.3105429829548711,0.3217306327806647,0.39416769179566763,0.27968670803456197,0.3261456001697703,0.30472396071304164,0.4443946204427481,0.27385662884427053,0.2817487507129815,1.0,144.0
2022/23,2022-09-03,Ein Frankfurt,RB Leipzig,4,0,39,5,0,0.2877924599258079,0.24674959534056867,0.4654579447336235,0.3619453392270904,0.2806432943830041,0.2709100362648574,0.4484466693521387,0.3592892425845817,0.28749276304339333,0.2620577464738706,0.4504494904827361,1.0,144.0
2022/23,2022-09-03,Union Berlin,Bayern Munich,1,1,40,5,1,0.25627750670215016,0.26405222672740924,0.47967026657044043,0.1478808625366141,0.26188979221984554,0.2513353740275809,0.48677483375257324,0.15276800102189975,0.12411166186712093,0.1731841806550074,0.7027041574778717,1.0,144.0
2022/23,2022-09-03,Bochum,Werder Bremen,0,2,41,5,2,0.3138538746742782,0.2526097812343605,0.4335363440913614,0.20969266405671905,0.36039872422037167,0.26957836657545997,0.37002290920416836,0.2633791876736255,0.3167709163566111,0.26670902766810034,0.4165200559752886,1.0,144.0
2022/23,2022-09-03,Leverkusen,Freiburg,2,3,42,5,2,0.4752410967017124,0.24980896580343606,0.27494993749485164,0.375775846566483,0.4980031855244383,0.24459412496574723,0.2574026895098147,0.39972896916987255,0.5361559111374157,0.24456234543110192,0.2192817434314824,1.0,144.0
2022/23,2022-09-03,Stuttgart,Schalke 04,1,1,43,5,1,0.5082900858131564,0.2593327757607159,0.2323771384261276,0.15617897289953078,0.49744688923033176,0.2615111840897216,0.24104192667994662,0.15277730901125736,0.5641209710533153,0.236302489085287,0.1995765398613978,1.0,144.0
2022/23,2022-09-04,Augsburg,Hertha,0,2,44,5,2,0.3928428018344062,0.27236581166587776,0.33479138649971585,0.29841398321403834,0.3593386122006687,0.2869327266997879,0.35372866109954304,0.27339544085124573,0.371993013719817,0.27481506350649404,0.35319192277368905,1.0,144.0
2022/23,2022-09-04,M'gladbach,Mainz,0,1,45,5,2,0.37992709679747094,0.2838456285488406,0.3362272746536887,0.2924694148973124,0.37451450867024405,0.27018101920836285,0.3553044721213932,0.27794672043559493,0.40616746587974917,0.2631353744005902,0.3306971597196606,1.0,144.0
2022/23,2022-09-09,Werder Bremen,Augsburg,0,1,46,6,2,0.40302816285385584,0.2528309850247529,0.3441408521213911,0.2962914609547044,0.4758084745078127,0.254846617271919,0.26934490822026863,0.38012528377855,0.6370884489777369,0.20695229871251325,0.15595925230974997,1.0,144.0
2022/23,2022-09-10,Bayern Munich,Stuttgart,2,2,47,6,1,0.5739257933962036,0.23599591387845797,0.19007829272533847,0.18276028684542064,0.6246584145247635,0.20435757586373238,0.1709840096115042,0.20971683318970907,0.7956395826280489,0.12492667835343882,0.07943373901851224,1.0,144.0
2022/23,2022-09-10,Ein Frankfurt,Wolfsburg,0,1,48,6,2,0.48403070364926054,0.271353151404067,0.24461614494667225,0.40244524527521247,0.4096992189894054,0.2898447275600158,0.3004560534505789,0.3286075915972341,0.5145332526018469,0.24875653433677075,0.23671021306138235,1.0,144.0
2022/23,2022-09-10,Hertha,Leverkusen,2,2,49,6,1,0.3166995364806331,0.24961274284963167,0.4336877206697353,0.14419181773337908,0.2820603007703263,0.25432776756977754,0.46361193165989617,0.14724701822403358,0.2346701473467475,0.23637065566085436,0.5289591969923982,1.0,144.0
2022/23,2022-09-10,Hoffenheim,Mainz,4,1,50,6,0,0.3064148832957645,0.299737969110923,0.39384714759331235,0.31808794489050823,0.27468482496201924,0.26806381668742285,0.4572513583505577,0.3675804539269035,0.38829918538632435,0.26956307084670456,0.34213774376697115,1.0,144.0
2022/23,2022-09-10,RB Leipzig,Dortmund,3,0,51,6,0,0.4298526374048285,0.2592590935372943,0.3108882690578773,0.2108597654560165,0.4435581883491495,0.26159858673886516,0.2948432249119859,0.19828000851489008,0.4007141635150531,0.2523778150673214,0.3469080214176255,1.0,144.0
2022/23,2022-09-10,Schalke 04,Bochum,3,1,52,6,0,0.4580384212550902,0.24785730777853515,0.2941042709663746,0.19010983751816887,0.45826913907541,0.24817372691371578,0.2935571340108741,0.18982405830338792,0.4521914261053035,0.2646974201592021,0.2831111537354944,1.0,144.0
2022/23,2022-09-11,FC Koln,Union Berlin,0,1,53,6,2,0.4934619637191027,0.26392000222896383,0.24261803405193358,0.4085660759904356,0.43401621307426225,0.2864474856235263,0.27953630130221147,0.35371900717631066,0.3896177570694331,0.2876295794836109,0.32275266344695613,1.0,144.0
2022/23,2022-09-11,Freiburg,M'gladbach,0,0,54,6,1,0.3564488787150301,0.25302051555311983,0.3905306057318501,0.13978497857524397,0.4156721944400512,0.24921678421430066,0.3351110213456479,0.14254138492896556,0.4448172472872644,0.2630639634494574,0.2921187892632781,1.0,144.0
2022/23,2022-09-16,Mainz,Hertha,1,1,55,7,1,0.42720429354933936,0.2692940287473118,0.3035016777033491,0.13730838839786877,0.4776878404771307,0.26489676669980766,0.25741539282306164,0.14722417870097787,0.5333345462153533,0.25025697937797353,0.21640847440667332,1.0,144.0
2022/23,2022-09-17,Augsburg,Bayern Munich,1,0,56,7,0,0.15464563456345154,0.18470911918119365,0.6606452462553548,0.575538072281214,0.14544658769715607,0.18784600852482547,0.6667074037780185,0.5873801483654302,0.06475788717856662,0.10501279001929723,0.8302293228021361,1.0,144.0
2022/23,2022-09-17,Leverkusen,Werder Bremen,1,1,57,7,1,0.49506695671747475,0.24677937706417183,0.2581536662183538,0.15586730350773953,0.5202226116929953,0.2441850820377836,0.2355923062692212,0.16306765024496575,0.5922157996146435,0.2161849710982659,0.19159922928709058,1.0,144.0
2022/23,2022-09-17,Dortmund,Schalke 04,1,0,58,7,0,0.5621706932788966,0.24331722959731447,0.19451207712378898,0.11476472498544643,0.6001724569818303,0.22306240938162286,0.17676513363654683,0.0955539883127463,0.6721969792743417,0.188163247094169,0.1396397736314893,1.0,144.0
2022/23,2022-09-17,M'gladbach,RB Leipzig,3,0,59,7,0,0.3037484844087475,0.2747492070464477,0.4215023085448046,0.331215184535858,0.33093553399293846,0.2672111381344661,0.4018533278725954,0.304566678397797,0.3074410163339383,0.2693284936479129,0.4232304900181488,1.0,144.0
2022/23,2022-09-17,Stuttgart,Ein Frankfurt,1,3,60,7,2,0.47323751835966454,0.27587113548134706,0.25089134615898817,0.39255876202135326,0.4434100922396608,0.27591633272439564,0.28067357503594353,0.35702150777577746,0.36955117242427693,0.2880325314483335,0.3424162961273895,1.0,144.0
2022/23,2022-09-18,Union Berlin,Wolfsburg,2,0,61,7,0,0.40397641425081604,0.29149963499669,0.30452395075249394,0.22398947567561112,0.44769906550783034,0.2874568740913968,0.2648440604007725,0.18758934928524607,0.47023059648354054,0.2876704825546366,0.2420989209618229,1.0,144.0
2022/23,2022-09-18,Bochum,FC Koln,1,1,62,7,1,0.25307421338153935,0.25241479464372985,0.4945109919747305,0.1542938393312586,0.3046307086664748,0.26455465116874854,0.4308146401647765,0.1392005614214723,0.28489902648456683,0.26058764289121716,0.454513330624216,1.0,144.0
2022/23,2022-09-18,Hoffenheim,Freiburg,0,0,63,7,1,0.29770095976308353,0.2664740895250529,0.4358249507118631,0.1392846245534297,0.3695018334062296,0.26131963190168556,0.36917853469208506,0.13641219768398,0.4328424243962763,0.2680065422289272,0.2991510333747964,1.0,144.0
2022/23,2022-09-30,Bayern Munich,Leverkusen,4,0,64,8,0,0.628463093703819,0.20059544575176183,0.1709414605444192,0.08363032783659818,0.5611110291443968,0.2150469449453238,0.22384202591027938,0.12136439065115434,0.7113351493594035,0.159758877806948,0.12890597283364855,1.0,144.0
2022/23,2022-10-01,Ein Frankfurt,Union Berlin,2,0,65,8,0,0.4361407171622871,0.31502111165966806,0.24883817117804494,0.18992886313874693,0.32751357365637057,0.33573160157882687,0.33675482476480223,0.2828209028093993,0.40094440375930673,0.2870667032832906,0.3119888929574027,1.0,144.0
2022/23,2022-10-01,FC Koln,Dortmund,3,2,66,8,0,0.2621973716451786,0.2656190166947533,0.4721836116600686,0.38365504076381435,0.28490724644270365,0.26704301622462323,0.4480497373326734,0.3560531066570168,0.3162106036938344,0.25613893227970225,0.4276504640264632,1.0,144.0
2022/23,2022-10-01,Freiburg,Mainz,2,1,67,8,0,0.38340116469031604,0.3079080604570552,0.3086907748526285,0.23774205909218754,0.3791137249385953,0.29703333475328003,0.32385294030812445,0.24519024675292206,0.4396969320581294,0.27450006210408645,0.2858030058377841,1.0,144.0
2022/23,2022-10-01,RB Leipzig,Bochum,4,0,68,8,0,0.710626138010855,0.16666854967082775,0.12270531231831755,0.04939691283682427,0.6755303616568229,0.19048737539492325,0.13398226294825394,0.06161589649564359,0.7619926018230521,0.1466258491386782,0.09138154903826971,1.0,144.0
2022/23,2022-10-01,Werder Bremen,M'gladbach,5,1,69,8,0,0.34189764722136495,0.25667449371429746,0.4014278590643376,0.29712151638287637,0.3482882843438355,0.25020652226512125,0.40150519339104335,0.2929672903217402,0.3662439512142342,0.2501408429684847,0.3836152058172809,1.0,144.0
2022/23,2022-10-01,Wolfsburg,Stuttgart,3,2,70,8,0,0.3758666098688939,0.28208861180944617,0.34204477832166014,0.25326855952683053,0.4095348178824587,0.2644016487886497,0.32606353332889165,0.2274832795300112,0.3790895362714012,0.2896923023447125,0.3312181613838863,1.0,144.0
2022/23,2022-10-02,Hertha,Hoffenheim,1,1,71,8,1,0.3877007869154427,0.26741734106552323,0.3448818720190342,0.13462770291110346,0.42107785815392823,0.2627632496972145,0.316158892148857,0.13863150385614623,0.32492886764733236,0.2709240697004073,0.40414706265226047,1.0,144.0
2022/23,2022-10-02,Schalke 04,Augsburg,2,3,72,8,2,0.46724477181862073,0.24615855196704312,0.28659667621433643,0.36363098959013385,0.4522355416101324,0.26899790129273526,0.2787665570971323,0.362347332128467,0.5143408050132562,0.2518679199807183,0.2337912750060256,1.0,144.0
2022/23,2022-10-07,Hoffenheim,Werder Bremen,1,2,73,9,2,0.41242889270393873,0.26079692975628826,0.32677417753977306,0.31166529978212304,0.4031454085437946,0.2552714363743183,0.3415831550818871,0.29801948105093273,0.49800430045306004,0.24100948861432042,0.26098621093261964,1.0,144.0
2022/23,2022-10-08,Augsburg,Wolfsburg,1,1,74,9,1,0.27587548575020626,0.2774002580327228,0.4467242562170709,0.13783492236530379,0.2746476473274331,0.2746113380817524,0.4507410145908143,0.13929939620842546,0.3317829691487595,0.28287854306035853,0.38533848779088203,1.0,144.0
2022/23,2022-10-08,Bochum,Ein Frankfurt,3,0,75,9,0,0.233377815228994,0.25941303498198526,0.507209149789021,0.4224853479063859,0.25658631022043643,0.26810097017056034,0.4753127196090034,0.38929304778688606,0.2427750185757303,0.25415509757146765,0.5030698838528019,1.0,144.0
2022/23,2022-10-08,Mainz,RB Leipzig,1,1,76,9,1,0.3393836082423687,0.29340327740783206,0.3672131143497994,0.12501335244704415,0.3654730726346076,0.29531015915060393,0.3392167682147882,0.12431929132953333,0.29222364922308847,0.2726878063780909,0.4350885443988206,1.0,144.0
2022/23,2022-10-08,Leverkusen,Schalke 04,4,0,77,9,0,0.627868474719133,0.20565281403111577,0.1664787112497514,0.0830985167036213,0.6508336373391487,0.19886447563760998,0.15030188702324118,0.07225390302827817,0.6821814977169272,0.18652381295128215,0.1312946893317908,1.0,144.0
2022/23,2022-10-08,Dortmund,Bayern Munich,2,2,78,9,1,0.3760928577089313,0.28357673659560506,0.3403304056954635,0.1286353113302547,0.34352072776945314,0.2834481739081317,0.3730310983224152,0.12857934536144108,0.23266681722634328,0.215242430033181,0.5520907527404756,1.0,144.0
2022/23,2022-10-09,M'gladbach,FC Koln,5,2,79,9,0,0.4203683434138635,0.26421923392054136,0.31541242266559527,0.21772892684428452,0.4771281096819099,0.24623161632555127,0.27664027399253877,0.17496242743973991,0.4607620215468161,0.25773495664360163,0.2815030218095822,1.0,144.0
2022/23,2022-10-09,Hertha,Freiburg,2,2,80,9,1,0.33229891316514654,0.28405935337802013,0.38364173345683317,0.12880177367025078,0.3256298620603759,0.2795134182867909,0.39485671965283337,0.13097331806022777,0.29818513935537094,0.2802427670732426,0.42157209357138653,1.0,144.0
2022/23,2022-10-09,Stuttgart,Union Berlin,0,1,81,9,2,0.4284125925913398,0.29953505694114685,0.27205235046751364,0.3567225649753526,0.41778799361453794,0.2883947882703392,0.2938172181151227,0.3366204645195626,0.3273068269961757,0.3219234910258439,0.35076968197798036,1.0,144.0
2022/23,2022-10-14,Schalke 04,Hoffenheim,0,3,82,10,2,0.28405380463422947,0.2720414685629986,0.4439047268027717,0.19496425839974035,0.30197634278023566,0.28635848290552257,0.41166517431424166,0.21866378935680897,0.27876963086839973,0.25749510640739026,0.46373526272420995,1.0,144.0
2022/23,2022-10-15,RB Leipzig,Hertha,3,2,83,10,0,0.554150975050315,0.25722673931072615,0.18862228563895878,0.11717985984412493,0.5900064700206619,0.23971779499911977,0.17027573498021822,0.09854426027398601,0.6537383754997589,0.20550003786806764,0.14076158663217353,1.0,144.0
2022/23,2022-10-15,Wolfsburg,M'gladbach,2,2,84,10,1,0.27472813831710385,0.2505041517674052,0.47476770991549067,0.15043996418079078,0.29597055743790285,0.2391396570005107,0.46488978556158644,0.1518605417948004,0.33390569081570204,0.2651337870162621,0.40096052216803574,1.0,144.0
2022/23,2022-10-15,Werder Bremen,Mainz,0,2,85,10,2,0.38253454302542333,0.2884443987885773,0.3290210581859994,0.2982727084827528,0.4249262941674405,0.27998370547698737,0.29509000035557215,0.33873023153679077,0.4274146947764747,0.26382200836607195,0.3087632968574533,1.0,144.0
2022/23,2022-10-15,Stuttgart,Bochum,4,1,86,10,0,0.5579362903308145,0.25286878907166666,0.18919492059751922,0.1156075206931917,0.5698662669750838,0.24928644067658223,0.1808472923483341,0.10886038571783682,0.5669121118501156,0.2407626746622713,0.19232521348761314,1.0,144.0
2022/23,2022-10-15,Ein Frankfurt,Leverkusen,5,1,87,10,0,0.4581433856901299,0.24653424635874102,0.2953223679511292,0.1904119457418087,0.3857529663956594,0.26670056836817796,0.34754646523616245,0.2490439818949416,0.3718034345744139,0.27390561146518444,0.35429095396040167,1.0,144.0
2022/23,2022-10-16,FC Koln,Augsburg,3,2,88,10,0,0.5612231304778575,0.22849136352203614,0.2102855060001066,0.11837256763068599,0.549357627340758,0.22971809877120855,0.2209242738880335,0.125943041414453,0.5983876295521773,0.21954266498111202,0.18206970546671072,1.0,144.0
2022/23,2022-10-16,Union Berlin,Dortmund,2,0,89,10,0,0.3045445621104429,0.30001107421719925,0.39544436367235747,0.3200172554251958,0.30343112640595654,0.28588387345005467,0.41068500014398907,0.32693518250167125,0.3207437802217918,0.30008237106640023,0.37917384871180804,1.0,144.0
2022/23,2022-10-16,Bayern Munich,Freiburg,5,0,90,10,0,0.6975816572845706,0.1733361623122517,0.1290821804031779,0.054059531654192736,0.6479798456666875,0.1937565438956199,0.15826361043769263,0.07448277972281142,0.6689786517681869,0.18675121062744798,0.14427013760436527,1.0,144.0
2022/23,2022-10-21,Mainz,FC Koln,5,0,91,11,0,0.3362613801008536,0.2956510483363983,0.3680875715627485,0.2880187079422924,0.32065522027286214,0.3017615777466546,0.3775832019804834,0.302039202080174,0.4609022609134848,0.2699206610874552,0.26917707799906,1.0,144.0
2022/23,2022-10-22,Augsburg,RB Leipzig,3,3,92,11,1,0.1763226686436807,0.21753691370762684,0.6061404176486923,0.19924794469248025,0.18753304752838582,0.22868438041764796,0.5837825720539663,0.18798536767461402,0.18399671425035935,0.2307607247605457,0.5852425609890949,1.0,144.0
2022/23,2022-10-22,Dortmund,Stuttgart,5,0,93,11,0,0.5635500247551883,0.22541528990015547,0.21103468534465614,0.11751210965485738,0.5505757359612019,0.2247644758292371,0.22465978820956095,0.12622709477259006,0.6123445092845812,0.21684360128340402,0.17081188943201475,1.0,144.0
2022/23,2022-10-22,Freiburg,Werder Bremen,2,0,94,11,0,0.38461813173502024,0.26848513657114326,0.3468967316938363,0.24951609312458126,0.4231847207545056,0.2630756789296585,0.3137396003158361,0.21557420158869905,0.48848933627474284,0.2564248484381852,0.2550858152870719,1.0,144.0
2022/23,2022-10-22,Hoffenheim,Bayern Munich,0,2,95,11,2,0.2936435908413698,0.2795177881259376,0.4268386210326929,0.20737026239095957,0.2974723032580494,0.2610041533131257,0.4415235434288247,0.20019286187497226,0.18673290979278828,0.20783492305295412,0.6054321671542576,1.0,144.0
2022/23,2022-10-22,M'gladbach,Ein Frankfurt,1,3,96,11,2,0.3419161705510188,0.25011186885485426,0.40797196059412694,0.23370193356351765,0.3775294940828372,0.25866962638180485,0.3638008795353578,0.27363891989121353,0.35730004609459803,0.2617652744115504,0.3809346794938516,1.0,144.0
2022/23,2022-10-22,Leverkusen,Wolfsburg,2,2,97,11,1,0.564958223923774,0.22713217778858233,0.2079095982876434,0.18120209791961728,0.5150695588216283,0.2428967805628014,0.24203366061557027,0.16193847164783992,0.5370323794757383,0.2507064424593371,0.21226117806492467,1.0,144.0
2022/23,2022-10-23,Bochum,Union Berlin,2,1,98,11,0,0.23345846216214847,0.2732707519057635,0.4932707859320879,0.41545099874243907,0.2311299868717456,0.26944888253890387,0.4994211305893507,0.42029128138349364,0.19869949414681548,0.2785189490604935,0.5227815567926909,1.0,144.0
2022/23,2022-10-23,Hertha,Schalke 04,2,1,99,11,0,0.5257162455253364,0.259133184855219,0.21515056961944437,0.13561742368307728,0.527586678253976,0.2613011369547184,0.21111218479130525,0.1338713505652354,0.5456117799668792,0.24114693484955896,0.21324128518356197,1.0,144.0
2022/23,2022-10-28,Werder Bremen,Hertha,1,0,100,12,0,0.5040641718081694,0.22952775153236624,0.2664080766594641,0.15846280449685596,0.44881230505224357,0.2522003217746066,0.29898737317315,0.19660066218940067,0.4615400651827967,0.24897326671438402,0.2894866681028193,1.0,144.0
2022/23,2022-10-29,RB Leipzig,Leverkusen,2,0,101,12,0,0.6044687556132594,0.19436070413704168,0.2011705402496988,0.09845727577523962,0.5581125575182243,0.20687308857997935,0.23501435390179634,0.1252481291814817,0.5743124039641955,0.2308111316168161,0.19487646441898848,1.0,144.0
2022/23,2022-10-29,Wolfsburg,Bochum,4,0,102,12,0,0.5494972332382974,0.23953073770698866,0.21097202905471407,0.12373096995170607,0.5043106125048856,0.2515533242174543,0.2441360632776603,0.15265519313399767,0.5432386604493429,0.2469266638406104,0.2098346757100466,1.0,144.0
2022/23,2022-10-29,Bayern Munich,Mainz,6,2,103,12,0,0.689332232467089,0.1844720601761473,0.12619570735676375,0.05621990916957839,0.6510366866908556,0.203798940435936,0.1451643728732085,0.07142404459368398,0.7958533997224717,0.12945881968818873,0.07468778058933966,1.0,144.0
2022/23,2022-10-29,Ein Frankfurt,Dortmund,1,2,104,12,2,0.3278092838722328,0.29640335789582745,0.3757873582319396,0.2485501743679434,0.3152816139286368,0.28556803837851497,0.3991503476928482,0.2302114003795356,0.3748062561645765,0.25743271804988016,0.3677610257855431,1.0,144.0
2022/23,2022-10-29,Stuttgart,Augsburg,2,1,105,12,0,0.5001851012532826,0.25063980514546996,0.24917509360124732,0.15595158014019084,0.507744355836415,0.25165027195452333,0.24060537220906164,0.1501032821733836,0.6206043405445377,0.21700419034630827,0.16239146910915403,1.0,144.0
2022/23,2022-10-30,Union Berlin,M'gladbach,2,1,106,12,0,0.3928930812204921,0.3043964519428144,0.3027104668366932,0.2301062187812185,0.43189672104259874,0.2987325598074043,0.2693707191499971,0.1976509599487687,0.4957602646224929,0.2728066260632154,0.23143310931429173,1.0,144.0
2022/23,2022-10-30,Schalke 04,Freiburg,0,2,107,12,2,0.21943102127120584,0.2524725224712189,0.5280964562575753,0.13542146384639148,0.23067397613693785,0.25665539087998174,0.5126706329830804,0.14535019761196805,0.2257059630100026,0.25992202655141255,0.5143720104385848,1.0,144.0
2022/23,2022-10-30,FC Koln,Hoffenheim,1,1,108,12,1,0.5606420310420974,0.243982498481114,0.19537547047678847,0.1762455307175173,0.4702746871273562,0.2693863484841236,0.26033896438852056,0.14446732886580999,0.28961087320796874,0.26745485012102027,0.442934276671011,1.0,144.0
2022/23,2022-11-04,M'gladbach,Stuttgart,3,1,109,13,0,0.39183529536289796,0.29760621820947847,0.31055848642762396,0.23315544072927502,0.3999153225819923,0.2954951367079428,0.30458954071006494,0.22643820419092137,0.41965827815532747,0.2533170435497184,0.32702467829495413,1.0,144.0
2022/23,2022-11-05,Dortmund,Bochum,3,0,110,13,0,0.7464946980842235,0.14045478110642273,0.11305052080935377,0.03852267917733755,0.7121733072806564,0.1598323199256268,0.12799437279371662,0.049613382254306185,0.7657945118059988,0.15315890236119978,0.08104658583280154,1.0,144.0
2022/23,2022-11-05,Augsburg,Ein Frankfurt,1,2,111,13,2,0.21549573199282582,0.2251057731460576,0.5593984948611167,0.12028404841888665,0.25664555814338147,0.24765316467827284,0.4957012771783457,0.16009207217713978,0.21747707950587866,0.2370077881022804,0.5455151323918409,1.0,144.0
2022/23,2022-11-05,Hertha,Bayern Munich,2,3,112,13,2,0.21318120111743807,0.23289813654355354,0.5539206623390083,0.12221649999897127,0.19509943462207485,0.2233473411763453,0.58155322420158,0.10658074678297327,0.088029809035864,0.14345598509548207,0.7685142058686539,1.0,144.0
2022/23,2022-11-05,Hoffenheim,RB Leipzig,1,3,113,13,2,0.26567061938581765,0.2567283341399583,0.47760104647422386,0.17174077232483495,0.2556896382443251,0.26722532428645324,0.47708503746922154,0.16940862457203953,0.35321191706024113,0.26081860905538246,0.38596947388437647,1.0,144.0
2022/23,2022-11-05,Werder Bremen,Schalke 04,2,1,114,13,0,0.46903667359715867,0.25605677569154417,0.2749065507112968,0.17874783280437656,0.4690054645359258,0.24263616882188094,0.28835836664219344,0.18255287215263075,0.6166606818869066,0.21089261415179925,0.17244670396129425,1.0,144.0
2022/23,2022-11-05,Mainz,Wolfsburg,0,3,115,13,2,0.499792943028899,0.2551469504768365,0.24506010649426435,0.4098636143539697,0.47016302228146445,0.2596997208481393,0.27013725687039636,0.3768764456647554,0.47713876109690356,0.2694585289941191,0.2534027099089773,1.0,144.0
2022/23,2022-11-06,Leverkusen,Union Berlin,5,0,116,13,0,0.27540643518202335,0.31074561235291515,0.4138479524650614,0.34815298096757363,0.3153955635737933,0.30961963651703556,0.37498479990917133,0.3046484172686826,0.43079030857176087,0.3027535605132809,0.2664561309149584,1.0,144.0
2022/23,2022-11-06,Freiburg,FC Koln,2,0,117,13,0,0.41184151722642837,0.27021395137039705,0.31794453140317464,0.223509562953847,0.48674672399098456,0.2619702038350243,0.2512830721739913,0.1632860538475929,0.590440803918257,0.23306873838878572,0.1764904576929573,1.0,144.0
2022/23,2022-11-08,Wolfsburg,Dortmund,2,0,118,14,0,0.29079558215917833,0.2736001430240135,0.435604274816808,0.3463609952618081,0.30696967396392527,0.25858418516388393,0.43444614087219063,0.33451724106220376,0.3260576387463719,0.2594623119997655,0.4144800492538626,1.0,144.0
2022/23,2022-11-08,Bayern Munich,Werder Bremen,6,1,119,14,0,0.7478645177394654,0.1451906370109332,0.1069448452496016,0.03750475067010677,0.7415955965664435,0.1508643042676364,0.10754009916592026,0.039168854321234084,0.8222085412481368,0.11088069470546301,0.06691076404640009,1.0,144.0
2022/23,2022-11-08,Bochum,M'gladbach,2,1,120,14,0,0.2554298554687894,0.2395877595523049,0.5049823849789058,0.4046959546331058,0.29768982994839216,0.24732811585185221,0.45498205419975535,0.35012412230087386,0.35837811358845717,0.26539352195469523,0.37622836445684776,1.0,144.0
2022/23,2022-11-08,Stuttgart,Hertha,2,1,121,14,0,0.42964879457164223,0.2586998831951952,0.31165132223316283,0.21121352209162958,0.4654735236938995,0.2574210045437766,0.2771054717623238,0.18125299817641816,0.46301235776336713,0.2633304784045026,0.2736571638321301,1.0,144.0
2022/23,2022-11-09,FC Koln,Leverkusen,1,2,122,14,2,0.42436628024544165,0.2944458536828055,0.281187866071753,0.3483888118459165,0.39575969639955444,0.30462047709977813,0.29961982650066765,0.32357906236261136,0.30102422726525846,0.27175798294780273,0.4272177897869388,1.0,144.0
2022/23,2022-11-09,Ein Frankfurt,Hoffenheim,4,2,123,14,0,0.5116887240353081,0.24841737013505136,0.2398939058296404,0.14799849414423297,0.502473135982716,0.257688911984044,0.23983795203324,0.15252761182718585,0.580724549189835,0.22531576042469348,0.1939596903854717,1.0,144.0
2022/23,2022-11-09,RB Leipzig,Freiburg,3,1,124,14,0,0.5718425997355486,0.230886213610801,0.19727118665365034,0.11111734024247649,0.5502490589954692,0.24765057912219127,0.2021003618823398,0.1215602326037168,0.5421619833148206,0.2515184458677003,0.20631957081747926,1.0,144.0
2022/23,2022-11-09,Schalke 04,Mainz,1,0,125,14,0,0.2144420746546423,0.20701300441705897,0.5785449209282986,0.47590773980241696,0.22354833541032895,0.2279389559155753,0.5485127086740959,0.45187168951053225,0.26388132125710645,0.26317196286663036,0.4729467158762633,1.0,144.0
2022/23,2022-11-09,Union Berlin,Augsburg,2,2,126,14,1,0.5078394581058251,0.2829943377504695,0.20916620414370535,0.1508257080825522,0.5422850892838722,0.27530008874795414,0.1824148219681736,0.16367414266664884,0.5573571765849401,0.2643292842882508,0.17831353912680903,1.0,144.0
2022/23,2022-11-11,M'gladbach,Dortmund,4,2,127,15,0,0.42183721921439155,0.25292910328144036,0.32523367750416793,0.22002457303431636,0.3580465987579762,0.2461132772171771,0.39584012402484636,0.28439678657710443,0.28170579910310845,0.24377035483485943,0.4745238460620322,1.0,144.0
2022/23,2022-11-12,Hoffenheim,Wolfsburg,1,2,128,15,2,0.49325049655454395,0.22854983680708463,0.2781996666383712,0.3821458867961311,0.487712689620495,0.23910648838890625,0.27318082199059857,0.38306489256955956,0.46781753744140847,0.26283297130444716,0.26934949125414426,1.0,144.0
2022/23,2022-11-12,Augsburg,Bochum,0,1,129,15,2,0.40852649918185735,0.2745235720767545,0.3169499287413884,0.3167256501900894,0.4028056273707452,0.2733017338271806,0.3238926388020741,0.3096867686537811,0.3905064766157709,0.2849335047399956,0.32456001864423345,1.0,144.0
2022/23,2022-11-12,Hertha,FC Koln,2,0,130,15,0,0.4591628739909186,0.2743559622454406,0.2664811637636408,0.18175850375529368,0.4549937277596514,0.27644896076551023,0.2685573114748386,0.18457743316395714,0.37227698765694023,0.28297354842131583,0.34474946392174394,1.0,144.0
2022/23,2022-11-12,Leverkusen,Stuttgart,2,0,131,15,0,0.45773166881258986,0.24185308239356532,0.30041524879384485,0.1921521323583232,0.5285031232723897,0.22502719619290262,0.24646968053470744,0.14152830409338613,0.5225665379753323,0.25381803273087566,0.22361542929379208,1.0,144.0
2022/23,2022-11-12,Werder Bremen,RB Leipzig,1,2,132,15,2,0.2696539531404884,0.24260794623676377,0.48773810062274786,0.16756275399894138,0.23754594809124416,0.23688320969104096,0.5255708422177148,0.1407555516042882,0.2657879648563465,0.2427046428464901,0.4915073922971634,1.0,144.0
2022/23,2022-11-12,Schalke 04,Bayern Munich,0,2,133,15,2,0.13898394323184754,0.15189999814828606,0.7091160586198662,0.05196500191455722,0.15526622087927772,0.18165661694852336,0.6630771621721986,0.0688122989980357,0.08093170153967626,0.12949072246348203,0.7895775759968416,1.0,144.0
2022/23,2022-11-13,Freiburg,Union Berlin,4,1,134,15,0,0.47019793560740347,0.3053999889027691,0.22440207548982727,0.16552325945939958,0.44029090006929295,0.31998019428041546,0.23972890565029184,0.1853721123747643,0.45755518410752727,0.30986332088294566,0.23258149500952696,1.0,144.0
2022/23,2022-11-13,Mainz,Ein Frankfurt,1,1,135,15,1,0.30569261610571785,0.25388750698419266,0.4404198769100894,0.1437088217595281,0.356695013669,0.27084014378099175,0.3724648425500081,0.13298069585606526,0.35838137247159946,0.2710197082679963,0.37059891926040406,1.0,144.0
2022/23,2023-01-20,RB Leipzig,Bayern Munich,1,1,136,16,1,0.4553805322966366,0.28295204504689125,0.2616674226564725,0.13792063463722445,0.45374195984320476,0.27808706123103777,0.26817097892575764,0.13889872003017573,0.25785246321703453,0.22779972857635453,0.514347808206611,1.0,144.0
2022/23,2023-01-21,Stuttgart,Mainz,1,1,137,16,1,0.3987923258482653,0.27187883337280466,0.32932884077893,0.13374640226213144,0.3662577545923797,0.2707949551987185,0.36294729020890154,0.1329377391345183,0.4182711459301554,0.27964413756473244,0.3020847165051122,1.0,144.0
2022/23,2023-01-21,Bochum,Hertha,3,1,138,16,0,0.3895854775468003,0.3003623152832485,0.3100522071699512,0.23436913019636307,0.4097434837296284,0.288020092593107,0.30223642367726455,0.21987480539842924,0.4107131537242472,0.2866561014263074,0.30263074484944535,1.0,144.0
2022/23,2023-01-21,Ein Frankfurt,Schalke 04,3,0,139,16,0,0.7210908213004597,0.1634498972847413,0.11545928141479889,0.04556058781383694,0.7162929647505416,0.168912437787744,0.11479459746171444,0.046833740728217235,0.7115540321907609,0.17952652377556952,0.10891944403366954,1.0,144.0
2022/23,2023-01-21,Union Berlin,Hoffenheim,3,1,140,16,0,0.29719778354877047,0.30337577835276247,0.39942643809846684,0.3267362174503947,0.393985964519561,0.30422651153062713,0.3017875239498119,0.2291643604055225,0.42706297869542825,0.3027783966602262,0.2701586246443455,1.0,144.0
2022/23,2023-01-21,Wolfsburg,Freiburg,6,0,141,16,0,0.5025260464658927,0.24179290910690662,0.255681044427201,0.15642656546211964,0.47828915894045126,0.25390657653657234,0.2678042645229762,0.17195066288787703,0.4232124772128823,0.28669232327324284,0.2900951995138748,1.0,144.0
2022/23,2023-01-21,FC Koln,Werder Bremen,7,1,142,16,0,0.526648108167861,0.23938136476617805,0.23397052706596114,0.1394021105182943,0.43136405662772875,0.24709459821284005,0.32154134515943134,0.21336783637090465,0.48560070403301675,0.2561830485843474,0.2582162473826359,1.0,144.0
2022/23,2023-01-22,Dortmund,Augsburg,4,3,143,16,0,0.7707980587751256,0.13249328421891854,0.09670865700595593,0.03094304710057319,0.7105783712513364,0.17138009365911117,0.11804153508955266,0.04884934159691366,0.7494383600112328,0.15848778433024435,0.09207385565852289,1.0,144.0
2022/23,2023-01-22,M'gladbach,Leverkusen,2,3,144,16,2,0.33015101908150213,0.2552445773326796,0.41460440358581807,0.22584384985083494,0.347395865202405,0.25102683462198666,0.40157730017560855,0.23939680741242075,0.34315362461759136,0.26720978966123915,0.38963658572116955,1.0,144.0
2022/23,2023-01-24,Hertha,Wolfsburg,0,5,145,17,2,0.2838606383846881,0.27273324446284325,0.4434061171524689,0.19518680622372708,0.33574961936540865,0.27291723362430753,0.3913331470102837,0.24160157241621075,0.31363443540545916,0.28696171215983357,0.39940385243470716,1.0,144.0
2022/23,2023-01-24,Bayern Munich,FC Koln,1,1,146,17,1,0.6100278205506652,0.22300456655328502,0.1669676128960499,0.20000606280099986,0.6608492085973144,0.197994453867166,0.14115633753551962,0.22832339406506919,0.7857142857142858,0.12571428571428572,0.08857142857142858,1.0,144.0
2022/23,2023-01-24,Hoffenheim,Stuttgart,2,2,147,17,1,0.5723533025011713,0.21667736129892468,0.21096933619990368,0.18604818185031272,0.5720314912112476,0.2217504318488884,0.2062180769398641,0.18487296109706966,0.4568986758090518,0.26213489711296806,0.28096642707798014,1.0,144.0
2022/23,2023-01-24,Schalke 04,RB Leipzig,1,6,148,17,2,0.13538357890957797,0.1792228716512901,0.6853935494391321,0.058652966086436935,0.14534866859714898,0.19377651736050414,0.6608748140423472,0.06806606360688833,0.1559633027522936,0.22018348623853212,0.6238532110091743,1.0,144.0
2022/23,2023-01-25,Leverkusen,Bochum,2,0,149,17,0,0.6256324998059807,0.2321936181659189,0.14217388202810044,0.08018221896622964,0.6125406834160342,0.23727680514306768,0.15018251144089861,0.08633975437520466,0.655546750716469,0.19974737394019196,0.14470587534333904,1.0,144.0
2022/23,2023-01-25,Freiburg,Ein Frankfurt,1,1,150,17,1,0.24258254826287273,0.236394059760792,0.5210233919763354,0.16515583385411747,0.3281258283850414,0.26828918796958084,0.403584983645378,0.13527369913870474,0.4201846480055365,0.28133052581979884,0.29848482617466465,1.0,144.0
2022/23,2023-01-25,Werder Bremen,Union Berlin,1,2,151,17,2,0.2543639940807124,0.2388084815176037,0.506827524401684,0.1539600660862322,0.24525670595673393,0.2395345328419184,0.5152087612013477,0.1475866985163399,0.32110172306494045,0.30509665275640757,0.37380162417865204,1.0,144.0
2022/23,2023-01-25,Mainz,Dortmund,1,2,152,17,2,0.43953885025322775,0.24685678952590073,0.3136043602208714,0.33216668759486423,0.48590408047933353,0.23374847120456962,0.2803474483160967,0.3770012852858098,0.29916349482829063,0.2601767627894975,0.4406597423822119,1.0,144.0
2022/23,2023-01-25,Augsburg,M'gladbach,1,0,153,17,0,0.39682594944937927,0.23250118478592435,0.3706728657646968,0.25060865433592766,0.3430831374116336,0.2244886458971208,0.43242821669124587,0.3092669634718568,0.30272779365496966,0.2607495396014805,0.4365226667435499,1.0,144.0
2022/23,2023-01-27,RB Leipzig,Stuttgart,2,1,154,18,0,0.6101150665585318,0.22385212921470582,0.1660328042267624,0.08978857670203028,0.5922293106082782,0.22885992771042465,0.17891076168129721,0.09914299788619096,0.7176058286452089,0.18518860094069908,0.09720557041409206,1.0,144.0
2022/23,2023-01-28,Bayern Munich,Ein Frankfurt,1,1,155,18,1,0.43763517904861005,0.27837776739669545,0.28398705355469483,0.13608659826379294,0.5031547805122873,0.2658953377718034,0.23094988171590958,0.15325129050848024,0.6975770020533881,0.17133470225872688,0.131088295687885,1.0,144.0
2022/23,2023-01-28,Werder Bremen,Wolfsburg,2,1,156,18,0,0.22576168477927444,0.21354165518724413,0.5606966600334815,0.4569128566642645,0.2106151991750878,0.20235300316646943,0.5870317976584432,0.48386734761774464,0.2698927344048322,0.26263755337244415,0.4674697122227237,1.0,144.0
2022/23,2023-01-28,Mainz,Bochum,5,2,157,18,0,0.5575531304301325,0.22908969981438612,0.21335716975548114,0.1206402571391223,0.5407533007108508,0.2279600652981731,0.2312866339909762,0.13220051893542697,0.530592263298406,0.2562440326690465,0.21316370403254742,1.0,144.0
2022/23,2023-01-28,Freiburg,Augsburg,3,1,158,18,0,0.45778861929849196,0.26483090784467667,0.2773804728568314,0.18546655404225756,0.5477412000146087,0.2458350760916721,0.20642372389371902,0.1235743879751883,0.5814270529458007,0.23999937320612902,0.1785735738480704,1.0,144.0
2022/23,2023-01-28,Hertha,Union Berlin,0,2,159,18,2,0.33535933114307587,0.30304789780158947,0.3615927710553349,0.26001483547676885,0.2999572829682368,0.31723898424435965,0.38280373278740376,0.23545280193342483,0.2542429568694984,0.307641947810741,0.43811509531976056,1.0,144.0
2022/23,2023-01-28,Hoffenheim,M'gladbach,1,4,160,18,2,0.5352118653319672,0.23075337193834874,0.23403476272968407,0.4365772427493476,0.5913600326578461,0.20771359558340435,0.20092637175874956,0.4941126757878625,0.4803114318776212,0.25641625920550093,0.26327230891687786,1.0,144.0
2022/23,2023-01-29,Schalke 04,FC Koln,0,0,161,18,1,0.16563875125410923,0.210201507199035,0.6241597415468557,0.20850578944242928,0.213942758121328,0.25411082691823583,0.5319464149604362,0.1643692460709108,0.26394155528925306,0.2549827035431427,0.48107574116760426,1.0,144.0
2022/23,2023-01-29,Leverkusen,Dortmund,0,2,162,18,2,0.58502387700491,0.22365283328922558,0.19132328970586449,0.4981054792190006,0.6227756251323049,0.21199892666818088,0.1652254481995141,0.5423490157963176,0.3804648671170501,0.2600517841730901,0.3594833487098598,1.0,144.0
2022/23,2023-02-03,Augsburg,Leverkusen,1,0,163,19,0,0.20649628157204022,0.22254860438571827,0.5709551140422413,0.4778189467049939,0.17089532250208686,0.19222322130844344,0.6368814561894698,0.546516277743469,0.24945933612428323,0.25666157417511554,0.4938790897006011,1.0,144.0
2022/23,2023-02-04,M'gladbach,Schalke 04,0,0,164,19,1,0.6373615571557564,0.1956863137055103,0.16695212913873356,0.2170513839819834,0.48870169198402813,0.24291697994220732,0.26838132807376447,0.15542894050334477,0.5979729474392276,0.22051943536785992,0.18150761719291264,1.0,144.0
2022/23,2023-02-04,Union Berlin,Mainz,2,1,165,19,0,0.44555934287503846,0.300990743081729,0.25344991404323247,0.18582065060084058,0.4462327306000289,0.29076876633635085,0.2629985030636202,0.18791320063620265,0.5001766614203579,0.28686602640285225,0.2129573121767899,1.0,144.0
2022/23,2023-02-04,FC Koln,RB Leipzig,0,0,166,19,1,0.24566025509828127,0.3145538758923798,0.4397858690093386,0.12688028575762603,0.2345354167764488,0.3066666155794395,0.45879796764411124,0.13275121841843493,0.2528805706273243,0.2673901115649576,0.4797293178077181,1.0,144.0
2022/23,2023-02-04,Dortmund,Freiburg,5,1,167,19,0,0.5473275298297279,0.21710038755916622,0.2355720826111057,0.1302032856778948,0.5669396466939852,0.2065021287496132,0.2265582245564015,0.1194349493598396,0.5674912596089158,0.23806950403105737,0.19443923636002694,1.0,144.0
2022/23,2023-02-04,Bochum,Hoffenheim,5,2,168,19,0,0.302411375625177,0.23126405485092583,0.46632456952389734,0.35204424649940297,0.36416971138932663,0.2533156772532415,0.3825146113574318,0.2752987919083296,0.3422501966955154,0.28127458693941776,0.3764752163650668,1.0,144.0
2022/23,2023-02-04,Ein Frankfurt,Hertha,3,0,169,19,0,0.7025533788388374,0.18137271393389448,0.11607390722726812,0.05097382218959831,0.5898122504623156,0.2458029780504699,0.1643847714872145,0.09763817148384694,0.6242081447963801,0.22149321266968325,0.15429864253393666,1.0,144.0
2022/23,2023-02-05,Wolfsburg,Bayern Munich,2,4,170,19,2,0.4622773317380699,0.2582934042036998,0.2794292640582305,0.3664612584672665,0.46890303302479003,0.2584193566058513,0.2726776103693585,0.3744339564189369,0.17031626230827768,0.20808362111437761,0.6216001165773446,1.0,144.0
2022/23,2023-02-05,Stuttgart,Werder Bremen,0,2,171,19,2,0.52808006031998,0.26487784212031934,0.2070420975597007,0.45382539257503646,0.5151931673907748,0.2781270626228136,0.20667976998641172,0.44739049353747584,0.5331561848774672,0.25146283977468176,0.21538097534785103,1.0,144.0
2022/23,2023-02-10,Schalke 04,Wolfsburg,0,0,172,20,1,0.2139546548639663,0.22957370642263847,0.5564716387133951,0.1777186395151652,0.22278263793109032,0.2445730034424733,0.5326443586264364,0.16667105827005155,0.270123101931469,0.26644295067899665,0.4634339473895344,1.0,144.0
2022/23,2023-02-11,Werder Bremen,Dortmund,0,2,173,20,2,0.1850455415600556,0.21564631495531414,0.5993081434846305,0.09739790816449395,0.1829970752450601,0.21282956487260202,0.6041733598823381,0.09508332928754168,0.21838350763473557,0.21407330682615525,0.5675431855391093,1.0,144.0
2022/23,2023-02-11,RB Leipzig,Union Berlin,1,2,174,20,2,0.6462816028573718,0.23104132887037382,0.12267706827225429,0.5936877183636301,0.6678573054457733,0.22073501907866827,0.1114076754755585,0.6178148498205197,0.5449311795800125,0.2747681159009077,0.18030070451907992,1.0,144.0
2022/23,2023-02-11,Mainz,Augsburg,3,1,175,20,0,0.5199297256338031,0.2564302878519073,0.22363998651428943,0.14024115594907358,0.5048019997414216,0.24012058519879312,0.25507741505978504,0.1551427735668385,0.5311193442262737,0.24370563425843983,0.22517502151528657,1.0,144.0
2022/23,2023-02-11,Bayern Munich,Bochum,3,0,176,20,0,0.7810192807302649,0.12765023421798827,0.09133048505174686,0.02814690645583893,0.7556423925971073,0.14508832691994877,0.09926928048294391,0.03478251517163381,0.8538187277162695,0.09983111277913305,0.046350159504597484,1.0,144.0
2022/23,2023-02-11,Freiburg,Stuttgart,2,1,177,20,0,0.4713677504144688,0.2880710022276167,0.2405612473579147,0.16866088451612748,0.4128305561854686,0.29871443428346517,0.28845500953106634,0.21398712413651685,0.45468097583032474,0.2825329763107509,0.26278604785892423,1.0,144.0
2022/23,2023-02-11,Hoffenheim,Leverkusen,1,3,178,20,2,0.3285706333827487,0.2609065038586845,0.4105228627585668,0.2277209782259481,0.2528270522558467,0.24964381844191194,0.4975291293022413,0.15819924712607217,0.3608778597287107,0.2686755494134082,0.37044659085788106,1.0,144.0
2022/23,2023-02-12,FC Koln,Ein Frankfurt,3,0,179,20,0,0.585661066197124,0.24838409772937597,0.16595483607350028,0.09960887984054317,0.5452995336676195,0.26371022259128557,0.19099024374109494,0.12161489364358355,0.3495762711864407,0.2796610169491525,0.37076271186440674,1.0,144.0
2022/23,2023-02-12,Hertha,M'gladbach,4,1,180,20,0,0.3830636551599637,0.3119148425782826,0.3050215022617539,0.23682428521330057,0.33904485478046675,0.29390432570169756,0.36705081951783586,0.28579400405044453,0.34215189351794617,0.27106770511394074,0.3867804013681131,1.0,144.0
2022/23,2023-02-17,Augsburg,Hoffenheim,1,0,181,21,0,0.3284858766549176,0.22315822690448717,0.4483558964405954,0.3259771138624822,0.351727911019756,0.22368331003154596,0.4245887789486983,0.30026616627997793,0.3622779370700045,0.2658017473067968,0.3719203156231986,1.0,144.0
2022/23,2023-02-18,Bochum,Freiburg,0,2,182,21,2,0.26404075655232295,0.26052919113690337,0.4754300523107739,0.1724455755697003,0.3276059529213444,0.2633851263068407,0.4090089207718148,0.2282980580583986,0.341289133605436,0.27905977591099757,0.3796510904835664,1.0,144.0
2022/23,2023-02-18,M'gladbach,Bayern Munich,3,2,183,21,0,0.21764981261442928,0.2004184469914063,0.5819317403941642,0.4753581830902094,0.2752355244111607,0.2087137115281163,0.5160507640607231,0.3957959680816106,0.14340588988476313,0.18437900128040974,0.6722151088348272,1.0,144.0
2022/23,2023-02-18,Stuttgart,FC Koln,3,0,184,21,0,0.37029669405371135,0.2989688007718355,0.330734505174453,0.25295578321633777,0.39236968555105467,0.3175317297911942,0.2900985846577515,0.22668589392887728,0.41811692198550116,0.28359234708581815,0.2982907309286807,1.0,144.0
2022/23,2023-02-18,Ein Frankfurt,Werder Bremen,2,0,185,21,0,0.49828424916767283,0.2515564723269572,0.25015927850537034,0.1571491796277865,0.5064653134593219,0.25709184123961565,0.23644284530106255,0.1497408529564338,0.6137303281666694,0.21446840039230866,0.17180127144102192,1.0,144.0
2022/23,2023-02-18,Wolfsburg,RB Leipzig,0,3,186,21,2,0.25453910102654975,0.29344791687079835,0.4520129821026518,0.18253996286771626,0.2569293775294834,0.2740058910679296,0.46906473140258714,0.17395248223914744,0.3177028992961161,0.2659035135413146,0.41639358716256925,1.0,144.0
2022/23,2023-02-19,Dortmund,Hertha,4,1,187,21,0,0.7105531793576243,0.18709724726170984,0.10234957338066585,0.04712744857559196,0.736226694581737,0.1626179696134676,0.10115533580479535,0.0399043793065286,0.6519899593952098,0.20408929401236608,0.14392074659242407,1.0,144.0
2022/23,2023-02-19,Union Berlin,Schalke 04,0,0,188,21,1,0.5176461154598572,0.29734162840338146,0.1850122561367612,0.15109351788574718,0.5958106763795866,0.24267500541134665,0.16151431820906692,0.1905386185372201,0.5742502452967023,0.2734524977603344,0.15229725694296317,1.0,144.0
2022/23,2023-02-19,Leverkusen,Mainz,2,3,189,21,2,0.4360100091421167,0.27049359293820624,0.29349639791967724,0.34462603391228996,0.4570712499875344,0.24800048212559112,0.29492826788687465,0.35302013749508504,0.49394181237756657,0.2657621707901037,0.24029601683232965,1.0,144.0
2022/23,2023-02-24,Mainz,M'gladbach,4,0,190,22,0,0.6289625214178561,0.19166086703119314,0.17937661155095055,0.08492238964204776,0.6606905235749438,0.17157857958613124,0.16773089683892492,0.0716322872731179,0.4451311828723082,0.2625438612115491,0.2923249559161427,1.0,144.0
2022/23,2023-02-25,RB Leipzig,Ein Frankfurt,2,1,191,22,0,0.8011891226937958,0.12251136149981758,0.07629951580638672,0.022673690523775804,0.7503006869898374,0.16186125330675513,0.08783805970340704,0.035032635825103256,0.5879390270225823,0.23461028482151114,0.17745068815590662,1.0,144.0
2022/23,2023-02-25,Werder Bremen,Bochum,3,0,192,22,0,0.3862555249140513,0.2837429782666066,0.33000149681934227,0.24279163430076645,0.39652137171117297,0.2698811425527785,0.3335974857360486,0.23773686864538868,0.5073436036891186,0.254993009145833,0.23766338716504823,1.0,144.0
2022/23,2023-02-25,Schalke 04,Stuttgart,2,1,193,22,0,0.33286574455227536,0.28676971297858084,0.3803645424691439,0.29487264997977547,0.32543718733611926,0.28056747017157835,0.3939953424923023,0.30513365906731627,0.29860676414694765,0.28715576729175496,0.41423746856129756,1.0,144.0
2022/23,2023-02-25,Hoffenheim,Dortmund,0,1,194,22,2,0.25205661842163585,0.25956465549204427,0.4883787260863199,0.1626444334056035,0.25251945663354947,0.24836053269249758,0.49912001067395306,0.15732341984288203,0.21046066923833048,0.21846476627871442,0.5710745644829551,1.0,144.0
2022/23,2023-02-25,FC Koln,Wolfsburg,0,2,195,22,2,0.3666155022664157,0.29932266109244676,0.33406183664113753,0.2889402819599156,0.35068869200272573,0.2950953101162536,0.35421599788102054,0.27000976804569427,0.39897804222735544,0.29266353396916794,0.3083584238034766,1.0,144.0
2022/23,2023-02-25,Hertha,Augsburg,2,0,196,22,0,0.4433339034006813,0.26552767233645963,0.2911384242628587,0.19731936259269126,0.460332751779498,0.2679779539761322,0.2716892942443696,0.18252790570444638,0.45972941863841665,0.27125309188360874,0.26901748947797455,1.0,144.0
2022/23,2023-02-26,Freiburg,Leverkusen,1,1,197,22,1,0.4082552662624707,0.25749795106794926,0.33424678266957997,0.13919663707800317,0.44383775616900034,0.25222423820693146,0.3039380056240681,0.14468513253193455,0.40313504823151125,0.27672829581993574,0.32013665594855306,1.0,144.0
2022/23,2023-02-26,Bayern Munich,Union Berlin,3,0,198,22,0,0.5690221095659701,0.26842983356163763,0.16254805687239243,0.10608190641797857,0.536114225104574,0.2732351247563365,0.19065065013908972,0.1257688412743937,0.6521038286065982,0.2183448774435576,0.1295512939498442,1.0,144.0
2022/23,2023-03-03,Dortmund,RB Leipzig,2,1,199,23,0,0.3631668185855484,0.2774254474243338,0.3594077339901177,0.26736521010118164,0.4114146113863752,0.27497047541474623,0.3136149131988785,0.22239353673509588,0.41084973453877727,0.26643661258917983,0.32271365287204284,1.0,144.0
2022/23,2023-03-04,Stuttgart,Bayern Munich,1,2,200,23,2,0.2943192679701331,0.257972713205441,0.44770801882442607,0.19582513198465787,0.274733058715962,0.26300356430796057,0.4622633769760772,0.18231946464630022,0.14626321087065927,0.20822848515349773,0.645508303975843,1.0,144.0
2022/23,2023-03-04,Union Berlin,FC Koln,0,0,201,23,1,0.33625530494735184,0.3401658095163959,0.3235788855362525,0.10888546263505981,0.3683084507929574,0.3245639304814342,0.30712761872560873,0.11498924455478551,0.4697917233128501,0.2997444124204688,0.23046386426668117,1.0,144.0
2022/23,2023-03-04,M'gladbach,Freiburg,0,0,202,23,1,0.42448777545439004,0.28743227025275747,0.2880799542928527,0.1315899657877943,0.41075533652478335,0.2785002008759443,0.3107444625992724,0.13264103375984929,0.4286110918303602,0.27070174220864857,0.30068716596099115,1.0,144.0
2022/23,2023-03-04,Augsburg,Werder Bremen,2,1,203,23,0,0.5776740190837897,0.22569712033771883,0.1966288605784914,0.10851107148461754,0.5669314525688908,0.23544413095921743,0.19762441647189152,0.11330188837997332,0.4347040216900136,0.26434704021690014,0.30094893809308637,1.0,144.0
2022/23,2023-03-04,Bochum,Schalke 04,0,2,204,23,2,0.2831287681594047,0.2939856165067392,0.422885615333856,0.20661145617402196,0.34141703198100215,0.2801963054273773,0.3783866625916208,0.2514843654853502,0.36417304042675874,0.29685620568120635,0.3389707538920349,1.0,144.0
2022/23,2023-03-04,Mainz,Hoffenheim,1,0,205,23,0,0.6165817094889214,0.20213149399489022,0.18128679651618837,0.08993724404476987,0.6711988694361234,0.17960332716125263,0.14919780340262417,0.06518508400012574,0.5055881752850763,0.25814422706354423,0.23626759765137942,1.0,144.0
2022/23,2023-03-05,Leverkusen,Hertha,4,1,206,23,0,0.6895150387742158,0.19299432339354408,0.11749063783224001,0.055102480562801655,0.7143975508909182,0.17627638030145854,0.10932606880762329,0.04676047412901743,0.6374652162914243,0.21868201366051102,0.14385277004806477,1.0,144.0
2022/23,2023-03-05,Wolfsburg,Ein Frankfurt,2,2,207,23,1,0.545368293374469,0.2582918556100959,0.19633985101543555,0.16798795625747207,0.5756652020090857,0.24325632690652443,0.18107847108438996,0.1820899187472108,0.39603366286134317,0.27789862138281757,0.3260677157558392,1.0,144.0
2022/23,2023-03-10,FC Koln,Bochum,0,2,208,24,2,0.6679767318790248,0.21381555013474196,0.11820771798623322,0.6118752714754145,0.5888902509523931,0.26209152137018166,0.1490182276774251,0.5354808522460215,0.557472724075661,0.25740824990300964,0.18511902602132954,1.0,144.0
2022/23,2023-03-11,Bayern Munich,Augsburg,5,3,209,24,0,0.82347190977934,0.10342070295785383,0.07310738726280622,0.01825342835467368,0.7859502399187109,0.13120245901088695,0.08284730107040224,0.026340487542753623,0.8735282947208508,0.08431447018609951,0.04215723509304976,1.0,144.0
2022/23,2023-03-11,Ein Frankfurt,Stuttgart,1,1,210,24,1,0.4737531057247794,0.2770478787522255,0.2491990155229948,0.14327107726075197,0.5102733221678658,0.2633513740668597,0.22637530376527434,0.15581232073552542,0.45457307809176545,0.2841081738073534,0.2613187481008812,1.0,144.0
2022/23,2023-03-11,Hertha,Mainz,1,1,211,24,1,0.31877820869180085,0.25847927195835896,0.42274251934984036,0.1401653920015017,0.24805094351854878,0.23877834150133534,0.5131707149801159,0.16243672664682282,0.3022435802065046,0.28802035290266914,0.40973606689082637,1.0,144.0
2022/23,2023-03-11,Schalke 04,Dortmund,2,2,212,24,1,0.2891213413311803,0.2607281425537974,0.4501505161150221,0.14311331858588092,0.28833095785287055,0.2586139170770415,0.45305512507008777,0.1441968438043134,0.22023516158558057,0.24952474829261428,0.5302400901218053,1.0,144.0
2022/23,2023-03-11,RB Leipzig,M'gladbach,3,0,213,24,0,0.8512824168736337,0.084590155757418,0.06412742736894797,0.013114623235953703,0.855537728734203,0.07992927450750784,0.06453299675828884,0.012516927744939043,0.7019337292398689,0.17579961867448968,0.1222666520856413,1.0,144.0
2022/23,2023-03-12,Freiburg,Hoffenheim,2,1,214,24,0,0.5097831392876212,0.2796325812224557,0.21058427948992312,0.1423291546474949,0.6000024329419488,0.231316310771748,0.16868125628630296,0.09422570993734286,0.5207190331014506,0.25829862327987524,0.2209823436186743,1.0,144.0
2022/23,2023-03-12,Werder Bremen,Leverkusen,2,3,215,24,2,0.16716814903461943,0.19209215123339074,0.6407396997319899,0.07850657670016077,0.23622182986312132,0.251152561471636,0.512625608665243,0.14666727511640332,0.26664168852254283,0.26737021772615627,0.46598809375130096,1.0,144.0
2022/23,2023-03-12,Wolfsburg,Union Berlin,1,1,216,24,1,0.6290841396980058,0.24154049674486713,0.12937536355712703,0.20624241975755947,0.6184638932353733,0.24028010570938546,0.14125600105524141,0.2012254225349868,0.3511403059554659,0.32120703397237704,0.32765266007215715,1.0,144.0
2022/23,2023-03-17,M'gladbach,Werder Bremen,2,2,217,25,1,0.44149881855567596,0.3007110258377968,0.2577901556065275,0.1306884855568476,0.3640496358228366,0.2816134514598393,0.35433691271732426,0.12904339252839228,0.5139907417717895,0.2387732052240587,0.24723605300415188,1.0,144.0
2022/23,2023-03-18,Hoffenheim,Hertha,3,1,218,25,0,0.40796619920776195,0.2806765480437929,0.31135725274844545,0.2237236800597813,0.36263683687804427,0.2846581122175379,0.3527050509044176,0.2653163273191564,0.49780002634698983,0.2594915030957713,0.24270847055723885,1.0,144.0
2022/23,2023-03-18,Dortmund,FC Koln,6,1,219,25,0,0.3366102200257564,0.2966029575179877,0.366786822456256,0.28730928665091615,0.3546506958935762,0.30029269320174623,0.3450566109046774,0.26776989451983374,0.6152174912357528,0.210433869551227,0.1743486392130202,1.0,144.0
2022/23,2023-03-18,Stuttgart,Wolfsburg,0,1,220,25,2,0.32425507118927177,0.25437619534497524,0.4213687334657529,0.21997774690149327,0.3282223870407747,0.27330257474950354,0.3984750382097219,0.23478110750576991,0.4767937795026729,0.2800651140345213,0.24314110646280584,1.0,144.0
2022/23,2023-03-18,Bochum,RB Leipzig,1,0,221,25,0,0.10960732323535305,0.11909113795818164,0.7713015388064652,0.6938525913006671,0.10167096511026555,0.09410924607997788,0.8042197888097563,0.7268822618195657,0.16193791891716017,0.22105811153771066,0.6170039695451291,1.0,144.0
2022/23,2023-03-18,Augsburg,Schalke 04,1,1,222,25,1,0.40505098909954546,0.288824029084697,0.30612498181575754,0.128889404131109,0.431718475240587,0.28098921360988655,0.28729231114952647,0.13445885695484683,0.39462598543660105,0.28449780345429376,0.32087621110910514,1.0,144.0
2022/23,2023-03-19,Union Berlin,Ein Frankfurt,2,0,223,25,0,0.2889745088956539,0.3260320560480264,0.3849934350563197,0.3268885970183206,0.25041826477634815,0.30699688400568853,0.44258485121796337,0.3788770641542638,0.41094339622641507,0.3196226415094339,0.2694339622641509,1.0,144.0
2022/23,2023-03-19,Leverkusen,Bayern Munich,2,1,224,25,0,0.19125195099108122,0.2173551535790705,0.5913928954298486,0.501909481770316,0.1893913376385049,0.192890734705845,0.61771792765565,0.5193309208213417,0.21957653097597488,0.22207171882797458,0.5583517501960504,1.0,144.0
2022/23,2023-03-19,Mainz,Freiburg,1,1,225,25,1,0.5025417190803986,0.24300196705607066,0.25445631386353035,0.15864809754064893,0.5354251278217883,0.22852238345987053,0.23605248871834142,0.17120042246655048,0.47073972116153096,0.286297842109937,0.24296243672853213,1.0,144.0
2022/23,2023-03-31,Ein Frankfurt,Bochum,1,1,226,26,1,0.7469559785098652,0.1597544609642519,0.09328956052588307,0.28332308796737127,0.7217439754884696,0.17562286826276885,0.10263315624876149,0.2657239654577417,0.6239670629397361,0.2227433908892422,0.1532895461710218,1.0,144.0
2022/23,2023-04-01,RB Leipzig,Mainz,0,3,227,26,2,0.6747566479029797,0.19653796847936292,0.12870538361765746,0.6072254212130597,0.7023033615838044,0.17489595481883685,0.12280068359735896,0.6313543261945864,0.6388296174330885,0.21528839530234042,0.14588198726457097,1.0,144.0
2022/23,2023-04-01,Schalke 04,Leverkusen,0,3,228,26,2,0.37874785264220817,0.28693799700696354,0.33431415035082845,0.2932937931521118,0.39747576283398567,0.2949402311732764,0.3075840059927381,0.3187134453987618,0.22215432198845142,0.2579100308045346,0.519935647207014,1.0,144.0
2022/23,2023-04-01,Freiburg,Hertha,1,1,229,26,1,0.3664617890873141,0.31249805205193276,0.321040158860753,0.11868051323120637,0.31782250259583317,0.3046651395530764,0.37751235785109066,0.12176336174328405,0.5191092386397833,0.2788358196122265,0.20205494174799019,1.0,144.0
2022/23,2023-04-01,Wolfsburg,Augsburg,2,2,230,26,1,0.723498000629496,0.16789183925390042,0.10861016011660359,0.2676227618977162,0.6906966443675012,0.1930106879498574,0.11629266768264158,0.24529291954863586,0.6088766072364591,0.2199102870379988,0.17121310572554208,1.0,144.0
2022/23,2023-04-01,Bayern Munich,Dortmund,4,2,231,26,0,0.5906333276198995,0.22224703828674663,0.18711963409335386,0.10129741495939358,0.7068006932944148,0.16818517497938523,0.12501413172620018,0.05079718329194577,0.6330871215078783,0.1961678404672299,0.17074503802489188,1.0,144.0
2022/23,2023-04-01,Union Berlin,Stuttgart,3,0,232,26,0,0.40545241901912993,0.34259243521558946,0.25195514576528094,0.20848411076390402,0.4084050609484254,0.3602875049650977,0.2313074340864771,0.2017438504875531,0.4455410645047585,0.3063094818470215,0.2481494536482199,1.0,144.0
2022/23,2023-04-02,FC Koln,M'gladbach,0,0,233,26,1,0.43164638770289265,0.277024570955103,0.2913290413420044,0.1355956071731036,0.4687908947769758,0.26068253852399587,0.2705265666990281,0.14647476315788072,0.43563678730066263,0.2756571761450521,0.28870603655428534,1.0,144.0
2022/23,2023-04-02,Werder Bremen,Hoffenheim,1,2,234,26,2,0.32147846671165625,0.285174359997357,0.39334717329098634,0.23568802835665675,0.34349361254359273,0.31006478547921945,0.3464416019771879,0.2725632207421962,0.448323236925092,0.25993208949380336,0.2917446735811047,1.0,144.0
2022/23,2023-04-08,Mainz,Werder Bremen,2,2,235,27,1,0.5774609459463745,0.23146136522721938,0.19107768882640577,0.1849859136302613,0.5789511409009677,0.2261403757879316,0.19490848331110064,0.1865868702085829,0.577122109118787,0.24023063162826358,0.18264725925294945,1.0,144.0
2022/23,2023-04-08,Leverkusen,Ein Frankfurt,3,1,236,27,0,0.4896315482540966,0.25655109401102383,0.25381735773487957,0.1624496038125132,0.4390144398518839,0.27183841693529565,0.28914714321282026,0.19915543456141552,0.514010842177598,0.24662136367106974,0.23936779415133236,1.0,144.0
2022/23,2023-04-08,Hertha,RB Leipzig,0,1,237,27,2,0.1780457144498967,0.21248368672884702,0.6094705988212562,0.09210674480950115,0.1558289333327435,0.18517610414582164,0.6589949625214347,0.07028354602468911,0.17791381354496844,0.2519296377846064,0.5701565486704251,1.0,144.0
2022/23,2023-04-08,Dortmund,Union Berlin,2,1,238,27,0,0.5823166259009632,0.2405133086947367,0.17717006540430016,0.10292431653705993,0.5991715288101722,0.23024845864138002,0.17058001254844787,0.0948805019987016,0.5810595168502046,0.23579226770732942,0.18314821544246598,1.0,144.0
2022/23,2023-04-08,Augsburg,FC Koln,1,3,239,27,2,0.295587828825369,0.2921485618149258,0.41226360935970535,0.21640311471628845,0.2709537143756851,0.285442405856828,0.4436038797674867,0.19149627897188679,0.25922769753012515,0.2840954708397011,0.4566768316301737,1.0,144.0
2022/23,2023-04-08,Freiburg,Bayern Munich,0,1,240,27,2,0.2022698293738319,0.24265107896812857,0.555079091658039,0.11943384927737713,0.17194721935142457,0.20926431065331658,0.6187884699952587,0.08744403842562129,0.15041079608462213,0.19881182618924595,0.6507773777261318,1.0,144.0
2022/23,2023-04-09,M'gladbach,Wolfsburg,2,0,241,27,0,0.3768213902554722,0.24535770652891506,0.37782090321561296,0.2655501072748919,0.45372948350161474,0.24006811446871865,0.30620240202966686,0.19608569410207508,0.3834322365880814,0.2686132426647273,0.3479545207471913,1.0,144.0
2022/23,2023-04-09,Bochum,Stuttgart,2,3,242,27,2,0.2448158012998045,0.2569049333156361,0.49827926538455947,0.1558292360545613,0.25166227584101136,0.30451277552748474,0.4438249486315037,0.18633229442311328,0.30076560018323345,0.29531365576903584,0.4039207440477309,1.0,144.0
2022/23,2023-04-09,Hoffenheim,Schalke 04,2,0,243,27,0,0.47912193780264883,0.26817649495883056,0.25270156723852083,0.16758601888163613,0.45761743869645327,0.2807758719386271,0.26160668936491926,0.18130845136333454,0.5015288727372195,0.25336303156413936,0.24510809569864106,1.0,144.0
2022/23,2023-04-14,Schalke 04,Hertha,5,2,244,28,0,0.3407862257439576,0.289597449249883,0.36961632500615954,0.28558951393997767,0.3881722005042762,0.3015523816603814,0.3102754178353426,0.23530204557433793,0.40808297567954216,0.29148783977110154,0.3004291845493562,1.0,144.0
2022/23,2023-04-15,Ein Frankfurt,M'gladbach,1,1,245,28,1,0.4795275485619743,0.23708870741902366,0.28338374401900207,0.15512650810204195,0.4475260680723024,0.2439021041409011,0.3085718277867965,0.1477480772539697,0.501564580884436,0.24636043645457179,0.2520749826609923,1.0,144.0
2022/23,2023-04-15,Stuttgart,Dortmund,3,3,246,28,1,0.26899789537021057,0.25521061336436424,0.4757914912654255,0.14936870543708997,0.293555436730125,0.2930451032139947,0.41339946005587996,0.12853695400415394,0.3331299124309778,0.2604792400391156,0.4063908475299065,1.0,144.0
2022/23,2023-04-15,RB Leipzig,Augsburg,3,2,247,28,0,0.8785643591877079,0.061336195940396285,0.060099444871895835,0.009179279066701029,0.8599469418155409,0.07642345957307939,0.06362959861137983,0.011831792463132394,0.7927519818799548,0.13816534541336353,0.06908267270668177,1.0,144.0
2022/23,2023-04-15,FC Koln,Mainz,1,1,248,28,1,0.6501093378518529,0.20304088301934692,0.1468497791288002,0.222103504396176,0.5340189542825383,0.24744611679144823,0.21853492892601342,0.16646687934685675,0.3486089381414511,0.2977480596284126,0.35364300223013634,1.0,144.0
2022/23,2023-04-15,Bayern Munich,Hoffenheim,1,1,249,28,1,0.7149085678166355,0.16459908658801173,0.12049234559535293,0.2628063328423514,0.7181856617302195,0.15928294210356483,0.12253139616621576,0.26540229388065767,0.8195358733958374,0.11377086242436331,0.06669326417979918,1.0,144.0
2022/23,2023-04-16,Wolfsburg,Leverkusen,0,0,250,28,1,0.2682570863843201,0.24353255697425938,0.4882103566414206,0.1551556083636738,0.28653665501717357,0.2598477391309071,0.4536156058519197,0.14393518627041732,0.34215189351794617,0.27106770511394074,0.3867804013681131,1.0,144.0
2022/23,2023-04-16,Werder Bremen,Freiburg,1,2,251,28,2,0.4566162414712226,0.29758888112248955,0.245794877406288,0.38866187946095104,0.5122201875936404,0.2761691456020549,0.21161066680430446,0.4419636306376086,0.35036040291979703,0.2954846771612746,0.3541549199189284,1.0,144.0
2022/23,2023-04-16,Union Berlin,Bochum,1,1,252,28,1,0.5332239981944943,0.2711076627229986,0.19566833908250705,0.16130696558491453,0.5457967259072228,0.27364088817640825,0.18056238591636892,0.16524842060942793,0.5462526613606161,0.2649843533429547,0.18876298529642913,1.0,144.0
2022/23,2023-04-21,Augsburg,Stuttgart,1,1,253,29,1,0.2416022979792219,0.2757367934736737,0.4826609085471046,0.1456666115141785,0.23530764056128875,0.2592785075077611,0.5054138519309498,0.15540642371510052,0.29224252032899434,0.2667608836790548,0.4409965959919509,1.0,144.0
2022/23,2023-04-22,Dortmund,Ein Frankfurt,4,0,254,29,0,0.6205802943200155,0.19707680727506352,0.18234289840492088,0.08860412282849671,0.560458423661358,0.21577765332659848,0.2237639230120438,0.12163354528599898,0.6060620994349893,0.20629175054763907,0.1876461500173717,1.0,144.0
2022/23,2023-04-22,Mainz,Bayern Munich,3,1,255,29,0,0.30355860269306134,0.25566634924507287,0.44077504806186557,0.33965663143839064,0.36050447121286305,0.2632424293579556,0.3762530994291814,0.2752604630844026,0.1556115533831097,0.20770326741540868,0.6366851792014816,1.0,144.0
2022/23,2023-04-22,Hoffenheim,FC Koln,1,3,256,29,2,0.2970218536013874,0.3214650572570852,0.38151308914152726,0.23537402021003007,0.3100781476292806,0.32237731185834195,0.36754454051237767,0.2480741829364529,0.4163311399543118,0.2740555122948551,0.3096133477508331,1.0,144.0
2022/23,2023-04-22,Hertha,Werder Bremen,2,4,257,29,2,0.3575997727089351,0.31033052360113494,0.33206970368992994,0.28700423908517003,0.4013778984737997,0.3103871748426707,0.2882349266835298,0.3338568684882222,0.41273745006176205,0.2786859705545231,0.30857657938371486,1.0,144.0
2022/23,2023-04-22,Bochum,Wolfsburg,1,5,258,29,2,0.34115744366079087,0.2466232595357947,0.4122192968034142,0.23093727820771917,0.3566481950215065,0.24722028165153845,0.3961315233269552,0.24592753606576123,0.29911529680365295,0.26093036529680363,0.4399543378995434,1.0,144.0
2022/23,2023-04-23,M'gladbach,Union Berlin,0,1,259,29,2,0.4817416880529652,0.28405377660614545,0.23420453534088942,0.4092588738502918,0.4718364115270706,0.2873804028833748,0.24078318558955455,0.39951988526314397,0.3850579074391706,0.2910854419331826,0.32385665062764685,1.0,144.0
2022/23,2023-04-23,Leverkusen,RB Leipzig,2,0,260,29,0,0.3251055290024166,0.28835981785637843,0.38653465314120494,0.30244579253104975,0.3994438107514912,0.2802382668282612,0.3203179224202475,0.2316356539341572,0.35989103497852853,0.27888991884376,0.36121904617771133,1.0,144.0
2022/23,2023-04-23,Freiburg,Schalke 04,4,0,261,29,0,0.5470618595442475,0.24965184781589528,0.20328629263985742,0.12323913792738636,0.5168277534636482,0.2613132694408884,0.22185897709546348,0.14133841277041526,0.5301915731857689,0.2694896394093411,0.2003187874048901,1.0,144.0
2022/23,2023-04-28,Bochum,Dortmund,1,1,262,30,1,0.17791435247258441,0.16657965144430245,0.6555059960831129,0.23067081385832666,0.23391578202375943,0.19390201579377747,0.5721822021824627,0.19105453278707998,0.15532506497670112,0.18897382179950678,0.655701113223792,1.0,144.0
2022/23,2023-04-29,Schalke 04,Werder Bremen,2,1,263,30,0,0.39738245098335534,0.2779019506860505,0.3247155983305944,0.23429406509101194,0.4243896464143595,0.2780885155612405,0.29752183802440013,0.20992326162820169,0.39150699119627136,0.25893319523562924,0.3495598135680994,1.0,144.0
2022/23,2023-04-29,Stuttgart,M'gladbach,2,1,264,30,0,0.5178845122455539,0.2810706929646651,0.20104479478978116,0.13642717652238634,0.48453119047291315,0.28114330975191204,0.2343254997751749,0.1603082667200788,0.5676811120286875,0.22974388533866885,0.20257500263264366,1.0,144.0
2022/23,2023-04-29,Union Berlin,Leverkusen,0,0,265,30,1,0.2695747608367812,0.3104803364935272,0.4199449026696917,0.12451213647923223,0.2860797564283017,0.3159072902180263,0.3980129533536718,0.12012796903769438,0.331939432128468,0.2985430868228599,0.36951748104867194,1.0,144.0
2022/23,2023-04-29,FC Koln,Freiburg,0,1,266,30,2,0.48419470400159453,0.288878986346525,0.22692630965188093,0.41604372104582593,0.5067826128034949,0.28698814993560107,0.2062292372609039,0.4434503202096716,0.3868069708439047,0.2869858170777357,0.32620721207835957,1.0,144.0
2022/23,2023-04-29,Ein Frankfurt,Augsburg,1,1,267,30,1,0.6075605322266062,0.23733339150573554,0.1551060762676581,0.19659384760731283,0.6021647828397853,0.2336897606615906,0.16414545649862403,0.19477307829081372,0.6068309260832626,0.2180798640611725,0.17508920985556503,1.0,144.0
2022/23,2023-04-29,RB Leipzig,Hoffenheim,1,0,268,30,0,0.6494962885612406,0.21738016508209212,0.13312354635666734,0.0702873651634604,0.6643487782814637,0.20879353743397455,0.12685768428456193,0.0643773073515938,0.695400538245399,0.17962375526633922,0.1249757064882617,1.0,144.0
2022/23,2023-04-30,Wolfsburg,Mainz,3,0,269,30,0,0.40880479378204027,0.25382490375071476,0.33737030246724486,0.23166524642096814,0.4272616042582295,0.25431551385682927,0.3184228818849414,0.21471120083238404,0.429091925199865,0.26228675320527944,0.30862132159485556,1.0,144.0
2022/23,2023-04-30,Bayern Munich,Hertha,2,0,270,30,0,0.777916030789891,0.13051087083464558,0.09157309837546354,0.028853460863099468,0.7681297600759616,0.13939233458348005,0.09247790534055825,0.031157985569304218,0.8939096267190569,0.06895874263261297,0.03713163064833006,1.0,144.0
2022/23,2023-05-05,Leverkusen,FC Koln,1,2,271,31,2,0.48674983638478614,0.2913747334982992,0.2218754301169144,0.4212016247381763,0.4604122033162894,0.31046087057272437,0.22912692611098617,0.40311234650482847,0.6019675618186653,0.22573783568199945,0.17229460249933531,1.0,144.0
2022/23,2023-05-05,Mainz,Schalke 04,2,3,272,31,2,0.625752307910103,0.19739628710790982,0.17685140498198754,0.5345697801674743,0.6586314777759157,0.18731871968407413,0.15404980254001027,0.5747135800499411,0.5777472549496419,0.23302932240212285,0.18922342264823538,1.0,144.0
2022/23,2023-05-06,Werder Bremen,Bayern Munich,1,2,273,31,2,0.16585611999933506,0.1977814800078786,0.6363623999927867,0.07987027834012007,0.15416279316664167,0.18043603393022759,0.6654011729031309,0.06786127094577067,0.09257283804865708,0.1389256651347135,0.7685014968166294,1.0,144.0
2022/23,2023-05-06,M'gladbach,Bochum,2,0,274,31,0,0.4813320311032624,0.23374157512649632,0.2849263937702409,0.17509975591319088,0.46650256300885884,0.24254425837648094,0.29095317861466025,0.1846366337110455,0.45970209662843725,0.2556567795870943,0.28464112378446843,1.0,144.0
2022/23,2023-05-06,Hoffenheim,Ein Frankfurt,3,1,275,31,0,0.31747255255403795,0.3798198306158872,0.302707616830075,0.27873780890202193,0.29830863094022453,0.3633200090141549,0.3383713600456206,0.3034329773560525,0.38673424416042307,0.250881445570736,0.3623843102688408,1.0,144.0
2022/23,2023-05-06,Freiburg,RB Leipzig,0,1,276,31,2,0.19201175109858956,0.21313384597930185,0.5948544029221088,0.10050573369577394,0.1948564993129491,0.20708046894663446,0.5980630317404164,0.0997611908891014,0.23242338719748248,0.24709658083368718,0.5204800319688304,1.0,144.0
2022/23,2023-05-06,Augsburg,Union Berlin,1,0,277,31,0,0.4209770333158972,0.30530528235182847,0.2737176843322745,0.20509448333194114,0.4055132826495278,0.31782715583205484,0.27665956151841753,0.21497748504285158,0.2921401074022591,0.2983748048163317,0.4094850877814092,1.0,144.0
2022/23,2023-05-06,Hertha,Stuttgart,2,1,278,31,0,0.24083568824346474,0.2692501847690402,0.48991412698749526,0.4081731520333466,0.24992662165405202,0.25393308908127776,0.49614028926467035,0.4043826297674672,0.3239576980857045,0.2717645133941188,0.4042777885201767,1.0,144.0
2022/23,2023-05-07,Dortmund,Wolfsburg,6,0,279,31,0,0.6019559580953712,0.2090024691141198,0.18904157279050893,0.09708788776944163,0.5553194664770604,0.21805393083822394,0.22662660268471593,0.12455019696933109,0.6306112398081096,0.18820568009776914,0.18118308009412104,1.0,144.0
2022/23,2023-05-12,FC Koln,Hertha,5,2,280,32,0,0.6181284160481603,0.23028501720137048,0.15158656675046922,0.08440219692454072,0.6184151631443492,0.22875902311371712,0.15282581374193363,0.08448135853201894,0.5051137121678041,0.24932722876825109,0.245559059063945,1.0,144.0
2022/23,2023-05-13,Bochum,Augsburg,3,2,281,32,0,0.4072835262165565,0.28676954688373646,0.3059469268997074,0.22245817018682706,0.488762613182848,0.2586112013225365,0.25262618549461546,0.1625918276385951,0.4220056319943972,0.263186308125538,0.31480805988006483,1.0,144.0
2022/23,2023-05-13,Bayern Munich,Schalke 04,6,0,282,32,0,0.8561955470746437,0.07784363893713313,0.06596081398822291,0.012515274831574991,0.8516525398284929,0.08180109983454165,0.06654636033696507,0.013217693506717074,0.8462946020128088,0.10155535224153704,0.05215004574565416,1.0,144.0
2022/23,2023-05-13,Dortmund,M'gladbach,5,2,283,32,0,0.7875002991503316,0.11965523104450776,0.09284446980516087,0.02688810921729998,0.7585968172205085,0.13459497614042223,0.10680820663906941,0.034841744830761336,0.7873232752436345,0.12511726467050005,0.08755946008586533,1.0,144.0
2022/23,2023-05-13,Ein Frankfurt,Mainz,3,0,284,32,0,0.46729633839712986,0.2661525415034787,0.26655112009939164,0.1774113453556727,0.48631694717712054,0.2555183032464094,0.2581647495764705,0.16525965834065737,0.46351759424055505,0.25942231401792337,0.2770600917415216,1.0,144.0
2022/23,2023-05-13,Union Berlin,Freiburg,4,2,285,32,0,0.38721309498901246,0.3748332144476811,0.23795369056330642,0.21606487490282142,0.42429702309423273,0.347480091540227,0.22822288536553997,0.1917598015113675,0.4612868047982552,0.3075245365321701,0.2311886586695747,1.0,144.0
2022/23,2023-05-13,Wolfsburg,Hoffenheim,2,1,286,32,0,0.5421947634207791,0.25335850594063475,0.20444673063858634,0.12569205015408152,0.5768285784556798,0.24397241664213717,0.17919900490218296,0.10559316768488666,0.4934167411379208,0.24182305630026807,0.26476020256181115,1.0,144.0
2022/23,2023-05-14,Stuttgart,Leverkusen,1,1,287,32,1,0.3846030828773145,0.28053098607344573,0.33486593104923973,0.13002736156810432,0.3689825663803342,0.2761325705052041,0.35488486311446177,0.13104570018019396,0.3693612278402844,0.2734098474236742,0.35722892473604145,1.0,144.0
2022/23,2023-05-14,RB Leipzig,Werder Bremen,2,1,288,32,0,0.7659965151782778,0.14549204043429312,0.08851144438742894,0.03129595334812946,0.8253424927517362,0.10502535807051283,0.06963214917775112,0.01767694051864494,0.7819460726846426,0.13373974208675266,0.08431418522860493,1.0,144.0
2022/23,2023-05-19,Freiburg,Wolfsburg,2,0,289,33,0,0.3409094570995966,0.2843954838342218,0.3746950590661818,0.28739836551467896,0.34868496305720115,0.2903637239909346,0.3609513129518643,0.27724856383473706,0.43841630113413876,0.25795998721085206,0.3036237116550091,1.0,144.0
2022/23,2023-05-20,Bayern Munich,RB Leipzig,1,3,290,33,2,0.3877457049709087,0.3092570708166944,0.30299722421239633,0.31807980058950536,0.36119748748292674,0.3142375535231052,0.324564958993968,0.2933380597913995,0.626565423679727,0.2057772759874472,0.16765730033282575,1.0,144.0
2022/23,2023-05-20,Werder Bremen,FC Koln,1,1,291,33,1,0.32335804454175665,0.25638818245596556,0.4202537730022776,0.14058682934625932,0.2843064003744957,0.24264013399304546,0.473053465632459,0.15230485532039145,0.3879544221378187,0.2539338035811177,0.35811177428106344,1.0,144.0
2022/23,2023-05-20,Hertha,Bochum,1,1,292,33,1,0.46412246293236237,0.23361273884952652,0.3022647982181109,0.15338683442011877,0.47419112448897777,0.23443131013408403,0.2913775653769383,0.15487905407455654,0.39948783610755434,0.25096030729833546,0.3495518565941101,1.0,144.0
2022/23,2023-05-20,Hoffenheim,Union Berlin,4,2,293,33,0,0.3167056418842377,0.4308273995573156,0.2524669585584463,0.26531537249829196,0.2918473620690348,0.4381119936557038,0.2700406442752614,0.28720105408459157,0.423537886500373,0.2844106156441459,0.29205149785548107,1.0,144.0
2022/23,2023-05-20,Schalke 04,Ein Frankfurt,2,2,294,33,1,0.21612059910766426,0.26351314689095146,0.5203662540013841,0.15874457583104443,0.1781555996459324,0.23565592380203992,0.5861884765520277,0.1876781738637944,0.3458063179852869,0.2595840530234382,0.39460962899127494,1.0,144.0
2022/23,2023-05-21,Leverkusen,M'gladbach,2,2,295,33,1,0.7116946908545756,0.16712496178531872,0.12118034736010552,0.26059700478845294,0.7293995629478405,0.1536705694596817,0.11692986759247782,0.27284815818184754,0.7469887401186065,0.15790005888685993,0.09511120099453364,1.0,144.0
2022/23,2023-05-21,Mainz,Stuttgart,1,4,296,33,2,0.4924062072572299,0.23507051246046892,0.27252328028230094,0.38584312533833665,0.5248817923981912,0.22494085221003676,0.2501773553917722,0.4188674471792075,0.35210659148268575,0.28128055296605353,0.3666128555512608,1.0,144.0
2022/23,2023-05-21,Augsburg,Dortmund,0,3,297,33,2,0.1864477807056586,0.2035518938870073,0.6100003254073343,0.09343126055622533,0.20344749348719793,0.21141468040437447,0.5851378261084276,0.10675075296613236,0.15190101507598056,0.172983362364106,0.6751156225599135,1.0,144.0
2022/23,2023-05-27,Union Berlin,Werder Bremen,1,0,298,34,0,0.29662200562788743,0.34930389570213716,0.3540740986699755,0.31005453515794557,0.34500899485477865,0.3536599424578825,0.30133106268733917,0.25990681308071417,0.6472201446023435,0.2056843679880329,0.14709548740962353,1.0,144.0
2022/23,2023-05-27,Bochum,Leverkusen,3,0,299,34,0,0.20591282838624955,0.19268118047350064,0.6014059911402501,0.4961318011504561,0.2568128831085179,0.21277964562125548,0.5304074712702267,0.41682958814637483,0.21788486041932117,0.21128228889146297,0.5708328506892157,1.0,144.0
2022/23,2023-05-27,Dortmund,Mainz,2,2,300,34,1,0.750380958084347,0.13546483536696197,0.11415420654869105,0.28805138256417184,0.7390914989129184,0.13714468039125513,0.12376382069582666,0.28078686353928656,0.794226909774115,0.12502668773218326,0.08074640249370169,1.0,144.0
2022/23,2023-05-27,Ein Frankfurt,Freiburg,2,1,301,34,0,0.3672610912586093,0.33372069496388673,0.29901821377750404,0.24488520940296749,0.3544207475241417,0.34811259732988,0.2974666551459785,0.25262949107551225,0.4887607453681456,0.2456084147578621,0.26563083987399216,1.0,144.0
2022/23,2023-05-27,FC Koln,Bayern Munich,1,2,302,34,2,0.249577745542941,0.2349486081067698,0.5154736463502895,0.1485274192256908,0.29704479930260136,0.23595232222150553,0.4670028784758931,0.18616077217285318,0.16451457079184406,0.17963539531315326,0.6558500338950026,1.0,144.0
2022/23,2023-05-27,M'gladbach,Augsburg,2,0,303,34,0,0.5104085631403654,0.26640233686650855,0.22318909999312606,0.14475657470101158,0.44711961581176657,0.2807145765417859,0.27216580764644765,0.18987547303598587,0.4902623694226254,0.24451372580775774,0.265223904769617,1.0,144.0
2022/23,2023-05-27,RB Leipzig,Schalke 04,4,2,304,34,0,0.8253630489430284,0.10583527545957166,0.06880167559739993,0.01761586761974248,0.839569611599531,0.09441968262852522,0.06601070577194372,0.015047661399417732,0.6183952285674719,0.19417610177018618,0.18742866966234187,1.0,144.0
2022/23,2023-05-27,Stuttgart,Hoffenheim,1,1,305,34,1,0.4480369855186024,0.306497722731737,0.2454652917496608,0.1304951749231712,0.48463894436029825,0.306741097502809,0.20861995813689269,0.13919859666185158,0.6296362961379667,0.2012239709306904,0.16913973293134288,1.0,144.0
2022/23,2023-05-27,Wolfsburg,Hertha,1,2,306,34,2,0.5034599225239524,0.2455297307833253,0.2510103466927225,0.40722869717459015,0.5471269476534436,0.23980019801273947,0.21307285433381729,0.45930111471745005,0.7762765240453531,0.13731567615067586,0.08640779980397108,1.0,144.0
2023/24,2023-08-18,Werder Bremen,Bayern Munich,0,4,1,1,2,0.31884594764719754,0.2606191881678804,0.42053486418492236,0.2187212909781131,0.27178095817827325,0.2503879817597875,0.4778310600619392,0.17326264553216916,0.10971670145305168,0.15325507504553249,0.7370282235014158,1.0,144.0
2023/24,2023-08-19,Dortmund,FC Koln,1,0,2,1,0,0.5221356495160694,0.24516629723948735,0.23269805324444326,0.14125136072359132,0.5532292913892035,0.22932470293048896,0.2174460056803074,0.1234434157294568,0.6466761600662447,0.1960805224297248,0.1572433175040305,1.0,144.0
2023/24,2023-08-19,Wolfsburg,Heidenheim,2,0,3,1,0,0.54535178567178,0.23855323564532313,0.21609497868289662,0.12670101930190036,0.5316088785460302,0.2421703097117,0.22622081174226988,0.13528304916111944,0.5891810901575821,0.22127615603203307,0.1895427538103849,1.0,144.0
2023/24,2023-08-19,Stuttgart,Bochum,5,0,4,1,0,0.4875850004606474,0.2534149076774977,0.25900009186185485,0.16482508966868198,0.5251251028573014,0.2416933272578168,0.23318156988488184,0.1399399062351333,0.5489408412546418,0.23488334072914957,0.21617581801620847,1.0,144.0
2023/24,2023-08-19,Hoffenheim,Freiburg,1,2,5,1,2,0.4211464808669656,0.26341285006138265,0.3154406690716522,0.3229929179538486,0.4280563721251849,0.269145987599189,0.3027976402756257,0.334661694061105,0.44426952141057935,0.2613350125944584,0.29439546599496225,1.0,144.0
2023/24,2023-08-19,Augsburg,M'gladbach,4,4,6,1,1,0.4118311314189514,0.26413895547562055,0.3240299131054281,0.13730013269646243,0.3606056185235584,0.2720502955689186,0.3673440859075227,0.13248904478099588,0.3348297626455685,0.26282336207662904,0.40234687527780244,1.0,144.0
2023/24,2023-08-19,Leverkusen,RB Leipzig,3,2,7,1,0,0.4369181238724073,0.26178722933974974,0.30129464678784285,0.20391983170319034,0.3753002882210713,0.27269887336423204,0.3520008384146969,0.25707716007066295,0.39754944836862655,0.2716040308413757,0.3308465207899979,1.0,144.0
2023/24,2023-08-20,Union Berlin,Mainz,4,1,8,1,0,0.46265178919024413,0.2560714304078943,0.28127678040186177,0.1839298634268414,0.4532664096499843,0.26844127002883916,0.27829232032117673,0.18818211718338151,0.43676767676767686,0.2973737373737374,0.2658585858585859,1.0,144.0
2023/24,2023-08-20,Ein Frankfurt,Darmstadt,1,0,9,1,0,0.5693439640804229,0.22937747528587218,0.20127856063370494,0.11298884012237007,0.5641757140432552,0.23467085570731983,0.2011534302494252,0.11520275536540839,0.6515636924608924,0.20310248990935764,0.14533381762974995,1.0,144.0
2023/24,2023-08-25,RB Leipzig,Stuttgart,5,1,10,2,0,0.4716279910262183,0.25124869751802525,0.2771233114557567,0.1779871548095972,0.5177185988532963,0.24636805943739692,0.2359133417093069,0.14412522734423994,0.5929632360686822,0.22458653744864637,0.18245022648267145,1.0,144.0
2023/24,2023-08-26,M'gladbach,Leverkusen,0,3,11,2,2,0.40531857244498326,0.2548444871529729,0.3398369404020438,0.3000492052132869,0.38615297102268875,0.2598666915531187,0.3539803374241927,0.2832277607321048,0.22373910435280536,0.23854536861144687,0.5377155270357477,1.0,144.0
2023/24,2023-08-26,Heidenheim,Hoffenheim,2,3,12,2,2,0.3867323858633476,0.2534379430020935,0.3598296711345588,0.2796899941176221,0.39164245346544485,0.2562140711493802,0.3521434753851751,0.28655094392121633,0.3109201739986278,0.2557176365785059,0.43336218942286625,1.0,144.0
2023/24,2023-08-26,Freiburg,Werder Bremen,1,0,13,2,0,0.5025106943323353,0.23749927808354337,0.25999002758412104,0.15754521184844367,0.4599494792816198,0.2592180241293728,0.2808324965890071,0.18526072803430427,0.5522657982861214,0.2384171860893744,0.20931701562450428,1.0,144.0
2023/24,2023-08-26,FC Koln,Wolfsburg,1,2,14,2,2,0.38963806438542054,0.25739536064649415,0.35296657496808537,0.2852350371632738,0.4353763197968912,0.2602027476195982,0.30442093258351083,0.336691389433939,0.44687302680160823,0.2710947170901723,0.2820322561082196,1.0,144.0
2023/24,2023-08-26,Bochum,Dortmund,1,1,15,2,1,0.30412143056082463,0.2548250629512286,0.441053506487947,0.14350902005583793,0.24719722004192557,0.2189215687623336,0.5338812111957411,0.1730678066321437,0.17330134096659977,0.20634608818480737,0.6203525708485927,1.0,144.0
2023/24,2023-08-26,Darmstadt,Union Berlin,1,4,16,2,2,0.34786410600825707,0.26020333325440265,0.3919325607373403,0.24537772347018613,0.3476516088649964,0.2718659561087249,0.38048243502627876,0.2523318272286947,0.23455370650529503,0.2859909228441755,0.4794553706505295,1.0,144.0
2023/24,2023-08-27,Mainz,Ein Frankfurt,1,1,17,2,1,0.3975235775638153,0.2546375473224813,0.34783887511370337,0.1395084388797506,0.38793459737964275,0.2614165452099862,0.350648857410371,0.1367239365236521,0.34702333800499663,0.28782523916885017,0.36515142282615315,1.0,144.0
2023/24,2023-08-27,Bayern Munich,Augsburg,3,1,18,2,0,0.5791547868584651,0.21748240054853477,0.20336281259299993,0.10923356348493982,0.6741097377592314,0.1830747547831265,0.14281550745764218,0.06330036609687036,0.8735282947208508,0.08431447018609951,0.04215723509304976,1.0,144.0
2023/24,2023-09-01,Dortmund,Heidenheim,2,2,19,3,1,0.5978816532768625,0.20847547818196782,0.1936428685411697,0.1974800159309636,0.6660908152834987,0.17819074872821092,0.15571843598829047,0.2339626027558376,0.7642778535175178,0.1376784218393259,0.09804372464315633,1.0,144.0
2023/24,2023-09-02,Augsburg,Bochum,2,2,20,3,1,0.5638380011484793,0.23046092012196157,0.20570107872955937,0.18011311266480842,0.49030918836962134,0.2527719589127533,0.2569188527176253,0.15320519854070885,0.43448091033543634,0.2656472957213945,0.29987179394316926,1.0,144.0
2023/24,2023-09-02,Leverkusen,Darmstadt,5,1,21,3,0,0.5671921577575538,0.2218874644467634,0.21092037779568287,0.11590501703801787,0.5537066747033167,0.22985213584450012,0.21644118945218332,0.12301226034792351,0.7923164221764533,0.1333277289731411,0.07435584885040562,1.0,144.0
2023/24,2023-09-02,Hoffenheim,Wolfsburg,3,1,22,3,0,0.3897491106970842,0.24773147179095717,0.36251941751195865,0.2519132379841047,0.3712772494299947,0.24964503486283,0.37907771570717563,0.2694961058150416,0.37956326905953963,0.24666832095053207,0.37376840998992833,1.0,144.0
2023/24,2023-09-02,Werder Bremen,Mainz,4,0,23,3,0,0.3940399825367207,0.2679703819912221,0.3379896354720568,0.24071226822531597,0.3948251609010849,0.27074773903867433,0.3344271000602406,0.23903903556655004,0.3585657370517928,0.2788844621513944,0.3625498007968127,1.0,144.0
2023/24,2023-09-02,Stuttgart,Freiburg,5,0,24,3,0,0.4188740072197643,0.25505960068490596,0.32606639209532956,0.22201335576943992,0.44111808171964967,0.2587772595813343,0.30010465869901587,0.20120590237678856,0.41645299066692665,0.26886388133716416,0.3146831279959092,1.0,144.0
2023/24,2023-09-02,M'gladbach,Bayern Munich,1,2,25,3,2,0.2816828297179144,0.2262084797828022,0.49210869049928296,0.16864939941212212,0.2603677950998343,0.22024429068037313,0.5193879142197925,0.1493896828615754,0.09684857801691009,0.13451191391237513,0.7686395080707149,1.0,144.0
2023/24,2023-09-03,Ein Frankfurt,FC Koln,1,1,26,3,1,0.4852232833789522,0.2632397783851958,0.25153693823585205,0.1493562330150589,0.4476917431262772,0.2746521829884897,0.27765607388523283,0.1387603961144033,0.4511700070136661,0.28133302161484347,0.26749697137149053,1.0,144.0
2023/24,2023-09-03,Union Berlin,RB Leipzig,0,3,27,3,2,0.36253086477781143,0.2515667967449838,0.3859023384772049,0.25427228290215664,0.30008283511480305,0.25871620011736696,0.4412009647678297,0.20115303485347102,0.27303599336061624,0.25927555868196456,0.46768844795741926,1.0,144.0
2023/24,2023-09-15,Bayern Munich,Leverkusen,2,2,28,4,1,0.45745579627276184,0.24796124699073036,0.2945829567365079,0.14802246197158492,0.5163987158763136,0.23863340671851718,0.24496787740516926,0.16333844735954983,0.6049231088584822,0.2140497154422322,0.18102717569928561,1.0,144.0
2023/24,2023-09-16,Freiburg,Dortmund,2,4,29,4,2,0.45014333834636633,0.25182164611974,0.29803501553389355,0.3476919322370561,0.3583400736655597,0.2521465080046111,0.3895134183298292,0.2505507373969844,0.3293849425278957,0.25609248149420166,0.4145225759779027,1.0,144.0
2023/24,2023-09-16,FC Koln,Hoffenheim,1,3,30,4,2,0.4494458910395141,0.2442633003575761,0.3062908086029095,0.34161702560055374,0.49848564537440376,0.2408194423138726,0.26069491231172387,0.39752997566305287,0.4403241263892663,0.25324340947776464,0.3064324641329691,1.0,144.0
2023/24,2023-09-16,Mainz,Stuttgart,1,3,31,4,2,0.3416966760116867,0.24335850808370063,0.41494481590461263,0.2295230934171615,0.3642013188779767,0.25817258054668557,0.37762610057533763,0.2599959356787586,0.3615934627170582,0.27681307456588355,0.3615934627170582,1.0,144.0
2023/24,2023-09-16,Wolfsburg,Union Berlin,2,1,32,4,0,0.5447725787485397,0.24510153532331286,0.21012588592814765,0.12569244649817166,0.4949693072827933,0.2610170160829846,0.24401367663422202,0.15729933748548616,0.4385971239887614,0.2919616676104292,0.2694412084008093,1.0,144.0
2023/24,2023-09-16,Bochum,Ein Frankfurt,1,1,33,4,1,0.33134770817002157,0.2641629406790159,0.40448935115096263,0.13670146945202621,0.30411266968382256,0.2580388104490059,0.4378485198671712,0.14209792110604735,0.3341085947785572,0.2879229949121096,0.37796841030933304,1.0,144.0
2023/24,2023-09-16,RB Leipzig,Augsburg,3,0,34,4,0,0.5149892929049885,0.2491780190073424,0.23583268808766925,0.14542622138372943,0.6208528454602799,0.21581632850650656,0.1633308260332135,0.08521476176412915,0.7621657349012695,0.14340007160364626,0.09443419349508414,1.0,144.0
2023/24,2023-09-17,Heidenheim,Werder Bremen,4,2,35,4,0,0.39409275442036346,0.2581903531588567,0.34771689242077974,0.24401531376033314,0.42202160764804525,0.2608026809434856,0.31717571140846934,0.2173297269666094,0.4199331521206601,0.25282797013982894,0.32723887773951105,1.0,144.0
2023/24,2023-09-17,Darmstadt,M'gladbach,3,3,36,4,1,0.3443323854166199,0.25370097350631715,0.4019666410770632,0.14007098609273802,0.3471461603035246,0.2520197042980713,0.4008341353984044,0.1405892303570333,0.403971793010474,0.2635072073006326,0.33252099968889354,1.0,144.0
2023/24,2023-09-22,Stuttgart,Darmstadt,3,1,37,5,0,0.6441418363559797,0.191963483545698,0.16389468009832223,0.07674824939831289,0.6421413342123115,0.19331943810843197,0.16453922767925658,0.0775679910623154,0.6981125417247458,0.1848336062852184,0.11705385199003579,1.0,144.0
2023/24,2023-09-23,Augsburg,Mainz,2,1,38,5,0,0.4324073669622007,0.24166160465708314,0.3259310283807161,0.21419621617004656,0.4134135625528873,0.2559184536316681,0.3306679838154448,0.2267124820587333,0.3822393822393822,0.277992277992278,0.3397683397683397,1.0,144.0
2023/24,2023-09-23,Dortmund,Wolfsburg,1,0,39,5,0,0.4928950470962471,0.24597830814270738,0.26112664476104536,0.16267127893183936,0.55988309641819,0.22575719040514103,0.21435971317666913,0.11982648772581202,0.561148958841066,0.22090479375191288,0.21794624740702118,1.0,144.0
2023/24,2023-09-23,Bayern Munich,Bochum,7,0,40,5,0,0.6038219385076204,0.2201787038952737,0.17599935759710614,0.0939664151412268,0.659286288887813,0.19060441211093695,0.15010929900124992,0.06930931729324273,0.8620689655172414,0.09195402298850576,0.04597701149425288,1.0,144.0
2023/24,2023-09-23,Werder Bremen,FC Koln,2,1,41,5,0,0.4696374555023409,0.2649103569705013,0.26545218752715777,0.17587464623449245,0.4066872416381175,0.27732030719736467,0.31599245116451785,0.22593562921397287,0.41100407175734693,0.26509205712262485,0.3239038711200284,1.0,144.0
2023/24,2023-09-23,M'gladbach,RB Leipzig,0,1,42,5,2,0.37900109127331594,0.26426200280282813,0.35673690592385615,0.27871461769338934,0.33376291750279036,0.26242789519291293,0.40380918730429677,0.2334205851213688,0.19853275540754015,0.2142408415496752,0.5872264030427845,1.0,144.0
2023/24,2023-09-23,Union Berlin,Hoffenheim,0,2,43,5,2,0.4279469232173531,0.2551815080885746,0.3168715686940727,0.32490151137484835,0.44192633126272046,0.261387207976628,0.2966864607606513,0.34497440837035315,0.45883804041873555,0.2627217812075018,0.2784401783737626,1.0,144.0
2023/24,2023-09-24,Leverkusen,Heidenheim,4,1,44,5,0,0.6741743603499427,0.16681638791343,0.15900925173662725,0.06572314479560555,0.6638746957284877,0.17592272111539578,0.16020258315611652,0.0693225439107546,0.8065736219605871,0.12236262280059475,0.07106375523881825,1.0,144.0
2023/24,2023-09-24,Ein Frankfurt,Freiburg,0,0,45,5,1,0.37586204983739546,0.25362344518429314,0.3705145049783114,0.13927663945364593,0.44578502315299146,0.25718842740589726,0.29702654944111134,0.14347452897020302,0.4404410757170365,0.2777781784351765,0.28178074584778706,1.0,144.0
2023/24,2023-09-29,Hoffenheim,Dortmund,1,3,46,6,2,0.26228881640871754,0.22546720115427768,0.5122439824370045,0.15335067794099944,0.23622778896152088,0.20527395653699795,0.558498254501481,0.12536367977794388,0.31351940370214354,0.23570615410859946,0.4507744421892571,1.0,144.0
2023/24,2023-09-30,RB Leipzig,Bayern Munich,2,2,47,6,1,0.3198377615231928,0.26029383490353075,0.41986840357327665,0.13929283500766926,0.3256974517855229,0.2617919343987961,0.4125106138156808,0.13812191830508647,0.23756226608743353,0.21697353635985597,0.5454641975527106,1.0,144.0
2023/24,2023-09-30,Mainz,Leverkusen,0,3,48,6,2,0.25649385558108917,0.22531374970601775,0.5181923947128931,0.1489638332316746,0.272131895668365,0.23644725896022442,0.4914208453714107,0.16635426258139424,0.18579199144624525,0.2157982201532716,0.5984097884004832,1.0,144.0
2023/24,2023-09-30,Wolfsburg,Ein Frankfurt,2,0,49,6,0,0.4212639989698437,0.2681827988022114,0.31055320222794514,0.21568932515120398,0.40272567272640236,0.2763770737536645,0.3208972535199333,0.22985583466838244,0.4426209483297526,0.2794835130882152,0.27789553858203214,1.0,144.0
2023/24,2023-09-30,FC Koln,Stuttgart,0,2,50,6,2,0.37544586700638277,0.2579368381423017,0.3666172948513157,0.2710666251168199,0.37175259451441245,0.25942670741202506,0.36882069807356255,0.2682936513542711,0.342412830822781,0.2735476804897077,0.38403948868751125,1.0,144.0
2023/24,2023-09-30,Bochum,M'gladbach,1,3,51,6,2,0.2864068345942459,0.26027229389512196,0.4533208715106323,0.19044347221409524,0.32622213782722526,0.254506322435598,0.4192715397371768,0.22183321388389735,0.4305228774756289,0.2592273028832036,0.3102498196411675,1.0,144.0
2023/24,2023-09-30,Heidenheim,Union Berlin,1,0,52,6,0,0.34710384216849877,0.2600552469209483,0.39284091091055257,0.2902986870980848,0.3124767489235917,0.2591150753420416,0.4284081757343667,0.32811089290336104,0.30621712081668817,0.2758556499141837,0.41792722926912806,1.0,144.0
2023/24,2023-10-01,Darmstadt,Werder Bremen,4,2,53,6,0,0.2921830920244579,0.2361762942895066,0.47164061368603555,0.3617248218470986,0.318224639645238,0.24062278460065956,0.4411525757541025,0.32971661854067236,0.32047606952356766,0.2545447948038754,0.42497913567255713,1.0,144.0
2023/24,2023-10-01,Freiburg,Augsburg,2,0,54,6,0,0.5371126560839976,0.22083813850193906,0.24204920541406344,0.13642625549959544,0.4993294732127728,0.25179575508601904,0.24887477170120823,0.156304814191364,0.5067737208489517,0.26363161219365944,0.22959466695738887,1.0,144.0
2023/24,2023-10-06,M'gladbach,Mainz,2,2,55,7,1,0.49913743296492574,0.23519043065544962,0.2656721363796245,0.15985993051766478,0.4155773321946133,0.2578114295974914,0.3266112382078954,0.13968970997884325,0.43307228308595946,0.25621553920792367,0.3107121777061169,1.0,144.0
2023/24,2023-10-07,Stuttgart,Wolfsburg,3,1,56,7,0,0.5523478999521148,0.23736699036051423,0.21028510968737107,0.12230611501675576,0.562133573824656,0.2294281624509241,0.20843826372441987,0.11758675847800938,0.5193524446848389,0.24594020050566676,0.23470735480949445,1.0,144.0
2023/24,2023-10-07,RB Leipzig,Bochum,0,0,57,7,1,0.6997507936951699,0.1746297917959302,0.1256194145088998,0.25271570528928955,0.7158542057013676,0.16556634811859805,0.11857944618003424,0.2632541644383498,0.7706398996235884,0.14579673776662483,0.08356336260978671,1.0,144.0
2023/24,2023-10-07,Dortmund,Union Berlin,4,2,58,7,0,0.522299894794698,0.22775042477104707,0.249949680434255,0.14533611663117138,0.5517835984322493,0.22347043160288335,0.22474596996486756,0.1257043468248961,0.5700811183271305,0.23377427154421898,0.19614461012865053,1.0,144.0
2023/24,2023-10-07,Werder Bremen,Hoffenheim,2,3,59,7,2,0.4808853821215426,0.22525511138604187,0.29385950649241555,0.36494257365465843,0.4537057588326842,0.23607735812668554,0.3102168830406301,0.3408248320200627,0.36346426881211547,0.25461429247515377,0.38192143871273065,1.0,144.0
2023/24,2023-10-07,Augsburg,Darmstadt,1,2,60,7,2,0.5011079542273972,0.24422516751122766,0.2546668782613751,0.4033153220753055,0.4298746390936057,0.2581762695304228,0.3119490913759716,0.3291031290971045,0.529008430835364,0.2609774925454463,0.2100140766191896,1.0,144.0
2023/24,2023-10-08,Bayern Munich,Freiburg,3,0,61,7,0,0.7050009245402145,0.17010465858400248,0.12489441687578315,0.051311534944435064,0.6880153265570966,0.1803804073437321,0.13160426609917128,0.05732705965938827,0.8656873032528857,0.08814270724029381,0.046169989506820566,1.0,144.0
2023/24,2023-10-08,Ein Frankfurt,Heidenheim,2,0,62,7,0,0.4942325748720715,0.2338096738985471,0.27195775122938154,0.16488085338713843,0.4878718153967984,0.24727566283447128,0.26485252176873025,0.1662110678761133,0.5346031058925382,0.25085222661111417,0.21454466749634762,1.0,144.0
2023/24,2023-10-08,Leverkusen,FC Koln,3,0,63,7,0,0.6153576341450707,0.21123232417232315,0.17341004168260613,0.08901039608342023,0.5484106160184004,0.24332610535066154,0.20826327863093835,0.1236532824754942,0.7586047576072923,0.15462007798365193,0.08677516440905578,1.0,144.0
2023/24,2023-10-20,Dortmund,Werder Bremen,1,0,64,8,0,0.48316378963245676,0.2489913210738852,0.267844889293658,0.16943027653390766,0.5237921929208669,0.2306626514437174,0.24554515563541585,0.14353314948956872,0.7554783967820177,0.14283786527045533,0.10168373794752708,1.0,144.0
2023/24,2023-10-21,Mainz,Bayern Munich,1,3,65,8,2,0.20653351128670963,0.21311502869441526,0.5803514600188749,0.1093804941963536,0.19662828869471083,0.20996880973117574,0.5934029015741135,0.1019919421816803,0.1103927434140693,0.1553282511499244,0.7342790054360063,1.0,144.0
2023/24,2023-10-21,Wolfsburg,Leverkusen,1,2,66,8,2,0.24900907820530863,0.224971881700023,0.5260190400946685,0.14333173569071855,0.28325259911659084,0.23849919704058795,0.47824820384282085,0.1762284858497732,0.218112120107086,0.23721683135734167,0.5446710485355722,1.0,144.0
2023/24,2023-10-21,Union Berlin,Stuttgart,0,3,67,8,2,0.3318287174560221,0.2636329318473883,0.40453835069658933,0.23234243675982313,0.340538263439468,0.2712483911834561,0.3882133453770758,0.2451246098205388,0.3747681597117754,0.2902507112307815,0.33498112905744304,1.0,144.0
2023/24,2023-10-21,Hoffenheim,Ein Frankfurt,1,3,68,8,2,0.46340872012445977,0.2562312434983888,0.2803600363771517,0.36631465956524234,0.4054002063894033,0.26367175077887106,0.33092804283172556,0.30600330560477795,0.47440148971704293,0.2677444024156461,0.25785410786731094,1.0,144.0
2023/24,2023-10-21,Darmstadt,RB Leipzig,1,3,69,8,2,0.35660375116893755,0.2579164386807569,0.38547981015030575,0.25240064954033103,0.2706009161903362,0.24609178773690074,0.48330729607276307,0.17009810306734435,0.14759820685011607,0.19072003591024805,0.661681757239636,1.0,144.0
2023/24,2023-10-21,Freiburg,Bochum,2,1,70,8,0,0.5792713393278016,0.2233058926052255,0.197422768066973,0.10799417763112382,0.5319163318969479,0.24621787145361745,0.22186579664943457,0.13416337603384826,0.5389265778277418,0.24947752068240733,0.21159590148985086,1.0,144.0
2023/24,2023-10-22,FC Koln,M'gladbach,3,1,71,8,0,0.36353831093213895,0.24925382449025488,0.38720786457760625,0.2775067060209322,0.3502204990480913,0.26009938086678924,0.38968012008511943,0.2870319979234323,0.38897504267401517,0.26708913011948726,0.3439358272064976,1.0,144.0
2023/24,2023-10-22,Heidenheim,Augsburg,2,5,72,8,2,0.3856465291823109,0.26379737970756467,0.35055609111012437,0.285250318132262,0.43293914341895384,0.24624362333225053,0.3208172332487954,0.3243627662780792,0.3991264908449521,0.2716277507139258,0.32924575844112214,1.0,144.0
2023/24,2023-10-27,Bochum,Mainz,2,2,73,9,1,0.4055306522828337,0.24381477248933764,0.3506545752278286,0.1437068705345748,0.3836196948208757,0.24029222547027387,0.37608807970885033,0.1443031569767762,0.3416110064508762,0.27658845692755607,0.3818005366215676,1.0,144.0
2023/24,2023-10-28,M'gladbach,Heidenheim,2,1,74,9,0,0.5974287716333223,0.20144544736480097,0.20112578100187703,0.10125758684613533,0.5769431870642493,0.2236451490291302,0.19941166390662032,0.10937103933668085,0.574644908659327,0.21872745397168075,0.20662763736899206,1.0,144.0
2023/24,2023-10-28,Augsburg,Wolfsburg,3,2,75,9,0,0.42227211403818576,0.26721658005971644,0.3105113059020976,0.21509339065546662,0.3835444603877485,0.25508897734017566,0.36136656227207575,0.25530161232348514,0.38331795422572496,0.268957901583796,0.3477241441904791,1.0,144.0
2023/24,2023-10-28,Bayern Munich,Darmstadt,8,0,76,9,0,0.7878498679961203,0.1231285212403268,0.08902161076355294,0.026466262846100538,0.7725584314070914,0.1316946338895482,0.09574693470336065,0.030448571314546174,0.914776224089205,0.055063191228538186,0.03016058468225684,1.0,144.0
2023/24,2023-10-28,Werder Bremen,Union Berlin,2,0,77,9,0,0.36705077886944726,0.28224183898262395,0.35070738214792874,0.26181019221141333,0.3882082387964558,0.28840563877097697,0.32338612243256676,0.2394338716292529,0.3400628272251309,0.27551832460732983,0.3844188481675393,1.0,144.0
2023/24,2023-10-28,Stuttgart,Hoffenheim,2,3,78,9,2,0.5249470064601693,0.2363872033250455,0.23866579021478515,0.4275995692903853,0.5346837976574221,0.22669717931752117,0.23861902302505697,0.4327938777883412,0.5807145314053102,0.21891495879161804,0.2003705098030719,1.0,144.0
2023/24,2023-10-28,RB Leipzig,FC Koln,6,0,79,9,0,0.4861628494973617,0.27143413204032796,0.24240301846231044,0.161393920298155,0.47254159276562757,0.28102228141226143,0.2464361258221111,0.1694715677362162,0.6498360737274472,0.2025639644045808,0.147599961867972,1.0,144.0
2023/24,2023-10-29,Ein Frankfurt,Dortmund,3,3,80,9,1,0.3683000836080037,0.28244719430998044,0.349252722082016,0.12881120773368016,0.3240214756034287,0.2743029952238006,0.40167552917277105,0.13316657369422435,0.3099966192876986,0.26307821204415505,0.42692516866814645,1.0,144.0
2023/24,2023-10-29,Leverkusen,Freiburg,2,1,81,9,0,0.6367496132763022,0.20715631174126697,0.15609407498243094,0.07815810184976837,0.6246868308179248,0.21178625653659694,0.16352691264547867,0.08380051306042746,0.778432341823669,0.1447160575504272,0.07685160062590363,1.0,144.0
2023/24,2023-11-03,Darmstadt,Bochum,1,2,82,10,2,0.3808196451214011,0.24251172758341175,0.37666862729518724,0.2667828011542281,0.3982915220663317,0.2273765853879895,0.37433189254567856,0.2750483586176936,0.41052517059884974,0.2756217151046102,0.31385311429654,1.0,144.0
2023/24,2023-11-04,Hoffenheim,Leverkusen,2,3,83,10,2,0.3207545092484809,0.2322138126482028,0.4470316781033162,0.20432871011223408,0.3480794472856861,0.2434886209180596,0.4084319317962545,0.23555604047051015,0.17488107867629446,0.1930324081995825,0.6320865131241231,1.0,144.0
2023/24,2023-11-04,Freiburg,M'gladbach,3,3,84,10,1,0.473617186600162,0.25940934170222946,0.2669734716976087,0.14779403701666324,0.39053255754998245,0.26503624108302576,0.3444312013669918,0.1355742654908198,0.4796243501593158,0.2528928391749119,0.26748281066577223,1.0,144.0
2023/24,2023-11-04,FC Koln,Augsburg,1,1,85,10,1,0.45009039266433415,0.2366573319236521,0.31325227541201384,0.1503541748097693,0.4567071165467646,0.2456221415310089,0.29767074192222664,0.1485946304504944,0.47407325340248513,0.2498329484511811,0.27609379814633367,1.0,144.0
2023/24,2023-11-04,Mainz,RB Leipzig,2,0,86,10,0,0.3053606365994072,0.24454484356535777,0.4500945198352346,0.3425544609856458,0.2731303433445002,0.23879648973164214,0.4880731669238577,0.3832774570187839,0.21282917907223145,0.2407498387029945,0.5464209822247741,1.0,144.0
2023/24,2023-11-04,Dortmund,Bayern Munich,0,4,87,10,2,0.2641813883514511,0.23601620063745737,0.4998024110110916,0.15999471699080867,0.3464641872435086,0.2447589835383985,0.40877682921809333,0.23479113535585855,0.24854874547951267,0.21453103638518642,0.5369202181353009,1.0,144.0
2023/24,2023-11-04,Union Berlin,Ein Frankfurt,0,3,88,10,2,0.3538000515422385,0.265688623904772,0.3805113245529899,0.254470347739191,0.38322090916820883,0.2908189267201708,0.3259601641116204,0.3005939827940712,0.3832582871017811,0.2986122850424921,0.31812942785572684,1.0,144.0
2023/24,2023-11-05,Wolfsburg,Werder Bremen,2,2,89,10,1,0.405323888005895,0.27419578066593236,0.3204803313281728,0.1334975484782153,0.41020154836460404,0.27151219714940766,0.31828625448598835,0.13478572503771896,0.5541192353986862,0.224990408804571,0.22089035579674282,1.0,144.0
2023/24,2023-11-05,Heidenheim,Stuttgart,2,0,90,10,0,0.2067043164259344,0.21763895800202693,0.5756567255720388,0.48034935363678277,0.2215352148477537,0.22382797218682832,0.5546368129654178,0.4568147080092845,0.1831776921569908,0.22843335727812972,0.5883889505648796,1.0,144.0
2023/24,2023-11-10,M'gladbach,Wolfsburg,4,0,91,11,0,0.4592592667203506,0.24328061188535688,0.2974601213942924,0.19044153222386007,0.4394750619080197,0.2559077417827295,0.30461719630925066,0.20348992125516352,0.41195869003540647,0.24928782268809213,0.33875348727650145,1.0,144.0
2023/24,2023-11-11,Bayern Munich,Heidenheim,4,2,92,11,0,0.8222922870542182,0.09893832008984367,0.07876939285593826,0.018892324245656747,0.8156099893869819,0.10288305364345088,0.08150695696956707,0.020321530024153902,0.8688693266262718,0.08037041271293015,0.05076026066079799,1.0,144.0
2023/24,2023-11-11,Stuttgart,Dortmund,2,1,93,11,0,0.4760382047381716,0.237511495092638,0.2864503001691902,0.17829486868050873,0.46097234229647477,0.2321992595776507,0.3068283981258749,0.19234724083291949,0.39105323015855314,0.25357357893093685,0.35537319091051,1.0,144.0
2023/24,2023-11-11,Augsburg,Hoffenheim,1,1,94,11,1,0.4148620570811782,0.24974936797031724,0.3353885749485046,0.14229801130580771,0.4448007714750521,0.24208872140298246,0.31311050712196536,0.14794295798748794,0.400417904696982,0.2520765565838514,0.34750553871916656,1.0,144.0
2023/24,2023-11-11,Bochum,FC Koln,1,1,95,11,1,0.42396883635818056,0.23238581860880358,0.3436453450330158,0.14892084868288513,0.37782604012861526,0.23702596707756812,0.38514799279381706,0.1455457464761879,0.37604309107231465,0.269792688608669,0.35416422031901634,1.0,144.0
2023/24,2023-11-11,Darmstadt,Mainz,0,0,96,11,1,0.41883790408439575,0.25717717706076765,0.32398491885483643,0.14019570877159226,0.4408945915395261,0.24392651472247068,0.315178893738003,0.14686288795335856,0.2968578464825089,0.2797970507076521,0.42334510280983884,1.0,144.0
2023/24,2023-11-12,Leverkusen,Union Berlin,4,0,97,11,0,0.589363013047868,0.2478384395270787,0.16279854742505373,0.09756305104841638,0.6145249829445618,0.22923491835268772,0.15624009870275024,0.08650097860826778,0.7183175080460296,0.17441162515506115,0.10727086679890929,1.0,144.0
2023/24,2023-11-12,Werder Bremen,Ein Frankfurt,2,2,98,11,1,0.3305792627473841,0.2613068121348629,0.4081139251177535,0.13791981241681145,0.35309365094857326,0.2722041641713475,0.374702184880079,0.13253842684704897,0.35524091050252465,0.2731852635695472,0.37157382592792815,1.0,144.0
2023/24,2023-11-12,RB Leipzig,Freiburg,3,1,99,11,0,0.514021380375448,0.24009192455068912,0.24588669507386293,0.14831774277326595,0.6130595361485459,0.21732032575549623,0.16962013809595777,0.08924695690663514,0.6582540513542626,0.19667346656316384,0.14507248208257362,1.0,144.0
2023/24,2023-11-24,FC Koln,Bayern Munich,0,1,100,12,2,0.1840748809386722,0.16856219858503893,0.6473629204762887,0.07911823582379926,0.20260179189984495,0.1829498338852185,0.6144483742149365,0.09484877111326684,0.09574759945130316,0.13827160493827162,0.7659807956104253,1.0,144.0
2023/24,2023-11-25,Dortmund,M'gladbach,4,2,101,12,0,0.5523314713597804,0.2149655756251752,0.23270295301504404,0.12727888793841052,0.5420779849647533,0.21712523003917866,0.24079678499606796,0.13383783175919162,0.6405230780793062,0.1845782152480443,0.1748987066726496,1.0,144.0
2023/24,2023-11-25,Wolfsburg,RB Leipzig,2,1,102,12,0,0.3622913199310864,0.2585698894844632,0.37913879058445077,0.27520929158053786,0.3212184414432736,0.25521570225728346,0.423565856299443,0.32007621942968945,0.25969863732526505,0.24221269416371358,0.4980886685110213,1.0,144.0
2023/24,2023-11-25,Ein Frankfurt,Stuttgart,1,2,103,12,2,0.33680681653139016,0.24989242456687036,0.41330075890173956,0.2288274155836422,0.34471814381869925,0.26028858738999866,0.39499326879130225,0.24243187174282158,0.3359060684484957,0.27578651642504337,0.38830741512646105,1.0,144.0
2023/24,2023-11-25,Werder Bremen,Leverkusen,0,3,104,12,2,0.17972442481303488,0.19189508000552932,0.6283804951814358,0.08520096261798554,0.17948101693439725,0.19268030654988094,0.6278386765157221,0.08535874306868749,0.1598516333735532,0.18769272020378067,0.6524556464226662,1.0,144.0
2023/24,2023-11-25,Freiburg,Darmstadt,1,1,105,12,1,0.6942328861746421,0.16988739554521823,0.13587971828013967,0.25021129904313183,0.6369883015139951,0.20146054808149225,0.16155115040451257,0.21592643523135288,0.6329537323979542,0.21283938693821314,0.15420688066383276,1.0,144.0
2023/24,2023-11-25,Union Berlin,Augsburg,1,1,106,12,1,0.37696869144949313,0.2848027118424064,0.3382285967081006,0.12825198898213702,0.4093354991058652,0.2932078027628665,0.2974566981312682,0.12801801904570212,0.4879614007445301,0.27048556754362535,0.24155303171184456,1.0,144.0
2023/24,2023-11-26,Heidenheim,Bochum,0,0,107,12,1,0.28437818920865865,0.2482395417039032,0.46738226908743824,0.14965856997745908,0.24638317277216878,0.23059486392581233,0.5230219633020189,0.1671283209607894,0.4039645874224552,0.2704318488022548,0.32560356377529004,1.0,144.0
2023/24,2023-11-26,Hoffenheim,Mainz,1,1,108,12,1,0.5056777381552758,0.26500603647223314,0.2293162253724906,0.15414795304246137,0.5215072100046505,0.25701466511031007,0.22147812488503926,0.1605111649447139,0.5218266783176931,0.24144219444549983,0.23673112723680714,1.0,144.0
2023/24,2023-12-01,Darmstadt,FC Koln,0,1,109,13,2,0.36713863423445686,0.2415418655435845,0.39131950022195866,0.2526413637787943,0.3472104305377589,0.2617042546236,0.3910853148386412,0.2456660884396864,0.34774907976404995,0.28893098615410673,0.3633199340818432,1.0,144.0
2023/24,2023-12-02,RB Leipzig,Heidenheim,2,1,110,13,0,0.707336200333251,0.1731099185303045,0.11955388113644452,0.04997261506508306,0.7154408807307245,0.16909544906477497,0.11546367020450046,0.047152875748199694,0.8035596664238316,0.12410187898437554,0.07233845459179279,1.0,144.0
2023/24,2023-12-02,Stuttgart,Werder Bremen,2,0,111,13,0,0.6917243383577696,0.18223397405227088,0.12604168758995937,0.05546019528573994,0.7209257595668717,0.16234902027122233,0.11672522016190595,0.04575360434758648,0.7139925616257176,0.16887476240190885,0.11713267597237348,1.0,144.0
2023/24,2023-12-02,Bochum,Wolfsburg,3,1,112,13,0,0.4831301648448812,0.2356322992245566,0.28123753593056217,0.173124489054787,0.5355595652424497,0.21919226670921238,0.24524816804833785,0.13792579068442404,0.3698877726871507,0.27636501197931995,0.35374721533352954,1.0,144.0
2023/24,2023-12-02,M'gladbach,Hoffenheim,2,1,113,13,0,0.4663542948163607,0.22890869790770396,0.30473700727593545,0.18882119113221857,0.45449416498390316,0.24054333132317282,0.3049625036929242,0.19528937234763288,0.450686955701575,0.23013801993271918,0.31917502436570566,1.0,144.0
2023/24,2023-12-03,Leverkusen,Dortmund,1,1,114,13,1,0.6234647424305768,0.1909617347704071,0.18557352279901612,0.21157290870903123,0.6229219912443467,0.18972999594469883,0.1873480128109547,0.21156554254001775,0.5891630661746359,0.2136525404809119,0.1971843933444522,1.0,144.0
2023/24,2023-12-03,Augsburg,Ein Frankfurt,2,1,115,13,0,0.43103061384887364,0.2520855547107183,0.31688383144040805,0.21207076250277127,0.4109436204993072,0.2544436208974947,0.3346127586031978,0.22947655822525315,0.3730326195994328,0.28890656888858146,0.3380608115119859,1.0,144.0
2023/24,2023-12-03,Mainz,Freiburg,0,1,116,13,2,0.40747229632616366,0.30245920924143543,0.2900684944324007,0.33501820743539745,0.4292682339750825,0.29009846153849256,0.2806333044864251,0.35087982965710346,0.43059627823370805,0.2780421682309086,0.29136155353538334,1.0,144.0
2023/24,2023-12-08,Hoffenheim,Bochum,3,1,117,14,0,0.5017104600209483,0.23708046232268914,0.2612090776563622,0.15826132395131126,0.4793186750677292,0.23684611412619605,0.28383521080607504,0.17583573451327694,0.5419124584402157,0.2401047773782144,0.21798276418156992,1.0,144.0
2023/24,2023-12-09,Dortmund,RB Leipzig,2,3,118,14,2,0.42118299761395683,0.23571583013615116,0.34310117224989195,0.3044555936892722,0.4866454465189991,0.22531591204454154,0.2880386414364592,0.3718563833526593,0.36156641696951713,0.24938811837128233,0.3890454646592004,1.0,144.0
2023/24,2023-12-09,Werder Bremen,Augsburg,2,0,119,14,0,0.3844892217105663,0.2635248625390124,0.3519859157504211,0.25137380153856353,0.40788887413524383,0.2646009065795859,0.32751021928516966,0.22892926455452473,0.44004530225095556,0.2607238922183946,0.2992308055306498,1.0,144.0
2023/24,2023-12-09,Wolfsburg,Freiburg,0,1,120,14,2,0.43469464909339883,0.26384712208065325,0.3014582288259481,0.3384600220127074,0.4681130571171986,0.23925222302271415,0.2926347198600871,0.3597477368955134,0.4382148021559091,0.2748126725384515,0.2869725253056396,1.0,144.0
2023/24,2023-12-09,Heidenheim,Darmstadt,3,2,121,14,0,0.5488206553312788,0.23155025264100698,0.21962909202771455,0.12589986956030744,0.5570471660226404,0.2221639579483589,0.22078887602900085,0.1224774704533619,0.5338366136424912,0.24534915071447833,0.2208142356430305,1.0,144.0
2023/24,2023-12-09,Ein Frankfurt,Bayern Munich,5,1,122,14,0,0.21231308191418727,0.21946798201168546,0.5682189360741273,0.4716617201183695,0.23422136417763167,0.21956349759737231,0.546215138224996,0.44238394815405946,0.1081932435472984,0.1582237793706406,0.733582977082061,1.0,144.0
2023/24,2023-12-09,Union Berlin,M'gladbach,3,1,123,14,0,0.3693474232951033,0.2762533322099015,0.3543992444949952,0.26166074850157456,0.400254540667321,0.27892768714840666,0.3208177721842723,0.23130932946972288,0.4652852945724447,0.2747023349311891,0.2600123704963661,1.0,144.0
2023/24,2023-12-10,FC Koln,Mainz,0,0,124,14,1,0.2732007609022108,0.2535133125150508,0.4732859265827384,0.14931911202941409,0.3189303783766382,0.2573157462421809,0.423753875381181,0.14064196657601752,0.3502806459646367,0.28225512921208407,0.36746422482327923,1.0,144.0
2023/24,2023-12-10,Stuttgart,Leverkusen,1,1,125,14,1,0.5035817997016645,0.23777856882905865,0.2586396314692768,0.16024454397866533,0.5169146233694375,0.2304217729015495,0.2526636037290128,0.16551981225124957,0.33084336720035523,0.26217776268707393,0.40697887011257083,1.0,144.0
2023/24,2023-12-15,M'gladbach,Werder Bremen,2,2,126,15,1,0.4683777491615922,0.27399175861204345,0.2576304922263645,0.14287559321723908,0.49262991825695324,0.2667943724892233,0.24057570925382352,0.1502804541224163,0.4497945768282662,0.24847986852917012,0.3017255546425637,1.0,144.0
2023/24,2023-12-16,RB Leipzig,Hoffenheim,3,1,127,15,0,0.604332564885031,0.2247882507734351,0.17087918434153412,0.09287620742584309,0.6150404414413452,0.2201394709466672,0.16482008761198746,0.08767976150304883,0.728879988714973,0.15891973524441214,0.11220027604061504,1.0,144.0
2023/24,2023-12-16,Darmstadt,Wolfsburg,0,1,128,15,2,0.35600853758088336,0.27633429802119025,0.3676571643979265,0.2632997702838752,0.3382435576255764,0.2702107371202109,0.3915457052542124,0.2423126665349,0.2447685478757134,0.25174381737476226,0.5034876347495245,1.0,144.0
2023/24,2023-12-16,Mainz,Heidenheim,0,1,129,15,2,0.5785561970423828,0.25638461321322686,0.16505918974439052,0.5159267148832193,0.5853240223902585,0.24764248365115912,0.16703349395858225,0.5182187056869794,0.5642368376406719,0.23441723689419217,0.201345925465136,1.0,144.0
2023/24,2023-12-16,Augsburg,Dortmund,1,1,130,15,1,0.33024342546607893,0.22350808278121737,0.44624849175270376,0.15409921822756623,0.26619612969266854,0.20873411348310844,0.5250697568242231,0.1732793144974024,0.3088470583182106,0.24692087149806174,0.4442320701837276,1.0,144.0
2023/24,2023-12-16,Bochum,Union Berlin,3,0,131,15,0,0.505738018107528,0.23640778504890958,0.25785419684356253,0.15539184678705642,0.5146730335749817,0.24139075446467623,0.24393621196034238,0.14752356992243587,0.3718185171523423,0.2899299151604574,0.3382515676872003,1.0,144.0
2023/24,2023-12-17,Freiburg,FC Koln,2,0,132,15,0,0.5719193213883701,0.22313697085529494,0.20494370775633525,0.1126274953747538,0.4968345248754368,0.24236520582446155,0.26080026930010164,0.16059613791216654,0.5062114227674037,0.26127041175091803,0.23251816548167828,1.0,144.0
2023/24,2023-12-17,Leverkusen,Ein Frankfurt,3,0,133,15,0,0.6604685285578568,0.1935455438868035,0.1459859275553397,0.0682967555719299,0.6371508089651139,0.19950630612287204,0.16334288491201404,0.07917021674302538,0.7632478678468616,0.14956334579891847,0.08718878635421992,1.0,144.0
2023/24,2023-12-17,Bayern Munich,Stuttgart,3,0,134,15,0,0.5512772525802526,0.2090955063912417,0.23962724102850536,0.12938665934742996,0.5387653340902694,0.21600442262303246,0.245230243286698,0.136437644629657,0.6228225692978754,0.19316167159138878,0.18401575911073592,1.0,144.0
2023/24,2023-12-19,Hoffenheim,Darmstadt,3,3,135,16,1,0.5737994833191709,0.23007017388455744,0.19613034279627178,0.18385647921136525,0.5469324576754147,0.2359649150069335,0.2171026273176518,0.17313433202354822,0.6435967717374753,0.20502766357037713,0.1513755646921476,1.0,144.0
2023/24,2023-12-19,Werder Bremen,RB Leipzig,1,1,136,16,1,0.23922412601461915,0.2312647124551619,0.5295111615302185,0.16880512632626998,0.20839144955194502,0.21326152145519714,0.5783470289928576,0.1889561410956132,0.17407744356627053,0.2054926934667652,0.6204298629669641,1.0,144.0
2023/24,2023-12-19,Dortmund,Mainz,1,1,137,16,1,0.5156686853475512,0.2598244244447853,0.22450689020766343,0.1581587683993938,0.5335823384189015,0.24784145871170413,0.2185762028693947,0.1662428341666929,0.6214328379185552,0.20938125856435122,0.16918590351709356,1.0,144.0
2023/24,2023-12-20,Wolfsburg,Bayern Munich,1,2,138,16,2,0.17078589827577972,0.20112955893094972,0.6280845427932703,0.0837444651795778,0.15949414423537595,0.18813718268517365,0.6523686730794503,0.07314296075095847,0.1504060455673359,0.19067223099481165,0.6589217234378525,1.0,144.0
2023/24,2023-12-20,Stuttgart,Augsburg,3,0,139,16,0,0.7826037122422657,0.1191710666459891,0.09822522111174531,0.02845466999664744,0.7729568714310047,0.12674594676447512,0.10029718180452016,0.03080405345416316,0.7027640450507464,0.17794759305872107,0.11928836189053257,1.0,144.0
2023/24,2023-12-20,Leverkusen,Bochum,4,0,140,16,0,0.6284458115025989,0.20876728307821557,0.16278690541918564,0.08227604578295854,0.6266834675871363,0.20390044012905553,0.16941609228380827,0.08403352284874024,0.7902552907860445,0.1299341583233119,0.07981055089064358,1.0,144.0
2023/24,2023-12-20,Ein Frankfurt,M'gladbach,2,1,141,16,0,0.5278417274068481,0.22060601854300388,0.25155225405014814,0.14310598544792968,0.4918778471580998,0.23406416844890257,0.27405798439299783,0.16664795050911999,0.5589366259580947,0.23100943685678976,0.2100539371851155,1.0,144.0
2023/24,2023-12-20,Union Berlin,FC Koln,2,0,142,16,0,0.5481866330980578,0.2330502701969387,0.21876309670500388,0.12599630549561586,0.5510759065955783,0.23530767330449728,0.21361642009992457,0.12358240828764469,0.5447853633384107,0.2531900644235955,0.20202457223799394,1.0,144.0
2023/24,2023-12-20,Heidenheim,Freiburg,3,2,143,16,0,0.3045874512771597,0.2869436264009496,0.40846892232189086,0.32522273671200175,0.3691001231549519,0.28458177258013734,0.3463181042649108,0.2589854419723693,0.29673050533977685,0.2837539526281248,0.41951554203209834,1.0,144.0
2023/24,2024-01-12,Bayern Munich,Hoffenheim,3,0,144,17,0,0.7354803878979674,0.14912972773276909,0.11538988436926322,0.04164272530068088,0.7642212352340291,0.13372046310998056,0.10205830165599028,0.03300376142573609,0.8556864093152986,0.0934227673938442,0.05089082329085723,1.0,144.0
2023/24,2024-01-13,Darmstadt,Dortmund,0,3,145,17,2,0.414591765731183,0.2458151174263119,0.3395931168425051,0.30401179176694865,0.3837651252468172,0.25550041936984347,0.3607344553833393,0.2779680539448705,0.2008010594132605,0.21843899030766853,0.5807599502790709,1.0,144.0
2023/24,2024-01-13,Mainz,Wolfsburg,1,1,146,17,1,0.46058548987977477,0.3226052941840759,0.21680921593614896,0.12957261480131996,0.4722505576659374,0.3064819538448021,0.22126748848926048,0.13598994533906694,0.48384335544618023,0.27241600684784933,0.24374063770597043,1.0,144.0
2023/24,2024-01-13,RB Leipzig,Ein Frankfurt,0,1,147,17,2,0.6465788321412141,0.1882325013443793,0.16518866651440664,0.5574870743445455,0.6570744220784079,0.1842865687537727,0.1586390091678192,0.5698175565218913,0.6822805839312855,0.18922625569969245,0.12849316036902195,1.0,144.0
2023/24,2024-01-13,FC Koln,Heidenheim,1,1,148,17,1,0.378683883571608,0.23763660673540724,0.38367950969298464,0.1453057249175622,0.41217560552226074,0.23062752271733844,0.35719687176040055,0.14873916749152927,0.4813420061622733,0.25587127695994527,0.2627867168777816,1.0,144.0
2023/24,2024-01-13,Augsburg,Leverkusen,0,1,149,17,2,0.2224272455679421,0.22328447896471149,0.5542882754673467,0.12406641047840686,0.20803296858417253,0.22133669460508362,0.570630336810744,0.1138180118425993,0.16387845681119836,0.201092523045408,0.6350290201433937,1.0,144.0
2023/24,2024-01-13,Freiburg,Union Berlin,0,0,150,17,1,0.5717899182125515,0.2555125197583538,0.17269756202909456,0.1783840792501547,0.5408589586571095,0.27210164207776144,0.1870393992651293,0.16375607501855666,0.44805566248502493,0.29197621249024147,0.2599681250247337,1.0,144.0
2023/24,2024-01-14,Bochum,Werder Bremen,1,1,151,17,1,0.5079377236920875,0.25660701323247326,0.23545526307543901,0.15671995602971187,0.4967800563164349,0.2552782141486968,0.24794172953486826,0.154132762799251,0.4542144195962284,0.2648552746419425,0.28093030576182915,1.0,144.0
2023/24,2024-01-14,M'gladbach,Stuttgart,3,1,152,17,0,0.2807127710290281,0.2107554034937612,0.5085318254772107,0.3879893676419619,0.24196978259592414,0.22150762294706003,0.536522594457016,0.43123315243027893,0.2629090522736931,0.24078304292392688,0.49630790480237996,1.0,144.0
2023/24,2024-01-20,Freiburg,Hoffenheim,3,2,153,18,0,0.5237099380950234,0.23542452189873214,0.24086554000624424,0.1424342157159731,0.537341789291324,0.23398338845538463,0.22867482225329117,0.133172397134364,0.4865793603549976,0.24825477569132529,0.2651658639536772,1.0,144.0
2023/24,2024-01-20,RB Leipzig,Leverkusen,2,3,154,18,2,0.3470655808916971,0.2940786015249822,0.35885581758332097,0.2657601900432216,0.36546381964347413,0.30005060819410967,0.3344855721624163,0.28823662856419213,0.38926757001444057,0.2581349933782763,0.35259743660728315,1.0,144.0
2023/24,2024-01-20,FC Koln,Dortmund,0,4,155,18,2,0.1957117211839137,0.16110315740811695,0.6431851214079698,0.08280996769670776,0.20517112321891584,0.170228939984006,0.6245999367970781,0.09151019862783463,0.25363181939303264,0.2323947053290228,0.5139734752779446,1.0,144.0
2023/24,2024-01-20,Heidenheim,Wolfsburg,1,1,156,18,1,0.3898183325032599,0.2725080243427284,0.33767364315401144,0.13299091081826248,0.3289353312096071,0.26873117406209435,0.40233349472829844,0.1350353465491299,0.33088629710800166,0.28611932749927205,0.3829943753927263,1.0,144.0
2023/24,2024-01-20,Bochum,Stuttgart,1,0,157,18,0,0.25127685698010205,0.24759521519426475,0.5011279278256334,0.4058577724702038,0.2733703065768433,0.2580054143621111,0.4686242790610456,0.3737997131448576,0.21734828792689398,0.23988811037857186,0.5427636016945341,1.0,144.0
2023/24,2024-01-20,Darmstadt,Ein Frankfurt,2,2,158,18,1,0.34189140406968965,0.2704290168925287,0.3876795790377815,0.13359259408982768,0.30641738536814767,0.2618611058323606,0.43172150879949145,0.14013753760798076,0.2592970087197348,0.27545716223767863,0.4652458290425865,1.0,144.0
2023/24,2024-01-21,M'gladbach,Augsburg,1,2,159,18,2,0.5764052708057864,0.22883784946256341,0.19475687973165032,0.4903297594761,0.5447639010999958,0.2492596290387799,0.20597646986122403,0.46362053717786467,0.5358746595342674,0.23428336564179322,0.2298419748239393,1.0,144.0
2023/24,2024-01-21,Bayern Munich,Werder Bremen,0,1,160,18,2,0.8123854338926011,0.10915725394446046,0.07845731216293854,0.7546055093534129,0.7973590455723452,0.11744967483911643,0.0851912795885385,0.7363282212484483,0.8882815169115134,0.07447898872565767,0.037239494362828834,1.0,144.0
2023/24,2024-01-24,Bayern Munich,Union Berlin,1,0,161,18,0,0.8367069365645133,0.09191326894329375,0.07137979449219288,0.01587984981394678,0.8090573531153409,0.11121178498508653,0.07973086189957267,0.02140805236928417,0.8492376979934646,0.09700711179484464,0.053755190211690694,1.0,144.0
2023/24,2024-01-26,Ein Frankfurt,Mainz,1,0,162,19,0,0.39443718740877004,0.31165536039236735,0.2939074521988629,0.2265439552257139,0.3819390838780754,0.3135388375006165,0.3045220786213081,0.23736649620265743,0.4320882570774792,0.2893448150072406,0.2785669279152803,1.0,144.0
2023/24,2024-01-27,Leverkusen,M'gladbach,0,0,163,19,1,0.728588870823006,0.16801103137341794,0.103400097803576,0.27076666145646605,0.7018085408760094,0.17851995663707626,0.11967150248691429,0.25342824827699445,0.7883751029096545,0.12362694415806921,0.08799795293227618,1.0,144.0
2023/24,2024-01-27,Augsburg,Bayern Munich,2,3,164,19,2,0.15266087535433864,0.16185558565223032,0.6854835389934311,0.06111297355402476,0.13622534034794856,0.14286589517025314,0.7209087644817986,0.048224630547995376,0.12124991572844332,0.14757635003033776,0.7311737342412189,1.0,144.0
2023/24,2024-01-27,Stuttgart,RB Leipzig,5,2,165,19,0,0.5850292810254977,0.21284038643803524,0.20213033253646726,0.10652868446875907,0.5861887526333858,0.21386138625036938,0.199949861116245,0.10560984770375942,0.3830059586190377,0.25668473216157145,0.360309309219391,1.0,144.0
2023/24,2024-01-27,Werder Bremen,Freiburg,3,1,166,19,0,0.38090439152604955,0.2648636851187381,0.3542319233552122,0.25437981397783205,0.38137946950457224,0.278246156006069,0.3403743744893587,0.24927303777973336,0.4042710892556822,0.2783695214589126,0.3173593892854053,1.0,144.0
2023/24,2024-01-27,Wolfsburg,FC Koln,1,1,167,19,1,0.5557131474517039,0.2474457046056155,0.1968411479426807,0.1737817698870357,0.5425846843422589,0.2565308595660796,0.20088445609166128,0.1673763521910157,0.558721019194913,0.24800371770386448,0.1932752631012224,1.0,144.0
2023/24,2024-01-27,Hoffenheim,Heidenheim,1,1,168,19,1,0.5925993832112665,0.20848832746449558,0.19891228932423807,0.1953700639132914,0.5583710418492643,0.21525200307107578,0.22637695507965983,0.18151237308348564,0.5585155404004332,0.22600396285971017,0.21548049673985673,1.0,144.0
2023/24,2024-01-28,Dortmund,Bochum,3,1,169,19,0,0.5989226452658555,0.1946314111680356,0.20644594356610904,0.1017414860477199,0.6496243781873027,0.18136787848144004,0.16900774333125768,0.07566334683327923,0.7004870898748125,0.1658099801075885,0.133702930017599,1.0,144.0
2023/24,2024-01-28,Union Berlin,Darmstadt,1,0,170,19,0,0.486125109924182,0.28068690071774427,0.23318798935807383,0.15922202051564757,0.49692620854252745,0.27179609990200276,0.23127769155546957,0.15328630513131178,0.5607329452363257,0.2628910556257028,0.1763759991379715,1.0,144.0
2023/24,2024-02-02,Heidenheim,Dortmund,0,0,171,20,1,0.3044983474841056,0.2285933197470382,0.46690833276885607,0.15536131741477205,0.2805203985589387,0.22313165198328722,0.4963479494577741,0.16252649046930143,0.2956378789616546,0.23898000535229572,0.46538211568604965,1.0,144.0
2023/24,2024-02-03,Mainz,Werder Bremen,0,1,172,20,2,0.4870113718664152,0.30849341333555047,0.2044952147980345,0.4350039698032166,0.5383291841340199,0.2900287499266107,0.17164206593936915,0.4879875887057977,0.46912491734105866,0.27666341279088075,0.2542116698680606,1.0,144.0
2023/24,2024-02-03,FC Koln,Ein Frankfurt,2,0,173,20,0,0.23653301530131243,0.22775177019784013,0.5357152145008479,0.4349363138862975,0.2320764152074463,0.226619059661003,0.5413045251315509,0.44135861050427005,0.32111248655089836,0.30029964020037714,0.3785878732487245,1.0,144.0
2023/24,2024-02-03,Freiburg,Stuttgart,1,3,174,20,2,0.27970881664622044,0.24373902224226413,0.47655216111151566,0.17611733107332692,0.25314428715069504,0.24565921901117405,0.5011964938381306,0.15644348393820365,0.3021213627242528,0.2803546939400847,0.4175239433356627,1.0,144.0
2023/24,2024-02-03,Bochum,Augsburg,1,1,175,20,1,0.490674706504323,0.2681346383109904,0.24119065518468646,0.14946729987576096,0.47300079191196076,0.26336294284854384,0.26363626523949546,0.14661691474938582,0.397026149376175,0.281946106078733,0.32102774454509203,1.0,144.0
2023/24,2024-02-03,Bayern Munich,M'gladbach,3,1,176,20,0,0.7420992677647387,0.15271588668857977,0.10518484554668156,0.038788319710081606,0.7617620288520361,0.14336259510799548,0.09487537603996828,0.032879333937711724,0.850085912865762,0.09604538559632989,0.05386870153790821,1.0,144.0
2023/24,2024-02-03,Darmstadt,Leverkusen,0,2,177,20,2,0.11597652399655746,0.1313283312136253,0.7526951447898177,0.03730512276442676,0.1239106458757801,0.1430893375078446,0.7330000166163754,0.04332141964410443,0.08848848530790199,0.15622397080417877,0.7552875438879193,1.0,144.0
2023/24,2024-02-04,Wolfsburg,Hoffenheim,2,2,178,20,1,0.3707374578739631,0.272829324064986,0.3564332180610508,0.1322454508041026,0.3308874460342423,0.2738356564279924,0.3952768975377651,0.1328651638350723,0.45219997858901617,0.2531848838454127,0.2946151375655712,1.0,144.0
2023/24,2024-02-04,RB Leipzig,Union Berlin,2,0,179,20,0,0.6753914652862673,0.17239444948433882,0.15221408522939417,0.06426991427560892,0.7068632681011837,0.15899483102734457,0.13414190087147185,0.051961596578865114,0.7162030108094689,0.17938294333817867,0.10441404585235238,1.0,144.0
2023/24,2024-02-07,Mainz,Union Berlin,1,1,180,20,1,0.5458644799693659,0.29172646152908444,0.16240905850154957,0.16217236638779303,0.5281513108914947,0.2906515728119938,0.18119711629651142,0.15588810107528792,0.46524209572280134,0.29287830724718517,0.24187959703001363,1.0,144.0
2023/24,2024-02-09,Dortmund,Freiburg,3,0,181,21,0,0.6626881664409535,0.18477440185249763,0.15253743170654877,0.06852347056529796,0.7141626978055649,0.1619320858816937,0.12390521631274153,0.04852773297765004,0.6586740097436984,0.19097648803219655,0.15034950222410506,1.0,144.0
2023/24,2024-02-10,Leverkusen,Bayern Munich,3,0,182,21,0,0.4553570825544514,0.28034510034471627,0.26429781710083217,0.18324462182393186,0.4684553060127021,0.2709617500716547,0.260582943915643,0.1752216161828967,0.40723983600828223,0.2757232884022081,0.31703687558950966,1.0,144.0
2023/24,2024-02-10,Werder Bremen,Heidenheim,1,2,183,21,2,0.45639986086242273,0.28560526262475083,0.25799487651282677,0.3794362181382273,0.4413295898731586,0.29873297507791896,0.25993743504892214,0.3712322034697892,0.5223417648000653,0.25634714578578405,0.2213110894141507,1.0,144.0
2023/24,2024-02-10,Union Berlin,Wolfsburg,1,0,184,21,0,0.4192750659565977,0.30788362527206065,0.2728413087713416,0.2058419143958863,0.41847977704160494,0.3094524867955958,0.27206773616279933,0.20609331138516604,0.417491279809578,0.2929983981796135,0.2895103220108085,1.0,144.0
2023/24,2024-02-10,M'gladbach,Darmstadt,0,0,185,21,1,0.5098462066225479,0.27240343988565136,0.21775035349180064,0.153679185426603,0.5225475481580237,0.2579620300163572,0.21949042182561934,0.16061599267957516,0.588024079669723,0.23492487444432034,0.17705104588595674,1.0,144.0
2023/24,2024-02-10,Augsburg,RB Leipzig,2,2,186,21,1,0.30586189234020283,0.22377213107528457,0.4703659765845126,0.15739782455711604,0.29388842524122755,0.2290796740835092,0.4770319006752636,0.1569649203763114,0.22058069441753936,0.21909363355629752,0.5603256720261631,1.0,144.0
2023/24,2024-02-10,Ein Frankfurt,Bochum,1,1,187,21,1,0.5354653883671774,0.24144004046602638,0.2230945711667959,0.1682471849116544,0.5629021261699886,0.22737073542491928,0.20972713840509247,0.1804221381151412,0.5369753457425122,0.25310556661300704,0.20991908764448097,1.0,144.0
2023/24,2024-02-11,Stuttgart,Mainz,3,1,188,21,0,0.6089797390905083,0.25929877048711786,0.13172149042237413,0.08512369774040923,0.6004423055519982,0.25188022007559135,0.14767747437241027,0.09072749381480838,0.658060416347953,0.20758558198100666,0.13435400167104042,1.0,144.0
2023/24,2024-02-11,Hoffenheim,FC Koln,1,1,189,21,1,0.7330066477542097,0.15010871844839455,0.1168846337973959,0.2754803816349076,0.7310819836053326,0.1540690707774674,0.11484894561720019,0.27383557353084514,0.5551555112132911,0.23988201101808876,0.20496247776862012,1.0,144.0
2023/24,2024-02-16,FC Koln,Werder Bremen,0,1,190,22,2,0.3257806632341383,0.2808354964719807,0.3933838402938809,0.23705810287693738,0.29849907848174084,0.27703095924546917,0.4244699622727899,0.21016826209036613,0.39408898894208977,0.2888426714204634,0.31706833963744685,1.0,144.0
2023/24,2024-02-17,Hoffenheim,Union Berlin,0,1,191,22,2,0.5646392850873865,0.22253035125621584,0.21283036365639754,0.469226779322657,0.4974665886687146,0.25528663255319145,0.2472467787780938,0.4070552094508221,0.49851363577614066,0.2578518805738658,0.24363448364999352,1.0,144.0
2023/24,2024-02-17,Heidenheim,Leverkusen,1,2,192,22,2,0.19016481668114738,0.240262550717034,0.5695726326018185,0.1107151880543517,0.17459535141683166,0.2286486740597075,0.596755974523461,0.09654464040944535,0.12974701675616832,0.18286985191859953,0.6873831313252322,1.0,144.0
2023/24,2024-02-17,Darmstadt,Stuttgart,1,2,193,22,2,0.1610566291505427,0.1838472993762263,0.6550960714732311,0.07244897885326701,0.16642260764012667,0.1935080033522243,0.6400693890076489,0.07862326453153332,0.15714251367696783,0.20498294067376138,0.6378745456492707,1.0,144.0
2023/24,2024-02-17,Wolfsburg,Dortmund,1,1,194,22,1,0.318120167544759,0.27588185361099776,0.4059979788442437,0.13301739991215802,0.3221349816400724,0.28149363697011787,0.39637138138981004,0.13044060919055792,0.3004225893200154,0.24894352669996164,0.4506338839800231,1.0,144.0
2023/24,2024-02-17,RB Leipzig,M'gladbach,2,0,195,22,0,0.7592365822883792,0.1395418615803137,0.10122155613130729,0.03410641336691188,0.751755962258366,0.14304157031461764,0.10520246742701625,0.03634633071350111,0.7329636983478814,0.16071629266099727,0.10632000899112126,1.0,144.0
2023/24,2024-02-17,Mainz,Augsburg,1,0,196,22,0,0.4449444887544053,0.31674969453088264,0.2383058167147121,0.18243814142208722,0.45819319627733435,0.31670491590784283,0.22510188781482285,0.1721127362289841,0.4852565195159366,0.2658939832964036,0.24884949718765983,1.0,144.0
2023/24,2024-02-18,Freiburg,Ein Frankfurt,3,3,197,22,1,0.341421657325605,0.2298271937647738,0.4287511489096212,0.1501981478911415,0.304510430789754,0.2348851343107546,0.4606044348994911,0.15244152395442068,0.3864752550056668,0.2856063468077068,0.3279183981866264,1.0,144.0
2023/24,2024-02-18,Bochum,Bayern Munich,3,2,198,22,0,0.21228329093453185,0.19161041856836963,0.5961062904970984,0.48792016165557134,0.19157980401375319,0.18751720896577012,0.6209029870204767,0.5195318662846959,0.1268892082445192,0.16970322431303708,0.7034075674424436,1.0,144.0
2023/24,2024-02-23,Leverkusen,Mainz,2,1,199,23,0,0.6823201633643009,0.20962437315893762,0.10805546347676165,0.056298230896031094,0.6722265053550714,0.21788246312367923,0.10989103152124947,0.05975575130027661,0.7457366622714936,0.16184602019247776,0.09241731753602876,1.0,144.0
2023/24,2024-02-24,Bayern Munich,RB Leipzig,2,1,200,23,0,0.644742279038279,0.1844918094993874,0.1707659114623336,0.07768452241023881,0.6032217560547161,0.1981806510411772,0.19859759290410703,0.09843698938780426,0.5368984998433217,0.2213636183864265,0.24173788177025182,1.0,144.0
2023/24,2024-02-24,Werder Bremen,Darmstadt,1,1,201,23,1,0.5703641744555868,0.2777512384472244,0.1518845870971889,0.17419210965004334,0.5694089268950632,0.2754934050702444,0.15509766803469258,0.17414090632879353,0.5508678175063578,0.24544996425599735,0.2036822182376449,1.0,144.0
2023/24,2024-02-24,M'gladbach,Bochum,5,2,202,23,0,0.5369961457700525,0.2250426504392348,0.23796120379071278,0.1354990517706558,0.5529923612036921,0.22350424729884785,0.22350339149746007,0.12488479757655867,0.45881500837901545,0.2679580765188741,0.2732269151021104,1.0,144.0
2023/24,2024-02-24,Union Berlin,Heidenheim,2,2,203,23,1,0.4237807004401492,0.28051769084493416,0.2957016087149169,0.13351476173106658,0.44129554981648844,0.2595338217910108,0.299170628392501,0.1421224135903003,0.5196081192288797,0.2691598844759017,0.21123199629521852,1.0,144.0
2023/24,2024-02-24,Stuttgart,FC Koln,1,1,204,23,1,0.8175358933423846,0.10969349173671267,0.07277061492090293,0.3368302496495486,0.7934409575591336,0.12710049802916487,0.07945854441170128,0.31793110670619057,0.7289620063971931,0.1712931923159482,0.09974480128685871,1.0,144.0
2023/24,2024-02-25,Ein Frankfurt,Wolfsburg,2,2,205,23,1,0.4281332256057191,0.2863257076515404,0.2855410667427405,0.13241587983206987,0.4085516052818621,0.27791016010748854,0.3135382346106493,0.13261031937057455,0.3910148229136111,0.2855210876993817,0.32346408938700727,1.0,144.0
2023/24,2024-02-25,Dortmund,Hoffenheim,2,3,206,23,2,0.5575319086915309,0.21159711570785888,0.23087097560061018,0.4512006426913893,0.5597514659855423,0.21414343276151834,0.2261051012529395,0.4561175089898435,0.6731199533028505,0.1727794532542076,0.1541005934429419,1.0,144.0
2023/24,2024-02-25,Augsburg,Freiburg,2,1,207,23,0,0.4041926700487003,0.24616498246007779,0.3496423474912221,0.23861807279143465,0.3955750576982444,0.25613896255465685,0.34828597974709863,0.24331631728243852,0.408732210706176,0.2702174059668608,0.3210503833269633,1.0,144.0
2023/24,2024-03-01,Freiburg,Bayern Munich,2,2,208,24,1,0.20943889323429743,0.19307970280710735,0.5974814039585952,0.2004243390377707,0.2071003441610295,0.19928121548141245,0.593618440357558,0.19763670264207828,0.15593282539167763,0.2007151864029239,0.6433519882053985,1.0,144.0
2023/24,2024-03-02,Heidenheim,Ein Frankfurt,1,2,209,24,2,0.4070207487803663,0.257178509749053,0.33580074147058053,0.3034132724843802,0.430437189210564,0.2559552313186339,0.313607579470802,0.3282053644077111,0.31712260910164103,0.28550334602405797,0.3973740448743011,1.0,144.0
2023/24,2024-03-02,Bochum,RB Leipzig,1,4,210,24,2,0.3113155123929027,0.2442855161681707,0.44439897143892626,0.20280492559728913,0.3299641394528606,0.241468348545771,0.42856751200136867,0.21770571083258658,0.20863690555040407,0.21512783150086104,0.576235262948735,1.0,144.0
2023/24,2024-03-02,Darmstadt,Augsburg,0,6,211,24,2,0.32414729178748725,0.2622861421429465,0.4135665660695661,0.2244878196023014,0.4047131530285975,0.2720115667845287,0.3232752801868739,0.3108745413202516,0.26780131622174413,0.2692849800235267,0.4629137037547292,1.0,144.0
2023/24,2024-03-02,Mainz,M'gladbach,1,1,212,24,1,0.5693675835861933,0.27310100978570023,0.15753140662810647,0.17449779465650533,0.45890674776792484,0.30725109413036295,0.23384215810171233,0.1326387790263,0.5029042130624471,0.2608647522302533,0.23623103470729961,1.0,144.0
2023/24,2024-03-02,Wolfsburg,Stuttgart,2,3,213,24,2,0.21926932720303952,0.2377184391077341,0.5430122336892264,0.12845842820489195,0.1998554595182802,0.23067729518666186,0.569467245295058,0.11265032878654438,0.30008936286492915,0.27158925577719845,0.42832138135787245,1.0,144.0
2023/24,2024-03-02,Union Berlin,Dortmund,0,2,214,24,2,0.2780914728561681,0.22575045228582402,0.4961580748580077,0.16559577640305082,0.2710031889226183,0.22504996726604706,0.5039468438113348,0.1597557310854824,0.28170151664722254,0.26626581710490893,0.45203266624786864,1.0,144.0
2023/24,2024-03-03,FC Koln,Leverkusen,0,2,215,24,2,0.1441546750674365,0.17355738582827607,0.6822879391042875,0.06086076199119959,0.15458519981363927,0.18884067846528216,0.6565741217210787,0.07091895893653569,0.11239510080863853,0.1804182065121907,0.7071866926791709,1.0,144.0
2023/24,2024-03-03,Hoffenheim,Werder Bremen,2,1,216,24,0,0.4939478670984597,0.24865591161820622,0.257396221283334,0.16117078797256862,0.5123260578491768,0.25167578887423253,0.23599815327659063,0.14676050110144281,0.49759099666088596,0.23212977116955205,0.270279232169562,1.0,144.0
2023/24,2024-03-08,Stuttgart,Union Berlin,2,0,217,25,0,0.7429903279301874,0.16312274219831496,0.09388692987149777,0.03743436356906408,0.7513601531177194,0.1541739344555839,0.09446591242669686,0.035372791034126126,0.6377502383222117,0.217349857006673,0.14489990467111533,1.0,144.0
2023/24,2024-03-09,Werder Bremen,Dortmund,1,2,218,25,2,0.3346130927319527,0.27129451546807,0.39409239179997724,0.23954497575115735,0.314586888365694,0.2594534265958833,0.4259596850384225,0.2142435967663982,0.24017068718859455,0.22670317201914064,0.5331261407922647,1.0,144.0
2023/24,2024-03-09,RB Leipzig,Darmstadt,2,0,219,25,0,0.7574340419126369,0.13950913071238535,0.10305682737497816,0.03472947684571819,0.7686093790716104,0.13652802628068986,0.09486259464770017,0.03127026565845974,0.8654010185707087,0.093018151708176,0.04158082972111514,1.0,144.0
2023/24,2024-03-09,Augsburg,Heidenheim,1,0,220,25,0,0.531081903744171,0.2249049297324082,0.24401316652342092,0.13971330321648884,0.5355991447725081,0.2277528408736011,0.23664801435389085,0.13583521851683256,0.5778472546776039,0.22605598620489592,0.19609675911750007,1.0,144.0
2023/24,2024-03-09,Bayern Munich,Mainz,8,1,221,25,0,0.6355823246620381,0.2244612462191348,0.13995642911882722,0.07619402207520873,0.5459442674529672,0.25830951941803587,0.19574621312899715,0.12224159410658261,0.775977386028303,0.14005996487264855,0.08396264909904848,1.0,144.0
2023/24,2024-03-09,M'gladbach,FC Koln,3,3,222,25,1,0.7221835311040242,0.15973904644463138,0.11807742245134434,0.26774566514531517,0.6356001117854286,0.20312661546806043,0.16127327274651101,0.21499828530200993,0.5159579891913939,0.2635872336086469,0.22045477719995923,1.0,144.0
2023/24,2024-03-10,Bochum,Freiburg,1,2,223,25,2,0.4623512504109065,0.2306339256473895,0.3070148239417038,0.34699856649653815,0.46043823032521747,0.23355297147815976,0.3060087981966225,0.346813576062757,0.3787307937989359,0.28212699711978706,0.33914220908127707,1.0,144.0
2023/24,2024-03-10,Ein Frankfurt,Hoffenheim,3,1,224,25,0,0.4476471897027854,0.2382196434585602,0.31413316683865405,0.20188663677565633,0.45853194818923304,0.24543535722329782,0.2960326945874691,0.19041150369823262,0.4699611559163197,0.25600515598599516,0.274033688097685,1.0,144.0
2023/24,2024-03-10,Leverkusen,Wolfsburg,2,0,225,25,0,0.5931383894263457,0.2681988792992322,0.13866273127442214,0.09238186160153528,0.5986273415450232,0.263599210323931,0.13777344813104586,0.09004076698256672,0.7445849740282728,0.16717797344330826,0.08823705252841885,1.0,144.0
2023/24,2024-03-15,FC Koln,RB Leipzig,1,5,226,26,2,0.18798983036356337,0.21872103772038928,0.5932891319160473,0.10037695326886181,0.26300074103708976,0.2566511434104365,0.4803481155524736,0.16960373539796172,0.14324487514422532,0.19802359017892907,0.6587315346768456,1.0,144.0
2023/24,2024-03-16,Hoffenheim,Stuttgart,0,3,227,26,2,0.2983838646840232,0.20946009495525822,0.49215604036071847,0.1734692090229388,0.38250174815290106,0.2118105086451783,0.40568774320192086,0.24975732296022582,0.22424753802764805,0.21771117481159555,0.5580412871607563,1.0,144.0
2023/24,2024-03-16,Union Berlin,Werder Bremen,2,1,228,26,0,0.510141200510109,0.2828904939837267,0.20696830550616407,0.1413987614608851,0.43428402034007096,0.3072904535470975,0.2584255261128316,0.1934091610946435,0.4566268532453809,0.28191744852540906,0.26145569822921,1.0,144.0
2023/24,2024-03-16,Wolfsburg,Augsburg,1,3,229,26,2,0.40703457484321576,0.29172065222209587,0.3012447729346882,0.32696800623444633,0.3886642445746252,0.28947134476930186,0.3218644106560731,0.30546388627279963,0.4121822513267187,0.27096103429834434,0.3168567143749369,1.0,144.0
2023/24,2024-03-16,Heidenheim,M'gladbach,1,1,230,26,1,0.36914007505893354,0.25986071468880384,0.37099921025226285,0.1369524045111588,0.30791864959841625,0.26513028574332903,0.4269510646582544,0.1385505531916647,0.36906554783789625,0.27140196275544465,0.3595324894066591,1.0,144.0
2023/24,2024-03-16,Mainz,Bochum,2,0,231,26,0,0.5164705799036149,0.25618960100609633,0.227339819090289,0.14274204672137586,0.4933106384441027,0.2596867933256873,0.24700256823021,0.15887218891312116,0.5306039198234781,0.24770540134616456,0.2216906788303573,1.0,144.0
2023/24,2024-03-16,Darmstadt,Bayern Munich,2,5,232,26,2,0.11042383559466269,0.09101281886598193,0.798563345539355,0.02638507461386712,0.122336522098684,0.10997971636844446,0.7676837615328715,0.03446852964735875,0.05600998345629158,0.0954878987453263,0.848502117798382,1.0,144.0
2023/24,2024-03-17,Freiburg,Leverkusen,2,3,233,26,2,0.18921650831465384,0.23745069032290098,0.5733328013624452,0.10892389270600406,0.1966221373476832,0.23464451542937276,0.5687333472229441,0.11232559534634846,0.15141074347021763,0.21007421334287768,0.6385150431869046,1.0,144.0
2023/24,2024-03-17,Dortmund,Ein Frankfurt,3,1,234,26,0,0.5601390491981575,0.2226735968871229,0.2171873539147197,0.12032400137038929,0.5182888259482953,0.22655354859431023,0.2551576254573945,0.1485755345176639,0.581432202042307,0.2191855028015017,0.19938229515619146,1.0,144.0
2023/24,2024-03-30,Bayern Munich,Dortmund,0,2,235,27,2,0.6814675743914009,0.1627329779162118,0.15579944769238727,0.588536313731689,0.6438159278876837,0.1731968471437472,0.18298722496856923,0.5410044117832193,0.7183156943241309,0.15151971677149637,0.1301645889043727,1.0,144.0
2023/24,2024-03-30,Werder Bremen,Wolfsburg,0,2,236,27,2,0.3646422517224599,0.29543334374482394,0.33992440453271633,0.2843318817363576,0.37501534683268956,0.32222429202327657,0.3027603611440341,0.31338981217602024,0.35929387331256485,0.2814122533748702,0.35929387331256485,1.0,144.0
2023/24,2024-03-30,RB Leipzig,Mainz,0,0,237,27,1,0.4850929477192767,0.27939586785286613,0.23551118442785732,0.14539034295879455,0.541554541931541,0.243081207529092,0.2153642505393671,0.16983154114853222,0.7065661862525963,0.17012226277083597,0.12331155097656775,1.0,144.0
2023/24,2024-03-30,Leverkusen,Hoffenheim,2,1,238,27,0,0.802669247172164,0.1195279140431041,0.07780283878473189,0.02249635386728173,0.7727211616752457,0.13715071872587006,0.09012811959888418,0.029889374146340283,0.8043734157111628,0.12126232397655719,0.07436426031228006,1.0,144.0
2023/24,2024-03-30,Ein Frankfurt,Union Berlin,0,0,239,27,1,0.5143344151350379,0.2561454833025279,0.22952010156243427,0.1586096838067658,0.5475787528556852,0.24935965558849918,0.20306159155581532,0.17053825027208425,0.4930776323805022,0.27674157714803116,0.2301807904714667,1.0,144.0
2023/24,2024-03-30,M'gladbach,Freiburg,0,3,240,27,2,0.4428929730620196,0.24848113679959688,0.3086258901383834,0.3370761726873286,0.5371423113446689,0.22809241307523007,0.2347652755801008,0.43705302304734606,0.45472842766397825,0.26881735779030763,0.27645421454571406,1.0,144.0
2023/24,2024-03-31,Augsburg,FC Koln,1,1,241,27,1,0.7001118612366805,0.17080747873652738,0.1290806600267922,0.2534092175186206,0.6844030530398442,0.18200175466675292,0.1335951922934033,0.2431276072070855,0.5787031128225042,0.23400343787253802,0.18729344930495773,1.0,144.0
2023/24,2024-03-31,Stuttgart,Heidenheim,3,3,242,27,1,0.6679237357166752,0.1987946362979698,0.13328162798535503,0.23194305454607275,0.6856720747621926,0.18923876572750714,0.12508915951030009,0.2428967459678416,0.7512549363229345,0.15072199349425647,0.09802307018280898,1.0,144.0
2023/24,2024-03-31,Bochum,Darmstadt,2,2,243,27,1,0.6673120037825466,0.1869510267765385,0.14573696944091497,0.23327228732704983,0.660972217320236,0.18618510521130385,0.1528426774684599,0.23012257806247852,0.6473182861355581,0.20398685487465068,0.1486948589897913,1.0,144.0
2023/24,2024-04-05,Ein Frankfurt,Werder Bremen,1,1,244,28,1,0.6545303098223012,0.19743036857299726,0.1480393216047017,0.22516278360862893,0.6097968794253478,0.23083164001574763,0.15937148055890457,0.1986257514862147,0.5460097286165718,0.24542861538825703,0.2085616559951712,1.0,144.0
2023/24,2024-04-06,Heidenheim,Bayern Munich,3,2,245,28,0,0.15942712685934152,0.1481429225397873,0.6924299506008713,0.5930109957745333,0.1695352601660113,0.16428004125639536,0.6661846985775932,0.5667368683632267,0.12940149384033367,0.1673295178969832,0.703268988262683,1.0,144.0
2023/24,2024-04-06,Freiburg,RB Leipzig,1,4,246,28,2,0.2860593454168074,0.24430903197438542,0.4696316226088072,0.18156028241842953,0.3200473426495058,0.2445403503703157,0.4354123069801786,0.21059478232322718,0.17404561590048134,0.2084804474334798,0.6174739366660389,1.0,144.0
2023/24,2024-04-06,FC Koln,Bochum,2,1,247,28,0,0.3754419303666769,0.2579328009861252,0.3666252686471979,0.2622434349773664,0.39271836029768403,0.26701716293620453,0.3402644767661115,0.24228545203422452,0.42503860553475614,0.2773043893659805,0.29765700509926346,1.0,144.0
2023/24,2024-04-06,Union Berlin,Leverkusen,0,1,248,28,2,0.23092245089818658,0.27165442323168176,0.4974231258701314,0.1529543463694875,0.19092819427301225,0.24294167503424455,0.5661301306927433,0.1123483194305246,0.17336723512452526,0.24977392895517947,0.5768588359202954,1.0,144.0
2023/24,2024-04-06,Dortmund,Stuttgart,0,1,249,28,2,0.41262047923235906,0.2680578605353673,0.3193216602322736,0.31678933105544493,0.43877896104010006,0.2640347068666053,0.29718633209329465,0.34323701422395325,0.49309681086957236,0.22856487468542533,0.2783383144450022,1.0,144.0
2023/24,2024-04-06,Mainz,Darmstadt,4,0,250,28,0,0.6944690421342496,0.1781015439799816,0.1274294138857688,0.054793710868816736,0.7102689642011779,0.16867378518945056,0.12105725060937153,0.04929946551507926,0.6814437229706993,0.1893640091229732,0.12919226790632748,1.0,144.0
2023/24,2024-04-07,Hoffenheim,Augsburg,3,1,251,28,0,0.3450739223091662,0.2514778702833847,0.40344820740744897,0.29584931164989203,0.3318866289974221,0.24038252279017658,0.4277308482124012,0.31466457751246435,0.42163328936323297,0.24595275212855258,0.33241395850821437,1.0,144.0
2023/24,2024-04-07,Wolfsburg,M'gladbach,1,3,252,28,2,0.4780104280489422,0.2731006132337768,0.24888895871728112,0.39633088283017176,0.5266331656221116,0.2518958171170927,0.22147101726079585,0.4417249340490534,0.48647769768576227,0.2533738008780012,0.26014850143623647,1.0,144.0
2023/24,2024-04-12,Augsburg,Union Berlin,2,0,253,29,0,0.47950278293229154,0.2705028390507629,0.2499943780169455,0.16670727100765437,0.40898612880590013,0.28228682639742175,0.3087270447966783,0.22230489206636309,0.4444299688412641,0.2829365208611536,0.27263351029758215,1.0,144.0
2023/24,2024-04-13,Mainz,Hoffenheim,4,1,254,29,0,0.5524204224965437,0.23196358530049987,0.2156159922029569,0.12340886714591894,0.5996457592158663,0.21095613416612558,0.18939810661800824,0.09807758045216325,0.5447993428350433,0.23480455938168934,0.2203960977832675,1.0,144.0
2023/24,2024-04-13,Bochum,Heidenheim,1,1,255,29,1,0.455603370108371,0.26945895646879636,0.27493767342283265,0.1415825775606327,0.3957192936578798,0.2942387244263343,0.31004198191578586,0.1263598949616799,0.4740213523131673,0.2633451957295374,0.2626334519572953,1.0,144.0
2023/24,2024-04-13,Bayern Munich,FC Koln,2,0,256,29,0,0.810128424217537,0.11038743401898873,0.07948414176347433,0.021184472040995845,0.8274304069268446,0.09557409084668887,0.07699550222646664,0.017854285908270137,0.8130835540359059,0.12064456724472919,0.06627187871936494,1.0,144.0
2023/24,2024-04-13,M'gladbach,Dortmund,1,2,257,29,2,0.3285040882401094,0.23194157602001936,0.43955433573987096,0.21100713928922127,0.27047406437382865,0.22513690093198951,0.5043890346941818,0.15939322421513147,0.27723443708609274,0.2615841059602649,0.46118145695364243,1.0,144.0
2023/24,2024-04-13,Stuttgart,Ein Frankfurt,3,0,258,29,0,0.7355131391388812,0.14463057893848888,0.11985628192263012,0.042159413942242895,0.7105788214251323,0.16182636960027239,0.12759480897459527,0.050022526942464465,0.6551186081557736,0.18900107993577875,0.15588031190844776,1.0,144.0
2023/24,2024-04-13,RB Leipzig,Wolfsburg,3,0,259,29,0,0.6817771683508328,0.1907688968620013,0.1274539347871659,0.058755138037772686,0.7105627382959375,0.17167520541075476,0.1177620562933076,0.04882091518258706,0.7636088256812434,0.14986715270379544,0.08652402161496106,1.0,144.0
2023/24,2024-04-14,Darmstadt,Freiburg,0,1,260,29,2,0.24590335318893355,0.2254999465714531,0.5285967002396132,0.14134476506727117,0.2512515152423954,0.23684754812737452,0.5119009366302303,0.15068400978702318,0.21346147182146857,0.2322664110057408,0.5542721171727907,1.0,144.0
2023/24,2024-04-14,Leverkusen,Werder Bremen,5,0,261,29,0,0.7792038177743824,0.13778507643624774,0.08301110578936988,0.027820898884891046,0.7859932947683121,0.13350417432390355,0.08050253090778423,0.026139763683340644,0.8013995523698897,0.12720627815395077,0.07139416947615944,1.0,144.0
2023/24,2024-04-19,Ein Frankfurt,Augsburg,3,1,262,30,0,0.5310566902265619,0.23821577984449813,0.2307275299289398,0.1365715104241883,0.5524631194223202,0.22877100381582693,0.21876587676185263,0.12407388415629132,0.5044929396662388,0.24775353016688056,0.24775353016688056,1.0,144.0
2023/24,2024-04-20,FC Koln,Darmstadt,0,2,263,30,2,0.6739993732779521,0.18327050681015358,0.1427301199118945,0.5945934012426737,0.6265908740886554,0.20497732832589988,0.16843179758544471,0.5420608993790801,0.6787954741144948,0.19297763975819632,0.12822688612730876,1.0,144.0
2023/24,2024-04-20,Union Berlin,Bayern Munich,1,5,264,30,2,0.18848148523603783,0.19383357688912536,0.617684937874837,0.09084503850227507,0.1864860131692223,0.2005943929857723,0.6129195938450053,0.09230413696843347,0.19816813504419095,0.23398165342567123,0.5678502115301378,1.0,144.0
2023/24,2024-04-20,Wolfsburg,Bochum,1,0,265,30,0,0.5041630530215747,0.28165739216291447,0.21417955481551088,0.14586357984492807,0.5192033894482432,0.2840900952794273,0.1967065152723295,0.13492941693432048,0.4881033264714929,0.26906526860893937,0.24283140491956776,1.0,144.0
2023/24,2024-04-20,Hoffenheim,M'gladbach,4,3,266,30,0,0.4550223311027441,0.24281157542195891,0.3021660934752971,0.19415250382140448,0.4644452721402951,0.24609131914766047,0.2894634087120444,0.18530396575803934,0.41219771773192226,0.25465618163542836,0.33314610063264943,1.0,144.0
2023/24,2024-04-20,Heidenheim,RB Leipzig,1,2,267,30,2,0.2371594681468946,0.2161404572398584,0.5467000746132471,0.13086271784367687,0.2638047358873731,0.2227947696035955,0.5134004945090312,0.15318600871033092,0.1455016872247536,0.1825634377442663,0.6719348750309801,1.0,144.0
2023/24,2024-04-21,Freiburg,Mainz,1,1,268,30,1,0.316471020199563,0.26323171183992,0.4202972679605173,0.13840185004061345,0.3401510431536959,0.2753466086989726,0.3845023481473312,0.1317723939446796,0.32252216867833894,0.278290556973881,0.3991872743477801,1.0,144.0
2023/24,2024-04-21,Werder Bremen,Stuttgart,2,1,269,30,0,0.2943996516275656,0.2524938716431684,0.45310647672926585,0.3515886654386549,0.2875332899828482,0.24516823143239982,0.46729847858475193,0.36298834048514406,0.22145434908981462,0.2292888189868599,0.5492568319233255,1.0,144.0
2023/24,2024-04-21,Dortmund,Leverkusen,1,1,270,30,1,0.3080825347642398,0.25613707552699627,0.4357803897087637,0.14240969814074061,0.3389948422221821,0.25486265819322207,0.40614249958459564,0.13993461651103278,0.35409956468185055,0.27982005829743933,0.3660803770207101,1.0,144.0
2023/24,2024-04-26,Bochum,Hoffenheim,3,2,271,31,0,0.48707257134708604,0.2273908510252044,0.2855365776277097,0.17231284211391756,0.491979239262545,0.24011173026037055,0.26790903047708403,0.16493017097571694,0.45263951787946277,0.24513223260474687,0.30222824951579036,1.0,144.0
2023/24,2024-04-27,RB Leipzig,Dortmund,4,1,272,31,0,0.5360672575601865,0.22244276834626125,0.241489974093552,0.13677549854771548,0.5416478207075248,0.22591109191527803,0.23244108737719732,0.13205778968162757,0.6184517441763498,0.19937766701373086,0.1821705888099192,1.0,144.0
2023/24,2024-04-27,Freiburg,Wolfsburg,1,2,273,31,2,0.45425943924860795,0.28310242202365543,0.2626381387277367,0.37502707630267823,0.4271322734851455,0.2741276015837098,0.2987401249311448,0.33710369571708776,0.4139870629042842,0.281991187775382,0.3040217493203337,1.0,144.0
2023/24,2024-04-27,Leverkusen,Stuttgart,2,2,274,31,1,0.5728778518847111,0.22066596351934,0.20645618459594883,0.18540659466897874,0.5728736934438549,0.2319686757034994,0.19515763085264554,0.18313538476001065,0.5243841347956357,0.24072224550171864,0.23489361970264555,1.0,144.0
2023/24,2024-04-27,Augsburg,Werder Bremen,0,3,275,31,2,0.5013342009944421,0.23111513961674218,0.2675506593888157,0.3939090088242472,0.4697682345045577,0.22853502774797574,0.3016967377474666,0.3541548201110297,0.5743260746154313,0.22261721699543088,0.2030567083891378,1.0,144.0
2023/24,2024-04-27,Bayern Munich,Ein Frankfurt,2,1,276,31,0,0.681204246875066,0.17551040083565306,0.14328535228928094,0.06108071219557862,0.6483436534657351,0.1942890249957277,0.15736732153853716,0.07421332997302017,0.6736159300045256,0.18029868758485446,0.14608538241062002,1.0,144.0
2023/24,2024-04-28,Mainz,FC Koln,1,1,277,31,1,0.6365311230767506,0.21822077093913134,0.1452481059841182,0.21313444146866153,0.6495205130735555,0.20595058552579285,0.14452890140065167,0.22138275012170705,0.6143154213337114,0.22364478472517607,0.16203979394111254,1.0,144.0
2023/24,2024-04-28,M'gladbach,Union Berlin,0,0,278,31,1,0.45801174567717795,0.26800764237792146,0.27398061194490025,0.1424200674499791,0.5290067967177735,0.25164662402763815,0.21934657925458806,0.16398055640214457,0.37570271813482226,0.28286919766546215,0.34142808419971565,1.0,144.0
2023/24,2024-04-28,Darmstadt,Heidenheim,0,1,279,31,2,0.23619560632874753,0.24899364015329326,0.5148107535179594,0.1455984846754076,0.22718121531569976,0.22451796071963906,0.5483008239646613,0.12782172511166118,0.29673085793357934,0.2588503228782288,0.4444188191881919,1.0,144.0
2023/24,2024-05-03,Hoffenheim,RB Leipzig,1,1,280,32,1,0.17316086321338353,0.17838927704800583,0.6484498597386106,0.22523595257191392,0.16695311306534624,0.17250518473850232,0.6605417021961513,0.23209434115119978,0.1856160329802649,0.1811057368517725,0.6332782301679626,1.0,144.0
2023/24,2024-05-04,Dortmund,Augsburg,5,1,281,32,0,0.7535370041453138,0.13928617231973173,0.10717682353495453,0.036115439914354924,0.7851241992916062,0.12353348643453163,0.09134231427386208,0.027257514053489203,0.4840928459069183,0.23222592369281758,0.283681230400264,1.0,144.0
2023/24,2024-05-04,FC Koln,Freiburg,0,0,282,32,1,0.3782863661610695,0.24931377763191065,0.3723998562070198,0.1408911138631779,0.3203970657527676,0.25542528967224165,0.4241776445749907,0.14129047695008523,0.3856353424098335,0.2647959299380873,0.3495687276520793,1.0,144.0
2023/24,2024-05-04,Stuttgart,Bayern Munich,3,1,283,32,0,0.35731130009777273,0.2455490832526728,0.3971396166495547,0.2853843200472851,0.3933236802866231,0.23685516299790968,0.36982115671546717,0.25241192242766686,0.3685385233461298,0.2514061244531738,0.38005535220069636,1.0,144.0
2023/24,2024-05-04,Wolfsburg,Darmstadt,3,0,284,32,0,0.5976724232990099,0.24502949183029935,0.15729808487069077,0.09330508323903904,0.5803206726854102,0.24237422710356646,0.1773051002110231,0.1037839181680338,0.7428276104233948,0.16041127799840754,0.09676111157819772,1.0,144.0
2023/24,2024-05-04,Werder Bremen,M'gladbach,2,2,285,32,1,0.4619775459609076,0.2648564980500163,0.2731659559890759,0.14402144624174418,0.47350217050907767,0.2654738719312791,0.26102395755964336,0.14616890594845305,0.4610415655147664,0.2494353085220916,0.289523125963142,1.0,144.0
2023/24,2024-05-05,Ein Frankfurt,Leverkusen,1,5,286,32,2,0.24750798510201805,0.2693354480250961,0.483156566872886,0.16419366852794123,0.2660812169430196,0.2553249381690892,0.4785938448878911,0.17133179629933534,0.3319035094650577,0.26790007788777387,0.4001964126471683,1.0,144.0
2023/24,2024-05-05,Heidenheim,Mainz,1,1,287,32,1,0.3498740414305247,0.27890500303365584,0.3712209555358196,0.1301084213479277,0.33841010881777434,0.2850428375210836,0.37654705366114194,0.12815454268547244,0.3192424754819074,0.2750535452598354,0.40570397925825724,1.0,144.0
2023/24,2024-05-05,Union Berlin,Bochum,3,4,288,32,2,0.40635587706969906,0.25190117457724764,0.34174294835305336,0.29921372243600775,0.44846953334660555,0.2564311602233036,0.29509930643009086,0.34900495506773055,0.48626259417110834,0.27241601914347807,0.24132138668541356,1.0,144.0
2023/24,2024-05-10,Augsburg,Stuttgart,0,1,289,33,2,0.2127717613862583,0.2058179364429081,0.5814103021708337,0.11024457878606186,0.1963409442321345,0.20215067910892434,0.6015083766589411,0.09867267012747921,0.24198081033149926,0.2205811468327952,0.5374380428357055,1.0,144.0
2023/24,2024-05-11,Mainz,Dortmund,3,0,290,33,0,0.34659051106746075,0.24670906655206565,0.4067004223804738,0.29617459689576886,0.3098522468434714,0.23294620289928364,0.45720155025724507,0.34266858937231637,0.520074844101128,0.22991488379884384,0.25001027210002813,1.0,144.0
2023/24,2024-05-11,FC Koln,Union Berlin,3,2,291,33,0,0.29189090671261914,0.3064134541268311,0.4016956391605496,0.33138893725843954,0.32957733186667254,0.28409930685952417,0.38632336127380307,0.2993561467064496,0.3760110135949062,0.28228073194516146,0.3417082544599323,1.0,144.0
2023/24,2024-05-11,Freiburg,Heidenheim,1,1,292,33,1,0.4994981066337174,0.2604573661716098,0.24004452719467306,0.15355986678339126,0.5127875104553775,0.250409927210849,0.23680256233377367,0.15951324220343227,0.5449485126540743,0.24372069158900805,0.21133079575691768,1.0,144.0
2023/24,2024-05-11,M'gladbach,Ein Frankfurt,1,1,293,33,1,0.4673434914041995,0.23176304259651456,0.300893465999286,0.15447340841946525,0.516209640984714,0.23304420069298146,0.2507461583223045,0.16467301467948076,0.3549803637515986,0.26358975519766403,0.3814298810507374,1.0,144.0
2023/24,2024-05-11,RB Leipzig,Werder Bremen,1,1,294,33,1,0.6743638815699085,0.17760679184960113,0.14802932658049053,0.23833966314695348,0.6261513979117422,0.1987278996463307,0.17512070244192693,0.21136641676529144,0.7003804502991149,0.16721886183612084,0.13240068786476417,1.0,144.0
2023/24,2024-05-12,Bochum,Leverkusen,0,5,295,33,2,0.21806372847615063,0.21340697501928413,0.5685292965045654,0.11685937882588288,0.17059932473353753,0.1909739777529766,0.6384266975134858,0.0799196913352716,0.20903054369747645,0.24795715004930247,0.5430123062532209,1.0,144.0
2023/24,2024-05-12,Darmstadt,Hoffenheim,0,6,296,33,2,0.3247719075320891,0.27576161302457924,0.3994664794433314,0.23305865061710918,0.3026157415362563,0.2549969341542822,0.4423873243094611,0.20125409155814997,0.18525312488477563,0.18560801592861623,0.6291388591866082,1.0,144.0
2023/24,2024-05-12,Bayern Munich,Wolfsburg,2,0,297,33,0,0.6750825530461708,0.18949491945754846,0.13542252749628098,0.06195530414423765,0.6794881039288072,0.18361088980469303,0.13690100626649976,0.06073488051996564,0.6498669100151531,0.1906105700634996,0.15952251992134728,1.0,144.0
2023/24,2024-05-18,Heidenheim,FC Koln,4,1,298,34,0,0.5001755743203161,0.26429498361067183,0.23552944206901233,0.15264928729368296,0.4401965216857769,0.27262085884778725,0.287182619466436,0.19792689562815333,0.4585570564630079,0.2486294014582038,0.29281354207878824,1.0,144.0
2023/24,2024-05-18,Ein Frankfurt,RB Leipzig,2,2,299,34,1,0.3475750497816768,0.23729183225851225,0.41513311795981095,0.14657196042888473,0.3795923545128849,0.24072158361244164,0.3796860618746737,0.14412593059326703,0.4375268560515636,0.2564812604440201,0.3059918835044163,1.0,144.0
2023/24,2024-05-18,Werder Bremen,Bochum,4,1,300,34,0,0.42930167306626477,0.24762168386501993,0.32307664306871553,0.21503754883075732,0.4345765306718763,0.24277072214620143,0.32265274718192244,0.21190424746554654,0.44737614559212024,0.24969831381885782,0.30292554058902194,1.0,144.0
2023/24,2024-05-18,Dortmund,Darmstadt,4,0,301,34,0,0.8297839408788977,0.09721282535423643,0.07300323376686581,0.01715148946156912,0.8064665923201284,0.11400286290303074,0.079530544776841,0.021890143720342235,0.8624888901429115,0.0878969569572394,0.04961415289984905,1.0,144.0
2023/24,2024-05-18,Stuttgart,M'gladbach,4,0,302,34,0,0.7846356204192533,0.12291247146853994,0.0924519081122066,0.027464585652893943,0.7135545310216781,0.16082795905029504,0.12561750992802695,0.048915382749364356,0.7966295839913918,0.12131414984640483,0.08205626616220345,1.0,144.0
2023/24,2024-05-18,Union Berlin,Freiburg,2,1,303,34,0,0.3492227720530718,0.25089121658620767,0.39988601136072033,0.29170991124813717,0.3695487525303611,0.2512237488115845,0.37922749865805444,0.27064113558723424,0.5101918021551599,0.254429854338474,0.23537834350636605,1.0,144.0
2023/24,2024-05-18,Wolfsburg,Mainz,1,3,304,34,2,0.3429727504940383,0.2987510145090978,0.3582762349968641,0.26471984907562307,0.39865809841293076,0.30222372788939567,0.2991181736976738,0.3250818069355492,0.2969272229080726,0.28221071331787656,0.42086206377405083,1.0,144.0
2023/24,2024-05-18,Leverkusen,Augsburg,2,1,305,34,0,0.7988155094162377,0.11703726259165391,0.0841472279921086,0.023777977615101906,0.8067991879931373,0.11488601159535544,0.07831480041150743,0.021729880861802657,0.8185266004856009,0.11482927129114545,0.06664412822325352,1.0,144.0
2023/24,2024-05-18,Hoffenheim,Bayern Munich,4,2,306,34,0,0.22461854963460087,0.19585589741067763,0.5795255529547215,0.4685331300491128,0.21790122890459637,0.17879958095683,0.6032991901385737,0.48782420028539963,0.2767328182371094,0.2122631946478048,0.5110039871150857,1.0,144.0
2024/25,2024-08-23,M'gladbach,Leverkusen,2,3,1,1,2,0.38593077796058095,0.2572401706479807,0.3568290513914386,0.2813057172556482,0.2779487082649505,0.2513399262763585,0.47071136545869086,0.17870097154037898,0.19662057545912,0.22175927917078836,0.5816201453700917,1.0,144.0
2024/25,2024-08-24,RB Leipzig,Bochum,1,0,2,1,0,0.5736084884243459,0.22444142899470276,0.20195008258095135,0.11129677849911214,0.6335826446858451,0.19895986684710382,0.1674574884670511,0.08115184435955607,0.7907305472010565,0.13342894434098046,0.07584050845796296,1.0,144.0
2024/25,2024-08-24,Augsburg,Werder Bremen,2,2,3,1,1,0.45423472995348607,0.25217922105903845,0.2935860489874756,0.1462609790279964,0.45666491801623943,0.24933125454874364,0.2940038274350172,0.14749054894660896,0.378829608695158,0.26969310092702387,0.3514772903778181,1.0,144.0
2024/25,2024-08-24,Freiburg,Stuttgart,3,1,4,1,0,0.43513921035218317,0.25437169811999355,0.3104890915278231,0.2077355938196641,0.37453360722335916,0.25876868038545553,0.3666977123911851,0.2628377103829758,0.26055927420295266,0.24358047438020386,0.4958602514168436,1.0,144.0
2024/25,2024-08-24,Hoffenheim,Holstein Kiel,3,2,5,1,0,0.5307502488863904,0.23700153875237479,0.23224821236123477,0.13706728053258688,0.5382989141117228,0.2313844490094693,0.2303166368788081,0.13310682296678947,0.6013847574893192,0.20688663665765042,0.19172860585303048,1.0,144.0
2024/25,2024-08-24,Mainz,Union Berlin,1,1,6,1,1,0.4299947861950815,0.2548442038429197,0.31516100996199886,0.1421109891776105,0.5119788870476341,0.24780825843483079,0.24021285451753502,0.15991229812899826,0.46340694006309147,0.2870662460567823,0.2495268138801262,1.0,144.0
2024/25,2024-08-24,Dortmund,Ein Frankfurt,2,0,7,1,0,0.4989089744530607,0.2445013682802228,0.25658965726671634,0.1584652340499672,0.5051635528458466,0.24268828202222917,0.2521481651319245,0.1542209033057707,0.5556305139021996,0.23206525043647958,0.21230423566132084,1.0,144.0
2024/25,2024-08-25,St Pauli,Heidenheim,0,2,8,1,2,0.45050055952691737,0.25254162944614456,0.29695781102693836,0.3486095368050501,0.45692021705015734,0.25421900578632545,0.2888607771635174,0.3572475395028198,0.48161819689739094,0.27875895637040965,0.23962284673219947,1.0,144.0
2024/25,2024-08-25,Wolfsburg,Bayern Munich,2,3,9,1,2,0.3844761434334646,0.25642958295134577,0.35909427361518986,0.2792910274911557,0.3235221428486635,0.26155207173480916,0.4149257854165273,0.2234892067419292,0.1492841393123783,0.21232973862810914,0.6383861220595124,1.0,144.0
2024/25,2024-08-30,Union Berlin,St Pauli,1,0,10,2,0,0.5261723430929176,0.2430770368115873,0.23075062009549493,0.13887924856225564,0.492431150401856,0.25162553980725966,0.25594330979088425,0.161566557454548,0.49783598006677177,0.2830262860437915,0.2191377338894368,1.0,144.0
2024/25,2024-08-31,Leverkusen,RB Leipzig,2,3,11,2,2,0.48191223123005095,0.24462302606254097,0.27346474270740817,0.38004643934916943,0.547457422718349,0.23492949980851777,0.2176130774731332,0.4559194631152391,0.5942487456405336,0.21766864166158872,0.18808261269787763,1.0,144.0
2024/25,2024-08-31,Werder Bremen,Dortmund,0,0,12,2,1,0.38646487201522156,0.2556176209613096,0.3579175070234689,0.13873001956781822,0.3593528795192878,0.2480598129912126,0.3925873074894996,0.14162964301032938,0.25030447863382904,0.24649273530437985,0.503202786061791,1.0,144.0
2024/25,2024-08-31,Stuttgart,Mainz,3,3,13,2,1,0.487648100171424,0.2462067867547611,0.26614511307381505,0.15431694540693644,0.4800971690827195,0.2510449358532242,0.2688578950640566,0.15138892974975823,0.5771370568456707,0.22893560212167935,0.1939273410326499,1.0,144.0
2024/25,2024-08-31,Bochum,M'gladbach,0,2,14,2,2,0.4320551487384876,0.2525673168500307,0.31537753441148175,0.3276897859699692,0.4120777054498007,0.2483532757692154,0.3395690187809837,0.30298855814134257,0.33805072052063423,0.2528795000258251,0.4090697794535406,1.0,144.0
2024/25,2024-08-31,Ein Frankfurt,Hoffenheim,3,1,15,2,0,0.49862584722311865,0.24050701344228426,0.2608671393345974,0.15971385272867586,0.4825132311932169,0.24653923264548266,0.27094753616130035,0.1706025616209821,0.5883720930232559,0.211046511627907,0.20058139534883723,1.0,144.0
2024/25,2024-08-31,Holstein Kiel,Wolfsburg,0,2,16,2,2,0.3638884729753643,0.24702517469350405,0.38908635233113176,0.2528151528362123,0.37410294043576847,0.2588189514401,0.3670781081241316,0.2702715656292083,0.3179825699981457,0.26440941961802333,0.4176080103838309,1.0,144.0
2024/25,2024-09-01,Bayern Munich,Freiburg,2,0,17,2,0,0.49641506247535216,0.24669153899115095,0.25689339853349696,0.15979600375589675,0.5966295627039783,0.21748349547698773,0.18588694181903423,0.09863083241160836,0.8104789462874702,0.11907036371383822,0.07045068999869172,1.0,144.0
2024/25,2024-09-01,Heidenheim,Augsburg,4,0,18,2,0,0.4224101277002148,0.2589178975083022,0.3186719747914828,0.21758094405039288,0.44310743714704925,0.2573130051712228,0.2995795576817278,0.19993861897085372,0.4021147431369067,0.27883028034135077,0.31905497652174236,1.0,144.0
2024/25,2024-09-13,Dortmund,Heidenheim,4,2,19,3,0,0.601879812116308,0.22142446117360842,0.1766957267100834,0.09486053191907536,0.595076260472583,0.2196992993244202,0.18522444020299667,0.09913566404069049,0.719608939523668,0.16917122437924828,0.11121983609708365,1.0,144.0
2024/25,2024-09-14,Wolfsburg,Ein Frankfurt,1,2,20,3,2,0.45008067891065656,0.2537652664180625,0.29615405467128053,0.3489858661421779,0.460164250916813,0.26525709378598195,0.27457865529720477,0.36899363258612145,0.3448005714417383,0.28265628240282037,0.3725431461554414,1.0,144.0
2024/25,2024-09-14,Holstein Kiel,Bayern Munich,1,6,21,3,2,0.27573743275964063,0.23215919289867532,0.4921033743416842,0.1669950570899904,0.2530363023545356,0.22043641033517739,0.5265272873102872,0.14410188998550574,0.07305017381146567,0.1240066657108407,0.8029431604776935,1.0,144.0
2024/25,2024-09-14,RB Leipzig,Union Berlin,0,0,22,3,1,0.5172666521604838,0.2505333744055979,0.2321999734339184,0.16074080855001366,0.5695045426397709,0.22891075090997792,0.20158470645025142,0.18248590898098427,0.6512569735078435,0.2021610188597264,0.14658200763243,1.0,144.0
2024/25,2024-09-14,Freiburg,Bochum,2,1,23,3,0,0.5232639105185963,0.23890451094550047,0.23783157853590325,0.14192057938145022,0.5241041792999469,0.23928113203700394,0.23661468866304936,0.14123167152544439,0.6132371768744995,0.21970855770106787,0.16705426542443266,1.0,144.0
2024/25,2024-09-14,Hoffenheim,Leverkusen,1,4,24,3,2,0.3684810333213892,0.23108108966891783,0.40043787700969335,0.24762650562112137,0.28182187167397116,0.2294887052769563,0.48868942304907237,0.17043103672785526,0.14170408055935382,0.18049458305884175,0.6778013363818044,1.0,144.0
2024/25,2024-09-14,M'gladbach,Stuttgart,1,3,25,3,2,0.4489021586254992,0.23794219985072715,0.3131556415237742,0.3366341603946259,0.3919171297296304,0.24277942542954115,0.36530344484082855,0.2782193768532156,0.3603371070679421,0.2520492717832756,0.3876136211487824,1.0,144.0
2024/25,2024-09-15,Augsburg,St Pauli,3,1,26,3,0,0.45519025841922545,0.2598838181462043,0.2849259234345703,0.18900021818317647,0.44236713732163846,0.2590054659913587,0.29862739668700305,0.20006636579546047,0.4668452219037057,0.2916030214894018,0.24155175660689257,1.0,144.0
2024/25,2024-09-15,Mainz,Werder Bremen,1,2,27,3,2,0.4638827102869164,0.2461201724108955,0.28999711730218797,0.3596456311711691,0.5256580356300553,0.23817562389460376,0.23616634047534116,0.42987911492264064,0.44236947645535835,0.26884332823253826,0.28878719531210334,1.0,144.0
2024/25,2024-09-20,Augsburg,Mainz,2,3,28,4,2,0.5333907621448847,0.23186211560764153,0.23474712224747366,0.43505883602501194,0.42867539434567975,0.2524162641202775,0.3189083415340427,0.3238242204746661,0.4035351153534172,0.2755013110486503,0.3209635735979325,1.0,144.0
2024/25,2024-09-21,Ein Frankfurt,M'gladbach,2,0,29,4,0,0.5194706639208432,0.22591618642419295,0.254613149654964,0.14786814940494813,0.5377267055207695,0.22399379800204755,0.238279496477183,0.1352368586150506,0.5481809023722709,0.22617254013960827,0.22564655748812082,1.0,144.0
2024/25,2024-09-21,Union Berlin,Hoffenheim,2,1,30,4,0,0.514324270870073,0.24573859445720309,0.2399371346727238,0.14672537123042154,0.4442284614227519,0.25102076422994346,0.30475077434730447,0.2008775187789017,0.5197788713329706,0.2531214816126707,0.2270996470543587,1.0,144.0
2024/25,2024-09-21,Werder Bremen,Bayern Munich,0,5,31,4,2,0.28147456118383246,0.25734375204356735,0.46118168677259985,0.1847765516314257,0.2512514760829979,0.23140521416125462,0.5173433097557474,0.1480423924357108,0.10484182804351688,0.15967686310575105,0.735481308850732,1.0,144.0
2024/25,2024-09-21,Bochum,Holstein Kiel,2,2,32,4,1,0.5141085044836393,0.23184658536328348,0.2540449101530768,0.1644231853785446,0.498596785736514,0.22726644436549343,0.27413676989799257,0.16187486167844412,0.5331725860223652,0.24628784430474737,0.22053956967288743,1.0,144.0
2024/25,2024-09-21,Heidenheim,Freiburg,0,3,33,4,2,0.40207362260158014,0.2335698556830598,0.36435652171536015,0.28285291473887675,0.4048744589694663,0.24960620792012417,0.34551933311040955,0.2961341354290305,0.28850299004056723,0.2793836426542275,0.4321133673052052,1.0,144.0
2024/25,2024-09-22,Leverkusen,Wolfsburg,4,3,34,4,0,0.5998955509404637,0.2097744758236342,0.1903299732359021,0.09815453443460717,0.6353380867796904,0.2048813253980347,0.15978058782227475,0.07925407359916414,0.7579387158221328,0.14923754559598584,0.09282373858188127,1.0,144.0
2024/25,2024-09-22,Stuttgart,Dortmund,5,1,35,4,0,0.393848194693983,0.2382779152111911,0.367873890094826,0.25137560504462175,0.4392660824802269,0.2346082158399971,0.32612570167977617,0.21039024977659895,0.41931470595813447,0.2553307395860556,0.32535455445581,1.0,144.0
2024/25,2024-09-22,St Pauli,RB Leipzig,0,0,36,4,1,0.30046244336902245,0.26358929597218456,0.43594826065879294,0.14016428292335498,0.2839434733337024,0.250147163443673,0.4659093632226249,0.14884771539365924,0.18495479891855351,0.2300977948631294,0.584947406218317,1.0,144.0
2024/25,2024-09-27,Dortmund,Bochum,4,2,37,5,0,0.6253942845717585,0.20583347057484738,0.16877224485339443,0.08440675633217934,0.6850925355100728,0.17240550269894067,0.14250196179098676,0.059736760152877294,0.8025616741222232,0.12572767740818117,0.07171064846959552,1.0,144.0
2024/25,2024-09-28,Mainz,Heidenheim,0,2,38,5,2,0.46897730475720695,0.24244368523586735,0.2885790100069259,0.3630297686900301,0.5349818288485431,0.23698337502311095,0.2280347961283459,0.4410679165933681,0.5222731953936897,0.2646943170115158,0.2130324875947945,1.0,144.0
2024/25,2024-09-28,M'gladbach,Union Berlin,1,0,39,5,0,0.4326756417720271,0.2679335269695887,0.2993908312583843,0.20574589864018378,0.4475280280159773,0.26358733711561216,0.28888463486841065,0.19433980604548484,0.44414429767468844,0.2803100898869071,0.2755456124384044,1.0,144.0
2024/25,2024-09-28,Freiburg,St Pauli,0,3,40,5,2,0.5571851326148274,0.24665275012751708,0.1961621172576557,0.4783053068693489,0.5081072979819269,0.2669383927809793,0.22495430923709392,0.4294344245163225,0.6066080571925418,0.23108878369239688,0.16230315911506135,1.0,144.0
2024/25,2024-09-28,Bayern Munich,Leverkusen,1,1,41,5,1,0.5376176525478752,0.2255810065332996,0.23680134091882518,0.17255380769602074,0.44812510833834146,0.25117780690747243,0.3006970847541859,0.14561742475145822,0.581316813948902,0.21430443251537884,0.2043787535357192,1.0,144.0
2024/25,2024-09-28,Wolfsburg,Stuttgart,2,2,42,5,1,0.3876483116914097,0.2492981162715149,0.36305357203707533,0.1410395548630401,0.36807757032047533,0.2465452630308529,0.38537716664867233,0.14199832917359134,0.2658817236744658,0.2547453164001426,0.4793729599253916,1.0,144.0
2024/25,2024-09-28,RB Leipzig,Augsburg,4,0,43,5,0,0.5395363401083233,0.23241337806379853,0.22805028182787856,0.1320168565613062,0.6127274799091658,0.20509092129770115,0.1821815987931333,0.09158506987816387,0.6420496582249267,0.20030888097513205,0.15764146079994132,1.0,144.0
2024/25,2024-09-29,Holstein Kiel,Ein Frankfurt,2,4,44,5,2,0.2748545147785069,0.24092611302627923,0.48421937219521394,0.17078733015641392,0.3046094826755789,0.24085861318044766,0.45453190414397354,0.19516119026634157,0.2592924257207394,0.2519413517956669,0.4887662224835937,1.0,144.0
2024/25,2024-09-29,Hoffenheim,Werder Bremen,3,4,45,5,2,0.4820166593661285,0.24188897430960105,0.27609436632427065,0.37818971318697087,0.5313444254649187,0.23149450801370453,0.23716106652137686,0.43212506845172394,0.4252155464602014,0.25760412735287336,0.3171803261869255,1.0,144.0
2024/25,2024-10-04,Augsburg,M'gladbach,2,1,46,6,0,0.5291121327907004,0.22958228418433,0.24130558302496993,0.13998188394197178,0.49182526057126635,0.24318709954264836,0.2649876398860848,0.16423000754292952,0.3970135814511893,0.2628873715014632,0.34009904704734756,1.0,144.0
2024/25,2024-10-05,St Pauli,Mainz,0,3,47,6,2,0.41878568576441705,0.2677720518369641,0.31344226239861883,0.32337148883075,0.3510928308989953,0.2688592672881858,0.380047901812819,0.2538033899776794,0.4480917625528665,0.2876802144200356,0.26422802302709786,1.0,144.0
2024/25,2024-10-05,Werder Bremen,Freiburg,0,1,48,6,2,0.3496198235751186,0.26297587525001825,0.38740430117486335,0.24875375562787744,0.3848272572501458,0.26047929112391577,0.35469345162593824,0.28225627964855754,0.3540123468617435,0.28136819476005626,0.3646194583782002,1.0,144.0
2024/25,2024-10-05,Bochum,Wolfsburg,1,3,49,6,2,0.3119418517326212,0.2569025426844169,0.4311556055829622,0.21044583196103167,0.31294273490317775,0.26482178757085406,0.4222354775259681,0.21587249937916325,0.3108995681337866,0.2622953229807957,0.42680510888541767,1.0,144.0
2024/25,2024-10-05,Leverkusen,Holstein Kiel,2,2,50,6,1,0.7135621587973192,0.15644004238125075,0.12999779882143014,0.2630351910829538,0.744716640524044,0.14501846622090267,0.11026489325505329,0.2833806106789832,0.8879331275944118,0.08085606592129564,0.03121080648429245,1.0,144.0
2024/25,2024-10-05,Union Berlin,Dortmund,2,1,51,6,0,0.35000631788667663,0.28456627939513734,0.36542740271818597,0.2780144867222978,0.3546269378440732,0.2742308326055932,0.37114222955033355,0.27712647195605516,0.25791014877826546,0.2700892391372391,0.47200061208449545,1.0,144.0
2024/25,2024-10-06,Heidenheim,RB Leipzig,0,1,52,6,2,0.35896924435534605,0.26259185523988193,0.3784389004047721,0.25759855946153853,0.35299316284651716,0.26677276655282345,0.38023407060065983,0.2543569901303081,0.18701142184118985,0.2397819715686543,0.5732066065901559,1.0,144.0
2024/25,2024-10-06,Ein Frankfurt,Bayern Munich,3,3,53,6,1,0.2873061307284922,0.2497998120114811,0.46289405726002675,0.14840786050041313,0.2627217298666168,0.24091176859652103,0.49636650153686274,0.15770120559602566,0.17193466737374977,0.2024449945695091,0.625620338056741,1.0,144.0
2024/25,2024-10-06,Stuttgart,Hoffenheim,1,1,54,6,1,0.7420714676339211,0.13795105387173714,0.11997747849434189,0.28253232921111093,0.7394401974762903,0.13931393421656785,0.12124586830714196,0.280736183112664,0.7331863285556781,0.15361999264976112,0.11319367879456083,1.0,144.0
2024/25,2024-10-18,Dortmund,St Pauli,2,1,55,7,0,0.6068961997905271,0.2265995309338269,0.16650426927564604,0.091127134713073,0.5982361862137815,0.22815154471073368,0.17361226907548472,0.09577769102079291,0.7440148756488727,0.16533663903308282,0.09064848531804448,1.0,144.0
2024/25,2024-10-19,Hoffenheim,Bochum,3,1,56,7,0,0.45813520592985013,0.22927310835264164,0.31259168571750856,0.19566550851619968,0.5786215134143335,0.20415230655485087,0.21722618003081556,0.1123735211240035,0.6386687797147386,0.196513470681458,0.1648177496038035,1.0,144.0
2024/25,2024-10-19,Freiburg,Augsburg,3,1,57,7,0,0.5082283549842612,0.24546979583393375,0.24630184918180545,0.1512519758759312,0.4901968883098825,0.25362519441870884,0.256177917271409,0.16276316899322157,0.5746088479975342,0.24216682122589347,0.18322433077657224,1.0,144.0
2024/25,2024-10-19,Leverkusen,Ein Frankfurt,2,1,58,7,0,0.5186354392042485,0.22422234018695894,0.2571422206087924,0.14891698100485384,0.6319209923276913,0.1969646047731484,0.17111440289916055,0.08238114738428384,0.6578796110865738,0.19537030874692193,0.14675008016650434,1.0,144.0
2024/25,2024-10-19,M'gladbach,Heidenheim,3,2,59,7,0,0.4903429784163045,0.25808598619749373,0.2515710353862016,0.16151913274742452,0.514485832321811,0.2442437177112468,0.241270449966942,0.1469677185217477,0.5079550901816023,0.25598792143716637,0.23605698838123126,1.0,144.0
2024/25,2024-10-19,Bayern Munich,Stuttgart,4,0,60,7,0,0.6237534515486987,0.20224617495841277,0.17400037349288863,0.08591879759859107,0.5839465774983943,0.21090149754564527,0.20515192495596035,0.10759388134421782,0.7445284471093566,0.15412213077104517,0.10134942211959828,1.0,144.0
2024/25,2024-10-19,Mainz,RB Leipzig,0,2,61,7,2,0.3702500086590252,0.25622803159534296,0.37352195974563185,0.264779901916481,0.3771388576312417,0.255747180813072,0.36711396155568643,0.2713892277965677,0.23762224548681152,0.24542297576794422,0.5169547787452442,1.0,144.0
2024/25,2024-10-20,Holstein Kiel,Union Berlin,0,2,62,7,2,0.3521881956508065,0.27661992188456136,0.37119188246463203,0.25971808691707193,0.3590114007377286,0.27539905298088274,0.3655895462813887,0.26568290482356005,0.2537163330085797,0.2768471667871397,0.46943650020428046,1.0,144.0
2024/25,2024-10-20,Wolfsburg,Werder Bremen,2,4,63,7,2,0.3641791699882704,0.25838587626081677,0.37743495375091307,0.26010685233223674,0.42536170075923674,0.26052054268382036,0.3141177565569431,0.32568351417163577,0.47998688682989116,0.25582414548717153,0.26418896768293737,1.0,144.0
2024/25,2024-10-25,Mainz,M'gladbach,1,1,64,8,1,0.392794559185907,0.2553288837786393,0.35187655703545356,0.13905233855858792,0.4491627659146417,0.2503578516239639,0.3004793824613942,0.14601752478423607,0.41924621928166356,0.25868383742911155,0.322069943289225,1.0,144.0
2024/25,2024-10-26,Augsburg,Dortmund,2,1,65,8,0,0.3688196430651189,0.24941848468631989,0.3817618722485613,0.2720653850415853,0.3727640941909771,0.24533428020196268,0.38190162560706,0.2696368665886903,0.23431498079385402,0.23431498079385402,0.5313700384122919,1.0,144.0
2024/25,2024-10-26,RB Leipzig,Freiburg,3,1,66,8,0,0.46224213080967386,0.25198030577835384,0.2857775634119724,0.18542617081290194,0.5368675765362904,0.2345711651564254,0.22856125830728424,0.133365945231189,0.531206990513666,0.2473559268804094,0.2214370826059246,1.0,144.0
2024/25,2024-10-26,Stuttgart,Holstein Kiel,2,1,67,8,0,0.7056417270632536,0.16500310579216873,0.12935516714457776,0.05168977605665288,0.7110970223732054,0.16501516610340491,0.12388781152338978,0.049406560162841555,0.804175038186325,0.12548895264285953,0.07033600917081557,1.0,144.0
2024/25,2024-10-26,Werder Bremen,Leverkusen,2,2,68,8,1,0.3178584639629765,0.2291399701705929,0.45300156586643064,0.15312221089517045,0.22713094682207677,0.2023591186748605,0.5705099345030625,0.188535026185491,0.14959959644365972,0.1864241124913298,0.6639762910650103,1.0,144.0
2024/25,2024-10-26,St Pauli,Wolfsburg,0,0,69,8,1,0.37805204856195024,0.25729850551332584,0.3646494459247242,0.13794628491754768,0.35362705845947406,0.2534684491380416,0.39290449240248454,0.13971301831237704,0.3728486186320836,0.28206808539992406,0.34508329596799225,1.0,144.0
2024/25,2024-10-27,Bochum,Bayern Munich,0,5,70,8,2,0.16220527163927223,0.17974113935721556,0.6580535890035122,0.07161894907047453,0.16502795074400084,0.1697020675817696,0.6652699816742293,0.06963920484756748,0.05346697215526185,0.1005246542729844,0.8460083735717537,1.0,144.0
2024/25,2024-10-27,Union Berlin,Ein Frankfurt,1,1,71,8,1,0.4313270997107125,0.25636638157723884,0.3123065187120487,0.14178921428744704,0.382328768905114,0.2522191837246775,0.36545204737020826,0.1398652432297886,0.38170160030174044,0.3022792176302602,0.31601918206799934,1.0,144.0
2024/25,2024-10-27,Heidenheim,Hoffenheim,0,0,72,8,1,0.47670330047351755,0.2315244032839695,0.2917722962425129,0.15618855476848673,0.448311362350946,0.2372441898472891,0.3144444478017648,0.14992919418315903,0.33786485405837663,0.2878848460615754,0.37425029988004793,1.0,144.0
2024/25,2024-11-01,Leverkusen,Stuttgart,0,0,73,9,1,0.5281820031944798,0.21838827968070507,0.2534297171248148,0.17160142501024864,0.5379521279155656,0.22680931149820605,0.23523856058622833,0.1723648361577828,0.5948790306921593,0.213110509896312,0.19201045941152864,1.0,144.0
2024/25,2024-11-02,Ein Frankfurt,Bochum,7,2,74,9,0,0.6612117684436355,0.1798177830714566,0.15897044848490796,0.07002453466629081,0.6521826744479381,0.18473219595930365,0.16308512959275837,0.07378682572423788,0.6594142986805852,0.19449391435831404,0.14609178696110084,1.0,144.0
2024/25,2024-11-02,Bayern Munich,Union Berlin,3,0,75,9,0,0.6707120424123735,0.21151015085996935,0.11777780672765714,0.061151085384903936,0.7218531294953229,0.17447750731305248,0.10366936319162459,0.04405650921805131,0.8408038678034135,0.10888788828535197,0.050308243911234424,1.0,144.0
2024/25,2024-11-02,Hoffenheim,St Pauli,0,2,76,9,2,0.41827575487146784,0.26456505417625725,0.3171591909522747,0.320613088807124,0.42909801736628506,0.2520876643841517,0.31881431824956363,0.32406952076474194,0.5132481749469106,0.25130545353618156,0.23544637151690795,1.0,144.0
2024/25,2024-11-02,Wolfsburg,Augsburg,1,1,77,9,1,0.4478064213886157,0.2507941311639224,0.30139944744746205,0.1456861089792569,0.47357053060955095,0.2507765868690564,0.2756528825213928,0.15012677955208217,0.46357133558281993,0.2711698620400897,0.2652588023770905,1.0,144.0
2024/25,2024-11-02,Holstein Kiel,Heidenheim,1,0,78,9,0,0.3297995963593649,0.25301381985186294,0.4171865837887723,0.31160661336670814,0.3025107840074584,0.2607620554083323,0.4367271605842093,0.3386109096089181,0.3889845094664372,0.2868617326448652,0.3241537578886976,1.0,144.0
2024/25,2024-11-02,Dortmund,RB Leipzig,2,1,79,9,0,0.37792879484619496,0.26416434849174164,0.3579068566620637,0.25753495116361313,0.35897560223485575,0.2603003111344285,0.38072408663071605,0.2779315543354793,0.44394022884185275,0.25318466176136917,0.30287510939677803,1.0,144.0
2024/25,2024-11-03,Freiburg,Mainz,0,0,80,9,1,0.5037104296981514,0.24774850940587245,0.24854106089597602,0.15774842796899682,0.4462131854075659,0.2621791427984034,0.2916076717940304,0.14207062054035097,0.5483431208053691,0.2567638422818792,0.19489303691275164,1.0,144.0
2024/25,2024-11-03,M'gladbach,Werder Bremen,4,1,81,9,0,0.4099783316658289,0.22446625529664244,0.3655554130375284,0.24087816455243838,0.40450152946786067,0.23707069088333366,0.35842777964880584,0.241544450815045,0.4158428676723867,0.26087729500090745,0.32327983732670595,1.0,144.0
2024/25,2024-11-08,Union Berlin,Freiburg,0,0,82,10,1,0.4151306638780366,0.27804487055576943,0.30682446556619425,0.1332373603809,0.3942173366835328,0.2767009235385588,0.3290817397779083,0.13185104999855646,0.39248207652445083,0.2994940153171194,0.3080239081584297,1.0,144.0
2024/25,2024-11-09,Mainz,Dortmund,3,1,83,10,0,0.25309816166180377,0.247444079250526,0.49945775908767004,0.4036602046129272,0.29950320594497193,0.2618906821712024,0.4386061118838256,0.3415355399316097,0.25957078044553195,0.25615537543966965,0.48427384411479846,1.0,144.0
2024/25,2024-11-09,RB Leipzig,M'gladbach,0,0,84,10,1,0.48513293610067254,0.22338929831004506,0.29147776558928246,0.16015662676128994,0.5410780758690125,0.22015920909792583,0.23876271503306162,0.1748865591380359,0.5836672001374851,0.2202017164155057,0.19613108344700914,1.0,144.0
2024/25,2024-11-09,Bochum,Leverkusen,1,1,85,10,1,0.17065999389777167,0.157052733434922,0.6722872726673063,0.2405475052538163,0.15588415646618758,0.15012670227128486,0.6939891412625275,0.25296039921373764,0.08575262345103814,0.1417877445020102,0.7724596320469517,1.0,144.0
2024/25,2024-11-09,Werder Bremen,Holstein Kiel,2,1,86,10,0,0.5629827542854436,0.22865819476976176,0.20835905094479454,0.11719878358127622,0.47850041395864634,0.24406643373222148,0.2774331523091318,0.17446548612074267,0.6019548424389988,0.22279248191420417,0.1752526756467971,1.0,144.0
2024/25,2024-11-09,St Pauli,Bayern Munich,0,1,87,10,2,0.143984533775246,0.17943924579354023,0.6765762204312137,0.06266724357851688,0.15272662572484108,0.18275006517097353,0.664523309104185,0.06793501616985081,0.06008731640278483,0.12595676728386104,0.8139559163133542,1.0,144.0
2024/25,2024-11-10,Augsburg,Hoffenheim,0,0,88,10,1,0.5335124553477257,0.24565576102894537,0.2208317836233288,0.16670110833470989,0.49200206915856426,0.248441907391211,0.2595560234502247,0.15471768268280114,0.44645903590557434,0.28541955961118826,0.2681214044832375,1.0,144.0
2024/25,2024-11-10,Stuttgart,Ein Frankfurt,2,3,89,10,2,0.448805653148651,0.22467069141489576,0.32652365543645295,0.3274984504924322,0.48708292546462495,0.22372829022776367,0.2891887843076114,0.3712511803166344,0.5426809339934393,0.24454988924261312,0.21276917676394755,1.0,144.0
2024/25,2024-11-10,Heidenheim,Wolfsburg,1,3,90,10,2,0.42515959459921815,0.2507222753883072,0.3241181300124746,0.3187884915288028,0.40258463964526686,0.27156399206514725,0.32585136828958583,0.3082753848576665,0.32989452168379646,0.2958020787134345,0.37430339960276904,1.0,144.0
2024/25,2024-11-22,Bayern Munich,Augsburg,3,0,91,11,0,0.72376179715352,0.17364483723718685,0.10259336560929322,0.04341647168944758,0.767790891321009,0.14493735818141554,0.08727175049757571,0.03076871429420127,0.8735282947208508,0.08431447018609951,0.04215723509304976,1.0,144.0
2024/25,2024-11-23,Dortmund,Freiburg,4,0,92,11,0,0.4486103760264629,0.24452112105577917,0.30686850291775764,0.1990993977543323,0.43320355929568377,0.24982741217240814,0.31696902853190784,0.21086378512177154,0.5339201885099292,0.2510942488599667,0.21498556263010427,1.0,144.0
2024/25,2024-11-23,Leverkusen,Heidenheim,5,2,93,11,0,0.6017070932306561,0.22413055391741438,0.17416235285192963,0.09448488236684666,0.6819501817776711,0.18486215474276088,0.13318766347956804,0.05944732028720156,0.7989437507882456,0.13028597553285406,0.07077027367890024,1.0,144.0
2024/25,2024-11-23,Hoffenheim,RB Leipzig,4,3,94,11,0,0.245137195267604,0.2325960711054478,0.522266733626948,0.42129019751091057,0.24893858129895444,0.22752756474294597,0.5235338539580996,0.41909047545072403,0.30285171725108867,0.2592410699669319,0.4379072127819795,1.0,144.0
2024/25,2024-11-23,Wolfsburg,Union Berlin,1,0,95,11,0,0.41083036911009985,0.2626336319311039,0.326535998958796,0.22687330628948008,0.5091613342615107,0.2562368345498569,0.23460183118863231,0.1479803074905,0.4461302273284226,0.2938259503250638,0.2600438223465137,1.0,144.0
2024/25,2024-11-23,Stuttgart,Bochum,2,0,96,11,0,0.6306377070673216,0.19446163437529468,0.17490065855738382,0.08350937190214615,0.6436070357467898,0.1911646828144904,0.16522828143872015,0.07715816497819139,0.7226341642260485,0.1611197637375882,0.11624607203636315,1.0,144.0
2024/25,2024-11-23,Ein Frankfurt,Werder Bremen,1,0,97,11,0,0.5204579004656613,0.21913882471622192,0.2604032748181169,0.14888524538090062,0.4562369640181544,0.22549324204593002,0.31826979393591576,0.19848695051610205,0.5425862291848926,0.23516449158376704,0.22224927923134044,1.0,144.0
2024/25,2024-11-24,Holstein Kiel,Mainz,0,3,98,11,2,0.45162577428428535,0.23302144196419494,0.31535278375151976,0.33635382535733677,0.3525280764778587,0.25128663518744493,0.3961852883346965,0.24443412536431638,0.2902991604147663,0.2868738015898133,0.42282703799542054,1.0,144.0
2024/25,2024-11-24,M'gladbach,St Pauli,2,0,99,11,0,0.5319114613797785,0.2619184030600652,0.20617013556015618,0.1308065023922539,0.5068180774946569,0.2668638812962595,0.22631804120908355,0.14722413223139136,0.5061322692330262,0.25913972184730943,0.23472800891966433,1.0,144.0
2024/25,2024-11-29,St Pauli,Holstein Kiel,3,1,100,12,0,0.3807745232573532,0.2706132498400683,0.3486122269025785,0.2524853378965666,0.44743687422768214,0.2803905190254688,0.27217260674684896,0.18970196791332464,0.5771744110342166,0.2510107464654015,0.1718148425003818,1.0,144.0
2024/25,2024-11-30,Dortmund,Bayern Munich,1,1,101,12,1,0.17461960745636126,0.21396439289351626,0.6114159996501223,0.20216076596818616,0.18810103846510004,0.22185302141543806,0.5900459401194622,0.1917681060615543,0.20679602466382493,0.23258353853077673,0.5606204368053983,1.0,144.0
2024/25,2024-11-30,Augsburg,Bochum,1,0,102,12,0,0.5007752792527143,0.2360090971520798,0.26321562359520606,0.15925389315490926,0.4734829093063623,0.24320968571079904,0.28330740498283846,0.17874166625530125,0.5336916055836852,0.2556101900427124,0.2106982043736024,1.0,144.0
2024/25,2024-11-30,Freiburg,M'gladbach,3,1,103,12,0,0.5836585779881989,0.20727523534357745,0.20906618666822357,0.10852442504540064,0.5660754499731556,0.21999489943606418,0.2139296505907803,0.11702820525894633,0.46728227654028187,0.26198035989320384,0.27073736356651434,1.0,144.0
2024/25,2024-11-30,RB Leipzig,Wolfsburg,1,5,104,12,2,0.4176917435975298,0.2787752521921018,0.30353300421036855,0.3297663344468897,0.4581198533435219,0.2645883339663826,0.2772918126900957,0.366090462016129,0.5417323212768959,0.24928042547188783,0.20898725325121634,1.0,144.0
2024/25,2024-11-30,Union Berlin,Leverkusen,1,2,105,12,2,0.3032088288203115,0.2811988079784482,0.41559236320124,0.21673393991164802,0.23315384602416522,0.2602387643735924,0.5066073896022422,0.1488984919554868,0.20101467745574508,0.2826949930789729,0.5162903294652821,1.0,144.0
2024/25,2024-11-30,Werder Bremen,Stuttgart,2,2,106,12,1,0.37634906618323977,0.2606916361819829,0.36295929763477747,0.13668903567826374,0.3286119869581816,0.25011427345503323,0.42127373958678543,0.1427287008190193,0.37882127601355975,0.2734749099311372,0.34770381405530304,1.0,144.0
2024/25,2024-12-01,Heidenheim,Ein Frankfurt,0,4,107,12,2,0.33366516510230454,0.22040440563929303,0.4459304292584027,0.20916276581226317,0.3705714324345738,0.22723324527592462,0.4021953222895015,0.24734680961458239,0.237493383857624,0.2743920734400232,0.48811454270235277,1.0,144.0
2024/25,2024-12-01,Mainz,Hoffenheim,2,0,108,12,0,0.5907013848359112,0.21769049728029904,0.19160811788378987,0.10211951360710458,0.5570896837134878,0.23121852479935512,0.2116917914871569,0.12049148142803015,0.4518678600066882,0.2721333050460447,0.27599883494726696,1.0,144.0
2024/25,2024-12-06,Stuttgart,Union Berlin,3,2,109,13,0,0.5284949756636591,0.24782565302600545,0.22367937131033547,0.13617472456210017,0.5462425147300393,0.2518850644395058,0.20187242083045479,0.12332416486523347,0.5033956215463787,0.2767958830725102,0.21980849538111105,1.0,144.0
2024/25,2024-12-07,M'gladbach,Dortmund,1,1,110,13,1,0.37278874452196886,0.24584773822789596,0.3813635172501354,0.14220479016582996,0.33584615799921264,0.23214654439348392,0.4320072976073035,0.1497114735143987,0.2818625054134477,0.250625165895978,0.4675123286905743,1.0,144.0
2024/25,2024-12-07,Leverkusen,St Pauli,2,1,111,13,0,0.7128239252586629,0.17531838997609697,0.11185768476524016,0.047491119772440936,0.6938803506040839,0.189778431150821,0.11634121824509513,0.05362225940451572,0.7577504429430066,0.16005289883944693,0.08219665821754647,1.0,144.0
2024/25,2024-12-07,Holstein Kiel,RB Leipzig,0,2,112,13,2,0.3504648278142338,0.2469023889358764,0.40263278324988977,0.2398365935913169,0.3126286609973619,0.25082768332589556,0.43654365567674247,0.20760986581756632,0.13935820498016138,0.19725855898413883,0.6633832360356997,1.0,144.0
2024/25,2024-12-07,Ein Frankfurt,Augsburg,2,2,113,13,1,0.5181296114748071,0.2291635384804439,0.2527068500447492,0.16615952317328692,0.5166665797619612,0.2358716720342317,0.2474617482038071,0.1640908357335037,0.6285348940146559,0.21998721290512957,0.15147789308021442,1.0,144.0
2024/25,2024-12-07,Bochum,Werder Bremen,0,1,114,13,2,0.30332848291857606,0.23551780050393958,0.4611537165774843,0.19118174285397144,0.3144479855983856,0.2292915575365642,0.45626045686505023,0.1972651132077432,0.26892670970414606,0.25618807608658123,0.4748852142092726,1.0,144.0
2024/25,2024-12-07,Bayern Munich,Heidenheim,4,2,115,13,0,0.8257228500563001,0.10319127980084232,0.07108587014285755,0.017712862963233038,0.8288205659697319,0.09959164532535927,0.07158778870490888,0.017213605063290803,0.8734260135381032,0.08617803333575953,0.04039595312613727,1.0,144.0
2024/25,2024-12-08,Wolfsburg,Mainz,4,3,116,13,0,0.46422854566671645,0.2595978782960413,0.2761735760372419,0.18166144768980008,0.37719513875064054,0.2768623155599093,0.34594254568945,0.2537810700569656,0.4566268532453809,0.28191744852540906,0.26145569822921,1.0,144.0
2024/25,2024-12-08,Hoffenheim,Freiburg,1,1,117,13,1,0.3069526517511741,0.24411187545824364,0.44893547279058216,0.14788149457339061,0.29439166656333465,0.2372940228820437,0.46831431055462197,0.15299237340609412,0.38786816081348563,0.29501487383086333,0.31711696535565115,1.0,144.0
2024/25,2024-12-13,Freiburg,Wolfsburg,3,2,118,14,0,0.569602293046841,0.22710621480023624,0.20329149215292303,0.1132848084661496,0.4913365755563414,0.2525668896293528,0.25609653481430605,0.16216195725532223,0.4193986319660453,0.28121526767665467,0.2993861003573,1.0,144.0
2024/25,2024-12-14,St Pauli,Werder Bremen,0,2,119,14,2,0.3031563367419372,0.2669958119733872,0.4298478512846756,0.2084886185957461,0.3344184731496069,0.2703757980604115,0.3952057287899814,0.2388059128360858,0.324556958107831,0.30522597941175333,0.37021706248041564,1.0,144.0
2024/25,2024-12-14,Union Berlin,Bochum,0,2,120,14,2,0.48568371322991855,0.2644656508859283,0.24985063588415304,0.39930636889010557,0.4855462070216983,0.2608694230850967,0.25358436989320476,0.3964457060104409,0.5817503277206022,0.2472068822629531,0.17104279001644468,1.0,144.0
2024/25,2024-12-14,M'gladbach,Holstein Kiel,4,1,121,14,0,0.5803016229039094,0.22331859876591006,0.19637977833018064,0.10735587253705153,0.6437244125505954,0.198487842070857,0.15778774537854698,0.07591463340203185,0.6844683057101995,0.1850264040010558,0.1305052902887447,1.0,144.0
2024/25,2024-12-14,Mainz,Bayern Munich,2,1,122,14,0,0.23504253708692072,0.2535400613152287,0.5114174015978507,0.42335383936175613,0.25416390549826956,0.2634265523066221,0.4824095421951084,0.3944952231312441,0.15491056361795477,0.21127235909551131,0.6338170772865339,1.0,144.0
2024/25,2024-12-14,Augsburg,Leverkusen,0,2,123,14,2,0.2928215248826948,0.3035035099966494,0.40367496512065615,0.22067399632923887,0.26397612764185907,0.2951415284649034,0.4408823438932375,0.19114797466755548,0.15378448746780932,0.2368807508672858,0.6093347616649049,1.0,144.0
2024/25,2024-12-15,RB Leipzig,Ein Frankfurt,2,1,124,14,0,0.47618788388519834,0.21108890262002683,0.3127232134947746,0.18608747062358252,0.3734614326647185,0.21330688387246483,0.41323168346281697,0.28165550028803027,0.42313067270774796,0.2588299327733565,0.3180393945188955,1.0,144.0
2024/25,2024-12-15,Dortmund,Hoffenheim,1,1,125,14,1,0.6603099319698416,0.19327982783591863,0.1464102401942398,0.2287225823458759,0.64214383309483,0.20196474540505288,0.15589142150011737,0.21832541883952405,0.7112940703978886,0.1755644166499326,0.11314151295217878,1.0,144.0
2024/25,2024-12-15,Heidenheim,Stuttgart,1,3,126,14,2,0.38121242891015633,0.2425406280620382,0.3762469430278057,0.2671953960188694,0.3972527605024354,0.24129301829731134,0.36145422120025356,0.2827752336748902,0.20589485125560447,0.23877732135785085,0.5553278273865445,1.0,144.0
2024/25,2024-12-20,Bayern Munich,RB Leipzig,5,1,127,15,0,0.7810641170097606,0.13308398355955037,0.08585189943068888,0.027651734748286454,0.8043924946986626,0.1143220916356646,0.08128541366567284,0.022434807302506143,0.7919768481402786,0.1312787710232527,0.07674438083646862,1.0,144.0
2024/25,2024-12-21,Leverkusen,Freiburg,5,1,128,15,0,0.5689192086623215,0.236914304043559,0.19416648729411962,0.1117656367242283,0.6437677271248413,0.20480369861616046,0.15142857425899853,0.07491602266995723,0.6986104748816614,0.18253168422659946,0.11885784089173919,1.0,144.0
2024/25,2024-12-21,Werder Bremen,Union Berlin,4,1,129,15,0,0.40850452631486656,0.2677565035402207,0.3237389701449126,0.22733690809024454,0.3707746845903057,0.2764696489547127,0.3527556664549815,0.26018052888426374,0.4173233652417087,0.29918875108097887,0.2834878836773123,1.0,144.0
2024/25,2024-12-21,Holstein Kiel,Augsburg,5,1,130,15,0,0.34510066828867964,0.32116247521783053,0.33373685649349,0.2701367120290451,0.32861414108316056,0.3348171014622568,0.3365687574545825,0.28201875002401194,0.27079086423624915,0.2893271436333733,0.43988199213037754,1.0,144.0
2024/25,2024-12-21,Hoffenheim,M'gladbach,1,2,131,15,2,0.28393244982550964,0.25142352449425864,0.46464402568023166,0.18361182765189193,0.3336805401952741,0.2521175169081501,0.41420194289657586,0.2272510333055783,0.422637675570651,0.26778695697313976,0.3095753674562093,1.0,144.0
2024/25,2024-12-21,Ein Frankfurt,Mainz,1,3,132,15,2,0.31655609935565243,0.21938795219885532,0.46405594844549186,0.19372189521796326,0.2790601791126209,0.21758342027095556,0.5033564006164233,0.16226472418752122,0.4625676967187001,0.26983115641924177,0.26760114686205794,1.0,144.0
2024/25,2024-12-21,Stuttgart,St Pauli,0,1,133,15,2,0.5756825079089621,0.24277457778882122,0.18154291430221656,0.5006411755206305,0.6128061048121205,0.23057677373852362,0.15661712144935586,0.543413000963687,0.6643365678575569,0.2033399138515793,0.132323518290864,1.0,144.0
2024/25,2024-12-22,Wolfsburg,Dortmund,1,3,134,15,2,0.42273306013599155,0.26959684107754583,0.30767009878646295,0.3290119661231431,0.4203170979512422,0.27413183578901923,0.30555106625973855,0.32946289220157016,0.28993096027974535,0.25831614812158166,0.45175289159867305,1.0,144.0
2024/25,2024-12-22,Bochum,Heidenheim,2,0,135,15,0,0.4103345152000606,0.25060535551739216,0.33906012928254725,0.23133357761672263,0.4710677627620608,0.23556693446743251,0.29336530277050654,0.18291625622958135,0.4603542277827243,0.2799272105537603,0.25971856166351553,1.0,144.0
2024/25,2025-01-10,Dortmund,Leverkusen,2,3,136,16,2,0.39577632674584434,0.28015501571742063,0.3240686575367351,0.3067610402683124,0.3427229670552377,0.29120196387768194,0.3660750690670803,0.2596599251027262,0.2502941805733847,0.2542255027813436,0.4954803166452717,1.0,144.0
2024/25,2025-01-11,Freiburg,Holstein Kiel,3,2,137,16,0,0.6613115907847429,0.19338209725719085,0.14530631195806612,0.06791188141580816,0.655907564182335,0.20059777131366802,0.1434946645039973,0.06949516156402429,0.663736659400353,0.19227292117549907,0.14399041942414792,1.0,144.0
2024/25,2025-01-11,Heidenheim,Union Berlin,2,0,138,16,0,0.32922780068710245,0.27432392474359196,0.39644827456930537,0.30355328889002053,0.3194014239710216,0.2845499124172796,0.39604866361169866,0.3100344828206428,0.2993861003573,0.28121526767665467,0.4193986319660453,1.0,144.0
2024/25,2025-01-11,Hoffenheim,Wolfsburg,0,1,139,16,2,0.4341222868082467,0.2537224851100336,0.31215522808171975,0.33079629507946634,0.4329190469331825,0.24754178489933532,0.3195391681674818,0.32522292242786854,0.4119689726706955,0.27938125732840263,0.30864977000090194,1.0,144.0
2024/25,2025-01-11,Mainz,Bochum,2,0,140,16,0,0.6121953610306728,0.211196114731824,0.17660852423750298,0.09079150441973946,0.6304077511592784,0.20059007073695642,0.1690021781037651,0.08258008330347934,0.5779332589933227,0.24456621539264037,0.17750052561403698,1.0,144.0
2024/25,2025-01-11,St Pauli,Ein Frankfurt,0,1,141,16,2,0.2834297734713387,0.20589645218708846,0.5106737743415729,0.15988629580356817,0.24951518740619166,0.21474638092765017,0.5357384316661583,0.1388983162890727,0.27130168497743207,0.28316619015137223,0.4455321248711958,1.0,144.0
2024/25,2025-01-11,M'gladbach,Bayern Munich,0,1,142,16,2,0.15441485341174507,0.19387710311177683,0.6517080434764781,0.0725756169665768,0.13875574376964078,0.16115630148035978,0.7000879547499997,0.0546001956575523,0.11162158627630481,0.1653370936652433,0.723041320058452,1.0,144.0
2024/25,2025-01-12,RB Leipzig,Werder Bremen,4,2,143,16,0,0.48170980157512144,0.24878307282638526,0.2695071255984931,0.170629410265831,0.5070072431500452,0.24143607282264423,0.2515566840273106,0.15316131179266743,0.508505453965796,0.2522715369025118,0.23922300913169225,1.0,144.0
2024/25,2025-01-12,Augsburg,Stuttgart,0,1,144,16,2,0.44825585432724574,0.2758771973883755,0.27586694828437874,0.3626509937628138,0.394409667177276,0.28106264525690117,0.3245276875658229,0.30591091521403213,0.23392248897180784,0.2630835580577243,0.5029939529704678,1.0,144.0
2024/25,2025-01-14,Leverkusen,Mainz,1,0,145,17,0,0.5598170941921435,0.23063093418022304,0.2095519716276333,0.11883650968923835,0.5080744381062093,0.24682739803827897,0.24509816385551153,0.15103193418493244,0.7059865953747786,0.18422888298351364,0.1097845216417079,1.0,144.0
2024/25,2025-01-14,Ein Frankfurt,Freiburg,4,1,146,17,0,0.48490988983533395,0.22276407645340668,0.2923260337112593,0.17538616578740213,0.5616773996540991,0.20210974474111654,0.23621285560478453,0.12396160756347951,0.5715610288918421,0.2352672516019689,0.19317171950618917,1.0,144.0
2024/25,2025-01-14,Wolfsburg,M'gladbach,5,1,147,17,0,0.5023213920466293,0.22028233255061416,0.2773962754027566,0.1623163452108634,0.44457881526128595,0.23087551899356004,0.3245456657451541,0.20691129080526094,0.5108230996424685,0.2547411782993938,0.23443572205813779,1.0,144.0
2024/25,2025-01-14,Holstein Kiel,Dortmund,4,2,148,17,0,0.24211014223224445,0.23623576967010715,0.5216540880976487,0.4232600120681089,0.2686617349849114,0.24159419070460483,0.4897440743104838,0.38735245809875624,0.14085177254342135,0.2024744230311682,0.6566738044254103,1.0,144.0
2024/25,2025-01-15,Union Berlin,Augsburg,0,2,149,17,2,0.5539887490566684,0.2602914760240441,0.18571977491928737,0.4849779095194341,0.5760563690809171,0.2514045347578371,0.17253909616124583,0.5082662438701688,0.44181312589738464,0.2918885516439178,0.2662983224586976,1.0,144.0
2024/25,2025-01-15,Stuttgart,RB Leipzig,2,1,150,17,0,0.5897286251915148,0.19050853020443634,0.21976284460404907,0.10830915442785391,0.596578157453681,0.1950008793761761,0.2084209631701428,0.1030942404661185,0.4830360074422677,0.2502325708657109,0.2667314216920214,1.0,144.0
2024/25,2025-01-15,Werder Bremen,Heidenheim,3,3,151,17,1,0.5100023514959653,0.2472399892201898,0.24275765928384543,0.15951683983619275,0.44531399466217,0.2548361076557253,0.29984989768210474,0.1441072574909739,0.5507663286960622,0.23758547512379155,0.2116481961801462,1.0,144.0
2024/25,2025-01-15,Bochum,St Pauli,1,0,152,17,0,0.32052806931073496,0.2825522793060015,0.39691965138326374,0.3096136571244045,0.29032631973265083,0.25831945260939193,0.45135422765795685,0.35367868564445737,0.38020492528925875,0.2985658309019946,0.3212292438087467,1.0,144.0
2024/25,2025-01-15,Bayern Munich,Hoffenheim,5,0,153,17,0,0.7995895480847521,0.12092390066053411,0.07948655125471378,0.023241230533621052,0.777639997595231,0.1332836299829029,0.08907637242186603,0.02868928539664395,0.8800752887441703,0.08246020593003299,0.037464505325796725,1.0,144.0
2024/25,2025-01-17,Ein Frankfurt,Dortmund,2,0,154,18,0,0.6351316189178179,0.1969841934613829,0.1678841876207995,0.0806570179833141,0.6213211288267246,0.21044531443819667,0.16823355673507867,0.08585010854240051,0.33693799255381474,0.2719974297431633,0.39106457770302194,1.0,144.0
2024/25,2025-01-18,Leverkusen,M'gladbach,3,1,155,18,0,0.7343794611481356,0.14884082757112385,0.1167797112807407,0.04209588581338398,0.7591526604952233,0.13591160405843167,0.10493573544634494,0.03450947476009722,0.7661358551580214,0.14805692906428022,0.0858072157776984,1.0,144.0
2024/25,2025-01-18,Stuttgart,Freiburg,4,0,156,18,0,0.7579480964396496,0.1374937651632457,0.10455813839710515,0.034760764161128645,0.7609367528377473,0.13788781979508222,0.10117542736717063,0.03369385162334495,0.6027601213995305,0.22206951841035333,0.17517036019011628,1.0,144.0
2024/25,2025-01-18,Holstein Kiel,Hoffenheim,1,3,157,18,2,0.45974601393048137,0.2652199255925034,0.2750340604770151,0.3684710053967052,0.4571634660574451,0.26244010880169816,0.28039642514085666,0.3634138698238577,0.32547471045024273,0.27568537797343506,0.3988399115763221,1.0,144.0
2024/25,2025-01-18,Heidenheim,St Pauli,0,2,158,18,2,0.4088998398979532,0.27704940479209444,0.3140507553099526,0.31886272267970933,0.37711120145503263,0.26805073754637737,0.3548380609985898,0.2792233928994587,0.4038010492164868,0.28126026838489404,0.3149386823986192,1.0,144.0
2024/25,2025-01-18,Bochum,RB Leipzig,3,3,159,18,1,0.4023354223519287,0.2534312886952594,0.34423328895281186,0.14018517465118746,0.3490558785817668,0.25317741217422746,0.39776670924400553,0.1400291806776473,0.28686244543885303,0.27705518234692644,0.4360823722142205,1.0,144.0
2024/25,2025-01-18,Bayern Munich,Wolfsburg,3,2,160,18,0,0.8147812535003747,0.1125923456921734,0.0726264008074519,0.019790289074568566,0.7957741126941026,0.12780771163176685,0.0764181756741306,0.023773975309621696,0.846774193548387,0.10725806451612901,0.04596774193548386,1.0,144.0
2024/25,2025-01-19,Union Berlin,Mainz,2,1,161,18,0,0.4024212288188057,0.26659577982242094,0.3309829913587731,0.233325064167614,0.36119018379751255,0.2791449016047773,0.35966491459771005,0.268718416034617,0.3405167050332856,0.3091675480619672,0.3503157469047471,1.0,144.0
2024/25,2025-01-19,Werder Bremen,Augsburg,0,2,162,18,2,0.5650866093532667,0.24993521312876119,0.184978177517972,0.49179172359614887,0.5889885208666611,0.2328379669038162,0.17817351222952274,0.5111531268569278,0.5084333204596865,0.26035057428364644,0.23121610525666694,1.0,144.0
2024/25,2025-01-24,Wolfsburg,Holstein Kiel,2,2,163,19,1,0.5850136370005307,0.21775863580221988,0.1972277271972495,0.19056986592599065,0.5274647102268191,0.24060383137330782,0.23193145839987317,0.16600561096507713,0.6546140015802014,0.19479404500463482,0.1505919534151637,1.0,144.0
2024/25,2025-01-25,M'gladbach,Bochum,3,0,164,19,0,0.5799802347601071,0.22267275981526297,0.19734700542463018,0.10768122187112186,0.5128176077369544,0.24004798939205918,0.24713440287098645,0.14921104820677153,0.5481387039864795,0.237214060160408,0.21464723585311254,1.0,144.0
2024/25,2025-01-25,RB Leipzig,Leverkusen,2,2,165,19,1,0.27576797277506465,0.23249519679752897,0.4917368304274066,0.1589265426036303,0.2968309506096251,0.2437857874429687,0.45938326194740625,0.14957079729862646,0.2681217396870099,0.2749383940858322,0.45693986622715776,1.0,144.0
2024/25,2025-01-25,Freiburg,Bayern Munich,1,2,166,19,2,0.14590007390526513,0.17540659837631048,0.6786933277184242,0.062262404609110825,0.14359346523860253,0.1722494116798322,0.6841571230815655,0.06018790307967163,0.07296300097590167,0.141646647055856,0.7853903519682423,1.0,144.0
2024/25,2025-01-25,Augsburg,Heidenheim,2,1,167,19,0,0.624710147042144,0.22230079224834284,0.1529890607095131,0.08212406321495413,0.6375893260215352,0.2143304467307146,0.14808022724774988,0.07663462515763522,0.48317771669815385,0.27280539622564304,0.24401688707620325,1.0,144.0
2024/25,2025-01-25,Dortmund,Werder Bremen,2,2,168,19,1,0.47668743416349246,0.24659156416890138,0.276721001667606,0.15190271132664862,0.4506217232429971,0.2626529251622233,0.28672535159477974,0.14263568235281915,0.6369426751592356,0.20169851380042464,0.1613588110403397,1.0,144.0
2024/25,2025-01-25,Mainz,Stuttgart,2,0,169,19,0,0.395787579425281,0.2556042640660402,0.34860815650867855,0.2433001479805703,0.4924765134913073,0.25275841068324073,0.254765075825452,0.16124266660914377,0.2879807904777338,0.28132227509096536,0.43069693443130097,1.0,144.0
2024/25,2025-01-26,St Pauli,Union Berlin,3,0,170,19,0,0.47260730351781766,0.267264923962123,0.26012777252005936,0.17290475716949755,0.4966435601309279,0.25922495939499457,0.2441314804740772,0.15648394265806584,0.407153887103899,0.30409305943072457,0.2887530534653764,1.0,144.0
2024/25,2025-01-26,Hoffenheim,Ein Frankfurt,2,2,171,19,1,0.29181770900942416,0.2710706652390661,0.43711162575150986,0.13811207432931843,0.28513351285072147,0.25350616101489676,0.46136032613438166,0.1470772353407078,0.28367434750212506,0.25077397214749725,0.46555168035037764,1.0,144.0
2024/25,2025-01-31,Werder Bremen,Mainz,1,0,172,20,0,0.40080013799023884,0.23521136693062075,0.3639884950791406,0.24576404959124715,0.3497443942397873,0.21255967948767376,0.4376959262725389,0.3072050383490785,0.4061036836464151,0.2825069103627236,0.3113894059908614,1.0,144.0
2024/25,2025-02-01,Bayern Munich,Holstein Kiel,4,3,173,20,0,0.851836571844169,0.08727097979757752,0.060892448358253616,0.01283014585497532,0.8352767861336997,0.10068610634426092,0.06403710752203957,0.01561724416311607,0.9274975751697382,0.05358874878758487,0.018913676042677015,1.0,144.0
2024/25,2025-02-01,Bochum,Freiburg,0,1,174,20,2,0.35919716114652905,0.29855817693154924,0.34224466192192166,0.2808323426729663,0.3612072057923657,0.2721763078405204,0.3666164863671138,0.2658226604291344,0.3548728813559322,0.2902542372881356,0.3548728813559322,1.0,144.0
2024/25,2025-02-01,Heidenheim,Dortmund,1,2,175,20,2,0.32948303737687623,0.24746002140299986,0.4230569412201237,0.22071118249668578,0.3072381951340924,0.23165613595009849,0.4611056689158091,0.1924012043119661,0.20100199603068541,0.23572496858099845,0.5632730353883162,1.0,144.0
2024/25,2025-02-01,St Pauli,Augsburg,1,1,176,20,1,0.39034704710826124,0.3191395508904083,0.2905134020013307,0.11838442696426288,0.4078461327622467,0.313729458314311,0.27842440892344245,0.12192930974674418,0.4527041700933847,0.2931668571387883,0.25412897276782687,1.0,144.0
2024/25,2025-02-01,Stuttgart,M'gladbach,1,2,177,20,2,0.7398561918819078,0.15916750946825178,0.10097629864984044,0.6778154001276695,0.7047222007700727,0.1791163340870813,0.11616146514284588,0.6389019679783277,0.578077401347763,0.2253294743072487,0.19659312434498824,1.0,144.0
2024/25,2025-02-01,Union Berlin,RB Leipzig,0,0,178,20,1,0.42262995994257546,0.24821645663782374,0.32915358341960066,0.1434790822595135,0.4165691276948409,0.2529874760298378,0.3304433962753216,0.14136133814520485,0.3287547703933125,0.2804363459262839,0.3908088836804036,1.0,144.0
2024/25,2025-02-02,Ein Frankfurt,Wolfsburg,1,1,179,20,1,0.4408014550780892,0.21254144407437925,0.34665710084753143,0.15723853418348818,0.47401971202930276,0.21616818327152554,0.3098121046991718,0.16033911380523683,0.46069092649378734,0.2715245404753886,0.26778453303082406,1.0,144.0
2024/25,2025-02-02,Leverkusen,Hoffenheim,3,1,180,20,0,0.7646295178654804,0.14271161308926344,0.09265886904525632,0.031992464936491063,0.7105941723213283,0.18094737080319723,0.10845845687547444,0.0477594849810931,0.848612762916185,0.1001468477975622,0.0512403892862527,1.0,144.0
2024/25,2025-02-07,Bayern Munich,Werder Bremen,3,0,181,21,0,0.8162543926439935,0.11119422437633458,0.07255138297967183,0.01951307569744538,0.796338445527444,0.12442648155044335,0.07923507292211286,0.023878112775575194,0.8790521083237971,0.07472622250047735,0.04622166917572547,1.0,144.0
2024/25,2025-02-08,Freiburg,Heidenheim,1,0,182,21,0,0.6889642568221543,0.18213099502303295,0.12890474815481265,0.056679833815525216,0.6036057579037903,0.21259135046304242,0.1838028916331671,0.09545594906987115,0.5666042668294009,0.25430270243524294,0.17909303073535596,1.0,144.0
2024/25,2025-02-08,M'gladbach,Ein Frankfurt,1,1,183,21,1,0.3505881949786878,0.23705527480486618,0.412356530216446,0.1464749952352806,0.34881033313718635,0.24410463312087027,0.4070850337419434,0.14369343659997705,0.37582853039479963,0.26096404657440514,0.3632074230307952,1.0,144.0
2024/25,2025-02-08,Wolfsburg,Leverkusen,0,0,184,21,1,0.312620963193355,0.26822142125475074,0.4191576155518943,0.13671248665154534,0.338784197089775,0.2699966331227068,0.39121916978751786,0.13391358550349924,0.2615874107833864,0.28790093731189276,0.450511651904721,1.0,144.0
2024/25,2025-02-08,Dortmund,Stuttgart,1,2,185,21,2,0.36281506499128413,0.24386974185500349,0.3933151931537122,0.24985061312137347,0.3434629834307548,0.2738524390176454,0.3826845775515997,0.24952257588990087,0.4857162267740073,0.2459322667210163,0.2683515065049764,1.0,144.0
2024/25,2025-02-08,Hoffenheim,Union Berlin,0,4,186,21,2,0.5515308243873905,0.25060843829512414,0.19786073731748516,0.4738068234931414,0.47024979223621033,0.2708212365406773,0.25892897122311265,0.38516056839531676,0.4090909090909091,0.27272727272727276,0.31818181818181823,1.0,144.0
2024/25,2025-02-08,Mainz,Augsburg,0,0,187,21,1,0.5071175838287637,0.29440915574591914,0.1984732604253171,0.1482799394660895,0.5649367255112216,0.2715228726551528,0.16354040183362553,0.17294948343162253,0.5307564460025248,0.2698011933846168,0.1994423606128584,1.0,144.0
2024/25,2025-02-09,Holstein Kiel,Bochum,2,2,188,21,1,0.5787192523256119,0.21504204832897447,0.20623869934541364,0.1887251870600016,0.6045085176549472,0.20893971315359888,0.1865517691914538,0.20011605525292153,0.4057818867328164,0.2790477158048021,0.3151703974623817,1.0,144.0
2024/25,2025-02-09,RB Leipzig,St Pauli,2,0,189,21,0,0.4257652727718401,0.2889397731007973,0.28529495412736217,0.20556936640266654,0.4163408219434002,0.2853660314757824,0.29829314658081757,0.21481841871339535,0.5835686546683692,0.2356992619828449,0.18073208334878593,1.0,144.0
2024/25,2025-02-14,Augsburg,RB Leipzig,0,0,190,22,1,0.4119917177699663,0.28657205188073365,0.30143623034930017,0.13030048823912194,0.3941470958467311,0.29028546497509566,0.3155674391781734,0.12746737091694116,0.31493910772314515,0.28622407143074075,0.39883682084611416,1.0,144.0
2024/25,2025-02-15,Bochum,Dortmund,2,0,191,22,0,0.19763632967502545,0.18495533307658196,0.6174083372483928,0.5124902571805947,0.2147707777261047,0.203893017647326,0.5813362046265695,0.47726835716124544,0.1676978501314908,0.21598584715596023,0.6163163027125489,1.0,144.0
2024/25,2025-02-15,St Pauli,Freiburg,0,1,192,22,2,0.3362254494358627,0.3031759590650546,0.3605985914990827,0.2609408570206524,0.3288331618396287,0.316053294370557,0.35511354378981463,0.2620048948643896,0.3758939742658985,0.3140533526931216,0.31005267304097994,1.0,144.0
2024/25,2025-02-15,Stuttgart,Wolfsburg,1,2,193,22,2,0.5420328122971022,0.23976995593107073,0.2181972317718268,0.45250756900796996,0.47895985196335655,0.26137005001001534,0.2596700980266282,0.3887454517743314,0.6175022780750444,0.21029904047241207,0.17219868145254347,1.0,144.0
2024/25,2025-02-15,Union Berlin,M'gladbach,1,2,194,22,2,0.5699635861286275,0.21735488771804418,0.2126815261533282,0.4723644343864287,0.6330495354301933,0.19949772211539676,0.16745274245440986,0.5469433251775333,0.44997190647015606,0.27073518606560926,0.2792929074642348,1.0,144.0
2024/25,2025-02-15,Leverkusen,Bayern Munich,0,0,195,22,1,0.2661651398463033,0.31999995766806993,0.4138349024856269,0.12105160409234518,0.30955083284363655,0.3251751615077671,0.3652740056485961,0.11462340865837992,0.31279326705575766,0.2732547922874737,0.4139519406567686,1.0,144.0
2024/25,2025-02-16,Werder Bremen,Hoffenheim,1,3,196,22,2,0.5952297690355305,0.2076959160733644,0.19707431489110483,0.4994940668768396,0.5346938548946801,0.23716312479386084,0.22814302031145933,0.44083035777802493,0.5175567864220743,0.250774937750902,0.2316682758270237,1.0,144.0
2024/25,2025-02-16,Ein Frankfurt,Holstein Kiel,3,1,197,22,0,0.8148410332342326,0.11070082440849581,0.07445814235727177,0.01991392896853113,0.7580110575387471,0.14773672874630153,0.09425221371495168,0.03372106403184222,0.7211867270779752,0.16924522141584708,0.10956805150617764,1.0,144.0
2024/25,2025-02-16,Heidenheim,Mainz,0,2,198,22,2,0.1926735025308457,0.21573376799667654,0.5915927294724777,0.10195978859862227,0.1765079526763358,0.22182930325788325,0.6016627440657809,0.09491381341159756,0.25548168057716786,0.28221813552129016,0.4623001839015419,1.0,144.0
2024/25,2025-02-21,Freiburg,Werder Bremen,5,0,199,23,0,0.546022321978515,0.2471817147014579,0.206795963320027,0.12443015129361856,0.5391789695355781,0.2635431750441165,0.19727785542030563,0.1256372871787633,0.4807606195159135,0.2782625935307006,0.2409767869533859,1.0,144.0
2024/25,2025-02-22,M'gladbach,Augsburg,0,3,200,23,2,0.5425544063582562,0.2611673381698122,0.19627825547193184,0.4701669632430008,0.5724037841081385,0.23910396793734554,0.18849224795451622,0.49309546184561565,0.4929909821983649,0.2712827471873684,0.23572627061426674,1.0,144.0
2024/25,2025-02-22,Holstein Kiel,Leverkusen,0,2,201,23,2,0.1921411228438869,0.2329023581151546,0.5749565190409588,0.10879008589674438,0.20964914877042792,0.2378705888999001,0.5524802623296717,0.12211334059234213,0.06328566735254959,0.13193159614752822,0.8047827364999223,1.0,144.0
2024/25,2025-02-22,Wolfsburg,Bochum,1,1,202,23,1,0.6789349669157926,0.17362054302359842,0.14744449006060897,0.24134628347509068,0.6761009576007865,0.1704361214588786,0.15346292094033484,0.24033168648611997,0.5835636285583966,0.22269324676021574,0.19374312468138769,1.0,144.0
2024/25,2025-02-22,Dortmund,Union Berlin,6,0,203,23,0,0.5592134120954199,0.2226723137744701,0.2181142741301101,0.12093332632793348,0.5025612764217487,0.23756700904628184,0.25987171453196967,0.15748929586447263,0.6365768185815349,0.21080539526011613,0.15261778615834903,1.0,144.0
2024/25,2025-02-22,Mainz,St Pauli,2,0,204,23,0,0.5425820339646497,0.278710284763261,0.17870768127208933,0.1205838154987818,0.5038519543434741,0.2941449580527976,0.2020030876037284,0.14348406530511482,0.5571349911788833,0.26200402287871805,0.1808609859423987,1.0,144.0
2024/25,2025-02-23,RB Leipzig,Heidenheim,2,2,205,23,1,0.6582605975112991,0.19589478214801892,0.14584462034068194,0.2272888337591251,0.6593842466272882,0.19477369740940564,0.14584205596330604,0.2280287449939203,0.7403446586304737,0.16410346917189858,0.09555187219762765,1.0,144.0
2024/25,2025-02-23,Bayern Munich,Ein Frankfurt,4,0,206,23,0,0.7748204461980029,0.135543589505601,0.08963596429639614,0.029370218772905642,0.7638962920958847,0.13841317815115076,0.09769052975296441,0.03264420024474332,0.7685503608572903,0.14136838754455272,0.09008125159815683,1.0,144.0
2024/25,2025-02-23,Hoffenheim,Stuttgart,1,1,207,23,1,0.2831816809708822,0.23824504619925585,0.47857327282986223,0.15461212095229,0.24924117378267482,0.23024741440957963,0.5205114118077456,0.16652664626532895,0.2834818092394534,0.2467874633734328,0.4697307273871137,1.0,144.0
2024/25,2025-02-28,Stuttgart,Bayern Munich,1,3,208,24,2,0.1591375142035825,0.22035493522358082,0.6205075505728368,0.08466963379956176,0.17893842594417705,0.21927303397875558,0.6017885400770673,0.09529566354666655,0.2177225079757797,0.23178592356273198,0.5504915684614885,1.0,144.0
2024/25,2025-03-01,Werder Bremen,Wolfsburg,1,2,209,24,2,0.2610333802846055,0.21653387911782088,0.5224327405975735,0.14810445643797593,0.2901450668817989,0.2222689047458878,0.48758602837231324,0.17337611907755168,0.31099597178753796,0.2765390317315324,0.41246499648092966,1.0,144.0
2024/25,2025-03-01,Ein Frankfurt,Leverkusen,1,4,210,24,2,0.2855855169114394,0.2514586135065863,0.46295586958197404,0.18498774274301377,0.3109706052709018,0.24384612674002237,0.44518326798907576,0.20226216173091635,0.23347449415606905,0.24713839584968125,0.5193871099942499,1.0,144.0
2024/25,2025-03-01,St Pauli,Dortmund,0,2,211,24,2,0.2514068567807815,0.2672629580022798,0.48133018521693866,0.16611189220174374,0.23802625852764842,0.26808676359155187,0.4938869778807997,0.15640344545365054,0.22131753551494693,0.2618824746389803,0.5167999898460728,1.0,144.0
2024/25,2025-03-01,Bochum,Hoffenheim,0,1,212,24,2,0.5677022611745794,0.2110955384851499,0.22120220034027033,0.46440593504878314,0.5170752243035169,0.23175185068904397,0.2511729250074393,0.4140543879152234,0.40330098772980666,0.2737902480081223,0.32290876426207116,1.0,144.0
2024/25,2025-03-01,Heidenheim,M'gladbach,0,3,213,24,2,0.32985696994548247,0.27455129647564624,0.39559173357887134,0.23705748656990455,0.33889389646373586,0.27906901911628296,0.3820370844199813,0.24836361904626536,0.3562484853380725,0.2835447128200985,0.3602068018418289,1.0,144.0
2024/25,2025-03-01,RB Leipzig,Mainz,1,2,214,24,2,0.5012873404087606,0.25551738115088246,0.24319527844035702,0.4120211921145286,0.40596282181658777,0.2732037349230359,0.3208334432603765,0.3130365122454215,0.5031448195139914,0.2582631653356392,0.23859201515036935,1.0,144.0
2024/25,2025-03-02,Augsburg,Freiburg,0,0,215,24,1,0.313106069648296,0.3120536133235691,0.3748403170281347,0.11927033706017814,0.29966782381341855,0.31111646792235476,0.3892157082642267,0.12064483609434684,0.3834359480563376,0.31315990612961336,0.30340414581404906,1.0,144.0
2024/25,2025-03-02,Union Berlin,Holstein Kiel,0,1,216,24,2,0.5598761306882395,0.22768123290028347,0.21244263641147665,0.4668539413284697,0.6215063626674645,0.20459161892767042,0.1739020184048649,0.534354017015849,0.6166146535549627,0.22203784543148883,0.16134750101354856,1.0,144.0
2024/25,2025-03-07,M'gladbach,Mainz,1,3,217,25,2,0.39086762781927986,0.2719349241250619,0.3371974480556581,0.2960423626705015,0.4464164490275723,0.2612576728951633,0.2923258780772642,0.350045154400751,0.3568278405901692,0.278325715660332,0.36484644374949887,1.0,144.0
2024/25,2025-03-08,Freiburg,RB Leipzig,0,0,218,25,1,0.5460725153599727,0.2441918017904366,0.2097356828495906,0.17109212434597584,0.563790536030013,0.23046015146356041,0.2057493125064267,0.18009627405693826,0.3801714412886491,0.2887949227593299,0.331033635952021,1.0,144.0
2024/25,2025-03-08,Wolfsburg,St Pauli,1,1,219,25,1,0.6343056342041149,0.2152271359154284,0.1504672298804565,0.2124920124254913,0.6729035411636481,0.19693361345210691,0.13016284538424472,0.2348707710145502,0.5240215724110632,0.2723145811686706,0.2036638464202662,1.0,144.0
2024/25,2025-03-08,Leverkusen,Werder Bremen,0,2,220,25,2,0.7645368825507511,0.13875403579906728,0.09670908165018173,0.7002255639768398,0.7566745675701154,0.14556243639143054,0.0977629960384539,0.693294006262464,0.7289400964826004,0.16890075406304153,0.10215914945435813,1.0,144.0
2024/25,2025-03-08,Holstein Kiel,Stuttgart,2,2,221,25,1,0.1834555301774345,0.22718811874948475,0.5893563510730805,0.19049842005143006,0.1738555201124329,0.21413599970707836,0.6120084801804888,0.2023900608431981,0.15580306588374815,0.20138031129787362,0.6428166228183781,1.0,144.0
2024/25,2025-03-08,Dortmund,Augsburg,0,1,222,25,2,0.6601906858459675,0.22324694452543614,0.1165623696285963,0.6081568942170049,0.6501645337520087,0.2242046640061328,0.12563080224185846,0.5936177074685913,0.6854014882528169,0.19844273068510712,0.11615578106207593,1.0,144.0
2024/25,2025-03-08,Bayern Munich,Bochum,2,3,223,25,2,0.8719627022836268,0.06678192896614386,0.06125536875022946,0.8207802184370163,0.8582016235614068,0.07782959135653766,0.06396878508205542,0.8063322309920989,0.8260082159105968,0.117142983347321,0.05684880074208225,1.0,144.0
2024/25,2025-03-09,Ein Frankfurt,Union Berlin,1,2,224,25,2,0.61977464830229,0.19425188330825321,0.18597346838945664,0.5233799044220591,0.5953964592420605,0.20468780577571613,0.1999157349822231,0.4973158874035092,0.48875095666598106,0.2650175487098917,0.24623149462412716,1.0,144.0
2024/25,2025-03-09,Hoffenheim,Heidenheim,1,1,225,25,1,0.47535035292196226,0.23283587700517427,0.2918137700728638,0.15555661721358605,0.4511219752189816,0.24290915982999417,0.3059688649510244,0.14856399142244675,0.5028480208975802,0.2520770598265791,0.24507491927584082,1.0,144.0
2024/25,2025-03-14,St Pauli,Hoffenheim,1,0,226,26,0,0.5446553425890915,0.25301651009463155,0.20232814731627655,0.12413771811454732,0.537588002251163,0.2599018283915246,0.2025101693573121,0.1274176121775989,0.41442991940975316,0.30245661820277014,0.28311346238747676,1.0,144.0
2024/25,2025-03-15,Mainz,Freiburg,2,2,227,26,1,0.4578272766505512,0.28884348058209747,0.2533292427673512,0.13689076024316998,0.5448109976425902,0.2558165053621874,0.19937249699522264,0.1682842078552122,0.5214229779617408,0.2739680053697282,0.20460901666853115,1.0,144.0
2024/25,2025-03-15,Augsburg,Wolfsburg,1,0,228,26,0,0.37795655393566935,0.2819306610497275,0.34011278501460296,0.25130737766098876,0.42276842707632595,0.2978689430618702,0.27936262986180393,0.20561988387162108,0.3923984833659491,0.29669153620352245,0.31090998043052837,1.0,144.0
2024/25,2025-03-15,Union Berlin,Bayern Munich,1,1,229,26,1,0.11240987392455057,0.1345183638331307,0.7530717622423185,0.2898765294212424,0.11217002583080607,0.1270973286450917,0.7607326455241025,0.29564813633049153,0.1034610475452432,0.1777163012262388,0.7188226512285181,1.0,144.0
2024/25,2025-03-15,RB Leipzig,Dortmund,2,0,230,26,0,0.24040974019021397,0.23977732045545247,0.5198129393543339,0.4235914273590452,0.29966593353261406,0.2613139383656516,0.43902012810173424,0.34160323876660403,0.3471810089020772,0.26706231454005935,0.3857566765578635,1.0,144.0
2024/25,2025-03-15,Werder Bremen,M'gladbach,2,4,231,26,2,0.6264744924103772,0.19676545044318502,0.17676005714643794,0.5350971465751881,0.62701609909984,0.1979506381672868,0.1750332627328732,0.5368596530637745,0.43408360128617357,0.25723472668810293,0.30868167202572344,1.0,144.0
2024/25,2025-03-16,Bochum,Ein Frankfurt,1,3,232,26,2,0.2812716427586422,0.21441503312256807,0.5043133241187899,0.16240950883315464,0.2779572547258018,0.22180008845728055,0.5002426568169176,0.1635088187600587,0.35647099210435973,0.27490559560590455,0.36862341228973566,1.0,144.0
2024/25,2025-03-16,Heidenheim,Holstein Kiel,3,1,233,26,0,0.4199657783779823,0.32392774842597355,0.2561064731960443,0.20101511193278798,0.43141709939977635,0.30330723314664637,0.26527566745357756,0.19682884729895234,0.47426971315296085,0.2678382677585591,0.25789201908848003,1.0,144.0
2024/25,2025-03-16,Stuttgart,Leverkusen,3,4,234,26,2,0.36361772842853607,0.26895437793435356,0.3674278936371104,0.2661826610879558,0.3364784586748466,0.2760294576885602,0.3874920836365933,0.24419185038002134,0.2912880218632657,0.2820005776879152,0.42671140044881906,1.0,144.0
2024/25,2025-03-28,Leverkusen,Bochum,3,1,235,27,0,0.7107017566731498,0.16642803803444495,0.12287020529240517,0.049395280470299605,0.718926073088095,0.16462958377054157,0.11644434314136322,0.04628091871965126,0.7864521511644739,0.13779717178522832,0.0757506770502978,1.0,144.0
2024/25,2025-03-29,Ein Frankfurt,Stuttgart,1,0,236,27,0,0.34308244044377084,0.23841633754498381,0.41850122201124523,0.30334197643910876,0.3364329238922859,0.2506542083761831,0.41291286773153124,0.30540915041620886,0.3777817599426568,0.2571706967419669,0.3650475433153763,1.0,144.0
2024/25,2025-03-29,Wolfsburg,Heidenheim,0,1,237,27,2,0.676436306354238,0.18152564298343937,0.14203805066232256,0.5968323915327358,0.6152165031673136,0.2152828190586474,0.16950067777403896,0.5341102349935989,0.5649484882607015,0.23992874069343376,0.19512277104586476,1.0,144.0
2024/25,2025-03-29,Holstein Kiel,Werder Bremen,0,3,238,27,2,0.27683193790012334,0.23465357363288006,0.4885144884669965,0.1691266751748579,0.31229156798971136,0.24407375907742646,0.44363467293286213,0.20353420029999789,0.30581879243629995,0.2600277433014529,0.4341534642622472,1.0,144.0
2024/25,2025-03-29,Hoffenheim,Augsburg,1,1,239,27,1,0.27745604707313315,0.3336063255851446,0.388937627341722,0.11412716800982853,0.3058348803493692,0.33746150865758684,0.3567036109930439,0.11038622006689489,0.4118856084532597,0.2833965119386859,0.30471787960805424,1.0,144.0
2024/25,2025-03-29,Bayern Munich,St Pauli,3,2,240,27,0,0.7656066621530385,0.1531357819655813,0.08125755588138037,0.030771513607427723,0.7371625935645901,0.17579580539481007,0.08704160104059949,0.038329871266701884,0.8613474682661459,0.10154833310085089,0.03710419863300321,1.0,144.0
2024/25,2025-03-29,M'gladbach,RB Leipzig,1,0,241,27,0,0.4262960197370078,0.21179882625129642,0.3619051540116956,0.2300557987349145,0.36710676162841493,0.21439888404226778,0.41849435432931725,0.2878456878909921,0.323397294420066,0.2623789369823177,0.4142237685976164,1.0,144.0
2024/25,2025-03-30,Freiburg,Union Berlin,1,2,242,27,2,0.478920245548052,0.28075156707921617,0.24032818737273182,0.4032329322481028,0.4687047674962505,0.26753855765015516,0.26375667485359455,0.3808691964481752,0.4952867658740666,0.2789546152624053,0.22575861886352802,1.0,144.0
2024/25,2025-03-30,Dortmund,Mainz,3,1,243,27,0,0.6402830061873815,0.20088054500922087,0.15883644880339778,0.07731266655303086,0.6668244590266612,0.18883926721079974,0.1443362737625389,0.0659194505132658,0.5791939916732429,0.2281259353996027,0.1926800729271545,1.0,144.0
2024/25,2025-04-04,Augsburg,Bayern Munich,1,3,244,28,2,0.1496956562049069,0.20407468140387697,0.6462296623912159,0.07378112062922529,0.1388168970538916,0.20094880258292744,0.660234300363181,0.06735543077868393,0.1247011676915636,0.18900020728252606,0.6862986250259102,1.0,144.0
2024/25,2025-04-05,Mainz,Holstein Kiel,1,1,245,28,1,0.6605376785544221,0.21713972089395644,0.1223226005516215,0.2256364216978883,0.6573931844890705,0.21670645750266918,0.12590035800826044,0.22400834957964458,0.6733367462772942,0.1912435729071605,0.1354196808155452,1.0,144.0
2024/25,2025-04-05,Heidenheim,Leverkusen,0,1,246,28,2,0.1617069791621126,0.19471796863092783,0.6435750522069599,0.07659394525950378,0.14949954126517823,0.17437386193101406,0.6761265968038077,0.06362204706819104,0.15760340729633587,0.2109460989966342,0.63145049370703,1.0,144.0
2024/25,2025-04-05,Werder Bremen,Ein Frankfurt,2,0,247,28,0,0.4158582124270673,0.23686774625866933,0.34727404131426326,0.23091044387982096,0.4872486636900794,0.2476243752275307,0.2651269610823898,0.16660311919019616,0.4161456193152161,0.2624745954710527,0.3213797852137312,1.0,144.0
2024/25,2025-04-05,Bochum,Stuttgart,0,4,248,28,2,0.22318743757674434,0.2037897441635618,0.5730228182596939,0.11606107300948378,0.24117131661075353,0.20244228190457297,0.5563864014846733,0.12747831437174081,0.3845222591818887,0.2811680103266411,0.3343097304914702,1.0,144.0
2024/25,2025-04-05,Freiburg,Dortmund,1,4,249,28,2,0.31077830818870117,0.2698401709475121,0.41938152086378644,0.21685048757754027,0.31825377844555136,0.27301792555785903,0.4087282959965896,0.2254438477249833,0.28408723689974363,0.264015856031827,0.45189690706842944,1.0,144.0
2024/25,2025-04-05,RB Leipzig,Hoffenheim,3,1,250,28,0,0.7088682781985816,0.1630620709811037,0.12806965082031477,0.05057975745014792,0.7098939792077813,0.16259190109235797,0.12751411969986076,0.05021067701136282,0.5647085799695969,0.22640996679433717,0.2088814532360659,1.0,144.0
2024/25,2025-04-06,Union Berlin,Wolfsburg,1,0,251,28,0,0.44627166832440013,0.24886129728553047,0.3048670343900694,0.19977948697901945,0.4412764068757121,0.24865939860153902,0.3100641945227489,0.20415592911937794,0.42138877413159737,0.28629649065999707,0.2923147352084054,1.0,144.0
2024/25,2025-04-06,St Pauli,M'gladbach,1,1,252,28,1,0.426204234436126,0.2702876703936554,0.3035080951702186,0.13688360664256935,0.4057379487024647,0.277218677916425,0.31704337338110994,0.13256989181107898,0.42283884263823923,0.2693987086060804,0.3077624487556804,1.0,144.0
2024/25,2025-04-11,Wolfsburg,RB Leipzig,2,3,253,29,2,0.5810103164637105,0.2069331302016524,0.212056553334637,0.4792139314900763,0.615147437848635,0.19420106362257114,0.19065149852879384,0.5167256835627136,0.35348793540512624,0.25922448596375924,0.3872875786311144,1.0,144.0
2024/25,2025-04-12,Holstein Kiel,St Pauli,1,2,254,29,2,0.2652148520890986,0.2965921409958775,0.43819300691502383,0.1929830076239124,0.24993907366149462,0.2917157895271329,0.45834513681137257,0.17792976567932844,0.2711679591382885,0.27814084951613016,0.4506911913455813,1.0,144.0
2024/25,2025-04-12,Leverkusen,Union Berlin,0,0,255,29,1,0.7389820013981708,0.1655037893426083,0.0955142092592212,0.2776086812804302,0.7375110366517506,0.16049114897416858,0.10199781437408101,0.27716304166011463,0.7016993043945823,0.18912989063760222,0.10917080496781549,1.0,144.0
2024/25,2025-04-12,Bochum,Augsburg,1,2,256,29,2,0.41968143370252553,0.28467011550344934,0.29564845079402474,0.3361218053317321,0.39345332818726886,0.31785718970005217,0.2886894821126789,0.3303840871593838,0.4107692944216469,0.29060394859083677,0.29862675698751634,1.0,144.0
2024/25,2025-04-12,M'gladbach,Freiburg,1,2,257,29,2,0.32434775649020664,0.2263327554871188,0.44931948802267474,0.20422524670591985,0.2748096277521168,0.21491518814630223,0.510275184101581,0.15767536340599872,0.4253513501649755,0.25633015575731416,0.3183184940777104,1.0,144.0
2024/25,2025-04-12,Bayern Munich,Dortmund,2,2,258,29,1,0.63283343259889,0.2089823374804316,0.15818422992067843,0.21275020200524597,0.6486583011304085,0.20162589908633036,0.14971579978326097,0.2215862061650646,0.6723409116874214,0.1809665257625957,0.14669256254998286,1.0,144.0
2024/25,2025-04-12,Hoffenheim,Mainz,2,0,259,29,0,0.25063978802675163,0.2355123306420869,0.5138478813311612,0.41279018621855745,0.3000422365771945,0.2685848765841013,0.43137288683870434,0.3380117190377069,0.39574235807860264,0.27974890829694327,0.32450873362445415,1.0,144.0
2024/25,2025-04-13,Stuttgart,Werder Bremen,1,2,260,29,2,0.5463463979370041,0.21231751930269668,0.24133608276029914,0.43703266293011345,0.5501238651483705,0.21210863460864332,0.2377675002429864,0.4418173253458043,0.5555010464775363,0.22555146898739875,0.21894748453506496,1.0,144.0
2024/25,2025-04-13,Ein Frankfurt,Heidenheim,3,0,261,29,0,0.757824670146558,0.13537601973518387,0.1067993101182585,0.035027491515679667,0.7052761231129596,0.1618920135524536,0.13283186333458674,0.05225323376213283,0.551131221719457,0.23891402714932128,0.2099547511312217,1.0,144.0
2024/25,2025-04-19,Mainz,Wolfsburg,2,2,262,30,1,0.4978337749496302,0.23644013824079982,0.2657260868095701,0.1592244103458631,0.38532392082675393,0.26177827543613397,0.35289780373711227,0.1365056919218899,0.478818998716303,0.2605905006418485,0.2605905006418485,1.0,144.0
2024/25,2025-04-19,Union Berlin,Stuttgart,4,4,263,30,1,0.4123864971491993,0.24243205024174846,0.3451814526090524,0.14460642912814095,0.41570093886567183,0.24506599877773638,0.3392330623565918,0.14394317058481615,0.3036195034400239,0.27759497457373616,0.41878552198624,1.0,144.0
2024/25,2025-04-19,RB Leipzig,Holstein Kiel,1,1,264,30,1,0.6173717691925014,0.22889569729456052,0.15373253351293817,0.20239079662809292,0.6518545885953128,0.20527669915532823,0.1428687122493591,0.2226629368062773,0.6551813562147666,0.1861167768134078,0.15870186697182562,1.0,144.0
2024/25,2025-04-19,Werder Bremen,Bochum,1,0,265,30,0,0.6880721829360482,0.17059462171295972,0.1413331953509921,0.05863701758320193,0.619666566712661,0.2014264560461286,0.1789069772412102,0.08833061349086088,0.5944601094708908,0.21628794161552498,0.18925194891358435,1.0,144.0
2024/25,2025-04-19,Heidenheim,Bayern Munich,0,4,266,30,2,0.11863243573190126,0.11732448150981128,0.7640430827582878,0.03487466080094803,0.11619409610043528,0.12001556785526267,0.7637903360443017,0.03464803665733047,0.09989165504402636,0.14580836710383754,0.754299977852136,1.0,144.0
2024/25,2025-04-19,Freiburg,Hoffenheim,3,2,267,30,0,0.6859647337619398,0.1693995598340232,0.14463570640403725,0.059768818004102074,0.6669968342033599,0.18571681341286964,0.14728635238377055,0.06629218901455042,0.5011209283924568,0.2558354213372016,0.24304365027034153,1.0,144.0
2024/25,2025-04-20,St Pauli,Leverkusen,1,1,268,30,1,0.28418509070622516,0.29120140444151227,0.4246135048522622,0.1305288971413139,0.3291854098568575,0.28595444705849055,0.38486014308465183,0.12824018189888298,0.19061745662914248,0.2463961016987389,0.5629864416721185,1.0,144.0
2024/25,2025-04-20,Augsburg,Ein Frankfurt,0,0,269,30,1,0.28704111810910005,0.308098969236096,0.4048599126548041,0.12315207618008893,0.2805896728573701,0.2820324291295018,0.4373778980131282,0.13501499509229412,0.3713413979731076,0.2811891510663416,0.3474694509605507,1.0,144.0
2024/25,2025-04-20,Dortmund,M'gladbach,3,2,270,30,0,0.8522102699170713,0.0778709286936108,0.06991880138931805,0.013365221552851908,0.8482559375661549,0.08052512902626047,0.0712189334075846,0.014049198479820321,0.7084157224364207,0.1642181962331466,0.1273660813304326,1.0,144.0
2024/25,2025-04-25,Stuttgart,Heidenheim,0,1,271,31,2,0.6215142167100064,0.1978495199699731,0.1806362633200203,0.5288184272794159,0.6633968111404139,0.176146762984764,0.16045642587482212,0.5724643709430741,0.6410772124124962,0.19918242607877962,0.15974036150872428,1.0,144.0
2024/25,2025-04-26,Wolfsburg,Freiburg,0,1,272,31,2,0.4670294072271874,0.24694248830567017,0.28602810446714244,0.3639361674128798,0.458029190114042,0.25247652702663764,0.28949428285932016,0.35730455654305837,0.41024320906130024,0.26348954077920916,0.32626725015949054,1.0,144.0
2024/25,2025-04-26,Ein Frankfurt,RB Leipzig,4,0,273,31,0,0.5720261630237714,0.2154162088639791,0.21255762811224937,0.1141711752024304,0.5522377127027138,0.222672488573891,0.22508979872339518,0.125578241707518,0.471963427239492,0.24865592330264794,0.2793806494578602,1.0,144.0
2024/25,2025-04-26,Leverkusen,Augsburg,2,0,274,31,0,0.5914057171537451,0.26502355303256053,0.1435707298136941,0.09378092121694108,0.6059107947683199,0.2552016990545258,0.13888750617715442,0.08729802052612319,0.6504042731061065,0.2004390527182341,0.14915667417565937,1.0,144.0
2024/25,2025-04-26,Holstein Kiel,M'gladbach,4,3,275,31,0,0.44493606381058826,0.2473655760209574,0.3076983601684543,0.2013871270542196,0.5538880177374855,0.22860858297835163,0.21750339928416298,0.123161814709178,0.38787553847815,0.25419519623502773,0.3579292652868222,1.0,144.0
2024/25,2025-04-26,Hoffenheim,Dortmund,2,3,276,31,2,0.16932476691490803,0.16600010605256318,0.6646751270325287,0.07055682356071932,0.2208985442736402,0.2022857045292708,0.576815751197089,0.11394053764854874,0.24229336500566864,0.23813637099821844,0.5195702639961128,1.0,144.0
2024/25,2025-04-26,Bayern Munich,Mainz,3,0,277,31,0,0.8164529369293749,0.10416953591772214,0.07937752715290296,0.01999515808938093,0.8281616814868049,0.0976895052861141,0.0741488132270808,0.017513227106213412,0.7796594084870928,0.13316496784077067,0.08717562367213662,1.0,144.0
2024/25,2025-04-27,Bochum,Union Berlin,1,1,278,31,1,0.32761908900438885,0.22430801425440547,0.4480728967412056,0.15405179413706038,0.3789428976135908,0.22721782548250485,0.3938392769039041,0.1493535478419873,0.4056226110688087,0.2813567244407922,0.313020664490399,1.0,144.0
2024/25,2025-04-27,Werder Bremen,St Pauli,0,0,279,31,1,0.5285599966448947,0.27101736726583825,0.20042263608926694,0.15977245155511094,0.46771377220674804,0.29836613724252187,0.23392009055073026,0.1367373907375638,0.4788270592966068,0.2700052584366977,0.2511676822666955,1.0,144.0
2024/25,2025-05-02,Heidenheim,Bochum,0,0,280,32,1,0.5058562971391231,0.2504344789151549,0.24370922394572173,0.15764238959576543,0.5354254922093726,0.23634544166696544,0.22822906612366217,0.16938448216566387,0.4038782294940601,0.28712287111524626,0.3089988993906936,1.0,144.0
2024/25,2025-05-03,Union Berlin,Werder Bremen,2,2,281,32,1,0.3810713925004588,0.26831169533338134,0.3506169121661596,0.13407381263958568,0.3693313799285212,0.27190569205943077,0.3587629280120479,0.13255825335784183,0.28812601591710485,0.27904468017186657,0.4328293039110286,1.0,144.0
2024/25,2025-05-03,St Pauli,Stuttgart,0,1,282,32,2,0.31059006765702446,0.28927461178387553,0.4001353205591,0.22815191188396433,0.3598742092454712,0.2976226590694418,0.34250313168508734,0.2809057891619856,0.3400628272251309,0.27551832460732983,0.3844188481675393,1.0,144.0
2024/25,2025-05-03,Dortmund,Wolfsburg,4,0,283,32,0,0.7359904054373181,0.15152485360271203,0.11248474095996987,0.041176941484991604,0.6993626848923374,0.1706747328260125,0.1299625822816501,0.053636534014229326,0.7590705324051601,0.14345529407061808,0.09747417352422177,1.0,144.0
2024/25,2025-05-03,M'gladbach,Hoffenheim,4,4,284,32,1,0.49724904157947264,0.22148350762591806,0.28126745079460946,0.16318399411410106,0.46461305972573097,0.21998806242699223,0.3153988778472769,0.15767087370751354,0.42870567395037856,0.24028688391786654,0.33100744213175487,1.0,144.0
2024/25,2025-05-03,RB Leipzig,Bayern Munich,3,3,285,32,1,0.16762372303025627,0.18143916483817432,0.6509371121315695,0.22590841823635577,0.1652398455816704,0.17030732661109974,0.6644528278072299,0.2344008834744393,0.23177908044353412,0.20359629917367045,0.5646246203827954,1.0,144.0
2024/25,2025-05-04,Freiburg,Leverkusen,2,2,286,32,1,0.4321753624853404,0.2783016113377703,0.2895230261768893,0.13529956331297954,0.3647311169172733,0.2812868281878877,0.3539820548948389,0.12916604141764726,0.3016434122185882,0.26914591753205525,0.4292106702493567,1.0,144.0
2024/25,2025-05-04,Mainz,Ein Frankfurt,1,1,287,32,1,0.3019368816559667,0.23409111745048664,0.463972000893546,0.15321794905864522,0.37418736871490393,0.24126761781890982,0.3845450134661865,0.14394552714374642,0.4099260570245826,0.2683770041846025,0.3216969387908149,1.0,144.0
2024/25,2025-05-04,Augsburg,Holstein Kiel,1,3,288,32,2,0.454614319510142,0.334856689956072,0.2105289905337863,0.41496932714563617,0.4738267777329217,0.3203586069254856,0.2058146153415927,0.42762112025089294,0.5424748158171704,0.2368365659299354,0.22068861825289432,1.0,144.0
2024/25,2025-05-09,Wolfsburg,Hoffenheim,2,2,289,33,1,0.5537573940324333,0.2215529425208857,0.22468966344668098,0.17856634815268718,0.5478347873398673,0.2214236426458255,0.23074157001430695,0.17668231317619254,0.3262779972659947,0.26859348946206196,0.40512851327194344,1.0,144.0
2024/25,2025-05-10,Werder Bremen,RB Leipzig,0,0,290,33,1,0.5390857153421954,0.22656242938345178,0.23435185527435298,0.1727671002782689,0.45776498001173493,0.24303543141872064,0.2991995885695442,0.14953458536266437,0.49759099666088596,0.23212977116955205,0.270279232169562,1.0,144.0
2024/25,2025-05-10,Union Berlin,Heidenheim,0,3,291,33,2,0.5106082655281359,0.26234473450269913,0.2270469999691653,0.4290885705411597,0.5230910482678451,0.26863794424673304,0.20827100748542166,0.45022952118305104,0.4606794550462813,0.2722783333746929,0.2670422115790257,1.0,144.0
2024/25,2025-05-10,Bayern Munich,M'gladbach,2,0,292,33,0,0.8713680582613106,0.06533549064546812,0.06329645109322125,0.010276308578231067,0.8549570437517456,0.07695888592970565,0.06808407031854861,0.012836449894187056,0.8409785932721712,0.10091743119266053,0.05810397553516819,1.0,144.0
2024/25,2025-05-10,Bochum,Mainz,1,4,293,33,2,0.36644358714963027,0.25089455711154146,0.3826618557388281,0.25769364346145796,0.340515375802962,0.2587945141755886,0.40069011002144933,0.2375615326921674,0.30801263641585297,0.24956921309592192,0.4424181504882252,1.0,144.0
2024/25,2025-05-10,Holstein Kiel,Freiburg,1,2,294,33,2,0.25280156627272976,0.2625593637857213,0.48463906994154904,0.16475276007032855,0.3159125247543657,0.2599775610228135,0.42410991422282107,0.21572505709656223,0.27083599146180404,0.2525457686617861,0.47661823987641,1.0,144.0
2024/25,2025-05-11,Ein Frankfurt,St Pauli,2,2,295,33,1,0.6682814432078592,0.19342184291136658,0.1382967138807741,0.23286303420309995,0.5804682356577249,0.24088840035352266,0.17864336398875252,0.18442841205240496,0.6164787249329229,0.22301188897343063,0.1605093860936466,1.0,144.0
2024/25,2025-05-11,Stuttgart,Augsburg,4,0,296,33,0,0.6173019525891076,0.23804787179934453,0.14465017561154792,0.08369073439828066,0.6778083086913376,0.2044592946763431,0.11773239663231935,0.0588342015825631,0.6320832899342902,0.20231954677813052,0.16559716328757942,1.0,144.0
2024/25,2025-05-11,Leverkusen,Dortmund,2,4,297,33,2,0.3624107153466292,0.2869671710945868,0.3506221135587842,0.2765165829984582,0.45114664847118585,0.2789088854876974,0.26994446604111655,0.36825719054538697,0.37566253514639847,0.25011978561161236,0.3742176792419892,1.0,144.0
2024/25,2025-05-17,Augsburg,Union Berlin,1,2,298,34,2,0.3482343990961416,0.3188222387552103,0.3329433621486482,0.2831158774077003,0.40652049652850775,0.3060018566354811,0.287477646836011,0.33647350892806627,0.5107785532442137,0.26300250709051665,0.22621893966526951,1.0,144.0
2024/25,2025-05-17,Freiburg,Ein Frankfurt,1,3,299,34,2,0.3893820661969701,0.25961934695740496,0.350998586845625,0.28641061387609873,0.40753553408379056,0.2532455993136136,0.3392188666025958,0.30135845889745927,0.40893158122399065,0.26447205524812434,0.3265963635278851,1.0,144.0
2024/25,2025-05-17,Mainz,Leverkusen,2,2,300,34,1,0.37976272677495376,0.2856484818475981,0.3345887913774479,0.12808469398148484,0.3786675698835262,0.2811344372821,0.3401979928343741,0.12956190140501592,0.38174498460705714,0.26168002977096655,0.35657498562197637,1.0,144.0
2024/25,2025-05-17,Dortmund,Holstein Kiel,3,0,301,34,0,0.765742315105318,0.12832945795547998,0.10592822693920194,0.03304872609734961,0.7329481668939546,0.15007449619904287,0.1169773369070028,0.042500189457576755,0.8544110666576253,0.09195090526886825,0.053638028073506476,1.0,144.0
2024/25,2025-05-17,St Pauli,Bochum,0,2,302,34,2,0.42041536848464994,0.28941476907564356,0.290169862439706,0.3403039531234746,0.37362287966725904,0.3059183417605923,0.32045877857214833,0.30068516391525557,0.5508311992196364,0.23703249648571154,0.2121363042946521,1.0,144.0
2024/25,2025-05-17,Heidenheim,Werder Bremen,1,4,303,34,2,0.32473396259791243,0.29350962661192054,0.3817564107901672,0.24383864103179956,0.3347004741518576,0.2799002763740757,0.3853992494740668,0.24487924497225944,0.3553544043388816,0.25826818776884236,0.386377407892276,1.0,144.0
2024/25,2025-05-17,M'gladbach,Wolfsburg,0,1,304,34,2,0.4050616944897361,0.21896610380230758,0.3759722017079564,0.27674283469205596,0.4819833507964363,0.2155795509670633,0.30243709823650045,0.3594509761808371,0.42285539972255104,0.2361802110645468,0.3409643892129021,1.0,144.0
2024/25,2025-05-17,RB Leipzig,Stuttgart,2,3,305,34,2,0.22106338787749266,0.19893529429953802,0.5800013178229693,0.1126339572451586,0.19239034218827925,0.18946683868669414,0.6181428191250267,0.09141447517655266,0.5089974293059126,0.22095115681233932,0.2700514138817481,1.0,144.0
2024/25,2025-05-17,Hoffenheim,Bayern Munich,0,4,306,34,2,0.15340052974910065,0.16832613358863457,0.6782733366622646,0.06351988421486858,0.18334255629724067,0.18611126017099583,0.6305461835317636,0.08505530772627612,0.2140983962156585,0.20898975769424363,0.5769118460900978,1.0,144.0
2025/26,2025-08-22,Bayern Munich,RB Leipzig,6,0,1,1,0,0.5038810580788667,0.24215964048711633,0.2539593014340169,0.15531466565889931,0.6187176640184595,0.20473957133934995,0.17654276464219076,0.0882717837395241,0.7728611675686646,0.13343597506365065,0.09370285736768483,1.0,144.0
2025/26,2025-08-23,Union Berlin,Stuttgart,2,1,2,1,0,0.4084991514401816,0.25438284480957274,0.3371180037502454,0.2317609011497679,0.3053886514609633,0.24775459893154972,0.4468567496074873,0.34108294009449375,0.2296182072589166,0.25097804049230416,0.5194037522487792,1.0,144.0
2025/26,2025-08-23,Leverkusen,Hoffenheim,1,2,3,1,2,0.52829843210627,0.23646115400799403,0.23524041388573602,0.43197822895980187,0.548146004693034,0.23704226206170123,0.21481173324526487,0.4584923283551204,0.5515079110525217,0.2283891584593972,0.2201029304880812,1.0,144.0
2025/26,2025-08-23,St Pauli,Dortmund,3,3,4,1,1,0.33246251215343176,0.25072866307288877,0.4168088247736795,0.14213045919829326,0.28772638993846905,0.2537007308736934,0.4585728791878375,0.14653778049682353,0.23515224600542656,0.2668073560446186,0.49804039794995475,1.0,144.0
2025/26,2025-08-23,Freiburg,Augsburg,1,3,5,1,2,0.48796971821677193,0.24529034680368378,0.2667399349795443,0.38789238442517937,0.5042059704832031,0.25436359010771803,0.24143043940907902,0.414825719463006,0.49582747584721687,0.2677195186392686,0.23645300551351459,1.0,144.0
2025/26,2025-08-23,Ein Frankfurt,Werder Bremen,4,1,6,1,0,0.5317871783274646,0.23557563879103713,0.23263718288149854,0.13667165261879854,0.5360720961720684,0.22977453247722723,0.23415337135070455,0.13502845063253968,0.5990364216342167,0.21469889447952015,0.18626468388626316,1.0,144.0
2025/26,2025-08-23,Heidenheim,Wolfsburg,1,3,7,1,2,0.3651910844312257,0.2539847477608471,0.38082416780792683,0.2583716196594003,0.3622483009053804,0.26619593645379536,0.3715557626408244,0.2630829954893955,0.34255737604554887,0.2803639619508238,0.3770786620036274,1.0,144.0
2025/26,2025-08-24,Mainz,FC Koln,0,1,8,1,2,0.5000391569863396,0.24313206125407616,0.25682878175958423,0.4011713090702764,0.5073283589165042,0.24291559152892722,0.24975604955456823,0.41012402447044016,0.5035569055740692,0.2605535731254567,0.2358895213004741,1.0,144.0
2025/26,2025-08-24,M'gladbach,Hamburg,0,0,9,1,1,0.5130913793125301,0.24028527899276503,0.2466233416947046,0.1620429180967489,0.4689771679501753,0.24824007388805813,0.28278275816176657,0.14995283618607153,0.5170195247426168,0.24179022550152235,0.24119024975586095,1.0,144.0
2025/26,2025-08-29,Hamburg,St Pauli,0,2,10,2,2,0.4692692470885909,0.2541640108336287,0.27656674207778026,0.37178465246552483,0.46783804357347236,0.26603640710116433,0.2661255493253631,0.378722072183827,0.39045053756014453,0.3057301379008679,0.30381932453898747,1.0,144.0
2025/26,2025-08-30,Werder Bremen,Leverkusen,3,3,11,2,1,0.356403319552494,0.2643000546447787,0.3792966258027267,0.13544462826668563,0.3624572589493419,0.26565694751563385,0.37188579353502454,0.1348371539991225,0.26897054807070675,0.2482273181423746,0.48280213378691855,1.0,144.0
2025/26,2025-08-30,Stuttgart,M'gladbach,1,0,12,2,0,0.5064102127670993,0.24888531654091506,0.24470447069198575,0.15175557801863251,0.6330078414266647,0.2021554436704618,0.16483671490287363,0.08092719351714367,0.6099398417413444,0.20035445944933977,0.1897056988093158,1.0,144.0
2025/26,2025-08-30,Augsburg,Bayern Munich,2,3,13,2,2,0.27756407633869756,0.2402403791954745,0.4821955444658278,0.17258163532239734,0.22351695675447633,0.2308451016517858,0.5456379415937377,0.128202355037979,0.09963065156054388,0.15507028831600783,0.7452990601234484,1.0,144.0
2025/26,2025-08-30,Hoffenheim,Ein Frankfurt,1,3,14,2,2,0.3896037336783713,0.25893215415615894,0.35146411216547013,0.28619493355272485,0.3731075488151913,0.25511090347159215,0.3717815477132167,0.26693383338824106,0.35354780054023793,0.2542574733543968,0.39219472610536515,1.0,144.0
2025/26,2025-08-30,RB Leipzig,Heidenheim,2,0,15,2,0,0.6075173109248176,0.21359524798190266,0.17888744109327973,0.09302168890229394,0.6037125038264493,0.2158260828599335,0.18046141331361723,0.09480505065932511,0.6518667336346894,0.19450862213293155,0.15362464423237904,1.0,144.0
2025/26,2025-08-31,FC Koln,Freiburg,4,1,16,2,0,0.4195647538090379,0.24876897577853513,0.3316662704124272,0.22345379497502593,0.4351203037936336,0.24772284886868362,0.31715684733768257,0.20983876849968755,0.3746265684126668,0.2848038239394543,0.34056960764787897,1.0,144.0
2025/26,2025-08-31,Wolfsburg,Mainz,1,1,17,2,1,0.5384694443111696,0.23338427598087266,0.22814627970795776,0.17100003370068073,0.4802815578826689,0.25162152136560895,0.26809692075172226,0.1512731668793793,0.4565377748794646,0.26641793438171496,0.2770442907388204,1.0,144.0
2025/26,2025-08-31,Dortmund,Union Berlin,3,0,18,2,0,0.5568901756860674,0.2305743618061014,0.21253546250783084,0.12075881961347101,0.6044963056023275,0.2166005197138646,0.17890317468380812,0.0942147590970763,0.6856935766322951,0.18276520662599927,0.1315412167417056,1.0,144.0
2025/26,2025-09-12,Leverkusen,Ein Frankfurt,3,1,19,3,0,0.4192873350016239,0.26380510839399557,0.31690755660438047,0.2188287993612374,0.43767210764180553,0.2611129266592097,0.30121496569898437,0.20347155704252484,0.4440020772027004,0.25588540765102996,0.3001125151462697,1.0,144.0
2025/26,2025-09-13,Wolfsburg,FC Koln,3,3,20,3,1,0.48713645255633053,0.2505167440473133,0.26234680339635646,0.1530638843307262,0.4769921263169855,0.2560219943737565,0.266985879309258,0.14940147415946836,0.4932866238198424,0.26193386763479504,0.24477950854536262,1.0,144.0
2025/26,2025-09-13,Bayern Munich,Hamburg,5,0,21,3,0,0.6679451347783115,0.1876388160897646,0.14441604913192352,0.06555821438213397,0.7312515725499473,0.15789414091352424,0.11085428653652844,0.04225719505019948,0.8953488372093024,0.058604651162790705,0.04604651162790698,1.0,144.0
2025/26,2025-09-13,Union Berlin,Hoffenheim,2,4,22,3,2,0.39475129389215613,0.26965800879202945,0.33559069731581453,0.29863415276140853,0.4020311517042387,0.2747786450592931,0.32319020323646847,0.3098502739678649,0.3309390490178079,0.28449146319074714,0.3845694877914448,1.0,144.0
2025/26,2025-09-13,Freiburg,Stuttgart,3,1,23,3,0,0.4203053897144515,0.2559355782021548,0.32375903208339357,0.2204328760248449,0.3296962231679188,0.24768434882488322,0.42261942800719815,0.31395716708224186,0.3657164291072768,0.2779444861215304,0.35633908477119275,1.0,144.0
2025/26,2025-09-13,Heidenheim,Dortmund,0,2,24,3,2,0.2720925881198641,0.23570884256849028,0.49219856931164535,0.16594833475945278,0.2434947557289193,0.22908600149813213,0.5274192427729486,0.14131113408438967,0.18136603781122354,0.21332481099381798,0.6053091511949585,1.0,144.0
2025/26,2025-09-13,Mainz,RB Leipzig,0,1,25,3,2,0.414318603558301,0.2597103571651834,0.3259710392765156,0.31298747257424053,0.4293599931126403,0.25405525756029584,0.3165847493270637,0.3257032042690193,0.4039416367410752,0.25685998536833543,0.33919837789058926,1.0,144.0
2025/26,2025-09-14,St Pauli,Augsburg,2,1,26,3,0,0.44472317640710957,0.2512201236582803,0.30405669993461043,0.20039141379726777,0.4159955906315263,0.2783826965500426,0.3056217128184313,0.21723289075394572,0.43646562175900905,0.2931681736513826,0.27036620458960836,1.0,144.0
2025/26,2025-09-14,M'gladbach,Werder Bremen,0,4,27,3,2,0.5138018101904916,0.24847106069956182,0.23772712910994706,0.42252611492499503,0.4401172649879779,0.2609461897213667,0.29893654529065566,0.3425965872347496,0.4741673944586947,0.23824587221576568,0.2875867333255397,1.0,144.0
2025/26,2025-09-19,Stuttgart,St Pauli,2,0,28,4,0,0.5533519215772732,0.2422515171995147,0.20439656122321204,0.12063623009929432,0.6336344231888834,0.20915666959276105,0.15720890721835543,0.07946918819046585,0.5399576451680146,0.2376341714675859,0.22240818336439958,1.0,144.0
2025/26,2025-09-20,Werder Bremen,Freiburg,0,3,29,4,2,0.3706678695145888,0.24368274821267893,0.3856493822727323,0.25741067549617985,0.402359172486058,0.24424560336790876,0.3533952241460331,0.28999531992041205,0.38734065469745615,0.26419158785071056,0.3484677574518333,1.0,144.0
2025/26,2025-09-20,Hoffenheim,Bayern Munich,1,4,30,4,2,0.2547163369057654,0.24126716906332754,0.5040164940309069,0.1554400252400423,0.22149566842773555,0.22813262867047618,0.5503717029017884,0.12561296834184354,0.11587945881166865,0.1508070193954055,0.7333135217929259,1.0,144.0
2025/26,2025-09-20,RB Leipzig,FC Koln,3,1,31,4,0,0.5703712402441464,0.22623316047499142,0.2033955992808623,0.11297532050808701,0.5279723850526952,0.23202326133918214,0.24000435360812264,0.14020607951184694,0.49805447470817116,0.24902723735408558,0.2529182879377432,1.0,144.0
2025/26,2025-09-20,Augsburg,Mainz,1,4,32,4,2,0.4011034207659055,0.258113034708918,0.34078354452517673,0.29772514465945044,0.38375032699126865,0.2679003832642458,0.34834928974448526,0.28595648082121106,0.353807163212485,0.2844940639866473,0.3616987728008676,1.0,144.0
2025/26,2025-09-20,Hamburg,Heidenheim,2,1,33,4,0,0.472759747499215,0.26332651998788825,0.26391373251289674,0.17381637103299016,0.47690214955736376,0.26476889704952716,0.25832895339310896,0.17018260464944288,0.5173168574500983,0.25001431671110147,0.23266882583880022,1.0,144.0
2025/26,2025-09-21,Dortmund,Wolfsburg,1,0,34,4,0,0.489085590125475,0.2458218839277514,0.2650925259467735,0.1656537907651375,0.5399327155026004,0.23406688614187254,0.22600039835552713,0.1313690431608341,0.6086762551769777,0.20768138320416193,0.18364236161886044,1.0,144.0
2025/26,2025-09-21,Ein Frankfurt,Union Berlin,3,4,35,4,2,0.5366635598175864,0.21467370755119577,0.24866273263121763,0.4262577328866365,0.5856769128249946,0.20497587593170327,0.20934721124330216,0.48407463929247985,0.5865982922367864,0.22097880871933734,0.19242289904387622,1.0,144.0
2025/26,2025-09-21,Leverkusen,M'gladbach,1,1,36,4,1,0.500860833643233,0.24791802423773254,0.25122114211903435,0.1569868184626932,0.5435425026506622,0.23517751275467308,0.22127998459466477,0.17220164188498008,0.6211337328320988,0.2162876391111773,0.16257862805672388,1.0,144.0
2025/26,2025-09-26,Bayern Munich,Werder Bremen,4,0,37,5,0,0.6708665595947916,0.18016627804612576,0.1489671623590826,0.0652600185271431,0.6729177871834987,0.1835913864861095,0.14349082633039206,0.06378619559095884,0.8818541548897681,0.08083663086489541,0.03730921424533635,1.0,144.0
2025/26,2025-09-27,M'gladbach,Ein Frankfurt,4,6,38,5,2,0.466983569338772,0.24709754419919294,0.28591888646203517,0.3639927453719999,0.41553907121067224,0.24110343972684223,0.34335748906248575,0.30192605343647594,0.3157475200755786,0.2614253660840812,0.4228271138403401,1.0,144.0
2025/26,2025-09-27,Wolfsburg,RB Leipzig,0,1,39,5,2,0.3210922696938329,0.24155751353173963,0.43735021677442754,0.20983751211046048,0.35631204357968393,0.2527771475072533,0.3909108089130626,0.24897395754943502,0.3696729435084242,0.26065411298315166,0.3696729435084242,1.0,144.0
2025/26,2025-09-27,Heidenheim,Augsburg,2,1,40,5,0,0.41750667333041297,0.23073792797639414,0.35175539869319283,0.2315151680622047,0.41058870412629433,0.2524243728708472,0.3369869230028586,0.23048293098922773,0.34164160025489976,0.2735052136872091,0.3848531860578911,1.0,144.0
2025/26,2025-09-27,Mainz,Dortmund,0,2,41,5,2,0.4291123542539057,0.24913040917781182,0.32175723656828226,0.3220753293604111,0.4003194291471943,0.2496848864087996,0.34999568444400597,0.29138062779707585,0.2750832418109235,0.25353625159074666,0.47138050659833,1.0,144.0
2025/26,2025-09-27,St Pauli,Leverkusen,1,2,42,5,2,0.33327683160361893,0.2510209811113649,0.41570218728501634,0.22623869021363063,0.3343921394595367,0.2699333235513195,0.3956745369891435,0.238513684087806,0.288751275645504,0.2748846889619629,0.43636403539253305,1.0,144.0
2025/26,2025-09-28,Union Berlin,Hamburg,0,0,43,5,1,0.39839364405437755,0.25035800613916603,0.3512483498064562,0.14104644943234246,0.41125740009572,0.26087620175745024,0.32786639814683,0.13831451208363327,0.48410971274923537,0.269545851142926,0.24634443610783868,1.0,144.0
2025/26,2025-09-28,FC Koln,Stuttgart,1,2,44,5,2,0.3575781830231406,0.2680309763813596,0.37439084059549976,0.25962448865246796,0.3119128607396148,0.24734984919614045,0.44073729006424495,0.2050322057097275,0.37274268278901573,0.2615210758277771,0.36573624138320715,1.0,144.0
2025/26,2025-09-28,Freiburg,Hoffenheim,1,1,45,5,1,0.4928988348478063,0.23747477450632262,0.2696263906458708,0.15782382596352246,0.48279320947470195,0.23891323789935798,0.27829355262593997,0.15526829227402514,0.4121877223866063,0.2740177534739129,0.3137945241394809,1.0,144.0
2025/26,2025-10-03,Hoffenheim,FC Koln,0,1,46,6,2,0.5983819139024789,0.19464443099550152,0.2069736551020194,0.4934758492939221,0.564376255872919,0.20600376774393875,0.2296199763831424,0.4560029694905223,0.506105692545041,0.2460058049839186,0.2478885024710405,1.0,144.0
2025/26,2025-10-04,Augsburg,Wolfsburg,3,1,47,6,0,0.33401721247947636,0.26566055131141625,0.40032223620910756,0.3018954830385337,0.36379456601679055,0.28034689283786574,0.3558585411453438,0.26569632776792806,0.36878596896690674,0.2719538989029703,0.35926013213012314,1.0,144.0
2025/26,2025-10-04,Dortmund,RB Leipzig,1,1,48,6,1,0.5042696510039714,0.23757482906081076,0.2581555199352182,0.16046607669834487,0.4863736396858451,0.24541036858154835,0.26821599173260663,0.154249567801181,0.5656326621274125,0.20890536765396875,0.22546197021861894,1.0,144.0
2025/26,2025-10-04,Werder Bremen,St Pauli,1,0,49,6,0,0.6002757040250405,0.19531732563163223,0.20440697034332764,0.10078086115880747,0.5553027788874572,0.21842229236372127,0.22627492874882135,0.12447798092275106,0.41048965958354056,0.2694904413332386,0.3200198990832208,1.0,144.0
2025/26,2025-10-04,Ein Frankfurt,Bayern Munich,0,3,50,6,2,0.27679517297842565,0.23333210408111266,0.4898727229404617,0.16842270329216777,0.24131362632514705,0.21337491296868363,0.5453114607061693,0.13248696700767504,0.12897900307187388,0.1709827846032452,0.7000382123248808,1.0,144.0
2025/26,2025-10-04,Leverkusen,Union Berlin,2,0,51,6,0,0.49920027210802664,0.24721235867632352,0.2535873692156499,0.15755346064119444,0.5303730551866583,0.24574701789906936,0.22387992691427236,0.13533584448492667,0.5682536646829192,0.23619345475818154,0.19555288055889927,1.0,144.0
2025/26,2025-10-05,M'gladbach,Freiburg,0,0,52,6,1,0.4389153566262448,0.2506560589849391,0.3104285843888162,0.14450629814399402,0.3783472950042587,0.250286352440219,0.37136635255552236,0.14052982172371603,0.36598493003229277,0.2863293864370291,0.34768568353067814,1.0,144.0
2025/26,2025-10-05,Hamburg,Mainz,4,0,53,6,0,0.2781936800582574,0.24866122964085668,0.473145090300886,0.3724353199918374,0.2714371979907104,0.24632514596500132,0.48223765604428825,0.3816784566893583,0.30266824085005906,0.25770956316410865,0.4396221959858324,1.0,144.0
2025/26,2025-10-05,Stuttgart,Heidenheim,1,0,54,6,0,0.6443075282738077,0.19157740392395495,0.16411506780223753,0.07672544496121056,0.7362430172612066,0.1482016895761332,0.11555529316266014,0.04146038586069027,0.6883300947103258,0.18209107571136196,0.12957882957831232,1.0,144.0
2025/26,2025-10-17,Union Berlin,M'gladbach,3,1,55,7,0,0.5455456930287307,0.21486437697987937,0.23958992999138995,0.1319660258390079,0.4877556656278112,0.23205056617594647,0.2801937681962429,0.17045140291620814,0.432151028483636,0.2810230676555437,0.2868259038608204,1.0,144.0
2025/26,2025-10-18,RB Leipzig,Hamburg,2,1,56,7,0,0.6388064959681654,0.19203625231370614,0.16915725171812848,0.07953746158181259,0.6240009833927278,0.19110725607380724,0.1848917605334648,0.08778011180139997,0.660672564670835,0.18393724811858475,0.1553901872105804,1.0,144.0
2025/26,2025-10-18,Wolfsburg,Stuttgart,0,3,57,7,2,0.37992873273010597,0.27555288946762857,0.344518377802265,0.2870009994964389,0.31390353998777726,0.2559789260768507,0.43011753393537194,0.21165072877237998,0.33671884023412907,0.2594979862071022,0.4037831735587689,1.0,144.0
2025/26,2025-10-18,Bayern Munich,Dortmund,2,1,58,7,0,0.5604787033454494,0.2337621912899176,0.20575910536463274,0.11775788982667584,0.580421854010407,0.2281881308700216,0.19139001511957116,0.10633797923976697,0.7135873039750292,0.16877891015757213,0.11763378586739877,1.0,144.0
2025/26,2025-10-18,Mainz,Leverkusen,3,4,59,7,2,0.3805299895039616,0.2755950419392072,0.3438749685568308,0.2876515648990922,0.3666962851550995,0.27028300310291997,0.36302071174198114,0.27010438960812155,0.36174241704088733,0.271054903019495,0.36720267993961775,1.0,144.0
2025/26,2025-10-18,FC Koln,Augsburg,1,1,60,7,1,0.44720062448708453,0.25734135781686646,0.2954580176960492,0.14364191938125861,0.4513727977695513,0.2648460488184202,0.2837811534120287,0.14213457279908676,0.5064009709117958,0.24930509337196102,0.24429393571624314,1.0,144.0
2025/26,2025-10-18,Heidenheim,Werder Bremen,2,2,61,7,1,0.3738896528167534,0.26420863724178334,0.3619017099414631,0.13538316007099369,0.31750041804212936,0.25414039328530724,0.42835918867256334,0.14214905498857183,0.3158366310759352,0.2702157843649668,0.413947584559098,1.0,144.0
2025/26,2025-10-19,Freiburg,Ein Frankfurt,2,2,62,7,1,0.49841141032218605,0.23945771219898024,0.2621308774788339,0.15856326543358693,0.43894775176434053,0.2451697390702996,0.3158825091653601,0.14622844418778638,0.3801077547067014,0.267328530782735,0.3525637145105637,1.0,144.0
2025/26,2025-10-19,St Pauli,Hoffenheim,0,3,63,7,2,0.3063626248748096,0.25832249912960364,0.43531487599558666,0.20636367359603147,0.29833002639635425,0.25819017800833394,0.4434797955953117,0.19935777128014268,0.37859868524085455,0.2787961664954144,0.34260514826373106,1.0,144.0
2025/26,2025-10-24,Werder Bremen,Union Berlin,1,0,64,8,0,0.38752676909466927,0.23591982889478388,0.376553402010547,0.25845796157066553,0.4480063365605768,0.23446428714990356,0.3175293762895195,0.20276095464204325,0.4126067227894203,0.2712400740342707,0.316153203176309,1.0,144.0
2025/26,2025-10-25,Hoffenheim,Heidenheim,3,1,65,8,0,0.5375190260693258,0.22298720237187272,0.23949377155880147,0.13562295893166218,0.5518248812461687,0.22987193921062005,0.21830317954321163,0.12425860763434318,0.60375264803793,0.21466760819126401,0.18157974377080602,1.0,144.0
2025/26,2025-10-25,Hamburg,Wolfsburg,0,1,66,8,2,0.4163945737847002,0.2580148809700956,0.3255905452452042,0.3141062768700016,0.40948644436301757,0.2711915108060497,0.31932204483093246,0.3155008133851047,0.44055488854493646,0.2589431658734866,0.300501945581577,1.0,144.0
2025/26,2025-10-25,M'gladbach,Bayern Munich,0,3,67,8,2,0.1698534398684781,0.1937252880781246,0.6364212720533973,0.08051984122521223,0.138046728557957,0.1500308166028405,0.7119224548392025,0.051022785645712804,0.09000788087436226,0.136940561615994,0.7730515575096437,1.0,144.0
2025/26,2025-10-25,Augsburg,RB Leipzig,0,6,68,8,2,0.2852098541185931,0.24696220719642978,0.46782793868497724,0.18227588186531485,0.2610326447048387,0.23823980776920212,0.5007275475259587,0.15870551170052297,0.28542855628390196,0.2554623036556708,0.45910914006042725,1.0,144.0
2025/26,2025-10-25,Ein Frankfurt,St Pauli,2,0,69,8,0,0.5795038420040405,0.2285608259578164,0.19193533203814317,0.1068280952869776,0.5527310102481674,0.24031236404865314,0.2069566257031795,0.12144029705803543,0.5855396245879575,0.21809037936120315,0.1963699960508394,1.0,144.0
2025/26,2025-10-25,Dortmund,FC Koln,1,0,70,8,0,0.615515087835146,0.20699099575561286,0.1774939164092411,0.0896663690223531,0.5959149157041368,0.21777198491233254,0.18631309938353094,0.09899866317614614,0.6961027931033339,0.17984811940773868,0.12404908748892746,1.0,144.0
2025/26,2025-10-26,Stuttgart,Mainz,2,1,71,8,0,0.5084387167795794,0.24546893640325426,0.24609234681716646,0.1510969691616435,0.6059932690374157,0.20759217157448884,0.18641455938809545,0.09499584599784004,0.4498530174649835,0.26768113435932905,0.2824658481756874,1.0,144.0
2025/26,2025-10-26,Leverkusen,Freiburg,2,0,72,8,0,0.5983718330963818,0.21781205240016296,0.18381611450345506,0.097546774200754,0.5946907374244169,0.22461897556093338,0.1806902870146496,0.09846228907549973,0.4809315137955727,0.27060770414124147,0.2484607820631859,1.0,144.0
2025/26,2025-10-31,Augsburg,Dortmund,0,1,73,9,2,0.24445853530959913,0.272359159339052,0.483182305351349,0.16343025249383047,0.24309275700763822,0.27814548717710524,0.4787617558152564,0.16539169785518443,0.1803216824584128,0.21785470233663445,0.6018236152049526,1.0,144.0
2025/26,2025-11-01,Bayern Munich,Leverkusen,3,0,74,9,0,0.5595660214614296,0.22114486476564035,0.21928911377292998,0.12103490243531545,0.5781404929351164,0.21617853990776653,0.2056809671571171,0.11013505197585685,0.7946245325745592,0.12701396095313297,0.0783615064723078,1.0,144.0
2025/26,2025-11-01,Union Berlin,Freiburg,0,0,75,9,1,0.38425893503212594,0.2675558931216343,0.3481851718462399,0.13444392152280954,0.40775568611986096,0.26394081631898586,0.32830349756115346,0.13702394303698234,0.35777058908051557,0.30315763311495403,0.33907177780453046,1.0,144.0
2025/26,2025-11-01,St Pauli,M'gladbach,0,4,76,9,2,0.36331426392014926,0.29271329819341974,0.3439724378864314,0.2811847083102562,0.39846395075027136,0.2870287721298759,0.3145072771198526,0.31433689658457653,0.4141340031368967,0.2788581396480536,0.3070078572150496,1.0,144.0
2025/26,2025-11-01,RB Leipzig,Stuttgart,3,1,77,9,0,0.3540882988293772,0.24337669773140827,0.40253500343921433,0.2896181773514682,0.280194703796729,0.22428232815334342,0.49552296804992757,0.3818313381536441,0.47640157173363323,0.24983527155182822,0.27376315671453855,1.0,144.0
2025/26,2025-11-01,Mainz,Werder Bremen,1,1,78,9,1,0.45610729168780695,0.26527701735585874,0.2786156909563347,0.1428302823889309,0.4514603182626864,0.2567775556234894,0.29176212611382424,0.14447077860015256,0.5308432371250708,0.24165251839275612,0.22750424448217318,1.0,144.0
2025/26,2025-11-01,Heidenheim,Ein Frankfurt,1,1,79,9,1,0.28396368361612223,0.22066377720815103,0.4953725391757267,0.16301466309112206,0.2567894929682375,0.21579921214140352,0.5274112948903589,0.17205175883840484,0.24993577557416635,0.23423932590042643,0.5158248985254071,1.0,144.0
2025/26,2025-11-02,Wolfsburg,Hoffenheim,2,3,80,9,2,0.4828438966000962,0.2344169080375261,0.28273919536237785,0.3738006451766869,0.45733535798360003,0.24537158032988401,0.2972930616865157,0.35147633540794915,0.3484796886402335,0.2578934565799076,0.3936268547798589,1.0,144.0
2025/26,2025-11-02,FC Koln,Hamburg,4,1,81,9,0,0.43424195684585204,0.2570309565385411,0.30872708661560644,0.2076972887018856,0.4680958759860346,0.2569955289606205,0.27490859505334475,0.179248366388634,0.3904989272007494,0.2671270133873258,0.3423740594119247,1.0,144.0
2025/26,2025-11-07,Werder Bremen,Wolfsburg,2,1,82,10,0,0.30967854936990863,0.22922898155711852,0.46109246907297297,0.34457498511792206,0.4311659082605568,0.2518353009950762,0.31699879074436715,0.21203022862921414,0.4424870765587547,0.25890201288012243,0.2986109105611228,1.0,144.0
2025/26,2025-11-08,M'gladbach,FC Koln,3,1,83,10,0,0.4141121739667139,0.2665872713450663,0.3193005546882193,0.22260869445910741,0.4308880866138703,0.2608725409467104,0.3082393724394194,0.20944994033993433,0.46972536619585586,0.25791286685024445,0.2723617669538996,1.0,144.0
2025/26,2025-11-08,Union Berlin,Bayern Munich,2,2,84,10,1,0.19494751610417704,0.19425608331900066,0.610796400576822,0.20553838849639516,0.1671561128512182,0.18580438053913179,0.6470395066096502,0.22330064458859428,0.07407566897193203,0.13659343214682504,0.789330898881243,1.0,144.0
2025/26,2025-11-08,Leverkusen,Heidenheim,6,0,85,10,0,0.6757745356432262,0.17727105992795586,0.14695440442881813,0.06335887435919708,0.6547155148873983,0.19205726584834537,0.15322721926425642,0.07134997819146546,0.6900031314543467,0.18470447113500676,0.12529239741064663,1.0,144.0
2025/26,2025-11-08,Hoffenheim,RB Leipzig,3,1,86,10,0,0.317688441845701,0.238681298815973,0.44363025933832634,0.33117843469576885,0.3431628749663104,0.2535489160140341,0.4032882090196555,0.297038194178402,0.34857426507087313,0.2462081517842369,0.40521758314489004,1.0,144.0
2025/26,2025-11-08,Hamburg,Dortmund,1,1,87,10,1,0.274250455264553,0.2711761388108621,0.4545734059245846,0.14092514679334603,0.31230900879374385,0.27391617049021727,0.41377482071603905,0.13437325961616045,0.23693346190935388,0.24908389585342333,0.5139826422372228,1.0,144.0
2025/26,2025-11-09,Ein Frankfurt,Mainz,1,0,88,10,0,0.5749194274937555,0.22908616168174037,0.19599441082450403,0.10955365109834057,0.5992453407778315,0.21321237779978525,0.18754228142238302,0.0978882021046944,0.5166105944507694,0.24650454760595086,0.23688485794327965,1.0,144.0
2025/26,2025-11-09,Freiburg,St Pauli,2,1,89,10,0,0.5543544745311968,0.23459094064629862,0.21105458482250483,0.12157198607248276,0.5326582538147482,0.24169673553610282,0.22564501064914919,0.13466198927916745,0.5446603184950642,0.2678163997019929,0.1875232818029428,1.0,144.0
2025/26,2025-11-09,Stuttgart,Augsburg,3,2,90,10,0,0.5723428858775169,0.23256418238353002,0.19509293173895328,0.11047592963703515,0.591474749685418,0.22649312917348735,0.18203212114109488,0.10001428663585901,0.6320719765945838,0.20887043719000284,0.15905758621541335,1.0,144.0
2025/26,2025-11-21,Mainz,Hoffenheim,1,1,91,11,1,0.3567970323626643,0.26694131537580806,0.3762616522615272,0.13443847663268943,0.4006769939741981,0.2619449335034265,0.33737807252237517,0.13718300865955638,0.3829936058755996,0.27325948284382673,0.34374691128057355,1.0,144.0
2025/26,2025-11-22,FC Koln,Ein Frankfurt,3,4,92,11,2,0.38980783666625596,0.2610700971754065,0.3491220661583376,0.28779611714420905,0.3570472736041367,0.2527034883028697,0.3902492380929938,0.249639373617161,0.3439187688880024,0.2652016664722198,0.39087956463977774,1.0,144.0
2025/26,2025-11-22,Wolfsburg,Leverkusen,1,3,93,11,2,0.24015001183916257,0.21541336659100413,0.5444366215698335,0.1326050099765286,0.258050244552231,0.22232739185648123,0.5196223635912879,0.14867630113754357,0.27308542327279717,0.24800614970692803,0.47890842702027486,1.0,144.0
2025/26,2025-11-22,Dortmund,Stuttgart,3,3,94,11,1,0.5153484025454511,0.24474135862653568,0.2399102388280131,0.16157044935033132,0.4719477427448307,0.24811167687290073,0.27994058038226877,0.15055070021335112,0.5309385670266218,0.24723093579102237,0.2218304971823557,1.0,144.0
2025/26,2025-11-22,Bayern Munich,Freiburg,6,2,95,11,0,0.6655656009287442,0.20154376165653687,0.13289063741471882,0.06475314439732115,0.6961612573342834,0.18393711085758754,0.11990163180812921,0.05334719142746787,0.811755890433769,0.12384480892515194,0.064399300641079,1.0,144.0
2025/26,2025-11-22,Augsburg,Hamburg,1,0,96,11,0,0.3056428864677534,0.29806623123821674,0.3962908822940294,0.3195891322511069,0.4049158427064469,0.30945029511754035,0.2856338621760128,0.2178559287416818,0.3845222591818887,0.2811680103266411,0.3343097304914702,1.0,144.0
2025/26,2025-11-22,Heidenheim,M'gladbach,0,3,97,11,2,0.27528025199221623,0.2560515644028557,0.46866818360492796,0.17904635812529227,0.28973445653511043,0.2722988350704991,0.4379667083943906,0.199913738088366,0.28290067118860757,0.2602081039809652,0.45689122483042727,1.0,144.0
2025/26,2025-11-23,RB Leipzig,Werder Bremen,2,0,98,11,0,0.6464681084741466,0.20552040195715232,0.14801148956870108,0.07344609968509673,0.573789727482308,0.229678754521986,0.19653151799570584,0.11013991698265085,0.6256403124492965,0.20119138678348744,0.173168300767216,1.0,144.0
2025/26,2025-11-23,St Pauli,Union Berlin,0,1,99,11,2,0.2891862552478848,0.24336936349111657,0.4674443812609985,0.1836220886373877,0.3369608608131446,0.27863805640094347,0.3844010827859118,0.24625232429754654,0.3524617042207336,0.31999812620040285,0.32754016957886345,1.0,144.0
2025/26,2025-11-28,M'gladbach,RB Leipzig,0,0,100,12,1,0.33960082478736886,0.24784070393274693,0.41255847127988404,0.1427666062105281,0.3662303275934173,0.2474612184184705,0.38630845398811225,0.14167943723593357,0.3330036754395028,0.2532215448654553,0.41377477969504184,1.0,144.0
2025/26,2025-11-29,Werder Bremen,FC Koln,1,1,101,12,1,0.447162368931309,0.2406860470781279,0.312151583990563,0.14869639778803884,0.39301276679953134,0.24985500587937867,0.35713222732109,0.14100123132937273,0.432287779213923,0.25395496167919757,0.31375725910687957,1.0,144.0
2025/26,2025-11-29,Bayern Munich,St Pauli,3,1,102,12,0,0.8006584799881559,0.11467084623963952,0.08467067377220466,0.023453082298835776,0.781116713665365,0.1325198127801456,0.08636347355448927,0.027684271300523422,0.869176858595575,0.08849800742064037,0.04232513398378452,1.0,144.0
2025/26,2025-11-29,Hoffenheim,Augsburg,3,0,103,12,0,0.6518432830677857,0.19569289656106642,0.15246382037114825,0.07222915803359183,0.650617096814379,0.20265291937073146,0.1467299838148896,0.0717990505943654,0.5488761108207004,0.23523261892315733,0.21589127025614216,1.0,144.0
2025/26,2025-11-29,Union Berlin,Heidenheim,1,2,104,12,2,0.5518436463021629,0.24605798341304735,0.20209837028478966,0.4705892103331275,0.5287576944701936,0.25605001036602143,0.2151922951637848,0.44775391651586105,0.6185392758651366,0.2359220709901255,0.14553865314473802,1.0,144.0
2025/26,2025-11-29,Leverkusen,Dortmund,1,2,105,12,2,0.46979709868260255,0.2685215790408159,0.2616813222765813,0.3829118919029241,0.4434062685914975,0.2584405517999259,0.2981531796085767,0.3445990391598931,0.3514772903778181,0.26969310092702387,0.378829608695158,1.0,144.0
2025/26,2025-11-30,Freiburg,Mainz,4,0,106,12,0,0.5345494483604595,0.2510535934598158,0.21439695817972468,0.13130513584913558,0.5066528779388731,0.24894599266547923,0.24440112939564798,0.15156164744793224,0.5542199744982019,0.255232882992593,0.19054714250920504,1.0,144.0
2025/26,2025-11-30,Ein Frankfurt,Wolfsburg,1,1,107,12,1,0.5619752796819036,0.24127759278242944,0.1967471275356668,0.17726282358354492,0.6125553085038077,0.21823547732103069,0.16920921417516135,0.20192788206898535,0.49324079904607515,0.24414180254290654,0.2626173984110184,1.0,144.0
2025/26,2025-11-30,Hamburg,Stuttgart,2,1,108,12,0,0.2757197354250586,0.23866347812089223,0.48561678645404893,0.3802027824693523,0.22168124748475068,0.21175017894167034,0.5665685735735788,0.463390014539047,0.3413785894828863,0.2740645014158383,0.38455690910127516,1.0,144.0
2025/26,2025-12-05,Mainz,M'gladbach,0,1,109,13,2,0.4346944413782158,0.261690531838449,0.30361502678333524,0.33695564414354695,0.4537035379159919,0.25796747313276563,0.28832898895124254,0.3561612641423243,0.3575854242071038,0.27949205570210417,0.36292252009079196,1.0,144.0
2025/26,2025-12-06,RB Leipzig,Ein Frankfurt,6,0,110,13,0,0.5342249761472176,0.24406604215034539,0.22170898170243697,0.13305062270629572,0.5069747226160829,0.24422432574649627,0.24880095163742055,0.15248791883758728,0.5438649381971661,0.23611697316852578,0.22001808863430808,1.0,144.0
2025/26,2025-12-06,Stuttgart,Bayern Munich,0,5,111,13,2,0.22165985164320984,0.22157237413131156,0.5567677742254784,0.12279394789776304,0.2792704060825024,0.22548006069060025,0.49524953322689735,0.16638249671057542,0.2028043332972313,0.2049572455403017,0.5922384211624669,1.0,144.0
2025/26,2025-12-06,Wolfsburg,Union Berlin,3,1,112,13,0,0.4447303519911396,0.26525192685080357,0.2900177211580567,0.19621733029279803,0.4080147879385195,0.28675723260842906,0.30522797945305175,0.22180530537023427,0.47672343542081425,0.2770700308428664,0.24620653373631923,1.0,144.0
2025/26,2025-12-06,FC Koln,St Pauli,1,1,113,13,1,0.5239004386305071,0.23739860093802115,0.23870096043147188,0.1657249090540724,0.4842722128476545,0.26266687921686355,0.25306090793548164,0.14927969963074722,0.4743134981745194,0.2731299638364508,0.2525565379890298,1.0,144.0
2025/26,2025-12-06,Augsburg,Leverkusen,2,0,114,13,0,0.21257157321072398,0.2438811252538322,0.5435473015354437,0.45774359816114846,0.19379275420495692,0.224134318744308,0.5820729270507353,0.49438950778891977,0.2724036057874404,0.2794485266267707,0.448147867585789,1.0,144.0
2025/26,2025-12-06,Heidenheim,Freiburg,2,1,115,13,0,0.23559568789641888,0.2568820389458399,0.5075222731577415,0.420946405056875,0.21521826875338013,0.25187417559784053,0.5329075556487793,0.44993641428299935,0.195042800335178,0.26341378197441156,0.5415434176904104,1.0,144.0
2025/26,2025-12-07,Hamburg,Werder Bremen,3,2,116,13,0,0.38078002300254365,0.2659473494363745,0.353272627561082,0.2541174646483206,0.3735067538371688,0.25768989420722666,0.36880335195560465,0.26425484995066567,0.3972346602371697,0.27727205629090196,0.32549328347192835,1.0,144.0
2025/26,2025-12-07,Dortmund,Hoffenheim,2,0,117,13,0,0.5834762824350267,0.2288676326025038,0.18765608496246935,0.10435340675879362,0.6262019341357136,0.21063013947065035,0.16316792639363603,0.08317438312374023,0.5896328293736501,0.21382289416846653,0.19654427645788336,1.0,144.0
2025/26,2025-12-12,Union Berlin,RB Leipzig,3,1,118,14,0,0.2857803485170285,0.256952428452598,0.45726722303037365,0.35960151191118334,0.30321338175072604,0.27106672505127133,0.4257198931980029,0.33337450941788904,0.3107511432397858,0.27710856932778627,0.41214028743242787,1.0,144.0
2025/26,2025-12-13,Leverkusen,FC Koln,2,0,119,14,0,0.6147587441089185,0.2147315703255388,0.1705096855655428,0.08874218905609899,0.6362699722369276,0.20506793701690618,0.15866209074616602,0.07873659606823505,0.5360068849978715,0.225621502754918,0.23837161224721062,1.0,144.0
2025/26,2025-12-13,St Pauli,Heidenheim,2,1,120,14,0,0.40594985150626794,0.3029776313406864,0.2910725171530454,0.2188093945836176,0.4008044468513716,0.3203304974997501,0.2788650556488784,0.21840051508757136,0.5166958585230803,0.2744034502890935,0.208900691187826,1.0,144.0
2025/26,2025-12-13,M'gladbach,Wolfsburg,1,3,121,14,2,0.6183073916420114,0.1927361395877699,0.18895646877021896,0.5200478200544105,0.5891115354580857,0.2049116510846493,0.20597681345726523,0.48876261098863116,0.4748852142092726,0.25618807608658123,0.26892670970414606,1.0,144.0
2025/26,2025-12-13,Ein Frankfurt,Augsburg,1,0,122,14,0,0.4993203528873217,0.268849508355819,0.2318301387568596,0.15221266113445037,0.5049035995494398,0.25754695626131163,0.23754944418924853,0.15077509208686124,0.5193655220498519,0.2542443785950846,0.22639009935506366,1.0,144.0
2025/26,2025-12-13,Hoffenheim,Hamburg,4,1,123,14,0,0.5883836064858415,0.21085628836336803,0.2007601051507908,0.10486633761487948,0.5000767209325971,0.2348544187228183,0.26506886034458443,0.1600923928389406,0.5614877024595082,0.23215356928614278,0.20635872825434917,1.0,144.0
2025/26,2025-12-14,Bayern Munich,Mainz,2,2,124,14,1,0.8367233371022141,0.09165675852316225,0.07161990437462391,0.3526176767770478,0.8280558050731299,0.0981898507645354,0.07375434416233463,0.3455580597990627,0.8922282225874618,0.06762150739610237,0.040150270016435785,1.0,144.0
2025/26,2025-12-14,Werder Bremen,Stuttgart,0,4,125,14,2,0.43757803167996207,0.25663233713698974,0.305789631183048,0.3367012849909391,0.4192764193793159,0.2510192961523727,0.32970428446831174,0.3125445310538392,0.3353828954723309,0.25936277249860257,0.4052543320290665,1.0,144.0
2025/26,2025-12-14,Freiburg,Dortmund,1,1,126,14,1,0.35324786532458824,0.3051784017499105,0.3415737329255015,0.12072833469052006,0.3577795866422046,0.30259736230717355,0.33962305105062185,0.12167502471140004,0.24597506809063288,0.2706410916317549,0.48338384027761205,1.0,144.0
2025/26,2025-12-19,Dortmund,M'gladbach,2,0,127,15,0,0.4323989687316942,0.260494766295854,0.30710626497245197,0.20824259434108702,0.5029617464002779,0.25177166326948097,0.24526659033024115,0.15360136293684198,0.6364504491759213,0.20495861922614417,0.1585909315979345,1.0,144.0
2025/26,2025-12-20,RB Leipzig,Leverkusen,1,3,128,15,2,0.38450023958791096,0.2585975198954199,0.3569022405166693,0.2807075812478205,0.3325088345823743,0.2619108285906309,0.40558033682699496,0.23194843052101885,0.46042657956834127,0.2478316537982653,0.2917417666333934,1.0,144.0
2025/26,2025-12-20,Stuttgart,Hoffenheim,0,0,129,15,1,0.5480250360139066,0.21806884864421092,0.23390611534188255,0.1775217554461868,0.609636011836047,0.2010481750176824,0.18931581314627077,0.20374827201729723,0.4858734039663135,0.24789459386036405,0.2662320021733225,1.0,144.0
2025/26,2025-12-20,Wolfsburg,Freiburg,3,4,130,15,2,0.351427091089181,0.2502635070205598,0.3983094018902594,0.24276628810253056,0.41150242451209024,0.2653034902769155,0.32319408521099413,0.31370024583635575,0.39239698553543223,0.2788379725294761,0.3287650419350918,1.0,144.0
2025/26,2025-12-20,FC Koln,Union Berlin,0,1,131,15,2,0.3894473167599968,0.28629860285364156,0.32425408038636194,0.30415088020302156,0.4054675265237271,0.27839681699348634,0.3161356564827868,0.31603717769974926,0.3619006342412904,0.29771030767861495,0.3403890580800948,1.0,144.0
2025/26,2025-12-20,Augsburg,Werder Bremen,0,0,132,15,1,0.36057027454996576,0.2675129825384559,0.37191674291157795,0.1341664932734974,0.3808847512483549,0.2737575995472553,0.3453576492043899,0.13217254979875176,0.4175239076008075,0.27558943476200604,0.30688665763718653,1.0,144.0
2025/26,2025-12-20,Hamburg,Ein Frankfurt,1,1,133,15,1,0.3117939634393683,0.25769832611749693,0.4305077104431351,0.14127618219411003,0.3571717876278143,0.2466483905792071,0.3961798217929788,0.14226506853658238,0.3862597867621516,0.28378270047831544,0.3299575127595329,1.0,144.0
2025/26,2025-12-21,Mainz,St Pauli,0,0,134,15,1,0.4672038525865731,0.2747647994808282,0.258031347932599,0.14242980819382506,0.48295913095225534,0.26591026725209066,0.2511306017956542,0.14815805066420254,0.47689092846021464,0.2869786118167663,0.2361304597230189,1.0,144.0
2025/26,2025-12-21,Heidenheim,Bayern Munich,0,4,135,15,2,0.1269717700446323,0.13973286486376335,0.7332953650916044,0.04362659633494381,0.12175937045972565,0.14685463368292923,0.7313859958573453,0.04348941375814947,0.060514372163388806,0.10438729198184568,0.8350983358547655,1.0,144.0
2025/26,2026-01-09,Ein Frankfurt,Dortmund,3,3,136,16,1,0.36675606370514435,0.29638211761944094,0.33686181867541465,0.12399294757289993,0.39934212743227027,0.27952939935660537,0.3211284732111241,0.13129881552451972,0.27684298991847545,0.2626267282740132,0.46053028180751127,1.0,144.0
2025/26,2026-01-10,Freiburg,Hamburg,2,1,137,16,0,0.5718769861542762,0.23661483289188034,0.1915081809538438,0.10998234917829794,0.5486743261006989,0.2523520995660699,0.19897357433323132,0.1216426736018001,0.5351294609499551,0.26391943441946014,0.20095110463058474,1.0,144.0
2025/26,2026-01-10,Heidenheim,FC Koln,2,2,138,16,1,0.3364642815185367,0.2923950743900324,0.3711406440914309,0.12547679521719363,0.3847553864651793,0.28118050952627854,0.3340641040085424,0.12981776650049978,0.3468323321628706,0.2768746742550189,0.3762929935821106,1.0,144.0
2025/26,2026-01-10,Union Berlin,Mainz,2,2,139,16,1,0.6452611430437352,0.2075000914266482,0.14723876552961637,0.21902059839839655,0.6098015873028005,0.2203991523354551,0.1697992603617446,0.20034488234820527,0.45905632194007556,0.2958052895176171,0.24513838854230738,1.0,144.0
2025/26,2026-01-10,Leverkusen,Stuttgart,1,4,140,16,2,0.5977894077045864,0.21721217259355996,0.18499841970185374,0.5107898759261381,0.5287767421840869,0.2579144398974787,0.21330881791843445,0.4492439295198537,0.4359718208224151,0.2592579094490628,0.30477026972852217,1.0,144.0
2025/26,2026-01-11,M'gladbach,Augsburg,4,0,141,16,0,0.5129877005619814,0.2793559904977827,0.20765630894023593,0.1401510612232945,0.47880628516135965,0.2946738193382435,0.22651989550039658,0.1614770757224063,0.49644341150785276,0.2609338685822945,0.2426227199098528,1.0,144.0
2025/26,2026-01-11,Bayern Munich,Wolfsburg,8,1,142,16,0,0.8055460106958315,0.10685178777096767,0.08760220153320063,0.02274324983488459,0.7973994558667366,0.11423444832205575,0.08836609581120769,0.024427773686004982,0.8604363935776039,0.08839028406751749,0.051173322354878543,1.0,144.0
2025/26,2026-01-13,Dortmund,Werder Bremen,3,0,143,17,0,0.7052861783375718,0.17006367868455427,0.12465014297787402,0.05119694741163898,0.6566845159489566,0.19440850429340045,0.14890697975764303,0.07001940510487267,0.7080050086639769,0.17072461201826394,0.12127037931775926,1.0,144.0
2025/26,2026-01-13,Mainz,Heidenheim,2,1,144,17,0,0.5062531619373766,0.2282349709014061,0.2655118671612173,0.1571412458501372,0.5487342116735417,0.22208519003929225,0.2291805982871661,0.12808227917258158,0.5770176008766864,0.2502907515491081,0.17269164757420544,1.0,144.0
2025/26,2026-01-13,Stuttgart,Ein Frankfurt,3,2,145,17,0,0.4778784164188654,0.24898343356345537,0.273138150017679,0.173607698518176,0.5482750007338048,0.2209108018667864,0.23081419739940895,0.1286653343415887,0.5326929869253058,0.24044247040768166,0.2268645426670126,1.0,144.0
2025/26,2026-01-14,Hoffenheim,M'gladbach,5,1,146,17,0,0.5318695493337512,0.22932628042590505,0.23880417024034367,0.13808677528258212,0.524167264907259,0.23842105289934415,0.23741168219339667,0.14139054931386857,0.5225806451612902,0.23870967741935487,0.23870967741935487,1.0,144.0
2025/26,2026-01-14,RB Leipzig,Freiburg,2,0,147,17,0,0.4940174807637171,0.23958173167077346,0.26640078756550956,0.16349384469410955,0.47310396478551453,0.23746077021092565,0.28943526500356004,0.18069610227621263,0.560239211625499,0.2316373663451582,0.208123422029343,1.0,144.0
2025/26,2026-01-14,Wolfsburg,St Pauli,2,1,148,17,0,0.6723888621590453,0.194236998562516,0.13337413927843855,0.06255885933285471,0.714526909593767,0.17238423352585705,0.11308885688037615,0.04714198744829773,0.5087495084545812,0.2577664176169878,0.233484073928431,1.0,144.0
2025/26,2026-01-14,FC Koln,Bayern Munich,1,3,149,17,2,0.15717513028030017,0.1602249694882627,0.682599900231437,0.06272342245586149,0.15036014947152546,0.15280810720100674,0.6968317433274679,0.05725958320148093,0.10154326093635525,0.1401058776262614,0.7583508614373832,1.0,144.0
2025/26,2026-01-15,Augsburg,Union Berlin,1,1,150,17,1,0.3195328944538266,0.3002226576320281,0.38024444791414563,0.12334355540378675,0.3303017964404434,0.3003351058726342,0.36936309768692244,0.12276418733233155,0.36287216139286527,0.3002680185327543,0.3368598200743803,1.0,144.0
2025/26,2026-01-16,Werder Bremen,Ein Frankfurt,3,3,151,18,1,0.3404335392184862,0.28853465241030896,0.37103180837120453,0.12677979872401554,0.3652081123821091,0.27881221771376086,0.35597966990413027,0.13004924536737827,0.3648234903537571,0.2717670638287408,0.3634094458175022,1.0,144.0
2025/26,2026-01-17,Wolfsburg,Heidenheim,1,1,152,18,1,0.623963679364108,0.20822819597547237,0.16780812466041936,0.20874511993382117,0.6324008334380612,0.20627339248217227,0.16132577407976637,0.21297840975779514,0.5655987671001019,0.2355486137299676,0.19885261916993052,1.0,144.0
2025/26,2026-01-17,RB Leipzig,Bayern Munich,1,5,153,18,2,0.3292279772313293,0.2237341133485734,0.4470379094200975,0.20707906730516457,0.32100482479936365,0.22477666749651787,0.45421850770411853,0.20046076743859473,0.22856983163895844,0.21748445874191888,0.5539457096191228,1.0,144.0
2025/26,2026-01-17,Hoffenheim,Leverkusen,1,0,154,17,0,0.3704270966749957,0.22959330318553878,0.39997960013946554,0.27817286056440105,0.34014888622707157,0.22652890713168267,0.4333222066412459,0.31158581355790627,0.4070705670317482,0.2534590323027866,0.33947040066546513,1.0,144.0
2025/26,2026-01-17,FC Koln,Mainz,2,1,155,18,0,0.46005121668381227,0.258834520499559,0.28111426281662844,0.18528495868178407,0.4613400125142769,0.25619462140098004,0.282465366084743,0.18497063257775362,0.4518767214323854,0.27086558518137227,0.2772576933862424,1.0,144.0
2025/26,2026-01-17,Hamburg,M'gladbach,0,0,156,18,1,0.4622132241011566,0.2623920592081546,0.27539471669068893,0.14474165725756538,0.4731677827260788,0.2554340642659175,0.2713981530080035,0.14877235403303474,0.3899553562344591,0.2755989467815385,0.33444569698400234,1.0,144.0
2025/26,2026-01-17,Dortmund,St Pauli,3,2,157,18,0,0.7886694548571208,0.1270583268651176,0.08427221827776148,0.02588120304192059,0.7931191288088264,0.12390111722103075,0.08297975397014286,0.024842667216882205,0.7238591448077615,0.18451311534315493,0.09162773984908375,1.0,144.0
2025/26,2026-01-18,Stuttgart,Union Berlin,1,1,158,18,1,0.42514616768115804,0.29423835049415276,0.28061548182468926,0.12974715626683891,0.43339019397934586,0.30749941496513417,0.25911039105552003,0.12748262749519976,0.5966219864943619,0.23104478888752253,0.1723332246181155,1.0,144.0
2025/26,2026-01-18,Augsburg,Freiburg,2,2,159,18,1,0.31622254625623,0.26944466305532794,0.4143327906884418,0.13583418010022294,0.30330437254866344,0.2711287497730505,0.4255668776782859,0.13655035489199185,0.36347865595506085,0.29419053716362736,0.34233080688131184,1.0,144.0
2025/26,2026-01-23,St Pauli,Hamburg,0,0,160,18,1,0.2379540319818404,0.2653071054365383,0.4967388625816213,0.1516858094676488,0.24690176896792557,0.2560724066726607,0.49702582435941345,0.15399757679982287,0.3347331964144543,0.3232303374311397,0.342036466154406,1.0,144.0
2025/26,2026-01-24,Heidenheim,RB Leipzig,0,3,161,19,2,0.16750209297773086,0.16759536306884648,0.664902543953423,0.07017362810040412,0.17944451298492212,0.18698354039091922,0.6335719466241589,0.08323492577060215,0.20400411812264796,0.2167249291834135,0.5792709526939386,1.0,144.0
2025/26,2026-01-24,Ein Frankfurt,Hoffenheim,1,3,162,19,2,0.40714538777139203,0.23374196258873597,0.35911264963987183,0.28825198131757135,0.431293372606073,0.22077819250474479,0.34792843488918196,0.3056056496399962,0.31366283564397257,0.26196979848477037,0.424367365871257,1.0,144.0
2025/26,2026-01-24,Bayern Munich,Augsburg,1,2,163,19,2,0.8272875502231983,0.09589617381918895,0.0768162759576127,0.7683364395455358,0.8242669457235263,0.09687419477244019,0.0788588595040337,0.7639584992633004,0.8414541081793584,0.10101056818444604,0.05753532363619546,1.0,144.0
2025/26,2026-01-24,Leverkusen,Werder Bremen,1,0,164,18,0,0.6457692167755744,0.20302432393196482,0.15120645929246065,0.0741714205577763,0.6166641603442038,0.21996741450061452,0.16336842515518157,0.08681780415114924,0.6102472597501912,0.21310221769054294,0.17665052255926586,1.0,144.0
2025/26,2026-01-24,Mainz,Wolfsburg,3,1,165,19,0,0.495856741327864,0.22429907674797245,0.2798441819241636,0.16623659571068225,0.4037261326525079,0.24145698377459116,0.35481688357290103,0.24071877287496007,0.41049998187157827,0.2822957833291034,0.3072042347993184,1.0,144.0
2025/26,2026-01-24,Union Berlin,Dortmund,0,3,166,19,2,0.3691524984451168,0.3014748914958028,0.32937261005908064,0.29300733162362114,0.3408592012133435,0.2979690767606763,0.36117172202598014,0.26214328189552505,0.29288074496845895,0.2892760588765395,0.4178431961550015,1.0,144.0
2025/26,2026-01-25,M'gladbach,Stuttgart,0,3,167,19,2,0.2820001279679408,0.23786538318722866,0.4801344888448307,0.1748921109312803,0.23863904714196899,0.21891468711869122,0.5424462657393402,0.13315200727835086,0.32728661976570633,0.26110400690449703,0.41160937332979664,1.0,144.0
2025/26,2026-01-25,Freiburg,FC Koln,2,1,168,19,0,0.6783444585988201,0.17881940156634063,0.14283613983483906,0.06193222507850195,0.6803481389985282,0.1798153080619935,0.13983655293947828,0.06086578688984988,0.4751447394689559,0.26132960670792577,0.26352565382311843,1.0,144.0
2025/26,2026-01-27,St Pauli,RB Leipzig,1,1,169,19,1,0.20537031219574348,0.2595296460995072,0.5351000417047496,0.16425450988190082,0.19607039391665868,0.248703022739737,0.5552265833436041,0.17336007911102302,0.19836935011477874,0.26319955671653605,0.5384310931686852,1.0,144.0
2025/26,2026-01-27,Werder Bremen,Hoffenheim,0,2,170,19,2,0.2523362772281011,0.27002797960451413,0.477635743167385,0.16826900681081375,0.3074704568498573,0.2754921696480853,0.4170373735020574,0.21719175286441986,0.2573630112301238,0.2545807084060143,0.48805628036386184,1.0,144.0
2025/26,2026-01-30,FC Koln,Wolfsburg,1,0,171,20,0,0.45925849438069677,0.21890481549717894,0.3218366901221242,0.19799011550409762,0.48767158635412694,0.2212195255857674,0.29110888806010543,0.1736123940682439,0.4634280421407755,0.25987815622811444,0.27669380163111007,1.0,144.0
2025/26,2026-01-31,Augsburg,St Pauli,2,1,172,20,0,0.43129033061277333,0.2968910983471903,0.27181857104003654,0.198658011808388,0.4260861362000832,0.2994962696743761,0.27441759412554084,0.20234106951369973,0.4457622647136417,0.3073720191326092,0.24686571615374908,1.0,144.0
2025/26,2026-01-31,Hoffenheim,Union Berlin,3,1,173,20,0,0.534341275428969,0.21780069809471614,0.2478580264763148,0.13913582452892642,0.5166337836256374,0.22923546802165562,0.2541307483527072,0.149112668195187,0.5190710410222606,0.2588205466254247,0.2221084123523148,1.0,144.0
2025/26,2026-01-31,Ein Frankfurt,Leverkusen,1,3,174,20,2,0.3204419775775707,0.2225648894985325,0.4569931329238967,0.1987697593428146,0.3631382885349454,0.2454738492791191,0.39138786218593596,0.25113907544734754,0.2781059710987912,0.26111060619830956,0.4607834227028991,1.0,144.0
2025/26,2026-01-31,RB Leipzig,Mainz,1,2,175,20,2,0.6692019776575582,0.18923552276245598,0.1415624995799859,0.5923731145140745,0.6368056441582468,0.19940312867754906,0.16379122716420394,0.5523832700996737,0.6189287152637939,0.208135320177205,0.1729359645590012,1.0,144.0
2025/26,2026-01-31,Werder Bremen,M'gladbach,1,1,176,20,1,0.43221716139774846,0.25913582986926414,0.3086470087329874,0.14103732530327406,0.4094691724398288,0.266048800969589,0.32448202659058234,0.13647679437944477,0.4382871536523929,0.26952141057934503,0.29219143576826195,1.0,144.0
2025/26,2026-01-31,Hamburg,Bayern Munich,2,2,177,20,1,0.23103548087432088,0.2367649188647937,0.5321996002608853,0.16830690397033748,0.2447934998425962,0.2628511461566461,0.49235535400075775,0.1511688260891993,0.1040439467684699,0.1578175017481336,0.7381385514833966,1.0,144.0
2025/26,2026-02-01,Stuttgart,Freiburg,1,0,178,20,0,0.5899116024532466,0.21714743844555107,0.19294095910120249,0.10269935375067796,0.5814994745816248,0.2120398562793259,0.20646066913904945,0.10888434883840008,0.5770848613281306,0.22775988473725253,0.19515525393461677,1.0,144.0
2025/26,2026-02-01,Dortmund,Heidenheim,3,2,179,20,0,0.7769843022947026,0.13550021565246256,0.08751548205283462,0.028697480510960317,0.7583724731763344,0.14509584688341245,0.09653167994025301,0.03385111347550436,0.7490887949732787,0.15652601686008807,0.09438518816663312,1.0,144.0
2025/26,2026-02-06,Union Berlin,Ein Frankfurt,1,1,180,21,1,0.45677823963791614,0.28216239785093344,0.26105936251115075,0.1383991754807209,0.5114638757948108,0.2483141026662066,0.24022202153898284,0.15965095793766254,0.43902124113322566,0.2771402525147796,0.2838385063519948,1.0,144.0
2025/26,2026-02-07,Mainz,Augsburg,2,0,181,21,0,0.591400174184257,0.2020803465736169,0.20651947924212616,0.10480205648154722,0.5466422498987927,0.22608718168913247,0.22727056841207463,0.12859258042158814,0.48526005589325916,0.26369874185796155,0.25104120224877935,1.0,144.0
2025/26,2026-02-07,Freiburg,Werder Bremen,1,0,182,21,0,0.5794817911943303,0.25212359735815687,0.16839461144751317,0.10259615455084381,0.5832134400162827,0.23864088085178456,0.17814567913193274,0.10272345978821913,0.4476416333214887,0.2814513263398582,0.27090704033865315,1.0,144.0
2025/26,2026-02-07,Heidenheim,Hamburg,0,2,183,21,2,0.3770082500537502,0.25529869456745463,0.36769305537879543,0.27097364641239724,0.39116382155296114,0.24838947501401126,0.36044670343302737,0.28101877722079927,0.32814154552720515,0.2794558562798453,0.39240259819294954,1.0,144.0
2025/26,2026-02-07,St Pauli,Stuttgart,2,1,184,21,0,0.18139420669871884,0.22111899120321843,0.5974868020980627,0.5135529617538948,0.15262046137033516,0.19055366025676723,0.6568258783728974,0.5747361584942761,0.19653299724320228,0.2497063811127159,0.5537606216440817,1.0,144.0
2025/26,2026-02-07,Wolfsburg,Dortmund,1,2,185,21,2,0.2766480581919762,0.2569992866358059,0.466352655172218,0.18065681837156639,0.24521048321929592,0.25425077509232225,0.5005387416883813,0.15479486481743276,0.21084706667880662,0.2260523839873744,0.5631005493338189,1.0,144.0
2025/26,2026-02-07,M'gladbach,Leverkusen,1,1,186,21,1,0.29446573253366265,0.24534751107992592,0.46018675638641177,0.14924095919501648,0.32006625248139225,0.2405469043796375,0.4393868431389697,0.1477516019505562,0.2707514279356131,0.2581410874564201,0.4711074846079668,1.0,144.0
2025/26,2026-02-08,Bayern Munich,Hoffenheim,5,1,187,21,0,0.7604228404117962,0.13207279143920528,0.10750436814899884,0.03447720228373354,0.7478184812176577,0.14519183254994367,0.10698968623239873,0.037521155687737985,0.7705476852740659,0.1337223578996245,0.0957299568263096,1.0,144.0
2025/26,2026-02-08,FC Koln,RB Leipzig,1,2,188,21,2,0.3180459960960596,0.25770083880189254,0.42425316510204786,0.21631883676387229,0.35585326192017686,0.2530237239094827,0.3911230141703404,0.2486813639461207,0.28451604559646754,0.24460989894137858,0.47087405546215383,1.0,144.0
2025/26,2026-02-13,Dortmund,Mainz,4,0,189,22,0,0.6227964433678567,0.19391283411163188,0.1832907225205114,0.08793900604901485,0.7107592135293642,0.1499624482529061,0.13927833821772953,0.051529344027422104,0.5734551574897812,0.22938206299591252,0.19716277951430636,1.0,144.0
2025/26,2026-02-14,Werder Bremen,Bayern Munich,0,3,190,22,2,0.23315670865347637,0.20142359473394744,0.5654196966125761,0.1216110454412137,0.22350271122859594,0.201989976955316,0.5745073118160884,0.11549874481225245,0.11951862661481523,0.16154490183957873,0.7189364715456061,1.0,144.0
2025/26,2026-02-14,Stuttgart,FC Koln,3,1,191,22,0,0.6495158975494285,0.1869409665665802,0.16354313588399133,0.07479273168267617,0.6492944322193066,0.1882785174790793,0.16242705030161408,0.0746884709710308,0.6326981200831708,0.2001529084764171,0.16714897144041213,1.0,144.0
2025/26,2026-02-14,Hoffenheim,Freiburg,3,0,192,22,0,0.4655966687383895,0.23280550581613657,0.3015978254454741,0.1882740843884726,0.5010743730851465,0.24161101477870434,0.25731461213614903,0.15756879540557825,0.5528070579591938,0.23973775472720138,0.2074551873136047,1.0,144.0
2025/26,2026-02-14,Hamburg,Union Berlin,3,2,193,22,0,0.3226356519234269,0.28928025038941746,0.388084097687156,0.3047158634614273,0.34844116947910425,0.298790690712927,0.3527681398079687,0.2744871350466659,0.40256410256410263,0.29871794871794877,0.29871794871794877,1.0,144.0
2025/26,2026-02-14,Leverkusen,St Pauli,4,0,194,22,0,0.7040852257672101,0.19428420875849692,0.10163056547429322,0.048947162723933776,0.7057559484406896,0.1941144713107342,0.10012958024857645,0.0483027473593971,0.6238683285732474,0.2227047697743743,0.1534269016523784,1.0,144.0
2025/26,2026-02-14,Ein Frankfurt,M'gladbach,3,0,195,22,0,0.4744001003049725,0.2681715498758772,0.2574283498191505,0.17126230492501693,0.5127813993531026,0.2642789860573031,0.22293961458959424,0.14354201828483887,0.44416128820192347,0.2713607870282645,0.284477924769812,1.0,144.0
2025/26,2026-02-15,Augsburg,Heidenheim,1,0,196,22,0,0.5568804399274913,0.21650185223588925,0.2266177078366194,0.12385526501198856,0.5212822446096179,0.21601486420374166,0.2627028911866403,0.14909174918191279,0.5022299786697693,0.25382974597634284,0.24394027535388793,1.0,144.0
2025/26,2026-02-15,RB Leipzig,Wolfsburg,2,2,197,22,1,0.7309294681030742,0.14989764585228332,0.1191728860446427,0.27423003205482616,0.7369140245735117,0.14542900319428134,0.11765697223220697,0.2784427213639903,0.6233703704622899,0.20199340330430424,0.17463622623340588,1.0,144.0
2025/26,2026-02-20,Mainz,Hamburg,1,1,198,23,1,0.5203918225514794,0.23256508374438373,0.24704309370413702,0.16591896956268068,0.47309426610883487,0.25646257152542457,0.2704431623657405,0.1484788443477197,0.45681802616259165,0.2727667054767938,0.2704152683606146,1.0,144.0
2025/26,2026-02-21,RB Leipzig,Dortmund,2,2,199,23,1,0.36552981187261674,0.27103408417556707,0.36343610395181636,0.13284892251165292,0.4379200506299369,0.2507352077267462,0.31134474164331694,0.14435475944633513,0.47593993851974464,0.2416499172381178,0.2824101442421377,1.0,144.0
2025/26,2026-02-21,Union Berlin,Leverkusen,1,0,200,23,0,0.37601081561206484,0.281110843418675,0.34287834096925995,0.2534640294694764,0.35401944603146207,0.2713115247404015,0.3746690292281368,0.2788338787841267,0.3031454677771489,0.28826716261017227,0.408587369612679,1.0,144.0
2025/26,2026-02-21,Wolfsburg,Augsburg,2,3,201,23,2,0.34791285262472627,0.2441227446170274,0.4079644027582463,0.23577475071143725,0.364477493682889,0.24858347474328601,0.3869390315738251,0.25434379720449996,0.42792292346103766,0.27644578241288276,0.29563129412607964,1.0,144.0
2025/26,2026-02-21,Bayern Munich,Ein Frankfurt,3,2,202,23,0,0.6818211411892786,0.17775218650407598,0.14042667230664546,0.060478718244605476,0.6895604901526481,0.17060071076998207,0.13983879907737,0.05796378950083256,0.8656552587990014,0.085929014660195,0.04841572654080382,1.0,144.0
2025/26,2026-02-21,FC Koln,Hoffenheim,2,2,203,23,1,0.2979029725364949,0.22220299076866584,0.4798940366948394,0.15952223375067365,0.3674307719905522,0.2322728278234944,0.4002964001859534,0.14762129010370306,0.27411180705356447,0.25342412350235205,0.47246406944408353,1.0,144.0
2025/26,2026-02-22,St Pauli,Werder Bremen,2,1,204,23,0,0.3932376636243502,0.30339834279841854,0.3033639935772311,0.23009512272158178,0.36011613471204046,0.3145137201455767,0.3253701451423823,0.2576585462029174,0.35425993999908206,0.30186136366481264,0.34387869633610524,1.0,144.0
2025/26,2026-02-22,Heidenheim,Stuttgart,3,3,205,23,1,0.256040608928349,0.2212827956435616,0.5226765954280893,0.1693738084143492,0.24612787546532097,0.19562317051094277,0.5582489540237361,0.1861104128748341,0.21292053676071993,0.22354127612408126,0.5635381871151989,1.0,144.0
2025/26,2026-02-22,Freiburg,M'gladbach,2,1,206,23,0,0.5185717746427422,0.264209583648468,0.2172186417087896,0.13947853723822512,0.49812014914289804,0.26223591884158276,0.23964393201551923,0.15465629942410286,0.4561657841327006,0.28134775907585724,0.2624864567914422,1.0,144.0
2025/26,2026-02-27,Augsburg,FC Koln,2,0,207,24,0,0.5031566691276546,0.2442771379907725,0.2525661928815725,0.15532148860950942,0.46499582712627197,0.24512155075886033,0.28988262211486776,0.18513069979824653,0.43367037771942535,0.2763209486353861,0.2900086736451885,1.0,144.0
2025/26,2026-02-28,Werder Bremen,Heidenheim,2,0,208,24,0,0.6288250354301756,0.20840807391674315,0.16276689065308123,0.08213195750814123,0.6208468591051218,0.20471841099453625,0.17443472990034212,0.0870922896229283,0.5875512823032879,0.22329739945018068,0.18915131824653134,1.0,144.0
2025/26,2026-02-28,Dortmund,Bayern Munich,2,3,209,24,2,0.36218301859318286,0.20551370356968254,0.43230327783713446,0.2267280536558657,0.29213631948454655,0.20062256991142655,0.5072411106040267,0.16407747612036494,0.22310744820055453,0.21444802669505356,0.5624445251043919,1.0,144.0
2025/26,2026-02-28,M'gladbach,Union Berlin,1,0,210,24,0,0.22146940176838883,0.2393759335898969,0.5391546646417142,0.44839882239389484,0.25805747827734765,0.2367530126651613,0.5051895090574912,0.4028475728009586,0.4004150481562284,0.28829883467248446,0.3112861171712872,1.0,144.0
2025/26,2026-02-28,Hoffenheim,St Pauli,0,1,211,24,2,0.6372823524366297,0.21390946808448646,0.14880817947888375,0.5653281560246084,0.6602360805440879,0.20613708286152013,0.1336268365943921,0.5932570701608297,0.6224093562712679,0.22377098284990818,0.15381966087882395,1.0,144.0
2025/26,2026-02-28,Leverkusen,Mainz,1,1,212,24,1,0.5183100385423541,0.22098039991737295,0.26070956154027325,0.16830738576614898,0.5661993050804123,0.21848949734096415,0.21531119757862374,0.18347028243814142,0.5583906515790252,0.2345240736631906,0.2070852747577842,1.0,144.0
2025/26,2026-03-01,Ein Frankfurt,Freiburg,2,0,213,24,0,0.4411730810405985,0.2898286691578749,0.2689982498015268,0.192323791874971,0.46576658577236596,0.2916963930337138,0.2425370211939207,0.17211477376346745,0.4221246581258097,0.2716280408809558,0.3062473009932345,1.0,144.0
2025/26,2026-03-01,Hamburg,RB Leipzig,1,2,214,24,2,0.3143268452249883,0.26122742702978535,0.42444572774522654,0.21503204296990797,0.3330205479188451,0.2738029905803509,0.3931764615008035,0.23956874610642653,0.25244618395303325,0.24266144814090015,0.5048923679060665,1.0,144.0
2025/26,2026-03-01,Stuttgart,Wolfsburg,4,0,215,24,0,0.7491310911097259,0.14087804885116825,0.10999086003910609,0.03751659936996942,0.7826267920776664,0.12287170105960411,0.0945015068627295,0.028090823160886295,0.6844788936041284,0.1736548304143807,0.14186627598149104,1.0,144.0
2025/26,2026-03-04,Hamburg,Leverkusen,0,1,216,24,2,0.3592129284088712,0.2907190592568589,0.35006801233426965,0.2757227582636018,0.3727455317760505,0.28751658150746273,0.3397378867164867,0.2874426448483108,0.26510003670051274,0.2585273085178554,0.47637265478163193,1.0,144.0
2025/26,2026-03-06,Bayern Munich,M'gladbach,4,1,217,25,0,0.7351164405439014,0.14017932688372553,0.12470423257237308,0.04285722284579853,0.712997821293037,0.15273888070141328,0.1342632980055497,0.050198441886935286,0.7783720052332466,0.13302685400172717,0.08860114076502618,1.0,144.0
2025/26,2026-03-07,RB Leipzig,Augsburg,2,1,218,25,0,0.7300115206315749,0.15408082735808473,0.11590765201034049,0.04316418139311232,0.7380476881640033,0.15142260141284972,0.110529710423147,0.04041791528122398,0.7043744709262815,0.17284465799482554,0.1227808710788931,1.0,144.0
2025/26,2026-03-07,FC Koln,Dortmund,1,2,219,25,2,0.24897468963397568,0.22025836513181002,0.5307669452342144,0.14108402788158267,0.23338472851355185,0.19866138595540997,0.5679538855310385,0.12056613826553576,0.23257551250454392,0.23788815111505382,0.5295363363804023,1.0,144.0
2025/26,2026-03-07,Freiburg,Leverkusen,3,3,220,25,1,0.2934463417254927,0.28598096388675937,0.4205726943877478,0.13149607336832234,0.2749180096820851,0.2852114915724156,0.43987049874549955,0.13453298385708667,0.3196099411507222,0.27882885073683183,0.40156120811244594,1.0,144.0
2025/26,2026-03-07,Heidenheim,Hoffenheim,2,4,221,25,2,0.41388472265165066,0.2197140821245996,0.3664011952237495,0.2863740045291634,0.37161566868377593,0.22187364286443098,0.4065106884517931,0.2451638840666273,0.17262150445643498,0.2054838039919051,0.6218946915516599,1.0,144.0
2025/26,2026-03-07,Mainz,Stuttgart,2,2,222,25,1,0.3413460415359837,0.2151935389759355,0.44346041948808096,0.15658713186241505,0.27303933571829825,0.21677052381045944,0.5101901404712424,0.1674222291417778,0.27027672895856236,0.24876929694594466,0.48095397409549306,1.0,144.0
2025/26,2026-03-07,Wolfsburg,Hamburg,1,2,223,25,2,0.4365193786134333,0.25340251124367574,0.3100781101428913,0.33327069100453144,0.4103549408536542,0.26415883922993,0.3254862199164159,0.3116800085028259,0.3668807026625092,0.2786986940106895,0.35442060332680136,1.0,144.0
2025/26,2026-03-08,St Pauli,Ein Frankfurt,0,0,224,25,1,0.2958373029582759,0.285177610466432,0.41898508657529226,0.13153410629706588,0.23746533255024616,0.2682558871267745,0.4942787803229793,0.15035064842038554,0.3701787626657879,0.2866628223082626,0.3431584150259494,1.0,144.0
2025/26,2026-03-08,Union Berlin,Werder Bremen,1,4,225,25,2,0.4543043384588122,0.2755795356398645,0.27011612590132333,0.3695614508058959,0.44502564405127715,0.28689435324317913,0.26808000270554344,0.3668773531513855,0.3960571274059143,0.29517465155723804,0.3087682210368477,1.0,144.0
2025/26,2026-03-13,M'gladbach,St Pauli,2,0,226,26,0,0.5006011936993108,0.27241824769863615,0.2269805586020533,0.15045967085892667,0.4964239461766222,0.2781854560772494,0.22539059774612852,0.15219488176834126,0.4909610506373823,0.28416230506587886,0.22487664429673868,1.0,144.0
2025/26,2026-03-14,Hamburg,FC Koln,1,1,227,26,1,0.4258736829962374,0.27601480721601623,0.2981115097877466,0.13511943306835467,0.3880803079794126,0.2825820704199316,0.32933762160065577,0.12953479722148625,0.40323000781453505,0.2719458192237562,0.32482417296170873,1.0,144.0
2025/26,2026-03-14,Leverkusen,Bayern Munich,1,1,228,26,1,0.4253389275530428,0.23340576540646374,0.3412553070404935,0.14868419393763704,0.38757603851808337,0.24259767158176074,0.36982628990015626,0.14349333516734247,0.19085049186766412,0.2006586541906276,0.6084908539417083,1.0,144.0
2025/26,2026-03-14,Ein Frankfurt,Heidenheim,1,0,229,26,0,0.5677409688534758,0.23706450685876712,0.1951945242877571,0.11247438615982779,0.5285702720947986,0.24973534104308862,0.22169438686211268,0.1356971947594702,0.5829338611816343,0.22031068462498388,0.19675545419338183,1.0,144.0
2025/26,2026-03-14,Hoffenheim,Wolfsburg,1,1,230,26,1,0.6721641998465928,0.17247252256686674,0.15536327758654045,0.23797122978892138,0.6428771973249698,0.18063793019453592,0.17648487248049424,0.22221900052743226,0.6657929389807662,0.188886930374825,0.1453201306444087,1.0,144.0
2025/26,2026-03-14,Dortmund,Augsburg,2,0,231,26,0,0.6261051854557659,0.20282804172467628,0.1710667728195579,0.08453058655298273,0.5975235635136639,0.21009839308165001,0.19237804340468612,0.09949829675547753,0.6133398451126769,0.20993511477011093,0.17672504011721202,1.0,144.0
2025/26,2026-03-15,Werder Bremen,Mainz,0,2,232,26,2,0.4831659611539866,0.2569840199051246,0.2598500189408887,0.39063567023982915,0.4128745878373748,0.26124443626682886,0.3258809758957962,0.312450941970543,0.4192169001499825,0.26984076331493123,0.3109423365350864,1.0,144.0
2025/26,2026-03-15,Freiburg,Union Berlin,0,1,233,26,2,0.4963170572637504,0.2661301775453812,0.23755276519086807,0.41382820359952,0.4984622349558331,0.265513901463031,0.23602386358113606,0.4160620683473295,0.49662450863100327,0.2651469834216373,0.2382285079473594,1.0,144.0
2025/26,2026-03-15,Stuttgart,RB Leipzig,1,0,234,26,0,0.30756751566449075,0.21313045681514337,0.479302027520366,0.35459658947408934,0.3833866880847535,0.2124976214312816,0.404115690483965,0.27176073386321037,0.390824590538105,0.23989233178809513,0.3692830776737999,1.0,144.0
2025/26,2026-03-20,RB Leipzig,Hoffenheim,5,0,235,27,0,0.5599428711347451,0.2101576753373663,0.2298994535278888,0.12325201769877672,0.5157691017319115,0.2070918108282358,0.2771390874398526,0.15564281831225713,0.4930695202528009,0.23538494685435218,0.2715455328928469,1.0,144.0
2025/26,2026-03-21,Heidenheim,Leverkusen,3,3,236,27,1,0.20974443767716602,0.1903292337405408,0.5999263285822934,0.20195216443137007,0.17425352691014898,0.179791172145666,0.6459553009441851,0.2238112712292593,0.1785639168329631,0.2046857125268682,0.6167503706401687,1.0,144.0
2025/26,2026-03-21,FC Koln,M'gladbach,3,3,237,27,1,0.42907733366059964,0.2804857700447354,0.29043689629466474,0.13423047449528375,0.38768947071132265,0.27112452456100883,0.3411860047276685,0.13335550776122707,0.40796503156872277,0.2792617775619233,0.31277319086935407,1.0,144.0
2025/26,2026-03-21,Bayern Munich,Union Berlin,4,0,238,27,0,0.6806823636577234,0.16786001158177916,0.15145762476049746,0.06245158248865504,0.6752514251269326,0.17985417074577043,0.14489440412729698,0.06322801261474638,0.8301656274712479,0.10819921096222723,0.061635161566524974,1.0,144.0
2025/26,2026-03-21,Wolfsburg,Werder Bremen,0,1,239,27,2,0.29777587448220655,0.25085815215064844,0.4513659733671453,0.19483488330151152,0.38103773971079336,0.269563942983965,0.34939831730524157,0.2842361543045807,0.4017120048731225,0.26257153391148225,0.33571646121539517,1.0,144.0
2025/26,2026-03-21,Dortmund,Hamburg,3,2,240,27,0,0.6546020011800899,0.20497580910531416,0.1404221897145961,0.06950908447652028,0.7207948343753514,0.16519881936540412,0.11400634625924447,0.045476485749435094,0.6668340457066264,0.19670209298040653,0.1364638613129671,1.0,144.0
2025/26,2026-03-22,Mainz,Ein Frankfurt,2,1,241,27,0,0.5214885308114461,0.2801477184546281,0.19836375073392623,0.1341607018751097,0.5385626305801179,0.2648128379801807,0.19662453143970166,0.12579282613051146,0.436941433453512,0.26764218858263555,0.29541637796385245,1.0,144.0
2025/26,2026-03-22,St Pauli,Freiburg,1,2,242,27,2,0.3310258412578637,0.3537309419102256,0.31524321683191087,0.28923497983759305,0.3468284571571529,0.34098418171043965,0.31218736113240714,0.2966881024400061,0.3525264394829612,0.3125734430082256,0.33490011750881316,1.0,144.0
2025/26,2026-03-22,Augsburg,Stuttgart,2,5,243,27,2,0.3686591621400332,0.2309847780802546,0.40035605977971195,0.24774121643635166,0.34478192919393674,0.2175041559156366,0.43771391489042644,0.2175201101032716,0.27819995738747866,0.2506775017101077,0.47112254090241357,1.0,144.0
2025/26,2026-04-04,Leverkusen,Wolfsburg,6,3,244,28,0,0.7706678704518747,0.1287835505422476,0.10054857900587771,0.031351621191589685,0.6982040193750026,0.16671555696049048,0.13508042366450698,0.05466376738939323,0.6608486307553415,0.19229611796569362,0.1468552512789648,1.0,144.0
2025/26,2026-04-04,Freiburg,Bayern Munich,2,3,245,28,2,0.14896722221685924,0.14650897616677921,0.7045238016163614,0.054748708553127204,0.17002265860156301,0.16605152521934888,0.6639258161790883,0.07092678073441787,0.17247700930103785,0.20315621702920508,0.624366773669757,1.0,144.0
2025/26,2026-04-04,Hoffenheim,Mainz,1,2,246,28,2,0.5099280748835212,0.2135487014881529,0.2765232236283263,0.3917226437517817,0.5115522029161721,0.21764902237238976,0.270798774711438,0.39671004163536416,0.5535609090627229,0.23824140390041237,0.20819768703686484,1.0,144.0
2025/26,2026-04-04,Hamburg,Augsburg,1,1,247,28,1,0.3172801953393426,0.240456005862638,0.44226379879801925,0.14813199504091318,0.29800400074496747,0.2210038631271424,0.4809921361278899,0.1600799097384387,0.3958544911718282,0.27839025046802157,0.3257552583601503,1.0,144.0
2025/26,2026-04-04,M'gladbach,Heidenheim,2,2,248,28,1,0.6082898600192087,0.2226982372777224,0.16901190270306868,0.19929078852875007,0.5442732488497265,0.25821908762446866,0.19750766352580493,0.16762132328242943,0.5911462595318208,0.22273046271459598,0.1861232777535832,1.0,144.0
2025/26,2026-04-04,Stuttgart,Dortmund,0,2,249,28,2,0.3901665642849741,0.2258086034095511,0.38402483230547496,0.26582767755111963,0.4299746539360671,0.22463133034006025,0.3453940157238726,0.30669359883877906,0.4025051780254463,0.24359404280501032,0.3539007791695434,1.0,144.0
2025/26,2026-04-04,Werder Bremen,RB Leipzig,1,2,250,28,2,0.30209236786744414,0.2606665908169853,0.43724104131557084,0.2039787221516713,0.3481102069929643,0.26056145789068735,0.39132833511634857,0.2458309559224604,0.2514424536896447,0.23747342848466446,0.5110841178256909,1.0,144.0
2025/26,2026-04-05,Union Berlin,St Pauli,1,1,251,28,1,0.5514384439218765,0.2779370128403021,0.1706245432378215,0.16659854609504784,0.5563906160202865,0.2707565031853608,0.17285288079435243,0.1697243179971703,0.46053670977497907,0.29543864400659037,0.24402464621843045,1.0,144.0
2025/26,2026-04-05,Ein Frankfurt,FC Koln,2,2,252,28,1,0.4771596371331884,0.2740669242295055,0.24877343863730644,0.14478477154025277,0.4884125700747387,0.282932668026567,0.22865476189869427,0.14541491937298007,0.4940061732826071,0.25367884573971716,0.2523149809776757,1.0,144.0
2025/26,2026-04-10,Augsburg,Hoffenheim,2,2,253,29,1,0.36839865948401473,0.24563782957469,0.3859635109412957,0.14234270204387522,0.3952436573671019,0.24534161251467876,0.35941473011821956,0.14269824845743773,0.27140379767126677,0.244546130193381,0.4840500721353521,1.0,144.0
2025/26,2026-04-11,Heidenheim,Union Berlin,3,1,254,29,0,0.3518002096301589,0.3009761892439045,0.347223601125937,0.27036359870718474,0.398694819875614,0.2947086139725496,0.3065965661518365,0.2277846870102589,0.3427508319791074,0.2770316459064172,0.3802175221144754,1.0,144.0
2025/26,2026-04-11,Dortmund,Leverkusen,0,1,255,29,2,0.4830528669754745,0.21499163241013602,0.3019555006143898,0.3603030977078665,0.4562652020585194,0.229654754159473,0.31408004378200755,0.33933206047379705,0.45676624264703103,0.2482687229163282,0.29496503443664074,1.0,144.0
2025/26,2026-04-11,RB Leipzig,M'gladbach,1,0,256,29,0,0.4923797053124261,0.25836793975030586,0.2492523549372681,0.1599025500102366,0.4904290374733741,0.2542143617440414,0.2553566007825849,0.1624347797067741,0.6433104976828531,0.19856941366109207,0.1581200886560548,1.0,144.0
2025/26,2026-04-11,Wolfsburg,Ein Frankfurt,1,2,257,29,2,0.3474693553107151,0.2841022889850302,0.36842835570425475,0.2598088473792377,0.4057579181220204,0.2870704536745139,0.30717162820346533,0.3223253204424764,0.38084910088535684,0.2588090575077287,0.3603418416069145,1.0,144.0
2025/26,2026-04-11,St Pauli,Bayern Munich,0,5,258,29,2,0.12670749822756844,0.12511948084094293,0.7481730209314887,0.03973580874693086,0.12347666483570918,0.11898385501709166,0.757539480147199,0.03701679522312025,0.11413900622507646,0.1696605119656652,0.7162004818092583,1.0,144.0
2025/26,2026-04-12,FC Koln,Werder Bremen,3,1,259,29,0,0.38578348555371406,0.3174190568969054,0.2967974575493807,0.23267532871316043,0.3855337647761784,0.3102855450146629,0.30418069020915867,0.23504732326312852,0.4101197650653649,0.27786220769221465,0.31201802724242045,1.0,144.0
2025/26,2026-04-12,Stuttgart,Hamburg,4,0,260,29,0,0.7552505197687728,0.136988055522426,0.10776142470880128,0.03575741636436326,0.7809609156477066,0.11973576344930482,0.0993033209029885,0.028919635008126506,0.734943948137306,0.15863882860299355,0.10641722325970042,1.0,144.0
2025/26,2026-04-12,Mainz,Freiburg,0,1,261,29,2,0.6405088862358799,0.19419811890833885,0.16529299485578114,0.553493708891979,0.6072532969723321,0.20658858986075015,0.18615811316691802,0.5155475917238994,0.4272921784610508,0.2937633726919724,0.2789444488469767,1.0,144.0
2025/26,2026-04-17,St Pauli,FC Koln,1,1,262,30,1,0.240673128980477,0.27446771014208104,0.4848591608774416,0.14650598045001523,0.22076720114839501,0.2608684927887771,0.5183643060628278,0.1587198554514465,0.33280206122566947,0.28876978850965784,0.3784281502646726,1.0,144.0
2025/26,2026-04-18,Union Berlin,Wolfsburg,1,2,263,30,2,0.42150005468369084,0.24349751027699792,0.3350024350393114,0.3099420287509999,0.44514479201429363,0.24514061871099507,0.309714589274711,0.33732391705881465,0.43850250651067124,0.26359420335192035,0.29790329013740835,1.0,144.0
2025/26,2026-04-18,Leverkusen,Augsburg,1,2,264,30,2,0.7082800889392523,0.151362666243321,0.1403572448174265,0.6203231754628404,0.6603998702946665,0.1691646156500225,0.17043551405531102,0.5621526125129442,0.6802108482839465,0.18051749435227807,0.13927165736377536,1.0,144.0
2025/26,2026-04-18,Hoffenheim,Dortmund,2,1,265,30,0,0.32894472781400624,0.2371648969612737,0.4338903752247202,0.3192880180206332,0.32945711258844973,0.25545921408443417,0.41508367332711604,0.3109611098604755,0.42898498913917793,0.2459364204750784,0.32507859038574377,1.0,144.0
2025/26,2026-04-18,Ein Frankfurt,RB Leipzig,1,3,266,30,2,0.27847242304205694,0.24275863265075226,0.47876894430719125,0.17461435190677738,0.2504590771971087,0.244974676434186,0.5045662463687051,0.15409217679381085,0.3238243523435875,0.24141147089881837,0.43476417675759416,1.0,144.0
2025/26,2026-04-18,Werder Bremen,Hamburg,3,1,267,30,0,0.5799275131429719,0.23948382320586317,0.18058866365116474,0.10453657982678083,0.616916737352384,0.23002535229574791,0.1530579103518679,0.08508975502101145,0.5258246585554166,0.24900162402491954,0.22517371741966408,1.0,144.0
2025/26,2026-04-19,Freiburg,Heidenheim,2,1,268,30,0,0.6259567759420405,0.2121174315736947,0.16192579248426484,0.08306414786766507,0.6522104243101502,0.19707740907834279,0.15071216661150674,0.07183587306163021,0.5794237066899233,0.22783165165963004,0.19274464165044675,1.0,144.0
2025/26,2026-04-19,Bayern Munich,Stuttgart,4,2,269,30,0,0.6744676166512618,0.16291203524770187,0.16262034810103626,0.06620835511260607,0.6860468364947145,0.1556047885502401,0.15834837495504542,0.06182039836294008,0.6448136547694931,0.18244727441152325,0.1727390708189835,1.0,144.0
2025/26,2026-04-19,M'gladbach,Mainz,1,1,270,30,1,0.4499647340699269,0.253198838895042,0.29683642703503144,0.14529006316077167,0.41262623223257633,0.26142334619272295,0.3259504215747009,0.13825204242558856,0.4222626688380112,0.269374461155283,0.30836287000670565,1.0,144.0
2025/26,2026-04-24,RB Leipzig,Union Berlin,3,1,271,31,0,0.6589680354468581,0.18370207637229066,0.1573298881808513,0.07052774728098729,0.6746767312730669,0.17316129772301858,0.1521619710039145,0.0644942472974862,0.6216741698305767,0.2133472719191297,0.1649785582502936,1.0,144.0
2025/26,2026-04-25,Augsburg,Ein Frankfurt,1,1,272,31,1,0.3755414174698847,0.25603195628892156,0.36842662624119343,0.13838476757937923,0.35190673685361884,0.2532702104003699,0.3948230527460114,0.13986179721132086,0.39628105655641765,0.2534480470116926,0.35027089643188974,1.0,144.0
2025/26,2026-04-25,FC Koln,Leverkusen,1,2,273,31,2,0.2846214262263062,0.23979977148703885,0.4755788022866548,0.178013474439098,0.30352508882871126,0.2559580236397832,0.44051688753150553,0.20257441634295553,0.2659296482412061,0.23879396984924622,0.4952763819095478,1.0,144.0
2025/26,2026-04-25,Heidenheim,St Pauli,2,0,274,31,0,0.6315219811578964,0.2142640970519213,0.15421392179018198,0.07977899202185507,0.5846022265145003,0.2369958490350853,0.17840192445041436,0.10219127843216093,0.40719987875957947,0.2767025882372216,0.3160975330031989,1.0,144.0
2025/26,2026-04-25,Mainz,Bayern Munich,3,4,275,31,2,0.24934059405553066,0.18321864921288497,0.5674407567315845,0.12463911539045466,0.23385001886847745,0.17945805267655307,0.5866919284549698,0.11275469666452967,0.25719354036928715,0.22123520178685127,0.5215712578438616,1.0,144.0
2025/26,2026-04-25,Wolfsburg,M'gladbach,0,0,276,31,1,0.38683986459318137,0.27244959234346133,0.3407105430633575,0.13286437749649935,0.39777327019229325,0.26234820246869517,0.33987852733901147,0.1368704939128032,0.4411298807461092,0.2562179033374662,0.30265221591642455,1.0,144.0
2025/26,2026-04-25,Hamburg,Hoffenheim,1,2,277,31,2,0.21372203499952816,0.19977770934322536,0.5865002556572467,0.10832957340793102,0.23813619300281288,0.2052639605699273,0.5565998464272596,0.12665627130310128,0.21542106209727935,0.22474216574571929,0.5598367721570014,1.0,144.0
2025/26,2026-04-26,Stuttgart,Werder Bremen,1,1,278,31,1,0.557128273966354,0.23746774128895484,0.20540398474469118,0.17629135530086304,0.5826261477595923,0.22856442614100322,0.18880942609940424,0.18755111371858438,0.6153420634961666,0.20784887478092737,0.17680906172290609,1.0,144.0
2025/26,2026-04-26,Dortmund,Freiburg,4,0,279,31,0,0.5836716997117442,0.22753495670044416,0.18879334358781175,0.10448609010198684,0.5824287433766925,0.24116110378695355,0.17641015283635414,0.10274314819085695,0.6658120468419598,0.19237602173097612,0.14181193142706394,1.0,144.0
2025/26,2026-05-02,Union Berlin,FC Koln,2,2,280,32,1,0.39184519251384176,0.28655951557394016,0.32159529191221803,0.12848309333815722,0.3647283936030219,0.3029955083642407,0.33227609803273717,0.12171710321205109,0.35892355133936865,0.27797936765452586,0.3630970810061055,1.0,144.0
2025/26,2026-05-02,Hoffenheim,Stuttgart,3,3,281,32,1,0.4870003291629395,0.22798773069614867,0.2850119401409115,0.15920056331384905,0.42958953526255594,0.23447696549996103,0.3359334992374828,0.14869924235851942,0.4331496318251285,0.23507618209604966,0.33177418607882186,1.0,144.0
2025/26,2026-05-02,Bayern Munich,Heidenheim,3,3,282,32,1,0.8625613247540884,0.0710795805186848,0.0663590947272269,0.3742077842072725,0.8542274955076439,0.07658149413544632,0.06919101035690968,0.36724600499773585,0.7468746636833862,0.1428015290198887,0.1103238072967253,1.0,144.0
2025/26,2026-05-02,Leverkusen,RB Leipzig,4,1,283,32,0,0.3557886561682646,0.2125361448954332,0.4316751989363019,0.3006758664490932,0.3096209499006377,0.21480958719891902,0.4755694629004431,0.3513947734297569,0.44726508088552386,0.23369600476268618,0.31903891435179,1.0,144.0
2025/26,2026-05-02,Werder Bremen,Augsburg,1,3,284,32,2,0.47728233678601095,0.2526309193282652,0.27008674388572373,0.3802858952296301,0.4524767052190193,0.26382087579898544,0.2837024189819954,0.35890869666905223,0.48547617830301,0.24527984924733226,0.2692439724496578,1.0,144.0
2025/26,2026-05-02,Ein Frankfurt,Hamburg,1,2,285,32,2,0.5241068391249055,0.2572373060246029,0.21865585485049138,0.44259332598845785,0.5060039084871802,0.2564246562863075,0.23757143522651225,0.41866863589343156,0.5635059760956176,0.22486055776892427,0.21163346613545816,1.0,144.0
2025/26,2026-05-03,St Pauli,Mainz,1,2,286,32,2,0.18286122900988272,0.2117020049205274,0.6054367660695902,0.09455918732231416,0.17344060940218423,0.20321119764908482,0.623348192948731,0.08597411437239372,0.3402314335491329,0.2870050436380722,0.372763522812795,1.0,144.0
2025/26,2026-05-03,M'gladbach,Dortmund,1,0,287,32,0,0.2764035960549438,0.24331163881613038,0.4802847651289259,0.3771326057085822,0.2452827182618787,0.2442752249275184,0.510442056810603,0.41507463435760883,0.25781132830075487,0.24566315052742088,0.4965255211718243,1.0,144.0
2025/26,2026-05-03,Freiburg,Wolfsburg,1,1,288,32,1,0.41838295756441374,0.27737307535984973,0.3042439670757367,0.13380434534116395,0.423870736024647,0.27315191830652025,0.3029773456688328,0.13573083642330364,0.4565447077943285,0.2607010169856193,0.2827542752200523,1.0,144.0
2025/26,2026-05-08,Dortmund,Ein Frankfurt,3,2,289,33,0,0.6574399484121702,0.205458521020354,0.1371015305674755,0.06807210931390054,0.6864264392478919,0.18742552439196822,0.1261480363601398,0.05712085254013759,0.5517041480519972,0.22120213483216863,0.22709371711583418,1.0,144.0
2025/26,2026-05-09,Augsburg,M'gladbach,3,1,290,33,0,0.6088737307977145,0.2165060720279517,0.1746201971743341,0.091735985860651,0.581527062593784,0.22574704111539545,0.19272589629082057,0.10613143522124348,0.48977191887222515,0.2398626577040898,0.270365423423685,1.0,144.0
2025/26,2026-05-09,Wolfsburg,Bayern Munich,0,1,291,33,2,0.24677936708811243,0.2021215986735273,0.5510990342383604,0.1312060665410711,0.2547004277578115,0.21180147174666863,0.5334981004955196,0.1412481650706501,0.17731457944981077,0.18143817432073658,0.6412472462294526,1.0,144.0
2025/26,2026-05-09,Stuttgart,Leverkusen,3,1,292,33,0,0.5524264568558934,0.20084543969444574,0.24672810344966084,0.130598416777218,0.5295981042360864,0.20703075792500605,0.2633711378389077,0.1453211498924223,0.47151346196170485,0.22774557992810504,0.30074095811018997,1.0,144.0
2025/26,2026-05-09,Hoffenheim,Werder Bremen,1,0,293,33,0,0.5432586989774708,0.2582469896076167,0.19849431141491222,0.12400630386191644,0.5925939206862536,0.2310487644909667,0.1763573148227799,0.09854080797664984,0.6341298174637114,0.19271296300745233,0.17315721952883634,1.0,144.0
2025/26,2026-05-09,RB Leipzig,St Pauli,2,1,294,33,0,0.7831418510865045,0.130488366156816,0.08636978275667924,0.027243598061811907,0.7622061100854217,0.14462904442653635,0.09316484548804227,0.03261281125775865,0.7395833191219987,0.1562846614450813,0.10413201943292001,1.0,144.0
2025/26,2026-05-10,FC Koln,Heidenheim,1,3,295,33,2,0.583412720781702,0.2297123247759374,0.1868749544423606,0.5007713712415107,0.5670728533843332,0.22731476528143302,0.20561238133423393,0.4763116548674582,0.46412120580728217,0.23148761376066915,0.3043911804320487,1.0,144.0
2025/26,2026-05-10,Hamburg,Freiburg,3,2,296,33,0,0.40010405267179194,0.2581979436670555,0.3416980036611529,0.23831633666341262,0.4254493006208183,0.25869624764217475,0.31585445173700705,0.21493627041959604,0.3187426592080903,0.26103159277765614,0.4202257480142536,1.0,144.0
2025/26,2026-05-10,Mainz,Union Berlin,1,3,297,33,2,0.8213594063709773,0.1027674594022619,0.07587313422676084,0.7643208692389772,0.8513502829168426,0.08236861723665698,0.06628109984650062,0.7983141443632245,0.5645739145269982,0.21948306747419602,0.21594301799880575,1.0,144.0
2025/26,2026-05-16,Ein Frankfurt,Stuttgart,2,2,298,34,1,0.24233471345194504,0.2783199311298402,0.4793453554182146,0.14424904155242546,0.2261898534215461,0.25287175929520705,0.5209383872832469,0.16126932656806528,0.2678923542644486,0.21987391340572668,0.5122337323298247,1.0,144.0
2025/26,2026-05-16,Bayern Munich,FC Koln,5,1,299,34,0,0.8464871333722056,0.08152452906494714,0.07198833756284742,0.014374260482672721,0.843307415560249,0.08405634621991416,0.07263623821983702,0.014914294560568683,0.822435011866992,0.10291722431705497,0.07464776381595309,1.0,144.0
2025/26,2026-05-16,Freiburg,RB Leipzig,4,1,300,34,0,0.29335186786034884,0.23304785584852025,0.4736002762911311,0.3618244021797467,0.2837166818838529,0.237090738168714,0.47919257994743325,0.3713436602440773,0.3816297401628443,0.25031628118208066,0.36805397865507516,1.0,144.0
2025/26,2026-05-16,Heidenheim,Mainz,0,2,301,34,2,0.25213144329931947,0.2332235549650611,0.5146450017356194,0.1495698695202074,0.1853347283300433,0.17465372338083768,0.6400115482891189,0.08197032344518412,0.4852923942341498,0.23063400914098206,0.28407359662486814,1.0,144.0
2025/26,2026-05-16,Leverkusen,Hamburg,1,1,302,34,1,0.7932800889908465,0.1140292443656614,0.0926906666434921,0.3189424296360701,0.7866951550872621,0.11889852204295678,0.09440632286978128,0.31390091041778234,0.7360782190460734,0.15102089469927518,0.11290088625465138,1.0,144.0
2025/26,2026-05-16,St Pauli,Wolfsburg,1,3,303,34,2,0.2075088693107295,0.21004815583874797,0.5824429748505224,0.10870690004714938,0.21088577196078656,0.2266604265557613,0.5624538014834521,0.11795974232588959,0.3650938924935035,0.2625394283099351,0.37236667919656136,1.0,144.0
2025/26,2026-05-16,M'gladbach,Hoffenheim,4,0,304,34,0,0.2615802681665508,0.2246870442082929,0.5137326876251566,0.40459248734777475,0.24143205107550691,0.21092323910900695,0.5476447098154864,0.4376700306622002,0.21349334079029958,0.2106017831272256,0.5759048760824749,1.0,144.0
2025/26,2026-05-16,Union Berlin,Augsburg,4,0,305,34,0,0.22484327673432472,0.20955391107574936,0.5656028121899257,0.4603872433905657,0.20247125160015272,0.20395408118865307,0.5935746672111943,0.4941914950395534,0.3717382450285299,0.23621847975230628,0.3920432752191639,1.0,144.0
2025/26,2026-05-16,Werder Bremen,Dortmund,0,2,306,34,2,0.23495410582765322,0.26007824887282516,0.5049676452995221,0.15013023202278614,0.20960465044078458,0.2274021511255181,0.5629931984336974,0.11745452705080667,0.2990326015541811,0.23679739006320938,0.4641700083826095,1.0,144.0
