season,season_game,strategy,rps,log_loss,brier
2016/17,215,v2_full,0.3470536321138854,1.2861844540659908,0.7907553536345486
2016/17,281,v2_full,0.24159702879337552,0.9829257313218,0.5876214884508252
2016/17,280,v2_full,0.1561515098714874,0.7079889004225806,0.3868841691183502
2016/17,279,v2_full,0.16774241700971632,0.7502497816199727,0.4190530197890975
2016/17,278,v2_full,0.2262916898072096,0.9196198286498851,0.5423975151896022
2016/17,277,v2_full,0.24298311677743753,1.6373891523782256,1.1348171748663054
2016/17,276,v2_full,0.32165397074191115,1.222643195714018,0.7483446085142405
2016/17,275,v2_full,0.27231705905097675,1.0088976322994423,0.6122218921001201
2016/17,274,v2_full,0.1633056929596325,1.3165992308800003,0.8623690483572631
2016/17,273,v2_full,0.15452005107391087,0.7036265738116197,0.38371265092383805
2016/17,272,v2_full,0.12190655360317024,0.6025736738086332,0.3089390170172938
2016/17,271,v2_full,0.3258152708942057,1.18884780369294,0.7331620722039817
2016/17,270,v2_full,0.13630956695000773,1.2432814886210113,0.7789422276180331
2016/17,269,v2_full,0.25558235168106885,0.9824616641690194,0.5892999078231119
2016/17,268,v2_full,0.06676260266193468,0.42379391185360143,0.18473513947402007
2016/17,267,v2_full,0.2715412742927144,1.7068698802046038,1.213134791214564
2016/17,266,v2_full,0.5275143810579614,1.7775046279242703,1.1066245136123105
2016/17,265,v2_full,0.3276125844674808,1.2299331252933154,0.7542904344647602
2016/17,264,v2_full,0.3664223674162952,1.289868033395821,0.8052004547650955
2016/17,263,v2_full,0.14187269652714374,0.6512461550117231,0.3436527841857949
2016/17,282,v2_full,0.13470500002651553,1.318615372394748,0.8059582789113268
2016/17,284,v2_full,0.40364874108024856,1.4869165772128072,0.9081050096865163
2016/17,285,v2_full,0.009987537381444592,0.1385223151198303,0.025219316768871756
2016/17,286,v2_full,0.07794556138632636,0.4549176784793939,0.2026182341979037
2016/17,306,v2_full,0.3659625263222977,1.313631739752887,0.8142575453675021
2016/17,305,v2_full,0.21433848966671107,0.8825677097382274,0.5155933156213144
2016/17,304,v2_full,0.2560024189797259,1.750114597152266,1.1946872399217765
2016/17,303,v2_full,0.23358861944678094,1.6094850213807699,1.107192313490187
2016/17,302,v2_full,0.12946403307084986,1.2643228823321426,0.7738340964244805
2016/17,301,v2_full,0.025404626268813332,0.23404817445293563,0.06604925895374493
2016/17,300,v2_full,0.019092542566637345,0.20160099774656254,0.05093986139473507
2016/17,299,v2_full,0.1179424429245978,1.1455708998964282,0.7009511963883229
2016/17,298,v2_full,0.22536162383674826,0.9364274993398201,0.5551878857340248
2016/17,262,v2_full,0.12587871120319685,1.2363969499844942,0.7552487608022347
2016/17,297,v2_full,0.13636785754157713,1.2462281068648906,0.7802672809950258
2016/17,295,v2_full,0.3172838172640902,1.1621945223020553,0.7153989463916767
2016/17,294,v2_full,0.13467986255506598,1.2386007614650547,0.7737587946044714
2016/17,293,v2_full,0.19316158396968006,0.7910787977488393,0.44924168883315263
2016/17,292,v2_full,0.2549488752746503,1.0590881955694988,0.6429768600483331
2016/17,291,v2_full,0.1328708667719221,0.6451604442026843,0.3419910994088654
2016/17,290,v2_full,0.2149840977352924,1.4855110130145357,1.0284458500663722
2016/17,289,v2_full,0.16005910989883662,1.3647732300522952,0.8744899052893059
2016/17,288,v2_full,0.11399464923565782,1.1152760027226076,0.6798088169505162
2016/17,287,v2_full,0.3338899313431973,1.2169137115544668,0.751121106935719
2016/17,296,v2_full,0.2488350717507037,1.7979884493915466,1.193840553563422
2016/17,261,v2_full,0.1714078833712398,0.7506197115163482,0.41829065344162963
2016/17,283,v2_full,0.18803473659978515,1.4303831177802542,0.9548598563094184
2016/17,259,v2_full,0.18962115313863998,1.4939937618135584,0.9806823155700146
2016/17,235,v2_full,0.3407320757878042,1.2441017288241143,0.7677262556769436
2016/17,234,v2_full,0.16843203777364701,1.4194769719238371,0.9116699436529663
2016/17,233,v2_full,0.2465099888292211,0.9853871273966259,0.589160928872597
2016/17,232,v2_full,0.0692309920273233,0.42604083625818095,0.18354073818326294
2016/17,231,v2_full,0.14327579666819437,1.2875366012078673,0.8108004002791472
2016/17,230,v2_full,0.29048585497255724,1.1281149517150784,0.6865405851661437
2016/17,229,v2_full,0.11588456741290817,1.1073262610652326,0.6800779946152472
2016/17,228,v2_full,0.34170647525691983,1.216791670618306,0.7564075855490395
2016/17,226,v2_full,0.27543463913295246,1.0762889159999103,0.6519713681009658
2016/17,236,v2_full,0.36451843711016035,1.309639817871706,0.8116044409210613
2016/17,225,v2_full,0.16889331724681078,0.7542165543098072,0.4220441449710481
2016/17,223,v2_full,0.14112163352809584,1.1956819869085678,0.7687528867864268
2016/17,222,v2_full,0.13690015945215966,1.272194200425374,0.7918891867077562
2016/17,221,v2_full,0.1918896225500497,0.8474652555456993,0.4942722183827017
2016/17,220,v2_full,0.16970257944206374,0.7305969618488766,0.4031639278390239
2016/17,219,v2_full,0.28838896409953085,1.0787565748173966,0.657555373639002
2016/17,218,v2_full,0.06803792641427751,0.41937616692145263,0.1783673328542777
2016/17,217,v2_full,0.02043852344179037,0.20919169633345336,0.05440898920837382
2016/17,216,v2_full,0.10082865845911641,0.5452161479222868,0.2703586371278115
2016/17,260,v2_full,0.46638343018501527,1.552750731913024,0.9858497158053883
2016/17,224,v2_full,0.28657714219747504,1.102533422314153,0.6702764549856031
2016/17,237,v2_full,0.026113813191455094,0.24290629736797942,0.07183341681859184
2016/17,227,v2_full,0.023610632876621636,0.2281560453070152,0.0638962191939603
2016/17,258,v2_full,0.1741239487778962,0.7847244030135537,0.44712907170278576
2016/17,238,v2_full,0.25188995587353047,1.0199186931247728,0.6134665936128023
2016/17,257,v2_full,0.11224901173366451,0.5739325821324414,0.28843451924763797
2016/17,256,v2_full,0.1136482435406311,0.5727304041684964,0.28643287678853374
2016/17,255,v2_full,0.07620469634134676,0.45796211220733296,0.20786874387885984
2016/17,254,v2_full,0.10565446932071121,0.5530844767530079,0.2734293448945194
2016/17,253,v2_full,0.3160388917078492,1.1775738272729617,0.7223810708703371
2016/17,251,v2_full,0.13900023335279907,0.6663403771814417,0.3580577600772576
2016/17,250,v2_full,0.35642358038332883,1.3057957975444612,0.8047768353187099
2016/17,249,v2_full,0.1349244118084459,0.6418454034604231,0.3376715487497494
2016/17,248,v2_full,0.38666267127752574,1.3620799751366053,0.8488696809151286
2016/17,252,v2_full,0.07445409310428824,0.4394264798765993,0.19123059129774558
2016/17,239,v2_full,0.2998250258954846,1.1223367415193708,0.6861184602694381
2016/17,246,v2_full,0.2611913361352953,1.0151244566271456,0.6108037187770913
2016/17,245,v2_full,0.1667092314576595,0.7538205159905531,0.42279711156086264
2016/17,244,v2_full,0.1673588520078088,1.2928490206290146,0.8610858782765638
2016/17,243,v2_full,0.5131518362384067,1.762478501710801,1.0864315682639578
2016/17,242,v2_full,0.13310902147687456,0.6525805418412253,0.34932131100065067
2016/17,241,v2_full,0.3037434730010657,1.1637306633736975,0.710417250170393
2016/17,240,v2_full,0.1335180502785474,0.6101928050443431,0.3132904103066646
2016/17,247,v2_full,0.16832492505234883,0.7292089653027561,0.4020542940774035
2016/17,215,bookmaker,0.24513920836813546,0.9826362275081322,0.5872120502576306
2016/17,281,bookmaker,0.17229880463068947,0.7510661337145311,0.4185146397296531
2016/17,280,bookmaker,0.223273198298235,0.890921212043039,0.5224131454625108
2016/17,279,bookmaker,0.0672553180811763,0.4178384030637846,0.17771809391761687
2016/17,278,bookmaker,0.23678059003957147,0.9468448066536912,0.5620308105153735
2016/17,277,bookmaker,0.28901320439969136,1.8769855781196112,1.2953494058437816
2016/17,276,bookmaker,0.367204693765673,1.2980195600834887,0.8089777378568312
2016/17,275,bookmaker,0.36212663089349306,1.2722517805805762,0.7948881887746773
2016/17,274,bookmaker,0.20484591237756217,1.508907434205075,1.0162968597075264
2016/17,273,bookmaker,0.12564004630300335,0.6072836747845929,0.3113898713971857
2016/17,272,bookmaker,0.052048187167185386,0.35637513155450395,0.13668851649249183
2016/17,271,bookmaker,0.3645941072470985,1.304070150632741,0.8093857948481373
2016/17,270,bookmaker,0.1417675321676985,1.3681264965732447,0.8391808585122797
2016/17,269,bookmaker,0.3684472558959955,1.309429801504386,0.8144069947106312
2016/17,268,bookmaker,0.12729485352455022,0.630119840325302,0.33163943259107753
2016/17,267,bookmaker,0.3511717616985905,2.174351000180462,1.4879032813469732
2016/17,266,bookmaker,0.6786383633177541,2.368903049278235,1.3877309051568227
2016/17,265,bookmaker,0.28674227335421815,1.0877667132410676,0.6617795111305776
2016/17,264,bookmaker,0.3341665266499756,1.1917971845487119,0.7401556317366174
2016/17,263,bookmaker,0.18274315901158927,0.761791644779817,0.4270834629611129
2016/17,282,bookmaker,0.1338191486085224,1.2844368634803343,0.7906472520166018
2016/17,284,bookmaker,0.28399907166724686,1.050375697677981,0.6404031431108077
2016/17,285,bookmaker,0.005397626883248323,0.10419678089335925,0.015320509323527047
2016/17,286,bookmaker,0.07259979472329157,0.42948891152769103,0.18383313414479896
2016/17,306,bookmaker,0.2342309205810458,0.924840513365472,0.5470587495022571
2016/17,305,bookmaker,0.369565983614964,1.2957067590531695,0.8100299412063855
2016/17,304,bookmaker,0.31009274247032337,1.9993154972005516,1.367670310554049
2016/17,303,bookmaker,0.23767487547378485,1.6456766865262271,1.1267892201422764
2016/17,302,bookmaker,0.13797774234236093,1.3502172603936207,0.8247639133302942
2016/17,301,bookmaker,0.017860577506907067,0.19209597863017996,0.04629504366140526
2016/17,300,bookmaker,0.013138021400510534,0.16708357255976894,0.036861077399123136
2016/17,299,bookmaker,0.13018589937752856,1.27289583722059,0.7787436392337475
2016/17,298,bookmaker,0.06720646654688757,0.410729404410182,0.17130445762939034
2016/17,262,bookmaker,0.13525879137713862,1.313962631002031,0.8052397947846857
2016/17,297,bookmaker,0.13261177341292232,1.2348847560615432,0.7680913413735363
2016/17,295,bookmaker,0.26286895046236386,0.997823074040674,0.6011999738672256
2016/17,294,bookmaker,0.13374603927211642,1.3138318608903827,0.802162889305532
2016/17,293,bookmaker,0.2144764734517991,0.8311193569795459,0.48288401645454243
2016/17,292,bookmaker,0.1334990712062454,0.6449061080363423,0.34128635060050083
2016/17,291,bookmaker,0.10660570449300362,0.5388117090847436,0.26044593651521514
2016/17,290,bookmaker,0.16803301798753967,1.41626022189636,0.9096910061645257
2016/17,289,bookmaker,0.14764095479504952,1.3596398402142345,0.8476976670006223
2016/17,288,bookmaker,0.12992434938161918,1.250022233466475,0.7689331935277453
2016/17,287,bookmaker,0.39567046514367527,1.3813466052799215,0.8634053789900205
2016/17,296,bookmaker,0.2503438363822417,1.749547620418746,1.183207243873329
2016/17,261,bookmaker,0.1927157893282149,0.8004829844491137,0.4554510541287035
2016/17,283,bookmaker,0.1680382767916862,1.356676620186432,0.8873602657304881
2016/17,259,bookmaker,0.1823012933838918,1.4115528041472971,0.9364947626375704
2016/17,235,bookmaker,0.30671346399160937,1.1192245955147309,0.6883008054677342
2016/17,234,bookmaker,0.14581872300068444,1.2979586453497094,0.8200374909002793
2016/17,233,bookmaker,0.21663672277793292,0.8919849492173415,0.5224559844077382
2016/17,232,bookmaker,0.04318183381600878,0.3261164712819381,0.1201494620269076
2016/17,231,bookmaker,0.1534914636856176,1.3817204245387291,0.867765086050462
2016/17,230,bookmaker,0.1788435469065619,0.779386865352038,0.44006457427489215
2016/17,229,bookmaker,0.12469625451683067,1.22476766428771,0.7480742857000904
2016/17,228,bookmaker,0.33508344860679934,1.2084426112149982,0.7480590198584944
2016/17,226,bookmaker,0.25040791191310585,0.986349462518051,0.5902351827521577
2016/17,236,bookmaker,0.5456724484973243,1.8213599487043746,1.1374307800451984
2016/17,225,bookmaker,0.04611861768960081,0.3332968262082119,0.12264093265534085
2016/17,223,bookmaker,0.12889249531072983,1.2069958866817552,0.74905358797803
2016/17,222,bookmaker,0.12391594294584836,1.1912701399762793,0.7324774458540853
2016/17,221,bookmaker,0.22980483242960265,0.9399951951104671,0.5571128255878711
2016/17,220,bookmaker,0.20403391895510953,0.8317731097574325,0.47889510022586995
2016/17,219,bookmaker,0.36038734352988344,1.2632156873166192,0.7899619389874707
2016/17,218,bookmaker,0.09052241879665521,0.5063337315979327,0.241064088714904
2016/17,217,bookmaker,0.035019794426228025,0.28903201047997923,0.09797894375155233
2016/17,216,bookmaker,0.1071413767721055,0.5630714785082349,0.28214114049431427
2016/17,260,bookmaker,0.4472390291237436,1.5265382747668426,0.9578961773495023
2016/17,224,bookmaker,0.2461619733388538,0.9639026526226987,0.5749510033046862
2016/17,237,bookmaker,0.03151063419838458,0.2692763938913345,0.08572200981682673
2016/17,227,bookmaker,0.009294481511636936,0.14046749338579384,0.02731752983232944
2016/17,258,bookmaker,0.17861166367566703,0.7808212930239061,0.44132049869818785
2016/17,238,bookmaker,0.22654424036660795,0.931695758250226,0.5512744351086809
2016/17,257,bookmaker,0.04961278291260019,0.35056980736579063,0.13426242415048867
2016/17,256,bookmaker,0.1649823390925416,0.7368768426266782,0.4085476665535242
2016/17,255,bookmaker,0.05326683872976948,0.36399337305655544,0.14231184381822942
2016/17,254,bookmaker,0.1225242436448565,0.5962318801059403,0.30309428115798803
2016/17,253,bookmaker,0.28119147904972475,1.0737326927854862,0.6517924730886104
2016/17,251,bookmaker,0.12851704317784532,0.634611315665474,0.33510923842306006
2016/17,250,bookmaker,0.25435186013929323,0.9906301100307399,0.5938329920278302
2016/17,249,bookmaker,0.06164484405237658,0.39640519956119874,0.16330530769654245
2016/17,248,bookmaker,0.2851736214271181,1.0670362298275495,0.6497280186356292
2016/17,252,bookmaker,0.0621162603814722,0.40614706060094485,0.17288375638361245
2016/17,239,bookmaker,0.2918678654907526,1.1091776760529297,0.6757146636448417
2016/17,246,bookmaker,0.2875667539885253,1.0918548891991224,0.6643910470369983
2016/17,245,bookmaker,0.17477695492558037,0.756134603118471,0.4222179654537782
2016/17,244,bookmaker,0.14661393878193352,1.284304704481159,0.8161839178057468
2016/17,243,bookmaker,0.5420028991477268,1.8472614192965056,1.1370813427850084
2016/17,242,bookmaker,0.14113366366602917,0.6721162794543551,0.3620944958582809
2016/17,241,bookmaker,0.19552827453422283,0.8183625148185566,0.4684670669954667
2016/17,240,bookmaker,0.1071016535279091,0.5504689601781522,0.27000795666610033
2016/17,247,bookmaker,0.14350692327740458,0.6611225536116745,0.3512591697262659
2016/17,215,soft_blend_h10,0.3727997489001271,1.379452495464819,0.846334661446341
2016/17,281,soft_blend_h10,0.27754342299140455,1.0921982616827124,0.6624267402284233
2016/17,280,soft_blend_h10,0.2028249632010531,0.8509627276653566,0.49262916917346256
2016/17,279,soft_blend_h10,0.19380525842273694,0.8284508923465469,0.47645782487000843
2016/17,278,soft_blend_h10,0.2855079371575389,1.0997902280077079,0.6683764802168156
2016/17,277,soft_blend_h10,0.3108830694444622,1.991496852208126,1.3674139912803467
2016/17,276,soft_blend_h10,0.2043429159618408,0.8498011714854605,0.49164076613155294
2016/17,275,soft_blend_h10,0.28034287010800496,1.0313299166446706,0.6285655942036703
2016/17,274,soft_blend_h10,0.14565179808395215,1.2722045646829347,0.8093966447967086
2016/17,273,soft_blend_h10,0.10493687587540423,0.5492432901111289,0.2702793840939601
2016/17,272,soft_blend_h10,0.08892549763158225,0.49305266924513685,0.22935145166094076
2016/17,271,soft_blend_h10,0.271475176698703,1.0302814555841042,0.6232645929882473
2016/17,270,soft_blend_h10,0.1420721210661075,1.2512254225755348,0.7937204645760969
2016/17,269,soft_blend_h10,0.2978555702541562,1.1228764149767383,0.6855667748676675
2016/17,268,soft_blend_h10,0.07855896885514987,0.472462637697921,0.22096659262551022
2016/17,267,soft_blend_h10,0.3073181336847512,1.9229725333717602,1.3436588366857771
2016/17,266,soft_blend_h10,0.5779845299867545,1.9114734544483973,1.1945903678102727
2016/17,265,soft_blend_h10,0.37852320847105114,1.3972568009537456,0.8571042965310038
2016/17,264,soft_blend_h10,0.3645883268478328,1.2934753058951933,0.8051422445931585
2016/17,263,soft_blend_h10,0.1179934057279445,0.5712953163229482,0.2841135037810415
2016/17,282,soft_blend_h10,0.1284287538230575,1.2399271840026076,0.7618023488059679
2016/17,284,soft_blend_h10,0.4521639130003008,1.6225986790488898,0.9899300065492993
2016/17,285,soft_blend_h10,0.009163263318232494,0.13055491448331544,0.02249196214103491
2016/17,286,soft_blend_h10,0.05150427353129221,0.3550754610721414,0.13610328554311407
2016/17,306,soft_blend_h10,0.40358214273930904,1.4259945487775039,0.8856622637953568
2016/17,305,soft_blend_h10,0.24006208617107008,0.9629806725093493,0.5733717165601906
2016/17,304,soft_blend_h10,0.25976598296363507,1.7469591608681778,1.2013072271247605
2016/17,303,soft_blend_h10,0.2146957145627644,1.5266401776790828,1.0420664294942112
2016/17,302,soft_blend_h10,0.1369889167085842,1.3470360243582526,0.8215633556760139
2016/17,301,soft_blend_h10,0.023504277057925467,0.22307679679434692,0.06048823214899558
2016/17,300,soft_blend_h10,0.012869214222146467,0.16018282893255673,0.0331547218615061
2016/17,299,soft_blend_h10,0.11855190071360433,1.1243630878274165,0.6929187549766063
2016/17,298,soft_blend_h10,0.20640649022453034,0.8797589117922525,0.5150153348277441
2016/17,262,soft_blend_h10,0.1272073157406693,1.239169325640097,0.7590476956928995
2016/17,297,soft_blend_h10,0.1250492277289988,1.227013310977648,0.7497115295714669
2016/17,295,soft_blend_h10,0.2965723777210031,1.1357459549498061,0.6923799139566555
2016/17,294,soft_blend_h10,0.1246302591014006,1.2235331809703633,0.7474298187836753
2016/17,293,soft_blend_h10,0.15446161780066694,0.6787602388329123,0.36444181955919314
2016/17,292,soft_blend_h10,0.32251759874366764,1.2525335572260177,0.7653741850272561
2016/17,291,soft_blend_h10,0.07866832281821882,0.45832563890831385,0.20520266568143705
2016/17,290,soft_blend_h10,0.16209599365702446,1.3235882648901127,0.862686028940167
2016/17,289,soft_blend_h10,0.12944659197505787,1.170067470572321,0.7345158218223248
2016/17,288,soft_blend_h10,0.11808585601745425,1.1599546232695541,0.7074534043454299
2016/17,287,soft_blend_h10,0.3414476773488288,1.2238203475273919,0.7592020242391413
2016/17,296,soft_blend_h10,0.2509511371129659,1.8118981307088036,1.2018958804471136
2016/17,261,soft_blend_h10,0.18881286323547192,0.802826135039542,0.45702256096445404
2016/17,283,soft_blend_h10,0.221729758676934,1.5794480298826847,1.073754476404048
2016/17,259,soft_blend_h10,0.22677293504413915,1.6756056114258824,1.114198199241891
2016/17,235,soft_blend_h10,0.315472894488975,1.1770204849660257,0.7218364255189212
2016/17,234,soft_blend_h10,0.1631943308001032,1.4080944866487215,0.8970043076337358
2016/17,233,soft_blend_h10,0.22346018020706754,0.9257668797055378,0.5472541090518989
2016/17,232,soft_blend_h10,0.07553454488861261,0.45335906273755333,0.20378396728657588
2016/17,231,soft_blend_h10,0.16356761461563596,1.3133746566346234,0.861626295186434
2016/17,230,soft_blend_h10,0.2664205753281825,1.039621058721984,0.6272771579250309
2016/17,229,soft_blend_h10,0.12134188045999422,1.1921986560016602,0.7277220162776424
2016/17,228,soft_blend_h10,0.2798764449274634,1.0360421214489137,0.6306544376576462
2016/17,226,soft_blend_h10,0.21209684606989246,0.9085106285181227,0.5372485593850296
2016/17,236,soft_blend_h10,0.32556094895640686,1.1872234811145688,0.7322459955017131
2016/17,225,soft_blend_h10,0.13226048831061535,0.6352494230473874,0.33305155965566813
2016/17,223,soft_blend_h10,0.12319604801950534,1.1646243599585173,0.7196812575820847
2016/17,222,soft_blend_h10,0.13883719473330025,1.3595130103038418,0.830041738708046
2016/17,221,soft_blend_h10,0.1621706988869018,0.7652284981528242,0.43920515739476756
2016/17,220,soft_blend_h10,0.13387340973767317,0.6342927521583674,0.3315412148532736
2016/17,219,soft_blend_h10,0.34509746101752753,1.2465459769961538,0.7715710145694168
2016/17,218,soft_blend_h10,0.09688262252788585,0.5167246635141435,0.2455947341752541
2016/17,217,soft_blend_h10,0.02160639507882753,0.21549059002587884,0.0573258558207945
2016/17,216,soft_blend_h10,0.1029212342143983,0.558137404737688,0.2822515513883158
2016/17,260,soft_blend_h10,0.480346754255367,1.5804136567058327,1.0089097039725528
2016/17,224,soft_blend_h10,0.2952138885454636,1.1360450970750764,0.6922186869143643
2016/17,237,soft_blend_h10,0.015160045772336806,0.17646073685681563,0.03979501855751142
2016/17,227,soft_blend_h10,0.021975541375257476,0.21822742303114312,0.05878893180290372
2016/17,258,soft_blend_h10,0.20098911151465904,0.8710341501107738,0.510075208643803
2016/17,238,soft_blend_h10,0.26062721203259187,1.0298475787461365,0.6201527740157222
2016/17,257,soft_blend_h10,0.09187001829171092,0.5062259450068596,0.23951079691344188
2016/17,256,soft_blend_h10,0.16711768652491904,0.7382142183246334,0.409095087297229
2016/17,255,soft_blend_h10,0.13914041038122357,0.6776855898679941,0.3697528939272843
2016/17,254,soft_blend_h10,0.046736288182538895,0.3351128731231737,0.12354478909344117
2016/17,253,soft_blend_h10,0.328312726930546,1.2131717356314917,0.7462040370454599
2016/17,251,soft_blend_h10,0.13726022137947377,0.6594407821814467,0.3526242181732661
2016/17,250,soft_blend_h10,0.3230939852249942,1.2117855486273474,0.7430910255578398
2016/17,249,soft_blend_h10,0.18788154806854002,0.8041115335496257,0.4581401077320465
2016/17,248,soft_blend_h10,0.38781720487844284,1.4194696436704053,0.871744193859008
2016/17,252,soft_blend_h10,0.06862332183842718,0.41662618089920367,0.175392466274851
2016/17,239,soft_blend_h10,0.3023983273141784,1.1154683427035468,0.683883433916233
2016/17,246,soft_blend_h10,0.2008650813829727,0.8340550270223339,0.4800683621764055
2016/17,245,soft_blend_h10,0.1674313926691538,0.7542347912478521,0.4227675638843759
2016/17,244,soft_blend_h10,0.15578759413301815,1.2003688108821373,0.8000599533095368
2016/17,243,soft_blend_h10,0.4825727558830965,1.6435267594528618,1.025666657087548
2016/17,242,soft_blend_h10,0.18106500500406347,0.8008479093645371,0.45776082683229175
2016/17,241,soft_blend_h10,0.28224247063405344,1.1013338684118958,0.6687188991171974
2016/17,240,soft_blend_h10,0.0962462715372658,0.4931674283772564,0.2274617612117494
2016/17,247,soft_blend_h10,0.2133558327884542,0.8446584726009223,0.4900875612123481
2016/17,215,soft_blend_h17,0.36553456023225106,1.355376551329292,0.831908795645188
2016/17,281,soft_blend_h17,0.2565488728620469,1.0291356932344493,0.6196153100687063
2016/17,280,soft_blend_h17,0.186867709464504,0.8015492730866481,0.4562777176316533
2016/17,279,soft_blend_h17,0.20390623107320058,0.8552721337739926,0.4958195397714428
2016/17,278,soft_blend_h17,0.2733880727843805,1.0595008294936716,0.6411056565754564
2016/17,277,soft_blend_h17,0.31633858435717244,2.0333414069890074,1.3880164839879303
2016/17,276,soft_blend_h17,0.22188369294946098,0.9033273730934589,0.5306601532624202
2016/17,275,soft_blend_h17,0.2873158665662318,1.0457362150618559,0.6402435993915015
2016/17,274,soft_blend_h17,0.1413950995616215,1.2640012031806758,0.797565831444209
2016/17,273,soft_blend_h17,0.11008983800220981,0.5679200708824476,0.284292231740961
2016/17,272,soft_blend_h17,0.09764343375155185,0.5254738401794266,0.2532255221322868
2016/17,271,soft_blend_h17,0.2845062689776853,1.0690430551189363,0.6504888764624762
2016/17,270,soft_blend_h17,0.14077681529940916,1.2449541967436308,0.7885629984866901
2016/17,269,soft_blend_h17,0.29883110060993745,1.1223832874380741,0.685704369650914
2016/17,268,soft_blend_h17,0.07307521038685699,0.4502419848931905,0.20431752478085585
2016/17,267,soft_blend_h17,0.30448286227579474,1.9024480811085245,1.3328214113115255
2016/17,266,soft_blend_h17,0.5589242955322268,1.8501598006922222,1.159622231874566
2016/17,265,soft_blend_h17,0.3774904479897693,1.4064664081334146,0.8605502051322631
2016/17,264,soft_blend_h17,0.3927411571164643,1.3675026927625034,0.8560246480679561
2016/17,263,soft_blend_h17,0.11611182993052553,0.5654114082970101,0.27978141690434494
2016/17,282,soft_blend_h17,0.12953946033359387,1.2488388741622731,0.7676794464402493
2016/17,284,soft_blend_h17,0.43259020754026173,1.582773761154454,0.9619438912839453
2016/17,285,soft_blend_h17,0.009062682501776116,0.12966995280022306,0.022203883254644362
2016/17,286,soft_blend_h17,0.055945534106601934,0.3736955650622736,0.1482656958881233
2016/17,306,soft_blend_h17,0.3965152838788453,1.3970737795171773,0.8696251534593407
2016/17,305,soft_blend_h17,0.22075016257974406,0.9046117365489835,0.5315873944985487
2016/17,304,soft_blend_h17,0.2584153868599703,1.7451486379726968,1.1980845160254392
2016/17,303,soft_blend_h17,0.21922048142443093,1.5462193303509724,1.0577282244327568
2016/17,302,soft_blend_h17,0.13616205773834228,1.338421189498711,0.8165853086789612
2016/17,301,soft_blend_h17,0.022789196443173766,0.21944809903809884,0.05876967311594717
2016/17,300,soft_blend_h17,0.013747282938189853,0.1664508476160071,0.03563536605209842
2016/17,299,soft_blend_h17,0.1225141166210775,1.1236551116952473,0.700532574991478
2016/17,298,soft_blend_h17,0.20635041314089014,0.8821063183184169,0.5170503651571536
2016/17,262,soft_blend_h17,0.12633002049221237,1.229727903805497,0.7533972572546034
2016/17,297,soft_blend_h17,0.1272340766220935,1.2443087298046516,0.7612127816485392
2016/17,295,soft_blend_h17,0.3133414722621819,1.17955624870517,0.7222672857786678
2016/17,294,soft_blend_h17,0.12768826446048426,1.2466672378048829,0.7630880103837371
2016/17,293,soft_blend_h17,0.1466410955776118,0.6557225427985883,0.34708958059138006
2016/17,292,soft_blend_h17,0.3185106831416541,1.2621120247176763,0.7711338247291151
2016/17,291,soft_blend_h17,0.07509155052695791,0.4446967689005874,0.19554493770327117
2016/17,290,soft_blend_h17,0.1607112453840217,1.3160529531516216,0.8569657599702738
2016/17,289,soft_blend_h17,0.1347137145806468,1.195183935859355,0.7557268488878757
2016/17,288,soft_blend_h17,0.11643526655749808,1.1471224766711003,0.6986096122125897
2016/17,287,soft_blend_h17,0.33727045141829093,1.2079369570620522,0.7493676047782211
2016/17,296,soft_blend_h17,0.2524748994645912,1.813892161890875,1.2054879869651836
2016/17,261,soft_blend_h17,0.20739933416444414,0.8554710709219526,0.4958105564067809
2016/17,283,soft_blend_h17,0.22399885445245737,1.5953008403534357,1.083449825753985
2016/17,259,soft_blend_h17,0.23764729714406352,1.729910797443866,1.1521295142413943
2016/17,235,soft_blend_h17,0.3037710565786082,1.1438825959866974,0.6993458550958607
2016/17,234,soft_blend_h17,0.16717894381879264,1.423513398505147,0.9106419086619232
2016/17,233,soft_blend_h17,0.23942494430125127,0.9700204640132345,0.5783714203170652
2016/17,232,soft_blend_h17,0.06799111015900376,0.4241105881770834,0.18314059506327668
2016/17,231,soft_blend_h17,0.1619204697000434,1.3169706546167161,0.8597443291464406
2016/17,230,soft_blend_h17,0.2624467583438695,1.043070688769093,0.6291367822183135
2016/17,229,soft_blend_h17,0.12181669698250541,1.1946979452288569,0.7297276466002183
2016/17,228,soft_blend_h17,0.3032765873233553,1.0984705622300674,0.6762037309729123
2016/17,226,soft_blend_h17,0.19677672757460768,0.8587040200903173,0.5014063269667369
2016/17,236,soft_blend_h17,0.32612220885175874,1.1954752007889196,0.7364763052025434
2016/17,225,soft_blend_h17,0.1280105915734497,0.6237757172218644,0.32491098307206634
2016/17,223,soft_blend_h17,0.1308691773253748,1.1924738604634069,0.7468929621681771
2016/17,222,soft_blend_h17,0.13889418125383063,1.3534461113726823,0.8278354176531011
2016/17,221,soft_blend_h17,0.1640904230509087,0.7754609339790228,0.44849640631932486
2016/17,220,soft_blend_h17,0.13410743494269212,0.633653789257274,0.3309316349313118
2016/17,219,soft_blend_h17,0.3449397268309855,1.2387594345463901,0.7680880801530838
2016/17,218,soft_blend_h17,0.08915556750415418,0.4928417292388629,0.22897703905643643
2016/17,217,soft_blend_h17,0.019401982091272415,0.20249569087832744,0.05116700359236942
2016/17,216,soft_blend_h17,0.10197728121936915,0.5555257864398843,0.2806584476099035
2016/17,260,soft_blend_h17,0.5052590474045096,1.6432515848826725,1.0532792459749694
2016/17,224,soft_blend_h17,0.27245790191831737,1.0644366939308352,0.6440151277607158
2016/17,237,soft_blend_h17,0.016027403995615655,0.18228106647301645,0.04228572383132509
2016/17,227,soft_blend_h17,0.021443905785399977,0.21518746866173227,0.05731281073351453
2016/17,258,soft_blend_h17,0.22555915551878034,0.9406396231463059,0.5585062726609723
2016/17,238,soft_blend_h17,0.2691443734226269,1.0526660285943739,0.6360212223791556
2016/17,257,soft_blend_h17,0.1023327698579062,0.5415285061332028,0.26491050989568593
2016/17,256,soft_blend_h17,0.1665821552137404,0.7350745743742092,0.40666273228274447
2016/17,255,soft_blend_h17,0.1383784847427542,0.6761167155994717,0.3689330348440835
2016/17,254,soft_blend_h17,0.05961469319272054,0.3853459325672265,0.15514979472722837
2016/17,253,soft_blend_h17,0.3499636419832809,1.2715173432124496,0.7856877745546254
2016/17,251,soft_blend_h17,0.1347269346443225,0.6528262154972236,0.348090537831975
2016/17,250,soft_blend_h17,0.32043686566261537,1.2006062914138134,0.7361978722773792
2016/17,249,soft_blend_h17,0.19058564450982537,0.8141145535418083,0.4656140927503405
2016/17,248,soft_blend_h17,0.38437992969306006,1.3991145648456615,0.8613749940746864
2016/17,252,soft_blend_h17,0.07411016940811936,0.4354732148992698,0.18801150853296753
2016/17,239,soft_blend_h17,0.2974314237915176,1.1034224406749966,0.6750598263346721
2016/17,246,soft_blend_h17,0.20390698042165523,0.8459640305139104,0.488817135991256
2016/17,245,soft_blend_h17,0.17038768858788933,0.7634745497067487,0.42958996067455496
2016/17,244,soft_blend_h17,0.15065617253624006,1.182286946923543,0.7821480635935376
2016/17,243,soft_blend_h17,0.4909097737453781,1.6711020637553973,1.0413722305810709
2016/17,242,soft_blend_h17,0.1733250811985722,0.7755112937707606,0.43896232294346904
2016/17,241,soft_blend_h17,0.2942343196448798,1.1384232625392166,0.6934418009703506
2016/17,240,soft_blend_h17,0.09261719978303701,0.48064009393791113,0.21857692700073147
2016/17,247,soft_blend_h17,0.19338409937455134,0.7891688179716435,0.44808661724930265
2016/17,215,cosine_taper_k30,0.3767300408409694,1.39261441514252,0.8541391878380187
2016/17,281,cosine_taper_k30,0.29284178892851875,1.1390397151183298,0.6936034705574374
2016/17,280,cosine_taper_k30,0.2144406012652781,0.8872229535476404,0.5190491873423637
2016/17,279,cosine_taper_k30,0.18654048707536466,0.8090980048151083,0.4625512640057783
2016/17,278,cosine_taper_k30,0.29462701657843354,1.130617348383702,0.6888835398199756
2016/17,277,cosine_taper_k30,0.3068882254079639,1.9616854839147324,1.3523083619026113
2016/17,276,cosine_taper_k30,0.19186422732724218,0.8120390231287984,0.4638343254310344
2016/17,275,cosine_taper_k30,0.2752685412510248,1.0208240520413923,0.6201163337259266
2016/17,274,cosine_taper_k30,0.14905905729727384,1.2783053499964727,0.8186675568504397
2016/17,273,cosine_taper_k30,0.1012120221869853,0.5356729767852706,0.26016335531175816
2016/17,272,cosine_taper_k30,0.08275285987551104,0.46977018835628853,0.21249555663303984
2016/17,271,cosine_taper_k30,0.26205656784563613,1.0025946305304194,0.6035746474983201
2016/17,270,cosine_taper_k30,0.14308913675055246,1.2561214679823531,0.7977517895738094
2016/17,269,cosine_taper_k30,0.29710393592682893,1.1232594313033795,0.6854841712696211
2016/17,268,cosine_taper_k30,0.08295603487530533,0.4900610922084534,0.2343542263080414
2016/17,267,cosine_taper_k30,0.3095291252978432,1.939202714845604,1.3521048942593707
2016/17,266,cosine_taper_k30,0.5930468689466325,1.9618109836810502,1.222352939914808
2016/17,265,cosine_taper_k30,0.3793561683811136,1.390164785792895,0.8545931991689723
2016/17,264,cosine_taper_k30,0.34359946255541957,1.2395585158906925,0.7675134381013622
2016/17,263,cosine_taper_k30,0.11946471005203298,0.5758873887274684,0.28750014842924
2016/17,282,cosine_taper_k30,0.1276549516705592,1.2337093863696222,0.757692657112551
2016/17,284,cosine_taper_k30,0.4663835803247033,1.6515767767331728,1.0109321459601466
2016/17,285,cosine_taper_k30,0.009234339963474081,0.13117751995330118,0.02269576764811868
2016/17,286,cosine_taper_k30,0.04849239199820476,0.342189848022484,0.12786648005433315
2016/17,306,cosine_taper_k30,0.40813134612398366,1.4449250307388188,0.8959893178261005
2016/17,305,cosine_taper_k30,0.2528441950972838,1.0021501954710692,0.6009842549834841
2016/17,304,cosine_taper_k30,0.2606335377481608,1.7481179415465962,1.2033757313376845
2016/17,303,cosine_taper_k30,0.21184299604752863,1.5143254495025955,1.0321538437097475
2016/17,302,cosine_taper_k30,0.13751871695511103,1.3525806834779746,0.8247527557529382
2016/17,301,cosine_taper_k30,0.023967140890873696,0.22540272540090178,0.06159990123980498
2016/17,300,cosine_taper_k30,0.012323678218081825,0.1561975690484786,0.03161831634811536
2016/17,299,cosine_taper_k30,0.11668133432655695,1.1248158009416496,0.6893761821537678
2016/17,298,cosine_taper_k30,0.20644576021951117,0.8782616218254686,0.5137333517998831
2016/17,262,cosine_taper_k30,0.12789395972527662,1.2465613115569067,0.7634560063725391
2016/17,297,cosine_taper_k30,0.12373603249597147,1.2155909237099158,0.7423354467187027
2016/17,295,cosine_taper_k30,0.28565879626225865,1.1074324494061778,0.6730369839566517
2016/17,294,cosine_taper_k30,0.12296465247760813,1.2083280283759925,0.7377562212594241
2016/17,293,cosine_taper_k30,0.15981661636137012,0.6944972672190178,0.3763132590491943
2016/17,292,cosine_taper_k30,0.3253602588509518,1.2461671661672564,0.7622490082827671
2016/17,291,cosine_taper_k30,0.081111422687878,0.46756167145811167,0.2118042422523604
2016/17,290,cosine_taper_k30,0.1630291882052085,1.3286686893016297,0.8665338975789727
2016/17,289,cosine_taper_k30,0.1260942537227968,1.1535861911736598,0.7207242629533022
2016/17,288,cosine_taper_k30,0.11959701771647073,1.169075338237588,0.7143918625905028
2016/17,287,cosine_taper_k30,0.344400013185121,1.2351394895110488,0.7661558026152244
2016/17,296,cosine_taper_k30,0.2499373106248435,1.8105644001303323,1.1995034896118728
2016/17,261,cosine_taper_k30,0.17460622237594325,0.7625925473893963,0.4273280938984815
2016/17,283,cosine_taper_k30,0.22014215266466414,1.5684519078976118,1.0669663126451898
2016/17,259,cosine_taper_k30,0.21836151746615512,1.6341625585602515,1.084561769912478
2016/17,235,cosine_taper_k30,0.3245886637470877,1.2031208741956259,0.7393728554025618
2016/17,234,cosine_taper_k30,0.16046368184251597,1.3972992386704883,0.8875390546538213
2016/17,233,cosine_taper_k30,0.21251980528417452,0.8955214940356645,0.5259515177696346
2016/17,232,cosine_taper_k30,0.08112629624113255,0.4746380741652496,0.21909662225796356
2016/17,231,cosine_taper_k30,0.16477823633212196,1.3108316030303333,0.8630468170064874
2016/17,230,cosine_taper_k30,0.26936511930083096,1.0371812106600058,0.6265030161376296
2016/17,229,cosine_taper_k30,0.12108378064341746,1.1904295301225163,0.7264574265566889
2016/17,228,cosine_taper_k30,0.26390129510195465,0.994007588413722,0.5995982968767131
2016/17,226,cosine_taper_k30,0.22332004455383136,0.9454087235937154,0.5634593421594238
2016/17,236,cosine_taper_k30,0.3251416966582171,1.1809595909168213,0.7290705914839336
2016/17,225,cosine_taper_k30,0.1349917890413499,0.6425753093125777,0.33828743483116935
2016/17,223,cosine_taper_k30,0.11917510213366109,1.1474012546986032,0.7042101032847995
2016/17,222,cosine_taper_k30,0.1389025690531811,1.363369523031248,0.831642636131992
2016/17,221,cosine_taper_k30,0.16097335225652606,0.7588099436598003,0.4334273619819873
2016/17,220,cosine_taper_k30,0.13372712309679732,0.6346971184770615,0.33193500132415665
2016/17,219,cosine_taper_k30,0.3452056655580856,1.2515025923773533,0.7738233644537238
2016/17,218,cosine_taper_k30,0.10194989667082306,0.532130952036218,0.25647209111205543
2016/17,217,cosine_taper_k30,0.023062574415729314,0.22379814569191117,0.06140492486449169
2016/17,216,cosine_taper_k30,0.10343037071115152,0.5595415895344507,0.2831118705089284
2016/17,260,cosine_taper_k30,0.46097948790759713,1.5328089812147354,0.9747780599229066
2016/17,224,cosine_taper_k30,0.31009891070680623,1.1841379442763011,0.7237098272246444
2016/17,237,cosine_taper_k30,0.014513555118531704,0.17203308270875936,0.03794355931214982
2016/17,227,cosine_taper_k30,0.022356629666484946,0.22038947328741293,0.059847500691802634
2016/17,258,cosine_taper_k30,0.18250602540835043,0.8186063368369209,0.4736783153712384
2016/17,238,cosine_taper_k30,0.25422482927926,1.0127445666038,0.6082441344338945
2016/17,257,cosine_taper_k30,0.08390655380201387,0.4788366133546884,0.2201265144548027
2016/17,256,cosine_taper_k30,0.167548740537517,0.7407347326309248,0.4110559580078903
2016/17,255,cosine_taper_k30,0.13975358114407765,0.6789433028895625,0.37041761090124214
2016/17,254,cosine_taper_k30,0.0375698852320864,0.29664249814521276,0.10090454922462856
2016/17,253,cosine_taper_k30,0.31157608291099664,1.1687997451128447,0.7158471869521625
2016/17,251,cosine_taper_k30,0.13929844323805762,0.6647363152873021,0.35627786280037016
2016/17,250,cosine_taper_k30,0.32521706696620745,1.2207725447344202,0.7486030080919965
2016/17,249,cosine_taper_k30,0.18574426537695238,0.796221693578144,0.452239798493283
2016/17,248,cosine_taper_k30,0.3905707398337635,1.4359702624575328,0.8800786657703856
2016/17,252,cosine_taper_k30,0.06441233830345146,0.4018768639258817,0.16568590255420182
2016/17,239,cosine_taper_k30,0.3062306096936279,1.1247778958408097,0.6907043276545637
2016/17,246,cosine_taper_k30,0.19846325319682107,0.8246777681951516,0.47317568374976815
2016/17,245,cosine_taper_k30,0.16509763478867487,0.7469420137260935,0.4173793427597125
2016/17,244,cosine_taper_k30,0.15999770596158155,1.2149962987407643,0.8146106712087103
2016/17,243,cosine_taper_k30,0.47625197317169554,1.6229432217169253,1.0137708765239775
2016/17,242,cosine_taper_k30,0.18709787644975867,0.820663589469535,0.47240365024093184
2016/17,241,cosine_taper_k30,0.2732530340409963,1.0738741862630548,0.6501765708042864
2016/17,240,cosine_taper_k30,0.0990684853753814,0.5028532062045515,0.23437614165088172
2016/17,247,cosine_taper_k30,0.22997688220540138,0.8911304448204997,0.5249913286550308
2016/17,215,current_only,0.380715668715313,1.4060639470922025,0.8620539340529239
2016/17,281,current_only,0.29284178892851875,1.1390397151183298,0.6936034705574374
2016/17,280,current_only,0.2144406012652781,0.8872229535476404,0.5190491873423637
2016/17,279,current_only,0.18654048707536466,0.8090980048151083,0.4625512640057783
2016/17,278,current_only,0.29462701657843354,1.130617348383702,0.6888835398199756
2016/17,277,current_only,0.3068882254079639,1.9616854839147324,1.3523083619026113
2016/17,276,current_only,0.19186422732724218,0.8120390231287984,0.4638343254310344
2016/17,275,current_only,0.2752685412510248,1.0208240520413923,0.6201163337259266
2016/17,274,current_only,0.14905905729727384,1.2783053499964727,0.8186675568504397
2016/17,273,current_only,0.1012120221869853,0.5356729767852706,0.26016335531175816
2016/17,272,current_only,0.08275285987551104,0.46977018835628853,0.21249555663303984
2016/17,271,current_only,0.26205656784563613,1.0025946305304194,0.6035746474983201
2016/17,270,current_only,0.14308913675055246,1.2561214679823531,0.7977517895738094
2016/17,269,current_only,0.29710393592682893,1.1232594313033795,0.6854841712696211
2016/17,268,current_only,0.08295603487530533,0.4900610922084534,0.2343542263080414
2016/17,267,current_only,0.3095291252978432,1.939202714845604,1.3521048942593707
2016/17,266,current_only,0.5930468689466325,1.9618109836810502,1.222352939914808
2016/17,265,current_only,0.3793561683811136,1.390164785792895,0.8545931991689723
2016/17,264,current_only,0.34359946255541957,1.2395585158906925,0.7675134381013622
2016/17,263,current_only,0.11946471005203298,0.5758873887274684,0.28750014842924
2016/17,282,current_only,0.1276549516705592,1.2337093863696222,0.757692657112551
2016/17,284,current_only,0.4663835803247033,1.6515767767331728,1.0109321459601466
2016/17,285,current_only,0.009234339963474081,0.13117751995330118,0.02269576764811868
2016/17,286,current_only,0.04849239199820476,0.342189848022484,0.12786648005433315
2016/17,306,current_only,0.40813134612398366,1.4449250307388188,0.8959893178261005
2016/17,305,current_only,0.2528441950972838,1.0021501954710692,0.6009842549834841
2016/17,304,current_only,0.2606335377481608,1.7481179415465962,1.2033757313376845
2016/17,303,current_only,0.21184299604752863,1.5143254495025955,1.0321538437097475
2016/17,302,current_only,0.13751871695511103,1.3525806834779746,0.8247527557529382
2016/17,301,current_only,0.023967140890873696,0.22540272540090178,0.06159990123980498
2016/17,300,current_only,0.012323678218081825,0.1561975690484786,0.03161831634811536
2016/17,299,current_only,0.11668133432655695,1.1248158009416496,0.6893761821537678
2016/17,298,current_only,0.20644576021951117,0.8782616218254686,0.5137333517998831
2016/17,262,current_only,0.12789395972527662,1.2465613115569067,0.7634560063725391
2016/17,297,current_only,0.12373603249597147,1.2155909237099158,0.7423354467187027
2016/17,295,current_only,0.28565879626225865,1.1074324494061778,0.6730369839566517
2016/17,294,current_only,0.12296465247760813,1.2083280283759925,0.7377562212594241
2016/17,293,current_only,0.15981661636137012,0.6944972672190178,0.3763132590491943
2016/17,292,current_only,0.3253602588509518,1.2461671661672564,0.7622490082827671
2016/17,291,current_only,0.081111422687878,0.46756167145811167,0.2118042422523604
2016/17,290,current_only,0.1630291882052085,1.3286686893016297,0.8665338975789727
2016/17,289,current_only,0.1260942537227968,1.1535861911736598,0.7207242629533022
2016/17,288,current_only,0.11959701771647073,1.169075338237588,0.7143918625905028
2016/17,287,current_only,0.344400013185121,1.2351394895110488,0.7661558026152244
2016/17,296,current_only,0.2499373106248435,1.8105644001303323,1.1995034896118728
2016/17,261,current_only,0.17431654178897757,0.7617711317892849,0.4267221459890387
2016/17,283,current_only,0.22014215266466414,1.5684519078976118,1.0669663126451898
2016/17,259,current_only,0.2181890182410242,1.6333169685740843,1.0839510940706616
2016/17,235,current_only,0.32632438971800615,1.2081211330450057,0.7427134973261403
2016/17,234,current_only,0.15951625899760574,1.3935060945890436,0.8842304169647999
2016/17,233,current_only,0.2087239972671618,0.8850318467271578,0.5185649346041558
2016/17,232,current_only,0.083153324740904,0.4822794447660535,0.22464946360882124
2016/17,231,current_only,0.16521511841486308,1.3099330556546698,0.863566607957035
2016/17,230,current_only,0.27043230880428226,1.0363190691502853,0.6263373998343372
2016/17,229,current_only,0.12100808270491059,1.1898041104852908,0.7260412820798258
2016/17,228,current_only,0.2583711180700576,0.9795432512259863,0.5888557661470237
2016/17,226,current_only,0.22736314126351495,0.9588017464737145,0.5728926833411419
2016/17,236,current_only,0.32506358075402375,1.1797825020784531,0.728477409740914
2016/17,225,current_only,0.13666624336801478,0.6470490831429456,0.3414988841493686
2016/17,223,current_only,0.11704871190306376,1.1370882199198185,0.6954757833962979
2016/17,222,current_only,0.13898059464142135,1.3657180379488105,0.8326921487402363
2016/17,221,current_only,0.16025285196355188,0.7549333246782345,0.4299571924701808
2016/17,220,current_only,0.13363897153246063,0.6349426838274365,0.3321771698558702
2016/17,219,current_only,0.3452745436090865,1.254523718279153,0.7752093849233045
2016/17,218,current_only,0.105094129967474,0.5416010291061647,0.2632140854015606
2016/17,217,current_only,0.023969981634563813,0.22887543024374965,0.06395063447590979
2016/17,216,current_only,0.10394560978867927,0.5609594926098227,0.2839832420311095
2016/17,260,current_only,0.4605813556973313,1.531840696664027,0.9740799428640625
2016/17,224,current_only,0.3193211908449998,1.2145043823691593,0.7432062811623316
2016/17,237,current_only,0.014393240157427573,0.1712001461621527,0.037599492580604146
2016/17,227,current_only,0.022492301566990447,0.22115583615320628,0.06022445263508294
2016/17,258,current_only,0.1821320891094822,0.8175425471038138,0.47294232141532716
2016/17,238,current_only,0.2530279276505323,1.0095511864961524,0.6060198085711468
2016/17,257,current_only,0.08374450934814023,0.47827377309582736,0.219731557161307
2016/17,256,current_only,0.16755774508207055,0.7407873232049998,0.411096948459543
2016/17,255,current_only,0.1397663889984873,0.6789695281782048,0.3704315417686813
2016/17,254,current_only,0.037389686259737064,0.2958563785232369,0.10045793173723855
2016/17,253,current_only,0.3112329551657872,1.16789573590736,0.7152264391482399
2016/17,251,current_only,0.13946686701695027,0.6651728806989216,0.3565800055047006
2016/17,250,current_only,0.3253919268645411,1.2215149193862063,0.7490571489957054
2016/17,249,current_only,0.18556915213430264,0.7955758754339538,0.45175664961500916
2016/17,248,current_only,0.39079780336042175,1.437338872748232,0.8807670405580139
2016/17,252,current_only,0.06407231293952681,0.40067402831587184,0.1649012311568186
2016/17,239,current_only,0.3069567879605341,1.126543590140566,0.6919980608630454
2016/17,246,current_only,0.1982665622655904,0.8239108145433558,0.47261183109271643
2016/17,245,current_only,0.16490653734165248,0.7463448752289025,0.416938034758053
2016/17,244,current_only,0.16034877672939188,1.2162083124131806,0.8158184660807098
2016/17,243,current_only,0.47506500866940027,1.6191078705471855,1.0115381269592152
2016/17,242,current_only,0.1882469190190471,0.8244455779902675,0.47519165672072905
2016/17,241,current_only,0.2715749510580425,1.0687783022121757,0.6467142989534582
2016/17,240,current_only,0.09960539878944794,0.5046906691421382,0.23569204186081114
2016/17,247,current_only,0.2313718604883696,0.8950484623627007,0.5279188379578674
2016/17,215,updating_prior,0.34260055414370993,1.2813631622647246,0.7863786580749036
2016/17,281,updating_prior,0.17612056025201586,0.7946117622544363,0.45523874227789485
2016/17,280,updating_prior,0.1255033975239768,0.6121646601687333,0.31569787594184107
2016/17,279,updating_prior,0.24926631980265979,0.9755476861654656,0.5830800167053404
2016/17,278,updating_prior,0.2257148030472097,0.9071078066201903,0.5336396503948895
2016/17,277,updating_prior,0.33964303326679196,2.2295272031214313,1.4757008057662537
2016/17,276,updating_prior,0.3029515328762562,1.1636758115664816,0.7101953896135291
2016/17,275,updating_prior,0.3176347545896401,1.1081339820635232,0.6918418717866198
2016/17,274,updating_prior,0.12808402860260226,1.2305104771035638,0.7572290133317309
2016/17,273,updating_prior,0.1329150566809785,0.6497706771019507,0.34658508593114046
2016/17,272,updating_prior,0.13842830950560014,0.6732438193647705,0.36571856407867037
2016/17,271,updating_prior,0.34224479560765336,1.2490790512499603,0.7709003551164282
2016/17,270,updating_prior,0.13573787701326598,1.2201415917934717,0.768235191031518
2016/17,269,updating_prior,0.30283530544876813,1.1204040293148585,0.6866115172814484
2016/17,268,updating_prior,0.05308014875273218,0.36561392741097803,0.14416449783249646
2016/17,267,updating_prior,0.29323187734812456,1.8239697614561634,1.289740848116554
2016/17,266,updating_prior,0.4861970809833444,1.635858152118078,1.0280828461240419
2016/17,265,updating_prior,0.37379579218031,1.4443563836805207,0.8767993167061452
2016/17,264,updating_prior,0.5185726030486769,1.736797121939791,1.0879184647844706
2016/17,263,updating_prior,0.10870411398539151,0.5421090923712385,0.26271374700293637
2016/17,282,updating_prior,0.13447827183709557,1.2883209840374712,0.7935187162223929
2016/17,284,updating_prior,0.3567711491602844,1.4267556910214896,0.8664479211779346
2016/17,285,updating_prior,0.008634764710008508,0.12585172884269374,0.02098270597832698
2016/17,286,updating_prior,0.07727558388284234,0.4584707610400836,0.20689440500611772
2016/17,306,updating_prior,0.36444506838332397,1.272464237693207,0.796931399074541
2016/17,305,updating_prior,0.141914515071169,0.670373337523321,0.3599204361154065
2016/17,304,updating_prior,0.2522391063929336,1.736763027274432,1.1833067644916655
2016/17,303,updating_prior,0.24126350428322174,1.6427793566216342,1.1330633787257511
2016/17,302,updating_prior,0.1323473456018566,1.299265642030259,0.7936134314903964
2016/17,301,updating_prior,0.01960790432979539,0.2027266867445889,0.05110556733725316
2016/17,300,updating_prior,0.0182274338612239,0.1961588234154906,0.048412838782139166
2016/17,299,updating_prior,0.1575872602079034,1.1203658653955169,0.7692342703794947
2016/17,298,updating_prior,0.20617562803366496,0.8931072819727991,0.5269903701208724
2016/17,262,updating_prior,0.12288549239380855,1.1926602622387725,0.7310043898088668
2016/17,297,updating_prior,0.1403508055284097,1.325818607909154,0.8200663280317416
2016/17,295,updating_prior,0.39565100887706345,1.4038734356113383,0.8713479984536601
2016/17,294,updating_prior,0.14984028975606548,1.3576080775161408,0.8513203746555918
2016/17,293,updating_prior,0.11409195067542026,0.5584284831846329,0.27464317808244937
2016/17,292,updating_prior,0.3040116887229125,1.3062555152749948,0.8131188785857998
2016/17,291,updating_prior,0.060071901032343604,0.38573426042926534,0.1550979400381672
2016/17,290,updating_prior,0.15461799313877067,1.2829252595298528,0.8316394590350482
2016/17,289,updating_prior,0.16223002816462878,1.316357954158014,0.8601230359790091
2016/17,288,updating_prior,0.11604398309900213,1.093448111060067,0.6742342625359993
2016/17,287,updating_prior,0.31950721329112863,1.1420100480503252,0.7076075468181278
2016/17,296,updating_prior,0.2594670149774117,1.8228882914978004,1.221918265215253
2016/17,261,updating_prior,0.28821694680415555,1.0904611259600834,0.663856364058884
2016/17,283,updating_prior,0.23395804816674629,1.6669100068396419,1.125913437258818
2016/17,259,updating_prior,0.2836268545680148,1.973520811686263,1.3086320214446847
2016/17,235,updating_prior,0.2636938432777425,1.0328897691560428,0.6225176949607789
2016/17,234,updating_prior,0.1822442597275527,1.4789826953200924,0.9606742090069976
2016/17,233,updating_prior,0.2997889245190105,1.1409593389098074,0.6963044950528888
2016/17,232,updating_prior,0.044878913193543694,0.3287114880919335,0.12002317276380493
2016/17,231,updating_prior,0.15674106093478563,1.3295595737884944,0.8543044454735826
2016/17,230,updating_prior,0.2502568112508141,1.055143205635763,0.6425755656431857
2016/17,229,updating_prior,0.12447385133562464,1.2034258567901712,0.7387179488113107
2016/17,228,updating_prior,0.3925300139325503,1.3516870094794156,0.8504528381991856
2016/17,226,updating_prior,0.1481314538953925,0.7027925425975008,0.38700266485747903
2016/17,236,updating_prior,0.3282651605107109,1.2257701399858827,0.752438593238133
2016/17,225,updating_prior,0.11438784216771637,0.586285304671903,0.29887521899826225
2016/17,223,updating_prior,0.16830352802291232,1.2918185647758955,0.8625646802910946
2016/17,222,updating_prior,0.1405152803791179,1.3333939838028603,0.8233432814636366
2016/17,221,updating_prior,0.17075745842900814,0.8105089308074072,0.4810070594194853
2016/17,220,updating_prior,0.13491562435799254,0.6315170829969503,0.32900622543521824
2016/17,219,updating_prior,0.3445304804582767,1.213117724467151,0.7571205955417388
2016/17,218,updating_prior,0.06581550398008666,0.4167806069961403,0.17849663716716693
2016/17,217,updating_prior,0.01289236243263121,0.16017011775674322,0.03313066558457885
2016/17,216,updating_prior,0.0989723393687147,0.5471382284040462,0.2756044603351755
2016/17,260,updating_prior,0.6093187301310734,1.9326130666534793,1.2433557419033265
2016/17,224,updating_prior,0.20318644145012302,0.8562781079161563,0.4967215697747809
2016/17,237,updating_prior,0.01935641752563146,0.20352760646315846,0.05190676007763814
2016/17,227,updating_prior,0.01964852871071421,0.2047020596338315,0.05233362163424191
2016/17,258,updating_prior,0.33628711542578654,1.2681336885247492,0.7772373169482804
2016/17,238,updating_prior,0.3011701381590243,1.1394479791227603,0.6959312559125009
2016/17,257,updating_prior,0.1482694146901322,0.6914356549974064,0.3757475932511344
2016/17,256,updating_prior,0.16453809591221388,0.7230031844167963,0.39741862939038786
2016/17,255,updating_prior,0.13546886282681503,0.6700617122251057,0.36586668010551887
2016/17,254,updating_prior,0.1244852584824792,0.6079695677218204,0.31245099610849236
2016/17,253,updating_prior,0.4416472125952344,1.5364823074164173,0.9550479440637418
2016/17,251,updating_prior,0.12553874280549807,0.628499406238904,0.3317206324706212
2016/17,250,updating_prior,0.3106167105099737,1.1599211758353205,0.710774711254779
2016/17,249,updating_prior,0.20086819003762174,0.8523884018077517,0.49412154261033137
2016/17,248,updating_prior,0.37176430211402184,1.3265506980888804,0.8236628800586804
2016/17,252,updating_prior,0.09653056187353294,0.5091895076995229,0.23930518779503362
2016/17,239,updating_prior,0.27996662782309756,1.0612044899648323,0.6441926165502054
2016/17,246,updating_prior,0.21550435879531718,0.8917444389530239,0.5223602712359522
2016/17,245,updating_prior,0.18166463692957444,0.7987620673284036,0.4555835725710816
2016/17,244,updating_prior,0.13305309916818436,1.1174995063805853,0.7189050817255134
2016/17,243,updating_prior,0.5215972433425535,1.7772311715838576,1.0993240775898554
2016/17,242,updating_prior,0.14685921043927888,0.689241031527838,0.37456437290570144
2016/17,241,updating_prior,0.3396310074008071,1.2847001412700405,0.7869189823858611
2016/17,240,updating_prior,0.08012861882217724,0.43678163388311037,0.18806241112505445
2016/17,247,updating_prior,0.12778154902841896,0.6054992514452705,0.30949669487712705
2017/18,275,v2_full,0.465656252874306,1.6406328177831828,1.0072829476074467
2017/18,276,v2_full,0.27320859261222563,1.0323508331359583,0.6251833461095806
2017/18,277,v2_full,0.054723391166248664,0.3582556013628554,0.13636160928445457
2017/18,278,v2_full,0.15066097804190903,0.714789398782414,0.3970828062084335
2017/18,282,v2_full,0.18581175976745037,0.7964994241215777,0.4524487135977253
2017/18,280,v2_full,0.06397407326228978,0.4024313936332381,0.16654559311008846
2017/18,281,v2_full,0.12722878039107027,1.1943249836900922,0.7403943247272249
2017/18,274,v2_full,0.257754804627057,1.0456706312091348,0.6314396179714696
2017/18,279,v2_full,0.12897500814620194,1.259507318330317,0.7709013199198713
2017/18,273,v2_full,0.38364371836843736,1.3152713004337426,0.8297283078758373
2017/18,263,v2_full,0.08239740881243904,0.4740031636093967,0.2168644881505706
2017/18,271,v2_full,0.13865338482879785,0.6574466333121339,0.3498528155434702
2017/18,270,v2_full,0.24404407971712444,1.015785695835627,0.6126518208969798
2017/18,269,v2_full,0.13822526089243486,1.3074219055068428,0.8085965884833385
2017/18,268,v2_full,0.22191044186919343,0.8908194162351231,0.5220442325687977
2017/18,267,v2_full,0.12509004590455583,0.6251962275234342,0.328681103674978
2017/18,266,v2_full,0.16182830413764485,1.3159757076489638,0.8591695555662322
2017/18,265,v2_full,0.024097508440148952,0.22865494537273262,0.06364339487980088
2017/18,264,v2_full,0.11758140289166757,0.5885252941838409,0.29856988341781415
2017/18,283,v2_full,0.028890521270871054,0.25735710000458956,0.07955917330831067
2017/18,272,v2_full,0.20963961328009897,0.8949595909311806,0.5266307189712504
2017/18,284,v2_full,0.4416516664103228,1.598770895078133,0.9739859156904381
2017/18,306,v2_full,0.3685408414288111,1.289572875990538,0.8068598961742061
2017/18,286,v2_full,0.1781934408200134,1.3968520631816193,0.9228320870362818
2017/18,262,v2_full,0.11617070318091413,1.1423157004937157,0.6959944420059078
2017/18,305,v2_full,0.192820801854865,0.7883468190023437,0.44737410778774783
2017/18,304,v2_full,0.23732119366012155,0.9359268012791955,0.554933882714512
2017/18,303,v2_full,0.11859474785995766,0.5956642680678662,0.30462736773309435
2017/18,302,v2_full,0.3654479769265035,1.3647974049991454,0.8361511751091723
2017/18,301,v2_full,0.6447654777037122,2.2819670641971443,1.330632827537649
2017/18,300,v2_full,0.05782577032917221,0.3846810208877965,0.1566081665820018
2017/18,299,v2_full,0.2758348169615945,1.0746897100206714,0.6510211561830865
2017/18,298,v2_full,0.2890761398246283,1.074254149929455,0.6555396071614709
2017/18,285,v2_full,0.3914022837559137,1.4547031889489848,0.8882186878898016
2017/18,297,v2_full,0.34492380297434183,1.2837133397624878,0.7885565754854267
2017/18,295,v2_full,0.10438725926524622,0.5523574952886471,0.27387119620690636
2017/18,294,v2_full,0.038095034820094506,0.2869801988678046,0.09344295070983619
2017/18,293,v2_full,0.27708538281242057,1.055122199133126,0.6396215189820754
2017/18,292,v2_full,0.10361966002695447,0.5460266576209963,0.26822575342778077
2017/18,291,v2_full,0.08652826261362326,0.4874409315911754,0.22604950975610408
2017/18,290,v2_full,0.2316688001882711,0.934020312806626,0.5527668360072802
2017/18,289,v2_full,0.1368372336298414,1.2771795596535502,0.7937713167554402
2017/18,288,v2_full,0.13364274518313377,1.3020117047637065,0.7972926546763753
2017/18,287,v2_full,0.297023850414851,1.11845936232016,0.6828211419542363
2017/18,296,v2_full,0.6193502494132506,2.138339779270242,1.280128610474622
2017/18,261,v2_full,0.26724538588411856,1.0248520014644393,0.6184997456002849
2017/18,236,v2_full,0.23865925806547367,0.9732215054599805,0.5808060580559592
2017/18,259,v2_full,0.15287725027636073,0.7011996979950362,0.38224627633346303
2017/18,233,v2_full,0.12279257746912113,1.1907868939761301,0.7300262553213989
2017/18,232,v2_full,0.08048159257554087,0.4650000473172514,0.2099223759614091
2017/18,231,v2_full,0.3117412248184229,1.151518212324342,0.7070481531546532
2017/18,230,v2_full,0.04803296436431562,0.34798802926621286,0.13426252765562996
2017/18,229,v2_full,0.10984362388321514,1.0840318013060348,0.6576279713374971
2017/18,228,v2_full,0.07745014379926508,0.4527691824206012,0.2010322377229239
2017/18,227,v2_full,0.09681317335859138,0.5240812280887798,0.25260037376072253
2017/18,226,v2_full,0.22394025363482373,0.9070662887512739,0.5334129743487437
2017/18,225,v2_full,0.24960348050208117,0.9661920252608265,0.5774234615096062
2017/18,234,v2_full,0.12521074937119916,0.602462274204418,0.3075063093827369
2017/18,224,v2_full,0.20012180466167107,0.8566160948752739,0.4978569780733928
2017/18,222,v2_full,0.16124240175495244,0.7202251835029863,0.395689192830354
2017/18,221,v2_full,0.22715657007687357,0.9160880369436964,0.5399607327771754
2017/18,220,v2_full,0.11066242578266704,1.0751823553700246,0.6552954870677881
2017/18,219,v2_full,0.13495690133990773,1.3270049835496853,0.8097411491115702
2017/18,218,v2_full,0.09114895120745112,0.505759577144195,0.23975690461266932
2017/18,217,v2_full,0.17257281305449168,1.3910884016779022,0.9094405184761014
2017/18,216,v2_full,0.16444988903062396,1.3753253765751123,0.8872713693328018
2017/18,215,v2_full,0.47731189468675195,1.6512127189409045,1.0217696776292349
2017/18,260,v2_full,0.12751172222568236,1.229457213428779,0.7556486452025198
2017/18,223,v2_full,0.4402265146443707,1.5229051641653126,0.9497389501900939
2017/18,235,v2_full,0.3479395625622128,1.3393903691477573,0.8177463760043585
2017/18,214,v2_full,0.5511509902701607,1.8245094528692156,1.1452067641970491
2017/18,237,v2_full,0.14301595940824424,1.3623386395732595,0.8394767956228253
2017/18,257,v2_full,0.1570236913280333,0.7086776295383622,0.38719887520461194
2017/18,256,v2_full,0.37071326408020955,1.3549287098807308,0.834582383632568
2017/18,255,v2_full,0.09628829428775121,0.5187072179601558,0.24782306233175866
2017/18,254,v2_full,0.1402397242962518,1.2382594453018954,0.7847380103032944
2017/18,253,v2_full,0.27488965787378883,1.039970873022466,0.630169253509911
2017/18,252,v2_full,0.17882446607670716,0.7831685855633,0.44322905921540295
2017/18,251,v2_full,0.13131820573497247,1.2815876078852162,0.7845036090559565
2017/18,250,v2_full,0.17679680711574483,1.3471518686654458,0.9012237127928142
2017/18,249,v2_full,0.1777161526911173,0.7961198420029203,0.4554772634988895
2017/18,248,v2_full,0.19521571782460528,1.3556227388179645,0.9413120025152104
2017/18,258,v2_full,0.39448430176364796,1.4690882248974677,0.8957886578433396
2017/18,246,v2_full,0.15830221829626712,1.2491530340552996,0.825333480532455
2017/18,245,v2_full,0.07026592713973163,0.4274832789299825,0.1838366932560443
2017/18,244,v2_full,0.08435025196817923,0.4706351318575191,0.21226577659539794
2017/18,243,v2_full,0.5004721103923561,1.6934404371814196,1.0573063973049899
2017/18,242,v2_full,0.463757192639779,1.5531431393874928,0.9828925398416726
2017/18,241,v2_full,0.0653601436994361,0.405157806209367,0.16781848329643106
2017/18,240,v2_full,0.26839781440620936,1.0852113092439204,0.6583163221949947
2017/18,239,v2_full,0.14422531856946139,0.6924474961328847,0.38006077254624565
2017/18,238,v2_full,0.4326422608123166,1.5258624368808444,0.943516968741851
2017/18,247,v2_full,0.2649874963392246,1.0144863264035633,0.6116150328292502
2017/18,275,bookmaker,0.4210851646496293,1.4807894303161904,0.9190182109601255
2017/18,276,bookmaker,0.19141362949251314,0.7942741484568561,0.45094598834179256
2017/18,277,bookmaker,0.05881934283281917,0.3819641610887761,0.15286729769510965
2017/18,278,bookmaker,0.21475169357261326,0.8835930468063389,0.5163371956441245
2017/18,282,bookmaker,0.18247505702548303,0.7801851720432847,0.440146848460696
2017/18,280,bookmaker,0.03580702146587372,0.28657897979667646,0.0945858748942309
2017/18,281,bookmaker,0.14213584525625567,1.2886310468606093,0.808957693035214
2017/18,274,bookmaker,0.1709554589704264,0.7526111167472032,0.4199981676547246
2017/18,279,bookmaker,0.1370321761041855,1.2612758573502372,0.78773420033074
2017/18,273,bookmaker,0.3056503725145956,1.0900137081605674,0.6741243589965344
2017/18,263,bookmaker,0.07647563829149737,0.44435125777831846,0.19418438752840175
2017/18,271,bookmaker,0.11267835146187179,0.5691246952430306,0.28371617736950877
2017/18,270,bookmaker,0.17979108282267733,0.7899006973103143,0.4486421032079727
2017/18,269,bookmaker,0.13396629309410338,1.3168684314432202,0.8037958723131775
2017/18,268,bookmaker,0.3195009553708097,1.16887081290144,0.7199120163166273
2017/18,267,bookmaker,0.107750113129481,0.5551217837565676,0.27383969333761027
2017/18,266,bookmaker,0.16942651577233378,1.3862502554721554,0.9013364916836033
2017/18,265,bookmaker,0.044254823686633846,0.32611535527440605,0.11845921443325373
2017/18,264,bookmaker,0.13114727287174197,0.6241464505814555,0.3238449566282712
2017/18,283,bookmaker,0.17539159005397933,0.7624489531337453,0.4270768340802575
2017/18,272,bookmaker,0.23811350025182895,0.9412208527190551,0.5585247838953546
2017/18,284,bookmaker,0.6015648386629538,2.0090978150384764,1.2402119762614505
2017/18,306,bookmaker,0.13449461181177488,0.6302170124859611,0.32803840652108124
2017/18,286,bookmaker,0.15979789222266425,1.3724631252903476,0.8768851588924745
2017/18,262,bookmaker,0.12936665283250914,1.2061353148488283,0.7496409987089288
2017/18,305,bookmaker,0.2213075598176287,0.845591438635444,0.494946371580133
2017/18,304,bookmaker,0.09909386374558218,0.5252236926981354,0.25191566802113186
2017/18,303,bookmaker,0.2037961713766712,0.8448079544656447,0.487971595322955
2017/18,302,bookmaker,0.2700887927987876,1.000057896677924,0.6063343224497431
2017/18,301,bookmaker,0.778638622193613,2.7142668843137594,1.5684837521569328
2017/18,300,bookmaker,0.02409786470927684,0.22958115393235004,0.06430668452921452
2017/18,299,bookmaker,0.16156640452879914,0.7435110515855426,0.41648421478199954
2017/18,298,bookmaker,0.22208064381378806,0.8531149587035824,0.49944135113121113
2017/18,285,bookmaker,0.3303920065637557,1.2001406317346432,0.7412373807474897
2017/18,297,bookmaker,0.2360312212133425,0.9448073824965074,0.560563913616054
2017/18,295,bookmaker,0.16243293104940615,0.7132069580292892,0.39004306735439304
2017/18,294,bookmaker,0.039100656444195726,0.30150269133523216,0.10318978669560464
2017/18,293,bookmaker,0.26295734166729173,1.0107654096963419,0.6086956534829352
2017/18,292,bookmaker,0.17435424076827993,0.7614662139578856,0.4264683171425202
2017/18,291,bookmaker,0.1239306664440984,0.6008463447464988,0.3065212450525757
2017/18,290,bookmaker,0.30948142829696157,1.115884701359407,0.6885908602638151
2017/18,289,bookmaker,0.16143426201912725,1.425844043228121,0.9000041824402021
2017/18,288,bookmaker,0.16101985105100378,1.397059596047152,0.8885621791923544
2017/18,287,bookmaker,0.36756565501633925,1.2807969219231146,0.8027498246301129
2017/18,296,bookmaker,0.6667038708177747,2.2716842485010083,1.362139887340498
2017/18,261,bookmaker,0.3450202179437134,1.2044671417898076,0.754110977655098
2017/18,236,bookmaker,0.17209687636827967,0.7629175275122831,0.4283240208086554
2017/18,259,bookmaker,0.07567002260868493,0.44470275147510535,0.1950571548160458
2017/18,233,bookmaker,0.12952159477550237,1.2454462113914513,0.7662542898319397
2017/18,232,bookmaker,0.13658039084899892,0.656170049871386,0.34994788910087155
2017/18,231,bookmaker,0.32897121447196304,1.2008200857226334,0.7406740530456133
2017/18,230,bookmaker,0.012251581359152993,0.1639899544478657,0.03680558051463387
2017/18,229,bookmaker,0.12349418862437705,1.1531975333051077,0.715356245318546
2017/18,228,bookmaker,0.10775477765884772,0.5506525061014291,0.2698508718602165
2017/18,227,bookmaker,0.10998142321939021,0.5622687721849394,0.27902686954743167
2017/18,226,bookmaker,0.21079702031624364,0.8717770737670878,0.5077369884902398
2017/18,225,bookmaker,0.2916533555084074,1.08922981867393,0.6647116554405517
2017/18,234,bookmaker,0.13651448945080583,0.6393664459030007,0.3350336893883632
2017/18,224,bookmaker,0.06396191328478419,0.4083345505361172,0.17227691069859852
2017/18,222,bookmaker,0.18370363016489588,0.7762908299960083,0.43728540119623094
2017/18,221,bookmaker,0.11706915869162471,0.591057424894033,0.3013219820384255
2017/18,220,bookmaker,0.13655153782462026,1.242497892779741,0.7791044428504748
2017/18,219,bookmaker,0.13963635287511586,1.3094018107888987,0.8121997042429931
2017/18,218,bookmaker,0.09446232775723246,0.5238096539112562,0.2550587498707476
2017/18,217,bookmaker,0.1448693730752848,1.300574712098853,0.8191765801334535
2017/18,216,bookmaker,0.24124957784250922,1.6356019320673902,1.130789738663871
2017/18,215,bookmaker,0.37950582896104845,1.336547857450639,0.8335707598790809
2017/18,260,bookmaker,0.13786608596986413,1.3301849973223554,0.8167978415239243
2017/18,223,bookmaker,0.24024313013146745,0.9411727506010941,0.5590512874710519
2017/18,235,bookmaker,0.3113730920234929,1.1711996295330678,0.717038389754375
2017/18,214,bookmaker,0.578254629511582,1.9612221850344635,1.2017570752954643
2017/18,237,bookmaker,0.14271289068709733,1.3598252071974892,0.8379122820300288
2017/18,257,bookmaker,0.11987167664263251,0.5955183149298006,0.3036448877955448
2017/18,256,bookmaker,0.4126442831016074,1.4403284468758506,0.8983564677696727
2017/18,255,bookmaker,0.06855316460305148,0.4280255716478847,0.1865107354291009
2017/18,254,bookmaker,0.1461597785766808,1.3338461897099765,0.8348078042478482
2017/18,253,bookmaker,0.3320954941842758,1.1751583117240696,0.7315303407086844
2017/18,252,bookmaker,0.2209407954370683,0.8869009019249754,0.5192440246058526
2017/18,251,bookmaker,0.13510332355921678,1.306066951333825,0.8018177197403323
2017/18,250,bookmaker,0.22321436190936167,1.534090551240496,1.061630938417324
2017/18,249,bookmaker,0.08131376891263843,0.4830561423993233,0.22876667420911687
2017/18,248,bookmaker,0.18153057091721014,1.3981548919010238,0.9299912572628876
2017/18,258,bookmaker,0.33967333509630127,1.2699031397934384,0.7794696264572858
2017/18,246,bookmaker,0.124883021140305,1.1871563578688862,0.7326692975602278
2017/18,245,bookmaker,0.04640249937942644,0.33411467167855835,0.12303884821544085
2017/18,244,bookmaker,0.09297639328454595,0.4938372881020628,0.22803363054890521
2017/18,243,bookmaker,0.5119462136143267,1.716503267732921,1.075813949907591
2017/18,242,bookmaker,0.48652395965615153,1.6229926887919173,1.0256451041399948
2017/18,241,bookmaker,0.06595304230131555,0.4097434466571001,0.17140389761648342
2017/18,240,bookmaker,0.2664436953003341,1.0438591349349784,0.6299800370212434
2017/18,239,bookmaker,0.11413395914406692,0.5833018883507975,0.2960888855092322
2017/18,238,bookmaker,0.3093005726141542,1.1399559644529509,0.6999580273633935
2017/18,247,bookmaker,0.1299466498704751,0.6189601776666607,0.3198681298251689
2017/18,275,soft_blend_h10,0.34295288440850413,1.2081533094935997,0.753830974255711
2017/18,276,soft_blend_h10,0.2619851278435198,1.0099414335556427,0.6078774571125598
2017/18,277,soft_blend_h10,0.03071107747893975,0.2526696004159195,0.07481112184453137
2017/18,278,soft_blend_h10,0.20696874953695982,0.9039391940967543,0.5366674441620677
2017/18,282,soft_blend_h10,0.20460686308397047,0.837266906968457,0.48272580851667746
2017/18,280,soft_blend_h10,0.053581595321810886,0.3634243518650322,0.1414103839459801
2017/18,281,soft_blend_h10,0.12001876186322141,1.16528912733244,0.7136120459565809
2017/18,274,soft_blend_h10,0.25509774795897716,1.054175640211935,0.6388944579600877
2017/18,279,soft_blend_h10,0.12334385924362866,1.1795974850738757,0.7263790878344558
2017/18,273,soft_blend_h10,0.2282695903189232,0.8799400340109552,0.5177564351607042
2017/18,263,soft_blend_h10,0.07982046325183122,0.4656991732211284,0.2112990308989404
2017/18,271,soft_blend_h10,0.13478281210788884,0.6481026893187067,0.3434669189393964
2017/18,270,soft_blend_h10,0.3274135379027435,1.2895774123331436,0.7876043596334878
2017/18,269,soft_blend_h10,0.136136137529077,1.3387690954884586,0.8166680784559944
2017/18,268,soft_blend_h10,0.39898251617589064,1.3744569339318515,0.8641195218377664
2017/18,267,soft_blend_h10,0.10451007953919979,0.560252316658164,0.28230453692038254
2017/18,266,soft_blend_h10,0.18435612050518518,1.3482431044413614,0.9167620771763241
2017/18,265,soft_blend_h10,0.01740124352558925,0.18863279996978963,0.04469382680664971
2017/18,264,soft_blend_h10,0.11532846892510222,0.5811324854804136,0.2931185294957006
2017/18,283,soft_blend_h10,0.021604232673719078,0.21654654124552225,0.058071609567256675
2017/18,272,soft_blend_h10,0.14039615992700108,0.6857617733439461,0.37725994147745623
2017/18,284,soft_blend_h10,0.42840484223319775,1.6259528388965083,0.9746796633435799
2017/18,306,soft_blend_h10,0.28702217302016,1.0504343992017338,0.6423142953200704
2017/18,286,soft_blend_h10,0.14634014386397914,1.223968784934894,0.7910304645065209
2017/18,262,soft_blend_h10,0.1323705500810546,1.25484791113935,0.7757956463855953
2017/18,305,soft_blend_h10,0.14220421101467237,0.6434141123356023,0.33780822348010653
2017/18,304,soft_blend_h10,0.19205830639696447,0.8244992800800635,0.47368508618440236
2017/18,303,soft_blend_h10,0.1181427682365869,0.60065993198829,0.31004364874495277
2017/18,302,soft_blend_h10,0.36214690187486503,1.3529519860951305,0.8291845221150455
2017/18,301,soft_blend_h10,0.6272491586111584,2.3035950065897066,1.3090346496667657
2017/18,300,soft_blend_h10,0.04993507164341715,0.3527932118289124,0.13599182419072592
2017/18,299,soft_blend_h10,0.31553111599466105,1.1743265176286246,0.7204817043655027
2017/18,298,soft_blend_h10,0.43226771011527515,1.510968318762178,0.9385924818124695
2017/18,285,soft_blend_h10,0.5166568517489323,1.890671365854389,1.1174404745359396
2017/18,297,soft_blend_h10,0.38223279487517914,1.443213077072893,0.8789537468702748
2017/18,295,soft_blend_h10,0.07461256098255475,0.45289315315934175,0.20467430196493716
2017/18,294,soft_blend_h10,0.029493169852650304,0.24403014494495584,0.07033770106857687
2017/18,293,soft_blend_h10,0.3127551346325432,1.180809454356885,0.7227192697701482
2017/18,292,soft_blend_h10,0.05989319414282189,0.3860734776767488,0.15554600443599453
2017/18,291,soft_blend_h10,0.08509091896559802,0.4849270995720707,0.22501538562458756
2017/18,290,soft_blend_h10,0.17864915633348155,0.7879481656575535,0.4474258657945799
2017/18,289,soft_blend_h10,0.16640665440642077,1.3927931407958924,0.897745071961199
2017/18,288,soft_blend_h10,0.16358461191994544,1.4880332741920694,0.9265295664788213
2017/18,287,soft_blend_h10,0.27803906114832017,1.0554650886725,0.6401845124014964
2017/18,296,soft_blend_h10,0.5892567838593818,2.033810768235232,1.2263553472806505
2017/18,261,soft_blend_h10,0.22637379108490305,0.9088505064726783,0.5349174566955388
2017/18,236,soft_blend_h10,0.2509489458498485,1.0111468633246676,0.6072049883906687
2017/18,259,soft_blend_h10,0.25782645296215095,1.0218806150031001,0.6146180244290046
2017/18,233,soft_blend_h10,0.12394355638966563,1.1909201034653139,0.7323845791576329
2017/18,232,soft_blend_h10,0.09492774767915028,0.5057731907347509,0.23707534678149955
2017/18,231,soft_blend_h10,0.2906129520147318,1.1573412377906787,0.7054170960695041
2017/18,230,soft_blend_h10,0.05602800739414393,0.38089240595475315,0.15551174457616132
2017/18,229,soft_blend_h10,0.10728153742437749,1.0616989304585203,0.6424521332723909
2017/18,228,soft_blend_h10,0.07419508577494448,0.4375810015338661,0.18978059328268818
2017/18,227,soft_blend_h10,0.0800465429821413,0.46421866670381357,0.20958281967093034
2017/18,226,soft_blend_h10,0.25687684818443435,1.005436041956887,0.6037365088645812
2017/18,225,soft_blend_h10,0.26691265567542183,1.0099447677294795,0.6098438176957297
2017/18,234,soft_blend_h10,0.14201397853396322,0.6545944390234606,0.3462738265720383
2017/18,224,soft_blend_h10,0.2082886546267292,0.89427165683955,0.5267317238073566
2017/18,222,soft_blend_h10,0.06334072104944269,0.39405161637114766,0.1598443140878975
2017/18,221,soft_blend_h10,0.35316757765397,1.342870232027235,0.8208913518716184
2017/18,220,soft_blend_h10,0.11692225305042223,1.098164227796675,0.6780897900770353
2017/18,219,soft_blend_h10,0.13856345374511053,1.3253460073237298,0.8163072353339579
2017/18,218,soft_blend_h10,0.1142329260843746,0.5889603223727936,0.3018354955646206
2017/18,217,soft_blend_h10,0.15807940740578247,1.3033993191408013,0.8467152598403254
2017/18,216,soft_blend_h10,0.1503370958670852,1.4467971409603522,0.8854054301426808
2017/18,215,soft_blend_h10,0.47778019988274445,1.6540039214522955,1.0229495541225713
2017/18,260,soft_blend_h10,0.14543778179676073,1.3318254044744033,0.8325790359502306
2017/18,223,soft_blend_h10,0.5418038423125515,1.8358746671558162,1.1348746540317025
2017/18,235,soft_blend_h10,0.3712305471919761,1.4482408879635786,0.878267267804049
2017/18,214,soft_blend_h10,0.5230579610476053,1.75308209271685,1.0965667453942378
2017/18,237,soft_blend_h10,0.15524607038465627,1.4417533311029738,0.8934049830066736
2017/18,257,soft_blend_h10,0.1655222791141805,0.726063917719622,0.3997099899830012
2017/18,256,soft_blend_h10,0.3092170831799432,1.1964746811407878,0.7306515209726947
2017/18,255,soft_blend_h10,0.09966549451576333,0.5294577856702118,0.25543835565319895
2017/18,254,soft_blend_h10,0.15399809243174165,1.2575858056187152,0.8201659218011044
2017/18,253,soft_blend_h10,0.30191322727788034,1.1363281525162763,0.6945135248499683
2017/18,252,soft_blend_h10,0.18478310739118844,0.8003291536995499,0.45576354990932255
2017/18,251,soft_blend_h10,0.13194281631110225,1.2688965792612763,0.7806429337653777
2017/18,250,soft_blend_h10,0.1693817881677472,1.3249922110030719,0.877805831137817
2017/18,249,soft_blend_h10,0.30411764833010096,1.2156606229729732,0.7427934235829988
2017/18,248,soft_blend_h10,0.2275820958988192,1.4887693999086338,1.0547818512207798
2017/18,258,soft_blend_h10,0.32767892453119996,1.2880084516426085,0.7866561344108562
2017/18,246,soft_blend_h10,0.1732706183875479,1.300559837321401,0.875973174756836
2017/18,245,soft_blend_h10,0.026191092217177123,0.23970288905327583,0.06921633132635746
2017/18,244,soft_blend_h10,0.12027258256499487,0.5835539141695264,0.29331288884444995
2017/18,243,soft_blend_h10,0.5118598033464948,1.7208472428273343,1.0765588749196624
2017/18,242,soft_blend_h10,0.5061863521399088,1.689458982879059,1.0633882847201233
2017/18,241,soft_blend_h10,0.10939986428716636,0.5668195911727569,0.28378743807267415
2017/18,240,soft_blend_h10,0.19531145108157535,0.8679510077316458,0.5115896159462927
2017/18,239,soft_blend_h10,0.1150336088224602,0.5938319284094488,0.30618529955015383
2017/18,238,soft_blend_h10,0.5135240924916624,1.7453815302765232,1.0834239523735507
2017/18,247,soft_blend_h10,0.31762195662624104,1.1580004798812262,0.7136024935765777
2017/18,275,soft_blend_h17,0.36464248149059325,1.270362691444836,0.7963172177340831
2017/18,276,soft_blend_h17,0.2770097864404895,1.0476666759339694,0.6353804040067605
2017/18,277,soft_blend_h17,0.03299059084905868,0.2640965546871938,0.08087810176176913
2017/18,278,soft_blend_h17,0.19726542689507798,0.8755534334966201,0.5174050238266621
2017/18,282,soft_blend_h17,0.2236805497612967,0.891503029237326,0.5228930204235614
2017/18,280,soft_blend_h17,0.04868750904751099,0.342552932034788,0.12797873019833889
2017/18,281,soft_blend_h17,0.12193395086471934,1.1742830264252035,0.7212929681210477
2017/18,274,soft_blend_h17,0.2238255743270125,0.9483359537006399,0.5657310884240669
2017/18,279,soft_blend_h17,0.12415411208839772,1.180235250104492,0.7282711135918274
2017/18,273,soft_blend_h17,0.22547054412714151,0.8717683394285481,0.5116705668657815
2017/18,263,soft_blend_h17,0.07559395589577995,0.4499633126422347,0.20016655653360851
2017/18,271,soft_blend_h17,0.14453250420053484,0.6786292984646419,0.36604868074817876
2017/18,270,soft_blend_h17,0.30208516165324056,1.2064314883159153,0.7369403207324038
2017/18,269,soft_blend_h17,0.13697654408161003,1.3474846434548267,0.8217112181459678
2017/18,268,soft_blend_h17,0.3796691160424028,1.3223012993220018,0.828508963676176
2017/18,267,soft_blend_h17,0.10213891198351253,0.5505349102237801,0.2745568529380773
2017/18,266,soft_blend_h17,0.17608194050972706,1.3170143582910214,0.8880844155528076
2017/18,265,soft_blend_h17,0.01734900522126232,0.1884554897913403,0.044634524007240564
2017/18,264,soft_blend_h17,0.11653775908498278,0.5862327224548829,0.29709651132421067
2017/18,283,soft_blend_h17,0.024957492543776813,0.23532749738656464,0.06749197066899053
2017/18,272,soft_blend_h17,0.14888721709528024,0.7127122586792332,0.3968540893981214
2017/18,284,soft_blend_h17,0.41795950988432357,1.584953482684037,0.9539604351605626
2017/18,306,soft_blend_h17,0.3068466410193703,1.1035494946975681,0.6810760899373327
2017/18,286,soft_blend_h17,0.13962733311365533,1.2188652035299168,0.7754827955164498
2017/18,262,soft_blend_h17,0.12934731965446536,1.2256396153639162,0.7577381700542728
2017/18,305,soft_blend_h17,0.13246937999869182,0.612664390243143,0.3148404923265122
2017/18,304,soft_blend_h17,0.20795357962436062,0.8700900951316792,0.5067258170295169
2017/18,303,soft_blend_h17,0.12521887137697038,0.6217983924672469,0.3250532309130017
2017/18,302,soft_blend_h17,0.33540486577962825,1.2677355186934296,0.7767202634381616
2017/18,301,soft_blend_h17,0.6135381341417233,2.236318270951157,1.2836688909093785
2017/18,300,soft_blend_h17,0.05221928909013887,0.36309996005934203,0.1429268668770144
2017/18,299,soft_blend_h17,0.3168097975532668,1.1801642985260947,0.7240656613716627
2017/18,298,soft_blend_h17,0.4321227398156327,1.512073443635635,0.9387957331343537
2017/18,285,soft_blend_h17,0.5019519337014563,1.8303531583854387,1.0897074633877142
2017/18,297,soft_blend_h17,0.3709238533464917,1.4041786395733333,0.8566888480933926
2017/18,295,soft_blend_h17,0.06973681434781238,0.43396586405984666,0.19121741141933957
2017/18,294,soft_blend_h17,0.031004849818587157,0.2516998085262139,0.0742745260413946
2017/18,293,soft_blend_h17,0.3116143969397305,1.175370224404179,0.7193666639026347
2017/18,292,soft_blend_h17,0.05811297314560987,0.37999237501642263,0.1517650559150673
2017/18,291,soft_blend_h17,0.07722900929576612,0.4564525836509451,0.2048594147741409
2017/18,290,soft_blend_h17,0.17956249036012928,0.7875351554607759,0.4466897317403178
2017/18,289,soft_blend_h17,0.1637080448983175,1.3870478120014325,0.8901985629161911
2017/18,288,soft_blend_h17,0.15134946527452642,1.4455165868038256,0.8869691035484476
2017/18,287,soft_blend_h17,0.30000950900472456,1.112992749003192,0.681331526389098
2017/18,296,soft_blend_h17,0.5898944574940167,2.040222159070772,1.2280575796448723
2017/18,261,soft_blend_h17,0.24183169678101932,0.9530198334016484,0.5669682544435148
2017/18,236,soft_blend_h17,0.2685940903643051,1.0669406455236208,0.6453887670827679
2017/18,259,soft_blend_h17,0.24042468215280566,0.96816491446573,0.5770105258766746
2017/18,233,soft_blend_h17,0.12254194516324249,1.1774135562445527,0.7238447512567046
2017/18,232,soft_blend_h17,0.08571967245770268,0.474212777607715,0.21462267285492598
2017/18,231,soft_blend_h17,0.322924959565954,1.244965101737952,0.7610707259260409
2017/18,230,soft_blend_h17,0.05322738329114386,0.3695636593673666,0.14811277842632145
2017/18,229,soft_blend_h17,0.10698808615765411,1.0510462920667458,0.6370330111217313
2017/18,228,soft_blend_h17,0.0770205662310422,0.44598079627051596,0.19525688070728434
2017/18,227,soft_blend_h17,0.07590327767784495,0.4497439002183854,0.19961059539236076
2017/18,226,soft_blend_h17,0.23271938930454084,0.9326081453108294,0.5518860123372822
2017/18,225,soft_blend_h17,0.2557426455233348,0.9748720254965674,0.5849868682534769
2017/18,234,soft_blend_h17,0.13999103667975626,0.6495158150688555,0.3425529046247224
2017/18,224,soft_blend_h17,0.20694143021011283,0.8913430702311614,0.5248872916099468
2017/18,222,soft_blend_h17,0.07370986359606609,0.4314962163684013,0.18491435847644438
2017/18,221,soft_blend_h17,0.31602585960547425,1.2161132535177508,0.7432905925532042
2017/18,220,soft_blend_h17,0.11712884469756078,1.1035288281988875,0.6808845723273662
2017/18,219,soft_blend_h17,0.13648122361712225,1.3234553216070575,0.8114045517045614
2017/18,218,soft_blend_h17,0.09950466482646436,0.5374911012489629,0.26359684735298033
2017/18,217,soft_blend_h17,0.16003943185919328,1.3117052779060165,0.8539131906639791
2017/18,216,soft_blend_h17,0.15076569026123973,1.4265976268207965,0.878942114667603
2017/18,215,soft_blend_h17,0.5027551702208817,1.7222998732507226,1.0660775442986519
2017/18,260,soft_blend_h17,0.14200356384115104,1.323199440513992,0.8223492543102605
2017/18,223,soft_blend_h17,0.5186891375075421,1.7761772334708645,1.0956538804337095
2017/18,235,soft_blend_h17,0.36830802296171583,1.442301792553608,0.874865876359006
2017/18,214,soft_blend_h17,0.5311432790987848,1.7726926647376646,1.1103532982063156
2017/18,237,soft_blend_h17,0.15104904528235705,1.4488931255153015,0.8875831097271585
2017/18,257,soft_blend_h17,0.1697957950137856,0.736564326319249,0.4075430570504082
2017/18,256,soft_blend_h17,0.3248320104696626,1.228652028771072,0.752593508024577
2017/18,255,soft_blend_h17,0.09307744149258265,0.5068627158719063,0.2391104386169225
2017/18,254,soft_blend_h17,0.15166636384517995,1.2428104625741894,0.8094624468606333
2017/18,253,soft_blend_h17,0.31419005054776783,1.1673223299435287,0.7162670668707956
2017/18,252,soft_blend_h17,0.1740172598992601,0.7680278817450348,0.43200679065795083
2017/18,251,soft_blend_h17,0.13466096521556753,1.2815993189049941,0.7911938249755921
2017/18,250,soft_blend_h17,0.18033661777795668,1.367442199216552,0.9160592520025931
2017/18,249,soft_blend_h17,0.30796332424649975,1.2233563269321588,0.7473286602971552
2017/18,248,soft_blend_h17,0.21701325959166118,1.4291340392200909,1.0123620621132066
2017/18,258,soft_blend_h17,0.3379733805885633,1.3264701129423195,0.8094356922439597
2017/18,246,soft_blend_h17,0.17318997609634937,1.2863969827366233,0.8701732036605102
2017/18,245,soft_blend_h17,0.02582197379934466,0.23802929250968693,0.06841511122201493
2017/18,244,soft_blend_h17,0.10255683730051403,0.5264543630001004,0.25152779967714334
2017/18,243,soft_blend_h17,0.5191954084858222,1.7357165480998795,1.088494176236233
2017/18,242,soft_blend_h17,0.5157818682130416,1.7117874096398755,1.0797055844764385
2017/18,241,soft_blend_h17,0.1068696105975146,0.5564732859162889,0.27573892872914774
2017/18,240,soft_blend_h17,0.19782262022735048,0.8761048778644087,0.5174136813616722
2017/18,239,soft_blend_h17,0.12971696736893162,0.642172311474536,0.3418262200510336
2017/18,238,soft_blend_h17,0.48007074837381136,1.659997533621038,1.0268377499775734
2017/18,247,soft_blend_h17,0.28845404569957633,1.0701187480572039,0.6530614817970686
2017/18,275,cosine_taper_k30,0.3273958545422184,1.1645811944398872,0.7233800545554864
2017/18,276,cosine_taper_k30,0.25121371487921534,0.9829712784334906,0.5882400334681888
2017/18,277,cosine_taper_k30,0.02908184373735043,0.24431504525243147,0.07049082524622985
2017/18,278,cosine_taper_k30,0.21431123526824722,0.925428592363295,0.5512459753693665
2017/18,282,cosine_taper_k30,0.19173012264959155,0.8008260429392026,0.4555687488103235
2017/18,280,cosine_taper_k30,0.057163266519476154,0.37836236552050617,0.15125776090367568
2017/18,281,cosine_taper_k30,0.11880563980487252,1.159014407818756,0.7084881661783035
2017/18,274,cosine_taper_k30,0.2795234927763476,1.1402094890587424,0.6958803582150666
2017/18,279,cosine_taper_k30,0.12279233591345241,1.1791268251106457,0.7250756021138897
2017/18,273,cosine_taper_k30,0.2303475656499382,0.8860171004951706,0.5222738080789031
2017/18,263,cosine_taper_k30,0.08318106877268729,0.4780890619860113,0.22014969171542703
2017/18,271,cosine_taper_k30,0.1278080743120109,0.6261454755924588,0.3272818571306686
2017/18,270,cosine_taper_k30,0.34786355085294446,1.3592613277159284,0.8285100426031172
2017/18,269,cosine_taper_k30,0.13548545729817463,1.332054614563064,0.81276345218216
2017/18,268,cosine_taper_k30,0.4143613100163548,1.4169120548504466,0.8925817585912039
2017/18,267,cosine_taper_k30,0.10637242156582172,0.5678622594335733,0.28840586594964734
2017/18,266,cosine_taper_k30,0.19101533899928957,1.3731789852441414,0.9395909110309305
2017/18,265,cosine_taper_k30,0.01744191084858466,0.18877047964816468,0.0447401609096582
2017/18,264,cosine_taper_k30,0.11439524117337443,0.5771906829180271,0.2900546619740469
2017/18,283,cosine_taper_k30,0.01939241260398262,0.20355136959219722,0.05187625692104999
2017/18,272,cosine_taper_k30,0.13429608806260684,0.6663177694648517,0.3631534858186549
2017/18,284,cosine_taper_k30,0.4358316606260202,1.6558162954985542,0.9894128532357074
2017/18,306,cosine_taper_k30,0.27472958134518505,1.0179102486931872,0.6182991012782655
2017/18,286,cosine_taper_k30,0.15167727104480308,1.2275723062866184,0.8031992483838679
2017/18,262,cosine_taper_k30,0.13474234362878365,1.2781276040532696,0.7899626924781101
2017/18,305,cosine_taper_k30,0.14860630192570726,0.663572599751532,0.35290999458343664
2017/18,304,cosine_taper_k30,0.18225965898320912,0.7964155439799914,0.45329336674300036
2017/18,303,cosine_taper_k30,0.11374083622642976,0.5873811860767443,0.300694451334903
2017/18,302,cosine_taper_k30,0.3798299573280431,1.4114793455542578,0.863901478822646
2017/18,301,cosine_taper_k30,0.6361039001911243,2.349088524634863,1.3254499370866495
2017/18,300,cosine_taper_k30,0.04850308559571172,0.34626162308223063,0.1316547367920298
2017/18,299,cosine_taper_k30,0.31471564008948094,1.1706135031535838,0.7181977500241452
2017/18,298,cosine_taper_k30,0.432360617014824,1.5102626992499812,0.9384639658242009
2017/18,285,cosine_taper_k30,0.5271373069285061,1.93536463918304,1.1372324664976259
2017/18,297,cosine_taper_k30,0.3899140206418236,1.4702443816485655,0.8940800116255928
2017/18,295,cosine_taper_k30,0.07797135926529972,0.46577738156224235,0.21394609855494057
2017/18,294,cosine_taper_k30,0.028502202974303087,0.23892437204256023,0.06776354150112548
2017/18,293,cosine_taper_k30,0.3135209705971414,1.1844702247472374,0.7249718922056902
2017/18,292,cosine_taper_k30,0.0611026126320168,0.3901684516455923,0.15811295682775459
2017/18,291,cosine_taper_k30,0.09057205338696933,0.504468213218822,0.23905155832606445
2017/18,290,cosine_taper_k30,0.17804672036277713,0.788224967708753,0.44795868643234366
2017/18,289,cosine_taper_k30,0.16826948632375754,1.3966609176583684,0.9029129984017461
2017/18,288,cosine_taper_k30,0.17459206514222972,1.5190432868088397,0.9592681726907248
2017/18,287,cosine_taper_k30,0.26317411892739384,1.0169165326388705,0.6124470023520975
2017/18,296,cosine_taper_k30,0.5888299600309357,2.0295381764050218,1.2252167578893616
2017/18,261,cosine_taper_k30,0.2143895172470683,0.874845763851873,0.510045924751829
2017/18,236,cosine_taper_k30,0.2378781003290643,0.9704913272309098,0.5788773052198303
2017/18,259,cosine_taper_k30,0.2722117943996025,1.0670632580773403,0.6456624095455162
2017/18,233,cosine_taper_k30,0.12494310016157273,1.200612979747151,0.738473720152522
2017/18,232,cosine_taper_k30,0.10174500023570408,0.5287806908628337,0.2536825411168952
2017/18,231,cosine_taper_k30,0.2690516626488616,1.0995330020065557,0.668861630179949
2017/18,230,cosine_taper_k30,0.05805852762834772,0.38900713694013755,0.1608710443048225
2017/18,229,cosine_taper_k30,0.10786088206373598,1.0693249230103579,0.6470552610832268
2017/18,228,cosine_taper_k30,0.07222907849285992,0.43166498044565355,0.18597270970325128
2017/18,227,cosine_taper_k30,0.08305386913716531,0.4746150706196169,0.2168109504509195
2017/18,226,cosine_taper_k30,0.2747616807607314,1.0605145809967673,0.6420571458261584
2017/18,225,cosine_taper_k30,0.2741015802428075,1.032781299912864,0.6258355456832456
2017/18,234,cosine_taper_k30,0.14345981186790271,0.6582127328796084,0.3489354900619756
2017/18,224,cosine_taper_k30,0.209144709333861,0.8961284779864984,0.5279078693041475
2017/18,222,cosine_taper_k30,0.05718985540933696,0.371071264729243,0.14493990751047248
2017/18,221,cosine_taper_k30,0.3777786874886995,1.4322252637500892,0.8722370019417927
2017/18,220,cosine_taper_k30,0.11679929088072138,1.0947858209955963,0.676340749119235
2017/18,219,cosine_taper_k30,0.1402201841434103,1.3265437479917783,0.8200878966765569
2017/18,218,cosine_taper_k30,0.1240740163152536,0.622938658799203,0.3273614596001014
2017/18,217,cosine_taper_k30,0.15685387227710101,1.2981810491211028,0.8421960826285143
2017/18,216,cosine_taper_k30,0.150313231965841,1.4578065880552584,0.8893048213190301
2017/18,215,cosine_taper_k30,0.46472584225981617,1.6191933940547323,1.0006514778143032
2017/18,260,cosine_taper_k30,0.14846863012396094,1.3387848084141856,0.8413391425066842
2017/18,223,cosine_taper_k30,0.5567913164233689,1.8755614063586012,1.1606482704558332
2017/18,235,cosine_taper_k30,0.3734814237507214,1.452806013227253,0.8809152283935388
2017/18,214,cosine_taper_k30,0.5187555868072009,1.7427156843476233,1.089265060103663
2017/18,237,cosine_taper_k30,0.15960390784297723,1.4363282175319616,0.9001577152090284
2017/18,257,cosine_taper_k30,0.1621492912270609,0.717736733065694,0.3935382561078354
2017/18,256,cosine_taper_k30,0.2971887744762908,1.171441607946747,0.7143192560051144
2017/18,255,cosine_taper_k30,0.10510242789970833,0.5479212040156101,0.2689010108806783
2017/18,254,cosine_taper_k30,0.15588070045846197,1.2695733443839141,0.8287921955510108
2017/18,253,cosine_taper_k30,0.2923055304525179,1.1121905101513507,0.6775713544051261
2017/18,252,cosine_taper_k30,0.19359170194047767,0.8268025918362905,0.4751723090138483
2017/18,251,cosine_taper_k30,0.12999962832577724,1.2589013796256883,0.7727041952226636
2017/18,250,cosine_taper_k30,0.16115106498435974,1.2924513733456449,0.8485119063711483
2017/18,249,cosine_taper_k30,0.30109195971183916,1.209578171883075,0.7392805505193887
2017/18,248,cosine_taper_k30,0.23619298550584533,1.5389091106992343,1.0892154198812996
2017/18,258,cosine_taper_k30,0.3195553521470118,1.2582503876177198,0.7686683658106956
2017/18,246,cosine_taper_k30,0.17335536915001712,1.311976213891556,0.8806516994237283
2017/18,245,cosine_taper_k30,0.026486915899354254,0.24103679625905616,0.0698581871860249
2017/18,244,cosine_taper_k30,0.1353842195518563,0.6314467723856262,0.3288837103956391
2017/18,243,cosine_taper_k30,0.5063062075265065,1.7096250461707552,1.0675927041874709
2017/18,242,cosine_taper_k30,0.49893535725527094,1.6727161466490266,1.0511398357560395
2017/18,241,cosine_taper_k30,0.11135805804244825,0.5748035374811553,0.29003597972798223
2017/18,240,cosine_taper_k30,0.1934026187833334,0.8617608643339802,0.5071607134385654
2017/18,239,cosine_taper_k30,0.10441445631765431,0.5583843571064784,0.2803171639237056
2017/18,238,cosine_taper_k30,0.5401598419410973,1.8159707798950382,1.1293890005816751
2017/18,247,cosine_taper_k30,0.3418722717282539,1.2339147975603757,0.7638805769918985
2017/18,275,current_only,0.3273958545422184,1.1645811944398872,0.7233800545554864
2017/18,276,current_only,0.25121371487921534,0.9829712784334906,0.5882400334681888
2017/18,277,current_only,0.02908184373735043,0.24431504525243147,0.07049082524622985
2017/18,278,current_only,0.21431123526824722,0.925428592363295,0.5512459753693665
2017/18,282,current_only,0.19173012264959155,0.8008260429392026,0.4555687488103235
2017/18,280,current_only,0.057163266519476154,0.37836236552050617,0.15125776090367568
2017/18,281,current_only,0.11880563980487252,1.159014407818756,0.7084881661783035
2017/18,274,current_only,0.2795234927763476,1.1402094890587424,0.6958803582150666
2017/18,279,current_only,0.12279233591345241,1.1791268251106457,0.7250756021138897
2017/18,273,current_only,0.2303475656499382,0.8860171004951706,0.5222738080789031
2017/18,263,current_only,0.08318106877268729,0.4780890619860113,0.22014969171542703
2017/18,271,current_only,0.1278080743120109,0.6261454755924588,0.3272818571306686
2017/18,270,current_only,0.34786355085294446,1.3592613277159284,0.8285100426031172
2017/18,269,current_only,0.13548545729817463,1.332054614563064,0.81276345218216
2017/18,268,current_only,0.4143613100163548,1.4169120548504466,0.8925817585912039
2017/18,267,current_only,0.10637242156582172,0.5678622594335733,0.28840586594964734
2017/18,266,current_only,0.19101533899928957,1.3731789852441414,0.9395909110309305
2017/18,265,current_only,0.01744191084858466,0.18877047964816468,0.0447401609096582
2017/18,264,current_only,0.11439524117337443,0.5771906829180271,0.2900546619740469
2017/18,283,current_only,0.01939241260398262,0.20355136959219722,0.05187625692104999
2017/18,272,current_only,0.13429608806260684,0.6663177694648517,0.3631534858186549
2017/18,284,current_only,0.4358316606260202,1.6558162954985542,0.9894128532357074
2017/18,306,current_only,0.27472958134518505,1.0179102486931872,0.6182991012782655
2017/18,286,current_only,0.15167727104480308,1.2275723062866184,0.8031992483838679
2017/18,262,current_only,0.13474234362878365,1.2781276040532696,0.7899626924781101
2017/18,305,current_only,0.14860630192570726,0.663572599751532,0.35290999458343664
2017/18,304,current_only,0.18225965898320912,0.7964155439799914,0.45329336674300036
2017/18,303,current_only,0.11374083622642976,0.5873811860767443,0.300694451334903
2017/18,302,current_only,0.3798299573280431,1.4114793455542578,0.863901478822646
2017/18,301,current_only,0.6361039001911243,2.349088524634863,1.3254499370866495
2017/18,300,current_only,0.04850308559571172,0.34626162308223063,0.1316547367920298
2017/18,299,current_only,0.31471564008948094,1.1706135031535838,0.7181977500241452
2017/18,298,current_only,0.432360617014824,1.5102626992499812,0.9384639658242009
2017/18,285,current_only,0.5271373069285061,1.93536463918304,1.1372324664976259
2017/18,297,current_only,0.3899140206418236,1.4702443816485655,0.8940800116255928
2017/18,295,current_only,0.07797135926529972,0.46577738156224235,0.21394609855494057
2017/18,294,current_only,0.028502202974303087,0.23892437204256023,0.06776354150112548
2017/18,293,current_only,0.3135209705971414,1.1844702247472374,0.7249718922056902
2017/18,292,current_only,0.0611026126320168,0.3901684516455923,0.15811295682775459
2017/18,291,current_only,0.09057205338696933,0.504468213218822,0.23905155832606445
2017/18,290,current_only,0.17804672036277713,0.788224967708753,0.44795868643234366
2017/18,289,current_only,0.16826948632375754,1.3966609176583684,0.9029129984017461
2017/18,288,current_only,0.17459206514222972,1.5190432868088397,0.9592681726907248
2017/18,287,current_only,0.26317411892739384,1.0169165326388705,0.6124470023520975
2017/18,296,current_only,0.5888299600309357,2.0295381764050218,1.2252167578893616
2017/18,261,current_only,0.21414347815986137,0.8741493217330477,0.5095350830883683
2017/18,236,current_only,0.23545363336011352,0.9630048949556046,0.573618626665898
2017/18,259,current_only,0.27251585872534956,1.06802684072273,0.6463181926846913
2017/18,233,current_only,0.12529793348009396,1.2040663370840683,0.7406351496687819
2017/18,232,current_only,0.10421466826100145,0.5370525417253775,0.25969577964998997
2017/18,231,current_only,0.26169060467777805,1.079847418095411,0.6565044331802591
2017/18,230,current_only,0.05878593717348448,0.39189513619805777,0.1627899511070645
2017/18,229,current_only,0.10813975318526625,1.0720380811707244,0.6488354450000368
2017/18,228,current_only,0.07154083895941346,0.4295794072279629,0.1846402103988162
2017/18,227,current_only,0.08413186118805649,0.4783208520381334,0.21939995778655988
2017/18,226,current_only,0.2812407175777805,1.0807596330070437,0.6559266602107356
2017/18,225,current_only,0.27851264114743957,1.04690383042828,0.6356457019678217
2017/18,234,current_only,0.14397370777706248,0.6594965442496046,0.3498819759914945
2017/18,224,current_only,0.20966588757093424,0.8972574142980505,0.5286254866305801
2017/18,222,current_only,0.05360989830936537,0.3573735138862116,0.1362518210040236
2017/18,221,current_only,0.3931425085805944,1.4906425066594289,0.9042632636655135
2017/18,220,current_only,0.11672755688398387,1.0927403878849675,0.6752860010603748
2017/18,219,current_only,0.14135436777748814,1.3272715812981881,0.8226399940528335
2017/18,218,current_only,0.13024694755893107,0.6441441759541953,0.34336422737480243
2017/18,217,current_only,0.15611523929378426,1.2950263374614144,0.8394652657981333
2017/18,216,current_only,0.15043493049377027,1.469032021905411,0.893541723048007
2017/18,215,current_only,0.45180789947524747,1.5852779481933617,0.9787641464308949
2017/18,260,current_only,0.1485344512382503,1.3389303461541124,0.8415270860065994
2017/18,223,current_only,0.5660287526449581,1.9004462684127028,1.1766601749643515
2017/18,235,current_only,0.373907553159341,1.4536694132587873,0.8814192589809327
2017/18,214,current_only,0.5144428533410965,1.732370450425747,1.0819703540927996
2017/18,237,current_only,0.16053745596657606,1.4353082413672353,0.9016549387354106
2017/18,257,current_only,0.16207945926004766,0.7175639450604141,0.3934105837657073
2017/18,256,current_only,0.29694259017404107,1.1709265718241537,0.7139905831811972
2017/18,255,current_only,0.10521726512529801,0.5483095973627558,0.26918525196775966
2017/18,254,current_only,0.15592008173689786,1.2698246777503481,0.8289724979298344
2017/18,253,current_only,0.2921074071981372,1.1116936708250504,0.6772227770392113
2017/18,252,current_only,0.1943252986474624,0.8290103189967922,0.4767875968177588
2017/18,251,current_only,0.1298485633619661,1.2580841580866964,0.7720696532999952
2017/18,250,current_only,0.16049368299907424,1.2898228897739414,0.8461491341213239
2017/18,249,current_only,0.30084460813308783,1.2090798101258835,0.7389955784346034
2017/18,248,current_only,0.23690871691273366,1.543144846784989,1.0920725985701105
2017/18,258,current_only,0.31938718282078904,1.257639605845843,0.7682958792550557
2017/18,246,current_only,0.17336314709291156,1.312920512039232,0.8810387667670537
2017/18,245,current_only,0.026511315368461567,0.24114652832513456,0.06991111680290964
2017/18,244,current_only,0.13666639198781994,0.6354877242142354,0.33189912468013427
2017/18,243,current_only,0.5052640907854314,1.7075223969388573,1.065917069340688
2017/18,242,current_only,0.49757605489740964,1.6695893510094098,1.0488517460369093
2017/18,241,current_only,0.11172968774350471,0.5763166150074759,0.2912237308734045
2017/18,240,current_only,0.1930436770921461,0.8605975828612389,0.506327713907448
2017/18,239,current_only,0.1024705880238505,0.5518369467565777,0.2755724464441663
2017/18,238,current_only,0.545286406698101,1.8298623141668562,1.138320831219948
2017/18,247,current_only,0.3439066552205583,1.240419368652899,0.768096344920447
2017/18,275,updating_prior,0.46275585809989406,1.5817524171688255,0.9888851390827511
2017/18,276,updating_prior,0.3450604241553071,1.2223428770612061,0.761289214068788
2017/18,277,updating_prior,0.04339878874295741,0.313191519407026,0.10884748663684665
2017/18,278,updating_prior,0.15979641162682198,0.7652029743538455,0.44306914306671885
2017/18,282,updating_prior,0.3164062719038127,1.1673007718497754,0.717394894497769
2017/18,280,updating_prior,0.030235570113122025,0.25699221164597147,0.07767657017891515
2017/18,281,updating_prior,0.13278004877564853,1.2141383809019732,0.7598172184012865
2017/18,274,updating_prior,0.11586296572887024,0.5986146846303502,0.31046304375024575
2017/18,279,updating_prior,0.12831680098086715,1.1828983220341436,0.7377292175240517
2017/18,273,updating_prior,0.21398971277351428,0.8384042438252357,0.48669650976882767
2017/18,263,updating_prior,0.0597684855514502,0.38911098731602767,0.15846734174694954
2017/18,271,updating_prior,0.18894270494497747,0.8169952186805455,0.4683972068697297
2017/18,270,updating_prior,0.2117917929824008,0.9283297981181464,0.5563243039115743
2017/18,269,updating_prior,0.14037994353147062,1.3832960927899607,0.8421344127392818
2017/18,268,updating_prior,0.30767800934650674,1.1364665697304004,0.6973259930301399
2017/18,267,updating_prior,0.09292360011889889,0.5124092906207718,0.24468328428897781
2017/18,266,updating_prior,0.1462735144114335,1.200513870248622,0.7810928416360897
2017/18,265,updating_prior,0.01714070341176095,0.18774325921387022,0.044400495941000095
2017/18,264,updating_prior,0.12147975792520987,0.6069951992604908,0.3134410794502545
2017/18,283,updating_prior,0.04225903417581056,0.3208744704020267,0.11645029865908062
2017/18,272,updating_prior,0.18713226513082074,0.8336122106462985,0.48460900464872003
2017/18,284,updating_prior,0.37439531922138364,1.4247707914324272,0.8675749040043128
2017/18,306,updating_prior,0.4086040050876048,1.3965125802664622,0.8805372967817563
2017/18,286,updating_prior,0.12248230522023976,1.197088684381879,0.7320675997349103
2017/18,262,updating_prior,0.11755854753508796,1.1161752938907379,0.6873328500923668
2017/18,305,updating_prior,0.09169497785718879,0.4807855160546989,0.21856690463523237
2017/18,304,updating_prior,0.2909894243257185,1.1149049089425742,0.6787315227013813
2017/18,303,updating_prior,0.16118201254469144,0.726551228740616,0.40103605621769667
2017/18,302,updating_prior,0.22581380416162744,0.9454536640497098,0.5623506035248897
2017/18,301,updating_prior,0.5520306827695577,1.971734002282794,1.1707274954601452
2017/18,300,updating_prior,0.06355172364677858,0.412530705324042,0.1775973671177052
2017/18,299,updating_prior,0.3228051118238798,1.2077986270267618,0.740912503447991
2017/18,298,updating_prior,0.43145439390388507,1.5172342489261899,0.9397765343780871
2017/18,285,updating_prior,0.4411031166706186,1.6046942364406716,0.9754521555926341
2017/18,297,updating_prior,0.3224823605817598,1.2456663765190639,0.7613963273311843
2017/18,295,updating_prior,0.04988824839058267,0.3531929255944728,0.13647193989532833
2017/18,294,updating_prior,0.03826762830557965,0.28685528954180955,0.09333371330046605
2017/18,293,updating_prior,0.3065306570168014,1.151323092986715,0.704466257452603
2017/18,292,updating_prior,0.05049321905199745,0.353153753224191,0.13554456902446374
2017/18,291,updating_prior,0.046659465670899736,0.3378181563657857,0.12613280842194424
2017/18,290,updating_prior,0.18386894275805604,0.7856841497525806,0.444258806456317
2017/18,289,updating_prior,0.1528063274024135,1.361668267890977,0.8588020720617996
2017/18,288,updating_prior,0.14471426303580184,1.2799860929041402,0.8106530823707346
2017/18,287,updating_prior,0.40619095174257996,1.4088235398119402,0.882155002424475
2017/18,296,updating_prior,0.5927644232907092,2.0695059471751596,1.2357362069485294
2017/18,261,updating_prior,0.30683209611142714,1.1453388154645285,0.7014397245915579
2017/18,236,updating_prior,0.33731369549173584,1.298427169506262,0.7935734980451394
2017/18,259,updating_prior,0.17896290562961703,0.7836665551247184,0.4436043312615303
2017/18,233,updating_prior,0.11774246199165758,1.1318784329972924,0.694590054131412
2017/18,232,updating_prior,0.0573989336062955,0.37175919812102465,0.1453642382812603
2017/18,231,updating_prior,0.45254839860405616,1.627710712760367,0.9917779400939419
2017/18,230,updating_prior,0.044063670844126865,0.33119097853110163,0.12383746831453935
2017/18,229,updating_prior,0.11072350103936615,1.0149108937357583,0.6279364837523778
2017/18,228,updating_prior,0.08732279316786551,0.4757105152888032,0.215257628462297
2017/18,227,updating_prior,0.06238942936858961,0.40104582831902236,0.16695595356219775
2017/18,226,updating_prior,0.158416067651972,0.7143453915069782,0.3915519279468536
2017/18,225,updating_prior,0.22008239954820796,0.8656488850487253,0.5055465298601665
2017/18,234,updating_prior,0.13310487208515476,0.6320773352463983,0.3299156140469233
2017/18,224,updating_prior,0.20248518256534398,0.8815981904896777,0.5188450066976587
2017/18,222,updating_prior,0.1141837144405736,0.5681945155353173,0.2823031088473551
2017/18,221,updating_prior,0.20742163801901453,0.8805940368726812,0.5153284190175805
2017/18,220,updating_prior,0.11792939226924243,1.1217055616630258,0.6905072072724913
2017/18,219,updating_prior,0.1342989183346145,1.317149946615877,0.8045715589691722
2017/18,218,updating_prior,0.05759130997796335,0.38220423317781427,0.15443640501100162
2017/18,217,updating_prior,0.166803372990954,1.3400324529376935,0.8784911080149762
2017/18,216,updating_prior,0.15556405564669457,1.3640201457476027,0.8652132681423497
2017/18,215,updating_prior,0.5891554738587226,1.9814042136429073,1.219333225718323
2017/18,260,updating_prior,0.1323884926461817,1.2904660568352466,0.7901953499360574
2017/18,223,updating_prior,0.44646147665785163,1.5988205985251023,0.977936488979316
2017/18,235,updating_prior,0.35798216244919145,1.421200366670812,0.8631952709339741
2017/18,214,updating_prior,0.5578520329268808,1.8387838447899942,1.1564658116852082
2017/18,237,updating_prior,0.15004138971316522,1.4750371501715873,0.8948781405928613
2017/18,257,updating_prior,0.18698249529419292,0.7783190953417255,0.43918564293774975
2017/18,256,updating_prior,0.39151065400035084,1.3641154604792187,0.8537552360343623
2017/18,255,updating_prior,0.06968912502801902,0.42384934985821954,0.18098323121262555
2017/18,254,updating_prior,0.14284213782290614,1.187544300396725,0.7687520077586554
2017/18,253,updating_prior,0.3646392922581301,1.2973831410242573,0.8067319612885082
2017/18,252,updating_prior,0.13678457920831105,0.655839533722922,0.3494876962101787
2017/18,251,updating_prior,0.14753641502138745,1.330526739437699,0.8362714268553604
2017/18,250,updating_prior,0.22728786866657502,1.5441462489361406,1.0731673243462767
2017/18,249,updating_prior,0.32275863505855673,1.2526366356906964,0.7654618234203164
2017/18,248,updating_prior,0.1800100850830079,1.233371945964203,0.8622636100448252
2017/18,258,updating_prior,0.3793953867015159,1.4912397266818418,0.9009378345808083
2017/18,246,updating_prior,0.17314336266628008,1.2352020198785114,0.8492853877937356
2017/18,245,updating_prior,0.024468829464225718,0.23180274755813743,0.06547461209151383
2017/18,244,updating_prior,0.048919926155513764,0.338065576372873,0.1241251654401962
2017/18,243,updating_prior,0.5462945353330553,1.7911767667431706,1.1334419227765062
2017/18,242,updating_prior,0.5513955939681949,1.7966025948777484,1.14127381399605
2017/18,241,updating_prior,0.09804562215494905,0.5200747897578737,0.2479126060777565
2017/18,240,updating_prior,0.20700489522170068,0.9060336583840495,0.5386875077550675
2017/18,239,updating_prior,0.19006696243407561,0.8386365362463734,0.4871806344404755
2017/18,238,updating_prior,0.37256547583267197,1.4016880963253437,0.856178854525045
2017/18,247,updating_prior,0.19234645025717945,0.7968568300174114,0.4528878287831083
2018/19,275,v2_full,0.03818565020747595,0.2962270855274004,0.09985128823885037
2018/19,276,v2_full,0.36514503740559184,1.2631919468919954,0.7941278088332249
2018/19,277,v2_full,0.19817767370535158,1.5512514759980223,1.0173269013607418
2018/19,281,v2_full,0.1569707120920462,1.4968275821769852,0.9163670950767887
2018/19,279,v2_full,0.27521356653949175,1.8917833632638412,1.2715633011770309
2018/19,280,v2_full,0.16941377193883017,1.4892718032456476,0.9386207441012012
2018/19,274,v2_full,0.30987348397785197,1.1202819352520752,0.6908864829204168
2018/19,278,v2_full,0.5791479103618452,1.8907181429383146,1.1935082561461143
2018/19,273,v2_full,0.20559065347354155,0.8286899323978872,0.47729982143306193
2018/19,268,v2_full,0.15354837191455065,0.68536278958444,0.3691641888727768
2018/19,271,v2_full,0.11632919952117346,0.5685032914002522,0.2821111760293695
2018/19,270,v2_full,0.13658909519404674,1.3132270449572454,0.8076112133456919
2018/19,269,v2_full,0.20759179188156265,1.5397337474899997,1.032290943398778
2018/19,267,v2_full,0.17186147020485026,0.7428477749096807,0.4122461197388274
2018/19,266,v2_full,0.052754404996137295,0.36148112278849903,0.14056632269457014
2018/19,265,v2_full,0.021653653322857503,0.21362297832743532,0.05605653052320626
2018/19,264,v2_full,0.2619297631434994,0.9776636383406646,0.5897901912745876
2018/19,263,v2_full,0.10701753630255408,0.5277425770847689,0.2523978240727258
2018/19,282,v2_full,0.1391476536519127,0.6446644706329723,0.3388091389490337
2018/19,272,v2_full,0.5865244393192417,1.9514804967720574,1.2118110832298497
2018/19,284,v2_full,0.12815751022862265,0.6285236970785151,0.32932555385309653
2018/19,295,v2_full,0.22954266952437075,0.9267921293090983,0.5475898129724722
2018/19,286,v2_full,0.1403932986754564,1.3836630944202684,0.8422990068939992
2018/19,306,v2_full,0.11927743004783325,0.579507651126382,0.2902835278098792
2018/19,305,v2_full,0.22807352317352125,0.8850542001354655,0.5205703039955154
2018/19,304,v2_full,0.11274236416631027,0.5738445851452615,0.2879981009352919
2018/19,303,v2_full,0.3836733427563496,1.3235928880412893,0.8325958680791372
2018/19,302,v2_full,0.15939628086351057,1.3603682258670813,0.8714862500065882
2018/19,301,v2_full,0.030774253546288287,0.2609279450369106,0.0800005991227848
2018/19,300,v2_full,0.4162571091956736,1.3375908121154654,0.8726469247319946
2018/19,299,v2_full,0.10630642358289843,0.537934359643044,0.2598128196621319
2018/19,298,v2_full,0.2113989162260981,0.8860503011896256,0.5186122582813167
2018/19,285,v2_full,0.011266725169617317,0.1464347422991428,0.02788370756245374
2018/19,297,v2_full,0.4840594674391324,1.560957088324362,1.0095805161676161
2018/19,262,v2_full,0.1681776941139001,0.7320731125637363,0.4041817118418383
2018/19,294,v2_full,0.29278417955932284,1.080439773990924,0.6607768510676741
2018/19,293,v2_full,0.238726495897314,1.6372935040642937,1.1262739631252214
2018/19,292,v2_full,0.07062306730447691,0.41935819943750985,0.176543368319908
2018/19,291,v2_full,0.27102619558434715,1.0292672618589758,0.6225023004018597
2018/19,290,v2_full,0.24402943714535147,0.93562834446657,0.5572154517398902
2018/19,289,v2_full,0.6161566081148868,1.9807100271588087,1.2587475500467002
2018/19,288,v2_full,0.16838239828474147,1.4176014899199656,0.9108824724727849
2018/19,287,v2_full,0.12244653817851742,0.593534295463751,0.3008850959887366
2018/19,296,v2_full,0.15211919462468954,1.3900510925602345,0.8681453994147587
2018/19,261,v2_full,0.06416597813784117,0.3892709021433301,0.15601343531704426
2018/19,283,v2_full,0.13715303831171172,1.316018016049387,0.8098356318166637
2018/19,259,v2_full,0.6379408180959889,2.108897559365631,1.3043661061131928
2018/19,235,v2_full,0.17532241878648527,0.7296911276718869,0.4039696316822873
2018/19,234,v2_full,0.5290342036695765,1.7484392326559388,1.1033839157360923
2018/19,233,v2_full,0.06003454754949453,0.3907896676103921,0.15977146570582373
2018/19,232,v2_full,0.014990608396057568,0.1730182649537575,0.038087839923617334
2018/19,231,v2_full,0.1486022103868076,0.6729555192316887,0.3599194827007605
2018/19,230,v2_full,0.17342778101432627,1.5367591831633287,0.9629596805666075
2018/19,229,v2_full,0.16589775021345904,0.7403693540568795,0.4112139005426015
2018/19,228,v2_full,0.25161196535707564,0.9773111719921811,0.5848316913116028
2018/19,227,v2_full,0.0964319477715254,0.5173860312093663,0.24648300782139873
2018/19,236,v2_full,0.10746515776841532,0.5470113700428502,0.2668635489697322
2018/19,226,v2_full,0.17084427200841795,1.4193479685650325,0.9164471035688391
2018/19,224,v2_full,0.042744544368873816,0.31763174496207136,0.11277870876027504
2018/19,223,v2_full,0.07505843748953259,0.43433487210129285,0.1866226414188072
2018/19,222,v2_full,0.2042706858176184,1.5127732628158257,1.016476291551969
2018/19,221,v2_full,0.23865615151749014,0.9111197371620912,0.5407205402619959
2018/19,220,v2_full,0.3199603402435178,1.151317214976161,0.7120724093073367
2018/19,219,v2_full,0.05580977579801279,0.37229353344710303,0.1471148906668253
2018/19,218,v2_full,0.040764634822277206,0.30968510862657045,0.1082147269690423
2018/19,217,v2_full,0.18559598931892402,0.773184538578811,0.43540786239593415
2018/19,216,v2_full,0.1608871846427839,1.3629809437125342,0.8754639045701361
2018/19,225,v2_full,0.24356507687407114,0.9466502549204777,0.5635006805181797
2018/19,237,v2_full,0.11152836583461408,0.5688267272332712,0.28410961400944384
2018/19,215,v2_full,0.13846214356833386,0.6516628874521438,0.3447966681083668
2018/19,238,v2_full,0.27840613370556666,1.0677073755725606,0.6473808085946463
2018/19,258,v2_full,0.1589021110887022,0.7116450213238205,0.38918922779869136
2018/19,257,v2_full,0.07193873576412685,0.4303886974475632,0.18505453743425843
2018/19,256,v2_full,0.12188453369720174,0.5918484642812554,0.2996463979034406
2018/19,255,v2_full,0.06648756546483559,0.4146131767451656,0.17543707339025533
2018/19,254,v2_full,0.1349678501333024,0.6226611795952155,0.322246167229226
2018/19,260,v2_full,0.054480319792745556,0.3566407762127065,0.1352780270574496
2018/19,252,v2_full,0.14275446194884464,1.3280894795888694,0.8257588649463922
2018/19,251,v2_full,0.12093855044068438,0.567211164914022,0.2816726297895479
2018/19,250,v2_full,0.18978721407774052,0.7822772881099772,0.4425170696201469
2018/19,249,v2_full,0.09102354905182415,0.5050679316600456,0.2391842584746817
2018/19,253,v2_full,0.12387795915298516,1.2165945412054069,0.7430378914736032
2018/19,247,v2_full,0.42311241599047095,1.4326057763608364,0.9062279795059207
2018/19,246,v2_full,0.07334287537818199,0.43896298258123123,0.19175215741497703
2018/19,245,v2_full,0.25361892013728393,0.9676731464017365,0.5799281902071807
2018/19,244,v2_full,0.18919968483802208,0.7936255998806884,0.4501943325798047
2018/19,243,v2_full,0.19508180715075818,0.8059883836102066,0.4596431098486694
2018/19,242,v2_full,0.06123254569919774,0.3879836583557651,0.15615267969502566
2018/19,241,v2_full,0.25131607772563586,0.9720927939241519,0.5815712711903626
2018/19,240,v2_full,0.09833854889871713,0.521463834999439,0.24898296424612748
2018/19,239,v2_full,0.26287057357791505,1.8481940500009888,1.235511363316267
2018/19,248,v2_full,0.13622351829431617,1.2242373632690366,0.7709087124668625
2018/19,275,bookmaker,0.033393015936636114,0.28066686719962874,0.09292168923836248
2018/19,276,bookmaker,0.3822233442011025,1.3133611693437361,0.8277205286741769
2018/19,277,bookmaker,0.2501869520835281,1.7190058725579975,1.1740139036885644
2018/19,281,bookmaker,0.14488655489525723,1.412560162115891,0.8620365583872411
2018/19,279,bookmaker,0.3700922513820262,2.3320856486101245,1.555425492344661
2018/19,280,bookmaker,0.18338904396778843,1.4841411488622345,0.9647756857483627
2018/19,274,bookmaker,0.32638120923342945,1.1568041318455637,0.7192824560297482
2018/19,278,bookmaker,0.5876577043240138,1.921513765508144,1.2096480289591964
2018/19,273,bookmaker,0.3145999100760384,1.1235331924995409,0.6957838962984141
2018/19,268,bookmaker,0.0728282502248284,0.43088098732354585,0.18487548531223902
2018/19,271,bookmaker,0.110435612344403,0.5544378232175666,0.27207243775874895
2018/19,270,bookmaker,0.13921442697749986,1.3524319198377273,0.8280871333144517
2018/19,269,bookmaker,0.1853163794022058,1.469993379996538,0.9636451728914701
2018/19,267,bookmaker,0.2294753188670795,0.9156773584328087,0.540017649498075
2018/19,266,bookmaker,0.033515068137629514,0.2791005296973434,0.09126360207021941
2018/19,265,bookmaker,0.01241354275906119,0.16124039016018932,0.03431649969629531
2018/19,264,bookmaker,0.1691772637342186,0.7253243494819954,0.3993631115877674
2018/19,263,bookmaker,0.17822146117865273,0.7495875551889734,0.4178001689127604
2018/19,282,bookmaker,0.2128106158903837,0.8541032520950922,0.4957846386575861
2018/19,272,bookmaker,0.5876903146970662,1.9957235135254814,1.219188652852502
2018/19,284,bookmaker,0.09786760335667574,0.5175954034343204,0.24583294211604778
2018/19,295,bookmaker,0.13029339503025508,0.6110663096308017,0.313591651961726
2018/19,286,bookmaker,0.13975641414667528,1.3433622568946093,0.8256829661424416
2018/19,306,bookmaker,0.07241921812779259,0.4238884667885996,0.1794055516993267
2018/19,305,bookmaker,0.2173385529898165,0.8352883759673356,0.4869151637341529
2018/19,304,bookmaker,0.042017812398076816,0.31163969519869666,0.10857653884630933
2018/19,303,bookmaker,0.20767444962734785,0.8227459111155534,0.47447635412069195
2018/19,302,bookmaker,0.19248318123633898,1.5407438827390916,1.0024139207123086
2018/19,301,bookmaker,0.0390351747285914,0.30491506317063666,0.10627761864794533
2018/19,300,bookmaker,0.4525859405179222,1.448174053810862,0.9449178452723561
2018/19,299,bookmaker,0.05097854241407067,0.34254413059723926,0.12644644492467702
2018/19,298,bookmaker,0.11937550095279442,0.5809957171700356,0.291440045505728
2018/19,285,bookmaker,0.0030956984279659513,0.07635135225314428,0.008256386690166557
2018/19,297,bookmaker,0.5504177455309475,1.8118260016968588,1.1422510390303173
2018/19,262,bookmaker,0.22976977729982057,0.9006111806393421,0.5305299149126724
2018/19,294,bookmaker,0.3219777999456313,1.14352913435974,0.7101631697021702
2018/19,293,bookmaker,0.2559286283594489,1.738758439564301,1.1912643510572158
2018/19,292,bookmaker,0.05148759894256999,0.349034546891158,0.13102449304998184
2018/19,291,bookmaker,0.3299616660655398,1.1702605085219144,0.7277875314086004
2018/19,290,bookmaker,0.27677277887162355,1.0207298031805159,0.6209934293884993
2018/19,289,bookmaker,0.5963464061747982,1.924008004240621,1.2227034665195085
2018/19,288,bookmaker,0.1843063227697745,1.433666819053441,0.9485969005362348
2018/19,287,bookmaker,0.11163887259955008,0.5607352199111582,0.27690942172169525
2018/19,296,bookmaker,0.19620482273082981,1.5627823387061552,1.0172173477005055
2018/19,261,bookmaker,0.04068035610353192,0.3036205049778985,0.1034913769045713
2018/19,283,bookmaker,0.17019604967095592,1.5063589415069643,0.9461184105264173
2018/19,259,bookmaker,0.5925970021635782,1.9911666330774875,1.225363173227094
2018/19,235,bookmaker,0.22778417318020022,0.8749986925606242,0.5147420513038437
2018/19,234,bookmaker,0.5298126543633288,1.7746136974911826,1.1089956001890022
2018/19,233,bookmaker,0.0444400234862102,0.3265026531264867,0.11857531660774176
2018/19,232,bookmaker,0.010294522959273869,0.14891190678887986,0.030652397885292258
2018/19,231,bookmaker,0.16474771284092207,0.7292629329447673,0.40231675454842586
2018/19,230,bookmaker,0.1604256763118153,1.425833065042414,0.8979830026818874
2018/19,229,bookmaker,0.1453568391038124,0.6739389221834595,0.361464038140845
2018/19,228,bookmaker,0.1777942826141849,0.7625057810029103,0.4269400043594055
2018/19,227,bookmaker,0.09849190468701834,0.5235279919259728,0.2507524447148154
2018/19,236,bookmaker,0.0993059130047477,0.5278093777870507,0.2541534257738415
2018/19,226,bookmaker,0.18976002192047378,1.426522948633838,0.9569035250183221
2018/19,224,bookmaker,0.03621834298683461,0.2883279269408911,0.09554811150846337
2018/19,223,bookmaker,0.055938744826616496,0.3706398091534943,0.14550550160926642
2018/19,222,bookmaker,0.27391772299395156,1.7575958959257925,1.232659593772795
2018/19,221,bookmaker,0.23599092486557371,0.9247510719596942,0.5475232329335099
2018/19,220,bookmaker,0.23934594977211995,0.9447313702935759,0.5610689744825711
2018/19,219,bookmaker,0.03917612993376257,0.30308415523644844,0.10443981585859494
2018/19,218,bookmaker,0.024662548937201854,0.23583544125335007,0.06838693500749903
2018/19,217,bookmaker,0.1949294265613397,0.818230633291537,0.4683679463904456
2018/19,216,bookmaker,0.13503854253147946,1.2829606118173285,0.7924947248386154
2018/19,225,bookmaker,0.2603699647835498,0.9880565952988103,0.5945641094718896
2018/19,237,bookmaker,0.08888032362927814,0.4985212039683994,0.23478247461594645
2018/19,215,bookmaker,0.11206702120022484,0.5699234105293355,0.2847844212432497
2018/19,238,bookmaker,0.3208790976353028,1.1788304192196914,0.7254994821132066
2018/19,258,bookmaker,0.08303310762904144,0.4637351603661364,0.20712351715056537
2018/19,257,bookmaker,0.03423534472105953,0.2818092518874375,0.09257322675310092
2018/19,256,bookmaker,0.09812589479807907,0.5246142655043479,0.25201270452361935
2018/19,255,bookmaker,0.0712622997786463,0.43015363316816035,0.18540453592079964
2018/19,254,bookmaker,0.132189445781996,0.6196137959286848,0.3200035479832203
2018/19,260,bookmaker,0.013753271536129638,0.17057146059449924,0.03807997094381885
2018/19,252,bookmaker,0.15060295321138964,1.3643280566601077,0.8554082323488893
2018/19,251,bookmaker,0.13681386464138454,0.6251890526683233,0.3242258832007806
2018/19,250,bookmaker,0.20724500827613576,0.8437750408259778,0.4876281078357216
2018/19,249,bookmaker,0.06462105087491396,0.4052284894638012,0.16849930592261295
2018/19,253,bookmaker,0.13349431172487913,1.2586379886187444,0.7795864433251141
2018/19,247,bookmaker,0.4000128086012274,1.3742971433376803,0.8650528692090003
2018/19,246,bookmaker,0.06416392035874567,0.40050455678619323,0.16468560279838995
2018/19,245,bookmaker,0.28409846561977614,1.051018102746963,0.640788894258133
2018/19,244,bookmaker,0.18942302582633658,0.7962193656997595,0.45208045488362214
2018/19,243,bookmaker,0.1458400851337007,0.6727926976730788,0.36032384782277727
2018/19,242,bookmaker,0.07721860756933259,0.44958649539536083,0.19829223637800447
2018/19,241,bookmaker,0.39613324947529394,1.3662401148687293,0.858708398528806
2018/19,240,bookmaker,0.07096582684813929,0.43375407497854335,0.18922646197812168
2018/19,239,bookmaker,0.3182931689133374,2.0190056524516766,1.3886439684339558
2018/19,248,bookmaker,0.16744048708685771,1.3614886078545123,0.8880019090313859
2018/19,275,soft_blend_h10,0.029841736611821094,0.25912987160641904,0.07963624595041628
2018/19,276,soft_blend_h10,0.39126056963853034,1.3378767944123708,0.8446532969180855
2018/19,277,soft_blend_h10,0.2174457696634825,1.6630851935918431,1.091715443893664
2018/19,281,soft_blend_h10,0.15671629128634038,1.5245237759119061,0.9253871995016505
2018/19,279,soft_blend_h10,0.27200293624985983,1.8549530165744907,1.2555651088695923
2018/19,280,soft_blend_h10,0.15636441877997867,1.4505985420322434,0.898826369752791
2018/19,274,soft_blend_h10,0.4018105690603217,1.3190544792618242,0.8502717675309925
2018/19,278,soft_blend_h10,0.6945075159021993,2.3098219843053256,1.4087958755447023
2018/19,273,soft_blend_h10,0.1361165699082123,0.6243926704046001,0.32358248087589203
2018/19,268,soft_blend_h10,0.147950972543771,0.6709101445013036,0.35838757691172
2018/19,271,soft_blend_h10,0.060452563481243844,0.37678746785112105,0.14794752667886382
2018/19,270,soft_blend_h10,0.12997111098810782,1.272541463248979,0.7781711573006876
2018/19,269,soft_blend_h10,0.21612466705381686,1.5883760577449206,1.065456185824491
2018/19,267,soft_blend_h10,0.2061263124482512,0.8379360252052789,0.4834758675492693
2018/19,266,soft_blend_h10,0.045238499991676756,0.332272606480838,0.12286987389102184
2018/19,265,soft_blend_h10,0.018575316125596285,0.19819967440784597,0.04932408174507863
2018/19,264,soft_blend_h10,0.22983305675671636,0.8922466875887642,0.5255716192936815
2018/19,263,soft_blend_h10,0.1283598196454297,0.594249413333652,0.30140584819405614
2018/19,282,soft_blend_h10,0.08128538687447256,0.4619899830353358,0.206538231707429
2018/19,272,soft_blend_h10,0.6948010546341177,2.359056790703265,1.4123166369972617
2018/19,284,soft_blend_h10,0.13795206079666464,0.6642786513594542,0.3568565405608754
2018/19,295,soft_blend_h10,0.31847081338689265,1.1715709798317977,0.7206225620980256
2018/19,286,soft_blend_h10,0.14358396087401284,1.378192695588601,0.8466215926409363
2018/19,306,soft_blend_h10,0.08746253915209228,0.4807836360805459,0.21933468969785735
2018/19,305,soft_blend_h10,0.2155688242309172,0.8399201235655847,0.4883930267579075
2018/19,304,soft_blend_h10,0.11211683610720621,0.5753296814344164,0.2898979479635934
2018/19,303,soft_blend_h10,0.4149035575931002,1.4166095508187593,0.8930329635471836
2018/19,302,soft_blend_h10,0.15661429922668266,1.3358913926476343,0.8565100664765227
2018/19,301,soft_blend_h10,0.02053779059572709,0.20922659570691984,0.054316666488925476
2018/19,300,soft_blend_h10,0.28126730265250854,0.9808415602938807,0.6067992895667162
2018/19,299,soft_blend_h10,0.08913849842445737,0.48050726657853104,0.21854428340080725
2018/19,298,soft_blend_h10,0.21917563444493995,0.9083933436418326,0.5345849995080538
2018/19,285,soft_blend_h10,0.009901054257279563,0.1375252059252106,0.02485768773383419
2018/19,297,soft_blend_h10,0.32682882427458426,1.106077056593722,0.7000469223749632
2018/19,262,soft_blend_h10,0.1806044962494689,0.7747894758278961,0.4361378398953399
2018/19,294,soft_blend_h10,0.26906013434724296,1.015849635077883,0.6141274711585716
2018/19,293,soft_blend_h10,0.2825394499360437,1.8304761622180532,1.2701125124080213
2018/19,292,soft_blend_h10,0.04705499351053087,0.3312868936922623,0.12010522079221898
2018/19,291,soft_blend_h10,0.2606427285859377,1.012303339785153,0.6089184464254143
2018/19,290,soft_blend_h10,0.20753964247259818,0.8416616927042214,0.4862769294865034
2018/19,289,soft_blend_h10,0.6245519504370516,2.0748777504960234,1.2809243357851645
2018/19,288,soft_blend_h10,0.1785909979573935,1.3802793874248531,0.917421858317948
2018/19,287,soft_blend_h10,0.06821814425450802,0.41700039596503974,0.17602153220155958
2018/19,296,soft_blend_h10,0.15546056593790708,1.3911651051288214,0.8752446953724544
2018/19,261,soft_blend_h10,0.08472429036708716,0.46312312271301653,0.20619132305212626
2018/19,283,soft_blend_h10,0.133490503312904,1.2805597440772034,0.7884358252124402
2018/19,259,soft_blend_h10,0.7361649221216775,2.4981372213552775,1.4877082180992545
2018/19,235,soft_blend_h10,0.2045391412581625,0.8099637636006539,0.46546400564758417
2018/19,234,soft_blend_h10,0.5346077026252278,1.756895746692929,1.1121746390348675
2018/19,233,soft_blend_h10,0.053052583020747335,0.3646362192673063,0.14322377741997155
2018/19,232,soft_blend_h10,0.011231141657290653,0.1475104975207574,0.028346068914075033
2018/19,231,soft_blend_h10,0.16446237755830403,0.7264294552037535,0.40010079954891103
2018/19,230,soft_blend_h10,0.15670817584565472,1.4617831796318905,0.9035129851884653
2018/19,229,soft_blend_h10,0.203665093493194,0.8462301610971186,0.4890115791678991
2018/19,228,soft_blend_h10,0.33082785809934157,1.196055364122888,0.7396636523747204
2018/19,227,soft_blend_h10,0.08236890388594459,0.4743998154955789,0.21729437201743104
2018/19,236,soft_blend_h10,0.05057599337420174,0.343890582687657,0.12760356639337914
2018/19,226,soft_blend_h10,0.17656650541064658,1.4138659743556548,0.9258773533950738
2018/19,224,soft_blend_h10,0.02559885608957431,0.23627609984629655,0.06739992112974122
2018/19,223,soft_blend_h10,0.09678284579010239,0.5082676127455896,0.23848217345042153
2018/19,222,soft_blend_h10,0.2344469426007414,1.6007601473406106,1.106107955282899
2018/19,221,soft_blend_h10,0.2677837834330349,0.9693791293595241,0.5898415181050947
2018/19,220,soft_blend_h10,0.2573537433965293,0.9572238316798989,0.576384512536007
2018/19,219,soft_blend_h10,0.09199207867062768,0.5044402819526712,0.23767157930871283
2018/19,218,soft_blend_h10,0.034388172081640786,0.2807941161067041,0.09151325324855852
2018/19,217,soft_blend_h10,0.11982422871523359,0.5837004530897458,0.29351316883141343
2018/19,216,soft_blend_h10,0.1820024219468921,1.406862846938946,0.9341651469329583
2018/19,225,soft_blend_h10,0.3386353121821846,1.227934610898915,0.7591019419184265
2018/19,237,soft_blend_h10,0.05340501141960898,0.3661130983552342,0.1441919162004968
2018/19,215,soft_blend_h10,0.08139919230206749,0.4664282687044998,0.21046882531405214
2018/19,238,soft_blend_h10,0.2795957120336263,1.062216235349368,0.6446176057786541
2018/19,258,soft_blend_h10,0.23390487522112216,0.9158383921500285,0.5413291334825818
2018/19,257,soft_blend_h10,0.07784464228174874,0.45494376809807224,0.2027345180393706
2018/19,256,soft_blend_h10,0.12841931442774265,0.6107917013068815,0.3135678346724464
2018/19,255,soft_blend_h10,0.06112820469383625,0.3919852886438416,0.15971335241591877
2018/19,254,soft_blend_h10,0.10418307857778936,0.5211737651720633,0.24752367643375303
2018/19,260,soft_blend_h10,0.0563331108607895,0.3669270383418637,0.1421630626430316
2018/19,252,soft_blend_h10,0.14304830206922078,1.355136987889998,0.8367912614441372
2018/19,251,soft_blend_h10,0.09577142753205636,0.49310356709054964,0.227357110347999
2018/19,250,soft_blend_h10,0.15433642815638451,0.6826821060482768,0.36721033952606796
2018/19,249,soft_blend_h10,0.11718506699812838,0.5924282931978561,0.3025705772567505
2018/19,253,soft_blend_h10,0.12248241469018249,1.1813657930306287,0.7254087957347685
2018/19,247,soft_blend_h10,0.3734439671581985,1.2881133180511395,0.8106982802732647
2018/19,246,soft_blend_h10,0.049551061918420666,0.35404485204751224,0.13796536256934644
2018/19,245,soft_blend_h10,0.23532079290023566,0.9259342459294904,0.5480543078492954
2018/19,244,soft_blend_h10,0.18163974820351378,0.77143474121176,0.43362831150383996
2018/19,243,soft_blend_h10,0.32992419240178494,1.1782817036284454,0.7311822511651473
2018/19,242,soft_blend_h10,0.06098971508774918,0.3868202548607344,0.1553491075662955
2018/19,241,soft_blend_h10,0.2761391505620219,1.044375715084538,0.633169357318786
2018/19,240,soft_blend_h10,0.06849748002571264,0.4200880984121646,0.17858998759558706
2018/19,239,soft_blend_h10,0.28407544649546657,1.9528049960293108,1.304528460278148
2018/19,248,soft_blend_h10,0.1423023688142098,1.2609246542866555,0.798131955614372
2018/19,275,soft_blend_h17,0.027733590314339585,0.24827905076980017,0.07380576564871363
2018/19,276,soft_blend_h17,0.4011854823076646,1.3648117012470793,0.863177920222636
2018/19,277,soft_blend_h17,0.2178164104165942,1.6577502900767873,1.0908142475022984
2018/19,281,soft_blend_h17,0.15747568577189203,1.519782356954622,0.9252881009249156
2018/19,279,soft_blend_h17,0.27581583844058016,1.8814709976247503,1.2701153951027064
2018/19,280,soft_blend_h17,0.1591083080104597,1.4635810439491304,0.9089531780294131
2018/19,274,soft_blend_h17,0.3830798382253423,1.283546226240512,0.8188217764564543
2018/19,278,soft_blend_h17,0.6914663592333214,2.2940184411173985,1.402868653452066
2018/19,273,soft_blend_h17,0.14240507310781514,0.6428162094355294,0.33740528049738405
2018/19,268,soft_blend_h17,0.15754775242632932,0.6988451703825348,0.379280879760909
2018/19,271,soft_blend_h17,0.07211064211945724,0.417499877757218,0.1747713013909631
2018/19,270,soft_blend_h17,0.13106812219206113,1.2840701721579155,0.7849983706393843
2018/19,269,soft_blend_h17,0.22513960578845668,1.6268296348395417,1.095808337149097
2018/19,267,soft_blend_h17,0.21311543692307633,0.8617813626983756,0.5009000503627625
2018/19,266,soft_blend_h17,0.04491675789590457,0.3313186447515053,0.12243310397198917
2018/19,265,soft_blend_h17,0.017959660685672896,0.194343749376956,0.04756217522246698
2018/19,264,soft_blend_h17,0.24942894333750212,0.9434835652121786,0.564370601024708
2018/19,263,soft_blend_h17,0.11570652223405509,0.5541416843271321,0.27177169880687846
2018/19,282,soft_blend_h17,0.08673909343930791,0.48058997355207494,0.2195431058752484
2018/19,272,soft_blend_h17,0.6764794581425642,2.2833348033838226,1.3781862717721287
2018/19,284,soft_blend_h17,0.13338864071159132,0.6487981176092571,0.3451786013561979
2018/19,295,soft_blend_h17,0.3084917897035966,1.1482287152354702,0.7037238240173178
2018/19,286,soft_blend_h17,0.14287208141126218,1.3896503737955808,0.8495012597259105
2018/19,306,soft_blend_h17,0.08954520918540669,0.48850051544259215,0.22488267756875524
2018/19,305,soft_blend_h17,0.21945421466552578,0.852723436453434,0.497716663407588
2018/19,304,soft_blend_h17,0.10975169815716819,0.5658527939193996,0.28255163999408783
2018/19,303,soft_blend_h17,0.4134467316318358,1.4127391391506412,0.8903879429374504
2018/19,302,soft_blend_h17,0.1521390750000987,1.32246729982394,0.8423341246343349
2018/19,301,soft_blend_h17,0.021162651287853926,0.2129859951336262,0.056131157037496784
2018/19,300,soft_blend_h17,0.28011035916612054,0.9777468885880697,0.6044344996784192
2018/19,299,soft_blend_h17,0.09508675306241685,0.49901721278192623,0.23162636513365426
2018/19,298,soft_blend_h17,0.21236980089409266,0.8887836772394803,0.5205647724546627
2018/19,285,soft_blend_h17,0.009755938644820878,0.13630905181418926,0.024440802930586276
2018/19,297,soft_blend_h17,0.3570361898344446,1.1840701853748636,0.7589353452597863
2018/19,262,soft_blend_h17,0.17577238434236922,0.761217747440663,0.4260632378202892
2018/19,294,soft_blend_h17,0.26164828623459735,0.9951899638569877,0.5991632373557871
2018/19,293,soft_blend_h17,0.2906419635989068,1.877164400970103,1.2986532811109566
2018/19,292,soft_blend_h17,0.043686122616489714,0.31707822972994915,0.11151430305257433
2018/19,291,soft_blend_h17,0.25847426485211517,1.0020330885325002,0.6020104525125798
2018/19,290,soft_blend_h17,0.20439981473288957,0.8312049434555334,0.47860028062268256
2018/19,289,soft_blend_h17,0.6267011061153915,2.0820717284002304,1.284847932163574
2018/19,288,soft_blend_h17,0.17378517734527069,1.3602086137099798,0.9002031509336567
2018/19,287,soft_blend_h17,0.0712223628845107,0.42751178805797085,0.18303771238693087
2018/19,296,soft_blend_h17,0.16433132322260519,1.4284337486254075,0.9067430148201755
2018/19,261,soft_blend_h17,0.07179555048405979,0.41832253555281157,0.175402719719414
2018/19,283,soft_blend_h17,0.13370220991117948,1.2896216265590097,0.7924858713877267
2018/19,259,soft_blend_h17,0.7354736796428833,2.4944491945712888,1.486379326624356
2018/19,235,soft_blend_h17,0.19632199899431912,0.7874497923607906,0.4482299076899906
2018/19,234,soft_blend_h17,0.54768440742855,1.8007538242272894,1.136825301756387
2018/19,233,soft_blend_h17,0.05156403587303808,0.358610033573791,0.13937394439147613
2018/19,232,soft_blend_h17,0.012034851670636823,0.1534226353104574,0.030512828925531324
2018/19,231,soft_blend_h17,0.15743275094794695,0.7065492172572967,0.38534638058166226
2018/19,230,soft_blend_h17,0.15960864291359902,1.4715084497631787,0.9127659331150133
2018/19,229,soft_blend_h17,0.21605533308609048,0.8814111271970303,0.5148029476170984
2018/19,228,soft_blend_h17,0.32715797168687577,1.1837194368759023,0.7316466351035836
2018/19,227,soft_blend_h17,0.09340413394278478,0.5112340361853557,0.24303060813870359
2018/19,236,soft_blend_h17,0.050485993096590125,0.3442320260003601,0.12791319251746364
2018/19,226,soft_blend_h17,0.17260350527615448,1.397383129341014,0.9118499288505473
2018/19,224,soft_blend_h17,0.02596595180685973,0.23842197591223366,0.06853840098182867
2018/19,223,soft_blend_h17,0.10207328128710286,0.5253644463240968,0.2507740195871738
2018/19,222,soft_blend_h17,0.239367746813668,1.6181485178322095,1.1215137912665538
2018/19,221,soft_blend_h17,0.24730986332317695,0.9148380833769106,0.5482414743677887
2018/19,220,soft_blend_h17,0.2590478394748977,0.9630474756646799,0.5804527407370438
2018/19,219,soft_blend_h17,0.08697226900415532,0.48837589602084813,0.22654746085144947
2018/19,218,soft_blend_h17,0.03302592418514876,0.2747969174425785,0.08826988025359993
2018/19,217,soft_blend_h17,0.1317527681063897,0.6220266721751988,0.32196288729489153
2018/19,216,soft_blend_h17,0.178781759046889,1.403526270683516,0.9264883686597997
2018/19,225,soft_blend_h17,0.3248240003763663,1.1866132215573832,0.7315131217041272
2018/19,237,soft_blend_h17,0.06113774471671174,0.3970080590035871,0.16453754874720164
2018/19,215,soft_blend_h17,0.08333680510213491,0.4743893935919659,0.21633514335313864
2018/19,238,soft_blend_h17,0.2708545112822099,1.0387958723351138,0.6279360530742859
2018/19,258,soft_blend_h17,0.23231149037915036,0.9139198462314368,0.5396116869581047
2018/19,257,soft_blend_h17,0.06715249178601651,0.4155981072715046,0.17568634586300227
2018/19,256,soft_blend_h17,0.12022359738140012,0.5856742572911698,0.2950185418442426
2018/19,255,soft_blend_h17,0.05776202398515608,0.37956482636824074,0.1517259653974472
2018/19,254,soft_blend_h17,0.11116577607332363,0.5424366721961849,0.2630413904631004
2018/19,260,soft_blend_h17,0.0538981388469792,0.3573525409863483,0.13606831651051543
2018/19,252,soft_blend_h17,0.14196537870653358,1.339082796796416,0.8284479108054214
2018/19,251,soft_blend_h17,0.09798955897808428,0.49987814626444527,0.2322200132662841
2018/19,250,soft_blend_h17,0.1613314442771342,0.7036173079462094,0.38295214414202144
2018/19,249,soft_blend_h17,0.11052354857976762,0.5707677126935765,0.2867358844008164
2018/19,253,soft_blend_h17,0.12255992827259354,1.1953264894215094,0.7314794463582441
2018/19,247,soft_blend_h17,0.3812601857165855,1.3084960975307887,0.8251415910680953
2018/19,246,soft_blend_h17,0.04780961630108428,0.34555221258454244,0.13206238640915485
2018/19,245,soft_blend_h17,0.24190254399298153,0.9485444777067084,0.5641434652168005
2018/19,244,soft_blend_h17,0.17804426916278898,0.7598006232667781,0.4249471812829968
2018/19,243,soft_blend_h17,0.3127635576241144,1.1341725984554631,0.6992898835419876
2018/19,242,soft_blend_h17,0.06124494054921731,0.3880336986266418,0.15618600249258532
2018/19,241,soft_blend_h17,0.2457041852505352,0.9534190130222545,0.5683497835571623
2018/19,240,soft_blend_h17,0.06704631995876166,0.41427594226394926,0.174559894442474
2018/19,239,soft_blend_h17,0.28293597838068063,1.9500641538494885,1.301581382280873
2018/19,248,soft_blend_h17,0.13980668908608102,1.2539058473413625,0.7902837810067518
2018/19,275,cosine_taper_k30,0.03144816079388574,0.26721828582519047,0.08408469066950335
2018/19,276,cosine_taper_k30,0.3840230168937816,1.3184437722387912,0.8311658789556011
2018/19,277,cosine_taper_k30,0.21717607350779822,1.6670427934733154,1.092390164526053
2018/19,281,cosine_taper_k30,0.15627726167233025,1.5278705466070397,0.9256478122747517
2018/19,279,cosine_taper_k30,0.26920751407544397,1.835814005036029,1.2448827990116067
2018/19,280,cosine_taper_k30,0.15450891906257336,1.4415715768090531,0.8918650358826077
2018/19,274,cosine_taper_k30,0.4160454012366453,1.3461072071623046,0.8745363619307968
2018/19,278,cosine_taper_k30,0.6967576045731907,2.321653614784933,1.4131819233771732
2018/19,273,cosine_taper_k30,0.13156638919055422,0.6110034544359153,0.31357181835656184
2018/19,268,cosine_taper_k30,0.140716165538416,0.6497479092975444,0.3426140645304644
2018/19,271,cosine_taper_k30,0.05251127234294228,0.34775500451199015,0.12961218202966113
2018/19,270,cosine_taper_k30,0.12912636541388148,1.263681699642115,0.7728988219333842
2018/19,269,cosine_taper_k30,0.20934608024008985,1.5595093151913024,1.042414270513495
2018/19,267,cosine_taper_k30,0.20078185810315258,0.8198075575414546,0.47016777741246635
2018/19,266,cosine_taper_k30,0.045489704706684224,0.3330138601337036,0.12321225028620894
2018/19,265,cosine_taper_k30,0.019060590358615657,0.201203578459986,0.05071472008515776
2018/19,264,cosine_taper_k30,0.21521904245780116,0.8542028185149467,0.49664935104199925
2018/19,263,cosine_taper_k30,0.13863610295943293,0.6265363162812742,0.3254701368436532
2018/19,282,cosine_taper_k30,0.07755867979161356,0.449118071631993,0.19763953758033104
2018/19,272,cosine_taper_k30,0.7085202896354972,2.4188958718420452,1.4379842430016283
2018/19,284,cosine_taper_k30,0.14120615172264586,0.6753068724179118,0.365182618262992
2018/19,295,cosine_taper_k30,0.3252747071866337,1.1875201839305922,0.7322114136561846
2018/19,286,cosine_taper_k30,0.14443421251076655,1.3702157109622197,0.8453066172444396
2018/19,306,cosine_taper_k30,0.08614456150458889,0.47588297236491484,0.2158262183764259
2018/19,305,cosine_taper_k30,0.21310426272606747,0.831822864208464,0.4824823930640935
2018/19,304,cosine_taper_k30,0.11364338573758612,0.5814335110129807,0.29465074058248675
2018/19,303,cosine_taper_k30,0.4158361813373196,1.419090906387882,0.8947268335043088
2018/19,302,cosine_taper_k30,0.1596147392834341,1.3445657613671533,0.8658636589300048
2018/19,301,cosine_taper_k30,0.020143508475801025,0.2068314353771649,0.05317334912379141
2018/19,300,cosine_taper_k30,0.28200795271718193,0.9828243180117943,0.6083131358585738
2018/19,299,cosine_taper_k30,0.0854415368712446,0.4688549664097294,0.21040169844966183
2018/19,298,cosine_taper_k30,0.2235865659419822,0.921129856105083,0.5436684185011751
2018/19,285,cosine_taper_k30,0.010003761324995959,0.13838105985700797,0.02515310229362755
2018/19,297,cosine_taper_k30,0.30738646327662744,1.057031956909955,0.6621990717619064
2018/19,262,cosine_taper_k30,0.18440454116446975,0.7854546311123133,0.44405731144073496
2018/19,294,cosine_taper_k30,0.2740876903881382,1.029933790321781,0.6242768126855156
2018/19,293,cosine_taper_k30,0.2771906933639388,1.8003728556075913,1.2512102069785918
2018/19,292,cosine_taper_k30,0.049382046495176725,0.3409205522367134,0.12603924055591112
2018/19,291,cosine_taper_k30,0.26210363522693336,1.019243636947502,0.6135842251011294
2018/19,290,cosine_taper_k30,0.20965675016185975,0.8487291278910195,0.4914548390771843
2018/19,289,cosine_taper_k30,0.6231146575779181,2.070086753990487,1.2783020413912682
2018/19,288,cosine_taper_k30,0.1820454195300011,1.3946344218415105,0.9297096673542959
2018/19,287,cosine_taper_k30,0.06614603025940873,0.4096763771996564,0.17117643395335325
2018/19,296,cosine_taper_k30,0.15002633131776888,1.366951131430915,0.8552521843860131
2018/19,261,cosine_taper_k30,0.09584674522961238,0.5004926307249312,0.23263972233925514
2018/19,283,cosine_taper_k30,0.13339576741037246,1.2742379585034243,0.7857043197543393
2018/19,259,cosine_taper_k30,0.7367185462485852,2.5010994450601856,1.488772630150391
2018/19,235,cosine_taper_k30,0.2109394851426243,0.8275272031085174,0.478880108870332
2018/19,234,cosine_taper_k30,0.5254390108926493,1.7269108629393801,1.0949194700497231
2018/19,233,cosine_taper_k30,0.05412141953394392,0.36893310194019807,0.14598683438056306
2018/19,232,cosine_taper_k30,0.010678109646073849,0.14333773189445945,0.026858624874500074
2018/19,231,cosine_taper_k30,0.16954894318068997,0.740775300454959,0.41076912453313813
2018/19,230,cosine_taper_k30,0.15477586494154802,1.4549413214501354,0.897205733445363
2018/19,229,cosine_taper_k30,0.19511280530171105,0.8220037861876354,0.47119368374107773
2018/19,228,cosine_taper_k30,0.33344358968233806,1.204899212823312,0.745377318390858
2018/19,227,cosine_taper_k30,0.07497793217118588,0.4490698451947338,0.19998697733952542
2018/19,236,cosine_taper_k30,0.05064591457953836,0.34362958361372875,0.127372054919141
2018/19,226,cosine_taper_k30,0.17943869431521012,1.4257252454014748,0.9359696700953829
2018/19,224,cosine_taper_k30,0.025368147178534195,0.2349211685761875,0.06668535591143461
2018/19,223,cosine_taper_k30,0.09351006919099722,0.49760255361901395,0.23087090984919623
2018/19,222,cosine_taper_k30,0.2313793938748404,1.5899157770861532,1.0964658730574894
2018/19,221,cosine_taper_k30,0.2811709471831659,1.0054792758091393,0.6170304114372095
2018/19,220,cosine_taper_k30,0.2562851494153774,0.9535577065718471,0.5738191146348872
2018/19,219,cosine_taper_k30,0.09524504331218651,0.5147361676263095,0.24486918678464314
2018/19,218,cosine_taper_k30,0.03526455492995251,0.28460610504756173,0.09359731022098737
2018/19,217,cosine_taper_k30,0.11257209103002573,0.5601955281375467,0.27620096035077074
2018/19,216,cosine_taper_k30,0.18377673590338006,1.408657820083645,0.9383772585226714
2018/19,225,cosine_taper_k30,0.347529627260097,1.2549811217483264,0.7768691944267869
2018/19,237,cosine_taper_k30,0.047845559015445384,0.3431175198015212,0.129543420791876
2018/19,215,cosine_taper_k30,0.08036977475557024,0.4621823957294497,0.20735838379848745
2018/19,238,cosine_taper_k30,0.28638640446468194,1.080501656456427,0.6575891585798679
2018/19,258,cosine_taper_k30,0.2351895098362852,0.9173769099649248,0.5427326372361663
2018/19,257,cosine_taper_k30,0.08697484829973866,0.48759649305264696,0.2257907721540931
2018/19,256,cosine_taper_k30,0.13517917315561476,0.631363875407607,0.3288451444369297
2018/19,255,cosine_taper_k30,0.06389364561184666,0.4020406783546171,0.16626433665882756
2018/19,254,cosine_taper_k30,0.09875909144602973,0.5044720346169094,0.23545476473512472
2018/19,260,cosine_taper_k30,0.05832116667225899,0.3746583661659767,0.1471383866772339
2018/19,252,cosine_taper_k30,0.14392993152513386,1.368100206960695,0.8434956791428684
2018/19,251,cosine_taper_k30,0.09402474560080434,0.48774474107817073,0.22352601759425816
2018/19,250,cosine_taper_k30,0.14888163495961276,0.6663288245460319,0.354925090816655
2018/19,249,cosine_taper_k30,0.12262890221213545,0.6100081650044807,0.3154907777029774
2018/19,253,cosine_taper_k30,0.1228709334351709,1.1703285706865112,0.7214762639424583
2018/19,247,cosine_taper_k30,0.3672906198461362,1.2721837876566437,0.7993459234394357
2018/19,246,cosine_taper_k30,0.05096261056857385,0.36085549286743923,0.14277003281591322
2018/19,245,cosine_taper_k30,0.23014838437953622,0.9082986103180144,0.535419935381448
2018/19,244,cosine_taper_k30,0.18452684557212604,0.7807912567747907,0.44059983325978574
2018/19,243,cosine_taper_k30,0.34340387475770506,1.21337226649243,0.7563118379323504
2018/19,242,cosine_taper_k30,0.06079502292267026,0.3858934120587335,0.15471118644725235
2018/19,241,cosine_taper_k30,0.3006412062541573,1.1199716809531253,0.6852601734378704
2018/19,240,cosine_taper_k30,0.0696177124185968,0.42455514824943064,0.181703237856797
2018/19,239,cosine_taper_k30,0.28494997484241963,1.954905805223299,1.3067886026103128
2018/19,248,cosine_taper_k30,0.14437706371808487,1.2665458683127224,0.8045605865088125
2018/19,275,current_only,0.03144816079388574,0.26721828582519047,0.08408469066950335
2018/19,276,current_only,0.3840230168937816,1.3184437722387912,0.8311658789556011
2018/19,277,current_only,0.21717607350779822,1.6670427934733154,1.092390164526053
2018/19,281,current_only,0.15627726167233025,1.5278705466070397,0.9256478122747517
2018/19,279,current_only,0.26920751407544397,1.835814005036029,1.2448827990116067
2018/19,280,current_only,0.15450891906257336,1.4415715768090531,0.8918650358826077
2018/19,274,current_only,0.4160454012366453,1.3461072071623046,0.8745363619307968
2018/19,278,current_only,0.6967576045731907,2.321653614784933,1.4131819233771732
2018/19,273,current_only,0.13156638919055422,0.6110034544359153,0.31357181835656184
2018/19,268,current_only,0.140716165538416,0.6497479092975444,0.3426140645304644
2018/19,271,current_only,0.05251127234294228,0.34775500451199015,0.12961218202966113
2018/19,270,current_only,0.12912636541388148,1.263681699642115,0.7728988219333842
2018/19,269,current_only,0.20934608024008985,1.5595093151913024,1.042414270513495
2018/19,267,current_only,0.20078185810315258,0.8198075575414546,0.47016777741246635
2018/19,266,current_only,0.045489704706684224,0.3330138601337036,0.12321225028620894
2018/19,265,current_only,0.019060590358615657,0.201203578459986,0.05071472008515776
2018/19,264,current_only,0.21521904245780116,0.8542028185149467,0.49664935104199925
2018/19,263,current_only,0.13863610295943293,0.6265363162812742,0.3254701368436532
2018/19,282,current_only,0.07755867979161356,0.449118071631993,0.19763953758033104
2018/19,272,current_only,0.7085202896354972,2.4188958718420452,1.4379842430016283
2018/19,284,current_only,0.14120615172264586,0.6753068724179118,0.365182618262992
2018/19,295,current_only,0.3252747071866337,1.1875201839305922,0.7322114136561846
2018/19,286,current_only,0.14443421251076655,1.3702157109622197,0.8453066172444396
2018/19,306,current_only,0.08614456150458889,0.47588297236491484,0.2158262183764259
2018/19,305,current_only,0.21310426272606747,0.831822864208464,0.4824823930640935
2018/19,304,current_only,0.11364338573758612,0.5814335110129807,0.29465074058248675
2018/19,303,current_only,0.4158361813373196,1.419090906387882,0.8947268335043088
2018/19,302,current_only,0.1596147392834341,1.3445657613671533,0.8658636589300048
2018/19,301,current_only,0.020143508475801025,0.2068314353771649,0.05317334912379141
2018/19,300,current_only,0.28200795271718193,0.9828243180117943,0.6083131358585738
2018/19,299,current_only,0.0854415368712446,0.4688549664097294,0.21040169844966183
2018/19,298,current_only,0.2235865659419822,0.921129856105083,0.5436684185011751
2018/19,285,current_only,0.010003761324995959,0.13838105985700797,0.02515310229362755
2018/19,297,current_only,0.30738646327662744,1.057031956909955,0.6621990717619064
2018/19,262,current_only,0.18440454116446975,0.7854546311123133,0.44405731144073496
2018/19,294,current_only,0.2740876903881382,1.029933790321781,0.6242768126855156
2018/19,293,current_only,0.2771906933639388,1.8003728556075913,1.2512102069785918
2018/19,292,current_only,0.049382046495176725,0.3409205522367134,0.12603924055591112
2018/19,291,current_only,0.26210363522693336,1.019243636947502,0.6135842251011294
2018/19,290,current_only,0.20965675016185975,0.8487291278910195,0.4914548390771843
2018/19,289,current_only,0.6231146575779181,2.070086753990487,1.2783020413912682
2018/19,288,current_only,0.1820454195300011,1.3946344218415105,0.9297096673542959
2018/19,287,current_only,0.06614603025940873,0.4096763771996564,0.17117643395335325
2018/19,296,current_only,0.15002633131776888,1.366951131430915,0.8552521843860131
2018/19,261,current_only,0.09608582383124036,0.5012863913914362,0.23320789347228482
2018/19,283,current_only,0.13339576741037246,1.2742379585034243,0.7857043197543393
2018/19,259,current_only,0.7367300852412151,2.501161265851796,1.4887948161423779
2018/19,235,current_only,0.21215808950573348,0.8308748214255531,0.48143376967514273
2018/19,234,current_only,0.522215189754761,1.7165097533671294,1.0888580951559064
2018/19,233,current_only,0.05450229458534454,0.37045838607165377,0.14697118623953184
2018/19,232,current_only,0.010485766953517717,0.1418649750302152,0.026342014594692435
2018/19,231,current_only,0.17136918233856266,0.7459026229236138,0.41458528427474783
2018/19,230,current_only,0.1541168315637803,1.4525308699728614,0.8950243300287729
2018/19,229,current_only,0.19213289916954596,0.8135677601118058,0.46498214714437136
2018/19,228,current_only,0.3343718835316539,1.2080482621386335,0.7474049341688189
2018/19,227,current_only,0.07244886332085969,0.4402560418536947,0.19404987395281342
2018/19,236,current_only,0.05065921016737881,0.34358036245734797,0.1273288968132908
2018/19,226,current_only,0.18046741103365524,1.4299566734859037,0.939569963279761
2018/19,224,current_only,0.02522864838499198,0.2340995019928647,0.06625364814933717
2018/19,223,current_only,0.0915509995746335,0.4911829874307146,0.22631203329731842
2018/19,222,current_only,0.22953411546168473,1.583389212741862,1.0906509918781881
2018/19,221,current_only,0.28946332898986016,1.0280483722977296,0.6338676220402305
2018/19,220,current_only,0.2556375357174119,0.9513385882900378,0.5722646541895096
2018/19,219,current_only,0.09724930259436793,0.5210387743426018,0.24929977387590235
2018/19,218,current_only,0.03580216629253713,0.2869274228833222,0.09487482448068311
2018/19,217,current_only,0.10828012264261437,0.5461909121710629,0.26594902832749856
2018/19,216,current_only,0.1855984865431067,1.4104710418913795,0.9426901714043886
2018/19,225,current_only,0.3529891332995439,1.271764832184622,0.7877752297747538
2018/19,237,current_only,0.046831267293269876,0.33883882555016864,0.1268687139005616
2018/19,215,current_only,0.07933903992061195,0.4579192639495381,0.20424840741558598
2018/19,238,current_only,0.2876776284648994,1.0839883900708513,0.6600568269276827
2018/19,258,current_only,0.2352163651333336,0.9174089950733725,0.5427621544863048
2018/19,257,current_only,0.08717050359977692,0.4882883866216704,0.22628449474454074
2018/19,256,current_only,0.13532191762474893,0.6317970959050171,0.32916754359952466
2018/19,255,current_only,0.06395194105372676,0.40225129362584766,0.16640233039165758
2018/19,254,current_only,0.0986476344427192,0.5041269506855428,0.23520661428262798
2018/19,260,current_only,0.05836296091200963,0.37482011047757186,0.14724297395395625
2018/19,252,current_only,0.14400318597675463,1.3691733516026723,0.8440493540722989
2018/19,251,current_only,0.09388189334948437,0.48730549735754214,0.2232126214987703
2018/19,250,current_only,0.148437645819603,0.6649963352562439,0.3539247547901223
2018/19,249,current_only,0.12308202198496163,0.6114671469438168,0.31656542739929744
2018/19,253,current_only,0.12288329092018851,1.1700998657614063,0.7214030867618536
2018/19,247,current_only,0.36678743192600455,1.2708855297060724,0.79841831333361
2018/19,246,current_only,0.05107965710470369,0.36141742538990723,0.14316921125018559
2018/19,245,current_only,0.22972577505462366,0.9068626257217848,0.5343880342007223
2018/19,244,current_only,0.184765190433221,0.7815643106279315,0.44117539779320813
2018/19,243,current_only,0.34598116086513386,1.2201312207183483,0.7611239483569728
2018/19,242,current_only,0.06075834548842463,0.3857186902554812,0.15459105752162677
2018/19,241,current_only,0.3053822480009516,1.1348939197183303,0.6953309396901951
2018/19,240,current_only,0.0698300398589941,0.4253999500063136,0.18229353049410954
2018/19,239,current_only,0.28511524193507665,1.9553025481854154,1.3072155559714291
2018/19,248,current_only,0.14455110356027007,1.2670093647398073,0.8050962540537059
2018/19,275,updating_prior,0.019780967224098934,0.2042719279046325,0.05190481346317845
2018/19,276,updating_prior,0.4440862762066115,1.4856363658486997,0.9436089790744738
2018/19,277,updating_prior,0.21942836407369978,1.6358120574890644,1.0872132324574841
2018/19,281,updating_prior,0.16258388581893699,1.4995319905603188,0.9285322402387197
2018/19,279,updating_prior,0.2920465224589214,2.0002832919982456,1.331804410870158
2018/19,280,updating_prior,0.17238821411342026,1.521752448806865,0.9557860723747094
2018/19,274,updating_prior,0.3117812289292468,1.1477681177819539,0.7052087384815918
2018/19,278,updating_prior,0.6788644469011562,2.2307027332226643,1.3783178897010782
2018/19,273,updating_prior,0.17018478056594685,0.7235002988319951,0.3983189592711492
2018/19,268,updating_prior,0.19927012028105076,0.8197072007087893,0.4697862965371172
2018/19,271,updating_prior,0.13190579927466325,0.6077188848219975,0.31128767156654424
2018/19,270,updating_prior,0.13557810321189867,1.3317887371293888,0.8128454295650741
2018/19,269,updating_prior,0.26458952493604204,1.798259965331922,1.2254244976126734
2018/19,267,updating_prior,0.24239676785186473,0.9637893807445919,0.5741315904369861
2018/19,266,updating_prior,0.04364447283862412,0.327494157699645,0.12072587608127335
2018/19,265,updating_prior,0.015592296228284754,0.17899635131162062,0.040814387012818074
2018/19,264,updating_prior,0.33694664129746577,1.180813795482095,0.7378393446647952
2018/19,263,updating_prior,0.07147712528309387,0.40745643816926136,0.16814403844626372
2018/19,282,updating_prior,0.11238870998794181,0.5652687146431191,0.2804759762620844
2018/19,272,updating_prior,0.6033026210085172,2.017890342142555,1.2437278801650535
2018/19,284,updating_prior,0.11453719276279697,0.5844782079476013,0.29691317294441194
2018/19,295,updating_prior,0.26631840694244785,1.0497239591892764,0.6337796929041971
2018/19,286,updating_prior,0.14652145346132953,1.4407713277065985,0.8756009795231926
2018/19,306,updating_prior,0.09956752005438704,0.5252300774545926,0.25164291351210577
2018/19,305,updating_prior,0.23800670907576227,0.9145841783545072,0.542324132094828
2018/19,304,updating_prior,0.09911949675413834,0.5228802913846586,0.24980884293541644
2018/19,303,updating_prior,0.40670504605133007,1.394915888498382,0.878162622305865
2018/19,302,updating_prior,0.1348351665874203,1.2622424316516319,0.7837325688066605
2018/19,301,updating_prior,0.024198508429546666,0.23067553731948665,0.06498728426604619
2018/19,300,updating_prior,0.27475651676052315,0.9634650618998213,0.5934902329588433
2018/19,299,updating_prior,0.1254020777877997,0.5900053367472256,0.29800261092650354
2018/19,298,updating_prior,0.18223211233454029,0.8022397441220366,0.45839887431093124
2018/19,285,updating_prior,0.009141614448273374,0.13106648332934234,0.022682911819614657
2018/19,297,updating_prior,0.5100821038942922,1.6365474291103383,1.0584931711608718
2018/19,262,updating_prior,0.15706376570669137,0.7084625159434664,0.38700819786340834
2018/19,294,updating_prior,0.2297525020526466,0.9074123977922731,0.5347427029274352
2018/19,293,updating_prior,0.32875074909578,2.118534171566456,1.431535983521329
2018/19,292,updating_prior,0.030110691092854844,0.2557000615185482,0.07689200503273926
2018/19,291,updating_prior,0.24892275879781692,0.9572079667862168,0.5718427223499507
2018/19,290,updating_prior,0.19060903889743414,0.7855882817724845,0.4449210493383971
2018/19,289,updating_prior,0.6364009301461971,2.1150025117435582,1.3025936204285489
2018/19,288,updating_prior,0.1544609212164545,1.2777669780226706,0.8292548861912304
2018/19,287,updating_prior,0.08498184246460054,0.4742875483729617,0.2150607253272755
2018/19,296,updating_prior,0.2153315324224904,1.615212541388628,1.0725069471282578
2018/19,261,updating_prior,0.03182835077797453,0.26154441650513693,0.07971747063817014
2018/19,283,updating_prior,0.13565828042331343,1.3297857673542204,0.81222690533232
2018/19,259,updating_prior,0.7327990883694266,2.4802880888152075,1.48123865631336
2018/19,235,updating_prior,0.16816912632294917,0.7103260166412461,0.3890910561511557
2018/19,234,updating_prior,0.5944711427713825,1.9699912751016582,1.2253880698591075
2018/19,233,updating_prior,0.04656030740451081,0.33796098115749434,0.12641642661367702
2018/19,232,updating_prior,0.015044746432506875,0.17422900572513747,0.03867219457503743
2018/19,231,updating_prior,0.13430247321392177,0.6404293363420697,0.33669827234183186
2018/19,230,updating_prior,0.1712842337872882,1.506034588781577,0.9481828265271476
2018/19,229,updating_prior,0.2621163617895842,1.0141937087507147,0.6104837183125508
2018/19,228,updating_prior,0.3145732873844,1.1420259809193674,0.7041483845282157
2018/19,227,updating_prior,0.1373230916420134,0.6508365749653992,0.34455798730882514
2018/19,236,updating_prior,0.0501754294059686,0.34546266494243166,0.12909260771781253
2018/19,226,updating_prior,0.15962260892923147,1.3421665227603856,0.8649539513335991
2018/19,224,updating_prior,0.02721618496992572,0.24564151435480913,0.07242896971535702
2018/19,223,updating_prior,0.12082598206436125,0.5848425310616117,0.29424176688118026
2018/19,222,updating_prior,0.2564797586779955,1.6786812660400163,1.174546678631869
2018/19,221,updating_prior,0.18491295542114194,0.7512335559710194,0.4212923515053038
2018/19,220,updating_prior,0.2647624339451953,0.9827996115488884,0.594186291197163
2018/19,219,updating_prior,0.07126041729584735,0.4363865688602148,0.1915727009586042
2018/19,218,updating_prior,0.028672035306625765,0.2549722093170956,0.07786816326854208
2018/19,217,updating_prior,0.1758277746910317,0.7622465565536799,0.42685997527364944
2018/19,216,updating_prior,0.16914539069317908,1.3928266914757164,0.9032350713900942
2018/19,225,updating_prior,0.2808085563918859,1.0594946090511725,0.6435954808870494
2018/19,237,updating_prior,0.09332454371190983,0.5169200936662598,0.24896656707409637
2018/19,215,updating_prior,0.08976442305701043,0.5005402525157248,0.2358985021444756
2018/19,238,updating_prior,0.24068703339500888,0.9587230801833441,0.5705162283645459
2018/19,258,updating_prior,0.22625730365787822,0.9065215703111257,0.5333330319607326
2018/19,257,updating_prior,0.03320672130132682,0.27629432825716477,0.08928064809461271
2018/19,256,updating_prior,0.09107766404765306,0.49391751567820674,0.22876173643581665
2018/19,255,updating_prior,0.04564699665875127,0.3328512998179218,0.12283560138726726
2018/19,254,updating_prior,0.1403915899314871,0.6293667911001779,0.32779191541496
2018/19,260,updating_prior,0.044972603135771304,0.3211011013228266,0.11371732566371892
2018/19,252,updating_prior,0.13816553603691606,1.2812983037651746,0.7980822272159587
2018/19,251,updating_prior,0.10650462816109708,0.5255962763623167,0.25086607239920544
2018/19,250,updating_prior,0.18884605588840872,0.7859355669588681,0.4447529609834029
2018/19,249,updating_prior,0.08740355987577396,0.49377296797638176,0.2315311075581303
2018/19,253,updating_prior,0.12876317112232372,1.2513317920258147,0.7671460194481778
2018/19,247,updating_prior,0.41128506824191885,1.3885297571090507,0.8808486530149848
2018/19,246,updating_prior,0.04162241205888064,0.31445354013454385,0.11133646200608022
2018/19,245,updating_prior,0.2672980094763431,1.0378298562308985,0.6263421474041444
2018/19,244,updating_prior,0.16493249948433805,0.7175040541101726,0.3932986409339014
2018/19,243,updating_prior,0.2553600146230213,0.9897244569600272,0.5935671487711411
2018/19,242,updating_prior,0.06216976757477607,0.3924160292055136,0.1592244760285517
2018/19,241,updating_prior,0.15120933655704316,0.681016711700602,0.3659549266112771
2018/19,240,updating_prior,0.06195070166485607,0.3936196058560518,0.1604355275996044
2018/19,239,updating_prior,0.2788723074356366,1.9402550814722155,1.291050310979318
2018/19,248,updating_prior,0.13158072240623997,1.2281164938950002,0.7632315745645581
2019/20,275,v2_full,0.24188371157787916,0.923580552716238,0.5493556247299161
2019/20,276,v2_full,0.07969640036577873,0.46148254604921546,0.20727447529064222
2019/20,277,v2_full,0.403818417265456,1.3984203386229714,0.8765405242213435
2019/20,282,v2_full,0.20654176190129375,0.8214719611086382,0.47320174988725244
2019/20,279,v2_full,0.2013052314977783,0.8279816321152791,0.47581223107939924
2019/20,280,v2_full,0.048104143706669836,0.3384218607936843,0.1250141066502968
2019/20,281,v2_full,0.1573444988271856,0.7038969863926247,0.3832286792283641
2019/20,278,v2_full,0.18955848745878867,1.4976046625660417,0.9818125835657189
2019/20,274,v2_full,0.36867254981035796,1.3537552275519609,0.832881011836616
2019/20,263,v2_full,0.14093540615913794,1.3583109404508662,0.8337791585802281
2019/20,272,v2_full,0.19757339390228648,1.4950565311196657,0.9969566831110745
2019/20,271,v2_full,0.044628120259114425,0.31436268237166054,0.10922736073522808
2019/20,270,v2_full,0.11486385853141873,1.1187798745052164,0.6830900443714554
2019/20,269,v2_full,0.12967142580454696,0.6347054093451682,0.3342109720332391
2019/20,268,v2_full,0.1505749946617696,1.3844783654340471,0.8629685787115335
2019/20,267,v2_full,0.13688042952422252,0.6125372725382693,0.315825682792638
2019/20,266,v2_full,0.5448830348521663,1.7845138003951315,1.1304780527067788
2019/20,265,v2_full,0.3276808841866649,2.1960936714195656,1.4452617257842608
2019/20,264,v2_full,0.09795821451288828,0.5204409102215238,0.24828922638456796
2019/20,283,v2_full,0.19621787844305602,0.8144991425386011,0.46572867983454014
2019/20,273,v2_full,0.093000482018307,0.4903322973886252,0.22536674678135762
2019/20,284,v2_full,0.30468254754050955,2.013332282270882,1.3601129498054294
2019/20,295,v2_full,0.08600302251042193,0.47047044593639864,0.2115129874788475
2019/20,286,v2_full,0.07680544069627403,0.4508607602947872,0.19980804082245174
2019/20,262,v2_full,0.4643840913868972,1.5282367609490881,0.9777610860113128
2019/20,306,v2_full,0.15782756103766094,0.6935383163053989,0.3753595431298755
2019/20,305,v2_full,0.14699180592128638,0.6763150942038263,0.36294488064522673
2019/20,304,v2_full,0.055909172266915025,0.36805634011302424,0.14333459420786065
2019/20,303,v2_full,0.49038082826074836,1.64381206881848,1.0347649300512882
2019/20,302,v2_full,0.0653590117000184,0.40082426478506344,0.16422274893669955
2019/20,301,v2_full,0.4360500424597469,1.5585003885516933,0.9566862976087434
2019/20,300,v2_full,0.10475029427346547,0.5288943027410967,0.2530889743030626
2019/20,299,v2_full,0.20618105629663203,0.8836179186937206,0.5184441699057938
2019/20,285,v2_full,0.22862932846658576,0.8718195000946913,0.513522734752965
2019/20,298,v2_full,0.0645341168543301,0.3977991764564084,0.16222257644152352
2019/20,296,v2_full,0.15469708396932216,0.720903925490927,0.3995953040642226
2019/20,294,v2_full,0.1239257526154208,0.6088734210193364,0.3135574442206306
2019/20,293,v2_full,0.38389013433680447,1.3856802173858025,0.8557005988117419
2019/20,292,v2_full,0.035699193765635136,0.2819139328785382,0.09115207291441416
2019/20,291,v2_full,0.4674220674794297,1.5119403102996682,0.9779038019580986
2019/20,290,v2_full,0.13948798789713604,1.3684540668161824,0.8347460830509337
2019/20,289,v2_full,0.12792423265170497,1.244957424353225,0.7628591567457847
2019/20,288,v2_full,0.5910779583519978,2.038043864235856,1.2293414849689166
2019/20,287,v2_full,0.30832202514394325,1.083232035004308,0.673451812939282
2019/20,297,v2_full,0.22545444813125365,0.8890255769490221,0.5218618249959052
2019/20,261,v2_full,0.14978869047093696,0.6924115003182495,0.37583496073508016
2019/20,260,v2_full,0.12883018797947413,0.6129597743887036,0.3152300845353729
2019/20,259,v2_full,0.08847823231495752,0.4947022898498301,0.23133968862439558
2019/20,234,v2_full,0.2840409121920194,1.0532375619182566,0.641892824947827
2019/20,233,v2_full,0.12605433416568626,0.6094856907570598,0.3131178859101188
2019/20,232,v2_full,0.06255295295334853,0.38043589104602754,0.15019826709025283
2019/20,231,v2_full,0.18307961820616128,1.473171375327357,0.9602957917647632
2019/20,230,v2_full,0.0758866311628073,0.4531587607082878,0.20309722585612003
2019/20,229,v2_full,0.4100594210149032,1.3727238711296914,0.8748802390129538
2019/20,228,v2_full,0.21189711757524865,0.8530828884676986,0.4948711129280025
2019/20,227,v2_full,0.1284748835980299,1.2577773879107397,0.7691974700283932
2019/20,225,v2_full,0.2730065991950863,1.8574977900966847,1.2582434597327528
2019/20,224,v2_full,0.1570147307168273,0.6826138144403668,0.3676051584514447
2019/20,223,v2_full,0.049180968868017795,0.33617944887067197,0.12260515440998086
2019/20,222,v2_full,0.16968956838636032,1.3984343629095222,0.9064132154376361
2019/20,221,v2_full,0.18928275251614127,0.7844405673695395,0.443826912603312
2019/20,220,v2_full,0.2352363823124166,0.8980279875732246,0.5316201820854264
2019/20,219,v2_full,0.13293175267103058,1.2097925747517984,0.7583037406513293
2019/20,218,v2_full,0.13473014176344572,1.3199130292162502,0.8065168949684597
2019/20,217,v2_full,0.2508280291686137,0.9545186014411707,0.5711829283842277
2019/20,216,v2_full,0.15655027238455396,1.3879572106467406,0.8762237677082669
2019/20,215,v2_full,0.14841850142066199,0.6679746783053152,0.35612472430996245
2019/20,235,v2_full,0.15048703545931016,1.430314228038171,0.8797393786227823
2019/20,236,v2_full,0.06177834732593776,0.38797236731299906,0.15581923224003483
2019/20,226,v2_full,0.19705521672552206,0.7975555391033763,0.45468622988498625
2019/20,238,v2_full,0.3929912635308209,1.2969210324062361,0.8338105274941419
2019/20,237,v2_full,0.2141502775200085,0.879078769872515,0.5130509882494664
2019/20,257,v2_full,0.30421016213522684,1.199229471345707,0.7320180307473831
2019/20,256,v2_full,0.2580544056301545,0.9783023294830951,0.5880107954686545
2019/20,255,v2_full,0.18443613317627564,0.7505471263535897,0.42065332766881275
2019/20,254,v2_full,0.35131363016858297,1.232062629277249,0.7702602893349475
2019/20,253,v2_full,0.027245017001259635,0.2421231186138839,0.06992163876722671
2019/20,252,v2_full,0.09880790666940005,0.5030489672111189,0.23447613257104336
2019/20,251,v2_full,0.2950549838005711,1.1472508599975009,0.698949178034008
2019/20,250,v2_full,0.17958573555941695,1.4399348700641397,0.941427165987487
2019/20,249,v2_full,0.2824397362801818,1.8852721578406748,1.284343504496492
2019/20,258,v2_full,0.0755682000863802,0.4402918278205628,0.19125286617142198
2019/20,239,v2_full,0.39206696682155895,1.3895455605827676,0.8632785879693702
2019/20,247,v2_full,0.13816706442171303,1.352483695763486,0.8260122619832965
2019/20,246,v2_full,0.1981046697831865,1.5316525676514223,1.0105860744438389
2019/20,245,v2_full,0.41097354493278887,1.3854881705408468,0.8796153284646868
2019/20,244,v2_full,0.2518041097627699,0.95727654864507,0.5732094687112183
2019/20,243,v2_full,0.14204990853285115,1.3078858963925923,0.8164289825046578
2019/20,242,v2_full,0.2156713030007447,1.5697572548278838,1.058455041484291
2019/20,241,v2_full,0.08041083153597964,0.4553729817432574,0.20138763637818757
2019/20,240,v2_full,0.23751670814995873,0.9482319567141378,0.5630558354931988
2019/20,248,v2_full,0.3335335536587396,1.1493733263228687,0.7225540205930904
2019/20,275,bookmaker,0.3528576782116264,1.2360538942008314,0.7731184909876552
2019/20,276,bookmaker,0.06301160670943323,0.3990315504224369,0.16434350686238328
2019/20,277,bookmaker,0.4038160369495385,1.4191166634266772,0.8834853767803572
2019/20,282,bookmaker,0.22750234084991833,0.8993469375430835,0.5289772609310304
2019/20,279,bookmaker,0.39180931891182796,1.3784591513170639,0.8590671739752825
2019/20,280,bookmaker,0.017208652614002846,0.19424358906188827,0.04870571188893963
2019/20,281,bookmaker,0.1361490498661127,0.6325171127067457,0.3296374448898158
2019/20,278,bookmaker,0.2357117380098107,1.6332127799125509,1.1189637866151878
2019/20,274,bookmaker,0.1536411726136417,0.6773415361212461,0.3633195730322102
2019/20,263,bookmaker,0.1327332684317686,1.3001949860880193,0.7947538394833928
2019/20,272,bookmaker,0.2030712867580146,1.534191589535205,1.0213789673213916
2019/20,271,bookmaker,0.05223393157680116,0.3509310695858222,0.1320502335715662
2019/20,270,bookmaker,0.12384243840418421,1.1857241704974066,0.7299806145446329
2019/20,269,bookmaker,0.15164514076953028,0.6818446382452669,0.3665618264782046
2019/20,268,bookmaker,0.13448683078146723,1.3086259991843034,0.8015947735687452
2019/20,267,bookmaker,0.047704488300261756,0.3342983926751506,0.12200160470155971
2019/20,266,bookmaker,0.390833136544458,1.326138403019918,0.8404166748691517
2019/20,265,bookmaker,0.3780906785596052,2.3939695430048826,1.581977609687084
2019/20,264,bookmaker,0.059245709979133726,0.38662521912246306,0.15669824054493806
2019/20,283,bookmaker,0.2531190898107564,0.9684028314188092,0.5801192770156522
2019/20,273,bookmaker,0.06857493671110895,0.4197557208065693,0.1782124095920764
2019/20,284,bookmaker,0.27924257020605825,1.8215375154865185,1.2611032311081438
2019/20,295,bookmaker,0.02101683060594829,0.21249259852439104,0.05596683746899532
2019/20,286,bookmaker,0.08648933260282203,0.4856363843804408,0.22433348216655047
2019/20,262,bookmaker,0.4948801142536832,1.6507190805567382,1.0416454303821658
2019/20,306,bookmaker,0.09604402025539051,0.4982440574195079,0.23097256900884736
2019/20,305,bookmaker,0.19705747299484372,0.8170840817907071,0.46764575256878316
2019/20,304,bookmaker,0.06637322806839696,0.40647034314715247,0.16825645465199252
2019/20,303,bookmaker,0.40926026518820385,1.362180868077882,0.8709546601268576
2019/20,302,bookmaker,0.031753372952307964,0.26860331122607034,0.08482041797711112
2019/20,301,bookmaker,0.09308892625341128,0.49684267871302873,0.2303884023063809
2019/20,300,bookmaker,0.056112418864036034,0.3645153292610769,0.14042716524311527
2019/20,299,bookmaker,0.3860233699758542,1.3859569507413205,0.8573193131866945
2019/20,285,bookmaker,0.08643108979809314,0.4733763137243747,0.2136743416204695
2019/20,298,bookmaker,0.05999532417363002,0.389211730323126,0.1583081040073243
2019/20,296,bookmaker,0.23361978519467388,0.9089700508857582,0.5370719184335938
2019/20,294,bookmaker,0.07222348545064833,0.4331007362328656,0.1872821199624172
2019/20,293,bookmaker,0.333928803965773,1.18689794570876,0.7378935165701364
2019/20,292,bookmaker,0.04177610367782678,0.31509587342596723,0.11171237781918049
2019/20,291,bookmaker,0.5616170952494736,1.8231637398932983,1.159439417815106
2019/20,290,bookmaker,0.14237320350233118,1.3912475979020198,0.8491008039911365
2019/20,289,bookmaker,0.17844758799504337,1.4220986923004841,0.9326615899284387
2019/20,288,bookmaker,0.6762401298624682,2.3023100360708098,1.3791818735020507
2019/20,287,bookmaker,0.190994930681764,0.7858125178476212,0.44517515598787133
2019/20,297,bookmaker,0.06630864917928904,0.4078353905797925,0.16944404538963959
2019/20,261,bookmaker,0.23335269468296332,0.9168692725402862,0.5417806978433175
2019/20,260,bookmaker,0.08011157318780202,0.4560218443835443,0.20207653605629045
2019/20,259,bookmaker,0.03863421736990603,0.30078626171427963,0.10312961489192077
2019/20,234,bookmaker,0.21871329904385794,0.8858225895423517,0.5181434251579121
2019/20,233,bookmaker,0.14623691019461965,0.664342590010571,0.35343820414355
2019/20,232,bookmaker,0.015403685915963474,0.1831572297785013,0.0439119864863587
2019/20,231,bookmaker,0.16690296306934668,1.4078469393658721,0.9043300832149274
2019/20,230,bookmaker,0.08389321034912298,0.4713940616327001,0.21317735446907082
2019/20,229,bookmaker,0.34396717972780894,1.2138411271034208,0.7569546700525209
2019/20,228,bookmaker,0.19207342040034492,0.8008854800201285,0.45564757925774474
2019/20,227,bookmaker,0.14173368871820227,1.3426260822229588,0.829353485803451
2019/20,225,bookmaker,0.2616323114463328,1.7474465757290891,1.2051801561446278
2019/20,224,bookmaker,0.16686133372894085,0.7239885421916049,0.39815217439832395
2019/20,223,bookmaker,0.010836233153894113,0.15068212987776453,0.03050545103473871
2019/20,222,bookmaker,0.15048364829377148,1.3518183109058932,0.8503902330521915
2019/20,221,bookmaker,0.134793517605898,0.6279197763138121,0.3261980441034942
2019/20,220,bookmaker,0.2218175710792029,0.9079708450147529,0.5340120096929252
2019/20,219,bookmaker,0.13620914479632917,1.3052737672758838,0.8037159675919581
2019/20,218,bookmaker,0.12648087117000195,1.24224166402398,0.7588578753692206
2019/20,217,bookmaker,0.18166021280096845,0.7639746591414045,0.4283303287660205
2019/20,216,bookmaker,0.14611927958011173,1.3496167079430799,0.8408163214823077
2019/20,215,bookmaker,0.19214269975855314,0.7831368796009653,0.44383332792467534
2019/20,235,bookmaker,0.1467241294151818,1.3971412382200916,0.8600011311866048
2019/20,236,bookmaker,0.013714066783432292,0.1699650888462217,0.03774338799136816
2019/20,226,bookmaker,0.23366407573226886,0.9137776287095717,0.5399837757805215
2019/20,238,bookmaker,0.28532448024972656,1.0408522211435116,0.6365277594696315
2019/20,237,bookmaker,0.16841863011511624,0.7286467974140854,0.4016480922390737
2019/20,257,bookmaker,0.2750828010673626,1.0531499145913525,0.6377715897357964
2019/20,256,bookmaker,0.12365638186042067,0.6026502439451211,0.30815293982142533
2019/20,255,bookmaker,0.3007164027818951,1.0868370797796605,0.668997288437908
2019/20,254,bookmaker,0.3896423171401756,1.3500359849219987,0.8472059559543161
2019/20,253,bookmaker,0.006286083938133529,0.1138079705082031,0.01833853633206206
2019/20,252,bookmaker,0.11707722458256557,0.5790561730785652,0.2904472751508715
2019/20,251,bookmaker,0.23961808925407557,0.9441334198400355,0.5607500202737231
2019/20,250,bookmaker,0.1565289125587353,1.3920717167394754,0.8777201612682003
2019/20,249,bookmaker,0.2771522065424514,1.8285413622054,1.2588166566456904
2019/20,258,bookmaker,0.06907649825821612,0.42693164673971606,0.18462499362113538
2019/20,239,bookmaker,0.359319522274985,1.2620219913213961,0.7886090113075124
2019/20,247,bookmaker,0.13202150192617412,1.2777749151914302,0.7843792384733008
2019/20,246,bookmaker,0.1840421579776073,1.5110378211039395,0.9754226818026517
2019/20,245,bookmaker,0.48254692744590566,1.611475689526528,1.0183665590859836
2019/20,244,bookmaker,0.14827419356084728,0.6478850889511995,0.3422842900079224
2019/20,243,bookmaker,0.1447421856045778,1.3201459004332612,0.826632161217755
2019/20,242,bookmaker,0.16623004022244703,1.4026559129669356,0.9010622013186061
2019/20,241,bookmaker,0.052398360891530944,0.3572465092349919,0.13710655342397962
2019/20,240,bookmaker,0.39622526498249316,1.3973476335141397,0.8694801006974905
2019/20,248,bookmaker,0.23407830856207304,0.9041347219028294,0.5344445115047682
2019/20,275,soft_blend_h10,0.1672343711884412,0.7209286838031501,0.39598653205397244
2019/20,276,soft_blend_h10,0.1271936010334919,0.6220628553377164,0.3238188727519719
2019/20,277,soft_blend_h10,0.44007297399012624,1.5254589315540974,0.950325595206256
2019/20,282,soft_blend_h10,0.1561514561526896,0.6708916711478011,0.35972668825105125
2019/20,279,soft_blend_h10,0.14952917582084957,0.6507924967875705,0.34458607729171153
2019/20,280,soft_blend_h10,0.07231481747193294,0.43685964739108096,0.19077138563753926
2019/20,281,soft_blend_h10,0.08879216219720565,0.48684663293801983,0.22384471162405806
2019/20,278,soft_blend_h10,0.1795346802213328,1.4970370407700353,0.9615678065653026
2019/20,274,soft_blend_h10,0.2914664761955664,1.138902769034971,0.6933683968491133
2019/20,263,soft_blend_h10,0.1452103495125317,1.3790820664374608,0.8502095864264442
2019/20,272,soft_blend_h10,0.30897702700281193,2.065708380711844,1.3805571898622762
2019/20,271,soft_blend_h10,0.0822434476419617,0.4549732935218125,0.20052371054127122
2019/20,270,soft_blend_h10,0.11954205891923957,1.0854638747465277,0.6776656993680947
2019/20,269,soft_blend_h10,0.08904608581147998,0.49507221594295536,0.23117702336846932
2019/20,268,soft_blend_h10,0.15521799003771325,1.4612649331133063,0.9003480006243179
2019/20,267,soft_blend_h10,0.1915008761043579,0.7531220230356547,0.4263048123750275
2019/20,266,soft_blend_h10,0.7129393583510291,2.344125986307785,1.4412498925995139
2019/20,265,soft_blend_h10,0.3545942384946149,2.351566933114737,1.527815611055461
2019/20,264,soft_blend_h10,0.08180238600154188,0.4630423188844764,0.20714424282134686
2019/20,283,soft_blend_h10,0.23800618025424614,0.9126437441626828,0.5412266983507765
2019/20,273,soft_blend_h10,0.08016081195742386,0.4582761338402565,0.20399035760137282
2019/20,284,soft_blend_h10,0.36040046336821835,2.407204476694094,1.5487794887773245
2019/20,295,soft_blend_h10,0.05643635331786048,0.3543515173894046,0.1335934102490628
2019/20,286,soft_blend_h10,0.028578775309521888,0.2546855339951842,0.07777016487793457
2019/20,262,soft_blend_h10,0.38326380456810133,1.3032775314637288,0.8253541070972625
2019/20,306,soft_blend_h10,0.12993265568038234,0.6078616562867246,0.3112039708696186
2019/20,305,soft_blend_h10,0.09504789320712877,0.51492949276298,0.24520587242139658
2019/20,304,soft_blend_h10,0.0727410614139589,0.42283002308534956,0.17851561579279196
2019/20,303,soft_blend_h10,0.6449855819083,2.1952836991443405,1.3228780773400177
2019/20,302,soft_blend_h10,0.022991957742164594,0.2211981153400945,0.059713482948216275
2019/20,301,soft_blend_h10,0.3706488912946305,1.3824176688356111,0.8465761773388523
2019/20,300,soft_blend_h10,0.04116843989777045,0.3068343423033176,0.10554179827689936
2019/20,299,soft_blend_h10,0.20371280547405918,0.900274224090998,0.5361172018264616
2019/20,285,soft_blend_h10,0.08766232997852626,0.4761066727686142,0.2154785804271284
2019/20,298,soft_blend_h10,0.027112189495688804,0.2400156068511131,0.06866193008954163
2019/20,296,soft_blend_h10,0.2008861418581499,0.8988002583082002,0.5378647445709491
2019/20,294,soft_blend_h10,0.07693362078490035,0.4461551075908029,0.19545915785793422
2019/20,293,soft_blend_h10,0.5317906745863163,1.8743060899338893,1.1298931388458484
2019/20,292,soft_blend_h10,0.01397691451099439,0.16712691969934432,0.035802272996547875
2019/20,291,soft_blend_h10,0.45432553016565214,1.4565456445123584,0.9490121549550015
2019/20,290,soft_blend_h10,0.13427703310017428,1.3187178457633009,0.8051425023032223
2019/20,289,soft_blend_h10,0.12225718639966948,1.1879489488381787,0.7277536264357488
2019/20,288,soft_blend_h10,0.6531365875400804,2.301532409632545,1.344412745844591
2019/20,287,soft_blend_h10,0.4778915029659282,1.573896893286367,1.0044717813210102
2019/20,297,soft_blend_h10,0.1669016394111644,0.737338178347205,0.4084283430721909
2019/20,261,soft_blend_h10,0.16368853990624604,0.7451169597479141,0.41652299787997493
2019/20,260,soft_blend_h10,0.08385079513841563,0.46393759912041316,0.20700065777763427
2019/20,259,soft_blend_h10,0.15097995196934252,0.7103390507113081,0.3921281553637937
2019/20,234,soft_blend_h10,0.2723258871613913,1.0150656308187869,0.615416112045192
2019/20,233,soft_blend_h10,0.12062843578449214,0.5941201614036463,0.302003150845052
2019/20,232,soft_blend_h10,0.06597659162905728,0.3926287611162178,0.15816562985505575
2019/20,231,soft_blend_h10,0.1879603958620796,1.4827140891327977,0.97341779448075
2019/20,230,soft_blend_h10,0.06061320821303571,0.40095443028294614,0.16973604316257648
2019/20,229,soft_blend_h10,0.5646255945958415,1.8323086786449885,1.1649778934401402
2019/20,228,soft_blend_h10,0.19497844768427547,0.8006175370689521,0.45599973394563653
2019/20,227,soft_blend_h10,0.13153515601401605,1.2301888789107511,0.7639982453881685
2019/20,225,soft_blend_h10,0.31911488484786726,2.096672848035642,1.4075963884922909
2019/20,224,soft_blend_h10,0.14343722542203538,0.6419866006045997,0.3370016315283913
2019/20,223,soft_blend_h10,0.026557618189010892,0.23770999307810373,0.06755579662452411
2019/20,222,soft_blend_h10,0.2089508951175283,1.5481653401804727,1.0378411280210487
2019/20,221,soft_blend_h10,0.1220341772772301,0.5929006226058259,0.30047056490493307
2019/20,220,soft_blend_h10,0.18900965277212878,0.7760956210044688,0.43827153226888005
2019/20,219,soft_blend_h10,0.1335180312627033,1.2370016220466356,0.7707765779223019
2019/20,218,soft_blend_h10,0.15391876466534035,1.4248405888248843,0.8846066832057491
2019/20,217,soft_blend_h10,0.2830191951435289,1.0366457197437144,0.6329322610843244
2019/20,216,soft_blend_h10,0.15960013757485392,1.4178703832790764,0.893416673135276
2019/20,215,soft_blend_h10,0.16016291249751458,0.696785683417196,0.3779634276344367
2019/20,235,soft_blend_h10,0.1374593534256798,1.3478214611085015,0.8228063955556998
2019/20,236,soft_blend_h10,0.047245621030100445,0.3351754600438943,0.12308051052500357
2019/20,226,soft_blend_h10,0.21944547755668348,0.8551952290804268,0.49911817564026323
2019/20,238,soft_blend_h10,0.5397489652477189,1.739896387186858,1.1164366983360754
2019/20,237,soft_blend_h10,0.24581374694779318,0.9525215321018019,0.5678492921030789
2019/20,257,soft_blend_h10,0.3280010446028771,1.288155492145739,0.7867446609591481
2019/20,256,soft_blend_h10,0.20792544753669956,0.8262810939868377,0.47669578480452496
2019/20,255,soft_blend_h10,0.22037580711099702,0.8404816841766277,0.491657673147865
2019/20,254,soft_blend_h10,0.3618828508266432,1.2686710361338824,0.7933102350585015
2019/20,253,soft_blend_h10,0.013786719020695105,0.16554113552113509,0.035144308194983785
2019/20,252,soft_blend_h10,0.17044777378656803,0.695932789543215,0.381788787322136
2019/20,251,soft_blend_h10,0.21535895218242312,0.9303116654610935,0.5550302183527329
2019/20,250,soft_blend_h10,0.17873636036237409,1.4658415434871852,0.9490127403996126
2019/20,249,soft_blend_h10,0.3470375677238235,2.2958285553035136,1.5028553004269396
2019/20,258,soft_blend_h10,0.04621929152423034,0.33486014721149837,0.12394336518439111
2019/20,239,soft_blend_h10,0.5048191673272899,1.7817312402854326,1.081326742682852
2019/20,247,soft_blend_h10,0.16691440589789946,1.4210621925101792,0.9092156781198883
2019/20,246,soft_blend_h10,0.20326385539251593,1.5419524246964353,1.024381959771652
2019/20,245,soft_blend_h10,0.4675939677444828,1.5351021506187041,0.9832348081997375
2019/20,244,soft_blend_h10,0.3518983012953079,1.246021781937715,0.7762865867653863
2019/20,243,soft_blend_h10,0.13412460806788704,1.2470691050946743,0.7761253046286075
2019/20,242,soft_blend_h10,0.2567429103243518,1.7508116027613803,1.1963682967619975
2019/20,241,soft_blend_h10,0.07684724194192102,0.4387743683745218,0.18949247794206392
2019/20,240,soft_blend_h10,0.28174368567186786,1.0930135810247164,0.6634552026598712
2019/20,248,soft_blend_h10,0.3271106195862719,1.1236812531154046,0.7067333666049934
2019/20,275,soft_blend_h17,0.15508270155947274,0.6857847789532473,0.3695192705631687
2019/20,276,soft_blend_h17,0.11775998805008478,0.590795727308212,0.30057409565275384
2019/20,277,soft_blend_h17,0.4425172002250035,1.530742396786591,0.9542459474178934
2019/20,282,soft_blend_h17,0.14347017274150087,0.635356933206123,0.33262294393085756
2019/20,279,soft_blend_h17,0.1808656602296813,0.7335884601961628,0.4089472298849486
2019/20,280,soft_blend_h17,0.07024976768086474,0.4285433957104175,0.18486815547569446
2019/20,281,soft_blend_h17,0.08679851090039013,0.48020524885746546,0.21917595609495413
2019/20,278,soft_blend_h17,0.17766230819552128,1.482876632268234,0.952878662759599
2019/20,274,soft_blend_h17,0.29704969226197775,1.1581242127130587,0.7058885338589819
2019/20,263,soft_blend_h17,0.14243669444909024,1.3678268394749926,0.840405439562147
2019/20,272,soft_blend_h17,0.28925945624479565,1.9347367401107494,1.3104636772591454
2019/20,271,soft_blend_h17,0.07383284844111597,0.4246115779826702,0.17961561728955944
2019/20,270,soft_blend_h17,0.11411080435018796,1.063515749515132,0.6569324009735352
2019/20,269,soft_blend_h17,0.10179799768478966,0.5411274722550391,0.26498381617436867
2019/20,268,soft_blend_h17,0.1575655541232795,1.4667725426289422,0.9070016671094399
2019/20,267,soft_blend_h17,0.18909302318758184,0.7465148954761273,0.421180916578906
2019/20,266,soft_blend_h17,0.709918697046721,2.3396742444975462,1.4359501820432574
2019/20,265,soft_blend_h17,0.3606954909577969,2.4154896082059176,1.5507224971787452
2019/20,264,soft_blend_h17,0.0842603428969344,0.4721706670907344,0.2136362695731664
2019/20,283,soft_blend_h17,0.20370552436971315,0.8181943372958925,0.4700373614654856
2019/20,273,soft_blend_h17,0.08448315087076166,0.46984327168906354,0.21153751571153828
2019/20,284,soft_blend_h17,0.35306383613184456,2.3329649993011645,1.5215227796331252
2019/20,295,soft_blend_h17,0.062233291448713646,0.37638113437624127,0.14761698935849618
2019/20,286,soft_blend_h17,0.027754536088277222,0.2500419810065306,0.07516624881069092
2019/20,262,soft_blend_h17,0.3874199693505178,1.3169463489552282,0.8339991159619772
2019/20,306,soft_blend_h17,0.1434886858526836,0.646552238928782,0.34018945348442764
2019/20,305,soft_blend_h17,0.08783150943834726,0.48789820792665417,0.22538508465246987
2019/20,304,soft_blend_h17,0.06615734453211486,0.3989325235134618,0.16249706983076675
2019/20,303,soft_blend_h17,0.6354959823695527,2.1640312263390706,1.3059279364622516
2019/20,302,soft_blend_h17,0.029964725767134628,0.25633838766632233,0.07743691806548561
2019/20,301,soft_blend_h17,0.37646797039499574,1.3932433578611363,0.8542703120640833
2019/20,300,soft_blend_h17,0.040578890518888446,0.3038981817989878,0.10376260529104692
2019/20,299,soft_blend_h17,0.20683489672818403,0.9119180614844062,0.5447789290187854
2019/20,285,soft_blend_h17,0.08826341530859495,0.4778747440804521,0.21670662519714723
2019/20,298,soft_blend_h17,0.024397677548812138,0.226385563359617,0.061914522790081056
2019/20,296,soft_blend_h17,0.19907204501933132,0.8879044021034701,0.5283323516853172
2019/20,294,soft_blend_h17,0.07674178119396427,0.44449968080633456,0.19415499381778495
2019/20,293,soft_blend_h17,0.5270802494242637,1.8603642655328647,1.1219068503358678
2019/20,292,soft_blend_h17,0.01386002691224421,0.16619420386828135,0.03541763677863016
2019/20,291,soft_blend_h17,0.4763355704672413,1.520488212758189,0.9912863464308611
2019/20,290,soft_blend_h17,0.1350362278827783,1.3273476241681006,0.8100333503226005
2019/20,289,soft_blend_h17,0.12173641246289815,1.1842753414561422,0.7251534898891807
2019/20,288,soft_blend_h17,0.6600815560750674,2.3224792122988083,1.3563398220103937
2019/20,287,soft_blend_h17,0.48409246711587217,1.5941468951894195,1.0164814987167152
2019/20,297,soft_blend_h17,0.16579041016999926,0.7325957252364601,0.40481089205795207
2019/20,261,soft_blend_h17,0.1660189590786486,0.7516245291848603,0.4211699737775938
2019/20,260,soft_blend_h17,0.10418689650483541,0.5315000449089685,0.2551659776765036
2019/20,259,soft_blend_h17,0.15871042621424503,0.7337382461250499,0.4090969239726455
2019/20,234,soft_blend_h17,0.2805866316199017,1.0415820988600544,0.6339143967575985
2019/20,233,soft_blend_h17,0.12266237701965532,0.6007310364540325,0.3068981098349096
2019/20,232,soft_blend_h17,0.06317784981992251,0.38245038567213,0.15150714956881225
2019/20,231,soft_blend_h17,0.20387353895871985,1.5478713517144742,1.0275879643211832
2019/20,230,soft_blend_h17,0.06142730606934021,0.4042396948716874,0.17199023463256224
2019/20,229,soft_blend_h17,0.5415340355673693,1.754821597796227,1.1212368879118042
2019/20,228,soft_blend_h17,0.20131492492789446,0.8232839436223555,0.4726119931891142
2019/20,227,soft_blend_h17,0.13302519066150728,1.2374699896160262,0.7699838433306688
2019/20,225,soft_blend_h17,0.3239062811434126,2.1336362331339913,1.4250206164004355
2019/20,224,soft_blend_h17,0.16343229035275367,0.6966134977546685,0.37867955555857824
2019/20,223,soft_blend_h17,0.02623078129609302,0.23623269258912444,0.06683585237160616
2019/20,222,soft_blend_h17,0.1962856720624098,1.491554226058119,0.9931612409326945
2019/20,221,soft_blend_h17,0.12800193678221636,0.6125988808728225,0.3151264669105007
2019/20,220,soft_blend_h17,0.19403880782297656,0.7895537125666707,0.4485593530791101
2019/20,219,soft_blend_h17,0.14715098582021635,1.2933309944878693,0.8208620817181481
2019/20,218,soft_blend_h17,0.1475345434053026,1.4009865415846028,0.8630516729262545
2019/20,217,soft_blend_h17,0.2864053889477764,1.0467482639583081,0.6401107247058566
2019/20,216,soft_blend_h17,0.16021210653388201,1.4255199754179522,0.8974415355057681
2019/20,215,soft_blend_h17,0.14173845288967016,0.643426166821888,0.3377769591153477
2019/20,235,soft_blend_h17,0.13780336920067,1.3507815745760217,0.8246318325481036
2019/20,236,soft_blend_h17,0.04465710899856472,0.32480131221880654,0.11685733972375333
2019/20,226,soft_blend_h17,0.2282385356014489,0.8789968528148573,0.517211871048436
2019/20,238,soft_blend_h17,0.5351585542123533,1.7168540161121757,1.106433712501607
2019/20,237,soft_blend_h17,0.2572249136610085,0.986697317052103,0.5924204945982641
2019/20,257,soft_blend_h17,0.31475696339620896,1.246520376811373,0.7615795064100243
2019/20,256,soft_blend_h17,0.20255988392834667,0.8129618742558123,0.46636006858095413
2019/20,255,soft_blend_h17,0.20412539263265145,0.7945983428612661,0.4566864270598172
2019/20,254,soft_blend_h17,0.3871021316753536,1.3391551093660132,0.8411327250648157
2019/20,253,soft_blend_h17,0.014395122347180182,0.1700885146742813,0.03700512761244931
2019/20,252,soft_blend_h17,0.14973928070107215,0.6412834019083635,0.3390072627458084
2019/20,251,soft_blend_h17,0.20791784317708886,0.9050812353630151,0.5369756899203727
2019/20,250,soft_blend_h17,0.18825395046500418,1.5011035006112312,0.9804170669713912
2019/20,249,soft_blend_h17,0.34353920498930274,2.261609295385226,1.4895670645694141
2019/20,258,soft_blend_h17,0.04356798802291916,0.3234496365222904,0.1169244460884645
2019/20,239,soft_blend_h17,0.49012411483290663,1.7341062603565773,1.055172350164643
2019/20,247,soft_blend_h17,0.15681223868443592,1.410780848552809,0.8852319690285732
2019/20,246,soft_blend_h17,0.20714554011153077,1.5655981054414572,1.040030625264948
2019/20,245,soft_blend_h17,0.4885292803006058,1.6000182138631438,1.0232579163396829
2019/20,244,soft_blend_h17,0.3273351474424532,1.1719081671563938,0.7265029256938944
2019/20,243,soft_blend_h17,0.13578004774309566,1.2512652574887948,0.7811525918797885
2019/20,242,soft_blend_h17,0.2461937536955755,1.7079738654895007,1.1627675257851846
2019/20,241,soft_blend_h17,0.06890921291171169,0.4095692832904825,0.16962051898598896
2019/20,240,soft_blend_h17,0.2696607197824065,1.0550312266303752,0.6376085236888767
2019/20,248,soft_blend_h17,0.3380677242541118,1.150763808368951,0.7274998146729146
2019/20,275,cosine_taper_k30,0.17650960956122996,0.747695104392805,0.4161596982042925
2019/20,276,cosine_taper_k30,0.13439345932195476,0.6457943743724024,0.34154241579209355
2019/20,277,cosine_taper_k30,0.43827471770623705,1.5215754990480432,0.9474482358970571
2019/20,282,cosine_taper_k30,0.16539640084049692,0.6966510208406335,0.3794601352990946
2019/20,279,cosine_taper_k30,0.12839717733285444,0.5937758465631856,0.3010952622403626
2019/20,280,cosine_taper_k30,0.0737848934713814,0.4427477283614621,0.19497886066011832
2019/20,281,cosine_taper_k30,0.09020751302662805,0.4915421331313878,0.22715750795351267
2019/20,278,cosine_taper_k30,0.18092503818278505,1.5076231963597384,0.9680125046531542
2019/20,274,cosine_taper_k30,0.2873783214158753,1.1249432246244335,0.6841978143915941
2019/20,263,cosine_taper_k30,0.14759726139834994,1.3879084660461036,0.858299486477332
2019/20,272,cosine_taper_k30,0.32405268277750365,2.1747727255877027,1.433750092582581
2019/20,271,cosine_taper_k30,0.08874534409494877,0.47799903235399066,0.21670305521744485
2019/20,270,cosine_taper_k30,0.12414076141565535,1.1028422067415993,0.6946039400527132
2019/20,269,cosine_taper_k30,0.07973487373581561,0.4607239660977523,0.20652426015060527
2019/20,268,cosine_taper_k30,0.15353365979323338,1.4570098192012182,0.8954610313300926
2019/20,267,cosine_taper_k30,0.19338088088650576,0.7582818595314494,0.4303048497891323
2019/20,266,cosine_taper_k30,0.7152925249412333,2.347595895026916,1.4453925091669673
2019/20,265,cosine_taper_k30,0.3498960792593513,2.304612130206037,1.510156696673021
2019/20,264,cosine_taper_k30,0.07991935087797801,0.4560123749787237,0.2021738515614127
2019/20,283,cosine_taper_k30,0.26378509854819593,0.9848226595866618,0.5946353068696587
2019/20,273,cosine_taper_k30,0.07706627376284804,0.4498201079183858,0.1986206462378133
2019/20,284,cosine_taper_k30,0.36560734270551537,2.4629045285042017,1.5680972126172816
2019/20,295,cosine_taper_k30,0.052711347805547815,0.339859127407829,0.12459089406866725
2019/20,286,cosine_taper_k30,0.02916604994916764,0.2579629510698537,0.07962996743884165
2019/20,262,cosine_taper_k30,0.3800526856563851,1.292792849840255,0.8186742344575648
2019/20,306,cosine_taper_k30,0.12163676071316412,0.583897122045172,0.29343250529518794
2019/20,305,cosine_taper_k30,0.09981119791457706,0.532595260586196,0.25832097061202647
2019/20,304,cosine_taper_k30,0.077112140410219,0.4384069788957749,0.18914723292965388
2019/20,303,cosine_taper_k30,0.6510995296662112,2.215780404686309,1.333841041679164
2019/20,302,cosine_taper_k30,0.019019350051477545,0.1993707710624725,0.049594090359740134
2019/20,301,cosine_taper_k30,0.36697479291740376,1.3755601128435655,0.8417879458704037
2019/20,300,cosine_taper_k30,0.04154767538361291,0.3087152969350271,0.1066878923651388
2019/20,299,cosine_taper_k30,0.20173010448644277,0.8929033156701768,0.5306185879606361
2019/20,285,cosine_taper_k30,0.08724112074747739,0.47486557079535596,0.21461797721280523
2019/20,298,cosine_taper_k30,0.028922042161933368,0.24882455751653898,0.07315723659234374
2019/20,296,cosine_taper_k30,0.20212004463363187,0.9061671957522499,0.5443614616638197
2019/20,294,cosine_taper_k30,0.0770635952352935,0.44726573754922205,0.19634157088056509
2019/20,293,cosine_taper_k30,0.5349627088980011,1.8837567001136695,1.135284674696813
2019/20,292,cosine_taper_k30,0.014055577466066295,0.16775230321742768,0.036061491050995355
2019/20,291,cosine_taper_k30,0.4398942207240846,1.4158846033744332,0.9213408322824564
2019/20,290,cosine_taper_k30,0.1337937063700762,1.3129774914639676,0.8019222954195685
2019/20,289,cosine_taper_k30,0.12260992659246098,1.1904177460412548,0.7295047309551128
2019/20,288,cosine_taper_k30,0.648287534702964,2.2870649302031754,1.33612558951892
2019/20,287,cosine_taper_k30,0.4735577335859865,1.5599025035945115,0.9960809199632805
2019/20,297,cosine_taper_k30,0.16764907599386156,0.7405281329788261,0.4108651896773312
2019/20,261,cosine_taper_k30,0.1618367287473112,0.7399377802586653,0.4128304736949978
2019/20,260,cosine_taper_k30,0.06916869824839975,0.4129599393079592,0.17210888537711774
2019/20,259,cosine_taper_k30,0.14494121735686089,0.6919939667919665,0.37885263601132435
2019/20,234,cosine_taper_k30,0.26654087617353295,0.9966731857374931,0.6024603327305293
2019/20,233,cosine_taper_k30,0.11919599501591419,0.5894570020466363,0.2985549617233826
2019/20,232,cosine_taper_k30,0.06799870070147918,0.3999122626493311,0.1629757695815871
2019/20,231,cosine_taper_k30,0.1774759230241283,1.438939728384121,0.936847572011771
2019/20,230,cosine_taper_k30,0.06003901040722618,0.3986305087115204,0.16814602196133316
2019/20,229,cosine_taper_k30,0.5813313279751443,1.891159106618352,1.1967059585879785
2019/20,228,cosine_taper_k30,0.19054880651810988,0.7848447103499403,0.44441523205584993
2019/20,227,cosine_taper_k30,0.13050434854701307,1.225055876563102,0.759810067331306
2019/20,225,cosine_taper_k30,0.3161055138103359,2.0739791361017446,1.3966383257041677
2019/20,224,cosine_taper_k30,0.13149739478317385,0.6089138907658501,0.31206883866524326
2019/20,223,cosine_taper_k30,0.026765458369104864,0.2386455400101462,0.06801347292755631
2019/20,222,cosine_taper_k30,0.2173179901305866,1.5857015836327313,1.066972570366767
2019/20,221,cosine_taper_k30,0.11833301468627598,0.5806385242553289,0.2913806274795542
2019/20,220,cosine_taper_k30,0.18586484790673496,0.7676757101015103,0.4318369781799776
2019/20,219,cosine_taper_k30,0.12640942471429423,1.2029438071092244,0.742386543559167
2019/20,218,cosine_taper_k30,0.15857029011830823,1.4402278740729035,0.8995022153061109
2019/20,217,cosine_taper_k30,0.2808879208181657,1.0303079758255413,0.6284134965463015
2019/20,216,cosine_taper_k30,0.1592725639363738,1.4137896867996407,0.8912613875983062
2019/20,215,cosine_taper_k30,0.17052570931483133,0.7266366686520417,0.4005209505745149
2019/20,235,cosine_taper_k30,0.1371988310657272,1.3455639670863044,0.8214164525045445
2019/20,236,cosine_taper_k30,0.049275086106217385,0.3431810899805502,0.12795251035922656
2019/20,226,cosine_taper_k30,0.21331741095673373,0.8386482268351465,0.4865032753552352
2019/20,238,cosine_taper_k30,0.5432727666772587,1.7578805778835904,1.1241191944620352
2019/20,237,cosine_taper_k30,0.23726671352022316,0.9271556566397428,0.5494313705762104
2019/20,257,cosine_taper_k30,0.3388347549040227,1.3227820296992872,0.8073577691714375
2019/20,256,cosine_taper_k30,0.21227763210200531,0.837072925350323,0.48508453707995874
2019/20,255,cosine_taper_k30,0.23383673537160174,0.8787931580450614,0.5206014637993193
2019/20,254,cosine_taper_k30,0.3423781084880463,1.2156211422465057,0.7564311485079029
2019/20,253,cosine_taper_k30,0.013310360397589437,0.16191564976276676,0.033694980318691496
2019/20,252,cosine_taper_k30,0.18792138821706902,0.74166485447005,0.41783850614095563
2019/20,251,cosine_taper_k30,0.22137542672026075,0.950855908219015,0.5696170951582771
2019/20,250,cosine_taper_k30,0.1716188140270427,1.4386412383697758,0.9250253341939692
2019/20,249,cosine_taper_k30,0.3498352746937045,2.323923660943232,1.5134752588334923
2019/20,258,cosine_taper_k30,0.04839821554691264,0.3440894179076693,0.12970982192099406
2019/20,239,cosine_taper_k30,0.5162367229244441,1.8197410982377054,1.1017359152519561
2019/20,247,cosine_taper_k30,0.17660240877358266,1.429320635774923,0.9316083325904448
2019/20,246,cosine_taper_k30,0.20020982556175848,1.5235259732809647,1.0120342528506212
2019/20,245,cosine_taper_k30,0.4512903066314342,1.4862918250090456,0.9521236831815951
2019/20,244,cosine_taper_k30,0.37210865995730436,1.3091988122391456,0.8172325869219152
2019/20,243,cosine_taper_k30,0.13292470011712998,1.243872439337605,0.7724150256565225
2019/20,242,cosine_taper_k30,0.2650545515551119,1.7848511380718302,1.222629257800843
2019/20,241,cosine_taper_k30,0.08320904854115767,0.4616954244592672,0.20543096693726032
2019/20,240,cosine_taper_k30,0.2911679660323226,1.1230615708478404,0.6835985257297985
2019/20,248,cosine_taper_k30,0.3185342126873591,1.1026402347020534,0.6905030413931292
2019/20,275,current_only,0.17650960956122996,0.747695104392805,0.4161596982042925
2019/20,276,current_only,0.13439345932195476,0.6457943743724024,0.34154241579209355
2019/20,277,current_only,0.43827471770623705,1.5215754990480432,0.9474482358970571
2019/20,282,current_only,0.16539640084049692,0.6966510208406335,0.3794601352990946
2019/20,279,current_only,0.12839717733285444,0.5937758465631856,0.3010952622403626
2019/20,280,current_only,0.0737848934713814,0.4427477283614621,0.19497886066011832
2019/20,281,current_only,0.09020751302662805,0.4915421331313878,0.22715750795351267
2019/20,278,current_only,0.18092503818278505,1.5076231963597384,0.9680125046531542
2019/20,274,current_only,0.2873783214158753,1.1249432246244335,0.6841978143915941
2019/20,263,current_only,0.14759726139834994,1.3879084660461036,0.858299486477332
2019/20,272,current_only,0.32405268277750365,2.1747727255877027,1.433750092582581
2019/20,271,current_only,0.08874534409494877,0.47799903235399066,0.21670305521744485
2019/20,270,current_only,0.12414076141565535,1.1028422067415993,0.6946039400527132
2019/20,269,current_only,0.07973487373581561,0.4607239660977523,0.20652426015060527
2019/20,268,current_only,0.15353365979323338,1.4570098192012182,0.8954610313300926
2019/20,267,current_only,0.19338088088650576,0.7582818595314494,0.4303048497891323
2019/20,266,current_only,0.7152925249412333,2.347595895026916,1.4453925091669673
2019/20,265,current_only,0.3498960792593513,2.304612130206037,1.510156696673021
2019/20,264,current_only,0.07991935087797801,0.4560123749787237,0.2021738515614127
2019/20,283,current_only,0.26378509854819593,0.9848226595866618,0.5946353068696587
2019/20,273,current_only,0.07706627376284804,0.4498201079183858,0.1986206462378133
2019/20,284,current_only,0.36560734270551537,2.4629045285042017,1.5680972126172816
2019/20,295,current_only,0.052711347805547815,0.339859127407829,0.12459089406866725
2019/20,286,current_only,0.02916604994916764,0.2579629510698537,0.07962996743884165
2019/20,262,current_only,0.3800526856563851,1.292792849840255,0.8186742344575648
2019/20,306,current_only,0.12163676071316412,0.583897122045172,0.29343250529518794
2019/20,305,current_only,0.09981119791457706,0.532595260586196,0.25832097061202647
2019/20,304,current_only,0.077112140410219,0.4384069788957749,0.18914723292965388
2019/20,303,current_only,0.6510995296662112,2.215780404686309,1.333841041679164
2019/20,302,current_only,0.019019350051477545,0.1993707710624725,0.049594090359740134
2019/20,301,current_only,0.36697479291740376,1.3755601128435655,0.8417879458704037
2019/20,300,current_only,0.04154767538361291,0.3087152969350271,0.1066878923651388
2019/20,299,current_only,0.20173010448644277,0.8929033156701768,0.5306185879606361
2019/20,285,current_only,0.08724112074747739,0.47486557079535596,0.21461797721280523
2019/20,298,current_only,0.028922042161933368,0.24882455751653898,0.07315723659234374
2019/20,296,current_only,0.20212004463363187,0.9061671957522499,0.5443614616638197
2019/20,294,current_only,0.0770635952352935,0.44726573754922205,0.19634157088056509
2019/20,293,current_only,0.5349627088980011,1.8837567001136695,1.135284674696813
2019/20,292,current_only,0.014055577466066295,0.16775230321742768,0.036061491050995355
2019/20,291,current_only,0.4398942207240846,1.4158846033744332,0.9213408322824564
2019/20,290,current_only,0.1337937063700762,1.3129774914639676,0.8019222954195685
2019/20,289,current_only,0.12260992659246098,1.1904177460412548,0.7295047309551128
2019/20,288,current_only,0.648287534702964,2.2870649302031754,1.33612558951892
2019/20,287,current_only,0.4735577335859865,1.5599025035945115,0.9960809199632805
2019/20,297,current_only,0.16764907599386156,0.7405281329788261,0.4108651896773312
2019/20,261,current_only,0.16179827057962462,0.7398301403510579,0.4127537886319173
2019/20,260,current_only,0.0688778603092576,0.41192481536401593,0.17141647865686827
2019/20,259,current_only,0.1448167976041982,0.6916152453844472,0.3785789165381396
2019/20,234,current_only,0.26450820280198384,0.9902435334295312,0.5979077909363507
2019/20,233,current_only,0.1186910543620176,0.5878117083432064,0.29733929736026565
2019/20,232,current_only,0.06872172599471908,0.40250296732146,0.16469555511498285
2019/20,231,current_only,0.1739248607851832,1.4238940945506764,0.9242729448256316
2019/20,230,current_only,0.05983643243601477,0.3978092664574878,0.1675850398391187
2019/20,229,current_only,0.5873089121421203,1.9128473930643872,1.208075033156034
2019/20,228,current_only,0.18899393986193502,0.7793211167185774,0.44035468567097336
2019/20,227,current_only,0.13014470623775237,1.223245383701874,0.7583391855448419
2019/20,225,current_only,0.3142866048449112,2.0604491717196805,1.3900096694690451
2019/20,224,current_only,0.1245162851589729,0.5893567569589341,0.2974727309244771
2019/20,223,current_only,0.02689205505422716,0.23921392571137529,0.06829219123763063
2019/20,222,current_only,0.2225321611654692,1.6091962886424793,1.084986995711585
2019/20,221,current_only,0.11611389014532239,0.5732670536586519,0.2859303548914677
2019/20,220,current_only,0.1839693711581297,0.7625984615820892,0.42795811598732214
2019/20,219,current_only,0.12266637285250759,1.1828197299268257,0.7263949565391455
2019/20,218,current_only,0.16162604028375607,1.4496861240941437,0.9090220011710759
2019/20,217,current_only,0.279598041134253,1.0264799165592695,0.6256784316492772
2019/20,216,current_only,0.15894282410496172,1.4096917261110011,0.8890912366521448
2019/20,215,current_only,0.1813119071250856,0.7576670462436327,0.4239695830580192
2019/20,235,current_only,0.13714993722120478,1.345138736632195,0.82115485334991
2019/20,236,current_only,0.04966275499126681,0.34469829648204714,0.12888248459336704
2019/20,226,current_only,0.21117018623803327,0.8328565331509001,0.48208209980770406
2019/20,238,current_only,0.5439387587430097,1.761309254238515,1.125571536503456
2019/20,237,current_only,0.23567191937665455,0.9224425232437607,0.5459933812007709
2019/20,257,current_only,0.3390626981056446,1.3235164914510036,0.8077917310159577
2019/20,256,current_only,0.21236886160105217,0.8372990509142891,0.48526042792501245
2019/20,255,current_only,0.23412151093928235,0.8796073209649546,0.5212135671868903
2019/20,254,current_only,0.3419781356112547,1.214545068572934,0.7556759382366756
2019/20,253,current_only,0.013300535041651476,0.16184024084824175,0.03366516030657983
2019/20,252,current_only,0.18939694672199292,0.7455189307386886,0.4208809048397295
2019/20,251,current_only,0.22187373605124847,0.9525636574760292,0.5708248127072721
2019/20,250,current_only,0.17105173257324824,1.4364378220465968,0.9230930949824486
2019/20,249,current_only,0.3500657941707544,2.3262686956205125,1.5143500289287142
2019/20,258,current_only,0.04844415442114347,0.3442826480537001,0.1298313801684719
2019/20,239,current_only,0.5184078754951709,1.8270752171053823,1.1056253285422477
2019/20,247,current_only,0.1774637891650523,1.4300025585800997,0.9335794256359176
2019/20,246,current_only,0.1999601566629077,1.5220262355552838,1.0110233979219423
2019/20,245,current_only,0.449964163836847,1.482383404957921,0.9495954118080345
2019/20,244,current_only,0.37379614436387815,1.3145742186377496,0.8206508205810353
2019/20,243,current_only,0.13270477831739314,1.2432706384981553,0.7717281965638831
2019/20,242,current_only,0.2666461096090339,1.7914035085001219,1.227637771603025
2019/20,241,current_only,0.08443737290900366,0.4660782375639085,0.20850948877480543
2019/20,240,current_only,0.2929635424973361,1.12883174849209,0.6874348263613288
2019/20,248,current_only,0.3178348572015298,1.100930106025915,0.6891805202166162
2019/20,275,updating_prior,0.1095039565462968,0.5512874979790441,0.26975833797233234
2019/20,276,updating_prior,0.08236415684967528,0.4700587751278781,0.21306907269216976
2019/20,277,updating_prior,0.4528163755619626,1.5530736108202445,0.9708809717893175
2019/20,282,updating_prior,0.09497221816128405,0.4947435604808267,0.2284718688156894
2019/20,279,updating_prior,0.34518340340346787,1.1796362460691012,0.7449514220598773
2019/20,280,updating_prior,0.06167149829149217,0.3933535228789216,0.16044330628161602
2019/20,281,updating_prior,0.07844186254427643,0.45198035432763317,0.19957378338589493
2019/20,278,updating_prior,0.1699880078481015,1.4259150171412294,0.917137587293158
2019/20,274,updating_prior,0.32090299298133873,1.2424893443024279,0.7593272310487174
2019/20,263,updating_prior,0.1347055501065212,1.3238317516357774,0.8080002537695933
2019/20,272,updating_prior,0.21572952196597117,1.5214725665177797,1.0423731482302179
2019/20,271,updating_prior,0.04366563797323419,0.3071235488275409,0.10489317572806618
2019/20,270,updating_prior,0.09787157818607434,0.9798725186471157,0.585919601380338
2019/20,269,updating_prior,0.16165652392692953,0.7511179906602239,0.42414858073531125
2019/20,268,updating_prior,0.16902127170526415,1.4892167541902153,0.9378165124253018
2019/20,267,updating_prior,0.17957207458483357,0.7203948078778274,0.4009116107400491
2019/20,266,updating_prior,0.6978970175061776,2.321981461216324,1.4150632837262442
2019/20,265,updating_prior,0.3857796430796938,2.723743043205839,1.644609118447855
2019/20,264,updating_prior,0.09450718713608876,0.5097184153958881,0.24074638413448043
2019/20,283,updating_prior,0.08739437985080095,0.4890552476894138,0.22682588301183365
2019/20,273,updating_prior,0.10413090435159422,0.5195593232432416,0.24640822603440513
2019/20,284,updating_prior,0.32228054007651274,2.0633677470235394,1.4066456291602134
2019/20,295,updating_prior,0.09173724333550805,0.4816746586976197,0.21918417409543506
2019/20,286,updating_prior,0.024340471225097846,0.23020451688942517,0.06446715741492921
2019/20,262,updating_prior,0.40435020765165874,1.373841956315348,0.8692059733553723
2019/20,306,updating_prior,0.2158307017641956,0.8494585987197993,0.49403671914145
2019/20,305,updating_prior,0.05804459884454438,0.3708686309155126,0.1443762300247361
2019/20,304,updating_prior,0.03961969889252613,0.29463483360006976,0.09784258163370702
2019/20,303,updating_prior,0.5925601484856812,2.0301656658252463,1.2303011155344614
2019/20,302,updating_prior,0.07457735551402779,0.43845527000738566,0.19028603927222915
2019/20,301,updating_prior,0.4046817479506338,1.4452425923009842,0.8933284597146939
2019/20,300,updating_prior,0.03789641889004841,0.2903418783831033,0.09570753765780171
2019/20,299,updating_prior,0.22168458722361672,0.9679828780487933,0.586028795117679
2019/20,285,updating_prior,0.09088909044411615,0.4855573653173483,0.22206996982276536
2019/20,298,updating_prior,0.013647704297804465,0.16527049889940928,0.035107889001567895
2019/20,296,updating_prior,0.1913396451349155,0.8404271226106761,0.48798810054652186
2019/20,294,updating_prior,0.07591286335774744,0.4371056265020186,0.18849389367280917
2019/20,293,updating_prior,0.5063011305508212,1.8000969618136469,1.0869742010588084
2019/20,292,updating_prior,0.013343300018752753,0.16201995102039718,0.03372531752523345
2019/20,291,updating_prior,0.5820189336284732,1.871848734083518,1.1952947192982601
2019/20,290,updating_prior,0.1389996146142356,1.3670117678750173,0.833221782375122
2019/20,289,updating_prior,0.11948416700032241,1.167956641483336,0.7136868803652886
2019/20,288,updating_prior,0.6907576155390672,2.4184886860634336,1.4098001383797159
2019/20,287,updating_prior,0.5114016813538389,1.686775915307011,1.0694219855329588
2019/20,297,updating_prior,0.16086922616873264,0.711589745867437,0.38887145508018783
2019/20,261,updating_prior,0.17522784966678848,0.7772437738690812,0.4395340591969247
2019/20,260,updating_prior,0.2039037618102737,0.847301014444938,0.4897990209208941
2019/20,259,updating_prior,0.19062199887377101,0.8299432024816159,0.47887971963533127
2019/20,234,updating_prior,0.31023196088583593,1.1395404020257751,0.7002811916119935
2019/20,233,updating_prior,0.12985822683210033,0.6240335436931076,0.32420536098283254
2019/20,232,updating_prior,0.0539300382133554,0.3478882495594901,0.1294973072170364
2019/20,231,updating_prior,0.2694288712760021,1.8141840970280878,1.2394755864734721
2019/20,230,updating_prior,0.0642965475305785,0.4157327198845317,0.17993372857132606
2019/20,229,updating_prior,0.46551411626419875,1.5245657910796453,0.9783045081773567
2019/20,228,updating_prior,0.2241545833116289,0.9062424113330494,0.5328571507168358
2019/20,227,updating_prior,0.13853471478115903,1.2631743301945246,0.7915097585505203
2019/20,225,updating_prior,0.3402510694638077,2.2684188662172016,1.4842580317340988
2019/20,224,updating_prior,0.2403653088885186,0.904888026599653,0.5384009294832823
2019/20,223,updating_prior,0.025151967412186206,0.23130153541330137,0.06445741660992035
2019/20,222,updating_prior,0.15889619187755608,1.3223975436662345,0.8558210877279647
2019/20,221,updating_prior,0.149023242913713,0.6815384053052803,0.3667452273447376
2019/20,220,updating_prior,0.21139064392388546,0.8359865119620078,0.48403475694504294
2019/20,219,updating_prior,0.21416123671678022,1.5090548285980583,1.034978281157737
2019/20,218,updating_prior,0.1348062943595893,1.3250129570314526,0.8086629407554757
2019/20,217,updating_prior,0.29789345786900734,1.081341282025185,0.6644556230382559
2019/20,216,updating_prior,0.162201666463,1.4506305783546842,0.910512364271227
2019/20,215,updating_prior,0.09013121187053835,0.4883045281961688,0.22446408234312537
2019/20,235,updating_prior,0.13907328393019994,1.361515305582692,0.8312776798068147
2019/20,236,updating_prior,0.03595153859581406,0.2883071292320713,0.09584017395754077
2019/20,226,updating_prior,0.2601749176834246,0.966348799983124,0.5828638053098161
2019/20,238,updating_prior,0.5187966107015549,1.6380096684471666,1.070825556433269
2019/20,237,updating_prior,0.3005106384456071,1.1204662632926574,0.6854546713633259
2019/20,257,updating_prior,0.266477979780553,1.0998337025029714,0.6702100248722692
2019/20,256,updating_prior,0.18251765780812884,0.7629731556479457,0.42781961061213175
2019/20,255,updating_prior,0.14708865279576633,0.6343989370205689,0.3336221890422504
2019/20,254,updating_prior,0.4937696994118914,1.6717275512403813,1.0448061987995647
2019/20,253,updating_prior,0.016892233722769805,0.18790385704716286,0.044742562930084225
2019/20,252,updating_prior,0.08467948922985302,0.46008888603350434,0.2039956332527287
2019/20,251,updating_prior,0.18129458272172444,0.8160987784932417,0.4722425874466364
2019/20,250,updating_prior,0.22945783835512745,1.645042885481466,1.1101577598758314
2019/20,249,updating_prior,0.330640414046083,2.1432457718819227,1.4404867583286662
2019/20,258,updating_prior,0.03403606538045037,0.28043288640699904,0.09166511841047696
2019/20,239,updating_prior,0.43942786631711483,1.5792448208188292,0.9660246986256911
2019/20,247,updating_prior,0.13947809393880997,1.3732866107904786,0.836557131909131
2019/20,246,updating_prior,0.22207925837251652,1.659220621250396,1.0997932896497087
2019/20,245,updating_prior,0.5711489243184484,1.8883899132805102,1.1819166934353238
2019/20,244,updating_prior,0.243782168791078,0.9353993414491438,0.5569681077943124
2019/20,243,updating_prior,0.14255117967387024,1.2665248456278186,0.8009003087947026
2019/20,242,updating_prior,0.21121650997312158,1.5673272143221828,1.048743836005875
2019/20,241,updating_prior,0.04390935766796238,0.31093917131232646,0.10718880253077268
2019/20,240,updating_prior,0.22842079873438728,0.9290823080671592,0.5491937122899451
2019/20,248,updating_prior,0.38077187682964664,1.2589513259105485,0.8087331704066354
2020/21,276,v2_full,0.08188400173452015,0.47018306105019064,0.2136132972824079
2020/21,277,v2_full,0.1229118675511128,1.1968534623253282,0.7328275365654519
2020/21,278,v2_full,0.19446060736425078,0.8262393717854006,0.4745480791130835
2020/21,283,v2_full,0.12667341633703944,1.1566567427015817,0.7232077282795257
2020/21,280,v2_full,0.14743756778302913,0.6659650780344435,0.35462203529053044
2020/21,281,v2_full,0.3490178908260998,1.2685855866827809,0.7837999323826905
2020/21,282,v2_full,0.07395919380827831,0.44743713806237184,0.19961238197129902
2020/21,275,v2_full,0.11031602741179562,0.5772955303054633,0.29376650345618294
2020/21,279,v2_full,0.15304825980448852,0.6873179945049456,0.3706912500258497
2020/21,274,v2_full,0.2506937841216399,0.9873199351822965,0.5909158299184791
2020/21,268,v2_full,0.22357494749266812,0.8910965154262078,0.522602856244107
2020/21,272,v2_full,0.1825604681971399,0.7993909317506973,0.45574032395659186
2020/21,271,v2_full,0.4490428626664641,1.4812233527580663,0.9482185989076022
2020/21,270,v2_full,0.12561428510196626,1.2299664855630112,0.7520645002393591
2020/21,269,v2_full,0.2601537775931782,1.0081374201599298,0.6062257634606825
2020/21,267,v2_full,0.19948411375027472,0.8287408311063209,0.4761614126307868
2020/21,266,v2_full,0.31503828153733593,1.1589630324115257,0.7125388695254627
2020/21,265,v2_full,0.19209877514201287,0.8090424954604165,0.46156564722100624
2020/21,264,v2_full,0.08940723108795828,0.4893836405859648,0.22571237918537948
2020/21,263,v2_full,0.24654928208396326,1.018434805606979,0.6137324809891601
2020/21,273,v2_full,0.20217560751916325,0.8186001775269374,0.469764777525849
2020/21,284,v2_full,0.1641521954153117,0.7367001102872863,0.4086908227960403
2020/21,306,v2_full,0.2260268963674529,0.9210819644799955,0.5434506360026813
2020/21,286,v2_full,0.1543078311249876,1.430567712945606,0.8874732309281383
2020/21,262,v2_full,0.1687669971348001,0.742267847814059,0.4120539360032861
2020/21,305,v2_full,0.45752616486105935,1.608552332494052,0.9907314029781832
2020/21,304,v2_full,0.5069806658625254,1.7534856917530441,1.0775171106987609
2020/21,303,v2_full,0.4249099171889562,1.4605039138852887,0.9162823493375868
2020/21,302,v2_full,0.1569233190503681,0.7186348619482489,0.3959389385349842
2020/21,301,v2_full,0.04740753616034606,0.3345947315844263,0.12246135539975497
2020/21,300,v2_full,0.1147132744288027,0.5713390663253566,0.2847600481208546
2020/21,299,v2_full,0.10404808763102975,0.5435670975439383,0.26555831670251845
2020/21,298,v2_full,0.1568875984857162,0.6906297479794353,0.37317572083270933
2020/21,285,v2_full,0.16610926950252464,1.2900236130551177,0.8574603982362848
2020/21,297,v2_full,0.15962508384924914,1.2595710849496762,0.8322273925806571
2020/21,295,v2_full,0.14733163326223184,1.2981187002808903,0.8231268536605068
2020/21,294,v2_full,0.21687478203443905,0.8938857637929607,0.5238538427281476
2020/21,293,v2_full,0.19821716570154202,1.5640505768342745,1.0216619800136668
2020/21,292,v2_full,0.1332415125413783,1.2019634844300837,0.755638626405344
2020/21,291,v2_full,0.12951660038135693,1.1613890296257843,0.7309320722497503
2020/21,290,v2_full,0.4467007231656377,1.4945899605610722,0.9488696766900502
2020/21,289,v2_full,0.5289408810825716,1.7635331126319387,1.1059142293635666
2020/21,288,v2_full,0.13673449618687428,0.6583327371654822,0.35193923541763833
2020/21,287,v2_full,0.3198302644932156,1.157970864271032,0.7150093870411389
2020/21,296,v2_full,0.1286692573653349,0.6068444355627568,0.31046272689912574
2020/21,261,v2_full,0.5594681526770968,1.9215439260930232,1.1713328168841153
2020/21,214,v2_full,0.11129326677358764,1.0997502488304016,0.6675365941255457
2020/21,259,v2_full,0.15512827131355444,0.7126454023683717,0.39143218033981797
2020/21,234,v2_full,0.20730041087544987,0.8585814000144718,0.4980752381168755
2020/21,233,v2_full,0.3299425550717414,1.2427767615212502,0.7618273963244405
2020/21,232,v2_full,0.40815466047608895,1.4052207451188983,0.8828428745635604
2020/21,231,v2_full,0.10521044853373489,0.5226394344832637,0.24865776480331178
2020/21,230,v2_full,0.20807135933833867,1.53280587775228,1.0309101359346298
2020/21,229,v2_full,0.18535341930251373,0.7987489180389795,0.4543277715539764
2020/21,228,v2_full,0.11960358714882509,0.6015190716509713,0.3095643775662763
2020/21,227,v2_full,0.13417400759217504,0.6494526757936369,0.3451971027582356
2020/21,225,v2_full,0.272178901326082,0.9777727946160795,0.5972303995003373
2020/21,235,v2_full,0.06327685683929979,0.40521801539535074,0.17000898953044266
2020/21,224,v2_full,0.14366268881322708,1.2746108194830494,0.80638836606409
2020/21,222,v2_full,0.0670726496377318,0.41831177039105505,0.17839521176048212
2020/21,221,v2_full,0.16878610293882368,0.747966075295432,0.41672272095288493
2020/21,220,v2_full,0.1307529643711972,0.645584387703728,0.34436023865710313
2020/21,219,v2_full,0.27637461343157366,1.0706651770577527,0.6486260584811349
2020/21,218,v2_full,0.10893686023922541,0.5525192505943786,0.27096217500758224
2020/21,217,v2_full,0.3549625110401474,1.2904858039830132,0.797144653437555
2020/21,216,v2_full,0.20695431454056612,0.8955171462172513,0.5286886364720101
2020/21,215,v2_full,0.14555773480125114,1.2120042004915172,0.7844809053770778
2020/21,260,v2_full,0.08903501862113275,0.4964256423114569,0.23250913212382635
2020/21,223,v2_full,0.549660372109942,1.9466511715203363,1.1636111381947114
2020/21,236,v2_full,0.39725200175023867,1.3474904753972698,0.8537355869434855
2020/21,226,v2_full,0.055453332598841956,0.37326137257459313,0.14845116340805734
2020/21,238,v2_full,0.38090505480859427,1.3214642133927188,0.8293137013933539
2020/21,237,v2_full,0.34386036673450815,1.2194253058869056,0.7591529005441594
2020/21,257,v2_full,0.22127716392049995,0.8822247705802361,0.5162683437640293
2020/21,256,v2_full,0.1255440256873356,0.6208355034016726,0.3238210606348947
2020/21,255,v2_full,0.12815104551930773,1.1640765575031153,0.7293560228010062
2020/21,254,v2_full,0.320364969586139,1.1527287390799958,0.7129925675076976
2020/21,253,v2_full,0.20235429923854628,1.4715770133442538,0.9982814991965738
2020/21,252,v2_full,0.1325704465084674,1.302434066539087,0.7953152978504074
2020/21,251,v2_full,0.19781268208376612,0.821690311251355,0.4709880839460941
2020/21,250,v2_full,0.3443419988981282,1.280219582518213,0.7866030501462806
2020/21,249,v2_full,0.17285532702939027,0.7331491430916477,0.4054583906410363
2020/21,258,v2_full,0.22367983956125248,0.9003084555302756,0.5287283036742817
2020/21,247,v2_full,0.11760587254096033,1.1523033969711176,0.7031932421353226
2020/21,248,v2_full,0.08707659989423047,0.49749318527256225,0.235985666005172
2020/21,240,v2_full,0.17543279007577184,0.7759016549469894,0.43826096719659813
2020/21,241,v2_full,0.10516114680610925,0.5490222187020664,0.2698981152330767
2020/21,242,v2_full,0.14613408107200834,0.6663845424024432,0.3550402072857058
2020/21,239,v2_full,0.16150257770521917,1.2790730862320678,0.8438630653631846
2020/21,244,v2_full,0.46711885505622364,1.650636105575695,1.0113747337679477
2020/21,245,v2_full,0.22975776172200463,0.9109126782514374,0.5369737537468903
2020/21,246,v2_full,0.1608565007573251,1.377564294235351,0.8809296997961201
2020/21,243,v2_full,0.12226012497690476,1.152642140952622,0.7126481457420946
2020/21,276,bookmaker,0.05277955619204982,0.3603616787378354,0.13949804308142136
2020/21,277,bookmaker,0.1262760183975134,1.2222337927450508,0.7501815183533698
2020/21,278,bookmaker,0.21479491798759867,0.8888404743197894,0.520236153468549
2020/21,283,bookmaker,0.14424297842371897,1.295579626482677,0.8159407763635669
2020/21,280,bookmaker,0.06490822480453237,0.3968907858911395,0.16135606253638152
2020/21,281,bookmaker,0.22012387633260472,0.8682970340668967,0.5071645305864011
2020/21,282,bookmaker,0.03603803543831499,0.2922475354915076,0.09922877773697586
2020/21,275,bookmaker,0.10010785212624168,0.5357087074681847,0.2611317773749284
2020/21,279,bookmaker,0.18939878809190988,0.8020110780586565,0.4563652527650652
2020/21,274,bookmaker,0.20101399497377725,0.8110012566028184,0.46455463198483504
2020/21,268,bookmaker,0.13665727567311436,0.6263858547154786,0.3250625344661968
2020/21,272,bookmaker,0.17340337939388165,0.7642956888065834,0.42904447308455607
2020/21,271,bookmaker,0.7044770140648479,2.3800137859619896,1.429197429338601
2020/21,270,bookmaker,0.14150851670075185,1.3490708757811625,0.8313850688202131
2020/21,269,bookmaker,0.247279605934517,0.9769982875670767,0.5836000169851281
2020/21,267,bookmaker,0.21472000286531415,0.884333176632772,0.516881720740034
2020/21,266,bookmaker,0.2764438147954418,1.0236540486287944,0.6222709979023621
2020/21,265,bookmaker,0.07005673403536017,0.42371797045169973,0.1805573009105755
2020/21,264,bookmaker,0.041023102114224316,0.31086423779116645,0.108926286457668
2020/21,263,bookmaker,0.14950357367886927,0.6906443086930628,0.37439184587778707
2020/21,273,bookmaker,0.1926581106825655,0.7845596458579723,0.4449164209672139
2020/21,284,bookmaker,0.1342752107016039,0.6442160938010653,0.3401451702852923
2020/21,306,bookmaker,0.11422723836795869,0.5605561687054313,0.27623369070928755
2020/21,286,bookmaker,0.1602149724014567,1.4237641553474145,0.89680565960951
2020/21,262,bookmaker,0.08671052206816404,0.47769179177486565,0.21708365013786313
2020/21,305,bookmaker,0.3141192686980609,1.1108979759234305,0.6899515567867036
2020/21,304,bookmaker,0.3969269775747576,1.3448712244114096,0.8525793024469427
2020/21,303,bookmaker,0.4268262162664809,1.451976612155215,0.9157101957984024
2020/21,302,bookmaker,0.1971156160115084,0.7986396701014018,0.4553863485521345
2020/21,301,bookmaker,0.01374217284383548,0.1698311652289971,0.03760900555633861
2020/21,300,bookmaker,0.09071944684007198,0.486383790691091,0.2227427677483072
2020/21,299,bookmaker,0.05484077373566874,0.35848323753515254,0.13648267093497243
2020/21,298,bookmaker,0.19675317166624479,0.7799185017951594,0.4441209218731057
2020/21,285,bookmaker,0.1543884572209435,1.3042207968408546,0.8396583124726801
2020/21,297,bookmaker,0.1506051805484343,1.3302502598267167,0.8423014180467628
2020/21,295,bookmaker,0.12280701978935962,1.1940182104615245,0.7314212389573347
2020/21,294,bookmaker,0.2433330150682817,0.9695858005476939,0.5781401711611267
2020/21,293,bookmaker,0.29368503090784814,2.0067110086866915,1.336581334791084
2020/21,292,bookmaker,0.1408689230433308,1.3887598546760938,0.8451616463386968
2020/21,291,bookmaker,0.1463458203083741,1.3126444465688931,0.8268955247843051
2020/21,290,bookmaker,0.5403304143007065,1.7413215631663101,1.1174677476819221
2020/21,289,bookmaker,0.7274842924900657,2.5310110397649512,1.4747962518496165
2020/21,288,bookmaker,0.08712218086217065,0.4887919380803331,0.2268147810312677
2020/21,287,bookmaker,0.41386450341752645,1.4239011253445761,0.894254613576943
2020/21,296,bookmaker,0.057043688028403726,0.36806531209794274,0.14268889717969396
2020/21,261,bookmaker,0.5456669633688283,1.856618933877461,1.1432714968392643
2020/21,214,bookmaker,0.12337475857663364,1.1952970339161604,0.7330966745616536
2020/21,259,bookmaker,0.09817370985217175,0.5264204999387566,0.2536977645191132
2020/21,234,bookmaker,0.1285088900826705,0.6294734466944231,0.32998605640319395
2020/21,233,bookmaker,0.35767270534046736,1.2570347417379375,0.7853081705752467
2020/21,232,bookmaker,0.4137285230011153,1.4092652541987796,0.8896119788733713
2020/21,231,bookmaker,0.03230504254878035,0.2703244492080932,0.08553467732219762
2020/21,230,bookmaker,0.22187170491347583,1.5875890138476498,1.0766943406026033
2020/21,229,bookmaker,0.15555610760865918,0.6975568361217891,0.378448055396221
2020/21,228,bookmaker,0.06333223681926284,0.40340093470334976,0.16812598078512214
2020/21,227,bookmaker,0.12649622667076077,0.6223810928025086,0.3246008085751606
2020/21,225,bookmaker,0.26423306297931853,0.9928086910688022,0.5991254606885631
2020/21,235,bookmaker,0.03692638354516338,0.29659428808400184,0.1018476139847664
2020/21,224,bookmaker,0.18660047163529223,1.4716942672976174,0.966815318271567
2020/21,222,bookmaker,0.05991662510695778,0.39150566997129616,0.16062510035814978
2020/21,221,bookmaker,0.07479846473198673,0.44531315811171035,0.19642088015521916
2020/21,220,bookmaker,0.16448442438436753,0.7452947394247518,0.41621045797983514
2020/21,219,bookmaker,0.2170268519527668,0.8928547920262941,0.5230812280547176
2020/21,218,bookmaker,0.025254260816490605,0.23730645856012,0.06861433012653478
2020/21,217,bookmaker,0.47491383742382676,1.5912128047738152,1.0047944785322829
2020/21,216,bookmaker,0.19842305962939338,0.8467542343884935,0.4901905377060516
2020/21,215,bookmaker,0.14354808205767175,1.2706099621204283,0.8045456568173727
2020/21,260,bookmaker,0.04104888019060095,0.3115964365004526,0.10953240910890816
2020/21,223,bookmaker,0.6077902816591867,2.0469326978970557,1.2534997952555178
2020/21,236,bookmaker,0.40307221033861773,1.3987836122919401,0.8759707022430419
2020/21,226,bookmaker,0.05246602164266524,0.3629763918834756,0.14241577433757352
2020/21,238,bookmaker,0.27389700371185,1.0191231624821069,0.6184328887170335
2020/21,237,bookmaker,0.4553329296828495,1.5150235576737714,0.9638834938932411
2020/21,257,bookmaker,0.15639121717664917,0.691295573100633,0.3736277495683691
2020/21,256,bookmaker,0.09694721317200743,0.5245128716310866,0.25290498016809215
2020/21,255,bookmaker,0.12861439215692608,1.2335453957051061,0.7595438372102156
2020/21,254,bookmaker,0.22788709225035672,0.8750931556197049,0.514852672927204
2020/21,253,bookmaker,0.2503916478015232,1.6970707893743129,1.1679137999094966
2020/21,252,bookmaker,0.13635971812423422,1.3336072585505472,0.8151149471557781
2020/21,251,bookmaker,0.24708821630087965,0.9731780134306746,0.5810788141650038
2020/21,250,bookmaker,0.28588789349206334,1.0762742697720942,0.6550526666983465
2020/21,249,bookmaker,0.1330366903260331,0.6183141160068906,0.31898665281981603
2020/21,258,bookmaker,0.1891570856959213,0.8057060422292429,0.45921332318773284
2020/21,247,bookmaker,0.13656531265554153,1.3028433773394157,0.8034670607113358
2020/21,248,bookmaker,0.046653031868864235,0.3386902001774146,0.12699096663033427
2020/21,240,bookmaker,0.11596710165179472,0.5780565954347532,0.29002333314073786
2020/21,241,bookmaker,0.10184831089039101,0.5383278408896585,0.26220758242590636
2020/21,242,bookmaker,0.14889165029521123,0.6784012279642543,0.36420280107895947
2020/21,239,bookmaker,0.1585755449351523,1.330060439691232,0.8581683031103955
2020/21,244,bookmaker,0.2639197990740642,1.02927241513712,0.6202614618118842
2020/21,245,bookmaker,0.25194614357770484,0.9689633562387288,0.5799515003109431
2020/21,246,bookmaker,0.15792692920725113,1.3410886282667345,0.861146353213817
2020/21,243,bookmaker,0.12291282275978599,1.2045546625160206,0.7360699853283973
2020/21,276,soft_blend_h10,0.07664990553725576,0.4602887794485779,0.20980013826667032
2020/21,277,soft_blend_h10,0.12356564127956149,1.1798385160286178,0.7269252789879173
2020/21,278,soft_blend_h10,0.13640010699743058,0.6516913441961866,0.34582545616544214
2020/21,283,soft_blend_h10,0.10071695914170356,0.9950641910201348,0.5987123708563922
2020/21,280,soft_blend_h10,0.1480479350981645,0.6678603915769186,0.35604211079474274
2020/21,281,soft_blend_h10,0.2912809239639225,1.1064496404762367,0.673967899101414
2020/21,282,soft_blend_h10,0.038248382580007116,0.3044491430761521,0.10721211836887978
2020/21,275,soft_blend_h10,0.08604049423904289,0.4841737930227398,0.22332300390910262
2020/21,279,soft_blend_h10,0.14504259860386387,0.6757679754881317,0.3631939380293395
2020/21,274,soft_blend_h10,0.21386770394804303,0.8857222346126519,0.5179691260640216
2020/21,268,soft_blend_h10,0.25060424585046537,1.0043396850719133,0.6023924158304064
2020/21,272,soft_blend_h10,0.16418262283818355,0.744168327789525,0.4153447826925671
2020/21,271,soft_blend_h10,0.47867396339491275,1.5536059389514252,1.0011185567078342
2020/21,270,soft_blend_h10,0.1251831269061648,1.2119404139545475,0.7437050219442829
2020/21,269,soft_blend_h10,0.2521251406329057,0.9740322559963267,0.5830199506897431
2020/21,267,soft_blend_h10,0.27332113372480715,1.0397308701549481,0.6293792880592102
2020/21,266,soft_blend_h10,0.2937632315765528,1.121286310290649,0.6832317362543733
2020/21,265,soft_blend_h10,0.18323826321816172,0.775550636975236,0.4367161039388833
2020/21,264,soft_blend_h10,0.09092983391303022,0.5003407080309719,0.23463465210044926
2020/21,263,soft_blend_h10,0.24299886692017653,0.9891202222195576,0.5920251130543444
2020/21,273,soft_blend_h10,0.2232016146156939,0.8933321488111612,0.5239750832057708
2020/21,284,soft_blend_h10,0.1533085178037438,0.7157853212368306,0.3956322986703005
2020/21,306,soft_blend_h10,0.1476763418660087,0.6860392934148689,0.3711345720814742
2020/21,286,soft_blend_h10,0.17402814080495474,1.474365883863593,0.9426147179047695
2020/21,262,soft_blend_h10,0.12591052263222757,0.6177925838369106,0.32063014860725747
2020/21,305,soft_blend_h10,0.5255320793768693,1.8593226035109753,1.1199915180501052
2020/21,304,soft_blend_h10,0.5531809204375718,1.8915731311235118,1.1585543379773398
2020/21,303,soft_blend_h10,0.5548454983687662,1.924222305987919,1.165992867925059
2020/21,302,soft_blend_h10,0.0995308376368504,0.5267619578190317,0.2530407049959722
2020/21,301,soft_blend_h10,0.0299640037357514,0.2568618578989035,0.07780659732389775
2020/21,300,soft_blend_h10,0.11133744633267303,0.5659732233357249,0.28160784443786235
2020/21,299,soft_blend_h10,0.09284082024062232,0.505375530286392,0.2378996434028458
2020/21,298,soft_blend_h10,0.15497842425938269,0.6756643576488249,0.362434458869359
2020/21,285,soft_blend_h10,0.19507037821282328,1.41988626584123,0.9650966946881031
2020/21,297,soft_blend_h10,0.15313169803825097,1.1834487947151515,0.7875929430322176
2020/21,295,soft_blend_h10,0.14879211198991207,1.3675732166743684,0.8530199872446472
2020/21,294,soft_blend_h10,0.20872841476327159,0.8773913734340014,0.5123265238197279
2020/21,293,soft_blend_h10,0.19935595173441426,1.612621962920434,1.0397295834745865
2020/21,292,soft_blend_h10,0.12194215073178538,1.1363303143088905,0.7049323451957241
2020/21,291,soft_blend_h10,0.13655385137797338,1.1806111675924411,0.7532305889576549
2020/21,290,soft_blend_h10,0.45964118564461276,1.5092939314899605,0.9676284653910476
2020/21,289,soft_blend_h10,0.5215900524928926,1.7104259306155207,1.086958679370498
2020/21,288,soft_blend_h10,0.09657868840635353,0.5209195325626529,0.24970563321489736
2020/21,287,soft_blend_h10,0.3375324437793265,1.1967260261024164,0.7448115881192977
2020/21,296,soft_blend_h10,0.13034169544891155,0.6215790113472616,0.32193507895217305
2020/21,261,soft_blend_h10,0.4699887020720469,1.6796486461416784,1.021894605563195
2020/21,214,soft_blend_h10,0.09758691308468086,0.9591328943888443,0.5755851792658381
2020/21,259,soft_blend_h10,0.18102546850582998,0.798539820871511,0.45569699403446345
2020/21,234,soft_blend_h10,0.17387185048914836,0.7694909464297306,0.43332002023984684
2020/21,233,soft_blend_h10,0.3079415045201297,1.1816936801746512,0.7217749037484444
2020/21,232,soft_blend_h10,0.4707591508068668,1.6011522685662916,1.0024348027657235
2020/21,231,soft_blend_h10,0.07454363270100853,0.4223847427990073,0.17804784747616315
2020/21,230,soft_blend_h10,0.17560475963305347,1.4136578915747735,0.9238772593271962
2020/21,229,soft_blend_h10,0.1628750410452458,0.7369649866922513,0.40948483440604466
2020/21,228,soft_blend_h10,0.12038959414530849,0.608677239675978,0.3161441694700388
2020/21,227,soft_blend_h10,0.1841746854155623,0.7933593412449044,0.45022848880422783
2020/21,225,soft_blend_h10,0.1857653090848319,0.7457766431721408,0.4186307683221877
2020/21,235,soft_blend_h10,0.04292653500882009,0.3238790557228248,0.1183137514129246
2020/21,224,soft_blend_h10,0.16681233391112912,1.3368453129661382,0.877275752050487
2020/21,222,soft_blend_h10,0.04505848100327291,0.33345776468280636,0.12434522197403816
2020/21,221,soft_blend_h10,0.13869115976393123,0.6564558641813343,0.34893450527170533
2020/21,220,soft_blend_h10,0.15193581780782242,0.7178879352412242,0.3990401516268735
2020/21,219,soft_blend_h10,0.22532054204263918,0.9289633769150476,0.549378909439247
2020/21,218,soft_blend_h10,0.15584311002946594,0.6911775711063581,0.37352418827419276
2020/21,217,soft_blend_h10,0.3290932554406708,1.2240942946284403,0.751973079482332
2020/21,216,soft_blend_h10,0.3145558470877528,1.2457657834336586,0.7611163871114968
2020/21,215,soft_blend_h10,0.12524964550617518,1.1425069255823603,0.7142354165011866
2020/21,260,soft_blend_h10,0.09232024154186556,0.5104882494714056,0.24335449083469157
2020/21,223,soft_blend_h10,0.5578795051679813,1.9692537186679306,1.177132669596325
2020/21,236,soft_blend_h10,0.35717982115093966,1.2482634564981598,0.781508513137783
2020/21,226,soft_blend_h10,0.05006539235590171,0.3452779112921859,0.12902759340432476
2020/21,238,soft_blend_h10,0.5070259643522219,1.683551895661356,1.0632665472649057
2020/21,237,soft_blend_h10,0.36983521229981,1.2976466179139228,0.8109859936685224
2020/21,257,soft_blend_h10,0.27924294742297223,1.0334705670694782,0.6289639644769196
2020/21,256,soft_blend_h10,0.05872030828831329,0.38390681751511924,0.15472492051078784
2020/21,255,soft_blend_h10,0.13439094283316283,1.1567630107624896,0.7386886034019026
2020/21,254,soft_blend_h10,0.331264621032143,1.1868400532215058,0.735880634576956
2020/21,253,soft_blend_h10,0.20674432001601245,1.4338306163999757,0.993532377217117
2020/21,252,soft_blend_h10,0.13568263950669626,1.3110756277632276,0.8049517196761765
2020/21,251,soft_blend_h10,0.25877977714076944,1.0001577480535901,0.6009642076034085
2020/21,250,soft_blend_h10,0.32615239434059307,1.24307073354381,0.7607527160336375
2020/21,249,soft_blend_h10,0.27316701200748694,0.9960429780838721,0.606445247386671
2020/21,258,soft_blend_h10,0.19471534059297924,0.8251096607516022,0.47362203457104524
2020/21,247,soft_blend_h10,0.11125721036900929,1.099773503409103,0.6674748107405877
2020/21,248,soft_blend_h10,0.06300213712497515,0.4041254413630945,0.16926334216961159
2020/21,240,soft_blend_h10,0.20717818041908734,0.8759377506297472,0.5115594068082807
2020/21,241,soft_blend_h10,0.09546462853502748,0.5220947371246635,0.25194809238143073
2020/21,242,soft_blend_h10,0.10613703116997886,0.5414471063944662,0.26268324393668746
2020/21,239,soft_blend_h10,0.1300413357427063,1.179363550290725,0.7396744220294265
2020/21,244,soft_blend_h10,0.4134139945125122,1.4578308364746813,0.9048155458713316
2020/21,245,soft_blend_h10,0.16522677417695794,0.7207829839447696,0.39572522769772095
2020/21,246,soft_blend_h10,0.20339875872614038,1.5431812185568765,1.0250649056324934
2020/21,243,soft_blend_h10,0.12939029930007157,1.1967080067401032,0.7457230581062197
2020/21,276,soft_blend_h17,0.07710340434359528,0.4625795822068672,0.21168937548196856
2020/21,277,soft_blend_h17,0.12323927820276423,1.1786781801407633,0.7257783742918397
2020/21,278,soft_blend_h17,0.1255219409767172,0.6170864159765322,0.3202183464322341
2020/21,283,soft_blend_h17,0.10215149870417842,1.0091139181910898,0.6081100572916981
2020/21,280,soft_blend_h17,0.1288102580940628,0.6088320566437666,0.31197612026880284
2020/21,281,soft_blend_h17,0.28327817308145087,1.084907875304055,0.6589625944175715
2020/21,282,soft_blend_h17,0.04411966177631458,0.3311844208508617,0.12371578685560256
2020/21,275,soft_blend_h17,0.0821910189293641,0.47174774152780113,0.2148419405921452
2020/21,279,soft_blend_h17,0.1502979710557427,0.6927752839144753,0.37592733042458165
2020/21,274,soft_blend_h17,0.21231256728576506,0.8827216695241288,0.5158572369455724
2020/21,268,soft_blend_h17,0.25126789717032666,0.9980055444751219,0.5980603426022117
2020/21,272,soft_blend_h17,0.1668397937857118,0.7506289463853145,0.4198075713344745
2020/21,271,soft_blend_h17,0.4913932880183081,1.5925032070603395,1.0254145582450311
2020/21,270,soft_blend_h17,0.12796428961780956,1.2316860744073712,0.7574755842771445
2020/21,269,soft_blend_h17,0.23056356373988646,0.9105563034181732,0.5369678347309708
2020/21,267,soft_blend_h17,0.290167256287018,1.0842591901033163,0.6613497056512676
2020/21,266,soft_blend_h17,0.29990411193676436,1.1423117490996706,0.6971054382778471
2020/21,265,soft_blend_h17,0.19125403405644795,0.8001482262443583,0.45504109790046393
2020/21,264,soft_blend_h17,0.08055483392457274,0.4633889562488218,0.2083287979353369
2020/21,263,soft_blend_h17,0.21372686376155553,0.8966505531759609,0.5265134141159753
2020/21,273,soft_blend_h17,0.23735477885659834,0.9306187898523428,0.5515976560064249
2020/21,284,soft_blend_h17,0.14909872593461465,0.7002138684229261,0.38356771694923586
2020/21,306,soft_blend_h17,0.1615110874751805,0.7249985696273653,0.3995933861715945
2020/21,286,soft_blend_h17,0.16172256346033745,1.46131729893967,0.9133758045784297
2020/21,262,soft_blend_h17,0.14611831622476165,0.6751833734118015,0.36226248039767317
2020/21,305,soft_blend_h17,0.5085830140589732,1.8084146566792383,1.0911825204663463
2020/21,304,soft_blend_h17,0.5571457027389283,1.8989241978123785,1.1647838796246948
2020/21,303,soft_blend_h17,0.5558131763611807,1.9243305853134407,1.1672047638828547
2020/21,302,soft_blend_h17,0.10335038797372587,0.5398544430128837,0.26259115118656795
2020/21,301,soft_blend_h17,0.03271735688667212,0.27010571543215595,0.08495365373528521
2020/21,300,soft_blend_h17,0.11017156448720322,0.5649148364716564,0.28135487377184426
2020/21,299,soft_blend_h17,0.09283625212177771,0.5051594296964276,0.237703089036798
2020/21,298,soft_blend_h17,0.15277637468899685,0.6711453826572398,0.3588679051482139
2020/21,285,soft_blend_h17,0.19658382175290331,1.4147587338910679,0.9662405191755272
2020/21,297,soft_blend_h17,0.16185632481159468,1.2190541758063178,0.8200194651044744
2020/21,295,soft_blend_h17,0.14964636272861556,1.3582720398203847,0.8511862117231177
2020/21,294,soft_blend_h17,0.2136881839805628,0.8936763086152013,0.5241478567603716
2020/21,293,soft_blend_h17,0.21217904354310763,1.6720798550120393,1.0839360516751975
2020/21,292,soft_blend_h17,0.12017763328421237,1.1232320908721403,0.6956739611230258
2020/21,291,soft_blend_h17,0.13438950728910531,1.1731947051534881,0.7457391530142541
2020/21,290,soft_blend_h17,0.46435036608377844,1.5261975638388345,0.9772521404334382
2020/21,289,soft_blend_h17,0.5195568746764433,1.7099252936166,1.0842117455943485
2020/21,288,soft_blend_h17,0.09910887983002327,0.5322684089097203,0.2586242499064618
2020/21,287,soft_blend_h17,0.34408974150442684,1.2131987863763563,0.7567939018604043
2020/21,296,soft_blend_h17,0.13731649671785345,0.6398458255626011,0.3352598955087908
2020/21,261,soft_blend_h17,0.4743342860455494,1.697152048262172,1.0305886110271198
2020/21,214,soft_blend_h17,0.09698972128458067,0.9646287691662622,0.5769861306314746
2020/21,259,soft_blend_h17,0.15738596990517428,0.7229258257921573,0.39963695855883224
2020/21,234,soft_blend_h17,0.16952509994558548,0.7542809519859082,0.4218461515889544
2020/21,233,soft_blend_h17,0.31251529573113335,1.19544371359873,0.7307278908647616
2020/21,232,soft_blend_h17,0.48670675261192897,1.6563611749232725,1.0332756143882103
2020/21,231,soft_blend_h17,0.08137588602416697,0.4447834369188818,0.1934008738882573
2020/21,230,soft_blend_h17,0.1784445305026497,1.4340284360258089,0.9370046264770346
2020/21,229,soft_blend_h17,0.15652584700839306,0.7186368566251654,0.3961604210585183
2020/21,228,soft_blend_h17,0.12049684483615679,0.607539944303281,0.3148548074829835
2020/21,227,soft_blend_h17,0.17845086303077612,0.7780610844923742,0.4390733636429023
2020/21,225,soft_blend_h17,0.17540664550796567,0.7187462306184448,0.39745258379708026
2020/21,235,soft_blend_h17,0.0385811005655465,0.303820522298043,0.105971013841147
2020/21,224,soft_blend_h17,0.17649643085950642,1.372220945275028,0.9101905739721892
2020/21,222,soft_blend_h17,0.042330288166343565,0.321652367612972,0.1171104529042612
2020/21,221,soft_blend_h17,0.14556338302988248,0.6808097912791979,0.36747874928441876
2020/21,220,soft_blend_h17,0.14307520145264593,0.688854880505219,0.3774475757717453
2020/21,219,soft_blend_h17,0.2390673360646152,0.9754431669565672,0.582407429421747
2020/21,218,soft_blend_h17,0.14600686028940302,0.6627120085088416,0.35219948146565033
2020/21,217,soft_blend_h17,0.32445135659229907,1.2051255213632075,0.740304394251892
2020/21,216,soft_blend_h17,0.31652950726551593,1.2489346128947645,0.7629893963459593
2020/21,215,soft_blend_h17,0.12311855856112305,1.1291099324783096,0.704131713613137
2020/21,260,soft_blend_h17,0.09566626053449377,0.5219683619516655,0.25160179251272474
2020/21,223,soft_blend_h17,0.5821867217101448,2.0427571772523416,1.218402682058161
2020/21,236,soft_blend_h17,0.39308364902653925,1.3347498873616064,0.845455984670626
2020/21,226,soft_blend_h17,0.04527823212707239,0.32470466914941165,0.11624663152744862
2020/21,238,soft_blend_h17,0.5299344282765032,1.7527718454379324,1.1053115014875297
2020/21,237,soft_blend_h17,0.3751474307218997,1.3126313063905088,0.8210655254805617
2020/21,257,soft_blend_h17,0.2554321141933674,0.962361937213594,0.5779171874203199
2020/21,256,soft_blend_h17,0.07612544466677933,0.4498173744922859,0.19945540716298615
2020/21,255,soft_blend_h17,0.13300326017491096,1.1597471894622617,0.7371989206915786
2020/21,254,soft_blend_h17,0.3132949259646608,1.1360450382083747,0.7005153859439626
2020/21,253,soft_blend_h17,0.19632451196142345,1.3722040243797915,0.9498403312748004
2020/21,252,soft_blend_h17,0.1311764034905828,1.271224265542139,0.7800502968142127
2020/21,251,soft_blend_h17,0.27051627310597215,1.043492285104523,0.6306300181418565
2020/21,250,soft_blend_h17,0.31730335030151496,1.2154908289124093,0.7432146185989713
2020/21,249,soft_blend_h17,0.2562942604948487,0.9541600311622195,0.5741326680583605
2020/21,258,soft_blend_h17,0.17238582434267077,0.7540669866931476,0.4208825627480229
2020/21,247,soft_blend_h17,0.10915406504170547,1.0810395987510615,0.6549083845068189
2020/21,248,soft_blend_h17,0.06277734470942517,0.4039700202514034,0.16941269592633085
2020/21,240,soft_blend_h17,0.19731615096178218,0.85020128289951,0.49350867856632535
2020/21,241,soft_blend_h17,0.09662441197263891,0.5250303139380382,0.2537450393147153
2020/21,242,soft_blend_h17,0.1210284665540697,0.5882656968413867,0.29693459298095043
2020/21,239,soft_blend_h17,0.1241140961034524,1.1387338711500965,0.7103233163836498
2020/21,244,soft_blend_h17,0.38946906387984764,1.401270447164269,0.8656871827221331
2020/21,245,soft_blend_h17,0.1789746962105383,0.7555873578768539,0.4220570620183997
2020/21,246,soft_blend_h17,0.20105020840962232,1.5315508052672495,1.0164426641426447
2020/21,243,soft_blend_h17,0.1306634710291643,1.1963304409687463,0.7481101498092312
2020/21,276,cosine_taper_k30,0.07631662514925518,0.4586006297166779,0.2084137318007589
2020/21,277,cosine_taper_k30,0.12381042163521874,1.180696164222419,0.7277799008218107
2020/21,278,cosine_taper_k30,0.14472807742694882,0.6780345746271599,0.3653917217310492
2020/21,283,cosine_taper_k30,0.09972544114628253,0.9853039495215408,0.5921715135590593
2020/21,280,cosine_taper_k30,0.16238148891005413,0.7115476248865726,0.38880327432064493
2020/21,281,cosine_taper_k30,0.29698488093039466,1.1218763776305445,0.6846759231231679
2020/21,282,cosine_taper_k30,0.03437166994035664,0.286072897960177,0.09631685711137167
2020/21,275,cosine_taper_k30,0.08894389699849764,0.4934492228687392,0.2297111758313506
2020/21,279,cosine_taper_k30,0.1412223119541176,0.6633929812159882,0.3539335395103344
2020/21,274,cosine_taper_k30,0.2150223758005863,0.8879436219917657,0.5195447958227045
2020/21,268,cosine_taper_k30,0.25012366329681746,1.0092851268023042,0.6059373092559905
2020/21,272,cosine_taper_k30,0.16223963340808645,0.7394245025758829,0.412090272850411
2020/21,271,cosine_taper_k30,0.4693989869224443,1.525825388238006,0.9834220255299808
2020/21,270,cosine_taper_k30,0.12311898571154735,1.1968749245585395,0.7332508235741118
2020/21,269,cosine_taper_k30,0.26954855909223896,1.0262506213515106,0.6201790056270787
2020/21,267,cosine_taper_k30,0.2606394423584608,1.0064779361051475,0.6053651621937235
2020/21,266,cosine_taper_k30,0.28903960866444206,1.1052623074225056,0.6725576123198629
2020/21,265,cosine_taper_k30,0.17713417228125392,0.7568625185037653,0.42275276431345404
2020/21,264,cosine_taper_k30,0.09941838072431494,0.530001055246584,0.2561381610991295
2020/21,263,cosine_taper_k30,0.2670560047463729,1.0673136372285559,0.6457121652375961
2020/21,273,cosine_taper_k30,0.2130636964772311,0.8666656774197787,0.5042060695989647
2020/21,284,cosine_taper_k30,0.15630461057893186,0.7268791814002454,0.4042325639015614
2020/21,306,cosine_taper_k30,0.13919495313219657,0.6619135070080511,0.3536694992385767
2020/21,286,cosine_taper_k30,0.18459800067079996,1.4836421631696488,0.9670186184816576
2020/21,262,cosine_taper_k30,0.11137676751639508,0.5754019606696247,0.29062534972093795
2020/21,305,cosine_taper_k30,0.5365617391359183,1.8932687014814413,1.1388934206372407
2020/21,304,cosine_taper_k30,0.5506601143061786,1.8869033871218224,1.1546139112616502
2020/21,303,cosine_taper_k30,0.5542283294089148,1.924153113425004,1.165223326044039
2020/21,302,cosine_taper_k30,0.09712755466336156,0.5184837603618533,0.24703006057256163
2020/21,301,cosine_taper_k30,0.02826777701821065,0.2484889791146397,0.07340353741189733
2020/21,300,cosine_taper_k30,0.1120950208010544,0.5666501999948669,0.28181335796241475
2020/21,299,cosine_taper_k30,0.09284378960045467,0.5055136594194001,0.23802553299560228
2020/21,298,cosine_taper_k30,0.15639739602133793,0.6785630578185998,0.36474062020836234
2020/21,285,cosine_taper_k30,0.19402939898004867,1.4235067722430856,0.9643403957587665
2020/21,297,cosine_taper_k30,0.1475153480919681,1.160284138737051,0.766454211051468
2020/21,295,cosine_taper_k30,0.1482998709981907,1.373853525035225,0.8544150821671296
2020/21,294,cosine_taper_k30,0.20543817105745066,0.8666273689141529,0.5044824393720069
2020/21,293,cosine_taper_k30,0.19123645297049904,1.5746768912623752,1.01120383467654
2020/21,292,cosine_taper_k30,0.12313408241458906,1.145202766825844,0.711174769894785
2020/21,291,cosine_taper_k30,0.1380387138573521,1.185610963056119,0.7583251233507075
2020/21,290,cosine_taper_k30,0.4564997014013108,1.4981266831202293,0.9612081848715734
2020/21,289,cosine_taper_k30,0.5229580365543672,1.710761485263685,1.0888216258389876
2020/21,288,cosine_taper_k30,0.09482780900557759,0.5130175713745154,0.243567712382313
2020/21,287,cosine_taper_k30,0.3329672795643072,1.1853058409273092,0.7364828112034747
2020/21,296,cosine_taper_k30,0.12578916143436625,0.6095247440160201,0.3132503937931984
2020/21,261,cosine_taper_k30,0.4665249763943587,1.6658540839993647,1.0149648827153346
2020/21,214,cosine_taper_k30,0.09808534013793266,0.9561962687870492,0.5751930404076451
2020/21,259,cosine_taper_k30,0.20115715406690318,0.8634825360398075,0.5033013695013975
2020/21,234,cosine_taper_k30,0.17698907030485392,0.780422368226601,0.44155458997243807
2020/21,233,cosine_taper_k30,0.304719874683851,1.1720532733789684,0.7154697914497796
2020/21,232,cosine_taper_k30,0.4596197365830964,1.563758467784038,0.9809095026441448
2020/21,231,cosine_taper_k30,0.06988108018814095,0.40679470146019675,0.16755397149782922
2020/21,230,cosine_taper_k30,0.17360642532263235,1.3994552846527624,0.9146265463516862
2020/21,229,cosine_taper_k30,0.16746302422739925,0.7501730185272681,0.4191063045820959
2020/21,228,cosine_taper_k30,0.12031650695424827,0.609484780777759,0.3170739701099065
2020/21,227,cosine_taper_k30,0.1882983911279636,0.8043550363294438,0.4582687136330911
2020/21,225,cosine_taper_k30,0.1924780815230301,0.7632589585906296,0.432348983508392
2020/21,235,cosine_taper_k30,0.0464060945146281,0.3394925207475644,0.12821217394241505
2020/21,224,cosine_taper_k30,0.16100981240926307,1.3150989225904555,0.8571882953369324
2020/21,222,cosine_taper_k30,0.046828316518596154,0.34099749136814894,0.1290342453935125
2020/21,221,cosine_taper_k30,0.13443165352248748,0.6413522707928214,0.33745997687849827
2020/21,220,cosine_taper_k30,0.1576802086330787,0.7366968223732702,0.41301912910904043
2020/21,219,cosine_taper_k30,0.21683575514250356,0.9006417251032351,0.5289863194016999
2020/21,218,cosine_taper_k30,0.16223660930702957,0.7096100967654625,0.3873677880420946
2020/21,217,cosine_taper_k30,0.332047219896472,1.2362808547178876,0.7594053500081067
2020/21,216,cosine_taper_k30,0.31350302143722675,1.244069552348571,0.7601305623339649
2020/21,215,cosine_taper_k30,0.12640731033277133,1.1497702998693455,0.7197005154283003
2020/21,260,cosine_taper_k30,0.0896851356295871,0.5013920795707065,0.2368538898408428
2020/21,223,cosine_taper_k30,0.5428827519906014,1.9254046141249594,1.1520262082680572
2020/21,236,cosine_taper_k30,0.331156348777998,1.1868381141831372,0.735801676330449
2020/21,226,cosine_taper_k30,0.05360775504303264,0.36013277100226393,0.1385012979428437
2020/21,238,cosine_taper_k30,0.4899136493912384,1.6336791258016459,1.0320275254655304
2020/21,237,cosine_taper_k30,0.36580191382819127,1.286338476645502,0.8033374571335827
2020/21,257,cosine_taper_k30,0.2990791330525016,1.0942801732346294,0.6714397368283787
2020/21,256,cosine_taper_k30,0.046415304589899044,0.33410539042382675,0.12301580874350192
2020/21,255,cosine_taper_k30,0.13556773449113757,1.154380476617337,0.7400142203250532
2020/21,254,cosine_taper_k30,0.3460395243376105,1.2294486148760857,0.7649724346497895
2020/21,253,cosine_taper_k30,0.2153029620838696,1.4860570047241897,1.029274787137009
2020/21,252,cosine_taper_k30,0.13936243740238854,1.3439660747518147,0.8251278755429362
2020/21,251,cosine_taper_k30,0.24963173245566272,0.9669643184743902,0.5778981318131834
2020/21,250,cosine_taper_k30,0.33329061119085257,1.2655765668247305,0.774901908225045
2020/21,249,cosine_taper_k30,0.2870231846450063,1.0306755027618097,0.633029286299863
2020/21,258,cosine_taper_k30,0.21357418227208652,0.8858590253095857,0.5181021179467169
2020/21,247,cosine_taper_k30,0.11295164912920518,1.1149374793051985,0.6775736126760717
2020/21,248,cosine_taper_k30,0.06318273371865117,0.4042491478237984,0.16915082301819787
2020/21,240,cosine_taper_k30,0.21492200965611363,0.8960734059177817,0.5257772210906205
2020/21,241,cosine_taper_k30,0.09458515009835426,0.519855907325567,0.25059026266363116
2020/21,242,cosine_taper_k30,0.0954206671076865,0.5070710078684368,0.2379617862106792
2020/21,239,cosine_taper_k30,0.13471532772947936,1.211583491644517,0.7626201847257192
2020/21,244,cosine_taper_k30,0.4331944564652916,1.5052473536158832,0.9377370038942784
2020/21,245,cosine_taper_k30,0.1547394457935916,0.6939249249122911,0.37568441157622684
2020/21,246,cosine_taper_k30,0.20528391787068984,1.552534723303816,1.031967911111322
2020/21,243,cosine_taper_k30,0.12848687657178298,1.1969968009542884,0.744037998845604
2020/21,276,current_only,0.07631662514925518,0.4586006297166779,0.2084137318007589
2020/21,277,current_only,0.12381042163521874,1.180696164222419,0.7277799008218107
2020/21,278,current_only,0.14472807742694882,0.6780345746271599,0.3653917217310492
2020/21,283,current_only,0.09972544114628253,0.9853039495215408,0.5921715135590593
2020/21,280,current_only,0.16238148891005413,0.7115476248865726,0.38880327432064493
2020/21,281,current_only,0.29698488093039466,1.1218763776305445,0.6846759231231679
2020/21,282,current_only,0.03437166994035664,0.286072897960177,0.09631685711137167
2020/21,275,current_only,0.08894389699849764,0.4934492228687392,0.2297111758313506
2020/21,279,current_only,0.1412223119541176,0.6633929812159882,0.3539335395103344
2020/21,274,current_only,0.2150223758005863,0.8879436219917657,0.5195447958227045
2020/21,268,current_only,0.25012366329681746,1.0092851268023042,0.6059373092559905
2020/21,272,current_only,0.16223963340808645,0.7394245025758829,0.412090272850411
2020/21,271,current_only,0.4693989869224443,1.525825388238006,0.9834220255299808
2020/21,270,current_only,0.12311898571154735,1.1968749245585395,0.7332508235741118
2020/21,269,current_only,0.26954855909223896,1.0262506213515106,0.6201790056270787
2020/21,267,current_only,0.2606394423584608,1.0064779361051475,0.6053651621937235
2020/21,266,current_only,0.28903960866444206,1.1052623074225056,0.6725576123198629
2020/21,265,current_only,0.17713417228125392,0.7568625185037653,0.42275276431345404
2020/21,264,current_only,0.09941838072431494,0.530001055246584,0.2561381610991295
2020/21,263,current_only,0.2670560047463729,1.0673136372285559,0.6457121652375961
2020/21,273,current_only,0.2130636964772311,0.8666656774197787,0.5042060695989647
2020/21,284,current_only,0.15630461057893186,0.7268791814002454,0.4042325639015614
2020/21,306,current_only,0.13919495313219657,0.6619135070080511,0.3536694992385767
2020/21,286,current_only,0.18459800067079996,1.4836421631696488,0.9670186184816576
2020/21,262,current_only,0.11137676751639508,0.5754019606696247,0.29062534972093795
2020/21,305,current_only,0.5365617391359183,1.8932687014814413,1.1388934206372407
2020/21,304,current_only,0.5506601143061786,1.8869033871218224,1.1546139112616502
2020/21,303,current_only,0.5542283294089148,1.924153113425004,1.165223326044039
2020/21,302,current_only,0.09712755466336156,0.5184837603618533,0.24703006057256163
2020/21,301,current_only,0.02826777701821065,0.2484889791146397,0.07340353741189733
2020/21,300,current_only,0.1120950208010544,0.5666501999948669,0.28181335796241475
2020/21,299,current_only,0.09284378960045467,0.5055136594194001,0.23802553299560228
2020/21,298,current_only,0.15639739602133793,0.6785630578185998,0.36474062020836234
2020/21,285,current_only,0.19402939898004867,1.4235067722430856,0.9643403957587665
2020/21,297,current_only,0.1475153480919681,1.160284138737051,0.766454211051468
2020/21,295,current_only,0.1482998709981907,1.373853525035225,0.8544150821671296
2020/21,294,current_only,0.20543817105745066,0.8666273689141529,0.5044824393720069
2020/21,293,current_only,0.19123645297049904,1.5746768912623752,1.01120383467654
2020/21,292,current_only,0.12313408241458906,1.145202766825844,0.711174769894785
2020/21,291,current_only,0.1380387138573521,1.185610963056119,0.7583251233507075
2020/21,290,current_only,0.4564997014013108,1.4981266831202293,0.9612081848715734
2020/21,289,current_only,0.5229580365543672,1.710761485263685,1.0888216258389876
2020/21,288,current_only,0.09482780900557759,0.5130175713745154,0.243567712382313
2020/21,287,current_only,0.3329672795643072,1.1853058409273092,0.7364828112034747
2020/21,296,current_only,0.12578916143436625,0.6095247440160201,0.3132503937931984
2020/21,261,current_only,0.4664529410811046,1.6655686446678297,1.014820764755381
2020/21,214,current_only,0.09871379154531,0.9532438411816258,0.5750519304175974
2020/21,259,current_only,0.2015880819990334,0.8648817127549047,0.5043191445906224
2020/21,234,current_only,0.17809910706887885,0.7843202744312333,0.44448813062803744
2020/21,233,current_only,0.30358414760492836,1.1686632709156686,0.7132472550949709
2020/21,232,current_only,0.4557114762280686,1.5508512727413464,0.9733607974710341
2020/21,231,current_only,0.06826739685002735,0.40133444791966066,0.163918695103049
2020/21,230,current_only,0.17290233098844177,1.3944763234561186,0.9113645298824196
2020/21,229,current_only,0.16910363022875885,0.7548900191083829,0.42254548252706314
2020/21,228,current_only,0.12029123342183788,0.6097707602092937,0.3174060836789744
2020/21,227,current_only,0.18977056068346093,0.8082760324567507,0.4611397834939724
2020/21,225,current_only,0.19661407782001022,0.7740232896704423,0.44079909466252376
2020/21,235,current_only,0.047077640755440055,0.3424650055470771,0.13012394621411522
2020/21,224,current_only,0.15760921487842902,1.3021240220123138,0.8452700720971457
2020/21,222,current_only,0.047919470740842345,0.3456026485304083,0.13192356951819748
2020/21,221,current_only,0.1318787618470097,0.6322931294197545,0.33059034589670155
2020/21,220,current_only,0.1612204351998363,0.7482904640958237,0.42162703626881487
2020/21,219,current_only,0.2117642486531701,0.8838313015948785,0.5167946948131744
2020/21,218,current_only,0.16618299870602435,0.7209682731770933,0.39590638204055045
2020/21,217,current_only,0.333847292616933,1.2437522629281128,0.7639368979351701
2020/21,216,current_only,0.31244580812101574,1.2423620733100555,0.7591500972208884
2020/21,215,current_only,0.12758463999211525,1.1571481045838787,0.7252420257126523
2020/21,260,current_only,0.08963063617743323,0.5012034091708,0.2367193904351121
2020/21,223,current_only,0.5339213034901201,1.899692983676894,1.1371614886385673
2020/21,236,current_only,0.32638677074051414,1.1756635923593426,0.7274904262786211
2020/21,226,current_only,0.05489068688465799,0.3654438616640928,0.14193545434109656
2020/21,238,current_only,0.4867252442544876,1.6245448529726145,1.026223705684909
2020/21,237,current_only,0.3650439428185015,1.2842198322082496,0.8019005052582866
2020/21,257,current_only,0.29949981125202063,1.0955875100212362,0.6723400925340237
2020/21,256,current_only,0.04617429185478254,0.33309354872061187,0.12239381779890537
2020/21,255,current_only,0.13559288001619627,1.1543308892564803,0.7400431023937308
2020/21,254,current_only,0.34635109089882193,1.2303560988984095,0.7655860390036441
2020/21,253,current_only,0.21548336323531164,1.4871748527606463,1.0300268336877234
2020/21,252,current_only,0.1396686221420144,1.3467185498562,0.8268005867946844
2020/21,251,current_only,0.24888730297419193,0.9642840611873644,0.576023406702839
2020/21,250,current_only,0.33388118227790436,1.2674493710341839,0.77607259392493
2020/21,249,current_only,0.28817910602310554,1.03357652082292,0.635248852941586
2020/21,258,current_only,0.21397646637371742,0.8871650263617912,0.5190503804211708
2020/21,247,current_only,0.11309175480830982,1.1161943117243782,0.6784076421110026
2020/21,248,current_only,0.06319764653022703,0.4042593177049191,0.1691418234670364
2020/21,240,current_only,0.21640234855549995,0.8999172000270609,0.5284993209413416
2020/21,241,current_only,0.09441997747879892,0.5194341878635269,0.25033572402847704
2020/21,242,current_only,0.09346447539768891,0.5007175065134537,0.23344152807111535
2020/21,239,current_only,0.13561070064669523,1.217778826948155,0.7669970066752535
2020/21,244,current_only,0.4348490499646703,1.5092470715232555,0.9405135352387999
2020/21,245,current_only,0.15389522981993098,0.6917488325271297,0.37407304036113653
2020/21,246,current_only,0.2054395209836673,1.5533075271355696,1.0325369897585452
2020/21,243,current_only,0.1283232840555911,1.19705128172458,0.7437337864340837
2020/21,276,updating_prior,0.0790204435773813,0.47218630334613737,0.21970935597425117
2020/21,277,updating_prior,0.12194247947386244,1.173855486467873,0.7211274147393789
2020/21,278,updating_prior,0.08513590694957064,0.484487721997249,0.2245170298012748
2020/21,283,updating_prior,0.1086820233701388,1.0722561314432004,0.6500181612577799
2020/21,280,updating_prior,0.06117871505955009,0.3873755533722172,0.15568539196100944
2020/21,281,updating_prior,0.250167764978509,0.9967450580879191,0.5971300202694847
2020/21,282,updating_prior,0.07433629242270438,0.4558208454419947,0.20868775173890794
2020/21,275,updating_prior,0.06716714845919311,0.4215485195678073,0.18159856988920342
2020/21,279,updating_prior,0.17321750894627097,0.7669661077203708,0.43139063235003416
2020/21,274,updating_prior,0.20593653648113425,0.8703091749672343,0.5073263651849729
2020/21,268,updating_prior,0.2544416778600164,0.9729478829927285,0.5833071126990308
2020/21,272,updating_prior,0.1782365716653936,0.7780205683658644,0.43909634755674787
2020/21,271,updating_prior,0.5463788660036794,1.7732433930409945,1.130785121164554
2020/21,270,updating_prior,0.14053104220492327,1.3152193102309135,0.8162780374340317
2020/21,269,updating_prior,0.15391349229679374,0.6896871368230446,0.37245680320309793
2020/21,267,updating_prior,0.36367316018898327,1.2863601179435569,0.8016246671981397
2020/21,266,updating_prior,0.3252250535454126,1.2315675178908425,0.7542771899522248
2020/21,265,updating_prior,0.22520831322854418,0.9055919024602106,0.5325377717025738
2020/21,264,updating_prior,0.04520415629155996,0.3272980723119566,0.11841571197357108
2020/21,263,updating_prior,0.11556163548157761,0.5928935849591287,0.30457006638401435
2020/21,273,updating_prior,0.30160434553480153,1.1030369354729124,0.6772789947224138
2020/21,284,updating_prior,0.13159593108660614,0.6355309994297521,0.333675832868927
2020/21,306,updating_prior,0.23496528319339433,0.9294990894366706,0.5502301286405922
2020/21,286,updating_prior,0.14541358558203404,1.4067676026881755,0.8609522461652328
2020/21,262,updating_prior,0.24421611775747443,0.9461788105423705,0.5634552873257015
2020/21,305,updating_prior,0.4346547487719402,1.6005394418141903,0.9694031148595501
2020/21,304,updating_prior,0.5759293747595026,1.9338753089789584,1.194807650496013
2020/21,303,updating_prior,0.5603494236332676,1.9248348104494388,1.1729709298206417
2020/21,302,updating_prior,0.1220789797484851,0.6031669850965214,0.3093839145810121
2020/21,301,updating_prior,0.04712780624668469,0.33417923684464773,0.12235840990085893
2020/21,300,updating_prior,0.10505790841337978,0.5600024397130551,0.2812792187184158
2020/21,299,updating_prior,0.09281624253707788,0.5041540348809153,0.23679502102082503
2020/21,298,updating_prior,0.14281914838899773,0.650372991140081,0.342939746900102
2020/21,285,updating_prior,0.20357116352020815,1.3928813886604228,0.9721070387907048
2020/21,297,updating_prior,0.20603948745652376,1.3965470917430067,0.978410609314858
2020/21,295,updating_prior,0.15524139620660918,1.3175723948666447,0.8466222008364005
2020/21,294,updating_prior,0.23666082170319408,0.9701964779902849,0.578858457866121
2020/21,293,updating_prior,0.28009198350438647,1.9934806249942874,1.3062990486613524
2020/21,292,updating_prior,0.11247506623297514,1.0664868321222964,0.6550032026658159
2020/21,291,updating_prior,0.12544432707740866,1.140579179713423,0.7137867620749889
2020/21,290,updating_prior,0.48577775737721,1.6057692682426288,1.021033485708079
2020/21,289,updating_prior,0.5105621082553484,1.707682105427934,1.072383341495999
2020/21,288,updating_prior,0.11058729928879672,0.5828885909023316,0.29973278365635175
2020/21,287,updating_prior,0.37330758791432517,1.2877393202729666,0.8104394790357755
2020/21,296,updating_prior,0.17126060996521394,0.7261807732692106,0.40038424424203645
2020/21,261,updating_prior,0.4913672711755036,1.768013105155923,1.0646655748675748
2020/21,214,updating_prior,0.0980093997272341,0.9825860157678817,0.5874669923254595
2020/21,259,updating_prior,0.08162084812343673,0.4743932518176668,0.21816799216154317
2020/21,234,updating_prior,0.15486333661066484,0.7031897620370593,0.3832240441800652
2020/21,233,updating_prior,0.3286910435346906,1.244716323427192,0.7624050209536629
2020/21,232,updating_prior,0.5443056980323977,1.8758994319949716,1.1448834880761218
2020/21,231,updating_prior,0.1074585663213691,0.526709343902992,0.25180133118049086
2020/21,230,updating_prior,0.18851215166976876,1.5081751584925884,0.983377012694428
2020/21,229,updating_prior,0.13555468421308553,0.6574788269811145,0.35206238993513583
2020/21,228,updating_prior,0.12090761745661131,0.6036005653673875,0.3105717071079919
2020/21,227,updating_prior,0.1593867250925733,0.726683109345377,0.40196494751444584
2020/21,225,updating_prior,0.14298567389436942,0.6332077635778308,0.33108387987158117
2020/21,235,updating_prior,0.0248585994968008,0.23474324470457567,0.06717929672340418
2020/21,224,updating_prior,0.2134781481526749,1.5007152923598586,1.0307309631410588
2020/21,222,updating_prior,0.03381788006162431,0.28310504119977015,0.09447583885142835
2020/21,221,updating_prior,0.1698072880357003,0.7669717588695432,0.43317391416424783
2020/21,220,updating_prior,0.11537679382058999,0.5973480420171263,0.3096722085097084
2020/21,219,updating_prior,0.2880666146801667,1.1489864387198176,0.7000395987986157
2020/21,218,updating_prior,0.11549270408157097,0.5728916120316974,0.2858013697885947
2020/21,217,updating_prior,0.30915934543617163,1.14410431926502,0.7019578117379192
2020/21,216,updating_prior,0.3230061911719878,1.2592369982682936,0.7693562640132907
2020/21,215,updating_prior,0.11647084183764338,1.0870326309979548,0.6722247732253616
2020/21,260,updating_prior,0.109199246612716,0.5677323001478293,0.28488512570489305
2020/21,223,updating_prior,0.6689141851228368,2.337679274499461,1.3706703126775068
2020/21,236,updating_prior,0.539946044024622,1.7282927992229322,1.1149258065114833
2020/21,226,updating_prior,0.030531081039259705,0.2563797595789992,0.07708100317920505
2020/21,238,updating_prior,0.6174007932696866,2.0513379680422745,1.2679057746303373
2020/21,237,updating_prior,0.39462985294638303,1.3685374675705928,0.8580852669119559
2020/21,257,updating_prior,0.17333493200512384,0.7265608073610325,0.4012587610141093
2020/21,256,updating_prior,0.16489010424376482,0.7562800448824029,0.4264534384811571
2020/21,255,updating_prior,0.12849051773520717,1.171393324933254,0.7331710151776845
2020/21,254,updating_prior,0.24878027285326793,0.960516687241949,0.5737315534297563
2020/21,253,updating_prior,0.15880205578418238,1.163933768882755,0.7905967174454532
2020/21,252,updating_prior,0.11550296119082477,1.1350117730315303,0.6914789954104862
2020/21,251,updating_prior,0.31673338479382557,1.2243201478501202,0.748156615195577
2020/21,250,updating_prior,0.28543680061141896,1.1187194261003022,0.6800801572884838
2020/21,249,updating_prior,0.19857160076696573,0.8116107960824406,0.46418885059407283
2020/21,258,updating_prior,0.09875913019261325,0.5184538756429625,0.2461721545481258
2020/21,247,updating_prior,0.10155443300892328,1.014013592971497,0.6091835784694581
2020/21,248,updating_prior,0.061958734186666,0.4033897066563436,0.17004903878905242
2020/21,240,updating_prior,0.16429260921234956,0.7626441539337154,0.43360624202781367
2020/21,241,updating_prior,0.10089123020660193,0.5356744654895395,0.26041513925648596
2020/21,242,updating_prior,0.18288793956882557,0.7777588680101247,0.43831835906455496
2020/21,239,updating_prior,0.10450989531783964,1.0047356237113334,0.6107964886560979
2020/21,244,updating_prior,0.3089938511557057,1.2144588248753445,0.7415863667977499
2020/21,245,updating_prior,0.23594074057570114,0.8974846951520935,0.5317339691835077
2020/21,246,updating_prior,0.19247725141847608,1.4892673473022948,0.9847461464190614
2020/21,243,updating_prior,0.136109387241781,1.1949718576447939,0.7584286696480027
2021/22,274,v2_full,0.08505563747619176,0.47896446052330705,0.21921734381479993
2021/22,281,v2_full,0.23020662882901327,0.9122291240353052,0.5379354552399646
2021/22,280,v2_full,0.23125724540806397,1.54933667304456,1.0828458769029337
2021/22,279,v2_full,0.4533567455593201,1.5688168270541192,0.975694444440008
2021/22,278,v2_full,0.3073797637207396,1.119769882021151,0.6889856312246344
2021/22,277,v2_full,0.1303154900727583,1.2735548690955583,0.779268500106079
2021/22,282,v2_full,0.484485560990632,1.617373752098704,1.021978035456271
2021/22,276,v2_full,0.05854612554174556,0.387834912911035,0.15880368600261138
2021/22,275,v2_full,0.18718724060332498,1.545025118107261,0.993261123223255
2021/22,273,v2_full,0.4393714725134661,1.5659214077241903,0.9618116177565907
2021/22,268,v2_full,0.22693650904802604,1.5929366517597752,1.0885598805295371
2021/22,271,v2_full,0.29740713753794,1.1007535270551028,0.6736811823900042
2021/22,270,v2_full,0.2656713177760032,1.0094140462896217,0.6089834597057249
2021/22,269,v2_full,0.137224552801327,0.6545850157172478,0.34802470053135903
2021/22,267,v2_full,0.026860481253899705,0.23186185412233828,0.06424057691567224
2021/22,266,v2_full,0.3347608515940488,1.1779504780256191,0.7348485446457802
2021/22,265,v2_full,0.16070723643598353,1.4089668806941993,0.8923524177501272
2021/22,264,v2_full,0.1986076383384271,0.8262462374638971,0.47431450559477206
2021/22,263,v2_full,0.3888545957395121,1.3818650412516582,0.8579082307497248
2021/22,283,v2_full,0.12678411842757142,1.1885719185682089,0.7370714774065088
2021/22,272,v2_full,0.06610718187234874,0.3962390323008501,0.1605924054315951
2021/22,284,v2_full,0.13732939888266674,1.3311888915292809,0.8161148686660789
2021/22,262,v2_full,0.10925830606042485,0.5515140580683212,0.27001432033666506
2021/22,286,v2_full,0.2898761451598866,1.0637327332877795,0.6506789788927652
2021/22,306,v2_full,0.11728487928248058,0.5678412748099105,0.28156154519031934
2021/22,305,v2_full,0.14237428393919047,1.2311317951321048,0.7860664488324293
2021/22,304,v2_full,0.17600201775669091,1.552814926070682,0.9734976269640853
2021/22,303,v2_full,0.10211224363195487,0.5366455490703922,0.2604373355151093
2021/22,302,v2_full,0.185967642801041,0.7478841220486478,0.41992830041454293
2021/22,301,v2_full,0.18433783943920842,0.8070697375512105,0.4616746333718075
2021/22,300,v2_full,0.24442358252217372,0.9487625509269109,0.5650831240474306
2021/22,299,v2_full,0.24103651313473554,1.6690688098577282,1.140731160392774
2021/22,298,v2_full,0.08911933050602214,0.48721860033159203,0.2239975783686175
2021/22,285,v2_full,0.45499135615850905,1.4846147781168022,0.9562088980623376
2021/22,297,v2_full,0.06809884862783784,0.42020487555063146,0.17909450888461612
2021/22,295,v2_full,0.2798343099952569,1.9163845635788566,1.287042262864113
2021/22,294,v2_full,0.22283476383676712,0.9006036600466055,0.5288200526704957
2021/22,293,v2_full,0.21261596566769192,0.8420502929838355,0.4882023909564622
2021/22,292,v2_full,0.10217112000313422,0.5323154063229998,0.256524641556618
2021/22,291,v2_full,0.29089228182371063,1.094384796249638,0.6671252204971877
2021/22,290,v2_full,0.3476996902182296,1.2217752843100833,0.7631898272815871
2021/22,289,v2_full,0.06484313653695388,0.41192169813110674,0.1747739452739944
2021/22,288,v2_full,0.3783422425217228,1.2908869905971587,0.8163408314997058
2021/22,287,v2_full,0.10207150699164366,0.5366676385575533,0.2604848211021
2021/22,296,v2_full,0.1341997330981624,1.3132946666417291,0.8028590796281332
2021/22,261,v2_full,0.1091800180623228,0.5452963537139328,0.26508803876248516
2021/22,215,v2_full,0.18987133654087493,1.5928642264394102,1.0144060711780885
2021/22,259,v2_full,0.13745667973381848,1.3265870016054628,0.8145777530326808
2021/22,234,v2_full,0.36409905889607397,1.2600968691117445,0.7920477068654397
2021/22,233,v2_full,0.27346898572866485,1.0229498069942573,0.6202076773559332
2021/22,232,v2_full,0.04558176361977526,0.3318402875094186,0.12198405343342708
2021/22,231,v2_full,0.5204645505019683,1.714646820440709,1.0862426819791668
2021/22,230,v2_full,0.2521258681568008,0.9778208382109057,0.5853046597584757
2021/22,229,v2_full,0.0843054129398073,0.4706601910758483,0.2123098714133535
2021/22,228,v2_full,0.18828922528976288,1.4502639417076166,0.962555865692915
2021/22,227,v2_full,0.09382354142336234,0.496663143255598,0.23004816596836605
2021/22,225,v2_full,0.13434582304711834,0.6283765601036904,0.32660213679007344
2021/22,224,v2_full,0.3092397418704158,1.110941870258258,0.6861709637118856
2021/22,223,v2_full,0.2359587909574681,0.9012361408301064,0.5337865004434632
2021/22,222,v2_full,0.26075095201643395,0.9919181111671191,0.5969107055780278
2021/22,221,v2_full,0.18819450565646728,1.5580430872492808,0.999623958267919
2021/22,220,v2_full,0.2546249105019843,0.9607146483363816,0.5765810843926059
2021/22,219,v2_full,0.11058431324479673,0.5765422555558898,0.2926359048808002
2021/22,218,v2_full,0.21906759342854126,1.70719436331048,1.108283798497675
2021/22,217,v2_full,0.2564810886540256,0.9939085610258117,0.5964593070638784
2021/22,216,v2_full,0.17104991713919798,0.721974541795552,0.39754997681295884
2021/22,260,v2_full,0.2797814833074096,1.0569108881945066,0.6417179311508701
2021/22,235,v2_full,0.16043113108134552,1.3402636542066488,0.8658359899825567
2021/22,236,v2_full,0.44604048155224973,1.4645342402540227,0.9405578715280569
2021/22,226,v2_full,0.17009467580448007,1.5778063047162512,0.9699467583625008
2021/22,238,v2_full,0.17390029299664872,0.7494746156185559,0.4172028609863623
2021/22,237,v2_full,0.09648093180538571,0.5338273982906857,0.2636058198467797
2021/22,257,v2_full,0.08725504192047169,0.49250291084557235,0.23038703216236234
2021/22,256,v2_full,0.2002878231684022,0.8284775535444113,0.4760337764434121
2021/22,255,v2_full,0.30294686132943227,1.1352672834816575,0.6943817312825635
2021/22,254,v2_full,0.022034766027301412,0.2123111795062232,0.05505400630682341
2021/22,253,v2_full,0.20779905866478354,0.8256952637409788,0.47628875506525237
2021/22,252,v2_full,0.3883771438466215,1.3521241501764834,0.8467886612846268
2021/22,251,v2_full,0.14526867342038757,1.3729518654929045,0.8480116588725212
2021/22,250,v2_full,0.2791323566786872,1.0523764681250602,0.6389262961824105
2021/22,249,v2_full,0.0431164494062802,0.316230708210587,0.11128176431927375
2021/22,258,v2_full,0.14711897739588603,0.6781201600350205,0.3644319674126598
2021/22,239,v2_full,0.06239517574454557,0.3864809060615631,0.154414864985113
2021/22,247,v2_full,0.3867256639584081,1.3250563242700053,0.8359912076743234
2021/22,246,v2_full,0.1630752494000657,1.2900360115402936,0.8513973048556198
2021/22,245,v2_full,0.15111780893459673,0.6549998996567762,0.34783400125653524
2021/22,244,v2_full,0.14093705229343795,1.2818925216318469,0.8038635834039825
2021/22,243,v2_full,0.14818244645424408,0.6794726241810667,0.3652505301642851
2021/22,242,v2_full,0.14037600604800293,1.3452644620604974,0.8276554288905389
2021/22,241,v2_full,0.21377834786793476,1.5951755530475107,1.062968292680506
2021/22,240,v2_full,0.16110729654315747,0.7020595054589371,0.38181485210775973
2021/22,248,v2_full,0.2834074209218547,1.0446770094149123,0.6371640240282437
2021/22,274,bookmaker,0.036880284901609085,0.29121911681531415,0.09716992994583526
2021/22,281,bookmaker,0.2121458577815898,0.8549003684188943,0.496122881857614
2021/22,280,bookmaker,0.2998054526828107,1.8251754661478994,1.3032141978732321
2021/22,279,bookmaker,0.35421178706451334,1.2919702218044848,0.7973357487320388
2021/22,278,bookmaker,0.3319126147283115,1.2193353651269812,0.7511020182404073
2021/22,277,bookmaker,0.141064993163808,1.3707549825232506,0.8387725365441426
2021/22,282,bookmaker,0.5989902796660516,1.959507757320697,1.2306899261398057
2021/22,276,bookmaker,0.05385978335835988,0.36752027906703433,0.14495128958022502
2021/22,275,bookmaker,0.16534950531306725,1.4096600191986075,0.9018928942819041
2021/22,273,bookmaker,0.5352929112034103,1.894718651379817,1.1377352958976885
2021/22,268,bookmaker,0.3284970549570993,2.045609509278402,1.4151102393112394
2021/22,271,bookmaker,0.24865775727516698,0.9683371672373624,0.5784182588976954
2021/22,270,bookmaker,0.28539848903729154,1.0765885076721629,0.6550122965596392
2021/22,269,bookmaker,0.16765898807993715,0.7390712530010045,0.4096831660314988
2021/22,267,bookmaker,0.017216002785421635,0.1927449848046266,0.04753920769149143
2021/22,266,bookmaker,0.3599465352294884,1.2549938869822548,0.7864565444938642
2021/22,265,bookmaker,0.14560456360023247,1.3143607955693548,0.8260878179595761
2021/22,264,bookmaker,0.10113212343902546,0.5364742362919125,0.2609925224615979
2021/22,263,bookmaker,0.4174181255202813,1.4583001736276884,0.9084959844186838
2021/22,283,bookmaker,0.12330841854516728,1.2115526998487054,0.739793490036994
2021/22,272,bookmaker,0.04393071585262412,0.3177350156041285,0.11184766863856867
2021/22,284,bookmaker,0.15817615746848163,1.3558998063896974,0.8673388964020258
2021/22,262,bookmaker,0.08755025661523695,0.4828020962444184,0.22101342201421667
2021/22,286,bookmaker,0.3114715595573886,1.1159965255608038,0.6900885571278569
2021/22,306,bookmaker,0.21399447913368105,0.8382037138801943,0.48658367171987843
2021/22,305,bookmaker,0.16506995547925138,1.4466503390277556,0.9148183138490881
2021/22,304,bookmaker,0.2440689086914062,1.7933231912042378,1.183016357421875
2021/22,303,bookmaker,0.03961413285877849,0.30652152563524243,0.10690284031825134
2021/22,302,bookmaker,0.18837520400779129,0.7565101990348262,0.426167980401307
2021/22,301,bookmaker,0.1133397706668781,0.5625207065846365,0.27789617465026123
2021/22,300,bookmaker,0.2114156106971683,0.8322324740747665,0.4818359750649287
2021/22,299,bookmaker,0.2568051004368021,1.7133542012970042,1.1855836247900369
2021/22,298,bookmaker,0.086702036160952,0.47042321139743687,0.21133409777058587
2021/22,285,bookmaker,0.4868861239141363,1.5918491123419898,1.0194990076848882
2021/22,297,bookmaker,0.023840044101745783,0.23430251755108938,0.06877355853980885
2021/22,295,bookmaker,0.28778925681898626,1.9392386368111179,1.3086340036566617
2021/22,294,bookmaker,0.2523899926236408,0.9847050494252657,0.5896237809067284
2021/22,293,bookmaker,0.2205098203410834,0.8551043910649756,0.4996278840664474
2021/22,292,bookmaker,0.053047499207428475,0.35523119018781824,0.1349124733648445
2021/22,291,bookmaker,0.4643887404697876,1.6033094976168036,0.9961512513310761
2021/22,290,bookmaker,0.566943479923365,1.8706558351350415,1.1736020307496677
2021/22,289,bookmaker,0.1961882754798106,0.8110824778845691,0.4633369328536917
2021/22,288,bookmaker,0.49432199100314766,1.6464733449752837,1.04007860322226
2021/22,287,bookmaker,0.06927801594541198,0.41859252463742735,0.17663958780765818
2021/22,296,bookmaker,0.14031342290332952,1.3823143657611876,0.8416323675070034
2021/22,261,bookmaker,0.06538273586308492,0.40514519585279674,0.16779089499707195
2021/22,215,bookmaker,0.15874622464869623,1.3669515931507743,0.8726921464252944
2021/22,259,bookmaker,0.15749891164663554,1.3920863364028029,0.879665620675518
2021/22,234,bookmaker,0.23976779860696057,0.9296224121085286,0.5518526680049908
2021/22,233,bookmaker,0.23039795424393625,0.9085613964707674,0.5356611262203608
2021/22,232,bookmaker,0.0441051186452785,0.32538898730756194,0.11799138002156197
2021/22,231,bookmaker,0.4836886557912516,1.6040300271909302,1.0181073165992776
2021/22,230,bookmaker,0.08417933737777009,0.48345368354605883,0.2245550101883342
2021/22,229,bookmaker,0.0423698642068881,0.3189925295678061,0.11445907867052627
2021/22,228,bookmaker,0.13661428399694828,1.2391925237609767,0.7778711778063039
2021/22,227,bookmaker,0.0776530178281279,0.4496625932421686,0.19805512802904665
2021/22,225,bookmaker,0.161284180255847,0.7205415103755576,0.3959391694172854
2021/22,224,bookmaker,0.23071110536805514,0.8965969421923624,0.5285132740182156
2021/22,223,bookmaker,0.289577042955669,1.0757335865273812,0.6565762387733916
2021/22,222,bookmaker,0.20979161727417642,0.8752773102643673,0.5104711004884703
2021/22,221,bookmaker,0.20659761437652258,1.4795390076842743,1.0095766406008095
2021/22,220,bookmaker,0.19547556434779612,0.8059923032452528,0.459720419646524
2021/22,219,bookmaker,0.11565583082143815,0.5830520598303037,0.2946957227615027
2021/22,218,bookmaker,0.2561272625566454,1.811791518282749,1.2122189902218556
2021/22,217,bookmaker,0.32618563872216066,1.1930532550894462,0.7353638938715261
2021/22,216,bookmaker,0.13266100977321912,0.6370681629682253,0.33449033541879325
2021/22,260,bookmaker,0.31389673380754557,1.1526170595083942,0.70878806392121
2021/22,235,bookmaker,0.17619829201909304,1.4049873371278652,0.9218627741375873
2021/22,236,bookmaker,0.37211091988967354,1.2999400738733518,0.8137766990339446
2021/22,226,bookmaker,0.23820032202172134,1.7508523786753702,1.1592948213963397
2021/22,238,bookmaker,0.13732597927913479,0.6545150259971171,0.3479001264583981
2021/22,237,bookmaker,0.06701622313463797,0.4232391697011229,0.18366920837661843
2021/22,257,bookmaker,0.10207455567428722,0.5442978224469173,0.26792740158169537
2021/22,256,bookmaker,0.11823151854522373,0.5822724613624709,0.2927653493935419
2021/22,255,bookmaker,0.27078611294592053,1.0377070514508044,0.627272919718224
2021/22,254,bookmaker,0.015110367331507182,0.1778158070973348,0.0406684160590058
2021/22,253,bookmaker,0.1610754022072325,0.7067157283760876,0.3851863760624929
2021/22,252,bookmaker,0.3370009417409436,1.2180575355211414,0.7536188644465072
2021/22,251,bookmaker,0.13193662800910597,1.2796174562283764,0.7849497995121235
2021/22,250,bookmaker,0.2634852010844073,1.0114447506494806,0.609282951788148
2021/22,249,bookmaker,0.06407869280996256,0.40563184797619284,0.16943431080587631
2021/22,258,bookmaker,0.20260045256767928,0.8598383546765773,0.4997208836598036
2021/22,239,bookmaker,0.01236945259176008,0.1615954262768376,0.034634467256928224
2021/22,247,bookmaker,0.5872505321755243,1.9658067437057185,1.214673632041479
2021/22,246,bookmaker,0.2842197438330822,1.7989814923513092,1.2648842613420825
2021/22,245,bookmaker,0.07437821445246394,0.4356519151437682,0.18800805114136926
2021/22,244,bookmaker,0.12938369289868246,1.217719290124043,0.7545181832161262
2021/22,243,bookmaker,0.20727684590991702,0.8653784046670063,0.5031815288720373
2021/22,242,bookmaker,0.15576744058681657,1.4114249860842238,0.883379930181736
2021/22,241,bookmaker,0.24114990814919818,1.650644287490951,1.135283061342592
2021/22,240,bookmaker,0.21330912042231032,0.8630405085337863,0.5017826203306507
2021/22,248,bookmaker,0.31374695648654793,1.1210755800905317,0.6940534378319503
2021/22,274,soft_blend_h10,0.09208843255005499,0.5075031350769881,0.2405697252298422
2021/22,281,soft_blend_h10,0.18883657556158995,0.7887457667434519,0.4466981791540797
2021/22,280,soft_blend_h10,0.2325865661610699,1.5482170922501712,1.0851297987469173
2021/22,279,soft_blend_h10,0.3638604855899188,1.3323358834005719,0.8207901055784321
2021/22,278,soft_blend_h10,0.3119084083640506,1.1185874286599233,0.691570366595271
2021/22,277,soft_blend_h10,0.14631412852352044,1.3563053949740902,0.8437699946380021
2021/22,282,soft_blend_h10,0.48221011756315224,1.6172725027020771,1.0192606900187546
2021/22,276,soft_blend_h10,0.054125242571398,0.37177893805890194,0.14891785937350782
2021/22,275,soft_blend_h10,0.17037099961322916,1.5197183745764309,0.951056858443625
2021/22,273,soft_blend_h10,0.37741102444763674,1.4314601007168737,0.8717492586723186
2021/22,268,soft_blend_h10,0.21641607402245658,1.5481896789444203,1.0527796354927665
2021/22,271,soft_blend_h10,0.29101421926243365,1.0620612208244775,0.6505993618158005
2021/22,270,soft_blend_h10,0.25467514844874567,0.9776396829582134,0.5861194573794685
2021/22,269,soft_blend_h10,0.19915137471762107,0.838451769977881,0.48341545695225524
2021/22,267,soft_blend_h10,0.019889113827127547,0.1942942135211713,0.046812203728109555
2021/22,266,soft_blend_h10,0.4346701525299028,1.4514512361773586,0.9240269926450575
2021/22,265,soft_blend_h10,0.14732845923268156,1.3554950969012154,0.8454886391459214
2021/22,264,soft_blend_h10,0.190560348257627,0.8019700062595497,0.45632471743788255
2021/22,263,soft_blend_h10,0.4201368543509294,1.4294273082025362,0.9022047154969752
2021/22,283,soft_blend_h10,0.14043811754434293,1.240779982536982,0.7861717434021372
2021/22,272,soft_blend_h10,0.07025054456961778,0.4106369767976869,0.17015244338924035
2021/22,284,soft_blend_h10,0.14291653596801007,1.3973127138173744,0.852449778990596
2021/22,262,soft_blend_h10,0.10180921975841634,0.5279107241148902,0.2529280987746355
2021/22,286,soft_blend_h10,0.25971808867362867,0.9801368237127459,0.5898656684200106
2021/22,306,soft_blend_h10,0.15891457641765477,0.6890540157669185,0.3724023441678155
2021/22,305,soft_blend_h10,0.11231321832874497,1.108658929627049,0.6735248027735827
2021/22,304,soft_blend_h10,0.22443632391531204,1.7675487352984431,1.1365264983838408
2021/22,303,soft_blend_h10,0.11646709975603795,0.580830626141641,0.2922262705917055
2021/22,302,soft_blend_h10,0.20507948390090155,0.7930131364049888,0.4565068639878349
2021/22,301,soft_blend_h10,0.17320422859523946,0.7661272491572234,0.430672461586605
2021/22,300,soft_blend_h10,0.19745836979114692,0.8114215852526601,0.4638028073839349
2021/22,299,soft_blend_h10,0.24481040891982558,1.648280726003257,1.1418702700025898
2021/22,298,soft_blend_h10,0.16786041019864123,0.7358115675555986,0.4070684067309887
2021/22,285,soft_blend_h10,0.5380234683208241,1.7319866144862985,1.112801264063799
2021/22,297,soft_blend_h10,0.06082621608056657,0.3921280750169284,0.160150325812871
2021/22,295,soft_blend_h10,0.2946196719421613,2.016576832382933,1.3407370176682618
2021/22,294,soft_blend_h10,0.2911945933408522,1.0906473490504607,0.6652451972302669
2021/22,293,soft_blend_h10,0.19289873368952745,0.8040267724021407,0.4579614922026486
2021/22,292,soft_blend_h10,0.1168037336714462,0.5735971157169281,0.28603488217511047
2021/22,291,soft_blend_h10,0.31713425174001686,1.1772419864095267,0.7227362629686023
2021/22,290,soft_blend_h10,0.2953264741395284,1.0768731208723854,0.6605977193332335
2021/22,289,soft_blend_h10,0.05265069265371117,0.36133947793803295,0.14056082412414597
2021/22,288,soft_blend_h10,0.3920312166964257,1.3680169172369185,0.8555735266290616
2021/22,287,soft_blend_h10,0.1094672187358717,0.5583709043418161,0.27579967064728433
2021/22,296,soft_blend_h10,0.1423425433182901,1.3427104552498474,0.8306037545017826
2021/22,261,soft_blend_h10,0.06372821674460824,0.3945359042274005,0.1600325161041664
2021/22,215,soft_blend_h10,0.21197767182013266,1.7190304533524001,1.0976025755362795
2021/22,259,soft_blend_h10,0.1408731617786418,1.3749637687273009,0.8399813039652869
2021/22,234,soft_blend_h10,0.4208652516626468,1.3849321172607254,0.890462473405419
2021/22,233,soft_blend_h10,0.2821364444113018,1.0695785264799107,0.6497678164033381
2021/22,232,soft_blend_h10,0.04442902205836785,0.3290719305216712,0.12099589475032431
2021/22,231,soft_blend_h10,0.5272580980189634,1.7211717698962445,1.0963396999703097
2021/22,230,soft_blend_h10,0.25673434561103,0.9701061420624254,0.5828234274446701
2021/22,229,soft_blend_h10,0.08277760166694031,0.4701036813908045,0.21278236364033226
2021/22,228,soft_blend_h10,0.18396724552069468,1.4531330574611576,0.9549409752903498
2021/22,227,soft_blend_h10,0.12288531868600716,0.5790929636647596,0.29004021269846025
2021/22,225,soft_blend_h10,0.11800935615579569,0.5900494377139718,0.2997177091213886
2021/22,224,soft_blend_h10,0.355833923973981,1.232731111330829,0.7744614122311468
2021/22,223,soft_blend_h10,0.279854443778176,1.013060543089,0.6194257215236902
2021/22,222,soft_blend_h10,0.24589307570045613,0.9618960558561086,0.5736196413248456
2021/22,221,soft_blend_h10,0.16832875722596222,1.4416662888799519,0.9195389205422587
2021/22,220,soft_blend_h10,0.20209753933233504,0.8170615001266207,0.4687565057544923
2021/22,219,soft_blend_h10,0.11476760871117479,0.5861980954491472,0.2984334716837921
2021/22,218,soft_blend_h10,0.19878859605373422,1.6696216834740745,1.0564043805735839
2021/22,217,soft_blend_h10,0.16879357641861248,0.7192470839325006,0.39512034689395537
2021/22,216,soft_blend_h10,0.168570409948826,0.7225038643772013,0.39729758671425186
2021/22,260,soft_blend_h10,0.26646385185318855,1.0220002777267734,0.6165494402769218
2021/22,235,soft_blend_h10,0.20062101803711507,1.482252529341291,0.9985770212776843
2021/22,236,soft_blend_h10,0.5183179116348747,1.649586530611619,1.0720583830103327
2021/22,226,soft_blend_h10,0.19289233354145727,1.645129854193458,1.037053840737601
2021/22,238,soft_blend_h10,0.17521193110141525,0.7758771129481404,0.4383344944609885
2021/22,237,soft_blend_h10,0.09268616365910941,0.5217687183566448,0.25545732776337504
2021/22,257,soft_blend_h10,0.0904287364709012,0.5031197205152456,0.23782429163049348
2021/22,256,soft_blend_h10,0.1933493803656241,0.8016595214220618,0.456366245928097
2021/22,255,soft_blend_h10,0.32887762612712973,1.2254076172509578,0.7525298661037385
2021/22,254,soft_blend_h10,0.027722697193042243,0.24234713737250313,0.06976850193733453
2021/22,253,soft_blend_h10,0.17278126295976615,0.7281499103942082,0.40210750137479156
2021/22,252,soft_blend_h10,0.4579111171403166,1.546373316218488,0.9746178313355371
2021/22,251,soft_blend_h10,0.14058452618748407,1.3812583087554877,0.841777362523831
2021/22,250,soft_blend_h10,0.33273587081785505,1.2011406113794014,0.7432218595763174
2021/22,249,soft_blend_h10,0.026704839039964692,0.23915377032526802,0.06837715048164518
2021/22,258,soft_blend_h10,0.09964309179678367,0.5254040910835596,0.2517556539822313
2021/22,239,soft_blend_h10,0.05514448769185038,0.35912967591772815,0.13684138751535319
2021/22,247,soft_blend_h10,0.33323970650377543,1.2043865726587748,0.7450118754560029
2021/22,246,soft_blend_h10,0.1979429578156032,1.4661055464975181,0.9875196880369994
2021/22,245,soft_blend_h10,0.1559733499215428,0.674056492343765,0.3616690982649876
2021/22,244,soft_blend_h10,0.1418621196576468,1.253872052700686,0.7943808577396301
2021/22,243,soft_blend_h10,0.20778532126918942,0.8626915040211955,0.5011074287463955
2021/22,242,soft_blend_h10,0.15097097848624555,1.343767924314144,0.8482685508485062
2021/22,241,soft_blend_h10,0.20407387060680493,1.4857466867811504,1.0067079387186455
2021/22,240,soft_blend_h10,0.07376817101417486,0.41873830950639923,0.17559804740930202
2021/22,248,soft_blend_h10,0.24099327357355144,0.9385833384069079,0.5577005596357597
2021/22,274,soft_blend_h17,0.09216399009487716,0.5077515112679344,0.24074439678521548
2021/22,281,soft_blend_h17,0.1804280880582806,0.7638646582733943,0.42807594327121723
2021/22,280,soft_blend_h17,0.23669531363901203,1.5665841104336642,1.0994560223232432
2021/22,279,soft_blend_h17,0.38707490501780883,1.385835384572525,0.8580434799202536
2021/22,278,soft_blend_h17,0.3291331058492965,1.1700958106709887,0.727072114213692
2021/22,277,soft_blend_h17,0.1446711462569281,1.3535379192636385,0.8394245282201735
2021/22,282,soft_blend_h17,0.464859437220947,1.562927618039958,0.9865220568151676
2021/22,276,soft_blend_h17,0.05587917479126156,0.3788727379338476,0.1535596304416097
2021/22,275,soft_blend_h17,0.17431846186472547,1.5225003450913825,0.9599017731605316
2021/22,273,soft_blend_h17,0.3549880107228075,1.3508509400961495,0.8254580932625957
2021/22,268,soft_blend_h17,0.21574908774871723,1.5422054296329073,1.0494375188084295
2021/22,271,soft_blend_h17,0.2996492622858734,1.0876321021373552,0.6686265596944511
2021/22,270,soft_blend_h17,0.2586385469187556,0.9928591836665268,0.5965729633603813
2021/22,269,soft_blend_h17,0.19136441788255984,0.815239024375011,0.4663729300980102
2021/22,267,soft_blend_h17,0.021690694239561322,0.20492341282374835,0.05151104338026907
2021/22,266,soft_blend_h17,0.39183368295288035,1.3197711235874754,0.8394334399430067
2021/22,265,soft_blend_h17,0.15405395882688405,1.3837643010484841,0.8696583449773502
2021/22,264,soft_blend_h17,0.19896771120323894,0.824343259905058,0.4729773135502419
2021/22,263,soft_blend_h17,0.4255662627923067,1.4425154126254438,0.9116651937441842
2021/22,283,soft_blend_h17,0.13775425073544506,1.2259681161805414,0.7746882724716742
2021/22,272,soft_blend_h17,0.0694220169728945,0.40739085081762483,0.16797441812397076
2021/22,284,soft_blend_h17,0.14223572220533567,1.4015372710018315,0.8526584934431487
2021/22,262,soft_blend_h17,0.11712233680028235,0.5736646816800468,0.2860274871168947
2021/22,286,soft_blend_h17,0.2530689419696628,0.9605830708156621,0.5756854248096666
2021/22,306,soft_blend_h17,0.1500317589399307,0.6638862939625673,0.35333756734892985
2021/22,305,soft_blend_h17,0.11440096772276084,1.1186961940530642,0.6821274493348779
2021/22,304,soft_blend_h17,0.21623705552341393,1.7264279968046425,1.1082916058352024
2021/22,303,soft_blend_h17,0.11865838999255246,0.5885505713831268,0.2980063709611618
2021/22,302,soft_blend_h17,0.22416350569243026,0.8390216207719378,0.49374183248152226
2021/22,301,soft_blend_h17,0.19054038143698432,0.8199593230680752,0.4703698890822262
2021/22,300,soft_blend_h17,0.1924737744287365,0.800973978906519,0.45575938032912516
2021/22,299,soft_blend_h17,0.2413037597327954,1.63047373833152,1.1292860090774375
2021/22,298,soft_blend_h17,0.15842744424521082,0.7064447202648375,0.3850984135520151
2021/22,285,soft_blend_h17,0.5468493464568651,1.7547929601337733,1.1286669392746986
2021/22,297,soft_blend_h17,0.060191674849858975,0.3905451283393311,0.15935203536369566
2021/22,295,soft_blend_h17,0.2849369569531908,1.9677034915077938,1.3098566838934163
2021/22,294,soft_blend_h17,0.2855136109953319,1.0783427472277891,0.65602990706005
2021/22,293,soft_blend_h17,0.19860049176226935,0.8181167292147178,0.46858011254683285
2021/22,292,soft_blend_h17,0.11823873013564484,0.5784764471505646,0.2896485889636181
2021/22,291,soft_blend_h17,0.29748710322300825,1.1156392522320084,0.6814972448774612
2021/22,290,soft_blend_h17,0.2982463234330145,1.0845477273525628,0.66621486446846
2021/22,289,soft_blend_h17,0.055226792104470256,0.37205504396097405,0.14757206713424628
2021/22,288,soft_blend_h17,0.4057084269006899,1.4077351840082701,0.8813521707457517
2021/22,287,soft_blend_h17,0.1105635602209333,0.5625424184455291,0.2789449040473199
2021/22,296,soft_blend_h17,0.14249286811040346,1.3457172152334191,0.8320635512930684
2021/22,261,soft_blend_h17,0.06915671856285995,0.4146348759795288,0.17343364359780417
2021/22,215,soft_blend_h17,0.22191842437085837,1.7661455944905773,1.1310931221000136
2021/22,259,soft_blend_h17,0.14020404946344073,1.36252962497947,0.8339257342793123
2021/22,234,soft_blend_h17,0.41159195451357156,1.3639197881723004,0.8740608644421303
2021/22,233,soft_blend_h17,0.2849324685444424,1.072332668884143,0.6524736978725089
2021/22,232,soft_blend_h17,0.03784993453458987,0.2986109893609934,0.10226292826268109
2021/22,231,soft_blend_h17,0.514549209610746,1.6752777162245227,1.0713961133741499
2021/22,230,soft_blend_h17,0.22789901029486065,0.890920621244334,0.5239447594474587
2021/22,229,soft_blend_h17,0.08045829208626674,0.4617196065729293,0.20686414627069918
2021/22,228,soft_blend_h17,0.17985042520439914,1.433493808254136,0.9396222701293757
2021/22,227,soft_blend_h17,0.10639685121539587,0.5281882948827343,0.2526161196720743
2021/22,225,soft_blend_h17,0.1238815330328168,0.6045030286339004,0.3096696174732583
2021/22,224,soft_blend_h17,0.34891919643314795,1.216152365001551,0.7620318186495052
2021/22,223,soft_blend_h17,0.2711957439532977,0.9854125751908066,0.59994701360605
2021/22,222,soft_blend_h17,0.240587217900065,0.9433616835683719,0.5605202016241067
2021/22,221,soft_blend_h17,0.17305593946456724,1.4711032485586963,0.9395171679808568
2021/22,220,soft_blend_h17,0.1837609711152025,0.7644934815820459,0.42914391752038616
2021/22,219,soft_blend_h17,0.10871256007831959,0.568526128071108,0.28619037162813804
2021/22,218,soft_blend_h17,0.21313459045252184,1.7261510694368232,1.1020056580596305
2021/22,217,soft_blend_h17,0.19409367062608066,0.7938257776465114,0.4513040411090811
2021/22,216,soft_blend_h17,0.16331226044024483,0.7055561039082956,0.38460807707505573
2021/22,260,soft_blend_h17,0.25511615162512846,0.9915629344812765,0.5946207710025264
2021/22,235,soft_blend_h17,0.19650933486093636,1.4570131935036328,0.9814135872679848
2021/22,236,soft_blend_h17,0.5285882402298222,1.6714814494028194,1.0900580170053131
2021/22,226,soft_blend_h17,0.19356432671267862,1.6548095175861584,1.0414018235102072
2021/22,238,soft_blend_h17,0.16028105351044203,0.7280424052200118,0.4027394533994614
2021/22,237,soft_blend_h17,0.09257710912051825,0.5213347821751795,0.25511921425658984
2021/22,257,soft_blend_h17,0.09576082069453691,0.5238345111172631,0.2534370830193033
2021/22,256,soft_blend_h17,0.1996538495594779,0.8190610098090284,0.4694184466705699
2021/22,255,soft_blend_h17,0.33320455408243144,1.2402552234909714,0.7619094961854395
2021/22,254,soft_blend_h17,0.030907800185212365,0.25800158325296557,0.07791837539034474
2021/22,253,soft_blend_h17,0.17412491608765562,0.7311634433877361,0.40448356342167224
2021/22,252,soft_blend_h17,0.44564096617736515,1.5196974634344351,0.954359218976512
2021/22,251,soft_blend_h17,0.14020305179138753,1.3787954440086139,0.8400869805124933
2021/22,250,soft_blend_h17,0.32811521810637134,1.1930706025657207,0.7365478844155964
2021/22,249,soft_blend_h17,0.029875312805208724,0.25552709397193907,0.07694585037905698
2021/22,258,soft_blend_h17,0.10750905127568311,0.5503701132044256,0.26971823716399457
2021/22,239,soft_blend_h17,0.05892295867384302,0.3726955695138653,0.14541815478082706
2021/22,247,soft_blend_h17,0.3486369131335778,1.2393430592612011,0.7710395445975671
2021/22,246,soft_blend_h17,0.19905667353224205,1.4632302796055465,0.9887251217631615
2021/22,245,soft_blend_h17,0.14197403248043464,0.6327719263989369,0.33047800929568993
2021/22,244,soft_blend_h17,0.1419970326075086,1.2495763899469268,0.79289625960401
2021/22,243,soft_blend_h17,0.1822810859747376,0.7840077457682909,0.4431167725722613
2021/22,242,soft_blend_h17,0.1514723192580369,1.3575716474212343,0.8545705110204094
2021/22,241,soft_blend_h17,0.21034287264424575,1.5293766826757196,1.0342905691386814
2021/22,240,soft_blend_h17,0.08912272609749103,0.4729050393443824,0.21298761884798617
2021/22,248,soft_blend_h17,0.24367252205744558,0.9431187543452805,0.5614218969289395
2021/22,274,cosine_taper_k30,0.09203266218179836,0.5073197755606369,0.2404407937341493
2021/22,281,cosine_taper_k30,0.19486448913721285,0.8066155581097605,0.46003744103723226
2021/22,280,cosine_taper_k30,0.22972784750759637,1.5355039194041507,1.0751357959642494
2021/22,279,cosine_taper_k30,0.34738664160538957,1.2945917307658807,0.7949230535730623
2021/22,278,cosine_taper_k30,0.2994954257946718,1.0821875326484063,0.6659725571158797
2021/22,277,cosine_taper_k30,0.14760534851385043,1.3583538049335646,0.8471354170349533
2021/22,282,cosine_taper_k30,0.4946202985053639,1.6573261959085022,1.0427218931788804
2021/22,276,cosine_taper_k30,0.0528481800665381,0.36657303893129806,0.14553647299007078
2021/22,275,cosine_taper_k30,0.16768165347116065,1.517669144379825,0.9449771747232035
2021/22,273,cosine_taper_k30,0.3944328430361502,1.4954504539429767,0.9068657421196789
2021/22,268,cosine_taper_k30,0.21693461550824375,1.552860480575087,1.0553780242127486
2021/22,271,cosine_taper_k30,0.28472115205355275,1.043590869132139,0.6374568496316857
2021/22,270,cosine_taper_k30,0.2516212826412173,0.9659814297493372,0.5780782791093553
2021/22,269,cosine_taper_k30,0.20530812213204203,0.8568524619389063,0.49687794963392945
2021/22,267,cosine_taper_k30,0.018546692760259918,0.186119248753557,0.0433313754084752
2021/22,266,cosine_taper_k30,0.46953387137516145,1.567163673026013,0.9929237026974516
2021/22,265,cosine_taper_k30,0.14261321430020296,1.3340859184698535,0.8278077071522065
2021/22,264,cosine_taper_k30,0.18417300782247922,0.7849388484671868,0.4436760296239069
2021/22,263,cosine_taper_k30,0.4159526402956508,1.4193829394294049,0.8949329235127028
2021/22,283,cosine_taper_k30,0.14235997971731446,1.251325774055937,0.7943371782107447
2021/22,272,cosine_taper_k30,0.0708655679975175,0.41304067280354095,0.17177013405187808
2021/22,284,cosine_taper_k30,0.14396358698030273,1.3943534580267134,0.8534412167577541
2021/22,262,cosine_taper_k30,0.0907010319471828,0.49377837723772433,0.22883337187634456
2021/22,286,cosine_taper_k30,0.26444511334269966,0.9941158249727453,0.5999430634572389
2021/22,306,cosine_taper_k30,0.1647294840739586,0.7054763186774051,0.3848706064270342
2021/22,305,cosine_taper_k30,0.11155003767959962,1.1022967230085408,0.6691805359936234
2021/22,304,cosine_taper_k30,0.229833930501021,1.7947422146812875,1.1549398578119008
2021/22,303,cosine_taper_k30,0.1150774929170295,0.5759280276679232,0.28856246152749565
2021/22,302,cosine_taper_k30,0.1933658823740146,0.7646815188641463,0.43368093604929614
2021/22,301,cosine_taper_k30,0.16256715414194983,0.7331827410728405,0.4062630993954767
2021/22,300,cosine_taper_k30,0.20069146181532796,0.8181560239126692,0.4690521869501546
2021/22,299,cosine_taper_k30,0.24706905525163594,1.6598290944128635,1.1499603444262527
2021/22,298,cosine_taper_k30,0.17403256250181875,0.7550412116427128,0.42143259776297215
2021/22,285,cosine_taper_k30,0.5318736900819414,1.7162593113997635,1.1017839686842572
2021/22,297,cosine_taper_k30,0.061254857314067816,0.39319001354486227,0.16069378991356198
2021/22,295,cosine_taper_k30,0.30124461912511974,2.0507100756094836,1.361751345611968
2021/22,294,cosine_taper_k30,0.29504499491181113,1.0989766466737503,0.671523140014654
2021/22,293,cosine_taper_k30,0.18913402379124347,0.7946967041051516,0.4509603340925612
2021/22,292,cosine_taper_k30,0.11584723738270915,0.5703413527254324,0.28362654994825964
2021/22,291,cosine_taper_k30,0.33066025560102213,1.2207447163243859,0.7511032763054959
2021/22,290,cosine_taper_k30,0.2933791627874153,1.0717640784019313,0.6568524003132793
2021/22,289,cosine_taper_k30,0.05095922829789843,0.3542240166984614,0.13595909868823366
2021/22,288,cosine_taper_k30,0.3825741173196269,1.3410098449757164,0.8377776222600851
2021/22,287,cosine_taper_k30,0.10869996847817531,0.5554486730766396,0.2736002545114626
2021/22,296,cosine_taper_k30,0.14224294047931296,1.3407010462529472,0.8296286366205234
2021/22,261,cosine_taper_k30,0.0595425561163867,0.3787321571835905,0.14969346919474164
2021/22,215,cosine_taper_k30,0.20684597973694896,1.694635270268784,1.0800928237802505
2021/22,259,cosine_taper_k30,0.14147258387874628,1.3850303600104903,0.8449709676291701
2021/22,234,cosine_taper_k30,0.42752264127027173,1.4001098050040848,0.9022836851192508
2021/22,233,cosine_taper_k30,0.280174845160784,1.0676294261245924,0.647922005145211
2021/22,232,cosine_taper_k30,0.04941791071742695,0.3512565547980476,0.13524994038871038
2021/22,231,cosine_taper_k30,0.5363714614621864,1.7550535245011387,1.1142316740723204
2021/22,230,cosine_taper_k30,0.27828806999148664,1.0303394962004109,0.6267942202129364
2021/22,229,cosine_taper_k30,0.08444281977873928,0.4760939480123354,0.21703115528933525
2021/22,228,cosine_taper_k30,0.18694037307333466,1.467302038790754,0.9659391996746668
2021/22,227,cosine_taper_k30,0.13530658016993571,0.6168413617429784,0.31818007691556016
2021/22,225,cosine_taper_k30,0.11439640494218178,0.58101397808701,0.2936387674170691
2021/22,224,cosine_taper_k30,0.3602500925245784,1.2433611710174062,0.7824162795279477
2021/22,223,cosine_taper_k30,0.28540159308193147,1.0309514629826892,0.6319076533498774
2021/22,222,cosine_taper_k30,0.24927946905138113,0.9737992561073271,0.5819857832648538
2021/22,221,cosine_taper_k30,0.16539885704980128,1.42348456092655,0.9070711891343824
2021/22,220,cosine_taper_k30,0.21415632848093566,0.8517975464352876,0.49476869791321154
2021/22,219,cosine_taper_k30,0.11869660133358628,0.5975393510064789,0.3063756499086278
2021/22,218,cosine_taper_k30,0.19042027873689477,1.63544830816111,1.029082938342697
2021/22,217,cosine_taper_k30,0.15371200860037815,0.6747936886278777,0.3615590255990313
2021/22,216,cosine_taper_k30,0.17142631290575222,0.7317176763942244,0.404191997499452
2021/22,260,cosine_taper_k30,0.27574883234616515,1.0470522029469576,0.6345081288777041
2021/22,235,cosine_taper_k30,0.20379989955294298,1.5019903977257518,1.0118161011416533
2021/22,236,cosine_taper_k30,0.5105587769332625,1.6331625860759202,1.058546851772587
2021/22,226,cosine_taper_k30,0.1924167565581313,1.63831981745353,1.0339759510327329
2021/22,238,cosine_taper_k30,0.18708087823264102,0.8140617065004044,0.4665866457497456
2021/22,237,cosine_taper_k30,0.09276959540398144,0.5221006459388422,0.255716019578544
2021/22,257,cosine_taper_k30,0.0862746023145366,0.4868406346311825,0.22570300591929013
2021/22,256,cosine_taper_k30,0.18837991240925567,0.7879440379024182,0.4460734766227512
2021/22,255,cosine_taper_k30,0.3254344279321893,1.2136784686664264,0.7450644581774899
2021/22,254,cosine_taper_k30,0.02529781919016666,0.2299894775794306,0.06356914787972792
2021/22,253,cosine_taper_k30,0.17171034718407316,0.7257440035391695,0.40021545035163847
2021/22,252,cosine_taper_k30,0.46784865760116207,1.5681233499501095,0.9911929302207839
2021/22,251,cosine_taper_k30,0.14091086662760072,1.3832226807018742,0.8431686736977296
2021/22,250,cosine_taper_k30,0.3364524379200715,1.2076098526275818,0.7486416278694943
2021/22,249,cosine_taper_k30,0.024309903572475144,0.22631224688366333,0.06192475935735593
2021/22,258,cosine_taper_k30,0.09356800418541725,0.5058576554091687,0.2378532221864598
2021/22,239,cosine_taper_k30,0.05234193465755166,0.34887954472170046,0.13046945763301712
2021/22,247,cosine_taper_k30,0.32131826680025277,1.1774147116635627,0.7250691649511029
2021/22,246,cosine_taper_k30,0.19706999175616752,1.4683997001519868,0.9865877263935664
2021/22,245,cosine_taper_k30,0.16758834212825327,0.7081752239065747,0.3875154278364197
2021/22,244,cosine_taper_k30,0.1417634052391774,1.2573039166991722,0.7955818141727464
2021/22,243,cosine_taper_k30,0.22842905394109475,0.9273305352113237,0.5479342056548968
2021/22,242,cosine_taper_k30,0.15060832090946652,1.3333402582945761,0.8435085052638208
2021/22,241,cosine_taper_k30,0.1993500011655218,1.453624671868881,0.985882608820963
2021/22,240,cosine_taper_k30,0.06300799948908442,0.37921403823165445,0.14945039249028308
2021/22,248,cosine_taper_k30,0.23887947912649876,0.9349885480568899,0.554788662843484
2021/22,274,current_only,0.09203266218179836,0.5073197755606369,0.2404407937341493
2021/22,281,current_only,0.19486448913721285,0.8066155581097605,0.46003744103723226
2021/22,280,current_only,0.22972784750759637,1.5355039194041507,1.0751357959642494
2021/22,279,current_only,0.34738664160538957,1.2945917307658807,0.7949230535730623
2021/22,278,current_only,0.2994954257946718,1.0821875326484063,0.6659725571158797
2021/22,277,current_only,0.14760534851385043,1.3583538049335646,0.8471354170349533
2021/22,282,current_only,0.4946202985053639,1.6573261959085022,1.0427218931788804
2021/22,276,current_only,0.0528481800665381,0.36657303893129806,0.14553647299007078
2021/22,275,current_only,0.16768165347116065,1.517669144379825,0.9449771747232035
2021/22,273,current_only,0.3944328430361502,1.4954504539429767,0.9068657421196789
2021/22,268,current_only,0.21693461550824375,1.552860480575087,1.0553780242127486
2021/22,271,current_only,0.28472115205355275,1.043590869132139,0.6374568496316857
2021/22,270,current_only,0.2516212826412173,0.9659814297493372,0.5780782791093553
2021/22,269,current_only,0.20530812213204203,0.8568524619389063,0.49687794963392945
2021/22,267,current_only,0.018546692760259918,0.186119248753557,0.0433313754084752
2021/22,266,current_only,0.46953387137516145,1.567163673026013,0.9929237026974516
2021/22,265,current_only,0.14261321430020296,1.3340859184698535,0.8278077071522065
2021/22,264,current_only,0.18417300782247922,0.7849388484671868,0.4436760296239069
2021/22,263,current_only,0.4159526402956508,1.4193829394294049,0.8949329235127028
2021/22,283,current_only,0.14235997971731446,1.251325774055937,0.7943371782107447
2021/22,272,current_only,0.0708655679975175,0.41304067280354095,0.17177013405187808
2021/22,284,current_only,0.14396358698030273,1.3943534580267134,0.8534412167577541
2021/22,262,current_only,0.0907010319471828,0.49377837723772433,0.22883337187634456
2021/22,286,current_only,0.26444511334269966,0.9941158249727453,0.5999430634572389
2021/22,306,current_only,0.1647294840739586,0.7054763186774051,0.3848706064270342
2021/22,305,current_only,0.11155003767959962,1.1022967230085408,0.6691805359936234
2021/22,304,current_only,0.229833930501021,1.7947422146812875,1.1549398578119008
2021/22,303,current_only,0.1150774929170295,0.5759280276679232,0.28856246152749565
2021/22,302,current_only,0.1933658823740146,0.7646815188641463,0.43368093604929614
2021/22,301,current_only,0.16256715414194983,0.7331827410728405,0.4062630993954767
2021/22,300,current_only,0.20069146181532796,0.8181560239126692,0.4690521869501546
2021/22,299,current_only,0.24706905525163594,1.6598290944128635,1.1499603444262527
2021/22,298,current_only,0.17403256250181875,0.7550412116427128,0.42143259776297215
2021/22,285,current_only,0.5318736900819414,1.7162593113997635,1.1017839686842572
2021/22,297,current_only,0.061254857314067816,0.39319001354486227,0.16069378991356198
2021/22,295,current_only,0.30124461912511974,2.0507100756094836,1.361751345611968
2021/22,294,current_only,0.29504499491181113,1.0989766466737503,0.671523140014654
2021/22,293,current_only,0.18913402379124347,0.7946967041051516,0.4509603340925612
2021/22,292,current_only,0.11584723738270915,0.5703413527254324,0.28362654994825964
2021/22,291,current_only,0.33066025560102213,1.2207447163243859,0.7511032763054959
2021/22,290,current_only,0.2933791627874153,1.0717640784019313,0.6568524003132793
2021/22,289,current_only,0.05095922829789843,0.3542240166984614,0.13595909868823366
2021/22,288,current_only,0.3825741173196269,1.3410098449757164,0.8377776222600851
2021/22,287,current_only,0.10869996847817531,0.5554486730766396,0.2736002545114626
2021/22,296,current_only,0.14224294047931296,1.3407010462529472,0.8296286366205234
2021/22,261,current_only,0.0594568481710733,0.37840547774774913,0.14948170141833383
2021/22,215,current_only,0.20181460441891128,1.670624687003059,1.0627629064594344
2021/22,259,current_only,0.14148567792687147,1.3852412111121446,0.8450762859602466
2021/22,234,current_only,0.4298947342997219,1.4055375114466384,0.906504804010874
2021/22,233,current_only,0.2794848870177148,1.0669404659622845,0.6472833394742951
2021/22,232,current_only,0.05124771072638331,0.35922806953594855,0.14048707223175821
2021/22,231,current_only,0.5396165845526089,1.7673261912813014,1.120603759308403
2021/22,230,current_only,0.2861354021487008,1.05255881973161,0.6427957382510738
2021/22,229,current_only,0.08503618537875147,0.4782227852505886,0.21854505039258398
2021/22,228,current_only,0.18800319034852753,1.4723655383242822,0.9698581274616483
2021/22,227,current_only,0.13984716038266523,0.630551050290437,0.3284566827804439
2021/22,225,current_only,0.11224132359567057,0.5755682291413315,0.29002990216368024
2021/22,224,current_only,0.3629471493098746,1.2498701016898996,0.7872807043567308
2021/22,223,current_only,0.28879579533897093,1.0419710439843497,0.6395462466883437
2021/22,222,current_only,0.25134677492863927,0.9810952653607868,0.5870951946067902
2021/22,221,current_only,0.16364288120548026,1.412605796558322,0.8995660240747346
2021/22,220,current_only,0.22165116910448404,0.8734894597474366,0.5109219405413488
2021/22,219,current_only,0.12111929019929316,0.6044877559415355,0.3112721651881536
2021/22,218,current_only,0.18560677457683447,1.6152577818171816,1.0130718454904433
2021/22,217,current_only,0.14490440548843428,0.6487400144746538,0.3419312823054682
2021/22,216,current_only,0.174330401171237,0.7410951490950278,0.41120430450117385
2021/22,260,current_only,0.2759442132952828,1.0475809733313761,0.6348861768195309
2021/22,235,current_only,0.20440288658728867,1.5057573598997958,1.0143244243828218
2021/22,236,current_only,0.509104392704411,1.6300947665566512,1.0560227851847577
2021/22,226,current_only,0.19224865053470042,1.6359205254485165,1.032887830243343
2021/22,238,current_only,0.18936350410137617,0.8214303158828631,0.4720160311444105
2021/22,237,current_only,0.09278533643752379,0.5221632653858035,0.25576482874314155
2021/22,257,current_only,0.08618911948440054,0.4865042108536609,0.22545398860512994
2021/22,256,current_only,0.18827709044082153,0.7876602234521861,0.44586046902163146
2021/22,255,current_only,0.3253628732697764,1.2134355118132392,0.7449093021730807
2021/22,254,current_only,0.025248470467186396,0.22973358370732022,0.06344303741397848
2021/22,253,current_only,0.17168807592064722,0.7256939303223715,0.400176118652556
2021/22,252,current_only,0.4686723686819184,1.569932517022724,0.9925733188474586
2021/22,251,current_only,0.1409385901276748,1.383384332252987,0.8432848608982567
2021/22,250,current_only,0.3367595050273766,1.2081435181972704,0.7490914295984975
2021/22,249,current_only,0.02411808499968337,0.22526391741684507,0.061408808254400045
2021/22,258,current_only,0.09344350888841726,0.5054543794361819,0.23756803425776107
2021/22,239,current_only,0.05182173689191483,0.3469579207667149,0.12928568577705746
2021/22,247,current_only,0.32035136849807205,1.1752295325380318,0.723460183013819
2021/22,246,current_only,0.19699875712240336,1.4685885237165106,0.9865121938710413
2021/22,245,current_only,0.16856182630973665,0.7110324028070071,0.3896804548004032
2021/22,244,current_only,0.14175563165471766,1.2575865551850942,0.7956813053064319
2021/22,243,current_only,0.2324337890459942,0.9400051917223643,0.5570079626534261
2021/22,242,current_only,0.15054192681898645,1.3313855568987092,0.8426163757087435
2021/22,241,current_only,0.19846576123699788,1.4476799037014265,0.9819803630142893
2021/22,240,current_only,0.06107368973566017,0.37193108821874704,0.1447556886111473
2021/22,248,current_only,0.2387064431158769,0.9346936149130661,0.5545512504544352
2021/22,274,updating_prior,0.09247931873404214,0.508787593935335,0.2414733080065467
2021/22,281,updating_prior,0.14630773432181318,0.6628649447676577,0.35230340539083044
2021/22,280,updating_prior,0.2550371062590016,1.6501464429559483,1.1629030062936245
2021/22,279,updating_prior,0.49505495528922167,1.6460314882730827,1.040882323923926
2021/22,278,updating_prior,0.40606848036162124,1.41900814420714,0.8854172264333336
2021/22,277,updating_prior,0.13913221405551177,1.3420828231553785,0.8239408506093039
2021/22,282,updating_prior,0.3939096410279488,1.3569265248500975,0.8535080447856729
2021/22,276,updating_prior,0.06349349501750896,0.40899941911256016,0.1736832167687257
2021/22,275,updating_prior,0.19455857846387928,1.534181786394141,1.0043502346389237
2021/22,273,updating_prior,0.26931500737114755,1.0710609369547963,0.6481844841219484
2021/22,268,updating_prior,0.21307915272356212,1.5185115724334255,1.0360604723503224
2021/22,271,updating_prior,0.3370395575315277,1.2018911343826604,0.7466081419587449
2021/22,270,updating_prior,0.2749052009484175,1.0564697448822822,0.6396727732073696
2021/22,269,updating_prior,0.16169757524679143,0.7270362904784398,0.4012662872717207
2021/22,267,updating_prior,0.0297534891950806,0.2488155791020161,0.07283918998792663
2021/22,266,updating_prior,0.24318740536307443,0.9170996105050433,0.546584931829957
2021/22,265,updating_prior,0.18848433846243348,1.5061862117963936,0.9826353726758618
2021/22,264,updating_prior,0.23479940499736576,0.9196693974628873,0.5439909226505404
2021/22,263,updating_prior,0.44783858894816975,1.4969105693520535,0.9507514291711586
2021/22,283,updating_prior,0.1268219825446621,1.1643226754065892,0.7268035901179202
2021/22,272,updating_prior,0.0660225651608375,0.3939709634445315,0.1590534673813004
2021/22,284,updating_prior,0.15022482092132972,1.4200156419085797,0.8754530079417949
2021/22,262,updating_prior,0.19007339903537743,0.7820925134113847,0.44247857022422693
2021/22,286,updating_prior,0.2253251793234308,0.8801621121655332,0.5164476902224577
2021/22,306,updating_prior,0.11215098290348456,0.5544036011270301,0.2717341549813682
2021/22,305,updating_prior,0.13847236309201036,1.1667962557876745,0.7511658201626175
2021/22,304,updating_prior,0.18202946274533732,1.5545388608169006,0.9861274487048209
2021/22,303,updating_prior,0.1291307476008651,0.625295054733318,0.3256712169185862
2021/22,302,updating_prior,0.3251327022365436,1.086439925100186,0.6914613942803179
2021/22,301,updating_prior,0.28235501554244996,1.1176532071350755,0.6793081896954646
2021/22,300,updating_prior,0.17046435333886115,0.7537246548999663,0.42105497780609674
2021/22,299,updating_prior,0.22542245719092854,1.551512076119236,1.0719035244182065
2021/22,298,updating_prior,0.11812777704377089,0.580056095574937,0.29095751291560856
2021/22,285,updating_prior,0.5860747379988951,1.8598918136200255,1.1999056133529953
2021/22,297,updating_prior,0.05742192990485815,0.38347341320640865,0.15596012360534317
2021/22,295,updating_prior,0.24452372843654338,1.7737716637111511,1.1784592301481795
2021/22,294,updating_prior,0.26099846934234006,1.024924958954519,0.6169693033658248
2021/22,293,updating_prior,0.2254006329764202,0.8839003765786738,0.5187115378458178
2021/22,292,updating_prior,0.12478546530578397,0.6006670276603341,0.3061434442773744
2021/22,291,updating_prior,0.21731895774668022,0.8781518342568021,0.5127013772942298
2021/22,290,updating_prior,0.3115433297611129,1.1197263569943041,0.6918146850031622
2021/22,289,updating_prior,0.06754349128868464,0.42159969618739,0.1811345227528745
2021/22,288,updating_prior,0.4678996828275129,1.6003827482275363,0.9991220165500155
2021/22,287,updating_prior,0.11537202554924318,0.5807861588380024,0.29277245129150586
2021/22,296,updating_prior,0.14319179526551282,1.3593204142286106,0.8386774224298351
2021/22,261,updating_prior,0.09228449741183778,0.49655591505478125,0.23044872280631123
2021/22,215,updating_prior,0.25737359884295136,1.935502754559337,1.2468812501446438
2021/22,259,updating_prior,0.13844729201591813,1.315766138729247,0.8123252597695133
2021/22,234,updating_prior,0.3804044165164149,1.2942010748175867,0.8194932533925472
2021/22,233,updating_prior,0.29492121999171367,1.0819560954742558,0.6628134889969479
2021/22,232,updating_prior,0.019126771645177856,0.19950401926961722,0.049578299743844104
2021/22,231,updating_prior,0.471673130439478,1.5305102837361042,0.9873113952919874
2021/22,230,updating_prior,0.14184173043147547,0.6563421797089889,0.3477177031851377
2021/22,229,updating_prior,0.0726601863492134,0.433138964634829,0.1869608545674064
2021/22,228,updating_prior,0.16623064578614272,1.3681422146389566,0.8881130513758977
2021/22,227,updating_prior,0.05842443791138301,0.36917918500192226,0.1430557017243417
2021/22,225,updating_prior,0.14497416197168006,0.6544832227721155,0.3460388253108532
2021/22,224,updating_prior,0.326363152977414,1.1625556400076709,0.7217197646985659
2021/22,223,updating_prior,0.24319299813259476,0.8980285619809912,0.5369940698982574
2021/22,222,updating_prior,0.22324758950522028,0.8836845138289415,0.5177899733336394
2021/22,221,updating_prior,0.18973364109935353,1.5765079762601992,1.0087991128716327
2021/22,220,updating_prior,0.1288532970746258,0.606220478669854,0.3099839642128142
2021/22,219,updating_prior,0.0898333060087156,0.5115243321046474,0.24798741703692012
2021/22,218,updating_prior,0.271127842454835,1.9427545678767757,1.276175750337847
2021/22,217,updating_prior,0.29180642689557934,1.093968798461651,0.6673092820067477
2021/22,216,updating_prior,0.1469022272684175,0.6527083540878369,0.3450429724525325
2021/22,260,updating_prior,0.2137830721460166,0.8816831150504113,0.5149581219100451
2021/22,235,updating_prior,0.18213098520068552,1.3710563407160812,0.9210186892252861
2021/22,236,updating_prior,0.5667285431417032,1.7545607193670207,1.1579709175999606
2021/22,226,updating_prior,0.1959121294050267,1.6891701335691924,1.0565828419322623
2021/22,238,updating_prior,0.11206471519677205,0.5725643585881741,0.28726067472152017
2021/22,237,updating_prior,0.09218491833992143,0.5197735651644916,0.25390350140940104
2021/22,257,updating_prior,0.11791687792606696,0.6084019187841025,0.3188669570647177
2021/22,256,updating_prior,0.22509360592967054,0.8894908699173755,0.5220285198399002
2021/22,255,updating_prior,0.3502385322382341,1.2999540600466328,0.7988153873539676
2021/22,254,updating_prior,0.044883908967558776,0.32107525487517874,0.11374908552845536
2021/22,253,updating_prior,0.1793923879956797,0.7429249877603448,0.41382079420513185
2021/22,252,updating_prior,0.40194507528614054,1.4259138205840947,0.8842910446704337
2021/22,251,updating_prior,0.13905972342862655,1.3696494517494227,0.8343429758325409
2021/22,250,updating_prior,0.31134257592997056,1.1634907306489686,0.7129608435544847
2021/22,249,updating_prior,0.04330455115170884,0.31917093950291564,0.11349162900397965
2021/22,258,updating_prior,0.14089020299407712,0.6534454068439004,0.34556101615416374
2021/22,239,updating_prior,0.07359404269720789,0.4231355717120854,0.17859234614317215
2021/22,247,updating_prior,0.41025902238562295,1.381918660552404,0.8777987758891697
2021/22,246,updating_prior,0.20338201328819727,1.452563138013839,0.9935662602765314
2021/22,245,updating_prior,0.09554841624127593,0.4920836056259561,0.22663900945363033
2021/22,244,updating_prior,0.14260805175889102,1.233692512866218,0.7875918916399974
2021/22,243,updating_prior,0.10446123584955935,0.5430167079919416,0.26479423778731415
2021/22,242,updating_prior,0.15353185930463353,1.4089253080646613,0.8779863091347915
2021/22,241,updating_prior,0.2337747708129151,1.7044529393285193,1.1368832050603639
2021/22,240,updating_prior,0.15646115388687099,0.6966184640758925,0.37762804912656617
2021/22,248,updating_prior,0.25390821125351826,0.9602436592545969,0.5759364204463475
2022/23,276,v2_full,0.12775611308546933,0.6119948617934323,0.3146928070433114
2022/23,277,v2_full,0.31577754762152277,1.2203405242017762,0.7456894795381022
2022/23,278,v2_full,0.3199495245213078,1.169734326398683,0.7205916468513712
2022/23,283,v2_full,0.03836171920401457,0.29576916411197385,0.09933431027587601
2022/23,280,v2_full,0.08223580337712444,0.47503388916525086,0.2180912782158354
2022/23,281,v2_full,0.19705251993985368,0.8115331921839553,0.46379707538015247
2022/23,282,v2_full,0.01645172900122385,0.18340490747926358,0.04252966609601211
2022/23,275,v2_full,0.244644801838789,0.9909242893700586,0.5931454426110181
2022/23,279,v2_full,0.07921676680028517,0.44962521625070523,0.19721332420874568
2022/23,274,v2_full,0.14816924430146877,0.6590371918746476,0.3496457483060194
2022/23,268,v2_full,0.04201529884702869,0.31630772385326994,0.11248836863761813
2022/23,272,v2_full,0.5589833560382506,1.8641011378498868,1.1617954778936683
2022/23,271,v2_full,0.41771552750483165,1.4612319794947295,0.9097085824035355
2022/23,270,v2_full,0.019893310473112068,0.2039004823420097,0.05156881045962441
2022/23,269,v2_full,0.18387561054211735,0.7644670061779298,0.4291571222011901
2022/23,267,v2_full,0.20111380593475392,1.4615233363416031,0.9922316907476458
2022/23,266,v2_full,0.4638727444400194,1.6159618045446098,0.9989416420193102
2022/23,265,v2_full,0.12395515813278675,1.1928936488810264,0.7332423689858102
2022/23,264,v2_full,0.15667744512419363,0.70765012777239,0.38643670446117084
2022/23,263,v2_full,0.20144546420858697,0.8337528392887362,0.47988450568380137
2022/23,273,v2_full,0.05760755308014288,0.36763181491275854,0.14216692666614245
2022/23,284,v2_full,0.17034480150631304,0.743663650796283,0.4129402831562856
2022/23,306,v2_full,0.5149802084985402,1.713771096481033,1.0790659996974434
2022/23,286,v2_full,0.17808335113769463,0.7608392156985524,0.425709378975609
2022/23,262,v2_full,0.19143885214045525,1.6315716306399088,1.029901852868289
2022/23,305,v2_full,0.14034824316599523,1.257800298830789,0.7929535123376288
2022/23,304,v2_full,0.015573119805673014,0.17831688150637875,0.040448905485932066
2022/23,303,v2_full,0.10603977348660273,0.5446764652229135,0.26544742979737673
2022/23,302,v2_full,0.15623007922059268,0.6897786064157674,0.37250738106706355
2022/23,301,v2_full,0.1664069416509499,0.7473165651131869,0.4170531350914784
2022/23,300,v2_full,0.27846354030662746,1.9094684352480031,1.282559962327837
2022/23,299,v2_full,0.4233691236543886,1.4081010579991662,0.8996020427152398
2022/23,298,v2_full,0.195326020835214,0.8462090157077653,0.49094368656068954
2022/23,285,v2_full,0.22162812027294404,0.9387561564138854,0.5585854590673385
2022/23,297,v2_full,0.08988554533677448,0.4811299205837354,0.2188816992140182
2022/23,295,v2_full,0.22636320361555753,1.626873448371538,1.098269370565453
2022/23,294,v2_full,0.1406473025328759,1.2920056317055897,0.8073267792831229
2022/23,293,v2_full,0.1939085462050371,0.8611848325751482,0.5060798687418593
2022/23,292,v2_full,0.16045567902347452,1.4295121869154095,0.8993846409878413
2022/23,291,v2_full,0.14032329379863942,1.302677999966066,0.8109175613942236
2022/23,290,v2_full,0.3305050384888665,1.2148803237617625,0.748200319654418
2022/23,289,v2_full,0.2045431161070802,0.8349780148431921,0.4811571413073179
2022/23,288,v2_full,0.023841530283337138,0.22978424263678313,0.06481358848705285
2022/23,287,v2_full,0.12849290169963207,1.2600240282004307,0.7701471218708823
2022/23,296,v2_full,0.38351731803258077,1.3259303368672475,0.8332596411809117
2022/23,261,v2_full,0.15446576911192675,0.6960898820629604,0.37745016680877136
2022/23,260,v2_full,0.28696904382457966,1.0653630396787424,0.6497871787872767
2022/23,259,v2_full,0.38792056844901135,1.4035795938548048,0.8654966972121008
2022/23,234,v2_full,0.24871437028099952,0.9687818842439727,0.578709455944257
2022/23,233,v2_full,0.1538932225729289,1.337646971546112,0.8517479731428966
2022/23,232,v2_full,0.21120686179978335,0.9068559769484353,0.5362945295833078
2022/23,231,v2_full,0.07383860015124905,0.43136172760818187,0.1847469788910049
2022/23,230,v2_full,0.21267677474619295,1.5367420798989875,1.0414518932865215
2022/23,229,v2_full,0.15375125002798334,1.3134875933374421,0.8420379706615453
2022/23,228,v2_full,0.24001951118994908,0.9434316885076824,0.5604067489780895
2022/23,227,v2_full,0.677677352612901,2.2823192714632943,1.3799984913010306
2022/23,226,v2_full,0.21213522033122972,1.500574469681671,1.0279963086610986
2022/23,235,v2_full,0.22775388488524018,1.611180237660061,1.096064949629739
2022/23,225,v2_full,0.166692555045146,1.397599620872695,0.9001086067233502
2022/23,223,v2_full,0.24669879700451758,1.0169816515065955,0.6125192755938088
2022/23,222,v2_full,0.14668081919631332,1.2908336691873368,0.8189266188781062
2022/23,221,v2_full,0.5819610310017951,1.8888466102379668,1.19732570327964
2022/23,220,v2_full,0.3218564505416044,1.1586455526296575,0.7167006228964533
2022/23,219,v2_full,0.1496293441732116,0.688872639674183,0.37278177854260497
2022/23,218,v2_full,0.17791369397941426,0.7734266766725062,0.43541704868940784
2022/23,217,v2_full,0.1568289529577944,1.3533677255235737,0.8636749221282558
2022/23,216,v2_full,0.13644533320284044,1.1802904101034248,0.7528770349372415
2022/23,215,v2_full,0.18478454707725273,0.7809087909415394,0.44069990924129676
2022/23,224,v2_full,0.3638687021294238,1.2443349806509563,0.7861951218260602
2022/23,236,v2_full,0.12638497183557956,0.6083947942083505,0.3120888586015245
2022/23,214,v2_full,0.12663962678833712,0.6089415534599332,0.31247030001208087
2022/23,238,v2_full,0.08534963502189415,0.48197048941714565,0.22181698459894375
2022/23,237,v2_full,0.12679841340598952,0.6097374711127741,0.31308729180437395
2022/23,258,v2_full,0.24147064626698003,0.9261664332853955,0.5506014812991105
2022/23,257,v2_full,0.3958178920707311,1.3923770393422858,0.86738098107758
2022/23,256,v2_full,0.3367604604342125,1.2590876147580787,0.7728485150738436
2022/23,255,v2_full,0.43658998711194386,1.4420204442560733,0.923748979940306
2022/23,254,v2_full,0.10886157865319683,0.5496451969518111,0.2685966589513293
2022/23,252,v2_full,0.15660162814555542,1.296807275096354,0.8411460169906181
2022/23,251,v2_full,0.2560419229897497,0.9868840902570508,0.5920852646602328
2022/23,250,v2_full,0.13686757174160802,1.3467321051268435,0.821203703240504
2022/23,249,v2_full,0.26124851324552256,1.7677693185531336,1.210213338597114
2022/23,253,v2_full,0.1365013650081644,1.3012305143644498,0.8027004535765834
2022/23,247,v2_full,0.016158148296681395,0.1820412069213652,0.04201643517544637
2022/23,246,v2_full,0.1427265198775594,1.367095452552859,0.8407073771445733
2022/23,245,v2_full,0.16814523860034783,1.393777849393445,0.9015897850437328
2022/23,239,v2_full,0.1642200160178873,0.7303663604087063,0.40332316484604136
2022/23,244,v2_full,0.2387081106933946,0.945835913348322,0.5616508953137156
2022/23,243,v2_full,0.1404031433223883,0.6596195380275068,0.3509576506068375
2022/23,242,v2_full,0.23863669655058925,0.9424709602819135,0.5594501513085457
2022/23,241,v2_full,0.22795328255053102,0.8975573636642936,0.5280057995233391
2022/23,240,v2_full,0.10788771947085621,0.5389353791923159,0.26038896153740915
2022/23,248,v2_full,0.14588759605052426,1.285841328005929,0.8153462075536569
2022/23,276,bookmaker,0.1419800153284823,0.6530037548352746,0.3450167509166636
2022/23,277,bookmaker,0.33437183233191675,1.2305217719198498,0.7577711888130176
2022/23,278,bookmaker,0.3102368621341721,1.1271423331775725,0.6943296750086863
2022/23,283,bookmaker,0.02644902415181155,0.23911634585561245,0.06855237822225102
2022/23,280,bookmaker,0.15260584468635052,0.6829717024448112,0.36737575637795683
2022/23,281,bookmaker,0.2165908020058233,0.8627366190768945,0.5024486367963973
2022/23,282,bookmaker,0.01317248832083733,0.16688775066411332,0.036658466210577306
2022/23,275,bookmaker,0.25370863780725567,0.9500175294398211,0.5703587753461734
2022/23,279,bookmaker,0.08463768233424732,0.46106570803999725,0.2046967426895584
2022/23,274,bookmaker,0.1864711968684959,0.777176615317973,0.4383027826858358
2022/23,268,bookmaker,0.054199879656716375,0.3632672854003364,0.14066445276941447
2022/23,272,bookmaker,0.49557527449204425,1.6648268316745478,1.045453214083281
2022/23,271,bookmaker,0.523730585266821,1.7585494621180617,1.0984187409920354
2022/23,270,bookmaker,0.006316962648746924,0.11215059759957237,0.017389233482964783
2022/23,269,bookmaker,0.2105915750074759,0.8460841051531776,0.48997749092191883
2022/23,267,bookmaker,0.19945000212945807,1.522893934377962,1.0102991032455106
2022/23,266,bookmaker,0.301808176874327,1.1202224796639133,0.6859772129524297
2022/23,265,bookmaker,0.12336347770116278,1.2088410121009479,0.7387687564463272
2022/23,264,bookmaker,0.11396812629418389,0.5661954404023046,0.28071850543887517
2022/23,263,bookmaker,0.24622790251238957,0.9377519062489816,0.5595022046197116
2022/23,273,bookmaker,0.03108064366026194,0.26331276829343875,0.08146162775364649
2022/23,284,bookmaker,0.18228783306263113,0.7689109351701238,0.43187560313567613
2022/23,306,bookmaker,0.7186279750214781,2.448677331737792,1.4561115449596742
2022/23,286,bookmaker,0.16336228150994783,0.7064011453086227,0.3852029535782982
2022/23,262,bookmaker,0.2270349128464684,1.6661467825130707,1.1118332874194348
2022/23,305,bookmaker,0.21252505733521165,1.6033367080385723,1.0630932592861577
2022/23,304,bookmaker,0.0903758538957337,0.4806274975092739,0.21845606629013298
2022/23,303,bookmaker,0.16508808584393944,0.7128145833772112,0.38996313379627023
2022/23,302,bookmaker,0.0727521215864477,0.42182312303995506,0.17777311842220833
2022/23,301,bookmaker,0.16596265928434828,0.7158821825162665,0.39224881196856654
2022/23,300,bookmaker,0.3186581828625076,2.0792280626106483,1.4028946629059296
2022/23,299,bookmaker,0.4687771174936408,1.5237885189344929,0.9821944405864969
2022/23,298,bookmaker,0.0730453543953331,0.4350687879460724,0.1883967680253027
2022/23,285,bookmaker,0.17183005129095513,0.7737352932101869,0.4382314431512363
2022/23,297,bookmaker,0.06431188854287291,0.3928713100971701,0.15854702074053742
2022/23,295,bookmaker,0.2835191592093028,1.8457929847829286,1.2761706292413597
2022/23,294,bookmaker,0.1376493844255865,1.3486747250704822,0.8235145433883719
2022/23,293,bookmaker,0.2088013228500435,0.8591123084418524,0.498492043991169
2022/23,292,bookmaker,0.1408885158231428,1.382460490609169,0.8428374928888895
2022/23,291,bookmaker,0.13937633826751014,1.3706816617521766,0.8353674459739584
2022/23,290,bookmaker,0.5426892999200978,1.7858332619369826,1.1277228871530098
2022/23,289,bookmaker,0.20378180455551334,0.8245863607956814,0.47410696411284947
2022/23,288,bookmaker,0.027328198524207342,0.24596950157605524,0.0725427156618458
2022/23,287,bookmaker,0.1320201106498754,1.2967833369661197,0.7919734711206394
2022/23,296,bookmaker,0.2625791632592414,1.003448877221204,0.6042770759953717
2022/23,261,bookmaker,0.1304237872465141,0.6345168789054054,0.33347224024200495
2022/23,260,bookmaker,0.27010934321119756,1.021953973964203,0.617998273255074
2022/23,259,bookmaker,0.3027197104909485,1.1274542974280648,0.6901701554873332
2022/23,234,bookmaker,0.35130966608386405,1.231876264773544,0.7701840233163426
2022/23,233,bookmaker,0.13656529299626352,1.2885973007462141,0.7978031124626871
2022/23,232,bookmaker,0.18450143124821325,0.8084658601020487,0.46282836116581727
2022/23,231,bookmaker,0.08188946420674813,0.45714723359460613,0.2022607500470728
2022/23,230,bookmaker,0.20002232520598345,1.5145356019880891,1.0085846106811043
2022/23,229,bookmaker,0.1551503005629796,1.2771321305426444,0.8303783762003284
2022/23,228,bookmaker,0.1399071628003485,0.6540502304361187,0.34633190959029303
2022/23,227,bookmaker,0.5688104298944122,1.924957290536618,1.1839699529406817
2022/23,226,bookmaker,0.20641629029947922,1.5017348836022966,1.0169604170053117
2022/23,235,bookmaker,0.18321497507316561,1.4261558519537707,0.9436794432623186
2022/23,225,bookmaker,0.1403133153701509,1.2507226040705066,0.7899974009172344
2022/23,223,bookmaker,0.2097911712353151,0.8892997960473076,0.5217409754360982
2022/23,222,bookmaker,0.12934560561877173,1.2570297461686013,0.7706346044992739
2022/23,221,bookmaker,0.5415209750916736,1.8205422337567236,1.131908638859966
2022/23,220,bookmaker,0.4000838464493946,1.4141133191417796,0.8786041609979588
2022/23,219,bookmaker,0.08922751352316995,0.48577942940724395,0.22273744050064273
2022/23,218,bookmaker,0.15555610760865918,0.6975568361217891,0.378448055396221
2022/23,217,bookmaker,0.16265607426609308,1.4322411096886487,0.9047783816170392
2022/23,216,bookmaker,0.11532789005942937,1.1356693981070414,0.6914156708474366
2022/23,215,bookmaker,0.17813325303676097,0.7635951950728074,0.4277533394004543
2022/23,224,bookmaker,0.46040873397524334,1.5160544467520518,0.9701333162536975
2022/23,236,bookmaker,0.1467412011989011,0.6655109200187063,0.3543044994167802
2022/23,214,bookmaker,0.13927172071120508,0.6525446665689943,0.3452616202106891
2022/23,238,bookmaker,0.10452719862077195,0.5429020887360775,0.2646523907521088
2022/23,237,bookmaker,0.10820935885051716,0.5618443090718472,0.2798872600953174
2022/23,258,bookmaker,0.201560552209738,0.8210843349561253,0.47120575995339953
2022/23,257,bookmaker,0.32420927463010485,1.1757852350513331,0.7260844194441265
2022/23,256,bookmaker,0.3249826738497344,1.1724310253056112,0.7250717715186643
2022/23,255,bookmaker,0.5591799330974538,1.8603924194601562,1.1615005134899445
2022/23,254,bookmaker,0.09519907355895507,0.5007728238477926,0.2329544334619195
2022/23,252,bookmaker,0.16701171733078796,1.3280844987279299,0.8742714354922502
2022/23,251,bookmaker,0.2699341396995241,1.038020834689453,0.6271794738361509
2022/23,250,bookmaker,0.13333349856019733,1.3053866549370603,0.7980092876482515
2022/23,249,bookmaker,0.3380435196348173,2.17356883203942,1.4614891235576914
2022/23,253,bookmaker,0.13994184418236527,1.3214025885864857,0.8175232900678512
2022/23,247,bookmaker,0.023862078341492555,0.23224486556055526,0.06681381935617915
2022/23,246,bookmaker,0.13806452975617337,1.3452321137124679,0.8230200139254706
2022/23,245,bookmaker,0.15755441284065974,1.4009596265518922,0.8830814174222631
2022/23,239,bookmaker,0.18119953222709825,0.783779290031629,0.4431093010058281
2022/23,244,bookmaker,0.2203117293046884,0.8962847534916255,0.5255886193438
2022/23,243,bookmaker,0.1542757216458207,0.6900941004812239,0.37274426905501234
2022/23,242,bookmaker,0.2228852128150957,0.9065365983661035,0.5329805809138639
2022/23,241,bookmaker,0.2506140776935916,0.9585923710807706,0.573381229522043
2022/23,240,bookmaker,0.07228992374332323,0.42958766495726136,0.18410598971934955
2022/23,248,bookmaker,0.12329578238922712,1.2115075875491117,0.7397493525341139
2022/23,276,soft_blend_h10,0.06953387142085886,0.4202945355626538,0.17793171613217912
2022/23,277,soft_blend_h10,0.28640055396385744,1.1444138325055684,0.697124888038001
2022/23,278,soft_blend_h10,0.3992597604690672,1.3766709685199794,0.8651105026344605
2022/23,283,soft_blend_h10,0.025123929168285358,0.22866101946964676,0.06287744146267668
2022/23,280,soft_blend_h10,0.13777833013158572,0.6592060006765242,0.35202714398568424
2022/23,281,soft_blend_h10,0.23765068868151645,0.9070428457498604,0.5379207792583311
2022/23,282,soft_blend_h10,0.013485415113060454,0.16036598871965188,0.03295180822477571
2022/23,275,soft_blend_h10,0.181914722682469,0.8152371324407454,0.4708335082456732
2022/23,279,soft_blend_h10,0.08009685882065294,0.44782507728327436,0.1955798156258766
2022/23,274,soft_blend_h10,0.15292188342906482,0.6541950935996582,0.3481618513388717
2022/23,268,soft_blend_h10,0.0595660478055641,0.3874047989856552,0.15707875534690968
2022/23,272,soft_blend_h10,0.43704546192003146,1.4535738652936945,0.9272725033333509
2022/23,271,soft_blend_h10,0.4214302768906821,1.4653266672301404,0.9144148288744859
2022/23,270,soft_blend_h10,0.022411018720885797,0.21578581554589862,0.0568194498280501
2022/23,269,soft_blend_h10,0.2381252235322624,0.9098711064646169,0.539741696410672
2022/23,267,soft_blend_h10,0.2014428661804355,1.5101610088024797,1.0099224136581173
2022/23,266,soft_blend_h10,0.4536295006333825,1.6092598498710615,0.9873130756347218
2022/23,265,soft_blend_h10,0.14242472979812268,1.2371355088937115,0.7886451358734407
2022/23,264,soft_blend_h10,0.1977523884406442,0.8082292644002134,0.4617460369720079
2022/23,263,soft_blend_h10,0.2535971344058705,0.9869947539477124,0.5913732811158849
2022/23,273,soft_blend_h10,0.05111359075210186,0.343299751337626,0.12693323712515014
2022/23,284,soft_blend_h10,0.21719909856004654,0.887842327586386,0.519436546567012
2022/23,306,soft_blend_h10,0.5570897575383029,1.819926247503327,1.1526312147327362
2022/23,286,soft_blend_h10,0.24136738317951784,0.9543324559178341,0.5677185307782673
2022/23,262,soft_blend_h10,0.19902536698626025,1.637402308710502,1.0469057974554663
2022/23,305,soft_blend_h10,0.12427485608306636,1.1330155948878458,0.7081515607974986
2022/23,304,soft_blend_h10,0.014364085129514838,0.16745970586581996,0.03575159193455995
2022/23,303,soft_blend_h10,0.21399348816545757,0.8481829579824378,0.4924860819353035
2022/23,302,soft_blend_h10,0.10730567643050214,0.5353694109549032,0.2577743183548624
2022/23,301,soft_blend_h10,0.23416779453069042,0.9690603812292738,0.5785907628407715
2022/23,300,soft_blend_h10,0.2505773774302992,1.8000088180974496,1.1978831342130285
2022/23,299,soft_blend_h10,0.4908308662290458,1.6025014064427132,1.0266858700520114
2022/23,298,soft_blend_h10,0.2303737543616402,0.9597311306459334,0.5723483245657681
2022/23,285,soft_blend_h10,0.24639384701423828,1.0199416112938509,0.6150066241194942
2022/23,297,soft_blend_h10,0.06733838459734036,0.4006263207775649,0.1634929196937236
2022/23,295,soft_blend_h10,0.21885480814124827,1.5912734056782323,1.0718573013956603
2022/23,294,soft_blend_h10,0.12382474113671102,1.1496495676339666,0.7144831213226869
2022/23,293,soft_blend_h10,0.22520322922089095,0.9764179018711779,0.5907640448166355
2022/23,292,soft_blend_h10,0.1555222584951776,1.4774436537488949,0.9066883396420077
2022/23,291,soft_blend_h10,0.16191487837321047,1.3905837467120026,0.8879359764969026
2022/23,290,soft_blend_h10,0.29057847051634483,1.1001592295197216,0.6701791671392263
2022/23,289,soft_blend_h10,0.21605412255770695,0.8638433218109595,0.5029843883222977
2022/23,288,soft_blend_h10,0.017445794028325974,0.18809907712601323,0.044372371912159314
2022/23,287,soft_blend_h10,0.13310518305515473,1.2723423375148224,0.7843589882418087
2022/23,296,soft_blend_h10,0.44403482614153345,1.47983682996974,0.9420517371948959
2022/23,261,soft_blend_h10,0.2517723554409552,0.9933740591286639,0.5950409930010847
2022/23,260,soft_blend_h10,0.35538528325921337,1.2310585990388567,0.7734324747103666
2022/23,259,soft_blend_h10,0.3925941682439943,1.380298726780738,0.8603832624113404
2022/23,234,soft_blend_h10,0.16426608984347543,0.7315575966304486,0.40429524861932453
2022/23,233,soft_blend_h10,0.14711148397238846,1.4125484680786722,0.8664821080314629
2022/23,232,soft_blend_h10,0.2794004951955589,1.123884142851939,0.6839354431841993
2022/23,231,soft_blend_h10,0.05932391948594139,0.38059845894712285,0.1513126135410354
2022/23,230,soft_blend_h10,0.1509628030250753,1.310273200550135,0.8351959972482225
2022/23,229,soft_blend_h10,0.14591931169956163,1.2807834486371934,0.8133832144732279
2022/23,228,soft_blend_h10,0.21346245178065593,0.8590113739284848,0.4991469355122401
2022/23,227,soft_blend_h10,0.5229806977066218,1.6954073146057367,1.0861931532888565
2022/23,226,soft_blend_h10,0.1596233029749927,1.3420749622613573,0.864919993778273
2022/23,235,soft_blend_h10,0.23051031461482677,1.6206349847706758,1.1045886663194784
2022/23,225,soft_blend_h10,0.14896307247330165,1.3745740000950664,0.8560138391003702
2022/23,223,soft_blend_h10,0.2691190906180153,1.0849882901623127,0.658004767605837
2022/23,222,soft_blend_h10,0.12411658007500972,1.1830614659192997,0.7293981135834464
2022/23,221,soft_blend_h10,0.6305193361918932,2.0892428645352195,1.2912733489760138
2022/23,220,soft_blend_h10,0.2676854606853805,0.9989489009450853,0.604312745106703
2022/23,219,soft_blend_h10,0.26897299771962085,1.0368173055454628,0.6261675014737171
2022/23,218,soft_blend_h10,0.32189240633578264,1.1687570962527998,0.7213401810461506
2022/23,217,soft_blend_h10,0.12762840754922364,1.2413964185464765,0.7608056888637539
2022/23,216,soft_blend_h10,0.12632305000629104,1.206377503830397,0.7436553796179525
2022/23,215,soft_blend_h10,0.1741836513718936,0.7509352860611032,0.4182951916271378
2022/23,224,soft_blend_h10,0.6067037553362931,1.943200003820507,1.2404295490704866
2022/23,236,soft_blend_h10,0.1802004670386499,0.7530188717350781,0.42058937827777476
2022/23,214,soft_blend_h10,0.08479866342713835,0.4681641255004602,0.2100481310009705
2022/23,238,soft_blend_h10,0.0970730734286661,0.5208639906601937,0.24926496233297468
2022/23,237,soft_blend_h10,0.057818221236292176,0.37076145596931964,0.1443860013537461
2022/23,258,soft_blend_h10,0.12407643699875008,0.5885936625446713,0.29689964097847255
2022/23,257,soft_blend_h10,0.39068622110043505,1.3721835062194716,0.8558803544719895
2022/23,256,soft_blend_h10,0.31330254251724665,1.1992027890043677,0.7330508680802125
2022/23,255,soft_blend_h10,0.49478672279359137,1.611741308876534,1.033604553508949
2022/23,254,soft_blend_h10,0.14928207864411847,0.6630980097496456,0.352661560979852
2022/23,252,soft_blend_h10,0.12824512574634309,1.1441421394981013,0.7209365541800946
2022/23,251,soft_blend_h10,0.2379409397660488,0.9408481640532788,0.5582453035550525
2022/23,250,soft_blend_h10,0.14392404084642663,1.3818739377190108,0.8486879804076186
2022/23,249,soft_blend_h10,0.1873990921955534,1.566764512589534,1.0009231722505427
2022/23,253,soft_blend_h10,0.18958106071271466,1.4702990131944293,0.9722827550932078
2022/23,247,soft_blend_h10,0.016524150315487575,0.1808235676957444,0.041151169029228274
2022/23,246,soft_blend_h10,0.14754250810967412,1.3529205281511087,0.8449306286348899
2022/23,245,soft_blend_h10,0.14794250482069982,1.3133398929439812,0.8303624065096936
2022/23,239,soft_blend_h10,0.14545656572421944,0.6727930351647845,0.3604457490723564
2022/23,244,soft_blend_h10,0.30746171098479314,1.1439544312199394,0.701021274850756
2022/23,243,soft_blend_h10,0.17645010250309234,0.7577779976214161,0.42340882002943003
2022/23,242,soft_blend_h10,0.1362255413288046,0.6388918220315807,0.3347124636336025
2022/23,241,soft_blend_h10,0.21624567468983094,0.8434206913654658,0.4907374142266267
2022/23,240,soft_blend_h10,0.06689929341820514,0.4025517715510369,0.16496221349649837
2022/23,248,soft_blend_h10,0.13147162605501495,1.2741153731755472,0.7818066472234285
2022/23,276,soft_blend_h17,0.07562799760905348,0.44185295583641104,0.1925550854739651
2022/23,277,soft_blend_h17,0.2922282732773276,1.1663186319390075,0.7113084760026717
2022/23,278,soft_blend_h17,0.40877207277857475,1.4056374736422272,0.8835709228926771
2022/23,283,soft_blend_h17,0.026742973929838626,0.23703643541519429,0.0670436556251035
2022/23,280,soft_blend_h17,0.12394788541306472,0.6146851043815171,0.3190392988838704
2022/23,281,soft_blend_h17,0.26627206400602454,0.9795858134984009,0.5935723314905031
2022/23,282,soft_blend_h17,0.013272936373633977,0.15896239062261933,0.0324209736059697
2022/23,275,soft_blend_h17,0.19499772951763897,0.8530915295252504,0.49736597619809464
2022/23,279,soft_blend_h17,0.08094615910228027,0.45201910816481405,0.19855699248593875
2022/23,274,soft_blend_h17,0.15741770909094155,0.6663683337122099,0.35758035410796424
2022/23,268,soft_blend_h17,0.05622774093959658,0.3743090681069284,0.14852007298856598
2022/23,272,soft_blend_h17,0.46786642078698326,1.5389534202409592,0.9844379414780724
2022/23,271,soft_blend_h17,0.39920229149768627,1.3950340406021273,0.8712241876589473
2022/23,270,soft_blend_h17,0.020853511307414162,0.20687150820513045,0.0526289927946941
2022/23,269,soft_blend_h17,0.25471485833117913,0.9551239376488174,0.5736482950120588
2022/23,267,soft_blend_h17,0.20466012108310325,1.510645902979888,1.0165237842903976
2022/23,266,soft_blend_h17,0.4532614770929516,1.604823529925081,0.9857009147170726
2022/23,265,soft_blend_h17,0.14257117770454275,1.2283526492812726,0.7853102874559981
2022/23,264,soft_blend_h17,0.18373185238700449,0.7721202350661829,0.4343299549955955
2022/23,263,soft_blend_h17,0.2559372659042042,0.9916931798182792,0.5949437690920384
2022/23,273,soft_blend_h17,0.045826679658958126,0.3212756707037123,0.11346558428321721
2022/23,284,soft_blend_h17,0.23027700062526232,0.9217582157262457,0.544213845502133
2022/23,306,soft_blend_h17,0.5382919837315144,1.762294808751698,1.1180013652394634
2022/23,286,soft_blend_h17,0.2350403737934129,0.9374390360232875,0.5554594624114462
2022/23,262,soft_blend_h17,0.20664549856827863,1.675431200506166,1.0738902484756574
2022/23,305,soft_blend_h17,0.12172465989558916,1.1339465839884229,0.7034576088431443
2022/23,304,soft_blend_h17,0.014165929993804423,0.16598982538424215,0.03516495906718188
2022/23,303,soft_blend_h17,0.2014303778409005,0.8136329568171298,0.46635751732984476
2022/23,302,soft_blend_h17,0.12619750881971373,0.5925304136782915,0.2998757617455572
2022/23,301,soft_blend_h17,0.22601965789218853,0.9482403123030954,0.5645806940217383
2022/23,300,soft_blend_h17,0.2468618069780218,1.7875139204806207,1.1869867351456802
2022/23,299,soft_blend_h17,0.4968750885462401,1.615140873902587,1.0369730843847937
2022/23,298,soft_blend_h17,0.23292606864949789,0.9720593980124164,0.5814617160506892
2022/23,285,soft_blend_h17,0.24900417200034328,1.0295082823142538,0.621647243607131
2022/23,297,soft_blend_h17,0.06081618780041991,0.37635068361731555,0.14759048484758727
2022/23,295,soft_blend_h17,0.21535301676771754,1.580633185076619,1.0613886436724094
2022/23,294,soft_blend_h17,0.13383068255236413,1.20242273507001,0.7570100477661651
2022/23,293,soft_blend_h17,0.22880685394531816,0.9867661856639222,0.5973585629373842
2022/23,292,soft_blend_h17,0.15257594488736312,1.4701004421078228,0.8982022153969855
2022/23,291,soft_blend_h17,0.16135388306263782,1.3869181587164292,0.8854416415835504
2022/23,290,soft_blend_h17,0.2968032098168015,1.1147011790553403,0.6806930360978529
2022/23,289,soft_blend_h17,0.21216631798582433,0.8538030551630359,0.4954115995327063
2022/23,288,soft_blend_h17,0.017463413079496608,0.18815604118111875,0.044391794884787936
2022/23,287,soft_blend_h17,0.13307599087958694,1.2760082817038685,0.78577761962351
2022/23,296,soft_blend_h17,0.45701666024616694,1.5183992797404502,0.9666677889121453
2022/23,261,soft_blend_h17,0.254855702636994,1.003753509749366,0.602292512128354
2022/23,260,soft_blend_h17,0.37728083002819424,1.2816737710294286,0.8121997577529071
2022/23,259,soft_blend_h17,0.38053682810367195,1.3512741098132273,0.839926692648815
2022/23,234,soft_blend_h17,0.18536826459504369,0.7866359155001453,0.4449260018443453
2022/23,233,soft_blend_h17,0.14339435197550313,1.4151449096591648,0.8600036295708982
2022/23,232,soft_blend_h17,0.2694227731426071,1.1006526950581468,0.6695835091583519
2022/23,231,soft_blend_h17,0.05727470679380968,0.37239177841150467,0.1459480838862
2022/23,230,soft_blend_h17,0.15371392618378232,1.29703905329891,0.8354626937154384
2022/23,229,soft_blend_h17,0.14854779519938502,1.2972899673046185,0.825230099643365
2022/23,228,soft_blend_h17,0.22481599880348405,0.8924108581576389,0.5237845974664257
2022/23,227,soft_blend_h17,0.5508393662266147,1.7903060268902755,1.1395577664005354
2022/23,226,soft_blend_h17,0.16569905304328972,1.3528929821013778,0.8812331588969161
2022/23,235,soft_blend_h17,0.2258155199645685,1.6046841663222997,1.090107127973892
2022/23,225,soft_blend_h17,0.15827646183859834,1.409661355057155,0.8877473004777906
2022/23,223,soft_blend_h17,0.26078037456416664,1.0665405393607548,0.6464102725863222
2022/23,222,soft_blend_h17,0.12535879478497663,1.2223486525674436,0.7483948050666834
2022/23,221,soft_blend_h17,0.6463421858692232,2.131860234880721,1.319305036944642
2022/23,220,soft_blend_h17,0.25226681551873137,0.9571180746607514,0.5733572028433802
2022/23,219,soft_blend_h17,0.2757342252596356,1.0635922773715667,0.64416921904727
2022/23,218,soft_blend_h17,0.2942527977980192,1.0838098345844278,0.6633302163583121
2022/23,217,soft_blend_h17,0.12772601904115244,1.2461979264242715,0.7629712370893423
2022/23,216,soft_blend_h17,0.13390750404000307,1.230288607740229,0.7687841949957702
2022/23,215,soft_blend_h17,0.1627266186096748,0.7182221149227827,0.39385969510487673
2022/23,224,soft_blend_h17,0.6083994902074271,1.9431199321525643,1.2430149125104624
2022/23,236,soft_blend_h17,0.18883556744004862,0.7767102109387864,0.4386101387403746
2022/23,214,soft_blend_h17,0.08217722032617275,0.4582152025899314,0.2030106888913882
2022/23,238,soft_blend_h17,0.09372643285193467,0.5098728822780886,0.24144636053309507
2022/23,237,soft_blend_h17,0.05064953109813235,0.34229686139169335,0.12639409609025415
2022/23,258,soft_blend_h17,0.11182383986210492,0.5495983790517965,0.2681634898700841
2022/23,257,soft_blend_h17,0.37160527056114645,1.3105916026007605,0.817349200441677
2022/23,256,soft_blend_h17,0.31816379632603375,1.2185604956933391,0.7451460587573442
2022/23,255,soft_blend_h17,0.4703565345392159,1.5392822485299331,0.9875713517076347
2022/23,254,soft_blend_h17,0.13981519513409793,0.6355716896701331,0.33195131571891345
2022/23,252,soft_blend_h17,0.13357728088340273,1.1720477154757518,0.743624406857659
2022/23,251,soft_blend_h17,0.24220352751116528,0.9519481643271068,0.5663731986469343
2022/23,250,soft_blend_h17,0.14444300185572065,1.3957757510082418,0.854930287992705
2022/23,249,soft_blend_h17,0.20661080028082598,1.6482746773060717,1.0654691731460548
2022/23,253,soft_blend_h17,0.18009297780755612,1.428920838780834,0.9384438247151389
2022/23,247,soft_blend_h17,0.015317229740641803,0.17293849768033312,0.03789916364117497
2022/23,246,soft_blend_h17,0.14990259676472753,1.3541885250886583,0.8501366794968972
2022/23,245,soft_blend_h17,0.14761214750793572,1.3196437484881915,0.8321754552609325
2022/23,239,soft_blend_h17,0.13193766953881417,0.6336325432057783,0.3317580001673498
2022/23,244,soft_blend_h17,0.29003096007191875,1.1005253444228178,0.670179933809834
2022/23,243,soft_blend_h17,0.1866337972109176,0.7873362581010948,0.4454752735093284
2022/23,242,soft_blend_h17,0.15507675971049906,0.7019840350040024,0.3821469481601371
2022/23,241,soft_blend_h17,0.25457518449363925,0.9375587896732719,0.564666682712061
2022/23,240,soft_blend_h17,0.0562227366416527,0.3612355405089243,0.1380206211078066
2022/23,248,soft_blend_h17,0.13587510151673501,1.2961227534159774,0.7994209398246108
2022/23,276,cosine_taper_k30,0.06520030207812663,0.4046690405915667,0.1675139920397679
2022/23,277,cosine_taper_k30,0.2821350816093516,1.1285419824571288,0.686743509138763
2022/23,278,cosine_taper_k30,0.39231351347605337,1.3558082751192262,0.8516361534420538
2022/23,283,cosine_taper_k30,0.024016066692287463,0.22281473523591977,0.060028933518336075
2022/23,280,cosine_taper_k30,0.14794630880713439,0.6917351660312605,0.37622311279722676
2022/23,281,cosine_taper_k30,0.21859939371275272,0.8590219995551212,0.5009490749330533
2022/23,282,cosine_taper_k30,0.013635801617102986,0.16135391194294388,0.03332757985569858
2022/23,275,cosine_taper_k30,0.17258959662346482,0.7881775946804245,0.4519130710981867
2022/23,279,cosine_taper_k30,0.07947464151711685,0.4447394869716905,0.1934058530494941
2022/23,274,cosine_taper_k30,0.1496453169319357,0.6453006274627243,0.34129490920392863
2022/23,268,cosine_taper_k30,0.06222435773253793,0.39769150047849505,0.16388956117850906
2022/23,272,cosine_taper_k30,0.41506382748212045,1.3949019373804876,0.8867409236281723
2022/23,271,cosine_taper_k30,0.43826089957082154,1.5205976169633262,0.9471488820207619
2022/23,270,cosine_taper_k30,0.023659438543881018,0.22276181557178196,0.060186044869916924
2022/23,269,cosine_taper_k30,0.22564916547311467,0.8760981013650425,0.5142277614860484
2022/23,267,cosine_taper_k30,0.19901292278249744,1.5097847144133876,1.0049329972225804
2022/23,266,cosine_taper_k30,0.4539160710935961,1.6127176904870741,0.9885697275655398
2022/23,265,cosine_taper_k30,0.1423357984538637,1.244007834675296,0.7912927778392962
2022/23,264,cosine_taper_k30,0.2090361634465001,0.8371908213044252,0.48383038804221545
2022/23,263,cosine_taper_k30,0.25179170150811275,0.9833622067271945,0.588629087327911
2022/23,273,cosine_taper_k30,0.0552031019290163,0.35987925386281905,0.1373646929013879
2022/23,284,cosine_taper_k30,0.20827306618206803,0.8646695159082387,0.5025603269690514
2022/23,306,cosine_taper_k30,0.5693033344758246,1.8585764920053782,1.1752207586186132
2022/23,286,cosine_taper_k30,0.24587244557692017,0.9663818737577982,0.5764515498502317
2022/23,262,cosine_taper_k30,0.19332087493185043,1.6088439256626559,1.0264516317556114
2022/23,305,cosine_taper_k30,0.12613502464652543,1.132421075860176,0.7116122457463223
2022/23,304,cosine_taper_k30,0.01449153733998117,0.16840020384332857,0.036129496137069915
2022/23,303,cosine_taper_k30,0.22223042856802208,0.8709050976223992,0.5096046477387879
2022/23,302,cosine_taper_k30,0.09604886811973999,0.5004794301722082,0.23260909686460618
2022/23,301,cosine_taper_k30,0.23947660558069936,0.982596666289028,0.5877596141081345
2022/23,300,cosine_taper_k30,0.25298139970716566,1.8080765578803195,1.2049102662163382
2022/23,299,cosine_taper_k30,0.4869958413837009,1.5945067046233883,1.020186200891842
2022/23,298,cosine_taper_k30,0.2287549895323712,0.9519312969119372,0.5665859378593248
2022/23,285,cosine_taper_k30,0.244567008477084,1.0132705213046074,0.6103596045862845
2022/23,297,cosine_taper_k30,0.07189392111497332,0.4172264362607074,0.17460229197621904
2022/23,295,cosine_taper_k30,0.22123518311615076,1.5984659545069984,1.0789448761671436
2022/23,294,cosine_taper_k30,0.11777930825618449,1.1157893805451784,0.6876043566893786
2022/23,293,cosine_taper_k30,0.2228096398053201,0.9695442354547911,0.5863881306190524
2022/23,292,cosine_taper_k30,0.15777046660142297,1.4823937629060844,0.9129255000753232
2022/23,291,cosine_taper_k30,0.1622916042639778,1.3930471380577731,0.88960979992326
2022/23,290,cosine_taper_k30,0.2864573632897949,1.0905334576072285,0.6632456647999436
2022/23,289,cosine_taper_k30,0.21868099199409785,0.8706268904738357,0.5081024046949151
2022/23,288,cosine_taper_k30,0.017433418879631256,0.1880590328057179,0.04435874770145181
2022/23,287,cosine_taper_k30,0.13314013765238897,1.2697731658235063,0.783391799975313
2022/23,296,cosine_taper_k30,0.43545319756653267,1.4548085858035593,0.925800879063682
2022/23,261,cosine_taper_k30,0.2493175576425783,0.9851419096368533,0.589267566237004
2022/23,260,cosine_taper_k30,0.3384449283350801,1.1923083879462077,0.7437247603896542
2022/23,259,cosine_taper_k30,0.40242722131965497,1.4041567455204822,0.8771835415992293
2022/23,234,cosine_taper_k30,0.15019799678307452,0.694248246003414,0.37728532671302395
2022/23,233,cosine_taper_k30,0.1532965762846635,1.410710725058991,0.878174776489818
2022/23,232,cosine_taper_k30,0.2866588518123866,1.140697154244994,0.6945516375688396
2022/23,231,cosine_taper_k30,0.06079944750495486,0.38646108606278523,0.1551769702080563
2022/23,230,cosine_taper_k30,0.14926981771956377,1.3197683573844734,0.8355395951702722
2022/23,229,cosine_taper_k30,0.14407924200005057,1.269237343918112,0.8050535086296617
2022/23,228,cosine_taper_k30,0.20559091755229014,0.8359776023258948,0.48204983022649694
2022/23,227,cosine_taper_k30,0.5036949454411039,1.633163091994181,1.0493335597229283
2022/23,226,cosine_taper_k30,0.15561530393609624,1.3344713898954652,0.85396144614919
2022/23,235,cosine_taper_k30,0.23416167627900258,1.633005445283049,1.1157984892037454
2022/23,225,cosine_taper_k30,0.1438582812606337,1.35299986617713,0.8375925876121512
2022/23,223,cosine_taper_k30,0.27450883146095445,1.096835011517746,0.6656237380638375
2022/23,222,cosine_taper_k30,0.1243718700646644,1.158985593784811,0.7196082176751704
2022/23,221,cosine_taper_k30,0.6206551870254484,2.0631951529796146,1.2739497038168692
2022/23,220,cosine_taper_k30,0.2776899464223392,1.0263405877908929,0.6243965654400148
2022/23,219,cosine_taper_k30,0.26474361539841007,1.0202444655342642,0.6149327883182769
2022/23,218,cosine_taper_k30,0.34003066812942795,1.2264696976226996,0.7593692191744488
2022/23,217,cosine_taper_k30,0.12760609808471143,1.238371239216706,0.7595167826039422
2022/23,216,cosine_taper_k30,0.12317964728315099,1.193778924382751,0.7320654167335904
2022/23,215,cosine_taper_k30,0.18050046619793128,0.7689402352358089,0.4317521042678458
2022/23,224,cosine_taper_k30,0.6056342947499647,1.9432506538883831,1.238806806654922
2022/23,236,cosine_taper_k30,0.1737407350045853,0.7352750278648742,0.4070991516557626
2022/23,214,cosine_taper_k30,0.08622272248110643,0.47354370500992005,0.21387597474357695
2022/23,238,cosine_taper_k30,0.09967274101196724,0.5293503815403825,0.2553325811682727
2022/23,237,cosine_taper_k30,0.06361963223626195,0.3930864128663361,0.15895071290756538
2022/23,258,cosine_taper_k30,0.13434481957071379,0.6209450573373962,0.3209618322343256
2022/23,257,cosine_taper_k30,0.4063197542469572,1.4243787777146066,0.887443681260073
2022/23,256,cosine_taper_k30,0.3094383849254432,1.183971898871414,0.7234419884380462
2022/23,255,cosine_taper_k30,0.5148430520024612,1.673786022261998,1.0715173573020864
2022/23,254,cosine_taper_k30,0.15708956559256412,0.6856931994186329,0.36972003949962967
2022/23,252,cosine_taper_k30,0.12417476431982621,1.1224773595815634,0.7033369002865402
2022/23,251,cosine_taper_k30,0.23457977153445325,0.9321016303621931,0.5518398221445915
2022/23,250,cosine_taper_k30,0.14358133311082516,1.370946885288424,0.843877920824622
2022/23,249,cosine_taper_k30,0.17376071543576868,1.5063327356822018,0.9532386979271947
2022/23,253,cosine_taper_k30,0.1975235732096173,1.504703614152199,1.0002018398168617
2022/23,247,cosine_taper_k30,0.017518226042527917,0.18714349803992972,0.04383905039195259
2022/23,246,cosine_taper_k30,0.1458245773179032,1.3519125624480914,0.8411082463446364
2022/23,245,cosine_taper_k30,0.14822966660295858,1.3083513219088738,0.8289721098030672
2022/23,239,cosine_taper_k30,0.1562740341579502,0.703806315032654,0.38335565770585034
2022/23,244,cosine_taper_k30,0.32178902605693743,1.179917181777701,0.726542077217105
2022/23,243,cosine_taper_k30,0.16886304515704814,0.7357519945583267,0.40694919742791374
2022/23,242,cosine_taper_k30,0.12263677957760574,0.5931999429149417,0.3005700953638657
2022/23,241,cosine_taper_k30,0.18927436706097142,0.7769809349926418,0.43892624397817315
2022/23,240,cosine_taper_k30,0.07569020309975069,0.435336694766393,0.18718940369314535
2022/23,248,cosine_taper_k30,0.12861106833105,1.2569408264003992,0.7691293281511116
2022/23,276,current_only,0.06520030207812663,0.4046690405915667,0.1675139920397679
2022/23,277,current_only,0.2821350816093516,1.1285419824571288,0.686743509138763
2022/23,278,current_only,0.39231351347605337,1.3558082751192262,0.8516361534420538
2022/23,283,current_only,0.024016066692287463,0.22281473523591977,0.060028933518336075
2022/23,280,current_only,0.14794630880713439,0.6917351660312605,0.37622311279722676
2022/23,281,current_only,0.21859939371275272,0.8590219995551212,0.5009490749330533
2022/23,282,current_only,0.013635801617102986,0.16135391194294388,0.03332757985569858
2022/23,275,current_only,0.17258959662346482,0.7881775946804245,0.4519130710981867
2022/23,279,current_only,0.07947464151711685,0.4447394869716905,0.1934058530494941
2022/23,274,current_only,0.1496453169319357,0.6453006274627243,0.34129490920392863
2022/23,268,current_only,0.06222435773253793,0.39769150047849505,0.16388956117850906
2022/23,272,current_only,0.41506382748212045,1.3949019373804876,0.8867409236281723
2022/23,271,current_only,0.43826089957082154,1.5205976169633262,0.9471488820207619
2022/23,270,current_only,0.023659438543881018,0.22276181557178196,0.060186044869916924
2022/23,269,current_only,0.22564916547311467,0.8760981013650425,0.5142277614860484
2022/23,267,current_only,0.19901292278249744,1.5097847144133876,1.0049329972225804
2022/23,266,current_only,0.4539160710935961,1.6127176904870741,0.9885697275655398
2022/23,265,current_only,0.1423357984538637,1.244007834675296,0.7912927778392962
2022/23,264,current_only,0.2090361634465001,0.8371908213044252,0.48383038804221545
2022/23,263,current_only,0.25179170150811275,0.9833622067271945,0.588629087327911
2022/23,273,current_only,0.0552031019290163,0.35987925386281905,0.1373646929013879
2022/23,284,current_only,0.20827306618206803,0.8646695159082387,0.5025603269690514
2022/23,306,current_only,0.5693033344758246,1.8585764920053782,1.1752207586186132
2022/23,286,current_only,0.24587244557692017,0.9663818737577982,0.5764515498502317
2022/23,262,current_only,0.19332087493185043,1.6088439256626559,1.0264516317556114
2022/23,305,current_only,0.12613502464652543,1.132421075860176,0.7116122457463223
2022/23,304,current_only,0.01449153733998117,0.16840020384332857,0.036129496137069915
2022/23,303,current_only,0.22223042856802208,0.8709050976223992,0.5096046477387879
2022/23,302,current_only,0.09604886811973999,0.5004794301722082,0.23260909686460618
2022/23,301,current_only,0.23947660558069936,0.982596666289028,0.5877596141081345
2022/23,300,current_only,0.25298139970716566,1.8080765578803195,1.2049102662163382
2022/23,299,current_only,0.4869958413837009,1.5945067046233883,1.020186200891842
2022/23,298,current_only,0.2287549895323712,0.9519312969119372,0.5665859378593248
2022/23,285,current_only,0.244567008477084,1.0132705213046074,0.6103596045862845
2022/23,297,current_only,0.07189392111497332,0.4172264362607074,0.17460229197621904
2022/23,295,current_only,0.22123518311615076,1.5984659545069984,1.0789448761671436
2022/23,294,current_only,0.11777930825618449,1.1157893805451784,0.6876043566893786
2022/23,293,current_only,0.2228096398053201,0.9695442354547911,0.5863881306190524
2022/23,292,current_only,0.15777046660142297,1.4823937629060844,0.9129255000753232
2022/23,291,current_only,0.1622916042639778,1.3930471380577731,0.88960979992326
2022/23,290,current_only,0.2864573632897949,1.0905334576072285,0.6632456647999436
2022/23,289,current_only,0.21868099199409785,0.8706268904738357,0.5081024046949151
2022/23,288,current_only,0.017433418879631256,0.1880590328057179,0.04435874770145181
2022/23,287,current_only,0.13314013765238897,1.2697731658235063,0.783391799975313
2022/23,296,current_only,0.43545319756653267,1.4548085858035593,0.925800879063682
2022/23,261,current_only,0.24926653203532853,0.9849710853254195,0.5891475579270414
2022/23,260,current_only,0.3380974811435911,1.191516662328161,0.743118254318779
2022/23,259,current_only,0.40263383377742157,1.4046600079884983,0.8775376400779088
2022/23,234,current_only,0.1453978872950187,0.6813694767292506,0.3680857315595931
2022/23,233,current_only,0.15619138935602694,1.410061078110763,0.8837246970322976
2022/23,232,current_only,0.2892637927684121,1.14671637985027,0.6983957576953597
2022/23,231,current_only,0.061326052939319295,0.38854438191040175,0.15655645422741327
2022/23,230,current_only,0.14872201828702564,1.323150816866823,0.8357671631311361
2022/23,229,current_only,0.14343283175252747,1.2651824211762248,0.8021199972837251
2022/23,228,current_only,0.20284109330891933,0.8279504520298631,0.47607400076082035
2022/23,227,current_only,0.4969635957250129,1.612028768678219,1.0364853244622272
2022/23,226,current_only,0.154256745022797,1.3317939557042158,0.8502047411860834
2022/23,235,current_only,0.2348563665590494,1.6353559729473846,1.117926139544617
2022/23,225,current_only,0.14105638110526078,1.3401259854139975,0.8270332787797502
2022/23,223,current_only,0.27782447868102006,1.104096070106917,0.6703569426756086
2022/23,222,current_only,0.12492036836988363,1.1446472746814669,0.7145062958448642
2022/23,221,current_only,0.6147212555911439,2.0477066651236133,1.2635865548085787
2022/23,220,current_only,0.2838587681833933,1.043343300842778,0.6367796685464562
2022/23,219,current_only,0.26219385977767895,1.010315675005773,0.6081696814282536
2022/23,218,current_only,0.3512900408166811,1.263203532228586,0.7829614450564831
2022/23,217,current_only,0.12760745988183103,1.2365391464244258,0.7587648633535266
2022/23,216,current_only,0.120665102210051,1.1812339086277535,0.7217180659615262
2022/23,215,current_only,0.1869895753914096,0.787429758944821,0.4455653551003599
2022/23,224,current_only,0.6049862191942461,1.943281404140991,1.2378264032769504
2022/23,236,current_only,0.17253620564454408,0.7319632496538157,0.4045827423779122
2022/23,214,current_only,0.08767098501023363,0.4789976437399609,0.2177722721630794
2022/23,238,current_only,0.10016703819958031,0.5309591614520542,0.25648570901855916
2022/23,237,current_only,0.0647449634411743,0.39735372061005614,0.1617763120183979
2022/23,258,current_only,0.1345631424480259,0.6216304598253236,0.3214732504694693
2022/23,257,current_only,0.4066489202067338,1.4254959418151267,0.8881081929628993
2022/23,256,current_only,0.309358122418936,1.1836569691589014,0.7232424541404139
2022/23,255,current_only,0.5152657103233336,1.675120763163002,1.072317432541009
2022/23,254,current_only,0.1572544246268918,0.6861695152612033,0.3700800397372603
2022/23,252,current_only,0.12384698911846581,1.120717125339437,0.7019081138937032
2022/23,251,current_only,0.23430469671792342,0.9313860192212238,0.5513157464106657
2022/23,250,current_only,0.14355593250496593,1.3700539234216444,0.8434887333594937
2022/23,249,current_only,0.17270466852797284,1.501523693478178,0.9494640417793431
2022/23,253,current_only,0.19769236248213895,1.5054332852294365,1.0007914718040227
2022/23,247,current_only,0.017601266738179605,0.18766480435821925,0.044063941399438346
2022/23,246,current_only,0.14568967589794934,1.3518297485291324,0.8408066758938636
2022/23,245,current_only,0.14825422866388618,1.3079423448298206,0.8288598946379283
2022/23,239,current_only,0.1583610695648505,0.7097653110693803,0.3877715079579046
2022/23,244,current_only,0.3229847444964691,1.1829318143971563,0.7286784841809142
2022/23,243,current_only,0.16745139887021412,0.7316513601529133,0.40388476228954423
2022/23,242,current_only,0.12015389900824197,0.5848109039726913,0.2943369441153469
2022/23,241,current_only,0.18441411335727623,0.7649294288647023,0.4296120561857932
2022/23,240,current_only,0.07740925438743287,0.4416428058970198,0.19153986345003515
2022/23,248,current_only,0.12840130218541768,1.2555420385148368,0.7681400543052994
2022/23,276,updating_prior,0.10382422304721389,0.5370952182871058,0.2598960480513511
2022/23,277,updating_prior,0.31715492796626243,1.2631853622083282,0.7719751577542974
2022/23,278,updating_prior,0.4497286547490089,1.5363385377846654,0.9631579218750834
2022/23,283,updating_prior,0.03432848826857845,0.2740879190389179,0.08660743250203694
2022/23,280,updating_prior,0.07269520720566815,0.4421466776296079,0.1957104280677018
2022/23,281,updating_prior,0.41062852266051264,1.3732033591452395,0.8756395335247686
2022/23,282,updating_prior,0.01237348883573753,0.15291479695715512,0.030175075783946643
2022/23,275,updating_prior,0.2551653835540484,1.0284338211464694,0.6192356883050976
2022/23,279,updating_prior,0.08456892355055115,0.4696949792281341,0.21137704364949395
2022/23,274,updating_prior,0.17688344853705534,0.7187751900711735,0.398314345555429
2022/23,268,updating_prior,0.043785547754642655,0.3233459761854166,0.11655501609025794
2022/23,272,updating_prior,0.6093829115174295,2.0034712964569246,1.250929565425972
2022/23,271,updating_prior,0.3135501908219321,1.1458560929532782,0.7053143032425998
2022/23,270,updating_prior,0.015167995545270029,0.1718284724360878,0.037445288116106305
2022/23,269,updating_prior,0.32728514740652875,1.1609591115216904,0.7217535247221187
2022/23,267,updating_prior,0.21858110432181854,1.5125968971374686,1.0450365371572445
2022/23,266,updating_prior,0.45179493034160756,1.5871913666898145,0.9792956374661812
2022/23,265,updating_prior,0.1435218808766128,1.1938152997319373,0.7727652501704265
2022/23,264,updating_prior,0.13321846746357988,0.6388831000665842,0.3358443939597114
2022/23,263,updating_prior,0.2655077225734087,1.0108003161477794,0.6096991448833728
2022/23,273,updating_prior,0.026904038686596434,0.23435590380563004,0.0654980057723738
2022/23,284,updating_prior,0.291987341005232,1.083327686590725,0.6618025706087403
2022/23,306,updating_prior,0.45581909201384496,1.5306229372800129,0.9683118318733914
2022/23,286,updating_prior,0.20877638384013097,0.8674972586060424,0.5046500766191158
2022/23,262,updating_prior,0.24036164274186753,1.8447589636989496,1.189580498107447
2022/23,305,updating_prior,0.11564347384581586,1.1382920463046506,0.6931896959423924
2022/23,304,updating_prior,0.013263971960173905,0.15917541535960547,0.03250945030897411
2022/23,303,updating_prior,0.14817729720330408,0.6668581004727613,0.35528848989296985
2022/23,302,updating_prior,0.2346657524659099,0.912533014077235,0.5396216668229155
2022/23,301,updating_prior,0.19063965817113787,0.8566449569046156,0.5047724384611172
2022/23,300,updating_prior,0.23030598263396324,1.7313175567511014,1.1378570523015037
2022/23,299,updating_prior,0.5257086283048988,1.6761801443159472,1.0867389390809454
2022/23,298,updating_prior,0.2451183973772524,1.0315406306022261,0.6254393938977955
2022/23,285,updating_prior,0.2604516826871253,1.071968861128259,0.6507776707217187
2022/23,297,updating_prior,0.03564108189369385,0.2741470488027534,0.08625365688006544
2022/23,295,updating_prior,0.2003949803339401,1.534238583970979,1.0160422508849947
2022/23,294,updating_prior,0.1932104064035542,1.4810036827443094,0.9833171608378122
2022/23,293,updating_prior,0.2454322380705432,1.0345624016906754,0.6278766147115419
2022/23,292,updating_prior,0.1453908317876197,1.4378007440941916,0.8722650859361378
2022/23,291,updating_prior,0.15885600556759552,1.3706347288412863,0.8743089972849795
2022/23,290,updating_prior,0.32581756999672223,1.1826843796067834,0.730298900719759
2022/23,289,updating_prior,0.1952095220712355,0.8099551074801757,0.4624115931565248
2022/23,288,updating_prior,0.017539826218916105,0.1884024324046872,0.044476377087370136
2022/23,287,updating_prior,0.1332273372186067,1.2920190681829902,0.7924922030303552
2022/23,296,updating_prior,0.5178135426071113,1.7124722176871816,1.0824247196254053
2022/23,261,updating_prior,0.2669784137035941,1.0450146760169436,0.6308011295617023
2022/23,260,updating_prior,0.46980898338495647,1.5062444670795583,0.9797745411381453
2022/23,259,updating_prior,0.336192202314965,1.2461656693504313,0.7662300079464457
2022/23,234,updating_prior,0.2701893291222182,1.0055775194085765,0.609231873698954
2022/23,233,updating_prior,0.17593628540718728,1.4242140782162143,0.9284127687160656
2022/23,232,updating_prior,0.2370862484767099,1.02392863222698,0.6253224139340465
2022/23,231,updating_prior,0.050438969724583824,0.34440503281823465,0.12807425114233145
2022/23,230,updating_prior,0.16657945039110916,1.252396157531542,0.8432132471792531
2022/23,229,updating_prior,0.15798909930153654,1.3568240151392996,0.867318272194373
2022/23,228,updating_prior,0.26657712759325236,1.0179086911106696,0.6142087298057506
2022/23,227,updating_prior,0.6536812911548144,2.214480764133394,1.3376219533332823
2022/23,226,updating_prior,0.19066509109812793,1.39139557977948,0.9457398864036898
2022/23,235,updating_prior,0.20966404064705604,1.549259424617112,1.03963362244834
2022/23,225,updating_prior,0.20054982210971598,1.5370192767333153,1.0172915718784765
2022/23,223,updating_prior,0.23448357871746633,1.0071316616937778,0.6116068571751575
2022/23,222,updating_prior,0.1441994886895037,1.3664248128430712,0.843398550192835
2022/23,221,updating_prior,0.7013596126944697,2.2894455248849623,1.4189121155956066
2022/23,220,updating_prior,0.20418758643877644,0.8285593825803304,0.4768034973798528
2022/23,219,updating_prior,0.299041172312546,1.158861198435713,0.7065902526642448
2022/23,218,updating_prior,0.2109442209462942,0.8426589756939897,0.48792504078537524
2022/23,217,updating_prior,0.12860897250889783,1.262446537513451,0.7713630094885126
2022/23,216,updating_prior,0.173745082118252,1.3116591500023782,0.8813063344819467
2022/23,215,updating_prior,0.12852873816962668,0.6193427709783802,0.3206649714025447
2022/23,224,updating_prior,0.614121969324072,1.9428518454606383,1.2518493653867706
2022/23,236,updating_prior,0.22168928724421152,0.8670076156958544,0.5070591753700242
2022/23,214,updating_prior,0.07400020580285174,0.426746300120292,0.18113945087757144
2022/23,238,updating_prior,0.08217405006857206,0.4712614127912518,0.21438503717956386
2022/23,237,updating_prior,0.028762580851922542,0.2460171568825885,0.07151636214534332
2022/23,258,updating_prior,0.07037819144848119,0.4114307998015342,0.1706938227784934
2022/23,257,updating_prior,0.3023796809371548,1.102423955230955,0.6774761209374487
2022/23,256,updating_prior,0.33735677075113396,1.2973074957451511,0.7929711950522559
2022/23,255,updating_prior,0.38224827410300244,1.2996419406667639,0.8231384054494497
2022/23,254,updating_prior,0.10613775343677824,0.5355560632165411,0.25799401535811517
2022/23,252,updating_prior,0.1556365975526197,1.2837623082077738,0.8340120224942525
2022/23,251,updating_prior,0.2585104471411491,0.9945337457297923,0.5975116145450659
2022/23,250,updating_prior,0.14725139537802157,1.449480899938779,0.8801989952813577
2022/23,249,updating_prior,0.29880117820226676,2.029839754209915,1.3521437669728336
2022/23,253,updating_prior,0.14788004259845297,1.2830591825554287,0.8182172244191681
2022/23,247,updating_prior,0.011224585614349188,0.1440241656217559,0.026987746360941544
2022/23,246,updating_prior,0.16070182207971104,1.3589390021210812,0.8735518569363314
2022/23,245,updating_prior,0.14667833888614004,1.3435476430124254,0.8395983196191805
2022/23,239,updating_prior,0.08915233562027457,0.5040907998338274,0.24040934361694782
2022/23,244,updating_prior,0.2305590506107174,0.9531888412326469,0.5670633541269366
2022/23,243,updating_prior,0.2257619157994611,0.9016700520386095,0.5300181173750254
2022/23,242,updating_prior,0.23310516832479322,0.9692636685019211,0.5791057340968933
2022/23,241,updating_prior,0.4213117741018077,1.3768375818297147,0.8888517516805173
2022/23,240,updating_prior,0.025476463972616974,0.2251637898405976,0.06097363647008465
2022/23,248,updating_prior,0.16029113654545527,1.382893690640205,0.8818055760938566
2023/24,275,v2_full,0.3591728175085243,1.2430113441250166,0.7812996797382881
2023/24,276,v2_full,0.04501488119130981,0.3227462283900929,0.11492161306944909
2023/24,277,v2_full,0.24389786784637138,1.661428806353838,1.1441103995071185
2023/24,281,v2_full,0.04345162632555791,0.31589749263456857,0.11078152051866316
2023/24,279,v2_full,0.19831554671356785,0.809402377871143,0.46266835091923686
2023/24,280,v2_full,0.19265210791941206,1.6327948003112855,1.0327131274760573
2023/24,274,v2_full,0.1883840937696684,1.4579735321518792,0.9655061656835209
2023/24,278,v2_full,0.1518670472688539,1.3535174430366947,0.8538084839859553
2023/24,273,v2_full,0.3423579675792946,1.2261107338085062,0.7608356248141535
2023/24,263,v2_full,0.5135477614019515,1.6996995280430311,1.0745960259549503
2023/24,271,v2_full,0.19342532280278704,0.7875095501478592,0.44705071308077393
2023/24,270,v2_full,0.1413730984588663,1.3506117299396136,0.8317060884616647
2023/24,269,v2_full,0.4242678173513519,1.4080961298053334,0.900615831489949
2023/24,268,v2_full,0.13477119603549187,1.321807093434513,0.8073402153164916
2023/24,267,v2_full,0.15649181421565456,0.6841750157958331,0.36855916495235286
2023/24,266,v2_full,0.19930318260187543,0.8002393918228681,0.4572447878438388
2023/24,265,v2_full,0.12676838693756523,0.6218011440904903,0.3238520836735834
2023/24,264,v2_full,0.11047161550012753,0.5430873304648188,0.2634252655770201
2023/24,282,v2_full,0.1431289456661402,1.4014862592811668,0.8544260050211889
2023/24,272,v2_full,0.1338163296989721,0.6180770560931426,0.31884477417697726
2023/24,283,v2_full,0.22892307268536216,0.8668349654859744,0.5110982222948142
2023/24,294,v2_full,0.26628203717558485,1.8289861767599198,1.237196253958603
2023/24,285,v2_full,0.15448594345858588,1.406770312001016,0.8790979640445388
2023/24,262,v2_full,0.13255963513999025,0.6232141791630587,0.32277574520712543
2023/24,305,v2_full,0.021871995591162752,0.21544544970923646,0.057018081726366875
2023/24,304,v2_full,0.2885409369399364,1.1054528717151186,0.6725231853679379
2023/24,303,v2_full,0.25608549071549885,0.9752524200076397,0.5853602226957324
2023/24,302,v2_full,0.04210324511220124,0.31095581592095267,0.10798307508465062
2023/24,301,v2_full,0.020135782795566416,0.2035648994604806,0.051193201924199946
2023/24,300,v2_full,0.14339466224797223,0.6470089629339546,0.34050444832120513
2023/24,299,v2_full,0.14006086252376818,1.370083133190198,0.8365096655379853
2023/24,298,v2_full,0.1386411561588249,0.643165129460556,0.3376938157511694
2023/24,306,v2_full,0.4990089993032889,1.582223341152034,1.0336744444075339
2023/24,297,v2_full,0.042529311924747515,0.3158718327421224,0.11152288135547184
2023/24,295,v2_full,0.08977181484503538,0.4798794025335828,0.21796294548711226
2023/24,293,v2_full,0.14284516700763725,1.3544024015482716,0.8361037340096172
2023/24,292,v2_full,0.15215751987105547,1.3794955726789822,0.8642597161809321
2023/24,291,v2_full,0.25595434902235115,0.9807593893000314,0.5884542641913786
2023/24,290,v2_full,0.2243335945871794,0.8680000855929033,0.5089424068901697
2023/24,289,v2_full,0.10374567056829853,0.5170059412690791,0.24462404636162588
2023/24,288,v2_full,0.382533380260507,1.3372598587805056,0.8363868507489429
2023/24,287,v2_full,0.12808731065250695,1.248412075483163,0.7646005113781519
2023/24,286,v2_full,0.129062333447171,0.6184155212550685,0.3196733741515881
2023/24,296,v2_full,0.19436201017356983,0.7859620505379581,0.44645746573489176
2023/24,261,v2_full,0.028128988662434885,0.25186087024315323,0.07610450137004492
2023/24,284,v2_full,0.08865201151600952,0.49650465116967113,0.23296905015275438
2023/24,259,v2_full,0.0782539559622682,0.45407483434185364,0.20157631666099465
2023/24,234,v2_full,0.10791149339829814,0.5416256498762982,0.2624266852399947
2023/24,233,v2_full,0.12292242656616612,0.5944231925624501,0.30149694143992284
2023/24,232,v2_full,0.04334454622405884,0.303220299300674,0.10266195883911941
2023/24,231,v2_full,0.11811045742458287,0.5845261797307495,0.2947281782443945
2023/24,230,v2_full,0.13388043829378146,1.311569981616416,0.8015419471934615
2023/24,229,v2_full,0.34836696027415165,1.2600513435628151,0.7796317071805849
2023/24,228,v2_full,0.19466189167071077,0.8264828658232624,0.4747067270679291
2023/24,227,v2_full,0.15399547033737526,0.6649835196393495,0.3551934372800176
2023/24,225,v2_full,0.06049344485342863,0.3975659870179393,0.16610366159347123
2023/24,224,v2_full,0.17458576153738348,0.731302926608698,0.40472336432222256
2023/24,223,v2_full,0.32816831828684634,1.1448068196752468,0.7158683076524375
2023/24,222,v2_full,0.21766766841645654,1.6031646929761103,1.0733231809364068
2023/24,221,v2_full,0.07683654873705839,0.45605541526880783,0.20492183881203477
2023/24,220,v2_full,0.13072517800787803,0.6142644683104346,0.316001525709878
2023/24,219,v2_full,0.029232859675331603,0.2546360847555192,0.07689398201420262
2023/24,218,v2_full,0.19523525715010054,0.7950943219300332,0.4524851939884351
2023/24,217,v2_full,0.0489406037518951,0.34315623993701616,0.12824555971972232
2023/24,216,v2_full,0.14841112967517434,0.6685340631631326,0.35654470686345807
2023/24,215,v2_full,0.06578953003250763,0.4023536619773455,0.1652303621855619
2023/24,235,v2_full,0.606469877585288,1.9319333283425306,1.2388910763543186
2023/24,236,v2_full,0.32881640641094195,1.2262464336893846,0.7529233187466865
2023/24,226,v2_full,0.11015988340423973,0.5451850828705622,0.26493706732627387
2023/24,238,v2_full,0.023404912066899115,0.22393244633516987,0.06112716055779657
2023/24,237,v2_full,0.1960590169798276,1.4768515346511166,0.9875532263467964
2023/24,257,v2_full,0.19596578812828197,0.784191587992419,0.4461384071524367
2023/24,256,v2_full,0.013169167651149213,0.16005918373826958,0.032916962294062754
2023/24,255,v2_full,0.13527405516643703,1.3012699380544306,0.8002614538103767
2023/24,254,v2_full,0.11306519236787023,0.5638988622023466,0.2790863554004873
2023/24,253,v2_full,0.16427585544968673,0.7264578453699897,0.4001502767735345
2023/24,252,v2_full,0.43111747876030043,1.489528748711546,0.9310457029711929
2023/24,251,v2_full,0.19825409805570146,0.7980678882700061,0.45547929244515667
2023/24,250,v2_full,0.06415264101992033,0.40548046214118977,0.1692075322224442
2023/24,249,v2_full,0.2825060868714911,1.026874141824519,0.6278690252562115
2023/24,258,v2_full,0.05579189485434133,0.366163440572898,0.1418752579938125
2023/24,260,v2_full,0.14974730724252525,0.6536332134444102,0.34645811138798943
2023/24,248,v2_full,0.11643382698914762,0.580290475331086,0.29176674801227054
2023/24,240,v2_full,0.39123215364366537,1.31763522949693,0.8381347129709491
2023/24,241,v2_full,0.20517238604128143,1.554854898290028,1.03251861504115
2023/24,242,v2_full,0.2772042955994009,1.8175952590001987,1.2559557999395992
2023/24,239,v2_full,0.15833581094618795,1.347273697117218,0.8643485958110483
2023/24,244,v2_full,0.17571446429266635,1.412670687538395,0.9237330970935064
2023/24,245,v2_full,0.5150999645039362,1.6310192562385155,1.064468476953934
2023/24,246,v2_full,0.1805101894572873,0.742606516397396,0.4140779024485003
2023/24,247,v2_full,0.23403526815410713,0.8986338638055625,0.5312979215207394
2023/24,243,v2_full,0.1940532843900516,1.5165210315009823,0.99732724339904
2023/24,275,bookmaker,0.4824845250133627,1.594269987281133,1.0145274753295164
2023/24,276,bookmaker,0.06393375005043393,0.3950951672770549,0.16037511684568878
2023/24,277,bookmaker,0.2018201658544468,1.497696268287864,1.0063677519933119
2023/24,281,bookmaker,0.17331761606291526,0.7254785602764063,0.40056411176081275
2023/24,279,bookmaker,0.19835982526112048,0.8109878747051157,0.46372314017640426
2023/24,280,bookmaker,0.2177473142519989,1.7086742367823942,1.106082442721076
2023/24,274,bookmaker,0.1650768667011893,1.4241115184315114,0.9066564418783309
2023/24,278,bookmaker,0.1288628345470909,1.2627706872477815,0.77200225675116
2023/24,273,bookmaker,0.32788550683562206,1.1906560363181649,0.735290043654215
2023/24,263,bookmaker,0.6103758288748049,2.0539540363019553,1.2579920271962544
2023/24,271,bookmaker,0.19547270609630296,0.7926592365596551,0.4510352236543936
2023/24,270,bookmaker,0.12970067207375066,1.2736085313379464,0.778060492578205
2023/24,269,bookmaker,0.4539081989828062,1.5075388096555629,0.9603897604780014
2023/24,268,bookmaker,0.13168551464509437,1.2790895421295185,0.7842355494432597
2023/24,267,bookmaker,0.06439873360309434,0.3975938553115535,0.16212687600719322
2023/24,266,bookmaker,0.2282489237031502,0.8862521473389663,0.5213476182514366
2023/24,265,bookmaker,0.16050264779238105,0.7172281609688596,0.3934014143563627
2023/24,264,bookmaker,0.1130120247107196,0.5658976071339624,0.2807714635612502
2023/24,282,bookmaker,0.1354564563339215,1.3287958253618521,0.8114379373034448
2023/24,272,bookmaker,0.08938259747471114,0.4805361109268385,0.21851664905326038
2023/24,283,bookmaker,0.2715928336171408,0.9982100318503409,0.6063907066468464
2023/24,294,bookmaker,0.25403135865412685,1.7884517746694621,1.2015871413897796
2023/24,285,bookmaker,0.148191482799888,1.388555681891191,0.8597303216931037
2023/24,262,bookmaker,0.1534545292753786,0.684201434001487,0.36829087026090845
2023/24,305,bookmaker,0.0186870172789751,0.20024938363293307,0.050559796103205636
2023/24,304,bookmaker,0.21178326243997586,0.8654501384768664,0.5032094115913366
2023/24,303,bookmaker,0.14765751763390544,0.672968541307946,0.36004958604650794
2023/24,302,bookmaker,0.02404637846199836,0.22736547109918911,0.06280987987695268
2023/24,301,bookmaker,0.010685434751048927,0.1479330111533087,0.029096744544440646
2023/24,300,bookmaker,0.1985785038008864,0.8043555492015556,0.4595062555257535
2023/24,299,bookmaker,0.14253039126847297,1.360699675738007,0.837880898607859
2023/24,298,bookmaker,0.18945011576536436,0.77967055345093,0.4407168108001933
2023/24,306,bookmaker,0.3921202455313745,1.2847027933781043,0.8292961548648408
2023/24,297,bookmaker,0.0740203075321968,0.4309876908802215,0.1843730044843258
2023/24,295,bookmaker,0.12626576021723115,0.6106232958552514,0.3140142686950348
2023/24,293,bookmaker,0.1357499064037985,1.333361342064798,0.8137998614574333
2023/24,292,bookmaker,0.17081479333956992,1.411732415968384,0.9135879790097482
2023/24,291,bookmaker,0.2530633931604551,0.9781368445454152,0.5858091979484062
2023/24,290,bookmaker,0.14641664571004334,0.6537825468000237,0.34569414521232256
2023/24,289,bookmaker,0.13625913839217574,0.6209417947671909,0.3211743191224228
2023/24,288,bookmaker,0.4060222743954798,1.4216256791745794,0.8862550362769396
2023/24,287,bookmaker,0.13325573846890035,1.2907894902333394,0.792058839178134
2023/24,286,bookmaker,0.23496214149827374,0.9157998207728092,0.5416947347288229
2023/24,296,bookmaker,0.08592835302249235,0.46340328482309556,0.20630704162194213
2023/24,261,bookmaker,0.022269632617035393,0.22139563934040649,0.06072070243585103
2023/24,284,bookmaker,0.0377501753371948,0.2972912794574667,0.10123212878347196
2023/24,259,bookmaker,0.03168359680611351,0.2696996292072335,0.08582735707176971
2023/24,234,bookmaker,0.10747615055445137,0.5422609053214972,0.2629945857472499
2023/24,233,bookmaker,0.07679829362018468,0.448610043588326,0.19772776235199835
2023/24,232,bookmaker,0.013044363279174655,0.16428269837887657,0.03520666536514705
2023/24,231,bookmaker,0.13473971858267422,0.6337394497756722,0.33083740302141285
2023/24,230,bookmaker,0.13273649476991795,1.3041542996419897,0.7963280894164544
2023/24,229,bookmaker,0.3182894785016844,1.149305612416349,0.7099988391113974
2023/24,228,bookmaker,0.18180672937527032,0.7838887353030548,0.44309090653361716
2023/24,227,bookmaker,0.12280723108299116,0.5833223280105291,0.2930126178038276
2023/24,225,bookmaker,0.03651130646552051,0.29492829767156337,0.10097108773565246
2023/24,224,bookmaker,0.17801781922499169,0.755105234680037,0.42157427834139694
2023/24,223,bookmaker,0.29008501699477335,1.0813357637504803,0.659765676493375
2023/24,222,bookmaker,0.1574064777003551,1.333370908449791,0.8571167179048758
2023/24,221,bookmaker,0.028617929007220957,0.2536319009396507,0.07685265177456943
2023/24,220,bookmaker,0.10833343965981136,0.5484457104976385,0.2677681882186907
2023/24,219,bookmaker,0.009922925601049543,0.14456227419792844,0.02849822774930431
2023/24,218,bookmaker,0.13782657969808287,0.6289972209171188,0.327047487599706
2023/24,217,bookmaker,0.07611043610465638,0.44980854826806865,0.19946183255013394
2023/24,216,bookmaker,0.162732834989185,0.6979768312480158,0.37934990064159857
2023/24,215,bookmaker,0.0491861458149732,0.3464605847486808,0.1309230208710218
2023/24,235,bookmaker,0.6362955395541285,2.038955560820266,1.2955493036787715
2023/24,236,bookmaker,0.2697982140873804,1.0236146367404015,0.6187892845242833
2023/24,226,bookmaker,0.06849162983955283,0.41743921037052484,0.17619660194645814
2023/24,238,bookmaker,0.02189990184615503,0.21769167022353755,0.05850435490850555
2023/24,237,bookmaker,0.2572207570798926,1.7712379076574412,1.2031385729083826
2023/24,257,bookmaker,0.1835921777185211,0.7739636974804232,0.4356105999280734
2023/24,256,bookmaker,0.019664859840421163,0.206921402223168,0.05388483128651027
2023/24,255,bookmaker,0.14683628626790438,1.3342895761295759,0.8363328731905624
2023/24,254,bookmaker,0.12789103910075,0.6073377303974825,0.31091525930792935
2023/24,253,bookmaker,0.19149354522945036,0.810962786853902,0.46304016529591463
2023/24,252,bookmaker,0.3920203951363431,1.3465026516459004,0.8482390732440517
2023/24,251,bookmaker,0.22250354589194749,0.863619325281918,0.505499848063504
2023/24,250,bookmaker,0.059084371860774434,0.3835416094347734,0.1540274716726743
2023/24,249,bookmaker,0.38197002664391144,1.2789179467499379,0.8161819552277874
2023/24,258,bookmaker,0.07162092304054289,0.42293897858624546,0.17896325429797638
2023/24,260,bookmaker,0.12211957274090703,0.5900995265948493,0.29818683116330175
2023/24,248,bookmaker,0.10455232147672494,0.5501576941907508,0.2714916585391569
2023/24,240,bookmaker,0.36514822328720653,1.2857100610776002,0.8025592184237758
2023/24,241,bookmaker,0.18498806447150243,1.4524194719693757,0.9567268621340957
2023/24,242,bookmaker,0.2869962508188202,1.892318241766922,1.29526563397201
2023/24,239,bookmaker,0.14805437392801546,1.2846711427326707,0.8192114940823484
2023/24,244,bookmaker,0.17081229404769527,1.4047491463792965,0.9110025625702736
2023/24,245,bookmaker,0.6262645143897304,2.0448353526208165,1.2805281963390973
2023/24,246,bookmaker,0.08830903277197774,0.48211841919905735,0.22008216250601942
2023/24,247,bookmaker,0.20959014890504035,0.8555752776307428,0.49607802217172003
2023/24,243,bookmaker,0.22056556232773508,1.5896997241030337,1.0747680518678207
2023/24,275,soft_blend_h10,0.39890394715279603,1.3349306787059423,0.8516079751089026
2023/24,276,soft_blend_h10,0.06009680662781225,0.38536132585896266,0.15475695890718755
2023/24,277,soft_blend_h10,0.21656703158779758,1.5644482214590203,1.0584933015686993
2023/24,281,soft_blend_h10,0.04940544365614466,0.34151476174684164,0.12649145885834465
2023/24,279,soft_blend_h10,0.1772899566077354,0.7523811733619444,0.41955535760284857
2023/24,280,soft_blend_h10,0.2229704697879049,1.7219038746801596,1.1204326573069663
2023/24,274,soft_blend_h10,0.2253263931549301,1.590293548588044,1.0844825168875256
2023/24,278,soft_blend_h10,0.13766990659195083,1.3151551787744655,0.8105305788885909
2023/24,273,soft_blend_h10,0.37328232985422466,1.2909806352999686,0.8115668807517612
2023/24,263,soft_blend_h10,0.48896170574089287,1.6125198943287564,1.026390123873262
2023/24,271,soft_blend_h10,0.2067205498768874,0.8219833051813081,0.47358738937117667
2023/24,270,soft_blend_h10,0.16332985651867452,1.4092433721039974,0.8976997657178781
2023/24,269,soft_blend_h10,0.5155124148902743,1.675969967897183,1.0727968861743415
2023/24,268,soft_blend_h10,0.13577344891338455,1.3295483982841305,0.8123648722686247
2023/24,267,soft_blend_h10,0.14129864493948516,0.6500839210310418,0.34280439130967244
2023/24,266,soft_blend_h10,0.28136740198561827,1.0086265020805611,0.6185913239682699
2023/24,265,soft_blend_h10,0.18755043325925816,0.821262617953025,0.472701382199391
2023/24,264,soft_blend_h10,0.09142743178299098,0.4819551823633674,0.21937364581289837
2023/24,282,soft_blend_h10,0.13517005981359997,1.3275190509278874,0.810367818762307
2023/24,272,soft_blend_h10,0.1659073281037364,0.7173436092498112,0.3932739833613889
2023/24,283,soft_blend_h10,0.2171673309677205,0.8441354331845315,0.4916396187534606
2023/24,294,soft_blend_h10,0.2810746456037913,1.9286684363212574,1.292590269696101
2023/24,285,soft_blend_h10,0.16160473646075835,1.4503754039130667,0.9092269045855171
2023/24,262,soft_blend_h10,0.17619945467705372,0.7580602631287827,0.4236223732973034
2023/24,305,soft_blend_h10,0.017521533252033164,0.1872137619793387,0.043872840213080355
2023/24,304,soft_blend_h10,0.3210150235491749,1.2048504274661063,0.7386426679421253
2023/24,303,soft_blend_h10,0.2541065969428554,0.9780558944167421,0.5861411617580803
2023/24,302,soft_blend_h10,0.022877582408613185,0.21755692574450144,0.05758287768332692
2023/24,301,soft_blend_h10,0.014369143224111114,0.16731390997973347,0.03568408109083915
2023/24,300,soft_blend_h10,0.1580243276380302,0.6933862096994868,0.3752692383335374
2023/24,299,soft_blend_h10,0.13185208557782377,1.2804014780145578,0.785095470216524
2023/24,298,soft_blend_h10,0.18932345204815862,0.7833685475958626,0.443117846954699
2023/24,306,soft_blend_h10,0.5833028582270277,1.845740157510479,1.1940666508584348
2023/24,297,soft_blend_h10,0.08330598566737198,0.4719068142287903,0.21403861327847132
2023/24,295,soft_blend_h10,0.06723930488713921,0.4038747067293556,0.16584831410451067
2023/24,293,soft_blend_h10,0.13527340444469715,1.3041603838524318,0.8014043149807083
2023/24,292,soft_blend_h10,0.14672915105629497,1.3551974381668142,0.8441760985277456
2023/24,291,soft_blend_h10,0.23072717135645096,0.9056395652165192,0.5339537539737453
2023/24,290,soft_blend_h10,0.23699449475124257,0.898324319864219,0.5328200200058987
2023/24,289,soft_blend_h10,0.0962607813512974,0.4974950041241334,0.2304380818185624
2023/24,288,soft_blend_h10,0.27488961613552243,1.0455728253120815,0.6333264285858861
2023/24,287,soft_blend_h10,0.12487507630929123,1.1938634123438432,0.7354919650404937
2023/24,286,soft_blend_h10,0.1597153886097662,0.709416899274941,0.38728450690688293
2023/24,296,soft_blend_h10,0.1909620538826613,0.7800660126762338,0.4414706940167957
2023/24,261,soft_blend_h10,0.023171330669295977,0.22409277649422482,0.06148430346123533
2023/24,284,soft_blend_h10,0.09015884852374546,0.500840338950052,0.23580343514454613
2023/24,259,soft_blend_h10,0.11127691434346304,0.5621970093250663,0.2782957302141825
2023/24,234,soft_blend_h10,0.07940623672162654,0.44502421205325204,0.19362512440648652
2023/24,233,soft_blend_h10,0.14639191376590485,0.6639287717147035,0.35311090646347004
2023/24,232,soft_blend_h10,0.032608445572580226,0.2591259254619837,0.07816388834778742
2023/24,231,soft_blend_h10,0.16647400900219866,0.7210268907710856,0.3959723874690249
2023/24,230,soft_blend_h10,0.1503410533379847,1.3938751713458946,0.8660177269937535
2023/24,229,soft_blend_h10,0.3166537749888996,1.168379664097625,0.7180613511251437
2023/24,228,soft_blend_h10,0.25445251203369035,1.018570484595012,0.6122777273870305
2023/24,227,soft_blend_h10,0.17640613676488154,0.7175552610452155,0.3973502978379722
2023/24,225,soft_blend_h10,0.049865647199874685,0.3513480527668678,0.1346617050347371
2023/24,224,soft_blend_h10,0.2702372343695027,0.9793441553516101,0.5963785012023095
2023/24,223,soft_blend_h10,0.27376225698203327,0.9867491088114473,0.602572067390412
2023/24,222,soft_blend_h10,0.2430888713171104,1.7346209207263645,1.1643842086390337
2023/24,221,soft_blend_h10,0.08760048333995774,0.4953020971813638,0.23289996399027987
2023/24,220,soft_blend_h10,0.11331717680918488,0.5576480240752164,0.27409928147938334
2023/24,219,soft_blend_h10,0.04040361371586325,0.30550795587062546,0.10513829203976302
2023/24,218,soft_blend_h10,0.13084491747472354,0.6096169687170758,0.31252276260448175
2023/24,217,soft_blend_h10,0.025341012581634858,0.23561405908544314,0.0672106511805089
2023/24,216,soft_blend_h10,0.13030792488398868,0.6075896756240448,0.3110189092878945
2023/24,215,soft_blend_h10,0.03887526824173509,0.29333607111715804,0.09726466990727392
2023/24,235,soft_blend_h10,0.5356058559470174,1.7105273430258159,1.10607421206393
2023/24,236,soft_blend_h10,0.2617642390648818,1.0416077392776282,0.628133127630037
2023/24,226,soft_blend_h10,0.07655700687434891,0.43575893078656663,0.18728953382989932
2023/24,238,soft_blend_h10,0.030666020801915068,0.2597590849231151,0.07926015116259874
2023/24,237,soft_blend_h10,0.21777705036012812,1.5669397251481203,1.0617369595216717
2023/24,257,soft_blend_h10,0.17446334491297552,0.730687873408766,0.4042872696443683
2023/24,256,soft_blend_h10,0.015368638129556918,0.1730627012881424,0.037939529230897065
2023/24,255,soft_blend_h10,0.1305178541986211,1.2775449348732506,0.7812794811311987
2023/24,254,soft_blend_h10,0.08354648322040344,0.4614369786988555,0.2051416684747659
2023/24,253,soft_blend_h10,0.23040021383911427,0.9335939265591837,0.5524228521839389
2023/24,252,soft_blend_h10,0.47578266332595287,1.6012231463329856,1.0081203009424333
2023/24,251,soft_blend_h10,0.28142612256592453,1.0221548709531811,0.6248548849820912
2023/24,250,soft_blend_h10,0.047681473093149955,0.3361531851597817,0.12350494984930678
2023/24,249,soft_blend_h10,0.2765541575621745,1.0488065651974254,0.6358265441430632
2023/24,258,soft_blend_h10,0.11425840570671254,0.5693290333817865,0.28322564399432754
2023/24,260,soft_blend_h10,0.10519452143783022,0.5284905858403721,0.25277342727648167
2023/24,248,soft_blend_h10,0.13094864813083446,0.6316162640427124,0.3304455150206521
2023/24,240,soft_blend_h10,0.35596700287644345,1.218936596957688,0.7695562107402587
2023/24,241,soft_blend_h10,0.16934005842173272,1.483574487385104,0.9364789971794216
2023/24,242,soft_blend_h10,0.26247002077566506,1.7808851146889206,1.216350669144247
2023/24,239,soft_blend_h10,0.14409624375227936,1.2646453818291474,0.8032292227583574
2023/24,244,soft_blend_h10,0.18177930174060147,1.4478171576952563,0.9486568080973061
2023/24,245,soft_blend_h10,0.5162022214417146,1.6449192599287306,1.0683363693116674
2023/24,246,soft_blend_h10,0.1307353172375415,0.5996853968182668,0.30559945371751107
2023/24,247,soft_blend_h10,0.2618896635865374,0.969927544492468,0.5857978935365461
2023/24,243,soft_blend_h10,0.19641028398963434,1.5166235775887675,1.0020763746639283
2023/24,275,soft_blend_h17,0.3739443201158896,1.2688993462888798,0.8045798049442979
2023/24,276,soft_blend_h17,0.0617187397457515,0.39144778215610804,0.15873085531799613
2023/24,277,soft_blend_h17,0.21627813013691838,1.5678693232146128,1.05904603108307
2023/24,281,soft_blend_h17,0.04753062487173948,0.33386405223426935,0.12178369030941757
2023/24,279,soft_blend_h17,0.16830592270638745,0.7256965576865482,0.39950775362318325
2023/24,280,soft_blend_h17,0.23093060950734362,1.7566095901165053,1.1464037319108722
2023/24,274,soft_blend_h17,0.2261868507502802,1.5871534065604382,1.0851829226706189
2023/24,278,soft_blend_h17,0.14070690466336325,1.3299733766055426,0.8223971503367233
2023/24,273,soft_blend_h17,0.3547688655544805,1.2436923380066927,0.7776984322151216
2023/24,263,soft_blend_h17,0.46320271446495836,1.5300764855466111,0.9767641316821567
2023/24,271,soft_blend_h17,0.21249683487496746,0.8371205974340258,0.48521573556268716
2023/24,270,soft_blend_h17,0.15955416991668844,1.3819605377750028,0.8799808083333143
2023/24,269,soft_blend_h17,0.49938556718736726,1.6317789298468537,1.0434573086889445
2023/24,268,soft_blend_h17,0.13650369295600284,1.3393818202948375,0.8176401885900273
2023/24,267,soft_blend_h17,0.14025123405933576,0.6455279678676241,0.3393596076270083
2023/24,266,soft_blend_h17,0.27688145901057826,0.9935061954204489,0.6081571383538925
2023/24,265,soft_blend_h17,0.17954419999399246,0.7940848806347006,0.452456790917471
2023/24,264,soft_blend_h17,0.09612123105011805,0.4981043407500474,0.23087097001890844
2023/24,282,soft_blend_h17,0.13570178518382084,1.3345751903597052,0.8141746760360054
2023/24,272,soft_blend_h17,0.1690162950683113,0.7230095138756215,0.3977295700008961
2023/24,283,soft_blend_h17,0.2337232402682246,0.8883020360543061,0.5254693281657532
2023/24,294,soft_blend_h17,0.2865058728338038,1.9613844867476797,1.311470898457993
2023/24,285,soft_blend_h17,0.15437826560616372,1.4238371228411153,0.885158924956237
2023/24,262,soft_blend_h17,0.18185070640934353,0.7743195372389915,0.4357556539937353
2023/24,305,soft_blend_h17,0.017169330484051774,0.18524297909443047,0.04304432584169418
2023/24,304,soft_blend_h17,0.32125244957177146,1.205008246649478,0.7388212477796235
2023/24,303,soft_blend_h17,0.2703019015065244,1.0237625857786645,0.6190938112561325
2023/24,302,soft_blend_h17,0.027379107984261967,0.24191997561638048,0.06969816950032325
2023/24,301,soft_blend_h17,0.01511418287676701,0.17220077529565653,0.0376327592192138
2023/24,300,soft_blend_h17,0.1591115316832571,0.6963397235016916,0.3775017047290394
2023/24,299,soft_blend_h17,0.1348181602913713,1.3029274226231755,0.8000060211682629
2023/24,298,soft_blend_h17,0.17219115238422755,0.7323309228922048,0.4047590480964748
2023/24,306,soft_blend_h17,0.5715247239456449,1.806214648821534,1.1715875536746934
2023/24,297,soft_blend_h17,0.08244006516606112,0.46948951807352757,0.21247669377135853
2023/24,295,soft_blend_h17,0.06935354700795948,0.41188990417991406,0.17122977659006028
2023/24,293,soft_blend_h17,0.13388036508176396,1.2887595280454889,0.7924980373247652
2023/24,292,soft_blend_h17,0.14707992032957504,1.354062152883756,0.8444429210913554
2023/24,291,soft_blend_h17,0.240710127524055,0.9317050418646813,0.5534692000539082
2023/24,290,soft_blend_h17,0.25554305840374136,0.9438932795616514,0.568466405285483
2023/24,289,soft_blend_h17,0.08801651896402068,0.47011159414988724,0.21101391950436238
2023/24,288,soft_blend_h17,0.28623033718575697,1.0750933531544085,0.6545646121508312
2023/24,287,soft_blend_h17,0.12369020525470345,1.197828005794811,0.7347950687908962
2023/24,286,soft_blend_h17,0.14869764369952615,0.6774564820862711,0.3634755921152095
2023/24,296,soft_blend_h17,0.19374248103973118,0.7877189473659919,0.4472987065472465
2023/24,261,soft_blend_h17,0.022520306413396425,0.2204906585589571,0.059718813329012146
2023/24,284,soft_blend_h17,0.09044716294598026,0.5025585656522641,0.23723751559330852
2023/24,259,soft_blend_h17,0.10899312005374788,0.5555600326891885,0.27355442987154743
2023/24,234,soft_blend_h17,0.09412830036698272,0.49232357769776597,0.2267493038648656
2023/24,233,soft_blend_h17,0.13000535709460292,0.6135070207183245,0.3154820643456983
2023/24,232,soft_blend_h17,0.031315516261131104,0.25327556608041807,0.07509355963299319
2023/24,231,soft_blend_h17,0.16953644011817273,0.7299002895610155,0.40264746579206684
2023/24,230,soft_blend_h17,0.1479474183954584,1.3863502948056727,0.8584158115320129
2023/24,229,soft_blend_h17,0.32488866344615386,1.1881600816171514,0.7322826269889345
2023/24,228,soft_blend_h17,0.24291573217039952,0.9804038177793433,0.585663428425383
2023/24,227,soft_blend_h17,0.1887891241546515,0.7566876973162749,0.4265021276359358
2023/24,225,soft_blend_h17,0.04713901932655593,0.3403226533836553,0.12785811730457713
2023/24,224,soft_blend_h17,0.2571704707060956,0.9489185916836272,0.5720972952640974
2023/24,223,soft_blend_h17,0.2797929719309738,1.0043806069041792,0.615409022989249
2023/24,222,soft_blend_h17,0.22044989591279168,1.633375577074939,1.0884912692099042
2023/24,221,soft_blend_h17,0.08552130361735485,0.48691357379682765,0.22657526108226692
2023/24,220,soft_blend_h17,0.11118515815195404,0.5503698147865783,0.26875600365864694
2023/24,219,soft_blend_h17,0.03841606728180256,0.29714495471023766,0.10035742873402444
2023/24,218,soft_blend_h17,0.12649441036485204,0.5973822287582764,0.30341255703643355
2023/24,217,soft_blend_h17,0.025108971586775053,0.23380123987209375,0.06616967869173251
2023/24,216,soft_blend_h17,0.13373861509631674,0.617637084878171,0.31852120487987706
2023/24,215,soft_blend_h17,0.04068347549006368,0.30130751750384793,0.10185875714923373
2023/24,235,soft_blend_h17,0.537535438911281,1.722704846476875,1.110674808513586
2023/24,236,soft_blend_h17,0.26702178144195765,1.0487752230755913,0.6332304362144752
2023/24,226,soft_blend_h17,0.06607746590223355,0.3979316483230946,0.16179175525244321
2023/24,238,soft_blend_h17,0.027783542506962914,0.2454507800752771,0.07172519637288066
2023/24,237,soft_blend_h17,0.22955733871402165,1.625063316002657,1.1040855596374721
2023/24,257,soft_blend_h17,0.18265611526409087,0.7507084604978584,0.41995302507180493
2023/24,256,soft_blend_h17,0.01467200718655419,0.16859776065805415,0.03615723849592066
2023/24,255,soft_blend_h17,0.12997465356978782,1.2765616121927925,0.7797975951025607
2023/24,254,soft_blend_h17,0.08620308927683029,0.4714184906147919,0.21219912966836735
2023/24,253,soft_blend_h17,0.22362950372635143,0.9112357709495565,0.5363578617868372
2023/24,252,soft_blend_h17,0.4633899418534888,1.5680888613366137,0.9861381969161673
2023/24,251,soft_blend_h17,0.30134653175313664,1.072613464571402,0.6630733779693129
2023/24,250,soft_blend_h17,0.051071647380055464,0.34979086366247897,0.1319352656209341
2023/24,249,soft_blend_h17,0.26464990630298313,1.0070510865927733,0.6072015696945658
2023/24,258,soft_blend_h17,0.10888977572996973,0.5499581754612007,0.2688449565715537
2023/24,260,soft_blend_h17,0.10893402007245387,0.5386393320482128,0.2601693200586791
2023/24,248,soft_blend_h17,0.1225456617605476,0.6045090647130553,0.3103459138735248
2023/24,240,soft_blend_h17,0.3528710232836151,1.2075423058644401,0.7624829700250659
2023/24,241,soft_blend_h17,0.17535367672422691,1.503447872617216,0.9554279628357818
2023/24,242,soft_blend_h17,0.2662566100701495,1.7971804601754848,1.2284602331194934
2023/24,239,soft_blend_h17,0.14571430017249598,1.2800372439358185,0.8126736918518584
2023/24,244,soft_blend_h17,0.17410002045006986,1.4196811044956095,0.9230807607104135
2023/24,245,soft_blend_h17,0.5097230097509519,1.6351494667208453,1.0577581987372224
2023/24,246,soft_blend_h17,0.1416462864909405,0.632305820777275,0.33007733692465246
2023/24,247,soft_blend_h17,0.26683733154248535,0.9839981055276673,0.5961421263925442
2023/24,243,soft_blend_h17,0.195164239490058,1.5179851747657527,1.0000505204306334
2023/24,275,cosine_taper_k30,0.41791430825992526,1.3866480700423915,0.887542502178653
2023/24,276,cosine_taper_k30,0.058913151619821406,0.38089078944437643,0.1518554966803769
2023/24,277,cosine_taper_k30,0.2167822668326237,1.5619295963107784,1.0580896507367972
2023/24,281,cosine_taper_k30,0.050745195202272664,0.34692853736735485,0.12985463900582478
2023/24,279,cosine_taper_k30,0.18407576043447638,0.772552213485009,0.43468418573378637
2023/24,280,cosine_taper_k30,0.21754125732237073,1.6982069624516998,1.1025529258857738
2023/24,274,cosine_taper_k30,0.22469709288424236,1.5926185507176784,1.083977980477418
2023/24,278,cosine_taper_k30,0.13560728477683726,1.304352759094193,0.8021481524530986
2023/24,273,cosine_taper_k30,0.3873088303888543,1.3273916231387726,0.8373357722859323
2023/24,263,cosine_taper_k30,0.5094781262671985,1.6815687621789128,1.0659790629183359
2023/24,271,cosine_taper_k30,0.20251006665888116,0.810951291563728,0.46511050098203544
2023/24,270,cosine_taper_k30,0.1663032347459651,1.4309503926373435,0.9116032918328316
2023/24,269,cosine_taper_k30,0.5282469698460956,1.7116778485303608,1.0960713162777034
2023/24,268,cosine_taper_k30,0.13524705653723293,1.3219801661156945,0.8083596210331325
2023/24,267,cosine_taper_k30,0.14211584045592118,0.6536353871704172,0.34549740465538203
2023/24,266,cosine_taper_k30,0.2848755497250367,1.0205251342474497,0.6267562771151687
2023/24,265,cosine_taper_k30,0.19388664402219868,0.8428839558666869,0.4887241723354214
2023/24,264,cosine_taper_k30,0.0878644653829898,0.4695948862337658,0.21065063922706356
2023/24,282,cosine_taper_k30,0.13509518211690164,1.3225881558991184,0.8082935838023286
2023/24,272,cosine_taper_k30,0.1636423491707574,0.7131804558260875,0.3900617831662493
2023/24,283,cosine_taper_k30,0.20590956110769393,0.8142137432119496,0.468622070159251
2023/24,294,cosine_taper_k30,0.2774747674056503,1.9073333850792018,1.2800430202732644
2023/24,285,cosine_taper_k30,0.16725058106201796,1.4694628372208687,0.9273256648308711
2023/24,262,cosine_taper_k30,0.17187624882248848,0.745616887539623,0.4143342942425787
2023/24,305,cosine_taper_k30,0.017748515243263208,0.18847527902002414,0.04440657921749825
2023/24,304,cosine_taper_k30,0.32086343543003715,1.204749582079176,0.7385290704098211
2023/24,303,cosine_taper_k30,0.24403508369823784,0.9499033706590724,0.5656400065570567
2023/24,302,cosine_taper_k30,0.020215291974117894,0.2022923212717542,0.05045950479259855
2023/24,301,cosine_taper_k30,0.013902964341949785,0.16420329392803212,0.034466321758081314
2023/24,300,cosine_taper_k30,0.15733162162440378,0.6915032488764866,0.3738467375433094
2023/24,299,cosine_taper_k30,0.1300403607980843,1.2662669836078115,0.7757742840349358
2023/24,298,cosine_taper_k30,0.20070158600812182,0.8174048686532777,0.4685609578942599
2023/24,306,cosine_taper_k30,0.5908993277253133,1.871843550116623,1.2085820486518581
2023/24,297,cosine_taper_k30,0.08388942460894697,0.4735296177948371,0.2150918179541719
2023/24,295,cosine_taper_k30,0.0658411900066497,0.3985404389791817,0.16229125787756732
2023/24,293,cosine_taper_k30,0.1362136676436131,1.3146128769782097,0.8074050736988164
2023/24,292,cosine_taper_k30,0.14650053230180043,1.3559587728312272,0.8440102059735352
2023/24,291,cosine_taper_k30,0.2241700341497751,0.8885488526651885,0.5211420661151799
2023/24,290,cosine_taper_k30,0.22500179153381594,0.8689161031392566,0.5098167065972204
2023/24,289,cosine_taper_k30,0.10199089650661605,0.5162698593281799,0.24393127839489787
2023/24,288,cosine_taper_k30,0.26707660098406977,1.0253292402755174,0.6187225500009357
2023/24,287,cosine_taper_k30,0.12600711010809418,1.1910856453533867,0.7365817277616099
2023/24,286,cosine_taper_k30,0.167708036015897,0.7325129499968908,0.4045305933317534
2023/24,296,cosine_taper_k30,0.18911092899897614,0.7749713055947128,0.4375897893813019
2023/24,261,cosine_taper_k30,0.023699193709883312,0.22698577375972792,0.06291622130363483
2023/24,284,cosine_taper_k30,0.08995716615838997,0.49963417439717284,0.23480120960755022
2023/24,259,cosine_taper_k30,0.11312401507722633,0.5675420627371845,0.28212918917888313
2023/24,234,cosine_taper_k30,0.06973655915723607,0.4127784229264097,0.17178735122487498
2023/24,233,cosine_taper_k30,0.15861139290710558,0.7013030095280973,0.38111784415722355
2023/24,232,cosine_taper_k30,0.03354146497896214,0.26329680811482936,0.08037919352213771
2023/24,231,cosine_taper_k30,0.16431903520397687,0.7147798205603708,0.3912735862955764
2023/24,230,cosine_taper_k30,0.15214643313273413,1.3992475860476534,0.8716293529408433
2023/24,229,cosine_taper_k30,0.31089506196922173,1.1545816475496957,0.7081572573136464
2023/24,228,cosine_taper_k30,0.26279969398374586,1.0465557981722615,0.6315211712852825
2023/24,227,cosine_taper_k30,0.16787930273757173,0.690696207244709,0.37731031238329876
2023/24,225,cosine_taper_k30,0.05163062341378864,0.3583851024194677,0.13905950905257194
2023/24,224,cosine_taper_k30,0.2786955321434574,0.9990780633216785,0.6121390571112895
2023/24,223,cosine_taper_k30,0.2699818740792522,0.9757552663452699,0.5945235685520158
2023/24,222,cosine_taper_k30,0.2583802590471423,1.804392918837797,1.2146965577700242
2023/24,221,cosine_taper_k30,0.08892938094069648,0.5006445499396102,0.23694941071582104
2023/24,220,cosine_taper_k30,0.11467622463287969,0.5622791218901384,0.2775064238677153
2023/24,219,cosine_taper_k30,0.04168716429185339,0.3108340425183263,0.10822206246089301
2023/24,218,cosine_taper_k30,0.1336370660790394,0.6174336648730814,0.3183667343877655
2023/24,217,cosine_taper_k30,0.02548919934952593,0.23676239859949955,0.06787720879209778
2023/24,216,cosine_taper_k30,0.12848594364243535,0.6022396686232486,0.3070327075376987
2023/24,215,cosine_taper_k30,0.03792196113009084,0.2890847269699758,0.09484329780665399
2023/24,235,cosine_taper_k30,0.5341336997743835,1.7013150900537104,1.102568243054995
2023/24,236,cosine_taper_k30,0.2578301901311595,1.036161718449032,0.6245048092781166
2023/24,226,cosine_taper_k30,0.08445830910897745,0.46348710962149564,0.20650769183196138
2023/24,238,cosine_taper_k30,0.03296605535762789,0.27083944615708233,0.08527566247317961
2023/24,237,cosine_taper_k30,0.2090778141933792,1.5246697279578227,1.0301599599964646
2023/24,257,cosine_taper_k30,0.16805890451570416,0.7149446672166142,0.392057995616962
2023/24,256,cosine_taper_k30,0.015938018451497494,0.1766514600886233,0.039397504351311514
2023/24,255,cosine_taper_k30,0.13141088077513172,1.2783328152613471,0.7833822415461242
2023/24,254,cosine_taper_k30,0.08145046987360154,0.45351762954862435,0.19958148314647844
2023/24,253,cosine_taper_k30,0.23589319910361248,0.9518597809019719,0.5654544233132914
2023/24,252,cosine_taper_k30,0.4857919146110702,1.628400195710745,1.025956269901032
2023/24,251,cosine_taper_k30,0.2661114999928402,0.9837418862501818,0.595532107874043
2023/24,250,cosine_taper_k30,0.045067068843468866,0.3254312329908834,0.11699662993020282
2023/24,249,cosine_taper_k30,0.2862170646636679,1.0833295927289492,0.6590886958850997
2023/24,258,cosine_taper_k30,0.11865160939844478,0.5851111088859566,0.2950192110593141
2023/24,260,cosine_taper_k30,0.10225375807779022,0.5204397548295937,0.24695848727303318
2023/24,248,cosine_taper_k30,0.1378371292970957,0.6537267528264626,0.3469015982697773
2023/24,240,cosine_taper_k30,0.3583436276356672,1.2277374496262006,0.7749878959831349
2023/24,241,cosine_taper_k30,0.16503013699077734,1.4686407720215338,0.922593473732855
2023/24,242,cosine_taper_k30,0.25960328165855795,1.7686019274845812,1.2071585429144072
2023/24,239,cosine_taper_k30,0.14286539850547306,1.2530340904421764,0.7960455316615632
2023/24,244,cosine_taper_k30,0.18819210498234035,1.4707885624977592,0.9696781364725292
2023/24,245,cosine_taper_k30,0.5214077269064517,1.6527631682782038,1.0769076421286667
2023/24,246,cosine_taper_k30,0.12236654966413128,0.5744645862464731,0.2868036884444003
2023/24,247,cosine_taper_k30,0.25798601505624,0.9588695100627652,0.5776345063555934
2023/24,243,cosine_taper_k30,0.19737750352607067,1.515583709244528,1.0036544370858222
2023/24,275,current_only,0.41791430825992526,1.3866480700423915,0.887542502178653
2023/24,276,current_only,0.058913151619821406,0.38089078944437643,0.1518554966803769
2023/24,277,current_only,0.2167822668326237,1.5619295963107784,1.0580896507367972
2023/24,281,current_only,0.050745195202272664,0.34692853736735485,0.12985463900582478
2023/24,279,current_only,0.18407576043447638,0.772552213485009,0.43468418573378637
2023/24,280,current_only,0.21754125732237073,1.6982069624516998,1.1025529258857738
2023/24,274,current_only,0.22469709288424236,1.5926185507176784,1.083977980477418
2023/24,278,current_only,0.13560728477683726,1.304352759094193,0.8021481524530986
2023/24,273,current_only,0.3873088303888543,1.3273916231387726,0.8373357722859323
2023/24,263,current_only,0.5094781262671985,1.6815687621789128,1.0659790629183359
2023/24,271,current_only,0.20251006665888116,0.810951291563728,0.46511050098203544
2023/24,270,current_only,0.1663032347459651,1.4309503926373435,0.9116032918328316
2023/24,269,current_only,0.5282469698460956,1.7116778485303608,1.0960713162777034
2023/24,268,current_only,0.13524705653723293,1.3219801661156945,0.8083596210331325
2023/24,267,current_only,0.14211584045592118,0.6536353871704172,0.34549740465538203
2023/24,266,current_only,0.2848755497250367,1.0205251342474497,0.6267562771151687
2023/24,265,current_only,0.19388664402219868,0.8428839558666869,0.4887241723354214
2023/24,264,current_only,0.0878644653829898,0.4695948862337658,0.21065063922706356
2023/24,282,current_only,0.13509518211690164,1.3225881558991184,0.8082935838023286
2023/24,272,current_only,0.1636423491707574,0.7131804558260875,0.3900617831662493
2023/24,283,current_only,0.20590956110769393,0.8142137432119496,0.468622070159251
2023/24,294,current_only,0.2774747674056503,1.9073333850792018,1.2800430202732644
2023/24,285,current_only,0.16725058106201796,1.4694628372208687,0.9273256648308711
2023/24,262,current_only,0.17187624882248848,0.745616887539623,0.4143342942425787
2023/24,305,current_only,0.017748515243263208,0.18847527902002414,0.04440657921749825
2023/24,304,current_only,0.32086343543003715,1.204749582079176,0.7385290704098211
2023/24,303,current_only,0.24403508369823784,0.9499033706590724,0.5656400065570567
2023/24,302,current_only,0.020215291974117894,0.2022923212717542,0.05045950479259855
2023/24,301,current_only,0.013902964341949785,0.16420329392803212,0.034466321758081314
2023/24,300,current_only,0.15733162162440378,0.6915032488764866,0.3738467375433094
2023/24,299,current_only,0.1300403607980843,1.2662669836078115,0.7757742840349358
2023/24,298,current_only,0.20070158600812182,0.8174048686532777,0.4685609578942599
2023/24,306,current_only,0.5908993277253133,1.871843550116623,1.2085820486518581
2023/24,297,current_only,0.08388942460894697,0.4735296177948371,0.2150918179541719
2023/24,295,current_only,0.0658411900066497,0.3985404389791817,0.16229125787756732
2023/24,293,current_only,0.1362136676436131,1.3146128769782097,0.8074050736988164
2023/24,292,current_only,0.14650053230180043,1.3559587728312272,0.8440102059735352
2023/24,291,current_only,0.2241700341497751,0.8885488526651885,0.5211420661151799
2023/24,290,current_only,0.22500179153381594,0.8689161031392566,0.5098167065972204
2023/24,289,current_only,0.10199089650661605,0.5162698593281799,0.24393127839489787
2023/24,288,current_only,0.26707660098406977,1.0253292402755174,0.6187225500009357
2023/24,287,current_only,0.12600711010809418,1.1910856453533867,0.7365817277616099
2023/24,286,current_only,0.167708036015897,0.7325129499968908,0.4045305933317534
2023/24,296,current_only,0.18911092899897614,0.7749713055947128,0.4375897893813019
2023/24,261,current_only,0.023710256749467112,0.22704614768017464,0.0629462356335084
2023/24,284,current_only,0.08995716615838997,0.49963417439717284,0.23480120960755022
2023/24,259,current_only,0.1131626835519109,0.5676537483854094,0.2822094298495917
2023/24,234,current_only,0.06646789895652559,0.40160991976945715,0.1643880233490646
2023/24,233,current_only,0.16305480210699408,0.7148733096183993,0.39129208261695636
2023/24,232,current_only,0.033874854675097404,0.2647772389106263,0.08117070694612345
2023/24,231,current_only,0.1635597595484975,0.7125780348089251,0.38961769150593367
2023/24,230,current_only,0.15280679662104582,1.401156048873594,0.8736591184366805
2023/24,229,current_only,0.3088732788994692,1.1497432057138637,0.7046883626541735
2023/24,228,current_only,0.2657866130630287,1.0566516839796731,0.6384046763890643
2023/24,227,current_only,0.16491244489127027,0.6813598994611896,0.3703444407979799
2023/24,225,current_only,0.052717364925726956,0.36268148732074484,0.14176504839155576
2023/24,224,current_only,0.2839035388943006,1.0112510441224098,0.6218591458407359
2023/24,223,current_only,0.26769976229996795,0.969139532667617,0.5896643073122421
2023/24,222,current_only,0.2680308266806196,1.8492546690341403,1.2461132542785494
2023/24,221,current_only,0.0897413462449322,0.5039018623238607,0.2394262846655729
2023/24,220,current_only,0.11550525714080388,0.5651010996904432,0.2795852225015069
2023/24,219,current_only,0.04247636773819063,0.31408133356801954,0.11011678059479889
2023/24,218,current_only,0.13534740571740625,0.6222090592275947,0.3219453814683387
2023/24,217,current_only,0.025579697149531695,0.23746018449277462,0.06828493824648682
2023/24,216,current_only,0.12666211695271964,0.5968738387025307,0.3030411391575493
2023/24,215,current_only,0.03697269077559896,0.2848161251304559,0.0924326699329855
2023/24,235,current_only,0.5338563432144897,1.6995869780954584,1.1019081033799791
2023/24,236,current_only,0.25709651949633905,1.035137824208622,0.6238466025504893
2023/24,226,current_only,0.0873478860008423,0.4734884684995853,0.21353472678547442
2023/24,238,current_only,0.03340920683601034,0.2729432205663081,0.08643496924367401
2023/24,237,current_only,0.2074669446464905,1.516893370115651,1.024282113939013
2023/24,257,current_only,0.16792690552335016,0.7146192291943019,0.39180610768918656
2023/24,256,current_only,0.015949993997215677,0.1767263804646602,0.03942818091127282
2023/24,255,current_only,0.13143382321683592,1.2783492398628427,0.7834347270590384
2023/24,254,current_only,0.08140708301667338,0.4533532699177521,0.19946646593375605
2023/24,253,current_only,0.23600835151689806,0.9522439794503607,0.5657275949520719
2023/24,252,current_only,0.48662050212027064,1.6306674683773354,1.027435941605307
2023/24,251,current_only,0.26487380973639074,0.9806488423445944,0.5931647305104691
2023/24,250,current_only,0.04485544974839937,0.3245549349771557,0.11646953453207584
2023/24,249,current_only,0.2870188526290557,1.0862212659466313,0.6610199254068821
2023/24,258,current_only,0.1187440584001945,0.5854426424748216,0.29526762849991706
2023/24,260,current_only,0.10219297758075996,0.520272677596572,0.2468383143811708
2023/24,248,current_only,0.13841132046982055,0.6555662631448255,0.34827250019067235
2023/24,240,current_only,0.358792806812376,1.2294061553135625,0.7760146637498029
2023/24,241,current_only,0.1642452176290602,1.465848852471806,0.9200330507322493
2023/24,242,current_only,0.2590653450054678,1.7663019307698504,1.205431282873281
2023/24,239,current_only,0.14263385919501562,1.2508590395641377,0.7946942423966429
2023/24,244,current_only,0.18873114643707695,1.4727005930625179,0.9714324782887126
2023/24,245,current_only,0.5218375789081902,1.653410716233147,1.0776182621566028
2023/24,246,current_only,0.12169100148031539,0.5724193468447715,0.285285583101031
2023/24,247,current_only,0.2576664536222123,0.9579659081888667,0.5769661569587864
2023/24,243,current_only,0.19756134172226963,1.5153876938341213,1.003954906567232
2023/24,275,updating_prior,0.2796360821209003,1.0327396371709365,0.6288306600146492
2023/24,276,updating_prior,0.0687146426066371,0.4172275115312101,0.17584816733861564
2023/24,277,updating_prior,0.21510587854741434,1.5822584836135756,1.0614254311702285
2023/24,281,updating_prior,0.039840635970619306,0.3014346516908106,0.10245436577332154
2023/24,279,updating_prior,0.13340630553648353,0.6215434908635438,0.32140383447937104
2023/24,280,updating_prior,0.26856508271969803,1.9223426142626456,1.2659954588216986
2023/24,274,updating_prior,0.22987552397258637,1.5741681545839845,1.0883148816282726
2023/24,278,updating_prior,0.15638681600889004,1.3942274291151342,0.8782406659021408
2023/24,273,updating_prior,0.28357185859448797,1.0676030606368867,0.649278548384332
2023/24,263,updating_prior,0.367260964377017,1.2539446230932907,0.79284917430877
2023/24,271,updating_prior,0.23749461555374604,0.9028155954387653,0.535527702655732
2023/24,270,updating_prior,0.14499602098483094,1.2792613529127586,0.8109255731270795
2023/24,269,updating_prior,0.43770962007692704,1.4715994168233615,0.9328069922545007
2023/24,268,updating_prior,0.14003123138214793,1.379903867999181,0.8401609230786181
2023/24,267,updating_prior,0.13610083002052073,0.6274256728511801,0.3257881280185545
2023/24,266,updating_prior,0.2592255345318552,0.9349485190027356,0.5671644100432297
2023/24,265,updating_prior,0.1491310553050729,0.6917566526087707,0.3755689745509947
2023/24,264,updating_prior,0.11617070822883038,0.5657673757496535,0.28004556668235336
2023/24,282,updating_prior,0.14375107897107983,1.3656776728439517,0.8422177726700519
2023/24,272,updating_prior,0.18249144030826064,0.7469813188926285,0.41760927850883967
2023/24,283,updating_prior,0.31265491168013615,1.1055744623204922,0.6864888043229092
2023/24,294,updating_prior,0.3117309545636797,2.1229846025566332,1.3984359234976702
2023/24,285,updating_prior,0.13400410336535332,1.3165433677017269,0.8037439484020373
2023/24,262,updating_prior,0.20550064902045279,0.8424639178958948,0.48644271869024924
2023/24,305,updating_prior,0.015577422931038712,0.17611921293356755,0.0392943120025555
2023/24,304,updating_prior,0.32236138189704416,1.2057432674185617,0.739665870899554
2023/24,303,updating_prior,0.3526955904389901,1.2692989123203278,0.7865242292571866
2023/24,302,updating_prior,0.05372671053478947,0.3638726440459961,0.14166121781866822
2023/24,301,updating_prior,0.018832828507980823,0.1952702531510003,0.04739792693395476
2023/24,300,updating_prior,0.16422554856498872,0.7102051688999599,0.3880003906889269
2023/24,299,updating_prior,0.15073279190358246,1.415038024229576,0.8746411966805419
2023/24,298,updating_prior,0.103225049837902,0.5239898062207304,0.24953503783402284
2023/24,306,updating_prior,0.5184371390110099,1.6403499178970338,1.0706996915863793
2023/24,297,updating_prior,0.0786273075604014,0.4587148984827605,0.20561732597703528
2023/24,295,updating_prior,0.07924408325906108,0.4486651603430907,0.19644018366397106
2023/24,293,updating_prior,0.12778322158928634,1.2224368313661287,0.7532803022323187
2023/24,292,updating_prior,0.14879431622031325,1.3489841372768145,0.8459233331871491
2023/24,291,updating_prior,0.2883886209056146,1.057822421034146,0.6468223056423825
2023/24,290,updating_prior,0.3483248680408272,1.1785905850768124,0.7477437409262142
2023/24,289,updating_prior,0.05557330826674016,0.3557143155175559,0.13441160917752268
2023/24,288,updating_prior,0.33834597491373913,1.2138627276490714,0.7526989781841176
2023/24,287,updating_prior,0.12431815757148806,1.2151570990782834,0.7433186808888853
2023/24,286,updating_prior,0.10580115823010058,0.5499127354269708,0.27028342941664496
2023/24,296,updating_prior,0.20647503090216868,0.8227960883193829,0.47396985765187793
2023/24,261,updating_prior,0.0200858331906507,0.2066565606342127,0.05312240905627155
2023/24,284,updating_prior,0.09171338099813489,0.5100236048836134,0.24355389402182964
2023/24,259,updating_prior,0.10039214517184736,0.5302550662250543,0.25568204512237747
2023/24,234,updating_prior,0.15516174485103046,0.6764858349552043,0.363031217386548
2023/24,233,updating_prior,0.0807281962565681,0.4558586229294383,0.20164757324301205
2023/24,232,updating_prior,0.027028843543450642,0.23322124854008666,0.06490957493169192
2023/24,231,updating_prior,0.1803940249925993,0.761340442049455,0.4262918970278462
2023/24,230,updating_prior,0.14101120249348575,1.360650425232515,0.8348237367476804
2023/24,229,updating_prior,0.35454612154293735,1.260057572114866,0.7840241055710662
2023/24,228,updating_prior,0.20494598205231399,0.8581499990662735,0.49790744526634023
2023/24,227,updating_prior,0.2350851159963185,0.9058677019528173,0.5359237125317817
2023/24,225,updating_prior,0.03857728290226893,0.30426307774178296,0.10640663681908219
2023/24,224,updating_prior,0.21614076910312358,0.8532896164010015,0.49646051143657643
2023/24,223,updating_prior,0.30046945649141127,1.0657939800239495,0.6593984679425564
2023/24,222,updating_prior,0.15834480821066532,1.3538979277253527,0.8669097861861758
2023/24,221,updating_prior,0.07875314677882816,0.4593247853510342,0.2060863879800171
2023/24,220,updating_prior,0.10419392702039687,0.5263761567739659,0.2512498915687376
2023/24,219,updating_prior,0.03213263046842774,0.2696386159871834,0.08519108786685989
2023/24,218,updating_prior,0.11249540448254228,0.5574690036647613,0.2740563397160828
2023/24,217,updating_prior,0.024351922628113018,0.22775452902290794,0.06279837672584089
2023/24,216,updating_prior,0.14513047174614624,0.6507908200773341,0.3434023109729922
2023/24,215,updating_prior,0.046803730429952624,0.32749286558521473,0.1174197041818581
2023/24,235,updating_prior,0.5445246701350419,1.7678320421357143,1.1273880946688635
2023/24,236,updating_prior,0.28701278153975024,1.0750223498040594,0.6548944985346475
2023/24,226,updating_prior,0.035674160203612366,0.27668237838340654,0.0877341142360531
2023/24,238,updating_prior,0.01858170950403709,0.1955536577050561,0.0477091301172247
2023/24,237,updating_prior,0.27576950031501296,1.8678089431757166,1.266473973869411
2023/24,257,updating_prior,0.216416070852021,0.8322932744490862,0.4847288121160921
2023/24,256,updating_prior,0.012126448959643764,0.15148548804508757,0.029660920705649234
2023/24,255,updating_prior,0.1338727593283656,1.2727611239492358,0.7860630381905345
2023/24,254,updating_prior,0.09689738171293569,0.5110578946882551,0.24071436526412293
2023/24,253,updating_prior,0.19835220093698264,0.8290487075863979,0.47635916821469565
2023/24,252,updating_prior,0.4189165090351378,1.453212394031986,0.9082619847911801
2023/24,251,updating_prior,0.38241955600380234,1.2874272679685552,0.8193499283385306
2023/24,250,updating_prior,0.06476926587552866,0.4024411084695159,0.16590908828911902
2023/24,249,updating_prior,0.22252567719548932,0.864897883759455,0.5062402259277329
2023/24,258,updating_prior,0.0893409027963011,0.4782661323261008,0.21681712473172557
2023/24,260,updating_prior,0.12411374073343698,0.5789598849503328,0.2902075677360134
2023/24,248,updating_prior,0.09364776049720501,0.5092984337125189,0.24096487218260781
2023/24,240,updating_prior,0.3418359727375113,1.1675503150786244,0.7372952968883228
2023/24,241,updating_prior,0.20055150691922521,1.5784816205227439,1.0310816192445589
2023/24,242,updating_prior,0.2802448608739092,1.8581697982185899,1.2728969510919537
2023/24,239,updating_prior,0.15161977847618413,1.3375190863858288,0.8471515719279831
2023/24,244,updating_prior,0.1491461862141885,1.3210774735194066,0.8358047762799833
2023/24,245,updating_prior,0.48613003028404994,1.5994789550000261,1.020137950646128
2023/24,246,updating_prior,0.1862933723310585,0.76452664933035,0.42997827444195535
2023/24,247,updating_prior,0.2857369263310503,1.0383779299786735,0.6356323456725128
2023/24,243,updating_prior,0.19085429554691413,1.5229042420308536,0.9931112054106774
2024/25,275,v2_full,0.26237601521180176,0.9859168331345676,0.5944145183711061
2024/25,282,v2_full,0.250155725598881,0.972146562065682,0.5812183489791075
2024/25,281,v2_full,0.13120082378425388,1.2867063318786898,0.7863185912079136
2024/25,280,v2_full,0.14418623152982454,1.3722880158877435,0.845595562192809
2024/25,279,v2_full,0.14051227578940004,1.2844361169402232,0.8040332074865832
2024/25,278,v2_full,0.14267606109395303,1.3673542764033026,0.8407047522796792
2024/25,277,v2_full,0.02240858699161804,0.21754588487996254,0.05788401229945741
2024/25,276,v2_full,0.08587090327607608,0.4629372577269463,0.2059809476543841
2024/25,274,v2_full,0.09829854496291929,0.5386297187920434,0.2664275668887514
2024/25,283,v2_full,0.05471682404809203,0.35890582039543845,0.13684458257544693
2024/25,272,v2_full,0.30910229031078174,1.1006515140604152,0.6815012246964179
2024/25,271,v2_full,0.5703073258356993,1.8593503893361762,1.1767481111245612
2024/25,270,v2_full,0.02806390721421273,0.24415656923860618,0.07070442124719917
2024/25,269,v2_full,0.14084024065986078,1.3165615480249762,0.8174233570531512
2024/25,267,v2_full,0.08612267404295974,0.47792259613788485,0.21757210074150993
2024/25,266,v2_full,0.03883757249953935,0.2891908080189456,0.09464411501143546
2024/25,265,v2_full,0.10313099641835428,0.5219296726746139,0.24801866733152164
2024/25,264,v2_full,0.1966180421442676,1.5165880318394405,1.0024797133703593
2024/25,263,v2_full,0.13651661370042048,1.34042549976909,0.8180695051442171
2024/25,273,v2_full,0.11386292812002283,0.550789518487134,0.2691691051770486
2024/25,268,v2_full,0.13149552067120324,1.216156246327432,0.7580902392287527
2024/25,306,v2_full,0.04861079267441674,0.3302441644279504,0.11872630241965104
2024/25,286,v2_full,0.12952829321754872,1.2699329577543212,0.7762326617116663
2024/25,262,v2_full,0.14069439773870374,1.3445409885559574,0.8280134276808816
2024/25,305,v2_full,0.12829004711952088,0.5916587349293081,0.2996611112236036
2024/25,304,v2_full,0.2509908547543976,0.9261590189786283,0.5564812909383692
2024/25,303,v2_full,0.21217676222872095,0.8467774227779933,0.4909338599192191
2024/25,302,v2_full,0.36834255164321295,1.3142831223648128,0.8162488631922444
2024/25,301,v2_full,0.026772325203253226,0.23864137229082968,0.0680066363734269
2024/25,300,v2_full,0.1253264973673358,1.2292875109617403,0.7512079611241327
2024/25,299,v2_full,0.3475785414744159,1.2141124615883774,0.7600779826317046
2024/25,298,v2_full,0.28851272328067146,1.1140313002366953,0.6776082270661721
2024/25,285,v2_full,0.2528199219305157,1.840082946070761,1.213250128006444
2024/25,297,v2_full,0.29742378489096793,1.0870513018073704,0.6668778576960046
2024/25,295,v2_full,0.20509509019446162,1.5295422890110446,1.023851215775609
2024/25,294,v2_full,0.12895538604783066,0.6127886522823559,0.31506880680268246
2024/25,293,v2_full,0.2515986423503733,0.950585631409336,0.5694259245254962
2024/25,292,v2_full,0.013922482745672971,0.16446532795193783,0.03457501008905233
2024/25,291,v2_full,0.4722310668729085,1.615845735233759,1.0076406314515605
2024/25,290,v2_full,0.16792242161854815,1.4612819867561668,0.9257629398018691
2024/25,289,v2_full,0.17581662948556048,1.4776663503665175,0.9473555251750715
2024/25,288,v2_full,0.40531404555961636,1.4722916196465647,0.9036410645220259
2024/25,287,v2_full,0.14509658076552606,1.4331886025012377,0.8700037162790645
2024/25,296,v2_full,0.07884959077169998,0.46023857682118796,0.20688285431955142
2024/25,261,v2_full,0.0680572941373114,0.40832093055195406,0.16894121545295382
2024/25,284,v2_full,0.15020662813365088,1.424705365647146,0.8771330016271119
2024/25,259,v2_full,0.30503595427678504,1.096515046243461,0.6765580918785825
2024/25,234,v2_full,0.238328848853575,0.9211580791794348,0.5462613058108746
2024/25,233,v2_full,0.17517968946040285,0.7548202625427267,0.42120173054697235
2024/25,232,v2_full,0.15009337004662393,0.6495068749163748,0.3440277289823105
2024/25,231,v2_full,0.4355855480026792,1.4332249352174427,0.9203200277239421
2024/25,230,v2_full,0.3714335101648344,1.2732001486361562,0.8035730387443687
2024/25,229,v2_full,0.27550530973420795,1.9242905502342231,1.2803620009510568
2024/25,228,v2_full,0.2743835157313995,1.0565667102388814,0.6395787108763685
2024/25,227,v2_full,0.14231765518757888,1.2827917624317249,0.8069852829386416
2024/25,260,v2_full,0.4691661336285453,1.5496031527994591,0.9884326542301067
2024/25,235,v2_full,0.03078112249023502,0.2589662129815648,0.07862766546732683
2024/25,225,v2_full,0.1415622864381887,1.3429538603397755,0.8291371606599999
2024/25,223,v2_full,0.8157263269906709,2.776987021132319,1.636433694063506
2024/25,222,v2_full,0.5846692728958068,2.0091869847645984,1.2169385538626905
2024/25,221,v2_full,0.18074556243829878,1.4818546336812997,0.9586863976368727
2024/25,220,v2_full,0.6395493144479001,2.128966091899625,1.3086510700846001
2024/25,219,v2_full,0.18117773395055187,1.4055551097763292,0.9320318794266865
2024/25,218,v2_full,0.16909197232411408,1.4211874667279574,0.9136166983938452
2024/25,217,v2_full,0.21558122481120331,0.8496481623553368,0.49403802185828244
2024/25,216,v2_full,0.47381500341477184,1.5843766874789769,1.0019330571396556
2024/25,215,v2_full,0.1208893829805544,1.1665407133632248,0.7158902674828462
2024/25,224,v2_full,0.5335859389302909,1.7133961886600597,1.1036945938369003
2024/25,236,v2_full,0.2233370313139394,0.8490653573633096,0.49812093556926085
2024/25,226,v2_full,0.1619218402276159,0.725277552863547,0.3997037327454463
2024/25,238,v2_full,0.2357218548188262,0.9116042582436049,0.53953035074061
2024/25,237,v2_full,0.5474090471927433,1.792663575121461,1.1351915624620792
2024/25,258,v2_full,0.2356269124243604,1.6555477870604818,1.1257552011037362
2024/25,257,v2_full,0.23212292957964276,0.8867496527871549,0.5236739549833933
2024/25,256,v2_full,0.29584630244863275,1.1069452986151103,0.6761117813488237
2024/25,255,v2_full,0.21290923435788608,1.5491353708988054,1.0460825022850146
2024/25,254,v2_full,0.23953459452829895,0.9613123637451166,0.5721884791301644
2024/25,252,v2_full,0.13915848128405664,1.311881940372268,0.8122208218703064
2024/25,251,v2_full,0.24205461656162244,0.9313300502945824,0.5538324492670451
2024/25,250,v2_full,0.08746935594640706,0.47359122469399895,0.21359042450417842
2024/25,249,v2_full,0.19935300674308007,0.8149601498947135,0.46660227846065283
2024/25,253,v2_full,0.41102084947524037,1.369412403294293,0.8749789420178091
2024/25,247,v2_full,0.2949711703290983,1.0327935210108499,0.6407454248650893
2024/25,248,v2_full,0.1546421509885129,0.6664599548630705,0.3563676903280847
2024/25,240,v2_full,0.023557212517932562,0.22792370430124648,0.0637958596316053
2024/25,241,v2_full,0.25640952572746406,0.9339871463526744,0.5643851733998064
2024/25,242,v2_full,0.44713217575610087,1.5178430160424652,0.9554439826150379
2024/25,239,v2_full,0.11739205240693518,1.1498224247609306,0.7016925593933904
2024/25,244,v2_full,0.06386214932389654,0.40271555165753586,0.1669106991978693
2024/25,245,v2_full,0.21426594062110935,1.5278570037791912,1.041620568040925
2024/25,246,v2_full,0.09167718045967818,0.49076122749680423,0.22593908399434276
2024/25,243,v2_full,0.09368229303942462,0.5001197623617242,0.23285895562752024
2024/25,275,bookmaker,0.2514048576710896,0.9470707679370186,0.5674249131311433
2024/25,282,bookmaker,0.24729144047586418,0.9560225703941521,0.5704932281461583
2024/25,281,bookmaker,0.13517890368618468,1.2763833659972659,0.7901343805608556
2024/25,280,bookmaker,0.12929897204195837,1.247845032487968,0.7667917449708864
2024/25,279,bookmaker,0.14618027866492994,1.309313844481938,0.8252528800399325
2024/25,278,bookmaker,0.13125581950414453,1.2681319327636478,0.7789597965147564
2024/25,277,bookmaker,0.028074782815441904,0.24889811044617693,0.07388247429091728
2024/25,276,bookmaker,0.14475940298126735,0.6547532244682084,0.346227737154736
2024/25,274,bookmaker,0.0722324428568068,0.43016115080378,0.1846406995681966
2024/25,283,bookmaker,0.03377411142988157,0.2756605778340131,0.08812764425665058
2024/25,272,bookmaker,0.3111076543942839,1.1200384476909393,0.6916420468886066
2024/25,271,bookmaker,0.558508126176033,1.8342055223883797,1.1566898912106947
2024/25,270,bookmaker,0.050621754797872426,0.34472417902779356,0.12821112556981307
2024/25,269,bookmaker,0.1293147265997242,1.268727700635045,0.7753184897441752
2024/25,267,bookmaker,0.15397527201236816,0.6909078329864584,0.3734023068355197
2024/25,266,bookmaker,0.035173421815447754,0.2819651414846947,0.09160692354838304
2024/25,265,bookmaker,0.1001394514889759,0.5201016643945843,0.24705937666623248
2024/25,264,bookmaker,0.22722444605588196,1.6813809699430509,1.1168547930963602
2024/25,263,bookmaker,0.13378305814722707,1.2815921536338983,0.7894351370555752
2024/25,273,bookmaker,0.17843808473207953,0.7508537810607665,0.4187059376576514
2024/25,268,bookmaker,0.17664437413919842,1.4008148684757715,0.9212075838132541
2024/25,306,bookmaker,0.11242085462050304,0.550065803885916,0.2685184280621048
2024/25,286,bookmaker,0.1376052737953875,1.3125016020929734,0.8093582374508366
2024/25,262,bookmaker,0.1485875212782261,1.3448050668289608,0.8439014502975244
2024/25,305,bookmaker,0.39595166070803134,1.3091429163274368,0.8407227351127736
2024/25,304,bookmaker,0.30656731268002074,1.075977237612558,0.6689157174585354
2024/25,303,bookmaker,0.2514047191140217,0.9509406465407968,0.5695118950414457
2024/25,302,bookmaker,0.46207210652211594,1.5505262661244783,0.9803286174344805
2024/25,301,bookmaker,0.01203658778369234,0.1573428583113714,0.03252814454714904
2024/25,300,bookmaker,0.1364374768219775,1.3406327819834178,0.8179913320829559
2024/25,299,bookmaker,0.31034874786811073,1.119030232837566,0.6906429637433884
2024/25,298,bookmaker,0.42981592989349593,1.4862519890737367,0.9288021785228892
2024/25,285,bookmaker,0.18626125203683308,1.5916161714175812,1.00678135876354
2024/25,297,bookmaker,0.26636292664295036,0.9829176208226112,0.5952857604402999
2024/25,295,bookmaker,0.20290464065954084,1.5005301951609475,1.0095198059957182
2024/25,294,bookmaker,0.17364030055058277,0.7410394442222554,0.41105996637013775
2024/25,293,bookmaker,0.20288465154840793,0.8154998022914116,0.46805409522213354
2024/25,292,bookmaker,0.014331939885344501,0.1731890732306822,0.03884820768921434
2024/25,291,bookmaker,0.37472633995435223,1.3203485372761175,0.8235881707340049
2024/25,290,bookmaker,0.1603238316500709,1.4604587052090254,0.9102723516242663
2024/25,289,bookmaker,0.1352932218829218,1.3145562339728327,0.8055419274231267
2024/25,288,bookmaker,0.4508025777582281,1.5110025381734589,0.9576967144779407
2024/25,287,bookmaker,0.13576414632755132,1.3153625549597396,0.8068005006609998
2024/25,296,bookmaker,0.0813925630172344,0.45873410564782585,0.20371832504297696
2024/25,261,bookmaker,0.12278208881882025,0.5957823462419561,0.302644090006347
2024/25,284,bookmaker,0.1466772408119277,1.4259217198439513,0.8705185003710806
2024/25,259,bookmaker,0.23521660800947736,0.9269918903794009,0.5486926677122862
2024/25,234,bookmaker,0.20675426502818434,0.8516473714304965,0.4930328558726865
2024/25,233,bookmaker,0.1714503140089016,0.7459791040241273,0.4146379656937087
2024/25,232,bookmaker,0.2628539818602617,0.9979797189709656,0.6012810502159608
2024/25,231,bookmaker,0.3331748017493614,1.1754447207113983,0.7325193081130261
2024/25,230,bookmaker,0.2874904243235389,1.0579089955546055,0.6463031284945714
2024/25,229,bookmaker,0.2637050961391774,1.7275668134974356,1.2035606735474125
2024/25,228,bookmaker,0.23292230947365522,0.9354774163189152,0.5538704866021165
2024/25,227,bookmaker,0.1568733858242766,1.2947439481356846,0.8408692288753643
2024/25,260,bookmaker,0.45931222227587026,1.5189233745649877,0.969497909714114
2024/25,235,bookmaker,0.025670424407929618,0.24022339601475337,0.07032890936786694
2024/25,225,bookmaker,0.15645892408933657,1.378020445253237,0.8723065726163277
2024/25,223,bookmaker,0.7859118787067279,2.86736015413418,1.5855462359609664
2024/25,222,bookmaker,0.6254779017245826,2.152823048623127,1.2903353208109274
2024/25,221,bookmaker,0.21874390295520038,1.602560062672675,1.0752812130930818
2024/25,220,bookmaker,0.6687359285842922,2.2812233929154746,1.3659993218916484
2024/25,219,bookmaker,0.15803878534543045,1.3007973325588058,0.8456036394705881
2024/25,218,bookmaker,0.12705679645155196,1.2420384525912387,0.7599262547960115
2024/25,217,bookmaker,0.2653730739189509,1.0082787159757511,0.6082113518357377
2024/25,216,bookmaker,0.5417758225174634,1.824194848589551,1.1328524498387844
2024/25,215,bookmaker,0.11953860097950761,1.1610413366946293,0.7108265165068968
2024/25,224,bookmaker,0.40352222866924436,1.4014831504882557,0.8772787584626889
2024/25,236,bookmaker,0.2602076235703246,0.9734386047449801,0.5865520144033979
2024/25,226,bookmaker,0.2115227759337467,0.8808513912952515,0.5145255577621496
2024/25,238,bookmaker,0.20685371790680632,0.8343572030941034,0.4813218631000589
2024/25,237,bookmaker,0.48349707403846975,1.634126323423242,1.0245599486876764
2024/25,258,bookmaker,0.2367805047180768,1.7094432053580668,1.1443768413575466
2024/25,257,bookmaker,0.3228067233018241,1.1447028437187408,0.711318595354217
2024/25,256,bookmaker,0.330327919626753,1.2085607897619564,0.7451064941900918
2024/25,255,bookmaker,0.2521500892225807,1.665321247921236,1.1618105127025484
2024/25,254,bookmaker,0.18763611466428062,0.7969728938617486,0.45263456149811576
2024/25,252,bookmaker,0.13675520585386924,1.3115628086102342,0.8072886586942014
2024/25,251,bookmaker,0.210119427560448,0.8641994174267871,0.5022045356851256
2024/25,250,bookmaker,0.11655504092904782,0.571445468564341,0.2843715549219084
2024/25,249,bookmaker,0.19056127932524247,0.7943012068715087,0.45082693088670345
2024/25,253,bookmaker,0.2501851158883506,0.9485877646743844,0.5675675658998767
2024/25,247,bookmaker,0.2220854520944183,0.8767200335420241,0.5130638174565293
2024/25,248,bookmaker,0.2955004513623413,1.0956873789157613,0.6700563527557248
2024/25,240,bookmaker,0.010300623056202385,0.14925729235669424,0.03091331006796611
2024/25,241,bookmaker,0.3146862758346492,1.1288736979221596,0.6982152582412695
2024/25,242,bookmaker,0.42237934835705204,1.4882889086163678,0.9225743740903007
2024/25,239,bookmaker,0.13125137030187034,1.2609082597099592,0.7760232997053826
2024/25,244,bookmaker,0.056979466942136923,0.3764424325288145,0.14968001223711175
2024/25,245,bookmaker,0.2358604319197387,1.65420741255437,1.1258078222034529
2024/25,246,bookmaker,0.08033378629010332,0.4597357350278359,0.20516582926210444
2024/25,243,bookmaker,0.10710165357355614,0.5461178114567646,0.266244749549056
2024/25,275,soft_blend_h10,0.15581345747629838,0.688034939580628,0.3712086340213578
2024/25,282,soft_blend_h10,0.33657662736580096,1.1942255902204855,0.7430224536027481
2024/25,281,soft_blend_h10,0.12310033553142136,1.2019852832689433,0.7353654383476816
2024/25,280,soft_blend_h10,0.1511947850724404,1.4776025174387715,0.8980893528395657
2024/25,279,soft_blend_h10,0.1224751089479994,1.1992642702055853,0.7329699752352629
2024/25,278,soft_blend_h10,0.13895656857121194,1.3406768604592743,0.8230465475788026
2024/25,277,soft_blend_h10,0.01488169011343022,0.17195813912741703,0.03762666119836739
2024/25,276,soft_blend_h10,0.038099841136254135,0.2803625078313138,0.08973307949008424
2024/25,274,soft_blend_h10,0.06573797498754892,0.42119877682740653,0.18361259058783364
2024/25,283,soft_blend_h10,0.04881844668770746,0.33607200987702973,0.1226883991283993
2024/25,272,soft_blend_h10,0.26451522071747385,0.9753545763077649,0.5902746442688798
2024/25,271,soft_blend_h10,0.5214618264835825,1.690405743481683,1.0832870822305085
2024/25,270,soft_blend_h10,0.033097392303367626,0.268271724657948,0.08341848601932618
2024/25,269,soft_blend_h10,0.16828412895607142,1.4257813696342063,0.9136810325926044
2024/25,267,soft_blend_h10,0.08564516625286213,0.474772894675494,0.21512735454510443
2024/25,266,soft_blend_h10,0.04210456442916614,0.30092353078968104,0.10129645457741027
2024/25,265,soft_blend_h10,0.11189373706297968,0.5530761339114889,0.2707477439440324
2024/25,264,soft_blend_h10,0.18217293794169576,1.510212862768081,0.9714004038335549
2024/25,263,soft_blend_h10,0.13634814804704837,1.3101453346049068,0.8059163103604343
2024/25,273,soft_blend_h10,0.1207624353663786,0.5714163415755112,0.2844182285984985
2024/25,268,soft_blend_h10,0.12192299453686842,1.1971641615100461,0.7309808025651676
2024/25,306,soft_blend_h10,0.06015036677054555,0.37193096848987695,0.1447085670239281
2024/25,286,soft_blend_h10,0.12881464244238913,1.2413359898222909,0.7631533255368584
2024/25,262,soft_blend_h10,0.13545805749549977,1.332043720156756,0.8127044195831099
2024/25,305,soft_blend_h10,0.17970509888003147,0.7496254838931091,0.41821676863006846
2024/25,304,soft_blend_h10,0.27344850355323114,0.976045315547009,0.5975491334110952
2024/25,303,soft_blend_h10,0.21822182049138306,0.8664031541363689,0.505296290549289
2024/25,302,soft_blend_h10,0.3306536921615399,1.1963169796453388,0.7396663606115987
2024/25,301,soft_blend_h10,0.016506522388359667,0.18055231663783544,0.041028199638176055
2024/25,300,soft_blend_h10,0.12077326918317655,1.1825471203395257,0.722492868075655
2024/25,299,soft_blend_h10,0.37150000952816326,1.2696090611408297,0.8023953358431037
2024/25,298,soft_blend_h10,0.3032910021093005,1.1565153611942558,0.706172058483205
2024/25,285,soft_blend_h10,0.23642742819539375,1.75124764905099,1.1558624427750386
2024/25,297,soft_blend_h10,0.2980136733204452,1.0973815050682767,0.6723235002442658
2024/25,295,soft_blend_h10,0.26516347811910856,1.7888273753995776,1.2239559744667048
2024/25,294,soft_blend_h10,0.10819015313047735,0.541814975514473,0.2625376705288459
2024/25,293,soft_blend_h10,0.30420762727460293,1.078983042866064,0.6681671461669282
2024/25,292,soft_blend_h10,0.018761745637786344,0.19550937236324475,0.047564897540690154
2024/25,291,soft_blend_h10,0.4776442560674061,1.671903054383355,1.0272564952640637
2024/25,290,soft_blend_h10,0.1698106886771201,1.4117554559709062,0.911588263127278
2024/25,289,soft_blend_h10,0.16455341639941565,1.37708328659738,0.8881420745169577
2024/25,288,soft_blend_h10,0.36055380213906996,1.3586248490284432,0.8311944825161119
2024/25,287,soft_blend_h10,0.14512204020156877,1.4183987806979261,0.8646544227361647
2024/25,296,soft_blend_h10,0.0679531621139218,0.423236296326238,0.1822820974262555
2024/25,261,soft_blend_h10,0.07692533590772382,0.4352639700158813,0.1868694298656272
2024/25,284,soft_blend_h10,0.15599991531914995,1.4414560817654676,0.8948053105930173
2024/25,259,soft_blend_h10,0.41261043525279695,1.383625319451719,0.880818978459658
2024/25,234,soft_blend_h10,0.1768129674366545,0.7595056211489654,0.4246999006713785
2024/25,233,soft_blend_h10,0.3264213432048697,1.1875317229831814,0.7329219921368297
2024/25,232,soft_blend_h10,0.1862210292105087,0.7436693245430247,0.41775216882828
2024/25,231,soft_blend_h10,0.31923368553292275,1.1197830164034994,0.6979663247117682
2024/25,230,soft_blend_h10,0.43631920466756724,1.4547266764270894,0.9267526051960019
2024/25,229,soft_blend_h10,0.23081555058876863,1.6125035312676952,1.1026109718270516
2024/25,228,soft_blend_h10,0.32337171455181,1.1778357578888952,0.7265035639524942
2024/25,227,soft_blend_h10,0.20099486167002856,1.4782834499828754,0.9979292949104758
2024/25,260,soft_blend_h10,0.6233297947489715,2.0608273081501225,1.2776821330794292
2024/25,235,soft_blend_h10,0.02682654105913409,0.24155865995394107,0.06988715856901995
2024/25,225,soft_blend_h10,0.1434207761486092,1.3680636277169502,0.8424634846427282
2024/25,223,soft_blend_h10,0.8177359034419847,2.78619959034125,1.6402949295645135
2024/25,222,soft_blend_h10,0.5762282981325602,2.0312282541657054,1.2092299340335284
2024/25,221,soft_blend_h10,0.20494019368627112,1.5547268727921333,1.0320115686665494
2024/25,220,soft_blend_h10,0.6234203498924065,2.0982975475424954,1.2816577164928544
2024/25,219,soft_blend_h10,0.20579297109596148,1.518827720870895,1.021596257602306
2024/25,218,soft_blend_h10,0.17474364171386542,1.4756581176214005,0.9445017167955926
2024/25,217,soft_blend_h10,0.185856272419731,0.7712498099780107,0.43417571449508646
2024/25,216,soft_blend_h10,0.4148291669145162,1.4182424326517307,0.8934566383078368
2024/25,215,soft_blend_h10,0.11863312233045764,1.1258998817364914,0.6937550462627584
2024/25,224,soft_blend_h10,0.5448167572308438,1.724710044030136,1.1213528360773652
2024/25,236,soft_blend_h10,0.1573043583308312,0.686495429816269,0.3703143842070443
2024/25,226,soft_blend_h10,0.14285011498664613,0.6499993229802387,0.3426600501465293
2024/25,238,soft_blend_h10,0.3864987398926356,1.2769693452720796,0.8205836165687146
2024/25,237,soft_blend_h10,0.6466753308422863,2.174264116296506,1.3235228519968048
2024/25,258,soft_blend_h10,0.21970690730257522,1.6297128709784814,1.0858525852577379
2024/25,257,soft_blend_h10,0.17590281289415463,0.7356651005474355,0.407967064293999
2024/25,256,soft_blend_h10,0.31204366980826176,1.17079662530579,0.7170965970625469
2024/25,255,soft_blend_h10,0.2549063556023292,1.7544826855268612,1.1937471481601136
2024/25,254,soft_blend_h10,0.19886298505361533,0.8459954994420005,0.4894456703942591
2024/25,252,soft_blend_h10,0.1844133612640447,1.489804893374612,0.9688061172421707
2024/25,251,soft_blend_h10,0.2634343605491919,0.9972687292441319,0.6011561061298233
2024/25,250,soft_blend_h10,0.06769848902368832,0.4030876642653712,0.16517294463204807
2024/25,249,soft_blend_h10,0.20881975079231063,0.8407343484557651,0.48601157962999053
2024/25,253,soft_blend_h10,0.40689251435931395,1.3441746976134739,0.8631725350300805
2024/25,247,soft_blend_h10,0.42647150208668905,1.369135254788268,0.8932534519210388
2024/25,248,soft_blend_h10,0.1010190962525872,0.5020612360276728,0.23432790821001492
2024/25,240,soft_blend_h10,0.02331321778605169,0.22673986577745173,0.06324583814353642
2024/25,241,soft_blend_h10,0.34114417266511327,1.1372222429210435,0.7261127816832106
2024/25,242,soft_blend_h10,0.356623472663388,1.285231532187569,0.7959695924217627
2024/25,239,soft_blend_h10,0.11520928282827422,1.1356622597367991,0.6911753435776401
2024/25,244,soft_blend_h10,0.0656545222573979,0.40981951179343357,0.17175270373356383
2024/25,245,soft_blend_h10,0.19165592728465403,1.4596495543134256,0.9726480063905547
2024/25,246,soft_blend_h10,0.08331571208824161,0.46251669737832807,0.20604439120728982
2024/25,243,soft_blend_h10,0.0875484405540662,0.482441327618091,0.2207032447034718
2024/25,275,soft_blend_h17,0.18641349268537039,0.7699900582775092,0.4335069898395202
2024/25,282,soft_blend_h17,0.3181263082784991,1.1448726562649785,0.7078746610757818
2024/25,281,soft_blend_h17,0.12404387414944498,1.2185646925562699,0.7441907300066132
2024/25,280,soft_blend_h17,0.14683037309905989,1.449175677118072,0.8792472959361265
2024/25,279,soft_blend_h17,0.1262408479280737,1.2152397751551263,0.747198562203566
2024/25,278,soft_blend_h17,0.14251605427315087,1.3568641896743763,0.8363875432884395
2024/25,277,soft_blend_h17,0.016695225180257338,0.18367666545381778,0.0424992889443717
2024/25,276,soft_blend_h17,0.03693453349322752,0.27523194552874203,0.08690999802218766
2024/25,274,soft_blend_h17,0.07302656645482274,0.4499912034963021,0.20410618923175747
2024/25,283,soft_blend_h17,0.04725957571580008,0.3298196355742441,0.1188844901144237
2024/25,272,soft_blend_h17,0.261511625442848,0.9679534945879015,0.5845534367381147
2024/25,271,soft_blend_h17,0.5186009642476309,1.6863449497881446,1.078746989168022
2024/25,270,soft_blend_h17,0.030857301040102793,0.25727386621167586,0.07748209269857054
2024/25,269,soft_blend_h17,0.15941823481922948,1.392530415068701,0.8836701288545454
2024/25,267,soft_blend_h17,0.08580482128836397,0.47601633801452464,0.21610340752506935
2024/25,266,soft_blend_h17,0.03925572113143902,0.2885048469209312,0.09421319101659278
2024/25,265,soft_blend_h17,0.10972936258947646,0.5469468562643138,0.26628919077980717
2024/25,264,soft_blend_h17,0.177750503961934,1.4801756248031446,0.9521063007785109
2024/25,263,soft_blend_h17,0.13525104226965573,1.3067002920700685,0.8023632840101907
2024/25,273,soft_blend_h17,0.11018633940143042,0.5392121594671306,0.26068961066860047
2024/25,268,soft_blend_h17,0.12334682488235141,1.208085754043918,0.7384190573020804
2024/25,306,soft_blend_h17,0.0577328593851722,0.3627610102219494,0.13885091246644327
2024/25,286,soft_blend_h17,0.13223894159554217,1.2463828055893293,0.7720728358164717
2024/25,262,soft_blend_h17,0.13648268496530555,1.3337046618242356,0.8153986876219286
2024/25,305,soft_blend_h17,0.1756028576997026,0.7365505329450921,0.40844601671355524
2024/25,304,soft_blend_h17,0.281729723393134,1.0031175392873901,0.6164673990944868
2024/25,303,soft_blend_h17,0.21368141049864503,0.857337663557531,0.4981180848019269
2024/25,302,soft_blend_h17,0.34446243973097634,1.2321860196516887,0.7649423866228404
2024/25,301,soft_blend_h17,0.01879278167806595,0.19420340368191893,0.04686365174652969
2024/25,300,soft_blend_h17,0.12274615178489459,1.197122368529825,0.7326094956259276
2024/25,299,soft_blend_h17,0.3812094505724345,1.3010842722632168,0.8225868982282164
2024/25,298,soft_blend_h17,0.3042436191559499,1.1614150174733224,0.7092259240022768
2024/25,285,soft_blend_h17,0.23311674114228204,1.7359737127502435,1.1448329322954487
2024/25,297,soft_blend_h17,0.29672666022565375,1.0956130225315563,0.6706954427704555
2024/25,295,soft_blend_h17,0.264587605818335,1.7862783626503422,1.222093785372207
2024/25,294,soft_blend_h17,0.10075977921758004,0.5177061302282209,0.2450489399391901
2024/25,293,soft_blend_h17,0.28411398101766777,1.0229974876822499,0.627268396099731
2024/25,292,soft_blend_h17,0.019432700196175913,0.19924864637494355,0.04921360980341571
2024/25,291,soft_blend_h17,0.48574734461092506,1.6873202228371367,1.0394303323693115
2024/25,290,soft_blend_h17,0.16980295000050258,1.4121941992122578,0.9117344983142439
2024/25,289,soft_blend_h17,0.1709740531691245,1.4127523383010838,0.9142823547602686
2024/25,288,soft_blend_h17,0.3632219466177156,1.357279959778664,0.8316756162083683
2024/25,287,soft_blend_h17,0.14400924176356827,1.4131391975445318,0.8604952271779474
2024/25,296,soft_blend_h17,0.07132568061242915,0.4354726109265462,0.19053685364356612
2024/25,261,soft_blend_h17,0.07332891347194784,0.4227697260866365,0.1783645401778397
2024/25,284,soft_blend_h17,0.15442569107119852,1.447246179486395,0.8937442007831617
2024/25,259,soft_blend_h17,0.42402698753489687,1.420052132460463,0.9036409663710672
2024/25,234,soft_blend_h17,0.19678048916979868,0.8156527293929597,0.46660587976504964
2024/25,233,soft_blend_h17,0.31615737036077607,1.1570319430098797,0.712249347651065
2024/25,232,soft_blend_h17,0.18284274933578895,0.733474588899313,0.4100712991278064
2024/25,231,soft_blend_h17,0.31743344275114843,1.1117078952597563,0.693105892685783
2024/25,230,soft_blend_h17,0.42225759872185903,1.4192791999213128,0.901495942633498
2024/25,229,soft_blend_h17,0.24117378068186912,1.6718245506350577,1.141847616727503
2024/25,228,soft_blend_h17,0.3284063214011046,1.1972259826001106,0.7386550169433685
2024/25,227,soft_blend_h17,0.19153168479509078,1.436045379453536,0.9639107298838766
2024/25,260,soft_blend_h17,0.6013369993970193,1.9874082780014017,1.237344100086939
2024/25,235,soft_blend_h17,0.025386540941798975,0.23366147532595224,0.06580614488718438
2024/25,225,soft_blend_h17,0.15529033985399282,1.4287338573267405,0.8887704178212225
2024/25,223,soft_blend_h17,0.8142211502700023,2.7783511701617347,1.633697195511919
2024/25,222,soft_blend_h17,0.5865990823189449,2.0637822127838077,1.2269838578376087
2024/25,221,soft_blend_h17,0.20835404886333836,1.5823002719643284,1.047935417651378
2024/25,220,soft_blend_h17,0.639356632074115,2.1462883863019857,1.3099607479348814
2024/25,219,soft_blend_h17,0.20541627674202778,1.5163467149561667,1.0199935016926271
2024/25,218,soft_blend_h17,0.17070018310616206,1.439367704012903,0.9234509324714943
2024/25,217,soft_blend_h17,0.20468129251364905,0.8236089879598418,0.47377655701968135
2024/25,216,soft_blend_h17,0.4242139625818781,1.4602041072605363,0.9155062531067216
2024/25,215,soft_blend_h17,0.12133041299057457,1.1439750022225417,0.7070345689178131
2024/25,224,soft_blend_h17,0.5773200162523288,1.8256691292381058,1.182661747822703
2024/25,236,soft_blend_h17,0.1711442996053368,0.7197337591861618,0.39613655741882
2024/25,226,soft_blend_h17,0.1471346713518925,0.6615708337325037,0.3513447165110706
2024/25,238,soft_blend_h17,0.3485148734945922,1.1811308826643507,0.7488194133566137
2024/25,237,soft_blend_h17,0.6493279965619846,2.179655748628986,1.3280192268981748
2024/25,258,soft_blend_h17,0.21972401923290616,1.638160644270539,1.088540635827316
2024/25,257,soft_blend_h17,0.18979785170099764,0.7707106617148987,0.4352164631948952
2024/25,256,soft_blend_h17,0.3031624224212234,1.1496255735254044,0.7022671399877012
2024/25,255,soft_blend_h17,0.25533519950837846,1.7527165057094585,1.1940991123119924
2024/25,254,soft_blend_h17,0.18800727854504276,0.8180481523317185,0.4696519651316841
2024/25,252,soft_blend_h17,0.17882066031520263,1.4626352934643576,0.9480413541457613
2024/25,251,soft_blend_h17,0.2483341777378732,0.9520385692328807,0.5685954763157398
2024/25,250,soft_blend_h17,0.057612166665210865,0.36608653497454563,0.14107893527691856
2024/25,249,soft_blend_h17,0.20310662501195528,0.8265934965466468,0.4752322950146853
2024/25,253,soft_blend_h17,0.3770096962574273,1.2589440571204797,0.8045662496214809
2024/25,247,soft_blend_h17,0.3990863727454248,1.2944664357042337,0.840290057737481
2024/25,248,soft_blend_h17,0.11279650670709032,0.5382006123386184,0.26069680590732025
2024/25,240,soft_blend_h17,0.023392969688075797,0.2273241015463384,0.06357752309465943
2024/25,241,soft_blend_h17,0.3331824862795041,1.1143700603089248,0.7097358196593107
2024/25,242,soft_blend_h17,0.4011060604155011,1.395746154949207,0.873164802271355
2024/25,239,soft_blend_h17,0.11461821568999912,1.1296358354032892,0.6873611150827996
2024/25,244,soft_blend_h17,0.06433469170820974,0.40607999530176975,0.16958296601318784
2024/25,245,soft_blend_h17,0.1931280300697933,1.4544904935512515,0.9737487033894932
2024/25,246,soft_blend_h17,0.08401579321520015,0.4656934536010155,0.20833854007023192
2024/25,243,soft_blend_h17,0.08221111453314009,0.46481736693545483,0.20844320926373947
2024/25,275,cosine_taper_k30,0.13511549269572615,0.6315585248295459,0.3290081763213982
2024/25,282,cosine_taper_k30,0.34989554771565046,1.2304394661938443,0.7684410268226176
2024/25,281,cosine_taper_k30,0.12314476325971829,1.190492191771123,0.7306059121768006
2024/25,280,cosine_taper_k30,0.15513692427130807,1.4980818861582956,0.9131351584075215
2024/25,279,cosine_taper_k30,0.12077609253451571,1.1876297477119553,0.724656139653548
2024/25,278,cosine_taper_k30,0.1366913613964986,1.3288902156110116,0.8139444979260134
2024/25,277,cosine_taper_k30,0.013610298169955376,0.16339255940425068,0.03422291356443615
2024/25,276,cosine_taper_k30,0.03897195353018688,0.2841678422330871,0.09184679536167976
2024/25,274,cosine_taper_k30,0.06060203895253364,0.4004583917676082,0.16917611224206947
2024/25,283,cosine_taper_k30,0.049929535657460354,0.3404910065631828,0.1253986625877003
2024/25,272,cosine_taper_k30,0.26674541223355674,0.9808548509974836,0.5945242871436314
2024/25,271,cosine_taper_k30,0.5235832717308407,1.6934148218985712,1.0866684061703955
2024/25,270,cosine_taper_k30,0.03489119215468411,0.27689430539648213,0.0881809853795666
2024/25,269,cosine_taper_k30,0.17574144519841742,1.4523809928780713,0.9382198289703684
2024/25,267,cosine_taper_k30,0.0855220570181723,0.473808589758086,0.2143746288167152
2024/25,266,cosine_taper_k30,0.044385452698028335,0.3106724856786381,0.10697434125180316
2024/25,265,cosine_taper_k30,0.1135899349696184,0.5578607517933285,0.2742410395090481
2024/25,264,cosine_taper_k30,0.18566031142886294,1.5341713132128716,0.9865501577951301
2024/25,263,cosine_taper_k30,0.137274815069409,1.3128281642704465,0.8088257804822526
2024/25,273,cosine_taper_k30,0.12888598607639057,0.595879504694884,0.30261895500240354
2024/25,268,cosine_taper_k30,0.12092283808455698,1.188766478037755,0.7254313434558012
2024/25,306,cosine_taper_k30,0.06172131162781018,0.3778356172984386,0.14851546291798323
2024/25,286,cosine_taper_k30,0.12708298145952204,1.2378032167143034,0.7582366671441283
2024/25,262,cosine_taper_k30,0.13615389060199642,1.330756117368817,0.8135955826933629
2024/25,305,cosine_taper_k30,0.18235161215161083,0.7580718046169499,0.42452183261199306
2024/25,304,cosine_taper_k30,0.2682217443598759,0.959120243318747,0.5856181083025652
2024/25,303,cosine_taper_k30,0.22116007719503272,0.8722400319567272,0.5099704701686922
2024/25,302,cosine_taper_k30,0.3220040088327059,1.1740499448761545,0.7238819716015015
2024/25,301,cosine_taper_k30,0.015123242507186706,0.17192483696597552,0.037502900676041874
2024/25,300,cosine_taper_k30,0.11958343261812857,1.1733424774298165,0.7161901479936622
2024/25,299,cosine_taper_k30,0.3653612152389726,1.2500007858269688,0.7896265612774704
2024/25,298,cosine_taper_k30,0.3026834859612305,1.1533966359453875,0.7042264129681727
2024/25,285,cosine_taper_k30,0.23877962124913865,1.7621267550817352,1.1636743328584562
2024/25,297,cosine_taper_k30,0.29887908917410644,1.098568096561212,0.6734238168235371
2024/25,295,cosine_taper_k30,0.2655498337647697,1.7905387928280636,1.2252048696013276
2024/25,294,cosine_taper_k30,0.11331673238587392,0.5582986986984502,0.27459459960995813
2024/25,293,cosine_taper_k30,0.31806779908779215,1.1183257004830975,0.6963665324250514
2024/25,292,cosine_taper_k30,0.018318837757307346,0.19301195062555127,0.04647611397551652
2024/25,291,cosine_taper_k30,0.47228166643729047,1.6617053229639467,1.0192979139369
2024/25,290,cosine_taper_k30,0.1698159008141834,1.4114616165222107,0.9114903567941897
2024/25,289,cosine_taper_k30,0.160375471006296,1.3538784097268148,0.8709636344586998
2024/25,288,cosine_taper_k30,0.35870792252337763,1.359571402630994,0.8309814860322324
2024/25,287,cosine_taper_k30,0.14600499164408265,1.4221129465693345,0.8677816150139108
2024/25,296,cosine_taper_k30,0.06574041597024624,0.4151212380102044,0.1768586584327948
2024/25,261,cosine_taper_k30,0.07986661689017115,0.4453797710401618,0.19382149771495066
2024/25,284,cosine_taper_k30,0.15724978119303967,1.4374055649955004,0.8958398573445041
2024/25,259,cosine_taper_k30,0.4035872965397226,1.3553915085133599,0.8627816010896665
2024/25,234,cosine_taper_k30,0.16333456534837107,0.7215056242620288,0.39636132853952855
2024/25,233,cosine_taper_k30,0.3338075127235474,1.209745388382087,0.7477970545980269
2024/25,232,cosine_taper_k30,0.18863622668465121,0.7509646360068283,0.4232440107605471
2024/25,231,cosine_taper_k30,0.3205149588496863,1.1255510084728322,0.7014308065199999
2024/25,230,cosine_taper_k30,0.44646459986659437,1.480656093534575,0.9450548200236926
2024/25,229,cosine_taper_k30,0.22364327571949183,1.5724597112042686,1.0752887855934257
2024/25,228,cosine_taper_k30,0.319824620329663,1.1643054782452147,0.7179485771803513
2024/25,227,cosine_taper_k30,0.20793683576176003,1.50936546478262,1.022636466178297
2024/25,260,cosine_taper_k30,0.6412852435350505,2.1237519572948225,1.310819112027562
2024/25,235,cosine_taper_k30,0.027955134724474487,0.2476394386782481,0.0730938110255418
2024/25,225,cosine_taper_k30,0.137343116602371,1.3315059947039527,0.8162655691873162
2024/25,223,cosine_taper_k30,0.8199655946639808,2.791195848444728,1.6444907634218646
2024/25,222,cosine_taper_k30,0.5697352327246495,2.011171337568821,1.19817523279775
2024/25,221,cosine_taper_k30,0.20279610128662423,1.5376707468583588,1.0220039976069104
2024/25,220,cosine_taper_k30,0.6134826100380645,2.069090076839841,1.2641396789241877
2024/25,219,cosine_taper_k30,0.20603144442054463,1.5204001853242788,1.0226107496597385
2024/25,218,cosine_taper_k30,0.17732612849123097,1.4993115977270168,0.9579402869411723
2024/25,217,cosine_taper_k30,0.174437135336172,0.7394933941537042,0.4101190101516622
2024/25,216,cosine_taper_k30,0.4098393609368739,1.3964316868673177,0.881750893638168
2024/25,215,cosine_taper_k30,0.11721506767393208,1.1163339838252626,0.686715791753852
2024/25,224,cosine_taper_k30,0.524808611429165,1.6657426292972117,1.083793619431076
2024/25,236,cosine_taper_k30,0.14718602091771632,0.6618054717192925,0.35151942285686166
2024/25,226,cosine_taper_k30,0.13985281925922838,0.6418713427785087,0.33658356011479096
2024/25,238,cosine_taper_k30,0.4170209198325002,1.3569950956804118,0.8785338426141815
2024/25,237,cosine_taper_k30,0.6446531698940938,2.170161036975424,1.3201044983097951
2024/25,258,cosine_taper_k30,0.21969679376320997,1.6230012022693214,1.083711798337577
2024/25,257,cosine_taper_k30,0.16520004567592816,0.7084690474652445,0.3869962461587444
2024/25,256,cosine_taper_k30,0.3192789149096088,1.1880738385606917,0.7292519059650842
2024/25,255,cosine_taper_k30,0.25456440485068194,1.7558988235544644,1.19346823028769
2024/25,254,cosine_taper_k30,0.2078289180820999,0.8689451966670201,0.5058566461882597
2024/25,252,cosine_taper_k30,0.18898938370578275,1.5119675508852044,0.9856368180497734
2024/25,251,cosine_taper_k30,0.275775058948763,1.0347858741500415,0.6277431063214803
2024/25,250,cosine_taper_k30,0.0763077281730894,0.43354508792114815,0.18570994237472097
2024/25,249,cosine_taper_k30,0.21343231113484779,0.8521327612555044,0.49472399992489113
2024/25,253,cosine_taper_k30,0.43168201771240006,1.4180602761339656,0.9118331358562521
2024/25,247,cosine_taper_k30,0.4489606695544505,1.4328194273921393,0.9368221316591872
2024/25,248,cosine_taper_k30,0.092112503330755,0.4742054364764619,0.21435919232399253
2024/25,240,cosine_taper_k30,0.023252410470207513,0.226293371910494,0.06299316732149518
2024/25,241,cosine_taper_k30,0.34729599827027835,1.1550549454349313,0.7387648525952453
2024/25,242,cosine_taper_k30,0.3248748012806334,1.2082698132539542,0.7420809740845254
2024/25,239,cosine_taper_k30,0.11569421148129858,1.1402948696228767,0.6941628648417254
2024/25,244,cosine_taper_k30,0.06671883528906392,0.41280556637934906,0.17350928905552054
2024/25,245,cosine_taper_k30,0.19051437690807219,1.4637744080341308,0.9718340936143569
2024/25,246,cosine_taper_k30,0.08276145683164178,0.45999572278329903,0.2042315811313698
2024/25,243,cosine_taper_k30,0.09174605477385858,0.49612984260383597,0.23032962508629995
2024/25,275,current_only,0.13511549269572615,0.6315585248295459,0.3290081763213982
2024/25,282,current_only,0.34989554771565046,1.2304394661938443,0.7684410268226176
2024/25,281,current_only,0.12314476325971829,1.190492191771123,0.7306059121768006
2024/25,280,current_only,0.15513692427130807,1.4980818861582956,0.9131351584075215
2024/25,279,current_only,0.12077609253451571,1.1876297477119553,0.724656139653548
2024/25,278,current_only,0.1366913613964986,1.3288902156110116,0.8139444979260134
2024/25,277,current_only,0.013610298169955376,0.16339255940425068,0.03422291356443615
2024/25,276,current_only,0.03897195353018688,0.2841678422330871,0.09184679536167976
2024/25,274,current_only,0.06060203895253364,0.4004583917676082,0.16917611224206947
2024/25,283,current_only,0.049929535657460354,0.3404910065631828,0.1253986625877003
2024/25,272,current_only,0.26674541223355674,0.9808548509974836,0.5945242871436314
2024/25,271,current_only,0.5235832717308407,1.6934148218985712,1.0866684061703955
2024/25,270,current_only,0.03489119215468411,0.27689430539648213,0.0881809853795666
2024/25,269,current_only,0.17574144519841742,1.4523809928780713,0.9382198289703684
2024/25,267,current_only,0.0855220570181723,0.473808589758086,0.2143746288167152
2024/25,266,current_only,0.044385452698028335,0.3106724856786381,0.10697434125180316
2024/25,265,current_only,0.1135899349696184,0.5578607517933285,0.2742410395090481
2024/25,264,current_only,0.18566031142886294,1.5341713132128716,0.9865501577951301
2024/25,263,current_only,0.137274815069409,1.3128281642704465,0.8088257804822526
2024/25,273,current_only,0.12888598607639057,0.595879504694884,0.30261895500240354
2024/25,268,current_only,0.12092283808455698,1.188766478037755,0.7254313434558012
2024/25,306,current_only,0.06172131162781018,0.3778356172984386,0.14851546291798323
2024/25,286,current_only,0.12708298145952204,1.2378032167143034,0.7582366671441283
2024/25,262,current_only,0.13615389060199642,1.330756117368817,0.8135955826933629
2024/25,305,current_only,0.18235161215161083,0.7580718046169499,0.42452183261199306
2024/25,304,current_only,0.2682217443598759,0.959120243318747,0.5856181083025652
2024/25,303,current_only,0.22116007719503272,0.8722400319567272,0.5099704701686922
2024/25,302,current_only,0.3220040088327059,1.1740499448761545,0.7238819716015015
2024/25,301,current_only,0.015123242507186706,0.17192483696597552,0.037502900676041874
2024/25,300,current_only,0.11958343261812857,1.1733424774298165,0.7161901479936622
2024/25,299,current_only,0.3653612152389726,1.2500007858269688,0.7896265612774704
2024/25,298,current_only,0.3026834859612305,1.1533966359453875,0.7042264129681727
2024/25,285,current_only,0.23877962124913865,1.7621267550817352,1.1636743328584562
2024/25,297,current_only,0.29887908917410644,1.098568096561212,0.6734238168235371
2024/25,295,current_only,0.2655498337647697,1.7905387928280636,1.2252048696013276
2024/25,294,current_only,0.11331673238587392,0.5582986986984502,0.27459459960995813
2024/25,293,current_only,0.31806779908779215,1.1183257004830975,0.6963665324250514
2024/25,292,current_only,0.018318837757307346,0.19301195062555127,0.04647611397551652
2024/25,291,current_only,0.47228166643729047,1.6617053229639467,1.0192979139369
2024/25,290,current_only,0.1698159008141834,1.4114616165222107,0.9114903567941897
2024/25,289,current_only,0.160375471006296,1.3538784097268148,0.8709636344586998
2024/25,288,current_only,0.35870792252337763,1.359571402630994,0.8309814860322324
2024/25,287,current_only,0.14600499164408265,1.4221129465693345,0.8677816150139108
2024/25,296,current_only,0.06574041597024624,0.4151212380102044,0.1768586584327948
2024/25,261,current_only,0.07992849635273311,0.4455916582027886,0.19396772450769087
2024/25,284,current_only,0.15724978119303967,1.4374055649955004,0.8958398573445041
2024/25,259,current_only,0.40340036967864107,1.3548115632837079,0.8624079328360954
2024/25,234,current_only,0.15870037772895168,0.708394478858302,0.3866071369300149
2024/25,233,current_only,0.3364427285728252,1.2177274969096974,0.7531038602572016
2024/25,232,current_only,0.18949480004880498,0.7535595622280152,0.4251964201369125
2024/25,231,current_only,0.3209693003538804,1.1276005439124726,0.7026603484091261
2024/25,230,current_only,0.4500894134729033,1.489997126816231,0.9516095253003009
2024/25,229,current_only,0.22113960024927767,1.558662152115518,1.0657198994010602
2024/25,228,current_only,0.31857398028073974,1.1595600669542243,0.7149334934748963
2024/25,227,current_only,0.21043946396398658,1.5206023641760176,1.0314958592383676
2024/25,260,current_only,0.6416627078005468,2.1251062430095353,1.3115176186861732
2024/25,235,current_only,0.028170680453981623,0.24879053173584317,0.07370701205112175
2024/25,225,current_only,0.13419402412654313,1.3099471742915925,0.8015299828188861
2024/25,223,current_only,0.8213216862768706,2.794241234470482,1.6470465616432608
2024/25,222,current_only,0.5658185675757721,1.999188422838433,1.1915302081502697
2024/25,221,current_only,0.2015002083439112,1.527456342882236,1.0159529302913637
2024/25,220,current_only,0.6075033061221201,2.0517659747955586,1.2536499121844695
2024/25,219,current_only,0.20617629690249867,1.5213560157646036,1.023226906975071
2024/25,218,current_only,0.17890334555543663,1.513949102713599,0.9661453813924458
2024/25,217,current_only,0.16768920358080688,0.7206951832938894,0.39588930773725794
2024/25,216,current_only,0.40484042773620577,1.3749102752283844,0.8700364583737694
2024/25,215,current_only,0.11580588757190621,1.1067800244213326,0.6796788919575525
2024/25,224,current_only,0.5128701129384592,1.6315698950215003,1.061452989472639
2024/25,236,current_only,0.14532261744071545,0.6572160994689791,0.3480666118703449
2024/25,226,current_only,0.13880030415866135,0.639010261883587,0.3344495566456074
2024/25,238,current_only,0.4229215506215091,1.3728344747478542,0.889763157120302
2024/25,237,current_only,0.6442723535719083,2.169389011201142,1.3194616541673818
2024/25,258,current_only,0.2196966169233123,1.6228618212851156,1.0836672930944509
2024/25,257,current_only,0.1649809981825934,0.707910124146555,0.3865672276967606
2024/25,256,current_only,0.31943087132174597,1.1884370583913488,0.7295078849671188
2024/25,255,current_only,0.2545572920165573,1.7559283546413662,1.1934624450181581
2024/25,254,current_only,0.20801835820817988,0.869429073589631,0.5062039690904305
2024/25,252,current_only,0.1893704869550902,1.5138114537695722,0.9870324146810989
2024/25,251,current_only,0.2768022699922975,1.0379334755678484,0.6299552505973496
2024/25,250,current_only,0.07703839762886072,0.43609057412549024,0.18745187462400162
2024/25,249,current_only,0.21381408011431685,0.8530755643526657,0.4954454775452525
2024/25,253,current_only,0.4322067888174185,1.4196595013051923,0.9128636318349435
2024/25,247,current_only,0.45083678233235935,1.4382394935145981,0.9404595934820928
2024/25,248,current_only,0.09139872487201472,0.4719497155552555,0.2127577533860733
2024/25,240,current_only,0.023240958034083322,0.22620917804050739,0.06294560121328137
2024/25,241,current_only,0.3484625608808969,1.1584544327895254,0.741163850243711
2024/25,242,current_only,0.3191064102112887,1.1943947902164584,0.7324157250316587
2024/25,239,current_only,0.1157888810856772,1.1411710681829927,0.6947332633530986
2024/25,244,current_only,0.06680687628925881,0.413051429918161,0.17365486418290355
2024/25,245,current_only,0.19042171918529274,1.4641142466894947,0.9717696330637703
2024/25,246,current_only,0.08271600869861138,0.45978877029859827,0.20408307086758185
2024/25,243,current_only,0.09254911591785638,0.4987328624190989,0.23216980127280182
2024/25,275,updating_prior,0.34581878484143647,1.21010961805752,0.7570041101825072
2024/25,282,updating_prior,0.24503065343824337,0.9556942065164193,0.5695139608067216
2024/25,281,updating_prior,0.14173741781481544,1.2936105560822029,0.8101462487948213
2024/25,280,updating_prior,0.14476471445436415,1.3347696034668126,0.8323759461717775
2024/25,279,updating_prior,0.1600949663783131,1.2847320401468876,0.8433170564509779
2024/25,278,updating_prior,0.1634496012517422,1.4273188519767772,0.9045730680497197
2024/25,277,updating_prior,0.025391973806403123,0.23406397883192373,0.06607134032697932
2024/25,276,updating_prior,0.03227235635094334,0.2541230697107484,0.07563100737000224
2024/25,274,updating_prior,0.1075387001904141,0.579841382906995,0.30121941844215555
2024/25,283,updating_prior,0.04081002155912597,0.30322109224505794,0.10312760436957855
2024/25,272,updating_prior,0.2491978665517312,0.937677138854742,0.5611252866848203
2024/25,271,updating_prior,0.5068259341636074,1.6695919709515261,1.0603065131784815
2024/25,270,updating_prior,0.022654567127247952,0.21425806347891035,0.055873108075775016
2024/25,269,updating_prior,0.13218520733622124,1.2690509358863535,0.7811901041495614
2024/25,267,updating_prior,0.08645873038846061,0.4810289510226012,0.22009968562875296
2024/25,266,updating_prior,0.028818274335218295,0.24009787072124228,0.06836084417877203
2024/25,265,updating_prior,0.10126323591943012,0.5226874248096215,0.24883711136976863
2024/25,264,updating_prior,0.16076705355164841,1.367816820759609,0.8770623544865734
2024/25,263,updating_prior,0.13193762673584442,1.292974327454895,0.7902933340385674
2024/25,273,updating_prior,0.07137223005893018,0.4151269029222103,0.1731805767845478
2024/25,268,updating_prior,0.1306080257364422,1.2532197409935928,0.7716065453107279
2024/25,306,updating_prior,0.047131499228415884,0.3211454676106221,0.11317558782958052
2024/25,286,updating_prior,0.16004384417963738,1.2685070084039702,0.8366875054833015
2024/25,262,updating_prior,0.16240938775844077,1.3404073632978424,0.869848044218676
2024/25,305,updating_prior,0.15713083316926058,0.6778370198756327,0.36448882674504524
2024/25,304,updating_prior,0.32192908279741117,1.1397970395111134,0.708538008430941
2024/25,303,updating_prior,0.1934641566028566,0.8161844968152348,0.46688211770910065
2024/25,302,updating_prior,0.41314823455248567,1.4185292408250545,0.8918812882588708
2024/25,301,updating_prior,0.03139166222104347,0.26032760255930903,0.07915644786890895
2024/25,300,updating_prior,0.13371456173852725,1.267919123838675,0.7837912175603232
2024/25,299,updating_prior,0.4280753408847344,1.462258602876729,0.9199814551097217
2024/25,298,updating_prior,0.30871045030277644,1.1845457312925805,0.7235934835295621
2024/25,285,updating_prior,0.21927496475995428,1.6724791767504021,1.0982497213214137
2024/25,297,updating_prior,0.2910213521983541,1.087716431839624,0.6636009597641194
2024/25,295,updating_prior,0.2620155526649176,1.7749207078654399,1.2137665231477577
2024/25,294,updating_prior,0.07068662179129133,0.41616222167908906,0.17405940673445963
2024/25,293,updating_prior,0.202713162746832,0.8044285247715358,0.46132702711388757
2024/25,292,updating_prior,0.022588706429356186,0.21620037558202598,0.05695902111331953
2024/25,291,updating_prior,0.5235628093497022,1.7595791879796046,1.0983997629892412
2024/25,290,updating_prior,0.16976883118573569,1.4141651341827048,0.9123921171337508
2024/25,289,updating_prior,0.2025046084501444,1.5905988570560674,1.0389380421066379
2024/25,288,updating_prior,0.3753350989021045,1.351484420050832,0.8361653929342886
2024/25,287,updating_prior,0.14113251192955517,1.390706174043155,0.8464170207015476
2024/25,296,updating_prior,0.08748639440682492,0.4922963467850317,0.22992977712281235
2024/25,261,updating_prior,0.06021083614490246,0.37578681375266465,0.14729640152382975
2024/25,284,updating_prior,0.15037141579198693,1.4726801094187305,0.8947057770260273
2024/25,259,updating_prior,0.46977931542065665,1.575217844355547,0.9951025644674698
2024/25,234,updating_prior,0.2749049551410341,1.0394904238542075,0.6299084510136709
2024/25,233,updating_prior,0.2818630169279333,1.0578065002188672,0.6431591731584172
2024/25,232,updating_prior,0.1713516694091921,0.6988581277758422,0.38395333432018897
2024/25,231,updating_prior,0.31123627535416354,1.0841618918836455,0.6764409541805272
2024/25,230,updating_prior,0.375612224476463,1.3051121015770895,0.8187341221552499
2024/25,229,updating_prior,0.2793916764191043,1.9103761621275612,1.2846452734450926
2024/25,228,updating_prior,0.3462005150559854,1.2676397780300275,0.7816825906789008
2024/25,227,updating_prior,0.16160471766905193,1.3018447776535178,0.8531504901368872
2024/25,260,updating_prior,0.5207109259906842,1.7450509157125946,1.0921370536323798
2024/25,235,updating_prior,0.020538605754852373,0.20572644630056497,0.052167333841696514
2024/25,225,updating_prior,0.21520491596859853,1.6637652548695074,1.0874426279498335
2024/25,223,updating_prior,0.8025437436579672,2.7525090905420306,1.611922994983894
2024/25,222,updating_prior,0.6222671869522788,2.1812222559003462,1.2889033907998142
2024/25,221,updating_prior,0.22000072155853673,1.6805956938352817,1.1021693690009353
2024/25,220,updating_prior,0.6947279211610334,2.3261617095334097,1.410155451830641
2024/25,219,updating_prior,0.2041577780229919,1.5080831867708935,1.0146365646813709
2024/25,218,updating_prior,0.15751152189322196,1.3266232401263585,0.8547015668874901
2024/25,217,updating_prior,0.2746023949778912,1.0220657680082985,0.6203697568841299
2024/25,216,updating_prior,0.45528243065821095,1.6091593362581522,0.9887970011815087
2024/25,215,updating_prior,0.13052600371396,1.2046826364546532,0.7513500764514387
2024/25,224,updating_prior,0.6939295174162126,2.2653119982103322,1.405166648273656
2024/25,236,updating_prior,0.2266871978554061,0.8495189747518127,0.5007930396122533
2024/25,226,updating_prior,0.16255145492111892,0.7028271291599479,0.38258046670907847
2024/25,238,updating_prior,0.2298794186517561,0.8966073156845652,0.5281609858372516
2024/25,237,updating_prior,0.6589567761514191,2.1993176173694375,1.3444544949121666
2024/25,258,updating_prior,0.2198372832824465,1.6715799188214442,1.0990999552211604
2024/25,257,updating_prior,0.2491413835518523,0.9194204219213875,0.5518335202730165
2024/25,256,updating_prior,0.27039894121762054,1.071592133433105,0.6485332605508394
2024/25,255,updating_prior,0.2570143567362921,1.7459032684986124,1.1954999166821998
2024/25,254,updating_prior,0.14956037104113595,0.7165980322193222,0.40037507609660306
2024/25,252,updating_prior,0.1594798879331528,1.3672184471828674,0.8742608246188384
2024/25,251,updating_prior,0.1959353689949629,0.7991634515560869,0.4553187879749043
2024/25,250,updating_prior,0.02714303706242985,0.23885446927740858,0.06794113225879282
2024/25,249,updating_prior,0.1825821757040759,0.7754755220284761,0.436626881640267
2024/25,253,updating_prior,0.27260011557395664,0.9839517158747884,0.6003656432410912
2024/25,247,updating_prior,0.30540103335409524,1.0564391149510932,0.6600186657627143
2024/25,248,updating_prior,0.16255748289149013,0.6860699689676547,0.37176945721646704
2024/25,240,updating_prior,0.02368231686913508,0.22943099772041126,0.06478366184903273
2024/25,241,updating_prior,0.3052963627821114,1.03614455737176,0.652349569683599
2024/25,242,updating_prior,0.5891114334697903,1.9419098754448236,1.2142674848159691
2024/25,239,updating_prior,0.11289461152521041,1.108228354274377,0.6744971675901077
2024/25,244,updating_prior,0.05957749886099428,0.3922345726312078,0.16184783649949314
2024/25,245,updating_prior,0.19899783977688731,1.435452431859419,0.9786280097278339
2024/25,246,updating_prior,0.08666652005531837,0.47764929068490136,0.21706786226170677
2024/25,243,updating_prior,0.06442054972861021,0.40380241921002025,0.167384865151031
2025/26,273,v2_full,0.21518824538521314,0.834809214557696,0.4853303038924335
2025/26,280,v2_full,0.13859358164916122,1.3342051031731132,0.8198146884851442
2025/26,279,v2_full,0.10040579296689094,0.5267154433269753,0.2525098926821662
2025/26,278,v2_full,0.21209385031878775,1.5624800297533137,1.048895242790824
2025/26,277,v2_full,0.14574890860707296,0.6456745180252091,0.3400376829929451
2025/26,276,v2_full,0.13771344408365727,1.342141967989796,0.8211261428227996
2025/26,275,v2_full,0.11903438947569153,0.5525723300654478,0.2719361013425531
2025/26,274,v2_full,0.13223553748374234,0.6401172550253269,0.33757815593482393
2025/26,272,v2_full,0.13682110460337452,1.3370176466664272,0.8173600435017367
2025/26,261,v2_full,0.40422822049442575,1.3495866993884542,0.8617519928668299
2025/26,270,v2_full,0.13592962757159233,1.3255955106396455,0.8111369357548045
2025/26,269,v2_full,0.07354730044638208,0.41973440021228314,0.17624664376530688
2025/26,268,v2_full,0.11571338338607436,0.5770070291678734,0.28922078621145664
2025/26,267,v2_full,0.13925144604694398,0.649410769174577,0.3426351977915352
2025/26,266,v2_full,0.196246018806838,0.799137908349689,0.4554012786175585
2025/26,265,v2_full,0.2689259205044242,0.9921911189150634,0.6016196842717046
2025/26,264,v2_full,0.5311140888036671,1.7079788545574104,1.09939681786617
2025/26,263,v2_full,0.35331304100687955,1.2354465998680688,0.7732705644344838
2025/26,262,v2_full,0.1328280059534273,1.2510626908139708,0.7751657487231073
2025/26,271,v2_full,0.09693461309515991,0.5122657050079329,0.24170584995039962
2025/26,281,v2_full,0.14826859890518954,1.4496136584430293,0.8822810901048785
2025/26,304,v2_full,0.27259524867689405,1.004045613423139,0.6099521026320733
2025/26,283,v2_full,0.24877036689120718,0.9166865663069991,0.5502337926115699
2025/26,260,v2_full,0.0477165530336027,0.3324250517468346,0.12056497069087667
2025/26,303,v2_full,0.21822802536789448,0.8780220345096651,0.5127847487348495
2025/26,302,v2_full,0.2675377841354806,1.8585178007511742,1.247574403223644
2025/26,301,v2_full,0.1840782425372102,0.7463452072450467,0.418010170361848
2025/26,300,v2_full,0.3799752055887088,1.2762124167508273,0.8132015579166755
2025/26,299,v2_full,0.03242482204461386,0.2620578419506247,0.07981883868559413
2025/26,298,v2_full,0.1407378226903932,1.3472561440214972,0.8291458657062459
2025/26,297,v2_full,0.5681306417288581,1.8822309060173645,1.1768815048408554
2025/26,296,v2_full,0.2654185012849431,1.003952536401927,0.6058124718183174
2025/26,295,v2_full,0.4714391323146787,1.5438083175286923,0.9899118963379879
2025/26,294,v2_full,0.027213352443506235,0.24318608226677274,0.07066146606734344
2025/26,293,v2_full,0.07224323284796437,0.42835011328361927,0.1830812169978784
2025/26,292,v2_full,0.19679540055803713,0.775676357448688,0.4418085253308296
2025/26,291,v2_full,0.07282954930510466,0.4099021860921493,0.169935470605928
2025/26,290,v2_full,0.14786746138884807,0.6661998814833422,0.35479456262540876
2025/26,289,v2_full,0.08452726388121065,0.47991694077118097,0.220582499921724
2025/26,288,v2_full,0.15677168077893672,1.3991935682299281,0.8808597661034682
2025/26,287,v2_full,0.37878384408461546,1.32231201499673,0.8277376055326998
2025/26,286,v2_full,0.10611769652977765,0.5397675008948196,0.26131608335780243
2025/26,285,v2_full,0.49420409600172216,1.6598687478620153,1.0427643126963957
2025/26,284,v2_full,0.3371908216590458,1.19590281017559,0.7442015892221543
2025/26,282,v2_full,0.36458066465018524,2.5396496187330078,1.5775975226402343
2025/26,259,v2_full,0.2156629745310251,0.8794621438284544,0.5133991616462993
2025/26,236,v2_full,0.19277335515654506,1.559232738092565,1.0091769660317906
2025/26,257,v2_full,0.27757598253759896,1.033232003036002,0.6278755960218184
2025/26,231,v2_full,0.08697053463814536,0.4802813799228214,0.21915002509447462
2025/26,230,v2_full,0.22884317043122301,1.7133930838331395,1.1296712556715145
2025/26,229,v2_full,0.10347750582138794,0.5335898485834513,0.2570632221669037
2025/26,228,v2_full,0.15266117751683866,1.5056469795345704,0.9108028943412935
2025/26,227,v2_full,0.1434132719906821,1.3318397158742932,0.8285355777684587
2025/26,226,v2_full,0.11970932372146603,0.6040999587165318,0.31207129890598084
2025/26,225,v2_full,0.370092260824768,1.3345388954150441,0.8256777866826512
2025/26,224,v2_full,0.13569197078115125,1.2484475285520762,0.7798243398705048
2025/26,223,v2_full,0.34744060916944103,1.2152689865860384,0.7604101017246805
2025/26,232,v2_full,0.32364364189739103,1.1502224080432182,0.714330570128116
2025/26,222,v2_full,0.14845523022472049,1.4649929870605831,0.8881490235023424
2025/26,220,v2_full,0.13851498749063243,1.312505512699758,0.8111792033221327
2025/26,219,v2_full,0.17027888734138863,0.7233059723657469,0.3982119578610302
2025/26,218,v2_full,0.05526646110758888,0.364294601992051,0.14071189437875067
2025/26,217,v2_full,0.03898137645331528,0.293721534988041,0.09747679343037409
2025/26,216,v2_full,0.18156270457149876,0.7709247191808818,0.433252448021186
2025/26,215,v2_full,0.06685053561987672,0.4019235338023409,0.16451164086206083
2025/26,214,v2_full,0.17651144530026686,0.7402927681852615,0.411165074784697
2025/26,213,v2_full,0.17639335571964063,0.7598593118213482,0.424976454178644
2025/26,305,v2_full,0.2677917828529397,0.9923562069520693,0.6009711557629771
2025/26,221,v2_full,0.1594360617800974,0.6751090519982812,0.36373600184344224
2025/26,258,v2_full,0.044182026641261286,0.3109679959053644,0.10716847563913542
2025/26,233,v2_full,0.32456328300364823,1.1842191679191265,0.7302286634221817
2025/26,235,v2_full,0.16333240039152241,0.6950803486780277,0.37766514552348185
2025/26,256,v2_full,0.07709907334747375,0.44558807582488547,0.19487749819195446
2025/26,255,v2_full,0.40657632545834266,1.352222958392584,0.8651094321388269
2025/26,254,v2_full,0.2970186609913694,1.1053878908049828,0.6758626434196885
2025/26,253,v2_full,0.14900560482892453,1.436479996662199,0.8790161264843797
2025/26,252,v2_full,0.1513741298586755,1.287577381635177,0.8270133624333074
2025/26,251,v2_full,0.15765551546904788,1.2787969023679018,0.836057990103055
2025/26,250,v2_full,0.1710417768113636,0.732551722306146,0.40471514362380345
2025/26,249,v2_full,0.3011183608799851,1.0531699602883404,0.6546846060968242
2025/26,248,v2_full,0.17565097512884983,1.4223068661163252,0.9271445613608396
2025/26,234,v2_full,0.20541901868426876,0.7959936038184161,0.4582898252065106
2025/26,247,v2_full,0.14400465436469803,1.3865899666294907,0.850620149872669
2025/26,245,v2_full,0.09121752250742601,0.4739097906757472,0.21393949575546617
2025/26,244,v2_full,0.06623248398023535,0.4062713497873063,0.16817567761051633
2025/26,243,v2_full,0.19898841325859074,0.7974303043729436,0.4554136486638724
2025/26,242,v2_full,0.23677655851322235,0.9540448948055752,0.5670114968085638
2025/26,241,v2_full,0.16145116404246193,0.7115261338821195,0.38879181516794437
2025/26,240,v2_full,0.07407796916307892,0.4375932062462277,0.18987427245466376
2025/26,239,v2_full,0.2943951451367036,1.081390290806761,0.6622109173379332
2025/26,238,v2_full,0.05065702538779203,0.342287306826533,0.12638414368345668
2025/26,237,v2_full,0.13134360048674873,1.2821886720730804,0.7847954246441012
2025/26,246,v2_full,0.4527800009969663,1.4745927054959065,0.951152809576933
2025/26,306,v2_full,0.16277942468635184,0.7137176108520205,0.39042599955163193
2025/26,273,bookmaker,0.16273225423600418,0.7026393249392826,0.38248706850837094
2025/26,280,bookmaker,0.1303328029706094,1.2802083851157742,0.7819793994737771
2025/26,279,bookmaker,0.06589610596551738,0.406747860220043,0.1688007456680717
2025/26,278,bookmaker,0.20495364970752736,1.570944026909271,1.0374107046008978
2025/26,277,bookmaker,0.12007495057014364,0.5801100160320645,0.2906589422043636
2025/26,276,bookmaker,0.14309696774309932,1.36172701164304,0.8394057428019133
2025/26,275,bookmaker,0.1475212892643964,0.650909373714918,0.3439875930384616
2025/26,274,bookmaker,0.22566481705668293,0.8984511114875693,0.5278939564505432
2025/26,272,bookmaker,0.13986418833633515,1.3725964197091995,0.837068195183326
2025/26,261,bookmaker,0.3512498568112903,1.276742625060768,0.7887966327579432
2025/26,270,bookmaker,0.13669671054648624,1.3116528184777432,0.8072070991051054
2025/26,269,bookmaker,0.07799806321280532,0.4387939112622474,0.18928313436580424
2025/26,268,bookmaker,0.1070174576897014,0.5457212785537806,0.26594217687735777
2025/26,267,bookmaker,0.13777272872533897,0.6427874705714344,0.33754726621772535
2025/26,266,bookmaker,0.21217687352363201,0.8329515172912656,0.48263324532879526
2025/26,265,bookmaker,0.21586711627778343,0.8463333510178634,0.49221895547166145
2025/26,264,bookmaker,0.6017700389702341,1.9713288836233633,1.236126643707693
2025/26,263,bookmaker,0.34261211910800854,1.2109863748881453,0.7547061422567509
2025/26,262,bookmaker,0.126982538434398,1.2421254878591406,0.7598134906053927
2025/26,271,bookmaker,0.08517417922786444,0.47533916621260286,0.21586541689106395
2025/26,281,bookmaker,0.14884635704925456,1.4478456382405536,0.8828011612952649
2025/26,304,bookmaker,0.47512957563838737,1.5441496374776513,0.9946122623331417
2025/26,283,bookmaker,0.20365085983962766,0.8046038380214309,0.4619155423212966
2025/26,260,bookmaker,0.04078966801767203,0.30796104371500005,0.106745613975874
2025/26,303,bookmaker,0.263608567859405,0.987876213424099,0.5961440871361177
2025/26,302,bookmaker,0.2772788773355625,1.89033707624833,1.2753232759083444
2025/26,301,bookmaker,0.3740296614755827,1.25852193134738,0.8012513691236081
2025/26,300,bookmaker,0.25892275472745097,0.963304407007591,0.5805037500797283
2025/26,299,bookmaker,0.018550806826698806,0.19548581239196525,0.047693568714524584
2025/26,298,bookmaker,0.16707485500494573,1.5147010178093874,0.9427464209947871
2025/26,297,bookmaker,0.46674452799457966,1.5327407116618648,0.981661872897042
2025/26,296,bookmaker,0.32035062183850155,1.1433712127100972,0.7088387361050431
2025/26,295,bookmaker,0.349640061770362,1.1894416270278558,0.7528666388653329
2025/26,294,bookmaker,0.039330162575346404,0.3016683336418467,0.10308522055369648
2025/26,293,bookmaker,0.08192220657204734,0.4555015860987723,0.20098269925520637
2025/26,292,bookmaker,0.18487157238636884,0.7518076259658256,0.4216111939495264
2025/26,291,bookmaker,0.08007199921170703,0.4443401768853999,0.1930638095242562
2025/26,290,bookmaker,0.16671507847719985,0.7138154679323768,0.39096425151526903
2025/26,289,bookmaker,0.1262703636136361,0.5947433400588302,0.301471111681581
2025/26,288,bookmaker,0.1441915251851129,1.3443810570697785,0.8349460366563235
2025/26,287,bookmaker,0.3986908087868209,1.3555272472362943,0.8577320011006999
2025/26,286,bookmaker,0.25459151334455665,0.9868110474901873,0.5915549217628049
2025/26,285,bookmaker,0.4695303884065332,1.5528994339636057,0.9896230472532184
2025/26,284,bookmaker,0.3848457457504262,1.3121373496413156,0.8298536959476464
2025/26,282,bookmaker,0.2849965528543081,1.946299521711787,1.3047823243592567
2025/26,259,bookmaker,0.22265697044539604,0.8913060520240542,0.5225213473543834
2025/26,236,bookmaker,0.2061330460397574,1.5862795858838592,1.0447909079384101
2025/26,257,bookmaker,0.27710429862200914,1.0207021380596977,0.6211907254920571
2025/26,231,bookmaker,0.09036890759095947,0.48883610007203726,0.2248105675954585
2025/26,230,bookmaker,0.23219908898357713,1.666606694931671,1.122302589683928
2025/26,229,bookmaker,0.10632843645185217,0.5396815447246641,0.26119367066363336
2025/26,228,bookmaker,0.20334251478841936,1.6061500524212076,1.0456316166971775
2025/26,227,bookmaker,0.13405259127118402,1.3021524265582136,0.7981680726881353
2025/26,226,bookmaker,0.1548450785591799,0.7113904809382473,0.3904383727387132
2025/26,225,bookmaker,0.31733131020879446,1.1751643772773364,0.7217906953395259
2025/26,224,bookmaker,0.12739500706594775,1.2494485890451879,0.7636399432091089
2025/26,223,bookmaker,0.2756871036975338,1.037270926143059,0.6290471694383315
2025/26,232,bookmaker,0.32527163647554336,1.168147797064493,0.7233573104974712
2025/26,222,bookmaker,0.15218311770739423,1.3912293302901821,0.8687138046258787
2025/26,220,bookmaker,0.13170095917154764,1.277157123610219,0.7834897448726542
2025/26,219,bookmaker,0.13771371390156262,0.6357534923473116,0.3320182002440639
2025/26,218,bookmaker,0.051234797871503875,0.3504451453134446,0.13234487154035596
2025/26,217,bookmaker,0.02848456510459805,0.25055071325702005,0.07466527409479287
2025/26,216,bookmaker,0.1722318130595246,0.7415548428511218,0.4112999953685357
2025/26,215,bookmaker,0.059839804421065734,0.37909746949290835,0.14983560896837883
2025/26,214,bookmaker,0.15443032157505512,0.6834100052820871,0.36774522156394923
2025/26,213,bookmaker,0.21386366005592655,0.8624546101652504,0.5015091127046792
2025/26,305,bookmaker,0.2742053812022003,0.9895653147779152,0.6042099325808913
2025/26,221,bookmaker,0.08638090403880866,0.47498450676390996,0.21498540178060105
2025/26,258,bookmaker,0.046784939633672556,0.3337951486879859,0.12235456858779677
2025/26,233,bookmaker,0.41346585433854577,1.4345249485027103,0.8972346314946856
2025/26,235,bookmaker,0.16535774386539287,0.7071051001695231,0.38612156093641187
2025/26,256,bookmaker,0.07611468174992632,0.4411277822110694,0.19165917554156245
2025/26,255,bookmaker,0.35285485154440677,1.220898457000658,0.7673470618673182
2025/26,254,bookmaker,0.28827091649351355,1.0707515331783781,0.6532883658206456
2025/26,253,bookmaker,0.1539822468623128,1.4083513163158778,0.8786750431304214
2025/26,252,bookmaker,0.15385247443354505,1.3716861988265834,0.8647002141634911
2025/26,251,bookmaker,0.13582104450619675,1.2192940981904745,0.7680487933716654
2025/26,250,bookmaker,0.151131023679876,0.6712210881855583,0.35865567659601305
2025/26,249,bookmaker,0.2897273107475096,1.0387386899672957,0.6387926791851084
2025/26,248,bookmaker,0.19204788734010014,1.5017929259522362,0.9882437082720665
2025/26,234,bookmaker,0.2537323354746506,0.9394964372053338,0.5650130018000308
2025/26,247,bookmaker,0.13140863326509764,1.278731371005695,0.7835378971497998
2025/26,245,bookmaker,0.08542431973034884,0.47101730496980665,0.21212108797831528
2025/26,244,bookmaker,0.06829505804436731,0.41423046572517314,0.17356791307341052
2025/26,243,bookmaker,0.178553291515957,0.7526370470371921,0.41994579289553513
2025/26,242,bookmaker,0.2833163721121622,1.0939229483047237,0.664334901498341
2025/26,241,bookmaker,0.20215289286533383,0.827956112425151,0.4759381268399706
2025/26,240,bookmaker,0.0648109692723295,0.40521407106066126,0.1683136519275315
2025/26,239,bookmaker,0.3013225773796905,1.0914883407041718,0.6715889651800099
2025/26,238,bookmaker,0.01632130361678329,0.18613004692900167,0.04434967648641512
2025/26,237,bookmaker,0.13213126795473315,1.275605666230439,0.7837261211926648
2025/26,246,bookmaker,0.4666902914280594,1.5692672321959997,0.9901395493885583
2025/26,306,bookmaker,0.18826713835447717,0.7675043964866954,0.4326072806497021
2025/26,273,soft_blend_h10,0.28489840139491246,1.0251769449681827,0.6288721654068115
2025/26,280,soft_blend_h10,0.1486961647792873,1.4282441954999365,0.8754036067956077
2025/26,279,soft_blend_h10,0.1196865413433522,0.5813913701452813,0.29170113570333395
2025/26,278,soft_blend_h10,0.22214642246139588,1.5804474163055808,1.07491471464622
2025/26,277,soft_blend_h10,0.11316211562780873,0.5468435320932222,0.2663679174842949
2025/26,276,soft_blend_h10,0.14585283610766597,1.4339509932977228,0.8717931194028987
2025/26,275,soft_blend_h10,0.09464905700467516,0.4811683063372166,0.2194222109919577
2025/26,274,soft_blend_h10,0.11338338928595929,0.5830844714452568,0.2965600690652533
2025/26,272,soft_blend_h10,0.1757239988758091,1.4520025576361562,0.9380492489936023
2025/26,261,soft_blend_h10,0.4730665976860652,1.5411856889244613,0.9913708836815378
2025/26,270,soft_blend_h10,0.1385180687748117,1.36395034464149,0.8310947297492264
2025/26,269,soft_blend_h10,0.10661785946913388,0.5309295100147435,0.2545586590862118
2025/26,268,soft_blend_h10,0.22297500131241976,0.8518726194146256,0.49934292485959286
2025/26,267,soft_blend_h10,0.14844470483901295,0.680238571957354,0.365817743021593
2025/26,266,soft_blend_h10,0.2573872186861622,0.9817620194422406,0.589643465031179
2025/26,265,soft_blend_h10,0.21472361332763273,0.8476075326368441,0.49244398461967254
2025/26,264,soft_blend_h10,0.5295457698673731,1.6980809067015057,1.0956256718203037
2025/26,263,soft_blend_h10,0.4321229906765538,1.4495732372533219,0.9206915954804313
2025/26,262,soft_blend_h10,0.14695096060887575,1.2697605013097608,0.8110083295786435
2025/26,271,soft_blend_h10,0.08426750510913679,0.47401204781322875,0.2152629718957159
2025/26,281,soft_blend_h10,0.15250605551593654,1.461175609230576,0.8948923053319985
2025/26,304,soft_blend_h10,0.2854765206806987,1.0430326496979525,0.6376849082142851
2025/26,283,soft_blend_h10,0.24963154304882074,0.9125269027063705,0.5489464400479207
2025/26,260,soft_blend_h10,0.0464243040355155,0.32888178551320973,0.11867467583294096
2025/26,303,soft_blend_h10,0.16270978223751117,0.7007627833618653,0.38120502520091093
2025/26,302,soft_blend_h10,0.3180282835107593,2.168595311200801,1.4204535439935093
2025/26,301,soft_blend_h10,0.2030472652706742,0.8166405495321759,0.4688244489869646
2025/26,300,soft_blend_h10,0.3363981463021996,1.1724310485898608,0.7340447417173522
2025/26,299,soft_blend_h10,0.029055929271831156,0.24620694178260313,0.07153339318579756
2025/26,298,soft_blend_h10,0.13917890856909365,1.3104054697194278,0.8116803157866195
2025/26,297,soft_blend_h10,0.5656594920160632,1.9167891532645882,1.1785967368288914
2025/26,296,soft_blend_h10,0.26799654687594665,1.0035317065711282,0.6069087209064407
2025/26,295,soft_blend_h10,0.5601318815750842,1.8199396063368634,1.156887743280274
2025/26,294,soft_blend_h10,0.031640493050937406,0.26513989860790194,0.08227900804774324
2025/26,293,soft_blend_h10,0.06598646790241232,0.40101923689605357,0.16410556497245118
2025/26,292,soft_blend_h10,0.2969365635328377,1.0205277696314337,0.6378565024013622
2025/26,291,soft_blend_h10,0.07248966937964878,0.4075007053009142,0.16842904392554742
2025/26,290,soft_blend_h10,0.20640050673180232,0.828609436967583,0.47752180268521655
2025/26,289,soft_blend_h10,0.06995751317610405,0.4234660139354742,0.18041045657117027
2025/26,288,soft_blend_h10,0.16113711769047195,1.434103661877193,0.902417112789962
2025/26,287,soft_blend_h10,0.376014473224796,1.3017937924799692,0.8179100727600876
2025/26,286,soft_blend_h10,0.13419995089721648,0.6306339521090629,0.3284269101988201
2025/26,285,soft_blend_h10,0.3906187571974372,1.337660982489018,0.8439561507571139
2025/26,284,soft_blend_h10,0.2555176040276145,0.9789504545321372,0.5872255001409015
2025/26,282,soft_blend_h10,0.3246932651621272,2.2100034012724454,1.4420201299571456
2025/26,259,soft_blend_h10,0.19701367480069185,0.8375599951785344,0.4830700682280006
2025/26,236,soft_blend_h10,0.21562684317379233,1.7120971174997222,1.1028554185064707
2025/26,257,soft_blend_h10,0.26592557422107027,0.9988407439891538,0.6032775841533087
2025/26,231,soft_blend_h10,0.12809970439764365,0.6025198350254073,0.30722907979420155
2025/26,230,soft_blend_h10,0.2203186226255204,1.6660395956484764,1.0983678501268905
2025/26,229,soft_blend_h10,0.09692622087990219,0.5071658554113855,0.2375755002006101
2025/26,228,soft_blend_h10,0.16389066446312472,1.6022191488829685,0.965465066335872
2025/26,227,soft_blend_h10,0.13559451993112803,1.2458064325379037,0.7785477979940036
2025/26,226,soft_blend_h10,0.07114797417974686,0.43768346193786173,0.1931220963941624
2025/26,225,soft_blend_h10,0.35660309135398754,1.303814215709022,0.804001367998622
2025/26,224,soft_blend_h10,0.11972643715958364,1.1581078487817977,0.7099392501206524
2025/26,223,soft_blend_h10,0.30600029434023124,1.1006996745784483,0.6791643392861443
2025/26,232,soft_blend_h10,0.2868987028092942,1.0468766549672799,0.64050482043126
2025/26,222,soft_blend_h10,0.19443802779334818,1.6788874531675277,1.0505258073836088
2025/26,220,soft_blend_h10,0.15778437407033696,1.3496062543949767,0.864142494559861
2025/26,219,soft_blend_h10,0.21628678017041963,0.8512934758257744,0.4953300997367541
2025/26,218,soft_blend_h10,0.07032132572183947,0.41708773619754186,0.17488072845017355
2025/26,217,soft_blend_h10,0.04860601672748619,0.33366486538674,0.12104813440738094
2025/26,216,soft_blend_h10,0.24764699720161554,0.9755687125486362,0.5827345611748558
2025/26,215,soft_blend_h10,0.07062486766968512,0.41231167825926457,0.17128459422477385
2025/26,214,soft_blend_h10,0.16846352710916548,0.7076207665821312,0.3875021852403461
2025/26,213,soft_blend_h10,0.13342718973474688,0.648447455823966,0.3447966135554331
2025/26,305,soft_blend_h10,0.34744353487353175,1.2267325400887854,0.7649642665169243
2025/26,221,soft_blend_h10,0.19519105864799713,0.7785636221201996,0.4424806089638633
2025/26,258,soft_blend_h10,0.03303803435302468,0.2593178766715997,0.07829225650235377
2025/26,233,soft_blend_h10,0.28170228279010356,1.0679971602076568,0.64870654741359
2025/26,235,soft_blend_h10,0.14679857407966593,0.6539170739546952,0.34585298644317775
2025/26,256,soft_blend_h10,0.07462068722630391,0.44105498503714097,0.19257157077516318
2025/26,255,soft_blend_h10,0.4207171405867249,1.368006825996198,0.8858505546512673
2025/26,254,soft_blend_h10,0.17648133383787531,0.7536186616540883,0.4203522723664541
2025/26,253,soft_blend_h10,0.15065707936198597,1.4135815812532218,0.8739538035894004
2025/26,252,soft_blend_h10,0.17662713549264217,1.4161777013376144,0.9268489131336928
2025/26,251,soft_blend_h10,0.17093610742350251,1.3148074628361734,0.8769263989947012
2025/26,250,soft_blend_h10,0.2624896570466557,0.9932162790255298,0.5984531053198388
2025/26,249,soft_blend_h10,0.39215670982648976,1.2915694980069865,0.8313053198238027
2025/26,248,soft_blend_h10,0.16098322676336707,1.3837202307794632,0.8835003263816137
2025/26,234,soft_blend_h10,0.3138003007210889,1.0747129855362332,0.6752688000973941
2025/26,247,soft_blend_h10,0.15968471600752576,1.415989778751578,0.8928950023131128
2025/26,245,soft_blend_h10,0.10754267272287277,0.519065612034681,0.24706250312717865
2025/26,244,soft_blend_h10,0.08221065041262929,0.4608303082440585,0.20508835967944136
2025/26,243,soft_blend_h10,0.155007877923916,0.6618950063010905,0.3537410840806435
2025/26,242,soft_blend_h10,0.2202079874182876,0.919780741799173,0.5433183304364403
2025/26,241,soft_blend_h10,0.170469620451622,0.7434360894147891,0.4127514174232707
2025/26,240,soft_blend_h10,0.10761025826466228,0.5518323539252633,0.27095383911008547
2025/26,239,soft_blend_h10,0.23072222409942006,0.9213894063619555,0.5440391480544353
2025/26,238,soft_blend_h10,0.03332950291749956,0.27009781994883963,0.08450047176563852
2025/26,237,soft_blend_h10,0.12759407241661055,1.2371702326117848,0.7589981264395039
2025/26,246,soft_blend_h10,0.5138596193927742,1.660423315267895,1.067822485955149
2025/26,306,soft_blend_h10,0.11173066088425146,0.5532763551857537,0.2709153677003303
2025/26,273,soft_blend_h17,0.28365916984579265,1.0163233995058787,0.6238940947809823
2025/26,280,soft_blend_h17,0.15085875346103478,1.4384361821020866,0.8834309928758217
2025/26,279,soft_blend_h17,0.12169387337156187,0.5883131661122594,0.2968424093409196
2025/26,278,soft_blend_h17,0.2216898558453025,1.5797509870777926,1.0737737970439125
2025/26,277,soft_blend_h17,0.12259676791697321,0.5769374903685722,0.2885155341941136
2025/26,276,soft_blend_h17,0.14438614503726507,1.425277246167894,0.8657009608053662
2025/26,275,soft_blend_h17,0.1131145325247015,0.5345346979189761,0.2586277442270284
2025/26,274,soft_blend_h17,0.11421962929957699,0.585306262349359,0.2980340296531193
2025/26,272,soft_blend_h17,0.1667730638626114,1.4131382443526348,0.9060225203245234
2025/26,261,soft_blend_h17,0.47728000695167816,1.5579443743271286,1.0002681388987615
2025/26,270,soft_blend_h17,0.13740837796423477,1.3520789413666743,0.8243396657990875
2025/26,269,soft_blend_h17,0.09941647657840057,0.5068949103448581,0.2371903124309041
2025/26,268,soft_blend_h17,0.19163485267563463,0.7678999128003103,0.43445457846613916
2025/26,267,soft_blend_h17,0.14840383719645292,0.6800922235025577,0.365706832389693
2025/26,266,soft_blend_h17,0.23951736071298008,0.9294993009419181,0.5516797690040159
2025/26,265,soft_blend_h17,0.2367519550111402,0.9044485024569898,0.5359951523547611
2025/26,264,soft_blend_h17,0.5005000081635642,1.6045390736976595,1.0397615670862592
2025/26,263,soft_blend_h17,0.4050282151030874,1.3732563606819583,0.8697185404898168
2025/26,262,soft_blend_h17,0.16092482488334334,1.3462827440563834,0.8691452318777371
2025/26,271,soft_blend_h17,0.08027174926463719,0.4591890621462165,0.2047224535432314
2025/26,281,soft_blend_h17,0.15016182848098575,1.456815196277449,0.8886478156678512
2025/26,304,soft_blend_h17,0.2989398768880612,1.0766317455070376,0.6630104042347078
2025/26,283,soft_blend_h17,0.2321981003712708,0.8653912048690147,0.5127582679901979
2025/26,260,soft_blend_h17,0.04407231239405921,0.3184561298049479,0.11229721591426539
2025/26,303,soft_blend_h17,0.1678137561689793,0.7175502398771876,0.3937457173147645
2025/26,302,soft_blend_h17,0.3025909478874599,2.0725532958475457,1.3692956369466194
2025/26,301,soft_blend_h17,0.19637043663233994,0.7944155633293584,0.4524720194978667
2025/26,300,soft_blend_h17,0.3353991676449159,1.1748074861579816,0.7341180034240224
2025/26,299,soft_blend_h17,0.02832866361137063,0.24271793094151498,0.06975455185516927
2025/26,298,soft_blend_h17,0.14176131074318965,1.328298564756257,0.8238540028823238
2025/26,297,soft_blend_h17,0.5880760546979982,1.9818195727317984,1.2178948514574335
2025/26,296,soft_blend_h17,0.28192991103274845,1.0473222145012357,0.6376453671614779
2025/26,295,soft_blend_h17,0.553330939511738,1.7957760284861979,1.1438444672931425
2025/26,294,soft_blend_h17,0.03588786834134104,0.2845457307713963,0.09292498365877451
2025/26,293,soft_blend_h17,0.06604114932100931,0.4025996063499303,0.16530818271651554
2025/26,292,soft_blend_h17,0.2707417787416642,0.9542998324859467,0.5858954857908718
2025/26,291,soft_blend_h17,0.0720261190873044,0.40621654251994543,0.1675408447407999
2025/26,290,soft_blend_h17,0.19374400242518813,0.7926787977152935,0.4504551101806628
2025/26,289,soft_blend_h17,0.06302709528178287,0.3978539214331803,0.16327042108352732
2025/26,288,soft_blend_h17,0.1633452884401662,1.4308279029407998,0.9056428303099028
2025/26,287,soft_blend_h17,0.3812385723729823,1.3244168273515537,0.8306584243985987
2025/26,286,soft_blend_h17,0.12950643912303061,0.6157447641152916,0.31734174868973786
2025/26,285,soft_blend_h17,0.3980687863001628,1.369384057021449,0.8615832593339947
2025/26,284,soft_blend_h17,0.2696802070431503,1.0140425459684699,0.6134454202870567
2025/26,282,soft_blend_h17,0.331685235772185,2.2613917802375765,1.4658185214399275
2025/26,259,soft_blend_h17,0.18498147781974572,0.7973575117458988,0.45328292697564376
2025/26,236,soft_blend_h17,0.2058861762824712,1.6605732734187548,1.0678237377251905
2025/26,257,soft_blend_h17,0.24922837514154186,0.9532879721807217,0.5697185199323038
2025/26,231,soft_blend_h17,0.11474616911995514,0.5623531176613644,0.27755698751294366
2025/26,230,soft_blend_h17,0.21780375605584607,1.6627351097382266,1.0923238405110112
2025/26,229,soft_blend_h17,0.09857370354924032,0.5130567616390348,0.24183766721453798
2025/26,228,soft_blend_h17,0.1623433146775976,1.5897072797680136,0.9583260102812576
2025/26,227,soft_blend_h17,0.13420056025304522,1.2529135381007888,0.7786666563444353
2025/26,226,soft_blend_h17,0.07530368835937529,0.45415166297653703,0.20499378286204764
2025/26,225,soft_blend_h17,0.354985156483029,1.2953405984006938,0.7992911169446003
2025/26,224,soft_blend_h17,0.12896319872965867,1.210777333742922,0.7507787373935242
2025/26,223,soft_blend_h17,0.3121641945912036,1.1199300629633848,0.6923602081465845
2025/26,232,soft_blend_h17,0.3119628910371292,1.1078014067919415,0.6868765168853648
2025/26,222,soft_blend_h17,0.1820669120952727,1.6409028886792743,1.0140842361564368
2025/26,220,soft_blend_h17,0.15294915431418013,1.3399890343787644,0.8507658866812998
2025/26,219,soft_blend_h17,0.20928719397760764,0.8333557215415541,0.48155176584632353
2025/26,218,soft_blend_h17,0.060467712050673514,0.3813060854058542,0.15124949340336524
2025/26,217,soft_blend_h17,0.04919983482281617,0.33599309387985205,0.12246552627577403
2025/26,216,soft_blend_h17,0.23513917024562617,0.9409902642509419,0.5578679616912833
2025/26,215,soft_blend_h17,0.06460401322338641,0.39143821049900474,0.1574573773269728
2025/26,214,soft_blend_h17,0.15766280208837624,0.678697622188009,0.365220623721941
2025/26,213,soft_blend_h17,0.13921890698737155,0.664477419104456,0.3560846114275556
2025/26,305,soft_blend_h17,0.35583674662631926,1.2530724744537745,0.782249484817559
2025/26,221,soft_blend_h17,0.17906354253398343,0.7316433863110017,0.40685369425099716
2025/26,258,soft_blend_h17,0.0372940546887522,0.2786131269524675,0.08871061964108098
2025/26,233,soft_blend_h17,0.30652968946728915,1.138443211690446,0.6977279776791849
2025/26,235,soft_blend_h17,0.14334781651156125,0.6425164825533513,0.33734669733841444
2025/26,256,soft_blend_h17,0.08221180429937446,0.4662106884627443,0.20966714955555923
2025/26,255,soft_blend_h17,0.4409087264540944,1.424699081864508,0.92469153257562
2025/26,254,soft_blend_h17,0.19361019896705528,0.804934518445029,0.45868515414376426
2025/26,253,soft_blend_h17,0.1501146700540018,1.4111228203732045,0.8719629635795244
2025/26,252,soft_blend_h17,0.16403185211692345,1.3700353352742838,0.8844335265217743
2025/26,251,soft_blend_h17,0.16206618549956514,1.2825975721338596,0.846404512149116
2025/26,250,soft_blend_h17,0.2363046489097839,0.9209530825330342,0.5453129254574818
2025/26,249,soft_blend_h17,0.3658769227957997,1.220418690013066,0.7802639652065104
2025/26,248,soft_blend_h17,0.16324355559351153,1.3867699840467487,0.8891654415074499
2025/26,234,soft_blend_h17,0.3057857624916981,1.0530350293176556,0.6590877466506491
2025/26,247,soft_blend_h17,0.16889677748099538,1.4482579716420196,0.9230502687493333
2025/26,245,soft_blend_h17,0.1048913289189992,0.5116063776847541,0.24153417854790044
2025/26,244,soft_blend_h17,0.08232351364938918,0.46315074916578036,0.20695810045325846
2025/26,243,soft_blend_h17,0.14486313417324193,0.632776085819023,0.33156649261161075
2025/26,242,soft_blend_h17,0.21386879515732826,0.8963884884944265,0.5262654854998006
2025/26,241,soft_blend_h17,0.16979405894997252,0.7448968949052585,0.4139849764527456
2025/26,240,soft_blend_h17,0.09800417090261822,0.5202887416093761,0.248126495416219
2025/26,239,soft_blend_h17,0.2401596738114622,0.9520233165856402,0.5659802970944066
2025/26,238,soft_blend_h17,0.034418137470576135,0.2757053969880422,0.08765216873916257
2025/26,237,soft_blend_h17,0.1274122570633783,1.243144565745613,0.7610914012513625
2025/26,246,soft_blend_h17,0.4963407461360987,1.5961618621455895,1.032630834056601
2025/26,306,soft_blend_h17,0.11193698678575636,0.5534352682086585,0.2710166699874812
2025/26,273,cosine_taper_k30,0.28582255886350866,1.0317650149047122,0.6326008492932474
2025/26,280,cosine_taper_k30,0.14727319520047133,1.4211408119952014,0.8699620551712242
2025/26,279,cosine_taper_k30,0.1182151603482362,0.5763109434916673,0.28793419475792276
2025/26,278,cosine_taper_k30,0.22248435151550713,1.580961965847537,1.0757587934192465
2025/26,277,cosine_taper_k30,0.10643806361489148,0.5251895616489421,0.25058190511516387
2025/26,276,cosine_taper_k30,0.1472832072531303,1.440404256746245,0.876991813180828
2025/26,275,cosine_taper_k30,0.08209983263149066,0.44351387971367884,0.19269735477157476
2025/26,274,cosine_taper_k30,0.11276857434627771,0.58144708022846,0.295477205901286
2025/26,272,cosine_taper_k30,0.18271940708706486,1.4817012882779,0.9625802325388537
2025/26,261,cosine_taper_k30,0.4697070936650522,1.5279693099627112,0.9842770289948015
2025/26,270,cosine_taper_k30,0.13939883683887863,1.3732650973658753,0.8363904801608691
2025/26,269,cosine_taper_k30,0.1123824812485217,0.5499958704463549,0.2684664214958307
2025/26,268,cosine_taper_k30,0.24899980357474946,0.9223050046685783,0.5531389398545455
2025/26,267,cosine_taper_k30,0.14847643720679043,0.6803522070244465,0.3659038628292002
2025/26,266,cosine_taper_k30,0.2717160903535323,1.024308535678361,0.6200509578441722
2025/26,265,cosine_taper_k30,0.19842807087663636,0.805603416077055,0.4602467702474857
2025/26,264,cosine_taper_k30,0.5527050314037796,1.7772626345714668,1.1402603441133312
2025/26,263,cosine_taper_k30,0.45383822741510976,1.5131197361878947,0.9616863386722232
2025/26,262,cosine_taper_k30,0.13693554065937089,1.2141429757604587,0.7681301207686776
2025/26,271,cosine_taper_k30,0.0872804669134733,0.485099995532847,0.22321694403040365
2025/26,281,cosine_taper_k30,0.15444052783868367,1.4642524418050349,0.8998563877047406
2025/26,304,cosine_taper_k30,0.27705753483155643,1.0221368444270655,0.6218804192076642
2025/26,283,cosine_taper_k30,0.2622731104102585,0.9470461099761627,0.5751691111072298
2025/26,260,cosine_taper_k30,0.04835180192966697,0.33730692452055616,0.12390974103054234
2025/26,303,cosine_taper_k30,0.15948965220979605,0.6901800700828765,0.37329898900223435
2025/26,302,cosine_taper_k30,0.3281698752112747,2.235186329307903,1.4538384092453434
2025/26,301,cosine_taper_k30,0.2073737754098701,0.8311071517926918,0.47943237806091876
2025/26,300,cosine_taper_k30,0.33704295984159116,1.1709152772178901,0.7340287410627593
2025/26,299,cosine_taper_k30,0.029525535556564793,0.24844307699874385,0.07268194178217181
2025/26,298,cosine_taper_k30,0.13756339609075435,1.2991358625860132,0.8039940470675258
2025/26,297,cosine_taper_k30,0.5509692231829069,1.875472237486107,1.1531172299741388
2025/26,296,cosine_taper_k30,0.2588597170172047,0.9752305348278263,0.5867441328192977
2025/26,295,cosine_taper_k30,0.5647135458538931,1.836461519888628,1.1656791834104552
2025/26,294,cosine_taper_k30,0.02894502956003594,0.252346003696114,0.07551134433204258
2025/26,293,cosine_taper_k30,0.06595262155107343,0.39996182400135666,0.16331564938337784
2025/26,292,cosine_taper_k30,0.3151964654085589,1.0674866390848037,0.6740903485906495
2025/26,291,cosine_taper_k30,0.07280118479135657,0.40836198598932244,0.1690260298111959
2025/26,290,cosine_taper_k30,0.2151102775920481,0.8534251525269075,0.4961297436340204
2025/26,289,cosine_taper_k30,0.07480416400923992,0.44099993894663037,0.19237818369218435
2025/26,288,cosine_taper_k30,0.15969337364889885,1.436412991424586,0.9003673765956419
2025/26,287,cosine_taper_k30,0.37236566649778124,1.2861905062941923,0.8090190558357706
2025/26,286,cosine_taper_k30,0.13754978123749462,0.641235501183373,0.33633496339938895
2025/26,285,cosine_taper_k30,0.38542624445157103,1.315946858997857,0.8316887223217262
2025/26,284,cosine_taper_k30,0.2458305096539697,0.9549974079810256,0.5693490035041173
2025/26,282,cosine_taper_k30,0.3198347470839785,2.1753952645698567,1.4254395930362278
2025/26,259,cosine_taper_k30,0.2069191618862885,0.870950429478583,0.5075992679038741
2025/26,236,cosine_taper_k30,0.2233637934545043,1.7533663516428075,1.1303424576328647
2025/26,257,cosine_taper_k30,0.27970939107708404,1.0368644293314115,0.6309771755490133
2025/26,231,cosine_taper_k30,0.13802828181360757,0.6320236091553386,0.3292433132182264
2025/26,230,cosine_taper_k30,0.22213100916259942,1.6683903164532992,1.1027125887483895
2025/26,229,cosine_taper_k30,0.09576606903538581,0.5030079998321358,0.2345755137255952
2025/26,228,cosine_taper_k30,0.16501101790988215,1.611190495293892,0.9705824938211652
2025/26,227,cosine_taper_k30,0.13676262727871158,1.24079535834471,0.7788270837105344
2025/26,226,cosine_taper_k30,0.06827215027448222,0.42616378730756466,0.18491799257693015
2025/26,225,cosine_taper_k30,0.35762923080820747,1.3092112398471878,0.8069924506238475
2025/26,224,cosine_taper_k30,0.11487735439465659,1.1261710369912157,0.6863623497670215
2025/26,223,cosine_taper_k30,0.30213348382008676,1.0887243117618008,0.6708845272672348
2025/26,232,cosine_taper_k30,0.26985968143080713,1.0058041656426584,0.6091576350285881
2025/26,222,cosine_taper_k30,0.2032334286676943,1.7036803261054807,1.0755705305175134
2025/26,220,cosine_taper_k30,0.16105599570400733,1.355737419821186,0.8730364410887625
2025/26,219,cosine_taper_k30,0.22077939414906633,0.8628078333247526,0.5041758436706809
2025/26,218,cosine_taper_k30,0.0769397693002225,0.44039968005882596,0.19072288875628052
2025/26,217,cosine_taper_k30,0.04823228908050871,0.3321950131194432,0.12015592351224909
2025/26,216,cosine_taper_k30,0.25450639672782605,0.9946281614995595,0.5963734314630924
2025/26,215,cosine_taper_k30,0.07396746780432353,0.4236944217176048,0.1789504350861605
2025/26,214,cosine_taper_k30,0.1744143893135152,0.7234925465697821,0.3997707485763975
2025/26,213,cosine_taper_k30,0.13038015995072016,0.6399507140418325,0.3388613135574609
2025/26,305,cosine_taper_k30,0.34213346446029064,1.210255576884144,0.7540262844175596
2025/26,221,cosine_taper_k30,0.20575228254775263,0.8094199709339223,0.46579406946524354
2025/26,258,cosine_taper_k30,0.02981746987203277,0.2441352878624684,0.07042462003615385
2025/26,233,cosine_taper_k30,0.2647848828549994,1.020872826618395,0.615322477575261
2025/26,235,cosine_taper_k30,0.14946507548998625,0.6627228423307372,0.35242993148223695
2025/26,256,cosine_taper_k30,0.06882208466294237,0.4213633382315787,0.17947245965693331
2025/26,255,cosine_taper_k30,0.4049214248137329,1.3248308981733274,0.8555133391753477
2025/26,254,cosine_taper_k30,0.16334868958867413,0.7143557923126787,0.39091090070267953
2025/26,253,cosine_taper_k30,0.1510963259309481,1.415554268450836,0.8755581143442155
2025/26,252,cosine_taper_k30,0.18754619938530429,1.4544841076710822,0.962582756023044
2025/26,251,cosine_taper_k30,0.17835832494707102,1.3412037808334363,0.9020536257238477
2025/26,250,cosine_taper_k30,0.28437451496149413,1.0547069572530394,0.6428386421427204
2025/26,249,cosine_taper_k30,0.41376734109267077,1.3520492819124401,0.8733355818496542
2025/26,248,cosine_taper_k30,0.15924913509893296,1.3812997664676925,0.8791221789693277
2025/26,234,cosine_taper_k30,0.31955030943140206,1.090380528893488,0.6868767716125691
2025/26,247,cosine_taper_k30,0.15310403644950757,1.3910336129060121,0.8704824847658542
2025/26,245,cosine_taper_k30,0.10967732997161181,0.5250419323249099,0.25151195777587365
2025/26,244,cosine_taper_k30,0.08212709143633105,0.4589874655511114,0.20363615956478615
2025/26,243,cosine_taper_k30,0.16299862136954907,0.6847466584062614,0.37119199948604276
2025/26,242,cosine_taper_k30,0.22511952716393202,0.9380437545937278,0.5565503512130436
2025/26,241,cosine_taper_k30,0.17099776254429422,0.7423205520134352,0.4118622051567818
2025/26,240,cosine_taper_k30,0.11526195200609957,0.5766411816768179,0.28910326860714114
2025/26,239,cosine_taper_k30,0.22363379178592724,0.8985830050893562,0.5275554391381854
2025/26,238,cosine_taper_k30,0.03250969372935912,0.26583121424344625,0.08213325480322553
2025/26,237,cosine_taper_k30,0.12791063522604926,1.2326260391588264,0.7577566608761782
2025/26,246,cosine_taper_k30,0.5280222983762715,1.7146898079318682,1.0962705382959395
2025/26,306,cosine_taper_k30,0.11159914860004806,0.5531748109338053,0.27085185580532567
2025/26,273,current_only,0.28582255886350866,1.0317650149047122,0.6326008492932474
2025/26,280,current_only,0.14727319520047133,1.4211408119952014,0.8699620551712242
2025/26,279,current_only,0.1182151603482362,0.5763109434916673,0.28793419475792276
2025/26,278,current_only,0.22248435151550713,1.580961965847537,1.0757587934192465
2025/26,277,current_only,0.10643806361489148,0.5251895616489421,0.25058190511516387
2025/26,276,current_only,0.1472832072531303,1.440404256746245,0.876991813180828
2025/26,275,current_only,0.08209983263149066,0.44351387971367884,0.19269735477157476
2025/26,274,current_only,0.11276857434627771,0.58144708022846,0.295477205901286
2025/26,272,current_only,0.18271940708706486,1.4817012882779,0.9625802325388537
2025/26,261,current_only,0.4696372151166378,1.5276957539735934,0.9841294773613102
2025/26,270,current_only,0.13939883683887863,1.3732650973658753,0.8363904801608691
2025/26,269,current_only,0.1123824812485217,0.5499958704463549,0.2684664214958307
2025/26,268,current_only,0.24899980357474946,0.9223050046685783,0.5531389398545455
2025/26,267,current_only,0.14847643720679043,0.6803522070244465,0.3659038628292002
2025/26,266,current_only,0.2717160903535323,1.024308535678361,0.6200509578441722
2025/26,265,current_only,0.19842807087663636,0.805603416077055,0.4602467702474857
2025/26,264,current_only,0.5527050314037796,1.7772626345714668,1.1402603441133312
2025/26,263,current_only,0.45383822741510976,1.5131197361878947,0.9616863386722232
2025/26,262,current_only,0.13693554065937089,1.2141429757604587,0.7681301207686776
2025/26,271,current_only,0.0872804669134733,0.485099995532847,0.22321694403040365
2025/26,281,current_only,0.15444052783868367,1.4642524418050349,0.8998563877047406
2025/26,304,current_only,0.27705753483155643,1.0221368444270655,0.6218804192076642
2025/26,283,current_only,0.2622731104102585,0.9470461099761627,0.5751691111072298
2025/26,260,current_only,0.04839238977657392,0.33748324632825494,0.12402005691791514
2025/26,303,current_only,0.15948965220979605,0.6901800700828765,0.37329898900223435
2025/26,302,current_only,0.3281698752112747,2.235186329307903,1.4538384092453434
2025/26,301,current_only,0.2073737754098701,0.8311071517926918,0.47943237806091876
2025/26,300,current_only,0.33704295984159116,1.1709152772178901,0.7340287410627593
2025/26,299,current_only,0.029525535556564793,0.24844307699874385,0.07268194178217181
2025/26,298,current_only,0.13756339609075435,1.2991358625860132,0.8039940470675258
2025/26,297,current_only,0.5509692231829069,1.875472237486107,1.1531172299741388
2025/26,296,current_only,0.2588597170172047,0.9752305348278263,0.5867441328192977
2025/26,295,current_only,0.5647135458538931,1.836461519888628,1.1656791834104552
2025/26,294,current_only,0.02894502956003594,0.252346003696114,0.07551134433204258
2025/26,293,current_only,0.06595262155107343,0.39996182400135666,0.16331564938337784
2025/26,292,current_only,0.3151964654085589,1.0674866390848037,0.6740903485906495
2025/26,291,current_only,0.07280118479135657,0.40836198598932244,0.1690260298111959
2025/26,290,current_only,0.2151102775920481,0.8534251525269075,0.4961297436340204
2025/26,289,current_only,0.07480416400923992,0.44099993894663037,0.19237818369218435
2025/26,288,current_only,0.15969337364889885,1.436412991424586,0.9003673765956419
2025/26,287,current_only,0.37236566649778124,1.2861905062941923,0.8090190558357706
2025/26,286,current_only,0.13754978123749462,0.641235501183373,0.33633496339938895
2025/26,285,current_only,0.38542624445157103,1.315946858997857,0.8316887223217262
2025/26,284,current_only,0.2458305096539697,0.9549974079810256,0.5693490035041173
2025/26,282,current_only,0.3198347470839785,2.1753952645698567,1.4254395930362278
2025/26,259,current_only,0.20712815917995708,0.8716582227944775,0.5081168772294332
2025/26,236,current_only,0.22485118140145735,1.7613450184839767,1.1355950496903993
2025/26,257,current_only,0.2800005661342678,1.037672356890833,0.6315622767172798
2025/26,231,current_only,0.14163312396993308,0.6426783842599582,0.33722717834091087
2025/26,230,current_only,0.2227781438426953,1.669223662245589,1.1042617788693487
2025/26,229,current_only,0.09535713493282541,0.5015404906107338,0.2335183526694504
2025/26,228,current_only,0.16541207679946512,1.6143852198806634,0.97240435650021
2025/26,227,current_only,0.13721172391359912,1.239027725956471,0.7789982435249906
2025/26,226,current_only,0.06726861036906899,0.42211807465025236,0.1820574142277399
2025/26,225,current_only,0.3582532326831317,1.3125019694156697,0.8088127454537604
2025/26,224,current_only,0.1123090306724247,1.107268723806299,0.6729014605440179
2025/26,223,current_only,0.2997980767927104,1.0815235692952956,0.6658832155507877
2025/26,232,current_only,0.26397613173801016,0.9916618383355605,0.5983702283368973
2025/26,222,current_only,0.20893984408416147,1.719037209946744,1.0915289080237751
2025/26,220,current_only,0.1631227692526238,1.359477992194198,0.8785995214015303
2025/26,219,current_only,0.22353146760018566,0.8698632809095403,0.5095953873277512
2025/26,218,current_only,0.08110359934798568,0.4548218094894222,0.2006787733495146
2025/26,217,current_only,0.04800611183212928,0.33130373759754406,0.1196159048361909
2025/26,216,current_only,0.2615275835957939,1.0142216977912688,0.610335246376408
2025/26,215,current_only,0.07741707762438313,0.4353048765358073,0.18685443011166836
2025/26,214,current_only,0.18052474352622092,0.7397560069395251,0.4123626997158339
2025/26,213,current_only,0.12735065968696668,0.6314555426831309,0.33296256111783534
2025/26,305,current_only,0.34213346446029064,1.210255576884144,0.7540262844175596
2025/26,221,current_only,0.21230005595083182,0.8286277591046255,0.4802417659793523
2025/26,258,current_only,0.029752123273449338,0.24382134916023937,0.07026514271568951
2025/26,233,current_only,0.2589351639999687,1.004711719161512,0.6037828569515238
2025/26,235,current_only,0.14997073742457825,0.6643924849637213,0.3536775238907514
2025/26,256,current_only,0.06870388484807688,0.4209570963103351,0.17920504479167343
2025/26,255,current_only,0.4045957543906471,1.3239507239943356,0.8548883196496196
2025/26,254,current_only,0.16308051082394895,0.713553800690254,0.390309174759098
2025/26,253,current_only,0.1511055266020682,1.4155954170905174,0.8755916452975554
2025/26,252,current_only,0.18847909039881353,1.457699311448333,0.9655982228232246
2025/26,251,current_only,0.1789827834782386,1.3434049842014448,0.904152185620154
2025/26,250,current_only,0.2862147802638376,1.0599340379964646,0.6465699101837176
2025/26,249,current_only,0.41557127903642593,1.35718757827686,0.8768462323873739
2025/26,248,current_only,0.1591091381143832,1.3811010542979558,0.8787674148812742
2025/26,234,current_only,0.3215983655938745,1.0959852847184275,0.6910111227352218
2025/26,247,current_only,0.15259266721555562,1.3890095463015273,0.8687026073465342
2025/26,245,current_only,0.1098537789912381,0.5255348038148383,0.25187968661264143
2025/26,244,current_only,0.0821204693747665,0.45883612694888265,0.20351819390331533
2025/26,243,current_only,0.16452851888971873,0.6891160189641656,0.37453167551793304
2025/26,242,current_only,0.2260521823318751,0.9415261686523998,0.5590648717742077
2025/26,241,current_only,0.1710985046624089,0.7421102824221023,0.41169973102017415
2025/26,240,current_only,0.11673497345498689,0.5813903286959375,0.29259406679162325
2025/26,239,current_only,0.22230920241975202,0.894339036676599,0.5244748134668928
2025/26,238,current_only,0.03235628736058823,0.26502849763883457,0.08169090268970748
2025/26,237,current_only,0.1279875914930545,1.2317712381936592,0.7575573858211033
2025/26,246,current_only,0.5291952276053234,1.7192845447010947,1.098626491092402
2025/26,306,current_only,0.11159914860004806,0.5531748109338053,0.27085185580532567
2025/26,273,updating_prior,0.2786461890701699,0.9802371236029617,0.6040300120583345
2025/26,280,updating_prior,0.16208382682293035,1.4837504600336855,0.9220282527854866
2025/26,279,updating_prior,0.13024352408211848,0.6176959557543136,0.3187675334221552
2025/26,278,updating_prior,0.21980003653990987,1.5768529638087252,1.0690450262944322
2025/26,277,updating_prior,0.16599685508115547,0.7131706845053031,0.390371610067671
2025/26,276,updating_prior,0.14410307512294374,1.3899078871369237,0.8520595903095347
2025/26,275,updating_prior,0.20831471580329727,0.7939717742628395,0.4594020730980838
2025/26,274,updating_prior,0.11775032661034389,0.5946218996608331,0.3042708930223001
2025/26,272,updating_prior,0.1359401733913661,1.265660428913678,0.7873283009130099
2025/26,261,updating_prior,0.49378010749109164,1.6256598222841412,1.0351138834126798
2025/26,270,updating_prior,0.1332302756509548,1.3057442176572354,0.7979441276003998
2025/26,269,updating_prior,0.07301678298780304,0.41574321746663523,0.1735867078386493
2025/26,268,updating_prior,0.09045268143932209,0.4874866792874569,0.22368703988795427
2025/26,267,updating_prior,0.1482396633588694,0.679504316258117,0.3652613015026675
2025/26,266,updating_prior,0.17436269607709287,0.743325454426503,0.4127711784186646
2025/26,265,updating_prior,0.3370713150804098,1.1723810444492238,0.7346229179263714
2025/26,264,updating_prior,0.3926820789326305,1.2978887549668654,0.833741531472974
2025/26,263,updating_prior,0.3060839312558594,1.1145294397941197,0.6856546649448416
2025/26,262,updating_prior,0.22926918401647772,1.731339411696159,1.1357898237147441
2025/26,271,updating_prior,0.06466403404276731,0.3996591076229241,0.16365103722802185
2025/26,281,updating_prior,0.14553354111495098,1.438173505575359,0.8726854770068925
2025/26,304,updating_prior,0.3662682606634196,1.2498793159449744,0.7904690144217538
2025/26,283,updating_prior,0.16422184080529623,0.6838038855131764,0.3712965751663314
2025/26,260,updating_prior,0.03554517121235077,0.27906111984760174,0.08928876076459476
2025/26,303,updating_prior,0.19262216047337552,0.7996392011394469,0.4548510516046815
2025/26,302,updating_prior,0.23766165668692535,1.717467190411543,1.14851031184219
2025/26,301,updating_prior,0.1667836029476004,0.6969964269276254,0.3803049955913665
2025/26,300,updating_prior,0.3309092521731213,1.1859454249498607,0.7352336423949659
2025/26,299,updating_prior,0.025064389548024,0.22663394861749445,0.061768459357266936
2025/26,298,updating_prior,0.15465872251663132,1.416088881874481,0.8828794422601397
2025/26,297,updating_prior,0.6958782684419722,2.3406054908053564,1.4129049818706028
2025/26,296,updating_prior,0.34880702690003484,1.2715233341768932,0.7849771158730328
2025/26,295,updating_prior,0.5233708582498294,1.6940155713979685,1.0864827211988564
2025/26,294,updating_prior,0.058249393749836786,0.37657419133067893,0.14872009243199524
2025/26,293,updating_prior,0.06634785918197228,0.40972134547085076,0.17105195360814562
2025/26,292,updating_prior,0.16883392925824717,0.7015768087037648,0.3840282017334089
2025/26,291,updating_prior,0.06996711602682969,0.40047494751158497,0.1635977790629934
2025/26,290,updating_prior,0.1420223219851859,0.6456801206671355,0.33943977000812803
2025/26,289,updating_prior,0.03640799389501755,0.29038369593823365,0.09702304982809315
2025/26,288,updating_prior,0.17498426582588233,1.4167834127328145,0.9237857459001857
2025/26,287,updating_prior,0.4042888279504431,1.4286152307749826,0.8871608925138199
2025/26,286,updating_prior,0.11017477542731972,0.5537896024695058,0.2716149881530229
2025/26,285,updating_prior,0.4311522580210431,1.5195012175639553,0.9402121255725642
2025/26,284,updating_prior,0.33611029537405723,1.1818198755724783,0.7375404259274351
2025/26,282,updating_prior,0.3630180671538046,2.52022723468655,1.5716242899477182
2025/26,259,updating_prior,0.14194691779076588,0.6552823351164602,0.3468372145350315
2025/26,236,updating_prior,0.17435492636303074,1.4943316262366038,0.9502674825772348
2025/26,257,updating_prior,0.19000507992088522,0.7941314666339866,0.4506357739632696
2025/26,231,updating_prior,0.07421613855865816,0.434206604450484,0.18688965326926518
2025/26,230,updating_prior,0.2094347578648876,1.6513439546279438,1.0720697264000343
2025/26,229,updating_prior,0.1044038230915526,0.5337874101150948,0.2569388001246091
2025/26,228,updating_prior,0.15726097258030297,1.5474351979941463,0.9342167327068284
2025/26,227,updating_prior,0.13165630396865116,1.2779936104072636,0.7837367552490389
2025/26,226,updating_prior,0.09065829373546092,0.5135421485605823,0.24900226888547622
2025/26,225,updating_prior,0.349606250095555,1.2674769777468233,0.7836839683955739
2025/26,224,updating_prior,0.17390256915867605,1.4105705525713494,0.919335050559027
2025/26,223,updating_prior,0.3332558507332985,1.187159497323528,0.7374909757993824
2025/26,232,updating_prior,0.40848770670590084,1.353888953576469,0.8677260817836792
2025/26,222,updating_prior,0.15432597165021184,1.523286810133277,0.9201850104705764
2025/26,220,updating_prior,0.13976510616209425,1.3084414310625008,0.8120785309196936
2025/26,219,updating_prior,0.18676811359090853,0.7755283854779372,0.4372559438908405
2025/26,218,updating_prior,0.03291280843380191,0.2700308583422122,0.08473788729674715
2025/26,217,updating_prior,0.05121474641459842,0.34382926192475927,0.12727274854894546
2025/26,216,updating_prior,0.19719572206851552,0.8368488001313912,0.482463281432454
2025/26,215,updating_prior,0.04701368084235955,0.32685987748176953,0.11688430145150866
2025/26,214,updating_prior,0.12535603088323174,0.590627042136795,0.2984422021046622
2025/26,213,updating_prior,0.1589286692358133,0.7180718130828209,0.3945538979300229
2025/26,305,updating_prior,0.3962623982342302,1.3857459284482772,0.8654461026721931
2025/26,221,updating_prior,0.1301387578030374,0.588850239604951,0.2985341013149661
2025/26,258,updating_prior,0.05622638560749178,0.35709326042033157,0.135265202256658
2025/26,233,updating_prior,0.4016386474703716,1.4307425052712517,0.8857647250372674
2025/26,235,updating_prior,0.13126354374678215,0.6025029386719415,0.3076060947773737
2025/26,256,updating_prior,0.115267902536582,0.5701216566571021,0.28358232214405554
2025/26,255,updating_prior,0.523960515096381,1.6808598957630398,1.0850776153280899
2025/26,254,updating_prior,0.2675641122396555,1.0330873875301065,0.623510422271971
2025/26,253,updating_prior,0.14807915973248903,1.4016537562056772,0.8643886048938101
2025/26,252,updating_prior,0.12806618794832753,1.2143704666925508,0.7504863986493796
2025/26,251,updating_prior,0.13343067589650073,1.1707046867444315,0.7427567103494047
2025/26,250,updating_prior,0.1514431353720223,0.6895280296753309,0.37274907697327103
2025/26,249,updating_prior,0.2763342456059441,0.992066814315153,0.6070629000827463
2025/26,248,updating_prior,0.17248764472200565,1.398244354491784,0.9119386870875845
2025/26,234,updating_prior,0.27878415971386206,0.9812082617099677,0.6045586673543629
2025/26,247,updating_prior,0.21259434936379246,1.5789288536687598,1.0553137338240424
2025/26,245,updating_prior,0.09529288416587377,0.4842266570399441,0.2215015573737637
2025/26,244,updating_prior,0.08282256537509292,0.47186596412378135,0.2143849847912796
2025/26,243,updating_prior,0.11119899369755153,0.5344190975974156,0.25779336399392844
2025/26,242,updating_prior,0.19182985991517396,0.8164069828249795,0.4672206947445163
2025/26,241,updating_prior,0.1675034110414054,0.7501755840035942,0.419090760746787
2025/26,240,updating_prior,0.06717432818603014,0.4142832433634202,0.17445150632948467
2025/26,239,updating_prior,0.27571628760216615,1.070842915714192,0.648599331730057
2025/26,238,updating_prior,0.0384934040384163,0.2961651023808345,0.09952665804501729
2025/26,237,updating_prior,0.1289379628205407,1.2649611565208876,0.7730406156150406
2025/26,246,updating_prior,0.43363433164141835,1.387134342546108,0.906645756161649
2025/26,306,updating_prior,0.11290617846656104,0.5541753856729865,0.2715191230641297
