season,season_game,strategy,rps,log_loss,brier
2022/23,214,standalone_original,0.15675477898330953,0.6973658822413401,0.37818528592663864
2022/23,215,standalone_original,0.21852320850722726,0.8923568014329236,0.5227126885795738
2022/23,216,standalone_original,0.14029364925729218,1.2886834873534518,0.805294241876997
2022/23,217,standalone_original,0.1536580822965995,1.4132075144830054,0.8798180681316338
2022/23,218,standalone_original,0.44028637556765826,1.4971774203189392,0.9425527762504815
2022/23,219,standalone_original,0.15840743805569166,0.7316162708305757,0.4072467830607045
2022/23,220,standalone_original,0.15054214399214938,1.3067150418196252,0.8329513114241955
2022/23,221,standalone_original,0.2558132689086052,0.9807317433658033,0.5883804611146959
2022/23,222,standalone_original,0.3296389450638347,1.1743110703030493,0.7292593985970353
2022/23,223,standalone_original,0.43004542741337903,1.4633976644660587,0.9223386423729367
2022/23,224,standalone_original,0.1718927043173574,1.3563366297073038,0.8949390932313303
2022/23,225,standalone_original,0.24276251918259859,1.003936810836052,0.6035398996840373
2022/23,226,standalone_original,0.13301952505985148,1.1719763152714484,0.7424783641527174
2022/23,227,standalone_original,0.2523865290976887,0.9700461218452158,0.5807622683334399
2022/23,228,standalone_original,0.658160052499328,2.266633562733471,1.3487820768240406
2022/23,229,standalone_original,0.1658527736044081,1.3339429239536482,0.8742313356520084
2022/23,230,standalone_original,0.3900770631271159,1.4088623773569653,0.869038647122776
2022/23,231,standalone_original,0.04140283682933431,0.3084978102772168,0.10663177705097604
2022/23,232,standalone_original,0.2101823537069116,1.5056264042688035,1.025838142204357
2022/23,233,standalone_original,0.14543701776794182,1.3011394195601735,0.8205356652795932
2022/23,234,standalone_original,0.27650948539803943,1.025882536153907,0.6234528053461276
2022/23,235,standalone_original,0.271155525854542,1.068226210568154,0.6463216422026878
2022/23,236,standalone_original,0.033818560969230325,0.2734499274159026,0.08648430610233594
2022/23,237,standalone_original,0.11396414968705533,0.5720388697991592,0.2856656087066918
2022/23,238,standalone_original,0.14640889160815257,0.6749478214266907,0.36196848398048376
2022/23,239,standalone_original,0.16301860520485217,1.3547944919546142,0.8766007501568318
2022/23,240,standalone_original,0.10907128213600381,0.5598710759322515,0.27738408454265484
2022/23,241,standalone_original,0.38976069948245995,1.3074885295317604,0.8334194203166043
2022/23,242,standalone_original,0.26459813616094646,1.0312088024153119,0.6216189639133697
2022/23,243,standalone_original,0.15319109653438504,0.6857624362349799,0.36948009904978807
2022/23,244,standalone_original,0.26144947339581204,1.0184978351482248,0.6129654385045613
2022/23,245,standalone_original,0.35302142706257217,2.351477200552505,1.5246545261075295
2022/23,246,standalone_original,0.14134273432098832,1.2589029459263863,0.7953910441622323
2022/23,247,standalone_original,0.016085266442107376,0.18405064460325127,0.043315552762571076
2022/23,248,standalone_original,0.14047258501377013,1.383705586477407,0.8424735418182776
2022/23,249,standalone_original,0.13232683445402924,1.2441175700574194,0.7713198732542716
2022/23,250,standalone_original,0.20487503553663222,0.8176540272147994,0.47017755566006336
2022/23,251,standalone_original,0.12926139162634745,1.213178700199613,0.7523790743437869
2022/23,252,standalone_original,0.135378157233428,1.3060253559467556,0.8023509562330653
2022/23,253,standalone_original,0.14188327077999377,1.3736015963409578,0.8414866170280435
2022/23,254,standalone_original,0.2437467191400762,0.9554681133328832,0.5690012113725024
2022/23,255,standalone_original,0.26631829985321426,1.01352973809005,0.611594609723462
2022/23,256,standalone_original,0.20954677362827331,0.8854695870603642,0.5186472691305757
2022/23,257,standalone_original,0.48823569796863997,1.6111220924620353,1.0251973017167686
2022/23,258,standalone_original,0.11417539527049174,0.5641405730602645,0.27901821949848593
2022/23,259,standalone_original,0.12954238416424582,0.6274021987621974,0.3273675007615966
2022/23,260,standalone_original,0.2906358598253207,1.1010935847639638,0.6707228273256104
2022/23,261,standalone_original,0.4991368806133982,1.7495988927904083,1.0681014820533277
2022/23,262,standalone_original,0.15893911355203347,1.5704235074365294,0.9452101946946281
2022/23,263,standalone_original,0.45714751402309006,1.602630996492667,0.9887265735893951
2022/23,264,standalone_original,0.03527422731049182,0.2877517581216147,0.09630384294708684
2022/23,265,standalone_original,0.11436582735639922,1.1049615778949207,0.6759935168003374
2022/23,266,standalone_original,0.17101783565907402,1.4584666717573116,0.9309497239499875
2022/23,267,standalone_original,0.19949909867228038,0.8223866038857588,0.4716695827463424
2022/23,268,standalone_original,0.1535097480233883,0.6981803326935428,0.3794082615314525
2022/23,269,standalone_original,0.026878730880243354,0.2433724228613339,0.07112947608120102
2022/23,270,standalone_original,0.19308100078607054,0.8227859996826463,0.4720558789585437
2022/23,271,standalone_original,0.3660876694619576,1.3325576665642955,0.8222314746332663
2022/23,272,standalone_original,0.44323823891677083,1.5271448044148914,0.9539459003579733
2022/23,273,standalone_original,0.42599503619057655,1.4639916693931552,0.9184004606941709
2022/23,274,standalone_original,0.23324472105736357,0.9686302079401053,0.5785444526102408
2022/23,275,standalone_original,0.09955970885128565,0.5298613002793761,0.25589654980847903
2022/23,276,standalone_original,0.16779671782272046,0.7219346216672604,0.3967747042452773
2022/23,277,standalone_original,0.07160604405925536,0.4254092539119771,0.1809808282163951
2022/23,278,standalone_original,0.2151891697121659,0.886075492090891,0.5181503832847503
2022/23,279,standalone_original,0.1266886510611746,0.603391316085865,0.30797870512902886
2022/23,280,standalone_original,0.09707540064968222,0.5313554411761724,0.2599295334188063
2022/23,281,standalone_original,0.030169992171898044,0.2599569238894797,0.07988983463418176
2022/23,282,standalone_original,0.1179546665552675,0.5843751631771811,0.29466219952870926
2022/23,283,standalone_original,0.23504535948634037,0.9399879182549095,0.557176598851908
2022/23,284,standalone_original,0.038370382834336164,0.2942911380685373,0.09822086052256804
2022/23,285,standalone_original,0.08828878104814872,0.4907839313032798,0.22772276808053374
2022/23,286,standalone_original,0.19679798385195688,0.8486382454650464,0.49238252954733214
2022/23,287,standalone_original,0.14159640723776476,1.394394668011695,0.8487222277777482
2022/23,288,standalone_original,0.021635239059579696,0.21645802922928914,0.0579669976237475
2022/23,289,standalone_original,0.21668390824197314,0.8775118384163522,0.5121651487536899
2022/23,290,standalone_original,0.15571372823414628,1.4472548279980952,0.8963233866619466
2022/23,291,standalone_original,0.15591510059565888,0.7098956252500586,0.3886131269806668
2022/23,292,standalone_original,0.13689781745002638,1.2343201072123984,0.7764304572872351
2022/23,293,standalone_original,0.13595311812235542,1.2548166335954203,0.782948031979636
2022/23,294,standalone_original,0.44606557894597015,1.6115642841350624,0.9815176038755516
2022/23,295,standalone_original,0.10770938145516085,0.5417394228375291,0.26254426666327246
2022/23,296,standalone_original,0.20258332402481577,1.5586260277644888,1.0285953432556296
2022/23,297,standalone_original,0.3736177579453296,1.3607949795985652,0.8388378555024141
2022/23,298,standalone_original,0.3718761815680941,1.28442697782293,0.8079402316088294
2022/23,299,standalone_original,0.1769969963363049,1.388108406002923,0.9171738481591174
2022/23,300,standalone_original,0.013899370629566964,0.16754489569832662,0.03607948638105338
2022/23,301,standalone_original,0.28431647181625386,1.0834248746747666,0.6584387265752565
2022/23,302,standalone_original,0.0496972168103747,0.34769466473840205,0.13145026284415998
2022/23,303,standalone_original,0.4663524329921558,1.6388916324345901,1.0074891394963572
2022/23,304,standalone_original,0.3610549746680325,1.275820956239545,0.7954057674964092
2022/23,305,standalone_original,0.23313402808446004,1.6810304095985853,1.1285677389098296
2022/23,306,standalone_original,0.2061654352963441,0.8756088483455916,0.5116135443832697
2022/23,214,fixed_preseason,0.1880621617687816,0.7992955944819784,0.45437653712728476
2022/23,215,fixed_preseason,0.1786161235957346,0.7536167999949176,0.4206310694681684
2022/23,216,fixed_preseason,0.13120661580144177,1.2860793234836525,0.7860794435082723
2022/23,217,fixed_preseason,0.15839232318278768,1.425948423629102,0.8939584145275481
2022/23,218,fixed_preseason,0.5341919518932374,1.783488513201386,1.1161529685586733
2022/23,219,fixed_preseason,0.0935402966905121,0.5086858357694867,0.2404706630031263
2022/23,220,fixed_preseason,0.12700044473933805,1.2395148478677598,0.7587761161712885
2022/23,221,fixed_preseason,0.18219408170209406,0.7909973957846027,0.4487589911833725
2022/23,222,fixed_preseason,0.32540888448897864,1.1823304748444956,0.7298744405332583
2022/23,223,fixed_preseason,0.43289537109861437,1.4308704022413141,0.9165691607795574
2022/23,224,fixed_preseason,0.1262825698724173,1.2218871721142444,0.7500505518538367
2022/23,225,fixed_preseason,0.15153981429971702,0.6920530204688147,0.3748383630604169
2022/23,226,fixed_preseason,0.15170214117518407,1.3300809793319128,0.8444294863417368
2022/23,227,fixed_preseason,0.1806994280866082,0.7595384462469167,0.42509769868160263
2022/23,228,fixed_preseason,0.5018206873477042,1.7463042836165283,1.070248749699474
2022/23,229,fixed_preseason,0.14834360024523752,1.2733609683590235,0.8152465631936227
2022/23,230,fixed_preseason,0.20272932870216562,0.8417096252452344,0.4856906153470797
2022/23,231,fixed_preseason,0.11177404962772919,0.5633579232049732,0.27908644791367077
2022/23,232,fixed_preseason,0.1501791727915717,1.3121650112665786,0.8343736022303633
2022/23,233,fixed_preseason,0.14062751274322485,1.380978222014991,0.8417579406719327
2022/23,234,fixed_preseason,0.31404162636979993,1.148102585118661,0.7066904037349924
2022/23,235,fixed_preseason,0.31023360156654795,1.1463731544639248,0.7036677800284551
2022/23,236,fixed_preseason,0.16157098918656806,0.7228900266111006,0.39780787367314135
2022/23,237,fixed_preseason,0.09126607062343382,0.4905265253467478,0.22587353192741544
2022/23,238,fixed_preseason,0.11845151209640875,0.5842132201563257,0.2943281807143463
2022/23,239,fixed_preseason,0.13763062141708204,1.2688201250325513,0.7919876403011832
2022/23,240,fixed_preseason,0.11220172430773638,0.5749121164563563,0.28941980167261516
2022/23,241,fixed_preseason,0.22515679888626744,0.8737131169821478,0.512614003127978
2022/23,242,fixed_preseason,0.17944835762730932,0.7674464465877368,0.43062744190630914
2022/23,243,fixed_preseason,0.2207497785887644,0.8875668232690892,0.5196500585113525
2022/23,244,fixed_preseason,0.18226871545088286,0.7876853546672857,0.4460414887247562
2022/23,245,fixed_preseason,0.28165463230324644,1.888117251756178,1.2835050429153623
2022/23,246,fixed_preseason,0.12639099937328513,1.2410879564309911,0.7582041010371448
2022/23,247,fixed_preseason,0.07940222181121916,0.4654327559734744,0.21151730949890196
2022/23,248,fixed_preseason,0.12830670880677914,1.2325212343282848,0.758505514217278
2022/23,249,fixed_preseason,0.13653906013308081,1.3431817189936908,0.8191786158476597
2022/23,250,fixed_preseason,0.26855204198396765,1.0211316428092816,0.6168541849433284
2022/23,251,fixed_preseason,0.19657746561375153,1.4959454596688435,0.9952739944819298
2022/23,252,fixed_preseason,0.13707073052605634,1.3429457106678127,0.8201509044548706
2022/23,253,fixed_preseason,0.12524972939051726,1.2156396096887645,0.7453831521957055
2022/23,254,fixed_preseason,0.17777735970464412,0.755140303249269,0.4215690338022058
2022/23,255,fixed_preseason,0.26774092111880865,1.0318572299940458,0.6228214029751471
2022/23,256,fixed_preseason,0.3344067975038497,1.2049670506377237,0.7460578266977256
2022/23,257,fixed_preseason,0.5196675984347043,1.716528901392419,1.0855520145074427
2022/23,258,fixed_preseason,0.10710668790351083,0.5570257643400495,0.2760858078573344
2022/23,259,fixed_preseason,0.1832342703173431,0.7818119271391295,0.44134721310894837
2022/23,260,fixed_preseason,0.3119660010157174,1.1399301862976952,0.701503583605644
2022/23,261,fixed_preseason,0.2726702816500028,1.00478170463372,0.6103683434900044
2022/23,262,fixed_preseason,0.1839279826196678,1.4605378816905277,0.9575088784933342
2022/23,263,fixed_preseason,0.2610541955904105,0.9995707879903863,0.6014249089236418
2022/23,264,fixed_preseason,0.08429434820789293,0.4806685140615474,0.22155634423820547
2022/23,265,fixed_preseason,0.1291398399649022,1.2221373019180886,0.7558690589476339
2022/23,266,fixed_preseason,0.13447641731961169,1.3210127150823927,0.8064398992916055
2022/23,267,fixed_preseason,0.21994665387527987,0.8810651684167823,0.5151752016863557
2022/23,268,fixed_preseason,0.2033032845646114,0.8232463629669775,0.4730992678101369
2022/23,269,fixed_preseason,0.03118570597490028,0.2639037231215384,0.08179854293872982
2022/23,270,fixed_preseason,0.20593382003241492,0.8502009956391151,0.4919504532939749
2022/23,271,fixed_preseason,0.49978451754398523,1.6597595341870897,1.0495202920961182
2022/23,272,fixed_preseason,0.3675053736548549,1.3110412603373736,0.8143332339839185
2022/23,273,fixed_preseason,0.34732436448593795,1.2684190314643915,0.7826935468498175
2022/23,274,fixed_preseason,0.3400220268858257,1.23073072677681,0.7612489087982846
2022/23,275,fixed_preseason,0.16613572391911766,0.7388109273844113,0.40982514526034464
2022/23,276,fixed_preseason,0.10351050714090926,0.5277308734239436,0.2523449386644589
2022/23,277,fixed_preseason,0.06622463891450127,0.4015623255196296,0.16443319645970222
2022/23,278,fixed_preseason,0.2288440123429069,0.9179026057329804,0.5414017477085685
2022/23,279,fixed_preseason,0.13720440389577396,0.6471247207942813,0.3413491071447433
2022/23,280,fixed_preseason,0.18971401652620956,0.809095445679691,0.46178854223918847
2022/23,281,fixed_preseason,0.036035611793476446,0.28482437237281166,0.0930105627644082
2022/23,282,fixed_preseason,0.2790637614918785,1.0541840104918692,0.6398941410157771
2022/23,283,fixed_preseason,0.1810471941231031,0.7770702746049707,0.4378560045934019
2022/23,284,fixed_preseason,0.11872351219381944,0.5804319783976316,0.29111793787860024
2022/23,285,fixed_preseason,0.1685696615446608,0.7373483280254922,0.4081962209235991
2022/23,286,fixed_preseason,0.26292260825466923,1.0218446369818421,0.6153974494813621
2022/23,287,fixed_preseason,0.13246798942679505,1.2987247378654685,0.7936401069931015
2022/23,288,fixed_preseason,0.07899668281965733,0.46048197365383997,0.20697328016066793
2022/23,289,fixed_preseason,0.24181532534424033,0.9449400237250261,0.561871312935541
2022/23,290,fixed_preseason,0.13114167765091747,1.2449057178694205,0.769272843021922
2022/23,291,fixed_preseason,0.3179711643929712,1.1592557599252886,0.7144128399548142
2022/23,292,fixed_preseason,0.12981853839152185,1.2580214987045362,0.7719841093452372
2022/23,293,fixed_preseason,0.1352256749823215,1.2970283494885984,0.7984819392050143
2022/23,294,fixed_preseason,0.42572122936225787,1.4660877386425506,0.9187581639034667
2022/23,295,fixed_preseason,0.15367879475642168,0.7012232294725523,0.3819473592000985
2022/23,296,fixed_preseason,0.17217151553770108,1.4986148437460212,0.9473893275281535
2022/23,297,fixed_preseason,0.29307163392620283,1.1086726758387622,0.6758709126452628
2022/23,298,fixed_preseason,0.46277145862726804,1.528677345689843,0.9759211802338456
2022/23,299,fixed_preseason,0.14281885952625295,1.2809003133935246,0.8072292029602649
2022/23,300,fixed_preseason,0.08002448879666083,0.46413942906879674,0.20952717539070995
2022/23,301,fixed_preseason,0.1409334137302482,0.655478372912218,0.34722752183108574
2022/23,302,fixed_preseason,0.152292632841813,0.6818363845794861,0.3665231640984077
2022/23,303,fixed_preseason,0.4510372354338366,1.5628971361794073,0.9717423230688035
2022/23,304,fixed_preseason,0.2640956810131109,1.0178520005748009,0.6132942849221812
2022/23,305,fixed_preseason,0.16028863126249518,1.3145321546679052,0.8555232853018383
2022/23,306,fixed_preseason,0.06321307969178705,0.39031760720183056,0.1569990574456463
2022/23,214,updating_prior,0.11586915261882909,0.5743136606508645,0.2868681268842248
2022/23,215,updating_prior,0.148827558429856,0.6704648654137391,0.35799502464020977
2022/23,216,updating_prior,0.2508457041431798,1.7218164906198123,1.1761574721987995
2022/23,217,updating_prior,0.1674188366267867,1.4378079735689226,0.9163237136491714
2022/23,218,updating_prior,0.5648670504225014,1.942482149167556,1.1814728827683854
2022/23,219,updating_prior,0.2539486475412167,1.0098786126885497,0.6062774178045808
2022/23,220,updating_prior,0.1334721794894892,1.3103734281036095,0.8002542352290987
2022/23,221,updating_prior,0.2140857708637896,0.8829497949719463,0.5158830257917514
2022/23,222,updating_prior,0.21867130900399684,0.8674380034438286,0.5060972661653595
2022/23,223,updating_prior,0.48265330786752475,1.5545690037175055,1.0064599713690845
2022/23,224,updating_prior,0.1115931734459604,1.0996830317890018,0.6681065497345967
2022/23,225,updating_prior,0.16910311540046255,0.773607870491953,0.44024421699277383
2022/23,226,updating_prior,0.1387495922737023,1.301159800132539,0.8071688897123968
2022/23,227,updating_prior,0.16956396866053236,0.7250701582943198,0.39925423871697985
2022/23,228,updating_prior,0.5646744285190866,2.0083250762870652,1.1916181765498437
2022/23,229,updating_prior,0.1272140026991878,1.149662876869096,0.7212674051594732
2022/23,230,updating_prior,0.31125992437673283,1.1740557596699406,0.7185261299408512
2022/23,231,updating_prior,0.07983595385423477,0.4489338771371988,0.1964728825224353
2022/23,232,updating_prior,0.27020489440469575,1.8224576554238778,1.2432773381747888
2022/23,233,updating_prior,0.16880650201066974,1.3777935764958884,0.8969161769792838
2022/23,234,updating_prior,0.2760528213944941,1.0581266151242734,0.6410068976331373
2022/23,235,updating_prior,0.1803559089288413,0.792095583660031,0.450316255073831
2022/23,236,updating_prior,0.049504406536759075,0.3369459076720038,0.12302436806266127
2022/23,237,updating_prior,0.10830778377037165,0.561989536925167,0.2799481343505794
2022/23,238,updating_prior,0.14914150491955663,0.6733937535237385,0.3602165609382697
2022/23,239,updating_prior,0.14217906899479837,1.239046092045282,0.7889404916403754
2022/23,240,updating_prior,0.09784183748323737,0.5305856622908931,0.25819230438840324
2022/23,241,updating_prior,0.24244085232001125,0.9315121254955072,0.5541150359581622
2022/23,242,updating_prior,0.23634660586126255,0.9251409394083432,0.5478814905740255
2022/23,243,updating_prior,0.23938156204249988,0.9554492441375819,0.5681544306183819
2022/23,244,updating_prior,0.14831224807036808,0.6936167946204574,0.37776521185916834
2022/23,245,updating_prior,0.3070529002327756,2.0216912331996957,1.36678124385213
2022/23,246,updating_prior,0.1192246676850848,1.1469547310830168,0.7041157063409934
2022/23,247,updating_prior,0.02422998622164574,0.23073462337820516,0.0649897270599671
2022/23,248,updating_prior,0.1937745385200865,1.6255902760295482,1.0326865823898632
2022/23,249,updating_prior,0.12662194454835202,1.241090291534934,0.7586669511533122
2022/23,250,updating_prior,0.18367395222559996,0.7745863808173217,0.4360623743830259
2022/23,251,updating_prior,0.11758199165330072,1.136169837051609,0.6961420697503085
2022/23,252,updating_prior,0.14391865013490177,1.4199766215621228,0.8628263623813354
2022/23,253,updating_prior,0.1494224515093953,1.3231460440355454,0.8371661645229593
2022/23,254,updating_prior,0.1539133232126288,0.6908168329653297,0.37333763977501583
2022/23,255,updating_prior,0.2945616192946865,1.106816138246276,0.6754634142969815
2022/23,256,updating_prior,0.2584163833086844,1.0485736126007617,0.6334568496632781
2022/23,257,updating_prior,0.5231674558395016,1.736564164020164,1.093686795743729
2022/23,258,updating_prior,0.12782587481637364,0.6100193635918143,0.3130612129825114
2022/23,259,updating_prior,0.1148198375549854,0.5767704009070573,0.28943708473024937
2022/23,260,updating_prior,0.4509956183266368,1.5703061582050595,0.9737628103627304
2022/23,261,updating_prior,0.5303367432254307,1.7470601395475003,1.104853721443388
2022/23,262,updating_prior,0.15493987677696325,1.4359329174117017,0.8906863366679784
2022/23,263,updating_prior,0.38015714127449673,1.392834022355888,0.8561824795300781
2022/23,264,updating_prior,0.07453243787700664,0.45183085982320853,0.2035962285449577
2022/23,265,updating_prior,0.11884620574715896,1.1129600080207602,0.6884906396453937
2022/23,266,updating_prior,0.21895376088539423,1.6341143060482743,1.0857311007880144
2022/23,267,updating_prior,0.2969771297072571,1.0835012693186086,0.6648728021986021
2022/23,268,updating_prior,0.1660409231492143,0.7240457339153037,0.3981672824335472
2022/23,269,updating_prior,0.05733909921038385,0.38090258839563484,0.15348272184593786
2022/23,270,updating_prior,0.2695138810494938,1.02523912470439,0.6195883411808403
2022/23,271,updating_prior,0.3916598394719943,1.3754657989148877,0.8578744215437224
2022/23,272,updating_prior,0.5488501828945047,1.7829322300214336,1.1356851065253333
2022/23,273,updating_prior,0.3708395436144509,1.342525131602757,0.8294642837472582
2022/23,274,updating_prior,0.2634596735090641,1.0716862348654395,0.6495070960650183
2022/23,275,updating_prior,0.11068003590076064,0.5684909224900536,0.2843843151036628
2022/23,276,updating_prior,0.24116121972407725,0.9218379393880446,0.5480072161439226
2022/23,277,updating_prior,0.031603887340846216,0.2558364653317889,0.07644144726489387
2022/23,278,updating_prior,0.21062412631137642,0.8876914743678418,0.5201345540939694
2022/23,279,updating_prior,0.14949540735108352,0.6958011549263153,0.37908250376668184
2022/23,280,updating_prior,0.0855536628719178,0.49531756891149514,0.2358927170045247
2022/23,281,updating_prior,0.06598005988007201,0.41243342921427334,0.17388932412075064
2022/23,282,updating_prior,0.16394404692646639,0.7303677339463345,0.4033925079576042
2022/23,283,updating_prior,0.38750730024918456,1.3671659914416439,0.8514195798847597
2022/23,284,updating_prior,0.055172221211781496,0.3590236752297675,0.13675549389600408
2022/23,285,updating_prior,0.20800190170596272,0.852494029445218,0.4937394507317714
2022/23,286,updating_prior,0.28681173719758635,1.1007262669471882,0.6692679922972041
2022/23,287,updating_prior,0.1493960795894685,1.3714751052603593,0.8557074879523344
2022/23,288,updating_prior,0.051257296979176505,0.3613971302131383,0.14279747013375332
2022/23,289,updating_prior,0.26648327769491825,1.023787496497678,0.6176102748106909
2022/23,290,updating_prior,0.13688338399867075,1.3301432428813142,0.8148161943863701
2022/23,291,updating_prior,0.13566260885023543,0.6627143443631256,0.35741087919268627
2022/23,292,updating_prior,0.1269198893494292,1.1993086526208896,0.7418782265113176
2022/23,293,updating_prior,0.16884271801379205,1.3794943538514717,0.8976296533342971
2022/23,294,updating_prior,0.3753076560880093,1.4370970640637868,0.8736880240486025
2022/23,295,updating_prior,0.0616408387409776,0.37917761449781284,0.14941209738939376
2022/23,296,updating_prior,0.14911437135665423,1.398080019083626,0.8651310021321271
2022/23,297,updating_prior,0.27886798206275154,1.0940361571948114,0.6637112804485308
2022/23,298,updating_prior,0.4098265808258442,1.40677283772685,0.8849546856002851
2022/23,299,updating_prior,0.12002576786210636,1.1301331743029235,0.6983937514580257
2022/23,300,updating_prior,0.044701422547522046,0.32587952040018014,0.11772603513515995
2022/23,301,updating_prior,0.24237663699364298,0.9752969236592014,0.5820437056514239
2022/23,302,updating_prior,0.07022190842242694,0.4218444041989472,0.17880369236592403
2022/23,303,updating_prior,0.4270328410053643,1.5310162060173462,0.9404332755076252
2022/23,304,updating_prior,0.2852318695736037,1.065418699076071,0.6488969346125191
2022/23,305,updating_prior,0.3222253152621426,2.2161888436203885,1.438289175129267
2022/23,306,updating_prior,0.17119675452529143,0.7650372585552726,0.4305853140533912
2022/23,214,current_only,0.18052790757471943,0.7520528800905649,0.42004785980969367
2022/23,215,current_only,0.24500177153554922,0.9455969514481722,0.5634196386412637
2022/23,216,current_only,0.16781897487029382,1.3416794693056833,0.8811586390298536
2022/23,217,current_only,0.14737332402071157,1.3469105553793004,0.8422838866942628
2022/23,218,current_only,0.5711035485112881,1.9084654582676042,1.1846721148950317
2022/23,219,current_only,0.19356131055585585,0.8063694293400566,0.45969186406958273
2022/23,220,current_only,0.13206993423362773,1.2947500335008195,0.7912647465638077
2022/23,221,current_only,0.32937897908919594,1.184110215272735,0.7333376349296108
2022/23,222,current_only,0.31359344692109226,1.1396237279092145,0.7023849579627965
2022/23,223,current_only,0.46484405677723706,1.578539163992752,0.9903437667249021
2022/23,224,current_only,0.12316451413584883,1.1883372101932537,0.7297328206784298
2022/23,225,current_only,0.2099620787717106,0.9155316986509692,0.5453527723171453
2022/23,226,current_only,0.13131421968536378,1.223868761781657,0.760937087517
2022/23,227,current_only,0.21901225509817318,0.8832965315378403,0.5164672456031842
2022/23,228,current_only,0.5940383063100343,2.025654897901177,1.23172943337147
2022/23,229,current_only,0.14892736750903812,1.3075702731254637,0.8300593559311338
2022/23,230,current_only,0.452246174665469,1.5379912436077792,0.9662730321401656
2022/23,231,current_only,0.07575401518186,0.44031806401572904,0.19117213647356912
2022/23,232,current_only,0.24179398388499132,1.6662138740691879,1.1413719942356393
2022/23,233,current_only,0.12785047668444638,1.2309264683780106,0.7569339388388293
2022/23,234,current_only,0.24787567962137616,0.9499718720931251,0.5672021615885132
2022/23,235,current_only,0.21772587362902251,0.9036932300297065,0.5311972295156956
2022/23,236,current_only,0.06321920911455879,0.39544047654545217,0.1610516806759738
2022/23,237,current_only,0.18721086424873085,0.7830621713224741,0.44249086561450485
2022/23,238,current_only,0.1355388939733713,0.6387077730636072,0.33474448291212056
2022/23,239,current_only,0.16984552522174126,1.3280777455103772,0.8799364206519076
2022/23,240,current_only,0.10997244535769944,0.572077092584183,0.2885857314086052
2022/23,241,current_only,0.370572211886759,1.29563520003274,0.8108584994162549
2022/23,242,current_only,0.1613839883075899,0.6952856569022022,0.3771977492349742
2022/23,243,current_only,0.2735146130891595,1.0584759127617172,0.6405068838401227
2022/23,244,current_only,0.18294859597990637,0.7961564031184785,0.4528345742602664
2022/23,245,current_only,0.26416240104248595,1.8095034718535474,1.227663256763605
2022/23,246,current_only,0.121487818022385,1.1943469265823659,0.7289216666300554
2022/23,247,current_only,0.031090498574096535,0.26617329650557386,0.08370128126714808
2022/23,248,current_only,0.14812516615683397,1.4522696818797294,0.8829473642140205
2022/23,249,current_only,0.13353323347202628,1.2909086762644355,0.7926613585994177
2022/23,250,current_only,0.2958774141026543,1.0826353663759718,0.6637453040788814
2022/23,251,current_only,0.1425180213749763,1.2759313198672126,0.8046307065932597
2022/23,252,current_only,0.12611085221420426,1.2253763003057911,0.7511560107407671
2022/23,253,current_only,0.14231921192589936,1.300290741297528,0.8139636892186672
2022/23,254,current_only,0.241639297966952,0.9627623390850079,0.5733495485882102
2022/23,255,current_only,0.25110925217990443,0.9647650529192586,0.5771574288553275
2022/23,256,current_only,0.2540975259674652,1.025604308972915,0.6173152021686701
2022/23,257,current_only,0.41508975179349333,1.4400536281033944,0.9005150995403483
2022/23,258,current_only,0.11478031971480314,0.5704337120329227,0.28397861926007417
2022/23,259,current_only,0.17011542372791766,0.7447492059133133,0.4138198314590038
2022/23,260,current_only,0.28827549365113747,1.1160930803480353,0.6788099788138936
2022/23,261,current_only,0.4336734067853012,1.4849900238072402,0.9322665316294638
2022/23,262,current_only,0.1620301758686143,1.5296064479822908,0.9377431627076733
2022/23,263,current_only,0.37559526067524657,1.3801917161292212,0.8481934247566807
2022/23,264,current_only,0.03637492911375777,0.2913522087442727,0.09789578775142871
2022/23,265,current_only,0.12000469678249985,1.0978062555871462,0.6840955289162832
2022/23,266,current_only,0.16742210543966218,1.39083840405568,0.8990456459483285
2022/23,267,current_only,0.24243558412833044,0.9260406170005441,0.5510147118149091
2022/23,268,current_only,0.23980692206888504,0.959438232500385,0.570912634663534
2022/23,269,current_only,0.06498571817996977,0.4132511033130086,0.1759650282039194
2022/23,270,current_only,0.21688398551295784,0.8847792894041584,0.5172403041248864
2022/23,271,current_only,0.31134129480609035,1.1377457426748732,0.7000717170660318
2022/23,272,current_only,0.3434379135899534,1.2467397873552082,0.7705799368092722
2022/23,273,current_only,0.29891147982595967,1.1478543530623708,0.7000222497082605
2022/23,274,current_only,0.22046987939451174,0.935050838286088,0.5559786282001009
2022/23,275,current_only,0.10315554840247029,0.5223853441145586,0.2483514609817717
2022/23,276,current_only,0.24596879767637414,0.9325924167718527,0.5565250955469339
2022/23,277,current_only,0.05764644082818888,0.3667510258158547,0.14153380750499678
2022/23,278,current_only,0.13187223418677224,0.6481840226635871,0.345950016365943
2022/23,279,current_only,0.20504558807980558,0.8391100915142403,0.48406129167884504
2022/23,280,current_only,0.07151271804243728,0.43859650392654054,0.1935758473991959
2022/23,281,current_only,0.07723260593123935,0.4567905300535418,0.20520051788694238
2022/23,282,current_only,0.26662636558346436,1.0172013301675396,0.6138207754377489
2022/23,283,current_only,0.2376104213161136,0.9332689634187781,0.5533302717981485
2022/23,284,current_only,0.09085160771244274,0.4918455467543618,0.2271121485161318
2022/23,285,current_only,0.23344510768145468,0.9282930810566928,0.5491134319125667
2022/23,286,current_only,0.2399414487705256,0.9684781166275086,0.5772386717406105
2022/23,287,current_only,0.12365470532972535,1.2147444656016924,0.7418195604248861
2022/23,288,current_only,0.028118542531423294,0.24865559579962176,0.07366150214064454
2022/23,289,current_only,0.21692832674217352,0.8768479359564554,0.5117526492430936
2022/23,290,current_only,0.1725146659907204,1.518918571973378,0.9550707213152834
2022/23,291,current_only,0.1623239591420726,0.7295258734057322,0.403180085150312
2022/23,292,current_only,0.12039405612252518,1.183735811021353,0.7222396024400406
2022/23,293,current_only,0.16142951551379725,1.373350792728455,0.8804842514747884
2022/23,294,current_only,0.43461426995807595,1.5532429448686966,0.9538239546219633
2022/23,295,current_only,0.16016557982473856,0.703247848035344,0.3825931132105621
2022/23,296,current_only,0.22033933003718068,1.5892721289766603,1.0741767026464089
2022/23,297,current_only,0.2963997305221581,1.1259266313461587,0.6867180322224425
2022/23,298,current_only,0.39452226674710716,1.3795868471238422,0.8617878201979754
2022/23,299,current_only,0.13549890065152337,1.2634371128522142,0.7855447088858792
2022/23,300,current_only,0.033377885378597774,0.2777864652421606,0.09031623723792839
2022/23,301,current_only,0.3115922607030528,1.1728330254392552,0.717996825389032
2022/23,302,current_only,0.1257614338138704,0.6171413368437896,0.32011428575749756
2022/23,303,current_only,0.4184084191433737,1.4840609809842036,0.9177939387994156
2022/23,304,current_only,0.32630403882365827,1.1690805015306034,0.7245120757113372
2022/23,305,current_only,0.1608095105846916,1.4097384355104738,0.8928418521936063
2022/23,306,current_only,0.10441429182856939,0.5393603060543536,0.2615849200544881
2022/23,214,midseason_reset,0.18052790757471943,0.7520528800905649,0.42004785980969367
2022/23,215,midseason_reset,0.24500177153554922,0.9455969514481722,0.5634196386412637
2022/23,216,midseason_reset,0.16781897487029382,1.3416794693056833,0.8811586390298536
2022/23,217,midseason_reset,0.14737332402071157,1.3469105553793004,0.8422838866942628
2022/23,218,midseason_reset,0.5711035485112881,1.9084654582676042,1.1846721148950317
2022/23,219,midseason_reset,0.19356131055585585,0.8063694293400566,0.45969186406958273
2022/23,220,midseason_reset,0.13206993423362773,1.2947500335008195,0.7912647465638077
2022/23,221,midseason_reset,0.32937897908919594,1.184110215272735,0.7333376349296108
2022/23,222,midseason_reset,0.31359344692109226,1.1396237279092145,0.7023849579627965
2022/23,223,midseason_reset,0.46484405677723706,1.578539163992752,0.9903437667249021
2022/23,224,midseason_reset,0.12316451413584883,1.1883372101932537,0.7297328206784298
2022/23,225,midseason_reset,0.2099620787717106,0.9155316986509692,0.5453527723171453
2022/23,226,midseason_reset,0.13131421968536378,1.223868761781657,0.760937087517
2022/23,227,midseason_reset,0.21901225509817318,0.8832965315378403,0.5164672456031842
2022/23,228,midseason_reset,0.5940383063100343,2.025654897901177,1.23172943337147
2022/23,229,midseason_reset,0.14892736750903812,1.3075702731254637,0.8300593559311338
2022/23,230,midseason_reset,0.452246174665469,1.5379912436077792,0.9662730321401656
2022/23,231,midseason_reset,0.07575401518186,0.44031806401572904,0.19117213647356912
2022/23,232,midseason_reset,0.24179398388499132,1.6662138740691879,1.1413719942356393
2022/23,233,midseason_reset,0.12785047668444638,1.2309264683780106,0.7569339388388293
2022/23,234,midseason_reset,0.24787567962137616,0.9499718720931251,0.5672021615885132
2022/23,235,midseason_reset,0.21772587362902251,0.9036932300297065,0.5311972295156956
2022/23,236,midseason_reset,0.06321920911455879,0.39544047654545217,0.1610516806759738
2022/23,237,midseason_reset,0.18721086424873085,0.7830621713224741,0.44249086561450485
2022/23,238,midseason_reset,0.1355388939733713,0.6387077730636072,0.33474448291212056
2022/23,239,midseason_reset,0.16984552522174126,1.3280777455103772,0.8799364206519076
2022/23,240,midseason_reset,0.10997244535769944,0.572077092584183,0.2885857314086052
2022/23,241,midseason_reset,0.370572211886759,1.29563520003274,0.8108584994162549
2022/23,242,midseason_reset,0.1613839883075899,0.6952856569022022,0.3771977492349742
2022/23,243,midseason_reset,0.2735146130891595,1.0584759127617172,0.6405068838401227
2022/23,244,midseason_reset,0.18294859597990637,0.7961564031184785,0.4528345742602664
2022/23,245,midseason_reset,0.26416240104248595,1.8095034718535474,1.227663256763605
2022/23,246,midseason_reset,0.121487818022385,1.1943469265823659,0.7289216666300554
2022/23,247,midseason_reset,0.031090498574096535,0.26617329650557386,0.08370128126714808
2022/23,248,midseason_reset,0.14812516615683397,1.4522696818797294,0.8829473642140205
2022/23,249,midseason_reset,0.13353323347202628,1.2909086762644355,0.7926613585994177
2022/23,250,midseason_reset,0.2958774141026543,1.0826353663759718,0.6637453040788814
2022/23,251,midseason_reset,0.1425180213749763,1.2759313198672126,0.8046307065932597
2022/23,252,midseason_reset,0.12611085221420426,1.2253763003057911,0.7511560107407671
2022/23,253,midseason_reset,0.14231921192589936,1.300290741297528,0.8139636892186672
2022/23,254,midseason_reset,0.241639297966952,0.9627623390850079,0.5733495485882102
2022/23,255,midseason_reset,0.25110925217990443,0.9647650529192586,0.5771574288553275
2022/23,256,midseason_reset,0.2540975259674652,1.025604308972915,0.6173152021686701
2022/23,257,midseason_reset,0.41508975179349333,1.4400536281033944,0.9005150995403483
2022/23,258,midseason_reset,0.11478031971480314,0.5704337120329227,0.28397861926007417
2022/23,259,midseason_reset,0.17011542372791766,0.7447492059133133,0.4138198314590038
2022/23,260,midseason_reset,0.28827549365113747,1.1160930803480353,0.6788099788138936
2022/23,261,midseason_reset,0.4336734067853012,1.4849900238072402,0.9322665316294638
2022/23,262,midseason_reset,0.1620301758686143,1.5296064479822908,0.9377431627076733
2022/23,263,midseason_reset,0.37559526067524657,1.3801917161292212,0.8481934247566807
2022/23,264,midseason_reset,0.03637492911375777,0.2913522087442727,0.09789578775142871
2022/23,265,midseason_reset,0.12000469678249985,1.0978062555871462,0.6840955289162832
2022/23,266,midseason_reset,0.16742210543966218,1.39083840405568,0.8990456459483285
2022/23,267,midseason_reset,0.24243558412833044,0.9260406170005441,0.5510147118149091
2022/23,268,midseason_reset,0.23980692206888504,0.959438232500385,0.570912634663534
2022/23,269,midseason_reset,0.06498571817996977,0.4132511033130086,0.1759650282039194
2022/23,270,midseason_reset,0.21688398551295784,0.8847792894041584,0.5172403041248864
2022/23,271,midseason_reset,0.31134129480609035,1.1377457426748732,0.7000717170660318
2022/23,272,midseason_reset,0.3434379135899534,1.2467397873552082,0.7705799368092722
2022/23,273,midseason_reset,0.29891147982595967,1.1478543530623708,0.7000222497082605
2022/23,274,midseason_reset,0.22046987939451174,0.935050838286088,0.5559786282001009
2022/23,275,midseason_reset,0.10315554840247029,0.5223853441145586,0.2483514609817717
2022/23,276,midseason_reset,0.24596879767637414,0.9325924167718527,0.5565250955469339
2022/23,277,midseason_reset,0.05764644082818888,0.3667510258158547,0.14153380750499678
2022/23,278,midseason_reset,0.13187223418677224,0.6481840226635871,0.345950016365943
2022/23,279,midseason_reset,0.20504558807980558,0.8391100915142403,0.48406129167884504
2022/23,280,midseason_reset,0.07151271804243728,0.43859650392654054,0.1935758473991959
2022/23,281,midseason_reset,0.07723260593123935,0.4567905300535418,0.20520051788694238
2022/23,282,midseason_reset,0.26662636558346436,1.0172013301675396,0.6138207754377489
2022/23,283,midseason_reset,0.2376104213161136,0.9332689634187781,0.5533302717981485
2022/23,284,midseason_reset,0.09085160771244274,0.4918455467543618,0.2271121485161318
2022/23,285,midseason_reset,0.23344510768145468,0.9282930810566928,0.5491134319125667
2022/23,286,midseason_reset,0.2399414487705256,0.9684781166275086,0.5772386717406105
2022/23,287,midseason_reset,0.12365470532972535,1.2147444656016924,0.7418195604248861
2022/23,288,midseason_reset,0.028118542531423294,0.24865559579962176,0.07366150214064454
2022/23,289,midseason_reset,0.21692832674217352,0.8768479359564554,0.5117526492430936
2022/23,290,midseason_reset,0.1725146659907204,1.518918571973378,0.9550707213152834
2022/23,291,midseason_reset,0.1623239591420726,0.7295258734057322,0.403180085150312
2022/23,292,midseason_reset,0.12039405612252518,1.183735811021353,0.7222396024400406
2022/23,293,midseason_reset,0.16142951551379725,1.373350792728455,0.8804842514747884
2022/23,294,midseason_reset,0.43461426995807595,1.5532429448686966,0.9538239546219633
2022/23,295,midseason_reset,0.16016557982473856,0.703247848035344,0.3825931132105621
2022/23,296,midseason_reset,0.22033933003718068,1.5892721289766603,1.0741767026464089
2022/23,297,midseason_reset,0.2963997305221581,1.1259266313461587,0.6867180322224425
2022/23,298,midseason_reset,0.39452226674710716,1.3795868471238422,0.8617878201979754
2022/23,299,midseason_reset,0.13549890065152337,1.2634371128522142,0.7855447088858792
2022/23,300,midseason_reset,0.033377885378597774,0.2777864652421606,0.09031623723792839
2022/23,301,midseason_reset,0.3115922607030528,1.1728330254392552,0.717996825389032
2022/23,302,midseason_reset,0.1257614338138704,0.6171413368437896,0.32011428575749756
2022/23,303,midseason_reset,0.4184084191433737,1.4840609809842036,0.9177939387994156
2022/23,304,midseason_reset,0.32630403882365827,1.1690805015306034,0.7245120757113372
2022/23,305,midseason_reset,0.1608095105846916,1.4097384355104738,0.8928418521936063
2022/23,306,midseason_reset,0.10441429182856939,0.5393603060543536,0.2615849200544881
2022/23,214,soft_blend_h10,0.16615218524059217,0.713314427538531,0.3905015609094036
2022/23,215,soft_blend_h10,0.2234752030558166,0.8832692969924689,0.5176075255976855
2022/23,216,soft_blend_h10,0.18246370997072878,1.4080491149150967,0.9355262985565067
2022/23,217,soft_blend_h10,0.15082573437747435,1.3635098811490383,0.8555424028919298
2022/23,218,soft_blend_h10,0.5698993338391374,1.9148221916782542,1.1839504653128319
2022/23,219,soft_blend_h10,0.20437304508306978,0.8418800254410035,0.48590462321865285
2022/23,220,soft_blend_h10,0.13220557842713426,1.297691431632388,0.7927051030407489
2022/23,221,soft_blend_h10,0.30533708003882754,1.1196503231057928,0.6876601274834652
2022/23,222,soft_blend_h10,0.29424425850058944,1.0820434021652965,0.6624436256307968
2022/23,223,soft_blend_h10,0.4681030358647936,1.5739533311729565,0.9928771992680552
2022/23,224,soft_blend_h10,0.12081197732547538,1.1709257931786614,0.7176139216942649
2022/23,225,soft_blend_h10,0.20188146971797946,0.8870499460891619,0.5245746810442062
2022/23,226,soft_blend_h10,0.1326102992421412,1.237104545342403,0.7690035182821756
2022/23,227,soft_blend_h10,0.20981114613604698,0.853441591875984,0.4946501641640401
2022/23,228,soft_blend_h10,0.5887130840024457,2.022569455148384,1.2241300048755912
2022/23,229,soft_blend_h10,0.1449306275606613,1.2777794367100375,0.8101993074546161
2022/23,230,soft_blend_h10,0.4249145874636474,1.4632533416778204,0.9171134515375161
2022/23,231,soft_blend_h10,0.07646137964364451,0.4418357476243606,0.19207292709980495
2022/23,232,soft_blend_h10,0.2466644787005832,1.6921171197516383,1.1589739772446535
2022/23,233,soft_blend_h10,0.1329434768156479,1.2553689230703287,0.7771538584022097
2022/23,234,soft_blend_h10,0.2527367522344592,0.9682596873152564,0.5798705465581903
2022/23,235,soft_blend_h10,0.21130655346146437,0.8844072866476321,0.5173316785627409
2022/23,236,soft_blend_h10,0.06083759504069454,0.3855537446114261,0.15440746326897112
2022/23,237,soft_blend_h10,0.17257386197392208,0.7430647438993431,0.4124238563856809
2022/23,238,soft_blend_h10,0.1377284690974434,0.644346611809589,0.3388361239682108
2022/23,239,soft_blend_h10,0.16476740807479734,1.3128362005038643,0.8638141273897229
2022/23,240,soft_blend_h10,0.10792247217304476,0.5651139000550984,0.28345459061887723
2022/23,241,soft_blend_h10,0.3474623678813364,1.225689960337038,0.7645594036144202
2022/23,242,soft_blend_h10,0.17276436749886437,0.7297428980810394,0.4031519489124712
2022/23,243,soft_blend_h10,0.2677213675939782,1.0407349336802583,0.628240107060187
2022/23,244,soft_blend_h10,0.17736631615607662,0.7796754095652745,0.44076492856211286
2022/23,245,soft_blend_h10,0.27045650699470325,1.8393673706347604,1.248332061687666
2022/23,246,soft_blend_h10,0.12075089281995094,1.1869057649654375,0.724298777472952
2022/23,247,soft_blend_h10,0.02997906839937601,0.26063709517601596,0.08066761423394372
2022/23,248,soft_blend_h10,0.14889765864315296,1.4770638423556124,0.8933053252570897
2022/23,249,soft_blend_h10,0.13234691166759385,1.2830785262280717,0.7871587137076209
2022/23,250,soft_blend_h10,0.2767616912135801,1.0286021767520837,0.6250047372181451
2022/23,251,soft_blend_h10,0.13809030836688643,1.2531098456245973,0.7865262661340652
2022/23,252,soft_blend_h10,0.12868844417518352,1.2529673509409982,0.7676643862743224
2022/23,253,soft_blend_h10,0.1432790641382746,1.3035405288301176,0.8171704437243192
2022/23,254,soft_blend_h10,0.227820083784214,0.9188667514085489,0.5419447407969302
2022/23,255,soft_blend_h10,0.2571351580165591,0.983962418446067,0.5907966972954881
2022/23,256,soft_blend_h10,0.25471301926984763,1.0288701469999944,0.6196083173005259
2022/23,257,soft_blend_h10,0.4296587129883529,1.4775928714510211,0.9260741890350808
2022/23,258,soft_blend_h10,0.11660890998671918,0.5760222631011512,0.2880604176211975
2022/23,259,soft_blend_h10,0.16148961771130527,0.718824403576214,0.3945000120639453
2022/23,260,soft_blend_h10,0.3089534844772281,1.1699337338314628,0.7154574095275106
2022/23,261,soft_blend_h10,0.4468089888913567,1.5186533646637834,0.9553151348319278
2022/23,262,soft_blend_h10,0.16106311873001364,1.516536064382095,0.9313520624731962
2022/23,263,soft_blend_h10,0.3762044015478322,1.3818761838565994,0.8492593006982241
2022/23,264,soft_blend_h10,0.04070034677011541,0.31141531013404206,0.10983176691485333
2022/23,265,soft_blend_h10,0.1198176359517396,1.0998231569122423,0.6846177170350044
2022/23,266,soft_blend_h10,0.1735658053362872,1.4201956348196176,0.9222009532311006
2022/23,267,soft_blend_h10,0.24941244083560543,0.9457518911306542,0.565598486601967
2022/23,268,soft_blend_h10,0.22913881065140565,0.9244989792558541,0.5459626901048067
2022/23,269,soft_blend_h10,0.06393278839526025,0.40885613264326953,0.17286061638299363
2022/23,270,soft_blend_h10,0.22356198431429,0.9024910623629768,0.5302032104786834
2022/23,271,soft_blend_h10,0.3208384658853819,1.1645488359177716,0.7187088693707423
2022/23,272,soft_blend_h10,0.36583833706128344,1.3000124961603787,0.8086907720453238
2022/23,273,soft_blend_h10,0.3073842626208226,1.1702142837946556,0.7151061613140036
2022/23,274,soft_blend_h10,0.22562217859548656,0.9511436091706825,0.5672137185574073
2022/23,275,soft_blend_h10,0.10403671403279843,0.5280336236882811,0.25250525080337216
2022/23,276,soft_blend_h10,0.24536461693427616,0.9312417649824541,0.5554533881780818
2022/23,277,soft_blend_h10,0.053965309521433705,0.35219504976597044,0.13230451377771846
2022/23,278,soft_blend_h10,0.14065507339407465,0.675167908976416,0.3655165826532638
2022/23,279,soft_blend_h10,0.197529990909108,0.8200324467979359,0.469781986705905
2022/23,280,soft_blend_h10,0.07308337475933653,0.44504848464347824,0.19828652236423208
2022/23,281,soft_blend_h10,0.07587422614169546,0.4515146895926814,0.20141350300613536
2022/23,282,soft_blend_h10,0.25327185837087574,0.9791885694803625,0.5865127291619502
2022/23,283,soft_blend_h10,0.2530740331930439,0.975191462929062,0.5840577384935635
2022/23,284,soft_blend_h10,0.08623388049724853,0.47541451396686896,0.21539742164182923
2022/23,285,soft_blend_h10,0.2304000951497087,0.919150946653843,0.5424935389443124
2022/23,286,soft_blend_h10,0.24516626612141085,0.983031100400312,0.5874879424903462
2022/23,287,soft_blend_h10,0.12566715431715256,1.2318081089856885,0.7529317494479962
2022/23,288,soft_blend_h10,0.030450323730941538,0.261168372835021,0.08050471038791909
2022/23,289,soft_blend_h10,0.22206577702956126,0.8918301205868882,0.5227482403083932
2022/23,290,soft_blend_h10,0.16759445098167886,1.4965611328842725,0.9375219808454978
2022/23,291,soft_blend_h10,0.15926413607530862,0.7220352742433113,0.39786558674394723
2022/23,292,soft_blend_h10,0.12070033310487396,1.1854187177861737,0.7235667713041402
2022/23,293,soft_blend_h10,0.16219144914320843,1.3740175006092668,0.8822602359087047
2022/23,294,soft_blend_h10,0.4277688857931248,1.5399298643951007,0.9439715375225017
2022/23,295,soft_blend_h10,0.1472036561236881,0.662442049326206,0.3519886252443294
2022/23,296,soft_blend_h10,0.2099682781016959,1.5666037524398146,1.0460084400385279
2022/23,297,soft_blend_h10,0.2944441417134624,1.1224066226410419,0.6840835617700445
2022/23,298,soft_blend_h10,0.396054101244879,1.3823136149653807,0.8640776041011504
2022/23,299,soft_blend_h10,0.13388331179305665,1.2490628028304989,0.7764587577371722
2022/23,300,soft_blend_h10,0.03445021643845884,0.2825652696016418,0.09292448254805959
2022/23,301,soft_blend_h10,0.3041225489373211,1.1509011069375752,0.7033075518391754
2022/23,302,soft_blend_h10,0.11938950415583928,0.5954801409269177,0.3039030878774523
2022/23,303,soft_blend_h10,0.419279084045762,1.4887290999365448,0.9200746517692231
2022/23,304,soft_blend_h10,0.32198555608341706,1.1580517332815015,0.7165250898297282
2022/23,305,soft_blend_h10,0.17246116014938917,1.4675834731387258,0.9370806140186673
2022/23,306,soft_blend_h10,0.11044540973176423,0.5600854208137341,0.2768320006035399
2022/23,214,cosine_taper_k18,0.18052790757471943,0.7520528800905649,0.42004785980969367
2022/23,215,cosine_taper_k18,0.24500177153554922,0.9455969514481722,0.5634196386412637
2022/23,216,cosine_taper_k18,0.16781897487029382,1.3416794693056833,0.8811586390298536
2022/23,217,cosine_taper_k18,0.14737332402071157,1.3469105553793004,0.8422838866942628
2022/23,218,cosine_taper_k18,0.5711035485112881,1.9084654582676042,1.1846721148950317
2022/23,219,cosine_taper_k18,0.19356131055585585,0.8063694293400566,0.45969186406958273
2022/23,220,cosine_taper_k18,0.13206993423362773,1.2947500335008195,0.7912647465638077
2022/23,221,cosine_taper_k18,0.32937897908919594,1.184110215272735,0.7333376349296108
2022/23,222,cosine_taper_k18,0.31359344692109226,1.1396237279092145,0.7023849579627965
2022/23,223,cosine_taper_k18,0.46484405677723706,1.578539163992752,0.9903437667249021
2022/23,224,cosine_taper_k18,0.12316451413584883,1.1883372101932537,0.7297328206784298
2022/23,225,cosine_taper_k18,0.2099620787717106,0.9155316986509692,0.5453527723171453
2022/23,226,cosine_taper_k18,0.13131421968536378,1.223868761781657,0.760937087517
2022/23,227,cosine_taper_k18,0.21901225509817318,0.8832965315378403,0.5164672456031842
2022/23,228,cosine_taper_k18,0.5940383063100343,2.025654897901177,1.23172943337147
2022/23,229,cosine_taper_k18,0.14892736750903812,1.3075702731254637,0.8300593559311338
2022/23,230,cosine_taper_k18,0.452246174665469,1.5379912436077792,0.9662730321401656
2022/23,231,cosine_taper_k18,0.07575401518186,0.44031806401572904,0.19117213647356912
2022/23,232,cosine_taper_k18,0.24179398388499132,1.6662138740691879,1.1413719942356393
2022/23,233,cosine_taper_k18,0.12785047668444638,1.2309264683780106,0.7569339388388293
2022/23,234,cosine_taper_k18,0.24787567962137616,0.9499718720931251,0.5672021615885132
2022/23,235,cosine_taper_k18,0.21772587362902251,0.9036932300297065,0.5311972295156956
2022/23,236,cosine_taper_k18,0.06321920911455879,0.39544047654545217,0.1610516806759738
2022/23,237,cosine_taper_k18,0.18721086424873085,0.7830621713224741,0.44249086561450485
2022/23,238,cosine_taper_k18,0.1355388939733713,0.6387077730636072,0.33474448291212056
2022/23,239,cosine_taper_k18,0.16984552522174126,1.3280777455103772,0.8799364206519076
2022/23,240,cosine_taper_k18,0.10997244535769944,0.572077092584183,0.2885857314086052
2022/23,241,cosine_taper_k18,0.370572211886759,1.29563520003274,0.8108584994162549
2022/23,242,cosine_taper_k18,0.1613839883075899,0.6952856569022022,0.3771977492349742
2022/23,243,cosine_taper_k18,0.2735146130891595,1.0584759127617172,0.6405068838401227
2022/23,244,cosine_taper_k18,0.18294859597990637,0.7961564031184785,0.4528345742602664
2022/23,245,cosine_taper_k18,0.26416240104248595,1.8095034718535474,1.227663256763605
2022/23,246,cosine_taper_k18,0.121487818022385,1.1943469265823659,0.7289216666300554
2022/23,247,cosine_taper_k18,0.031090498574096535,0.26617329650557386,0.08370128126714808
2022/23,248,cosine_taper_k18,0.14812516615683397,1.4522696818797294,0.8829473642140205
2022/23,249,cosine_taper_k18,0.13353323347202628,1.2909086762644355,0.7926613585994177
2022/23,250,cosine_taper_k18,0.2958774141026543,1.0826353663759718,0.6637453040788814
2022/23,251,cosine_taper_k18,0.1425180213749763,1.2759313198672126,0.8046307065932597
2022/23,252,cosine_taper_k18,0.12611085221420426,1.2253763003057911,0.7511560107407671
2022/23,253,cosine_taper_k18,0.14231921192589936,1.300290741297528,0.8139636892186672
2022/23,254,cosine_taper_k18,0.241639297966952,0.9627623390850079,0.5733495485882102
2022/23,255,cosine_taper_k18,0.25110925217990443,0.9647650529192586,0.5771574288553275
2022/23,256,cosine_taper_k18,0.2540975259674652,1.025604308972915,0.6173152021686701
2022/23,257,cosine_taper_k18,0.41508975179349333,1.4400536281033944,0.9005150995403483
2022/23,258,cosine_taper_k18,0.11478031971480314,0.5704337120329227,0.28397861926007417
2022/23,259,cosine_taper_k18,0.17011542372791766,0.7447492059133133,0.4138198314590038
2022/23,260,cosine_taper_k18,0.28827549365113747,1.1160930803480353,0.6788099788138936
2022/23,261,cosine_taper_k18,0.4336734067853012,1.4849900238072402,0.9322665316294638
2022/23,262,cosine_taper_k18,0.1620301758686143,1.5296064479822908,0.9377431627076733
2022/23,263,cosine_taper_k18,0.37559526067524657,1.3801917161292212,0.8481934247566807
2022/23,264,cosine_taper_k18,0.03637492911375777,0.2913522087442727,0.09789578775142871
2022/23,265,cosine_taper_k18,0.12000469678249985,1.0978062555871462,0.6840955289162832
2022/23,266,cosine_taper_k18,0.16742210543966218,1.39083840405568,0.8990456459483285
2022/23,267,cosine_taper_k18,0.24243558412833044,0.9260406170005441,0.5510147118149091
2022/23,268,cosine_taper_k18,0.23980692206888504,0.959438232500385,0.570912634663534
2022/23,269,cosine_taper_k18,0.06498571817996977,0.4132511033130086,0.1759650282039194
2022/23,270,cosine_taper_k18,0.21688398551295784,0.8847792894041584,0.5172403041248864
2022/23,271,cosine_taper_k18,0.31134129480609035,1.1377457426748732,0.7000717170660318
2022/23,272,cosine_taper_k18,0.3434379135899534,1.2467397873552082,0.7705799368092722
2022/23,273,cosine_taper_k18,0.29891147982595967,1.1478543530623708,0.7000222497082605
2022/23,274,cosine_taper_k18,0.22046987939451174,0.935050838286088,0.5559786282001009
2022/23,275,cosine_taper_k18,0.10315554840247029,0.5223853441145586,0.2483514609817717
2022/23,276,cosine_taper_k18,0.24596879767637414,0.9325924167718527,0.5565250955469339
2022/23,277,cosine_taper_k18,0.05764644082818888,0.3667510258158547,0.14153380750499678
2022/23,278,cosine_taper_k18,0.13187223418677224,0.6481840226635871,0.345950016365943
2022/23,279,cosine_taper_k18,0.20504558807980558,0.8391100915142403,0.48406129167884504
2022/23,280,cosine_taper_k18,0.07151271804243728,0.43859650392654054,0.1935758473991959
2022/23,281,cosine_taper_k18,0.07723260593123935,0.4567905300535418,0.20520051788694238
2022/23,282,cosine_taper_k18,0.26662636558346436,1.0172013301675396,0.6138207754377489
2022/23,283,cosine_taper_k18,0.2376104213161136,0.9332689634187781,0.5533302717981485
2022/23,284,cosine_taper_k18,0.09085160771244274,0.4918455467543618,0.2271121485161318
2022/23,285,cosine_taper_k18,0.23344510768145468,0.9282930810566928,0.5491134319125667
2022/23,286,cosine_taper_k18,0.2399414487705256,0.9684781166275086,0.5772386717406105
2022/23,287,cosine_taper_k18,0.12365470532972535,1.2147444656016924,0.7418195604248861
2022/23,288,cosine_taper_k18,0.028118542531423294,0.24865559579962176,0.07366150214064454
2022/23,289,cosine_taper_k18,0.21692832674217352,0.8768479359564554,0.5117526492430936
2022/23,290,cosine_taper_k18,0.1725146659907204,1.518918571973378,0.9550707213152834
2022/23,291,cosine_taper_k18,0.1623239591420726,0.7295258734057322,0.403180085150312
2022/23,292,cosine_taper_k18,0.12039405612252518,1.183735811021353,0.7222396024400406
2022/23,293,cosine_taper_k18,0.16142951551379725,1.373350792728455,0.8804842514747884
2022/23,294,cosine_taper_k18,0.43461426995807595,1.5532429448686966,0.9538239546219633
2022/23,295,cosine_taper_k18,0.16016557982473856,0.703247848035344,0.3825931132105621
2022/23,296,cosine_taper_k18,0.22033933003718068,1.5892721289766603,1.0741767026464089
2022/23,297,cosine_taper_k18,0.2963997305221581,1.1259266313461587,0.6867180322224425
2022/23,298,cosine_taper_k18,0.39452226674710716,1.3795868471238422,0.8617878201979754
2022/23,299,cosine_taper_k18,0.13549890065152337,1.2634371128522142,0.7855447088858792
2022/23,300,cosine_taper_k18,0.033377885378597774,0.2777864652421606,0.09031623723792839
2022/23,301,cosine_taper_k18,0.3115922607030528,1.1728330254392552,0.717996825389032
2022/23,302,cosine_taper_k18,0.1257614338138704,0.6171413368437896,0.32011428575749756
2022/23,303,cosine_taper_k18,0.4184084191433737,1.4840609809842036,0.9177939387994156
2022/23,304,cosine_taper_k18,0.32630403882365827,1.1690805015306034,0.7245120757113372
2022/23,305,cosine_taper_k18,0.1608095105846916,1.4097384355104738,0.8928418521936063
2022/23,306,cosine_taper_k18,0.10441429182856939,0.5393603060543536,0.2615849200544881
2022/23,214,cosine_taper_k25,0.18021853319562126,0.7512211798956916,0.4194123116823131
2022/23,215,cosine_taper_k25,0.2445378157511025,0.9442431424613791,0.5624330638215107
2022/23,216,cosine_taper_k25,0.16811583124219018,1.343033090568489,0.8822748187347295
2022/23,217,cosine_taper_k25,0.14737332402071157,1.3469105553793004,0.8422838866942628
2022/23,218,cosine_taper_k25,0.5711035485112881,1.9084654582676042,1.1846721148950317
2022/23,219,cosine_taper_k25,0.19356131055585585,0.8063694293400566,0.45969186406958273
2022/23,220,cosine_taper_k25,0.13206993423362773,1.2947500335008195,0.7912647465638077
2022/23,221,cosine_taper_k25,0.32937897908919594,1.184110215272735,0.7333376349296108
2022/23,222,cosine_taper_k25,0.31359344692109226,1.1396237279092145,0.7023849579627965
2022/23,223,cosine_taper_k25,0.46484405677723706,1.578539163992752,0.9903437667249021
2022/23,224,cosine_taper_k25,0.12316451413584883,1.1883372101932537,0.7297328206784298
2022/23,225,cosine_taper_k25,0.2099620787717106,0.9155316986509692,0.5453527723171453
2022/23,226,cosine_taper_k25,0.13131421968536378,1.223868761781657,0.760937087517
2022/23,227,cosine_taper_k25,0.21901225509817318,0.8832965315378403,0.5164672456031842
2022/23,228,cosine_taper_k25,0.5940383063100343,2.025654897901177,1.23172943337147
2022/23,229,cosine_taper_k25,0.14892736750903812,1.3075702731254637,0.8300593559311338
2022/23,230,cosine_taper_k25,0.452246174665469,1.5379912436077792,0.9662730321401656
2022/23,231,cosine_taper_k25,0.07575401518186,0.44031806401572904,0.19117213647356912
2022/23,232,cosine_taper_k25,0.24179398388499132,1.6662138740691879,1.1413719942356393
2022/23,233,cosine_taper_k25,0.12785047668444638,1.2309264683780106,0.7569339388388293
2022/23,234,cosine_taper_k25,0.24787567962137616,0.9499718720931251,0.5672021615885132
2022/23,235,cosine_taper_k25,0.21772587362902251,0.9036932300297065,0.5311972295156956
2022/23,236,cosine_taper_k25,0.06321920911455879,0.39544047654545217,0.1610516806759738
2022/23,237,cosine_taper_k25,0.18721086424873085,0.7830621713224741,0.44249086561450485
2022/23,238,cosine_taper_k25,0.1355388939733713,0.6387077730636072,0.33474448291212056
2022/23,239,cosine_taper_k25,0.16984552522174126,1.3280777455103772,0.8799364206519076
2022/23,240,cosine_taper_k25,0.10997244535769944,0.572077092584183,0.2885857314086052
2022/23,241,cosine_taper_k25,0.370572211886759,1.29563520003274,0.8108584994162549
2022/23,242,cosine_taper_k25,0.1613839883075899,0.6952856569022022,0.3771977492349742
2022/23,243,cosine_taper_k25,0.2735146130891595,1.0584759127617172,0.6405068838401227
2022/23,244,cosine_taper_k25,0.18294859597990637,0.7961564031184785,0.4528345742602664
2022/23,245,cosine_taper_k25,0.26416240104248595,1.8095034718535474,1.227663256763605
2022/23,246,cosine_taper_k25,0.121487818022385,1.1943469265823659,0.7289216666300554
2022/23,247,cosine_taper_k25,0.031090498574096535,0.26617329650557386,0.08370128126714808
2022/23,248,cosine_taper_k25,0.14812516615683397,1.4522696818797294,0.8829473642140205
2022/23,249,cosine_taper_k25,0.13353323347202628,1.2909086762644355,0.7926613585994177
2022/23,250,cosine_taper_k25,0.2958774141026543,1.0826353663759718,0.6637453040788814
2022/23,251,cosine_taper_k25,0.1425180213749763,1.2759313198672126,0.8046307065932597
2022/23,252,cosine_taper_k25,0.12611085221420426,1.2253763003057911,0.7511560107407671
2022/23,253,cosine_taper_k25,0.14231921192589936,1.300290741297528,0.8139636892186672
2022/23,254,cosine_taper_k25,0.241639297966952,0.9627623390850079,0.5733495485882102
2022/23,255,cosine_taper_k25,0.25110925217990443,0.9647650529192586,0.5771574288553275
2022/23,256,cosine_taper_k25,0.2540975259674652,1.025604308972915,0.6173152021686701
2022/23,257,cosine_taper_k25,0.41508975179349333,1.4400536281033944,0.9005150995403483
2022/23,258,cosine_taper_k25,0.11478031971480314,0.5704337120329227,0.28397861926007417
2022/23,259,cosine_taper_k25,0.17011542372791766,0.7447492059133133,0.4138198314590038
2022/23,260,cosine_taper_k25,0.28827549365113747,1.1160930803480353,0.6788099788138936
2022/23,261,cosine_taper_k25,0.4336734067853012,1.4849900238072402,0.9322665316294638
2022/23,262,cosine_taper_k25,0.1620301758686143,1.5296064479822908,0.9377431627076733
2022/23,263,cosine_taper_k25,0.37559526067524657,1.3801917161292212,0.8481934247566807
2022/23,264,cosine_taper_k25,0.03637492911375777,0.2913522087442727,0.09789578775142871
2022/23,265,cosine_taper_k25,0.12000469678249985,1.0978062555871462,0.6840955289162832
2022/23,266,cosine_taper_k25,0.16742210543966218,1.39083840405568,0.8990456459483285
2022/23,267,cosine_taper_k25,0.24243558412833044,0.9260406170005441,0.5510147118149091
2022/23,268,cosine_taper_k25,0.23980692206888504,0.959438232500385,0.570912634663534
2022/23,269,cosine_taper_k25,0.06498571817996977,0.4132511033130086,0.1759650282039194
2022/23,270,cosine_taper_k25,0.21688398551295784,0.8847792894041584,0.5172403041248864
2022/23,271,cosine_taper_k25,0.31134129480609035,1.1377457426748732,0.7000717170660318
2022/23,272,cosine_taper_k25,0.3434379135899534,1.2467397873552082,0.7705799368092722
2022/23,273,cosine_taper_k25,0.29891147982595967,1.1478543530623708,0.7000222497082605
2022/23,274,cosine_taper_k25,0.22046987939451174,0.935050838286088,0.5559786282001009
2022/23,275,cosine_taper_k25,0.10315554840247029,0.5223853441145586,0.2483514609817717
2022/23,276,cosine_taper_k25,0.24596879767637414,0.9325924167718527,0.5565250955469339
2022/23,277,cosine_taper_k25,0.05764644082818888,0.3667510258158547,0.14153380750499678
2022/23,278,cosine_taper_k25,0.13187223418677224,0.6481840226635871,0.345950016365943
2022/23,279,cosine_taper_k25,0.20504558807980558,0.8391100915142403,0.48406129167884504
2022/23,280,cosine_taper_k25,0.07151271804243728,0.43859650392654054,0.1935758473991959
2022/23,281,cosine_taper_k25,0.07723260593123935,0.4567905300535418,0.20520051788694238
2022/23,282,cosine_taper_k25,0.26662636558346436,1.0172013301675396,0.6138207754377489
2022/23,283,cosine_taper_k25,0.2376104213161136,0.9332689634187781,0.5533302717981485
2022/23,284,cosine_taper_k25,0.09085160771244274,0.4918455467543618,0.2271121485161318
2022/23,285,cosine_taper_k25,0.23344510768145468,0.9282930810566928,0.5491134319125667
2022/23,286,cosine_taper_k25,0.2399414487705256,0.9684781166275086,0.5772386717406105
2022/23,287,cosine_taper_k25,0.12365470532972535,1.2147444656016924,0.7418195604248861
2022/23,288,cosine_taper_k25,0.028118542531423294,0.24865559579962176,0.07366150214064454
2022/23,289,cosine_taper_k25,0.21692832674217352,0.8768479359564554,0.5117526492430936
2022/23,290,cosine_taper_k25,0.1725146659907204,1.518918571973378,0.9550707213152834
2022/23,291,cosine_taper_k25,0.1623239591420726,0.7295258734057322,0.403180085150312
2022/23,292,cosine_taper_k25,0.12039405612252518,1.183735811021353,0.7222396024400406
2022/23,293,cosine_taper_k25,0.16142951551379725,1.373350792728455,0.8804842514747884
2022/23,294,cosine_taper_k25,0.43461426995807595,1.5532429448686966,0.9538239546219633
2022/23,295,cosine_taper_k25,0.16016557982473856,0.703247848035344,0.3825931132105621
2022/23,296,cosine_taper_k25,0.22033933003718068,1.5892721289766603,1.0741767026464089
2022/23,297,cosine_taper_k25,0.2963997305221581,1.1259266313461587,0.6867180322224425
2022/23,298,cosine_taper_k25,0.39452226674710716,1.3795868471238422,0.8617878201979754
2022/23,299,cosine_taper_k25,0.13549890065152337,1.2634371128522142,0.7855447088858792
2022/23,300,cosine_taper_k25,0.033377885378597774,0.2777864652421606,0.09031623723792839
2022/23,301,cosine_taper_k25,0.3115922607030528,1.1728330254392552,0.717996825389032
2022/23,302,cosine_taper_k25,0.1257614338138704,0.6171413368437896,0.32011428575749756
2022/23,303,cosine_taper_k25,0.4184084191433737,1.4840609809842036,0.9177939387994156
2022/23,304,cosine_taper_k25,0.32630403882365827,1.1690805015306034,0.7245120757113372
2022/23,305,cosine_taper_k25,0.1608095105846916,1.4097384355104738,0.8928418521936063
2022/23,306,cosine_taper_k25,0.10441429182856939,0.5393603060543536,0.2615849200544881
2022/23,214,cosine_taper_k30,0.1732308121968806,0.7324156059422225,0.4050539165179661
2022/23,215,cosine_taper_k30,0.2340665425984161,0.913818158741486,0.5401573554899184
2022/23,216,cosine_taper_k30,0.1750306796727698,1.3744516364050308,0.9081028067241024
2022/23,217,cosine_taper_k30,0.14865850963602206,1.3531487138850786,0.847250097970019
2022/23,218,cosine_taper_k30,0.5706474061666007,1.9108620069572932,1.1843931606966136
2022/23,219,cosine_taper_k30,0.19761092073024034,0.8196360082203877,0.4695081810076754
2022/23,220,cosine_taper_k30,0.1321140300792291,1.29586014822421,0.791794408753278
2022/23,221,cosine_taper_k30,0.3201762384602223,1.1592692589379696,0.7158366546373911
2022/23,222,cosine_taper_k30,0.3062091821966948,1.1174809562847714,0.6871456770135559
2022/23,223,cosine_taper_k30,0.46606882422965457,1.5768043647948147,0.9912722141688239
2022/23,224,cosine_taper_k30,0.12226702786010357,1.1817242601266622,0.7251304963700539
2022/23,225,cosine_taper_k30,0.2068909368795147,0.9046769819589539,0.5374562615848423
2022/23,226,cosine_taper_k30,0.1316522762567538,1.2273119332771247,0.7630413768713152
2022/23,227,cosine_taper_k30,0.21658787231033086,0.8754055126054768,0.5107184431106353
2022/23,228,cosine_taper_k30,0.5926406357452554,2.024847393715367,1.2297217288119993
2022/23,229,cosine_taper_k30,0.1478759907487042,1.2996963835522208,0.8248415733048241
2022/23,230,cosine_taper_k30,0.44500139633223773,1.5179079354898497,0.9531995375090027
2022/23,231,cosine_taper_k30,0.0759383418320313,0.44071458877185904,0.1914061144453187
2022/23,232,cosine_taper_k30,0.243060912488758,1.672920893825571,1.1459563346266481
2022/23,233,cosine_taper_k30,0.12909284970854656,1.2372586708588305,0.7620321141084018
2022/23,234,cosine_taper_k30,0.24914146782474397,0.9547204102598765,0.5704981865374041
2022/23,235,cosine_taper_k30,0.21670047861058905,0.9006078850451277,0.5289831136401433
2022/23,236,cosine_taper_k30,0.0628381289704206,0.3938650519167645,0.15998752625243778
2022/23,237,cosine_taper_k30,0.18484538470858441,0.7766073783916915,0.4376337577091136
2022/23,238,cosine_taper_k30,0.13588492425000456,0.6396004575596564,0.33539087637522885
2022/23,239,cosine_taper_k30,0.16902612319780566,1.3256435663293886,0.8773486758970952
2022/23,240,cosine_taper_k30,0.10964584693686862,0.5709688903439594,0.28776837756692536
2022/23,241,cosine_taper_k30,0.3668528979676318,1.2842040776661596,0.8034072676597486
2022/23,242,cosine_taper_k30,0.16316395084612004,0.7006749002774598,0.3812583520144509
2022/23,243,cosine_taper_k30,0.27259099811076337,1.0556395746176552,0.6385515362702613
2022/23,244,cosine_taper_k30,0.1825213488188506,0.7948949290443711,0.45191116335624065
2022/23,245,cosine_taper_k30,0.2646365893776253,1.8117408980432137,1.2292238066078407
2022/23,246,cosine_taper_k30,0.12142687958109645,1.1937797483214523,0.728560229394186
2022/23,247,cosine_taper_k30,0.03100536390687173,0.265751689107067,0.0834688766366682
2022/23,248,cosine_taper_k30,0.1481040209299183,1.4541316231484156,0.8835722020583824
2022/23,249,cosine_taper_k30,0.13344155369349733,1.2903117412744505,0.7922399159666609
2022/23,250,cosine_taper_k30,0.2944017857044809,1.0784269606187766,0.6607553110205486
2022/23,251,cosine_taper_k30,0.14217415697374933,1.2741794032259286,0.8032375073303368
2022/23,252,cosine_taper_k30,0.12630456649036295,1.2274456083068874,0.752401345782894
2022/23,253,cosine_taper_k30,0.14233860378307242,1.3003569731404334,0.814028729627863
2022/23,254,cosine_taper_k30,0.2413531090542919,0.9618467687943612,0.5726994841211123
2022/23,255,cosine_taper_k30,0.2512315427921682,0.9651532631037588,0.5774342481987889
2022/23,256,cosine_taper_k30,0.2541100743656356,1.0256708674077,0.617361928570666
2022/23,257,cosine_taper_k30,0.4153839616696279,1.440805988305912,0.9010295309825685
2022/23,258,cosine_taper_k30,0.11481749691966163,0.5705474784118069,0.28406162481762176
2022/23,259,cosine_taper_k30,0.16993704663442255,0.7442132319349734,0.41342056459627086
2022/23,260,cosine_taper_k30,0.28868858285534627,1.117163630098024,0.6795389329056531
2022/23,261,cosine_taper_k30,0.4339390465738412,1.4856659784776016,0.9327312094953093
2022/23,262,cosine_taper_k30,0.1620301758686143,1.5296064479822908,0.9377431627076733
2022/23,263,cosine_taper_k30,0.37559526067524657,1.3801917161292212,0.8481934247566807
2022/23,264,cosine_taper_k30,0.03637492911375777,0.2913522087442727,0.09789578775142871
2022/23,265,cosine_taper_k30,0.12000469678249985,1.0978062555871462,0.6840955289162832
2022/23,266,cosine_taper_k30,0.16742210543966218,1.39083840405568,0.8990456459483285
2022/23,267,cosine_taper_k30,0.24243558412833044,0.9260406170005441,0.5510147118149091
2022/23,268,cosine_taper_k30,0.23980692206888504,0.959438232500385,0.570912634663534
2022/23,269,cosine_taper_k30,0.06498571817996977,0.4132511033130086,0.1759650282039194
2022/23,270,cosine_taper_k30,0.21688398551295784,0.8847792894041584,0.5172403041248864
2022/23,271,cosine_taper_k30,0.31134129480609035,1.1377457426748732,0.7000717170660318
2022/23,272,cosine_taper_k30,0.3434379135899534,1.2467397873552082,0.7705799368092722
2022/23,273,cosine_taper_k30,0.29891147982595967,1.1478543530623708,0.7000222497082605
2022/23,274,cosine_taper_k30,0.22046987939451174,0.935050838286088,0.5559786282001009
2022/23,275,cosine_taper_k30,0.10315554840247029,0.5223853441145586,0.2483514609817717
2022/23,276,cosine_taper_k30,0.24596879767637414,0.9325924167718527,0.5565250955469339
2022/23,277,cosine_taper_k30,0.05764644082818888,0.3667510258158547,0.14153380750499678
2022/23,278,cosine_taper_k30,0.13187223418677224,0.6481840226635871,0.345950016365943
2022/23,279,cosine_taper_k30,0.20504558807980558,0.8391100915142403,0.48406129167884504
2022/23,280,cosine_taper_k30,0.07151271804243728,0.43859650392654054,0.1935758473991959
2022/23,281,cosine_taper_k30,0.07723260593123935,0.4567905300535418,0.20520051788694238
2022/23,282,cosine_taper_k30,0.26662636558346436,1.0172013301675396,0.6138207754377489
2022/23,283,cosine_taper_k30,0.2376104213161136,0.9332689634187781,0.5533302717981485
2022/23,284,cosine_taper_k30,0.09085160771244274,0.4918455467543618,0.2271121485161318
2022/23,285,cosine_taper_k30,0.23344510768145468,0.9282930810566928,0.5491134319125667
2022/23,286,cosine_taper_k30,0.2399414487705256,0.9684781166275086,0.5772386717406105
2022/23,287,cosine_taper_k30,0.12365470532972535,1.2147444656016924,0.7418195604248861
2022/23,288,cosine_taper_k30,0.028118542531423294,0.24865559579962176,0.07366150214064454
2022/23,289,cosine_taper_k30,0.21692832674217352,0.8768479359564554,0.5117526492430936
2022/23,290,cosine_taper_k30,0.1725146659907204,1.518918571973378,0.9550707213152834
2022/23,291,cosine_taper_k30,0.1623239591420726,0.7295258734057322,0.403180085150312
2022/23,292,cosine_taper_k30,0.12039405612252518,1.183735811021353,0.7222396024400406
2022/23,293,cosine_taper_k30,0.16142951551379725,1.373350792728455,0.8804842514747884
2022/23,294,cosine_taper_k30,0.43461426995807595,1.5532429448686966,0.9538239546219633
2022/23,295,cosine_taper_k30,0.16016557982473856,0.703247848035344,0.3825931132105621
2022/23,296,cosine_taper_k30,0.22033933003718068,1.5892721289766603,1.0741767026464089
2022/23,297,cosine_taper_k30,0.2963997305221581,1.1259266313461587,0.6867180322224425
2022/23,298,cosine_taper_k30,0.39452226674710716,1.3795868471238422,0.8617878201979754
2022/23,299,cosine_taper_k30,0.13549890065152337,1.2634371128522142,0.7855447088858792
2022/23,300,cosine_taper_k30,0.033377885378597774,0.2777864652421606,0.09031623723792839
2022/23,301,cosine_taper_k30,0.3115922607030528,1.1728330254392552,0.717996825389032
2022/23,302,cosine_taper_k30,0.1257614338138704,0.6171413368437896,0.32011428575749756
2022/23,303,cosine_taper_k30,0.4184084191433737,1.4840609809842036,0.9177939387994156
2022/23,304,cosine_taper_k30,0.32630403882365827,1.1690805015306034,0.7245120757113372
2022/23,305,cosine_taper_k30,0.1608095105846916,1.4097384355104738,0.8928418521936063
2022/23,306,cosine_taper_k30,0.10441429182856939,0.5393603060543536,0.2615849200544881
2022/23,214,bookmaker,0.13927172071120508,0.6525446665689943,0.3452616202106891
2022/23,215,bookmaker,0.17813325303676097,0.7635951950728074,0.4277533394004543
2022/23,216,bookmaker,0.11532789005942937,1.1356693981070414,0.6914156708474366
2022/23,217,bookmaker,0.16265607426609308,1.4322411096886487,0.9047783816170392
2022/23,218,bookmaker,0.5415209750916736,1.8205422337567236,1.131908638859966
2022/23,219,bookmaker,0.08922751352316995,0.48577942940724395,0.22273744050064273
2022/23,220,bookmaker,0.12934560561877173,1.2570297461686013,0.7706346044992739
2022/23,221,bookmaker,0.15555610760865918,0.6975568361217891,0.378448055396221
2022/23,222,bookmaker,0.4000838464493946,1.4141133191417796,0.8786041609979588
2022/23,223,bookmaker,0.46040873397524334,1.5160544467520518,0.9701333162536975
2022/23,224,bookmaker,0.1403133153701509,1.2507226040705066,0.7899974009172344
2022/23,225,bookmaker,0.2097911712353151,0.8892997960473076,0.5217409754360982
2022/23,226,bookmaker,0.20641629029947922,1.5017348836022966,1.0169604170053117
2022/23,227,bookmaker,0.1399071628003485,0.6540502304361187,0.34633190959029303
2022/23,228,bookmaker,0.5688104298944122,1.924957290536618,1.1839699529406817
2022/23,229,bookmaker,0.1551503005629796,1.2771321305426444,0.8303783762003284
2022/23,230,bookmaker,0.18450143124821325,0.8084658601020487,0.46282836116581727
2022/23,231,bookmaker,0.08188946420674813,0.45714723359460613,0.2022607500470728
2022/23,232,bookmaker,0.20002232520598345,1.5145356019880891,1.0085846106811043
2022/23,233,bookmaker,0.13656529299626352,1.2885973007462141,0.7978031124626871
2022/23,234,bookmaker,0.35130966608386405,1.231876264773544,0.7701840233163426
2022/23,235,bookmaker,0.18119953222709825,0.783779290031629,0.4431093010058281
2022/23,236,bookmaker,0.10452719862077195,0.5429020887360775,0.2646523907521088
2022/23,237,bookmaker,0.07228992374332323,0.42958766495726136,0.18410598971934955
2022/23,238,bookmaker,0.1467412011989011,0.6655109200187063,0.3543044994167802
2022/23,239,bookmaker,0.18321497507316561,1.4261558519537707,0.9436794432623186
2022/23,240,bookmaker,0.10820935885051716,0.5618443090718472,0.2798872600953174
2022/23,241,bookmaker,0.2506140776935916,0.9585923710807706,0.573381229522043
2022/23,242,bookmaker,0.2228852128150957,0.9065365983661035,0.5329805809138639
2022/23,243,bookmaker,0.1542757216458207,0.6900941004812239,0.37274426905501234
2022/23,244,bookmaker,0.2203117293046884,0.8962847534916255,0.5255886193438
2022/23,245,bookmaker,0.3380435196348173,2.17356883203942,1.4614891235576914
2022/23,246,bookmaker,0.12329578238922712,1.2115075875491117,0.7397493525341139
2022/23,247,bookmaker,0.023862078341492555,0.23224486556055526,0.06681381935617915
2022/23,248,bookmaker,0.13806452975617337,1.3452321137124679,0.8230200139254706
2022/23,249,bookmaker,0.15755441284065974,1.4009596265518922,0.8830814174222631
2022/23,250,bookmaker,0.2699341396995241,1.038020834689453,0.6271794738361509
2022/23,251,bookmaker,0.16701171733078796,1.3280844987279299,0.8742714354922502
2022/23,252,bookmaker,0.13333349856019733,1.3053866549370603,0.7980092876482515
2022/23,253,bookmaker,0.13994184418236527,1.3214025885864857,0.8175232900678512
2022/23,254,bookmaker,0.201560552209738,0.8210843349561253,0.47120575995339953
2022/23,255,bookmaker,0.32420927463010485,1.1757852350513331,0.7260844194441265
2022/23,256,bookmaker,0.3249826738497344,1.1724310253056112,0.7250717715186643
2022/23,257,bookmaker,0.5591799330974538,1.8603924194601562,1.1615005134899445
2022/23,258,bookmaker,0.09519907355895507,0.5007728238477926,0.2329544334619195
2022/23,259,bookmaker,0.1304237872465141,0.6345168789054054,0.33347224024200495
2022/23,260,bookmaker,0.27010934321119756,1.021953973964203,0.617998273255074
2022/23,261,bookmaker,0.3027197104909485,1.1274542974280648,0.6901701554873332
2022/23,262,bookmaker,0.2270349128464684,1.6661467825130707,1.1118332874194348
2022/23,263,bookmaker,0.301808176874327,1.1202224796639133,0.6859772129524297
2022/23,264,bookmaker,0.054199879656716375,0.3632672854003364,0.14066445276941447
2022/23,265,bookmaker,0.19945000212945807,1.522893934377962,1.0102991032455106
2022/23,266,bookmaker,0.12336347770116278,1.2088410121009479,0.7387687564463272
2022/23,267,bookmaker,0.24622790251238957,0.9377519062489816,0.5595022046197116
2022/23,268,bookmaker,0.11396812629418389,0.5661954404023046,0.28071850543887517
2022/23,269,bookmaker,0.006316962648746924,0.11215059759957237,0.017389233482964783
2022/23,270,bookmaker,0.2105915750074759,0.8460841051531776,0.48997749092191883
2022/23,271,bookmaker,0.523730585266821,1.7585494621180617,1.0984187409920354
2022/23,272,bookmaker,0.49557527449204425,1.6648268316745478,1.045453214083281
2022/23,273,bookmaker,0.3102368621341721,1.1271423331775725,0.6943296750086863
2022/23,274,bookmaker,0.33437183233191675,1.2305217719198498,0.7577711888130176
2022/23,275,bookmaker,0.1419800153284823,0.6530037548352746,0.3450167509166636
2022/23,276,bookmaker,0.1864711968684959,0.777176615317973,0.4383027826858358
2022/23,277,bookmaker,0.03108064366026194,0.26331276829343875,0.08146162775364649
2022/23,278,bookmaker,0.25370863780725567,0.9500175294398211,0.5703587753461734
2022/23,279,bookmaker,0.08463768233424732,0.46106570803999725,0.2046967426895584
2022/23,280,bookmaker,0.15260584468635052,0.6829717024448112,0.36737575637795683
2022/23,281,bookmaker,0.01317248832083733,0.16688775066411332,0.036658466210577306
2022/23,282,bookmaker,0.2165908020058233,0.8627366190768945,0.5024486367963973
2022/23,283,bookmaker,0.17183005129095513,0.7737352932101869,0.4382314431512363
2022/23,284,bookmaker,0.02644902415181155,0.23911634585561245,0.06855237822225102
2022/23,285,bookmaker,0.16336228150994783,0.7064011453086227,0.3852029535782982
2022/23,286,bookmaker,0.18228783306263113,0.7689109351701238,0.43187560313567613
2022/23,287,bookmaker,0.1320201106498754,1.2967833369661197,0.7919734711206394
2022/23,288,bookmaker,0.027328198524207342,0.24596950157605524,0.0725427156618458
2022/23,289,bookmaker,0.20378180455551334,0.8245863607956814,0.47410696411284947
2022/23,290,bookmaker,0.1408885158231428,1.382460490609169,0.8428374928888895
2022/23,291,bookmaker,0.2088013228500435,0.8591123084418524,0.498492043991169
2022/23,292,bookmaker,0.1376493844255865,1.3486747250704822,0.8235145433883719
2022/23,293,bookmaker,0.13937633826751014,1.3706816617521766,0.8353674459739584
2022/23,294,bookmaker,0.5426892999200978,1.7858332619369826,1.1277228871530098
2022/23,295,bookmaker,0.06431188854287291,0.3928713100971701,0.15854702074053742
2022/23,296,bookmaker,0.2835191592093028,1.8457929847829286,1.2761706292413597
2022/23,297,bookmaker,0.2625791632592414,1.003448877221204,0.6042770759953717
2022/23,298,bookmaker,0.4687771174936408,1.5237885189344929,0.9821944405864969
2022/23,299,bookmaker,0.21252505733521165,1.6033367080385723,1.0630932592861577
2022/23,300,bookmaker,0.0903758538957337,0.4806274975092739,0.21845606629013298
2022/23,301,bookmaker,0.0730453543953331,0.4350687879460724,0.1883967680253027
2022/23,302,bookmaker,0.16508808584393944,0.7128145833772112,0.38996313379627023
2022/23,303,bookmaker,0.7186279750214781,2.448677331737792,1.4561115449596742
2022/23,304,bookmaker,0.16596265928434828,0.7158821825162665,0.39224881196856654
2022/23,305,bookmaker,0.3186581828625076,2.0792280626106483,1.4028946629059296
2022/23,306,bookmaker,0.0727521215864477,0.42182312303995506,0.17777311842220833
2023/24,215,standalone_original,0.1539719538859847,0.689374663647377,0.3722102851027916
2023/24,216,standalone_original,0.13313140096091142,0.6195256189954745,0.3198902044886934
2023/24,217,standalone_original,0.09625991922715631,0.5219716453825135,0.251017092824824
2023/24,218,standalone_original,0.27647374000085523,1.0629624636789166,0.6439957620066105
2023/24,219,standalone_original,0.1610905785416156,1.3553567821448507,0.8729599426875884
2023/24,220,standalone_original,0.02475503331456,0.23496614223575402,0.06751023388215777
2023/24,221,standalone_original,0.08917825971259581,0.49935322626046086,0.23531130785395052
2023/24,222,standalone_original,0.07258776069378849,0.43225804156487935,0.186230772555312
2023/24,223,standalone_original,0.39375773974571465,1.3718634954430535,0.858436939564409
2023/24,224,standalone_original,0.23083503078754591,0.9113314023338492,0.5375370609329754
2023/24,225,standalone_original,0.11029776939344033,0.565372594055923,0.2816986346425375
2023/24,226,standalone_original,0.12257193301280846,0.5910538424649895,0.2988672113477344
2023/24,227,standalone_original,0.12916906117463997,1.251091672020796,0.767859700190934
2023/24,228,standalone_original,0.11841015192808464,0.5930642256455414,0.3022766696620034
2023/24,229,standalone_original,0.03954439066465331,0.2893807347292687,0.09470798716699608
2023/24,230,standalone_original,0.28163932961115495,1.0592240055373336,0.6438225032859426
2023/24,231,standalone_original,0.14637893255114418,0.657103994186532,0.3480444766593214
2023/24,232,standalone_original,0.19028500000623802,0.8255666728741556,0.4752059372096421
2023/24,233,standalone_original,0.07685355053927391,0.4519153351669682,0.20076829056006937
2023/24,234,standalone_original,0.11443124615125184,0.5729664694199106,0.28626558095185195
2023/24,235,standalone_original,0.1533060781729469,1.3730345924648144,0.8641177660663169
2023/24,236,standalone_original,0.018307099145249847,0.19747538740832013,0.04918174948356853
2023/24,237,standalone_original,0.3543077562780331,1.2186524779082613,0.7678690900220095
2023/24,238,standalone_original,0.23177028217258297,1.5965287252908948,1.0993895984024549
2023/24,239,standalone_original,0.5267339853025962,1.714905176376318,1.094570548000462
2023/24,240,standalone_original,0.3732393201011053,1.3153444019284866,0.8204835085896642
2023/24,241,standalone_original,0.1739134104744146,1.316783845140084,0.8836569206853718
2023/24,242,standalone_original,0.2846750997702163,1.811543291233191,1.2692468053427606
2023/24,243,standalone_original,0.148195999933858,1.3182837460202346,0.8328103031377179
2023/24,244,standalone_original,0.17342298019388036,1.4022298869180987,0.9152900412699733
2023/24,245,standalone_original,0.15726308442375575,0.7033341264128518,0.38279290523284104
2023/24,246,standalone_original,0.3790828148658138,1.3028554308906903,0.8211343678028111
2023/24,247,standalone_original,0.26661764606616273,1.0157323878676012,0.6129752369379715
2023/24,248,standalone_original,0.07902214119809134,0.45895303118476743,0.20547654570191762
2023/24,249,standalone_original,0.1385875466088699,0.662881093789397,0.3549924878220709
2023/24,250,standalone_original,0.23042846271042466,0.8953164653703201,0.5276360546890145
2023/24,251,standalone_original,0.39885471471762235,1.3651098781199016,0.8609538450747998
2023/24,252,standalone_original,0.4262768354805424,1.4570151482326599,0.9166165266320195
2023/24,253,standalone_original,0.0784711601618989,0.46618467398681074,0.21361163487919255
2023/24,254,standalone_original,0.1416413022846955,0.673622725498484,0.3631862883808614
2023/24,255,standalone_original,0.24391360600132286,0.9119489637162066,0.544388126644267
2023/24,256,standalone_original,0.07443241724546254,0.44159633822333244,0.19322859330718983
2023/24,257,standalone_original,0.15566567383778968,1.2980722155982976,0.8397764809222001
2023/24,258,standalone_original,0.0406738208196268,0.3099216452529594,0.10852976744461784
2023/24,259,standalone_original,0.1272454212036031,0.6036408568340075,0.30811147689057716
2023/24,260,standalone_original,0.16464350657458568,0.7187741023055356,0.3942205916480054
2023/24,261,standalone_original,0.020444399357694872,0.20939889717517982,0.054543399015540193
2023/24,262,standalone_original,0.1548128305728098,0.7047466762060627,0.384571053532985
2023/24,263,standalone_original,0.13158449090382135,0.6334847111678049,0.33180525602267663
2023/24,264,standalone_original,0.10140102596085881,0.5176817266206344,0.24496636482141174
2023/24,265,standalone_original,0.3861994094030712,1.273998692657663,0.8193661172283082
2023/24,266,standalone_original,0.16723067524342203,0.7359761937009448,0.407278130872126
2023/24,267,standalone_original,0.3744071129221793,1.3472153259658746,0.8338031017223091
2023/24,268,standalone_original,0.12260608447133865,1.1919470433183963,0.7301440305680392
2023/24,269,standalone_original,0.4682525877105349,1.5810787112199123,0.994762913453841
2023/24,270,standalone_original,0.17836645813988297,1.4764047422700417,0.9520106259725146
2023/24,271,standalone_original,0.1166137220231708,0.5638898660854843,0.27866356604414744
2023/24,272,standalone_original,0.40543393120353355,1.4191994621085198,0.8849201856451558
2023/24,273,standalone_original,0.07147984069889038,0.4235143081828968,0.17948916522180558
2023/24,274,standalone_original,0.13597315301740426,0.6313342406025535,0.3287383089394114
2023/24,275,standalone_original,0.17148639439048702,1.2640119188429397,0.85775276528227
2023/24,276,standalone_original,0.28855226150080315,1.0794024557018522,0.6579789874511592
2023/24,277,standalone_original,0.147013993980885,1.2292206112351352,0.7945552647969922
2023/24,278,standalone_original,0.13581616458003065,1.3241591800473498,0.8103493610631073
2023/24,279,standalone_original,0.3571401561106923,1.3080014931655675,0.8061719357738922
2023/24,280,standalone_original,0.21874097194214762,1.6816516692950987,1.0999698459334843
2023/24,281,standalone_original,0.12454391575507562,0.6191950338156529,0.3230202317920631
2023/24,282,standalone_original,0.19946622241251527,1.5271794545153654,1.0117908289371635
2023/24,283,standalone_original,0.12198328286787152,0.5938122154314882,0.30123883458677697
2023/24,284,standalone_original,0.11440188406036032,0.5825634155211454,0.2951356696532931
2023/24,285,standalone_original,0.13916830455999507,1.3044254050903734,0.8092989182519144
2023/24,286,standalone_original,0.14495342136239017,0.6736735795565739,0.36138930510479866
2023/24,287,standalone_original,0.11646126068145968,1.1444123001911324,0.6974860959724369
2023/24,288,standalone_original,0.39979512830447916,1.412963382474917,0.8779605354267366
2023/24,289,standalone_original,0.11553307588085095,0.5567093334894341,0.27348804359187967
2023/24,290,standalone_original,0.302860551972426,1.0835442481026039,0.6690888718404494
2023/24,291,standalone_original,0.21068395134090687,1.5754013958563617,1.0503366872585367
2023/24,292,standalone_original,0.16041502706022392,1.4447255584559933,0.9048152120446582
2023/24,293,standalone_original,0.1423393067915478,0.6816789435724181,0.370647389099978
2023/24,294,standalone_original,0.11943447212757227,1.1515963412167216,0.7065447792010188
2023/24,295,standalone_original,0.2913470148321172,1.0832269787000222,0.6614083367482972
2023/24,296,standalone_original,0.1577521756814968,0.7048420928862621,0.3839207287160807
2023/24,297,standalone_original,0.11276033394657833,0.5604231218461511,0.27634189102496914
2023/24,298,standalone_original,0.250006736913552,1.0032975245551592,0.6016729340111323
2023/24,299,standalone_original,0.14261996259744175,1.4076622569738966,0.8556958170564193
2023/24,300,standalone_original,0.41184027721139943,1.4889824999705743,0.9143560683754195
2023/24,301,standalone_original,0.06249019537064911,0.3968842599791262,0.16287803501397982
2023/24,302,standalone_original,0.17232174949762621,0.7605489242817737,0.4262258995876762
2023/24,303,standalone_original,0.15665909865363686,0.7281778512795287,0.40523616558014036
2023/24,304,standalone_original,0.015985922390793248,0.17909855187588627,0.040560955277796504
2023/24,305,standalone_original,0.03209085459585861,0.27232138359115915,0.08748334913900484
2023/24,306,standalone_original,0.4745698531054636,1.5259701409580693,0.9900802632691887
2023/24,215,fixed_preseason,0.28354007065640174,1.0701926903958559,0.6506882492337716
2023/24,216,fixed_preseason,0.18129042240017845,0.7753978091154804,0.43656738298242403
2023/24,217,fixed_preseason,0.1769693485878432,0.78335660794313,0.4441411286624786
2023/24,218,fixed_preseason,0.09523478384536965,0.49847923906473424,0.2312003442834764
2023/24,219,fixed_preseason,0.12852260064859572,1.2623111941688725,0.7711353428045051
2023/24,220,fixed_preseason,0.05101150266874066,0.35257786582837203,0.13439150303339847
2023/24,221,fixed_preseason,0.27478832790071017,1.0504830108437866,0.6361156221523083
2023/24,222,fixed_preseason,0.05975295649863414,0.38782810104658083,0.1572739599578211
2023/24,223,fixed_preseason,0.22989509070246852,0.8935934021997216,0.5263868741728782
2023/24,224,fixed_preseason,0.16076177860572313,0.7191870309034201,0.39494865690479847
2023/24,225,fixed_preseason,0.1831627633105113,0.7788521783858184,0.43913208827261724
2023/24,226,fixed_preseason,0.1907816638962453,0.8097186326649144,0.46214636434758527
2023/24,227,fixed_preseason,0.1343009924048243,1.3177187595220592,0.8047987877617037
2023/24,228,fixed_preseason,0.13426763622670657,0.626772592370732,0.3253570797680648
2023/24,229,fixed_preseason,0.08121312201186107,0.46027888765720726,0.2051023808285619
2023/24,230,fixed_preseason,0.5442989614187909,1.86929032724263,1.1437306320204912
2023/24,231,fixed_preseason,0.2673729072092566,1.0323232760941499,0.6229937580715494
2023/24,232,fixed_preseason,0.17903863205975099,0.7786754091786041,0.439433790246389
2023/24,233,fixed_preseason,0.2614931260726365,0.9906851455992379,0.5965659777422766
2023/24,234,fixed_preseason,0.0819801634468751,0.46231848640944034,0.206429141796116
2023/24,235,fixed_preseason,0.13748177785467125,1.2391414917221864,0.7795851666015956
2023/24,236,fixed_preseason,0.11019503840136073,0.5611431111500902,0.2778894674566427
2023/24,237,fixed_preseason,0.28668682188293254,1.0545753927875288,0.644143520389993
2023/24,238,fixed_preseason,0.21080065351419752,1.5364682386498403,1.0376071813358563
2023/24,239,fixed_preseason,0.419870673798676,1.4298457282153878,0.9020560381194427
2023/24,240,fixed_preseason,0.19944271176887843,0.8227371799375581,0.4719049062464066
2023/24,241,fixed_preseason,0.13462575975293783,1.226949331072869,0.7688380772839977
2023/24,242,fixed_preseason,0.15699447033566996,1.3211619783526578,0.8515344086805131
2023/24,243,fixed_preseason,0.14143912037103573,1.349141188242744,0.8312732967247116
2023/24,244,fixed_preseason,0.16420787682720256,1.37333266008292,0.8860341156464558
2023/24,245,fixed_preseason,0.16750423464518077,0.7301574634185348,0.40274819313956756
2023/24,246,fixed_preseason,0.5466518863110763,1.8084464365705653,1.1366485990349544
2023/24,247,fixed_preseason,0.12058653461753908,0.5934198665386672,0.3014091746775334
2023/24,248,fixed_preseason,0.2180878019182668,0.8871099843620349,0.5189710302996704
2023/24,249,fixed_preseason,0.14250997878274987,0.6585682900798121,0.34938929368594385
2023/24,250,fixed_preseason,0.5307610119484122,1.7729324544321352,1.1099059657513393
2023/24,251,fixed_preseason,0.14565962836271085,0.6812313233853801,0.367812386073406
2023/24,252,fixed_preseason,0.43719759204479536,1.4884038953463674,0.9368718073608644
2023/24,253,fixed_preseason,0.3111614089852247,1.1771663471046667,0.7201757515557388
2023/24,254,fixed_preseason,0.21013190241143365,0.8688648700559568,0.5056036413068232
2023/24,255,fixed_preseason,0.124291243560849,0.5862972343678041,0.295259562404404
2023/24,256,fixed_preseason,0.11181550258268272,0.5689750402848904,0.28406580133557485
2023/24,257,fixed_preseason,0.14081306097112029,1.3475210630243857,0.8293982622736702
2023/24,258,fixed_preseason,0.08209157902049295,0.47456558966181356,0.21777582498215334
2023/24,259,fixed_preseason,0.16859044017071503,0.7383422865757849,0.4089688366745024
2023/24,260,fixed_preseason,0.23584251680238202,0.9222395840940928,0.5459275873914342
2023/24,261,fixed_preseason,0.08796032349091544,0.4858596450538382,0.22345481378444182
2023/24,262,fixed_preseason,0.10718662787662336,0.5587665231576308,0.27772086894047093
2023/24,263,fixed_preseason,0.10774002316241141,0.5479245084568952,0.267531176223674
2023/24,264,fixed_preseason,0.11297251727996277,0.574493302733166,0.2884522113580942
2023/24,265,fixed_preseason,0.22580902613723913,0.8947611626666752,0.5255685427312538
2023/24,266,fixed_preseason,0.10209297875715068,0.5305732250532961,0.25506048288206684
2023/24,267,fixed_preseason,0.4594758529608284,1.5898963373182027,0.9875770353640783
2023/24,268,fixed_preseason,0.14069048929944228,1.3191306325331718,0.818131151047201
2023/24,269,fixed_preseason,0.30965904240807207,1.1426691317495556,0.7015058198850692
2023/24,270,fixed_preseason,0.17947616187914342,1.4843937787817674,0.957038488464279
2023/24,271,fixed_preseason,0.2372156410137145,0.9214799065443574,0.5459832449581037
2023/24,272,fixed_preseason,0.2737446500356352,1.0459520354968352,0.6331161797260187
2023/24,273,fixed_preseason,0.06795686604369389,0.4202737894655757,0.17931267672760678
2023/24,274,fixed_preseason,0.1947304458951496,0.7999769788855052,0.4555124363281693
2023/24,275,fixed_preseason,0.14745406404263361,1.299998807937886,0.8241176475591863
2023/24,276,fixed_preseason,0.2940802934410967,1.0896359390262151,0.6661827998327863
2023/24,277,fixed_preseason,0.12686208519523143,1.2379788116566193,0.7578671839002172
2023/24,278,fixed_preseason,0.13317633846309795,1.2597185480077464,0.7793898420054989
2023/24,279,fixed_preseason,0.33311351325638877,1.196290111705273,0.7413348908523854
2023/24,280,fixed_preseason,0.16951623472004587,1.4031033379484072,0.90780051968449
2023/24,281,fixed_preseason,0.03463621454761041,0.28046969407469197,0.09097623702360794
2023/24,282,fixed_preseason,0.13473594264367,1.3237901959293357,0.8080448072041985
2023/24,283,fixed_preseason,0.4359115602420476,1.5143095382856309,0.9430337280998593
2023/24,284,fixed_preseason,0.11071244490202142,0.563706682544419,0.279910125814142
2023/24,285,fixed_preseason,0.1339586544239935,1.2545918065140755,0.778867445346396
2023/24,286,fixed_preseason,0.2615854986836835,0.9963794802141853,0.5998099784972674
2023/24,287,fixed_preseason,0.13212283511915968,1.2959903881330492,0.7918637926382054
2023/24,288,fixed_preseason,0.3850489891344575,1.352262509715674,0.843954936800691
2023/24,289,fixed_preseason,0.19235468617537027,0.8227734760584,0.4721989148753811
2023/24,290,fixed_preseason,0.4112036924064942,1.3749106302718443,0.8767622174635303
2023/24,291,fixed_preseason,0.2568153231163558,1.7322184113316892,1.1911381565819403
2023/24,292,fixed_preseason,0.13305054122907264,1.3036395325902488,0.7967525663576891
2023/24,293,fixed_preseason,0.16772753588725622,0.7559877646361168,0.4242082518922316
2023/24,294,fixed_preseason,0.16455884913271035,1.384105413853479,0.8907962441047282
2023/24,295,fixed_preseason,0.30276642859225233,1.1172812131947714,0.6849987992741557
2023/24,296,fixed_preseason,0.08503368871167427,0.48174567533324525,0.22188908841114402
2023/24,297,fixed_preseason,0.1651198078805816,0.7112314951216894,0.38886681715801363
2023/24,298,fixed_preseason,0.3177220730302054,1.1682108270067033,0.718565164975031
2023/24,299,fixed_preseason,0.14683029838054631,1.3242606772351897,0.832417263337316
2023/24,300,fixed_preseason,0.398886991904611,1.3871525258765383,0.8682619514619119
2023/24,301,fixed_preseason,0.04382920143606767,0.318905803706423,0.11281421357264936
2023/24,302,fixed_preseason,0.26214945290624003,1.0162154760048738,0.6117274509463391
2023/24,303,fixed_preseason,0.20454160382077535,0.8264820774500571,0.47555761667412877
2023/24,304,fixed_preseason,0.16949333082910906,0.742348555491865,0.4120074995562365
2023/24,305,fixed_preseason,0.07067375190996876,0.43032514710439185,0.1861473849424679
2023/24,306,fixed_preseason,0.5133404637053438,1.7211731498011893,1.0784406936263866
2023/24,215,updating_prior,0.10408280209973157,0.5454027390142564,0.26725761678623905
2023/24,216,updating_prior,0.11590389932007228,0.5745190966772304,0.28702868303939505
2023/24,217,updating_prior,0.06639378831189167,0.41513003082311534,0.17604585988701943
2023/24,218,updating_prior,0.21437895832959744,0.8789467958914257,0.5129612697763392
2023/24,219,updating_prior,0.14989737382483231,1.3269924358034921,0.839617202897868
2023/24,220,updating_prior,0.03431434460517603,0.28378381060963265,0.09422222189681725
2023/24,221,updating_prior,0.12642406326653238,0.6089734827181482,0.31256109521409553
2023/24,222,updating_prior,0.10331564957481412,0.5305341165423372,0.2546038457774532
2023/24,223,updating_prior,0.43817335188086304,1.4907046432314714,0.938536307894938
2023/24,224,updating_prior,0.24984630576198738,0.9534139868647685,0.5700818701042228
2023/24,225,updating_prior,0.07328616668845617,0.4472684233587799,0.20044167921595446
2023/24,226,updating_prior,0.08032199967009307,0.46284938536953035,0.2080191169674986
2023/24,227,updating_prior,0.12672639423352589,1.1984486655885298,0.7411289916684818
2023/24,228,updating_prior,0.11857498816476433,0.5831783331636385,0.29341350272670563
2023/24,229,updating_prior,0.033038281216708223,0.2631535476003746,0.08032973055253308
2023/24,230,updating_prior,0.34426695536129326,1.2584422400912338,0.7763640497796402
2023/24,231,updating_prior,0.19492650933524674,0.7881086765592338,0.44800597727384206
2023/24,232,updating_prior,0.22896392649081607,0.9280794914295671,0.5484751431953896
2023/24,233,updating_prior,0.06846432926344082,0.4138229719473581,0.17312864293195768
2023/24,234,updating_prior,0.19429483256252983,0.7998698887384547,0.45533610766155497
2023/24,235,updating_prior,0.15145659791977795,1.3558228457636006,0.8538703317184285
2023/24,236,updating_prior,0.03025755955428526,0.2608543513005378,0.0804845000823572
2023/24,237,updating_prior,0.25438719640384533,0.9522660447377218,0.5719505951848272
2023/24,238,updating_prior,0.25241934676039995,1.7414218257362353,1.1850165864053999
2023/24,239,updating_prior,0.544930570351825,1.7668873901981677,1.1278043549188008
2023/24,240,updating_prior,0.27878843860431884,1.088600772180756,0.6602293448124008
2023/24,241,updating_prior,0.14458894502764502,1.1757263724083347,0.7672191187001342
2023/24,242,updating_prior,0.23582132096705968,1.5482257681271976,1.0916022133214294
2023/24,243,updating_prior,0.20588470220746774,1.4850301034373177,1.0100785814676971
2023/24,244,updating_prior,0.1364019765700403,1.2167888547431607,0.7681669430142071
2023/24,245,updating_prior,0.10311082904665714,0.5293866403896728,0.2537335611926501
2023/24,246,updating_prior,0.48833318563767214,1.670276636515143,1.0382747160837935
2023/24,247,updating_prior,0.2965992495372586,1.1198203572121306,0.683394924344937
2023/24,248,updating_prior,0.07072502026542807,0.42773388184710165,0.18364429828108458
2023/24,249,updating_prior,0.15036886190457646,0.6755344342122935,0.3617965867020468
2023/24,250,updating_prior,0.3125205040194716,1.1350275990090906,0.6995293485986933
2023/24,251,updating_prior,0.40288802879730634,1.3760829779226953,0.8684381964259842
2023/24,252,updating_prior,0.44301489531747823,1.5235639790109774,0.9527135793206829
2023/24,253,updating_prior,0.14474513039338632,0.6843795502329122,0.3713639486626106
2023/24,254,updating_prior,0.15801107971342512,0.7134432742240316,0.39091512851712196
2023/24,255,updating_prior,0.22937596760952014,0.892428437939325,0.5254711953310075
2023/24,256,updating_prior,0.050054729126246,0.34902042105138975,0.1322443218236326
2023/24,257,updating_prior,0.14998566493067247,1.298531008795027,0.8285985753351586
2023/24,258,updating_prior,0.06636938443187684,0.4097001663287657,0.17101630532959364
2023/24,259,updating_prior,0.0949341276690877,0.49997357248803925,0.23238785716267962
2023/24,260,updating_prior,0.15045274456748792,0.6856227859853604,0.3697658334783773
2023/24,261,updating_prior,0.03355006599373736,0.28065929445798005,0.09262760510507535
2023/24,262,updating_prior,0.24153742168829284,0.926539240563988,0.5508457666619702
2023/24,263,updating_prior,0.09404142835703548,0.5132895579348703,0.2444729773938503
2023/24,264,updating_prior,0.11860165321113161,0.5722419327807908,0.28480553395243435
2023/24,265,updating_prior,0.238695785994465,0.9141405609184698,0.5424222277692929
2023/24,266,updating_prior,0.18596338709779386,0.7993921242680934,0.45472120347009026
2023/24,267,updating_prior,0.5104040785326185,1.7565359037640365,1.0820425343517404
2023/24,268,updating_prior,0.13334587339605491,1.257613041970698,0.7788725683226921
2023/24,269,updating_prior,0.4153846410385791,1.4669741618060805,0.9095495770325012
2023/24,270,updating_prior,0.19303407905752035,1.5002912611863,0.9896958719337025
2023/24,271,updating_prior,0.13990672286604616,0.6362099375962542,0.3324171800690049
2023/24,272,updating_prior,0.4279116393581725,1.491314757787715,0.9285260549971825
2023/24,273,updating_prior,0.08688014256598657,0.4775846228309383,0.2169214372775476
2023/24,274,updating_prior,0.11485668336563112,0.5618132962626107,0.2771417344188513
2023/24,275,updating_prior,0.20284073033640557,1.4254133291447866,0.9826598346343077
2023/24,276,updating_prior,0.2906449386218442,1.112765488428905,0.6773874640938646
2023/24,277,updating_prior,0.16414300449158645,1.3476456333959115,0.8761060681452392
2023/24,278,updating_prior,0.13115361804773068,1.268735989164417,0.7789996232168916
2023/24,279,updating_prior,0.315136985705828,1.166667990586297,0.7164116935538333
2023/24,280,updating_prior,0.19302587582070052,1.6325969769611366,1.0333984596617187
2023/24,281,updating_prior,0.11641423214059857,0.5779397345303023,0.28974032943796035
2023/24,282,updating_prior,0.14550686696801313,1.2837177971491331,0.8137347328016639
2023/24,283,updating_prior,0.26639779865622104,0.9852272748322023,0.5964669380698194
2023/24,284,updating_prior,0.08601680914526817,0.4901845158712911,0.22941380783907342
2023/24,285,updating_prior,0.1340178790373345,1.3135146111606244,0.8025818511252784
2023/24,286,updating_prior,0.12200289649151744,0.6209489398489627,0.3276708369550151
2023/24,287,updating_prior,0.11503841234283288,1.1095541877282955,0.6793709847246526
2023/24,288,updating_prior,0.29465138117317635,1.0796006074732507,0.6614875513631696
2023/24,289,updating_prior,0.13613666007559772,0.6394363172664449,0.3351844294703194
2023/24,290,updating_prior,0.28296883882405216,1.0533112831329303,0.641335939586893
2023/24,291,updating_prior,0.2457901134162788,1.7265473159250615,1.1674326241019144
2023/24,292,updating_prior,0.14521130139299981,1.40544952095798,0.8600599254795331
2023/24,293,updating_prior,0.1766586836530289,0.788472363780821,0.44896149584291234
2023/24,294,updating_prior,0.13007469631035667,1.255778102096965,0.7715830274716949
2023/24,295,updating_prior,0.3085239207458291,1.1273993873244597,0.6933608038612078
2023/24,296,updating_prior,0.1262770118269691,0.6085830795435537,0.31227915074742796
2023/24,297,updating_prior,0.07498297973015182,0.43483220052535204,0.18704650647146537
2023/24,298,updating_prior,0.23011681203619588,0.9372039355068916,0.5550321384244421
2023/24,299,updating_prior,0.14013277728344664,1.2926364123250507,0.8065490438197056
2023/24,300,updating_prior,0.4067807270643622,1.4287192868814829,0.8893117373288888
2023/24,301,updating_prior,0.08663337075824039,0.4840516327386492,0.22272427497834735
2023/24,302,updating_prior,0.17883738533033577,0.7890338001249362,0.44829775874655853
2023/24,303,updating_prior,0.19842698939164904,0.8291816073184292,0.47645703735164935
2023/24,304,updating_prior,0.06205284134174354,0.39781978154766506,0.16419978745391162
2023/24,305,updating_prior,0.024196002919969282,0.23044334778121633,0.06481721217652024
2023/24,306,updating_prior,0.5193672335428303,1.6205310189777276,1.0688566643154855
2023/24,215,current_only,0.19871120335919096,0.8248023255959879,0.4732824711393475
2023/24,216,current_only,0.10683183813184469,0.5517426636097286,0.2713092023536698
2023/24,217,current_only,0.11389458253233364,0.5716982162668722,0.2853992564108909
2023/24,218,current_only,0.22536976723961605,0.9042123029587964,0.5316322524906931
2023/24,219,current_only,0.13548519102553014,1.2198409301467135,0.7676047014947435
2023/24,220,current_only,0.03233825134299482,0.27019389773926206,0.08539515831853377
2023/24,221,current_only,0.15375347660099384,0.7055812139022305,0.38574184467985273
2023/24,222,current_only,0.09520959364909216,0.5091870791880238,0.23986567547921486
2023/24,223,current_only,0.2985571290281604,1.103932856308752,0.6759288559160738
2023/24,224,current_only,0.16281080062916112,0.7044541117351751,0.38375383283000775
2023/24,225,current_only,0.08901407883155506,0.4981954198077739,0.23430418258198188
2023/24,226,current_only,0.13681215302717487,0.6556122635982053,0.3492522150618005
2023/24,227,current_only,0.11595291307192629,1.1300284285037376,0.6902022316096934
2023/24,228,current_only,0.15534465015442037,0.6967815149226659,0.37786256147804365
2023/24,229,current_only,0.1399549409253932,0.643114343301473,0.3375242027427839
2023/24,230,current_only,0.2829893795082073,1.0411916213400838,0.6351591667362655
2023/24,231,current_only,0.16385618896131066,0.697395973696193,0.37932639339910884
2023/24,232,current_only,0.21995754244846855,0.9014403554105395,0.5292892476899229
2023/24,233,current_only,0.08692765340856265,0.4840747889142663,0.22253043715275594
2023/24,234,current_only,0.13194908562238863,0.6204404264710704,0.3206730784611311
2023/24,235,current_only,0.15692430653600267,1.334116874595434,0.8564419037124
2023/24,236,current_only,0.044350039781623996,0.3252432271620793,0.11756332059345574
2023/24,237,current_only,0.3762111468456357,1.3055497192179697,0.8194274620631842
2023/24,238,current_only,0.24522708122060266,1.6956604145291003,1.1571623104144089
2023/24,239,current_only,0.5109798345135984,1.6564111440197338,1.0632556233890254
2023/24,240,current_only,0.28724835963317785,1.0894218905649682,0.6629014113079867
2023/24,241,current_only,0.16640676562365397,1.3053095157071142,0.8641253371550803
2023/24,242,current_only,0.18810798806167922,1.3347093820601401,0.9190391348971418
2023/24,243,current_only,0.1426082586436856,1.2809514416866359,0.8068285157343136
2023/24,244,current_only,0.1394516768976781,1.2511892629963797,0.7884648034552274
2023/24,245,current_only,0.13208186112230996,0.6239969334649924,0.3234872313547839
2023/24,246,current_only,0.48219413202147554,1.6062480493201596,1.016789702104104
2023/24,247,current_only,0.3414181346742815,1.236430408456593,0.7646928414755764
2023/24,248,current_only,0.09980297834868944,0.5380854740058449,0.26388771892040835
2023/24,249,current_only,0.132076767840177,0.6284949472243102,0.32721696067368145
2023/24,250,current_only,0.1509496079945954,0.6697889595246426,0.35761422792226444
2023/24,251,current_only,0.33678185699649865,1.1667665229889417,0.7321933501854971
2023/24,252,current_only,0.41604596359995866,1.446585561953502,0.9034862607416553
2023/24,253,current_only,0.1201967983826839,0.598017840272284,0.30575907920295986
2023/24,254,current_only,0.1085214468214041,0.5583243436415848,0.2763045287583562
2023/24,255,current_only,0.20655818280881064,0.8322769871498963,0.47989695919456954
2023/24,256,current_only,0.09805302277185943,0.5266586966925717,0.2540296255086243
2023/24,257,current_only,0.13663194254200528,1.2357067423000934,0.7764706896366627
2023/24,258,current_only,0.030358655754951662,0.2588656405773655,0.07888836130612784
2023/24,259,current_only,0.12202664855631673,0.5908049528439786,0.2987684929711161
2023/24,260,current_only,0.18890472349792242,0.7845608518264288,0.4438260336283139
2023/24,261,current_only,0.05630418461821372,0.38544006686764604,0.16027830075099347
2023/24,262,current_only,0.14233551798262367,0.6655369445081447,0.355340696913442
2023/24,263,current_only,0.07940722908257447,0.45729497638037925,0.2036304256853968
2023/24,264,current_only,0.18791843840732528,0.7924994568935722,0.4493000380723643
2023/24,265,current_only,0.2904335875606314,1.0492020754583635,0.6441067609615033
2023/24,266,current_only,0.13420731915243447,0.6305361005280903,0.3283463841426006
2023/24,267,current_only,0.4458908666662553,1.5814341930208118,0.972209418128344
2023/24,268,current_only,0.13672359036712148,1.3375861371461863,0.8173851561165975
2023/24,269,current_only,0.41406836209002945,1.4374977723109812,0.8987471207461804
2023/24,270,current_only,0.17864083999979286,1.4498045074271224,0.9430941188728238
2023/24,271,current_only,0.13404374049743947,0.6319469459384514,0.3295330322570583
2023/24,272,current_only,0.36590147162524467,1.3189933922489872,0.8164181921597762
2023/24,273,current_only,0.12934729008429768,0.6162787245249151,0.3178131662894884
2023/24,274,current_only,0.08747456639307874,0.48672065818612004,0.22456207930641517
2023/24,275,current_only,0.16929241196254183,1.31659809883206,0.8743420421540495
2023/24,276,current_only,0.27204699207365995,1.0343535124147498,0.6258075214999731
2023/24,277,current_only,0.15404017914454354,1.3004846790504534,0.8374825045153721
2023/24,278,current_only,0.13609176337590018,1.3111779320120245,0.8058102501663355
2023/24,279,current_only,0.327457969210464,1.2077923389596803,0.7431386260831705
2023/24,280,current_only,0.23127577575471933,1.724555998847555,1.1378210338498222
2023/24,281,current_only,0.12952451524741107,0.6265281584266146,0.32658140930621693
2023/24,282,current_only,0.18324121342676147,1.5088518840228082,0.9730683251100816
2023/24,283,current_only,0.28932914156722955,1.0439951573315993,0.640879087345135
2023/24,284,current_only,0.17416604679761555,0.7627084795782716,0.4275173695560802
2023/24,285,current_only,0.1343871431326009,1.243986418059552,0.775386679814065
2023/24,286,current_only,0.15904378767757266,0.7203097525978049,0.39644595252733805
2023/24,287,current_only,0.12164561078602504,1.1944932176360994,0.7292990289759551
2023/24,288,current_only,0.21526427907004278,0.8681617684736038,0.5056041335645987
2023/24,289,current_only,0.10729202505687971,0.5409404916465775,0.26199067602551995
2023/24,290,current_only,0.33371627469687015,1.213371479261079,0.7493877665533407
2023/24,291,current_only,0.24880641879386406,1.70387355089762,1.1667740425701907
2023/24,292,current_only,0.147837010944678,1.4339749285836367,0.8757701597772443
2023/24,293,current_only,0.2057101035561213,0.8646173371646454,0.502827095095689
2023/24,294,current_only,0.12946987876833654,1.2436616544389512,0.7654188846450216
2023/24,295,current_only,0.178863081259264,0.7368240578990043,0.40983763986602106
2023/24,296,current_only,0.21832598775318585,0.8767215974120549,0.5119447984541459
2023/24,297,current_only,0.06997192673601908,0.422012743259036,0.17911690706433075
2023/24,298,current_only,0.2534877468953608,1.0042954592239968,0.6024805413059461
2023/24,299,current_only,0.12041200614844577,1.1774869567710347,0.7196161653795737
2023/24,300,current_only,0.4192249148816168,1.5335914879906578,0.9355263822099898
2023/24,301,current_only,0.03106137225523095,0.26260498244984687,0.08095692312301069
2023/24,302,current_only,0.17641950490226974,0.7540762451633017,0.4206799926980489
2023/24,303,current_only,0.17481681556273096,0.7681304059071815,0.43183294273723183
2023/24,304,current_only,0.031337169115996495,0.2633369802651736,0.08124076955171247
2023/24,305,current_only,0.01749979592097284,0.19076458296217524,0.04584100313512453
2023/24,306,current_only,0.32209610947362194,1.1153802900634229,0.69878859406951
2023/24,215,midseason_reset,0.19871120335919096,0.8248023255959879,0.4732824711393475
2023/24,216,midseason_reset,0.10683183813184469,0.5517426636097286,0.2713092023536698
2023/24,217,midseason_reset,0.11389458253233364,0.5716982162668722,0.2853992564108909
2023/24,218,midseason_reset,0.22536976723961605,0.9042123029587964,0.5316322524906931
2023/24,219,midseason_reset,0.13548519102553014,1.2198409301467135,0.7676047014947435
2023/24,220,midseason_reset,0.03233825134299482,0.27019389773926206,0.08539515831853377
2023/24,221,midseason_reset,0.15375347660099384,0.7055812139022305,0.38574184467985273
2023/24,222,midseason_reset,0.09520959364909216,0.5091870791880238,0.23986567547921486
2023/24,223,midseason_reset,0.2985571290281604,1.103932856308752,0.6759288559160738
2023/24,224,midseason_reset,0.16281080062916112,0.7044541117351751,0.38375383283000775
2023/24,225,midseason_reset,0.08901407883155506,0.4981954198077739,0.23430418258198188
2023/24,226,midseason_reset,0.13681215302717487,0.6556122635982053,0.3492522150618005
2023/24,227,midseason_reset,0.11595291307192629,1.1300284285037376,0.6902022316096934
2023/24,228,midseason_reset,0.15534465015442037,0.6967815149226659,0.37786256147804365
2023/24,229,midseason_reset,0.1399549409253932,0.643114343301473,0.3375242027427839
2023/24,230,midseason_reset,0.2829893795082073,1.0411916213400838,0.6351591667362655
2023/24,231,midseason_reset,0.16385618896131066,0.697395973696193,0.37932639339910884
2023/24,232,midseason_reset,0.21995754244846855,0.9014403554105395,0.5292892476899229
2023/24,233,midseason_reset,0.08692765340856265,0.4840747889142663,0.22253043715275594
2023/24,234,midseason_reset,0.13194908562238863,0.6204404264710704,0.3206730784611311
2023/24,235,midseason_reset,0.15692430653600267,1.334116874595434,0.8564419037124
2023/24,236,midseason_reset,0.044350039781623996,0.3252432271620793,0.11756332059345574
2023/24,237,midseason_reset,0.3762111468456357,1.3055497192179697,0.8194274620631842
2023/24,238,midseason_reset,0.24522708122060266,1.6956604145291003,1.1571623104144089
2023/24,239,midseason_reset,0.5109798345135984,1.6564111440197338,1.0632556233890254
2023/24,240,midseason_reset,0.28724835963317785,1.0894218905649682,0.6629014113079867
2023/24,241,midseason_reset,0.16640676562365397,1.3053095157071142,0.8641253371550803
2023/24,242,midseason_reset,0.18810798806167922,1.3347093820601401,0.9190391348971418
2023/24,243,midseason_reset,0.1426082586436856,1.2809514416866359,0.8068285157343136
2023/24,244,midseason_reset,0.1394516768976781,1.2511892629963797,0.7884648034552274
2023/24,245,midseason_reset,0.13208186112230996,0.6239969334649924,0.3234872313547839
2023/24,246,midseason_reset,0.48219413202147554,1.6062480493201596,1.016789702104104
2023/24,247,midseason_reset,0.3414181346742815,1.236430408456593,0.7646928414755764
2023/24,248,midseason_reset,0.09980297834868944,0.5380854740058449,0.26388771892040835
2023/24,249,midseason_reset,0.132076767840177,0.6284949472243102,0.32721696067368145
2023/24,250,midseason_reset,0.1509496079945954,0.6697889595246426,0.35761422792226444
2023/24,251,midseason_reset,0.33678185699649865,1.1667665229889417,0.7321933501854971
2023/24,252,midseason_reset,0.41604596359995866,1.446585561953502,0.9034862607416553
2023/24,253,midseason_reset,0.1201967983826839,0.598017840272284,0.30575907920295986
2023/24,254,midseason_reset,0.1085214468214041,0.5583243436415848,0.2763045287583562
2023/24,255,midseason_reset,0.20655818280881064,0.8322769871498963,0.47989695919456954
2023/24,256,midseason_reset,0.09805302277185943,0.5266586966925717,0.2540296255086243
2023/24,257,midseason_reset,0.13663194254200528,1.2357067423000934,0.7764706896366627
2023/24,258,midseason_reset,0.030358655754951662,0.2588656405773655,0.07888836130612784
2023/24,259,midseason_reset,0.12202664855631673,0.5908049528439786,0.2987684929711161
2023/24,260,midseason_reset,0.18890472349792242,0.7845608518264288,0.4438260336283139
2023/24,261,midseason_reset,0.05630418461821372,0.38544006686764604,0.16027830075099347
2023/24,262,midseason_reset,0.14233551798262367,0.6655369445081447,0.355340696913442
2023/24,263,midseason_reset,0.07940722908257447,0.45729497638037925,0.2036304256853968
2023/24,264,midseason_reset,0.18791843840732528,0.7924994568935722,0.4493000380723643
2023/24,265,midseason_reset,0.2904335875606314,1.0492020754583635,0.6441067609615033
2023/24,266,midseason_reset,0.13420731915243447,0.6305361005280903,0.3283463841426006
2023/24,267,midseason_reset,0.4458908666662553,1.5814341930208118,0.972209418128344
2023/24,268,midseason_reset,0.13672359036712148,1.3375861371461863,0.8173851561165975
2023/24,269,midseason_reset,0.41406836209002945,1.4374977723109812,0.8987471207461804
2023/24,270,midseason_reset,0.17864083999979286,1.4498045074271224,0.9430941188728238
2023/24,271,midseason_reset,0.13404374049743947,0.6319469459384514,0.3295330322570583
2023/24,272,midseason_reset,0.36590147162524467,1.3189933922489872,0.8164181921597762
2023/24,273,midseason_reset,0.12934729008429768,0.6162787245249151,0.3178131662894884
2023/24,274,midseason_reset,0.08747456639307874,0.48672065818612004,0.22456207930641517
2023/24,275,midseason_reset,0.16929241196254183,1.31659809883206,0.8743420421540495
2023/24,276,midseason_reset,0.27204699207365995,1.0343535124147498,0.6258075214999731
2023/24,277,midseason_reset,0.15404017914454354,1.3004846790504534,0.8374825045153721
2023/24,278,midseason_reset,0.13609176337590018,1.3111779320120245,0.8058102501663355
2023/24,279,midseason_reset,0.327457969210464,1.2077923389596803,0.7431386260831705
2023/24,280,midseason_reset,0.23127577575471933,1.724555998847555,1.1378210338498222
2023/24,281,midseason_reset,0.12952451524741107,0.6265281584266146,0.32658140930621693
2023/24,282,midseason_reset,0.18324121342676147,1.5088518840228082,0.9730683251100816
2023/24,283,midseason_reset,0.28932914156722955,1.0439951573315993,0.640879087345135
2023/24,284,midseason_reset,0.17416604679761555,0.7627084795782716,0.4275173695560802
2023/24,285,midseason_reset,0.1343871431326009,1.243986418059552,0.775386679814065
2023/24,286,midseason_reset,0.15904378767757266,0.7203097525978049,0.39644595252733805
2023/24,287,midseason_reset,0.12164561078602504,1.1944932176360994,0.7292990289759551
2023/24,288,midseason_reset,0.21526427907004278,0.8681617684736038,0.5056041335645987
2023/24,289,midseason_reset,0.10729202505687971,0.5409404916465775,0.26199067602551995
2023/24,290,midseason_reset,0.33371627469687015,1.213371479261079,0.7493877665533407
2023/24,291,midseason_reset,0.24880641879386406,1.70387355089762,1.1667740425701907
2023/24,292,midseason_reset,0.147837010944678,1.4339749285836367,0.8757701597772443
2023/24,293,midseason_reset,0.2057101035561213,0.8646173371646454,0.502827095095689
2023/24,294,midseason_reset,0.12946987876833654,1.2436616544389512,0.7654188846450216
2023/24,295,midseason_reset,0.178863081259264,0.7368240578990043,0.40983763986602106
2023/24,296,midseason_reset,0.21832598775318585,0.8767215974120549,0.5119447984541459
2023/24,297,midseason_reset,0.06997192673601908,0.422012743259036,0.17911690706433075
2023/24,298,midseason_reset,0.2534877468953608,1.0042954592239968,0.6024805413059461
2023/24,299,midseason_reset,0.12041200614844577,1.1774869567710347,0.7196161653795737
2023/24,300,midseason_reset,0.4192249148816168,1.5335914879906578,0.9355263822099898
2023/24,301,midseason_reset,0.03106137225523095,0.26260498244984687,0.08095692312301069
2023/24,302,midseason_reset,0.17641950490226974,0.7540762451633017,0.4206799926980489
2023/24,303,midseason_reset,0.17481681556273096,0.7681304059071815,0.43183294273723183
2023/24,304,midseason_reset,0.031337169115996495,0.2633369802651736,0.08124076955171247
2023/24,305,midseason_reset,0.01749979592097284,0.19076458296217524,0.04584100313512453
2023/24,306,midseason_reset,0.32209610947362194,1.1153802900634229,0.69878859406951
2023/24,215,soft_blend_h10,0.17692003607859041,0.7614008839949978,0.42612592650766995
2023/24,216,soft_blend_h10,0.10863399795745163,0.5563259303476679,0.2744169516722114
2023/24,217,soft_blend_h10,0.10388069557712973,0.5400905966293801,0.26249472809757046
2023/24,218,soft_blend_h10,0.22325920309814395,0.8993761132670428,0.5280332742701525
2023/24,219,soft_blend_h10,0.13814284394271045,1.2392802350525753,0.7809643880985511
2023/24,220,soft_blend_h10,0.032701973674440166,0.272754563742263,0.08700670919397528
2023/24,221,soft_blend_h10,0.1483661958445858,0.6865464729056607,0.37126621324256703
2023/24,222,soft_blend_h10,0.09671329595271111,0.5131967508799608,0.2425921079576024
2023/24,223,soft_blend_h10,0.32268483061914405,1.1666293437043926,0.7208833765885706
2023/24,224,soft_blend_h10,0.17783789153079332,0.7471068008165057,0.4160403257512931
2023/24,225,soft_blend_h10,0.08590240968487761,0.488345312040298,0.22762082563104824
2023/24,226,soft_blend_h10,0.12573523059645736,0.6187193715544368,0.32162534410169286
2023/24,227,soft_blend_h10,0.11768989807329015,1.1417879070465369,0.6988034547059154
2023/24,228,soft_blend_h10,0.14847841395447225,0.6757369548109534,0.3621312035542938
2023/24,229,soft_blend_h10,0.11567014924080728,0.5645702891447274,0.2791712687849126
2023/24,230,soft_blend_h10,0.2933838222985117,1.0763209873350317,0.6590831309841085
2023/24,231,soft_blend_h10,0.16915095288925075,0.7128447591585713,0.39104348514995735
2023/24,232,soft_blend_h10,0.2215358451146468,0.90609819380909,0.5326526780345844
2023/24,233,soft_blend_h10,0.08350212109405393,0.47129134069942724,0.21333990815452056
2023/24,234,soft_blend_h10,0.14206392075321667,0.6499064367333217,0.34260681541619714
2023/24,235,soft_blend_h10,0.15590758768758275,1.3376647351944642,0.8557835805629862
2023/24,236,soft_blend_h10,0.04184061718257877,0.3143333830502296,0.11096504186379463
2023/24,237,soft_blend_h10,0.3544159862742502,1.2379936885889908,0.7751978396119357
2023/24,238,soft_blend_h10,0.24640478195382912,1.7030654876005178,1.1617301142159016
2023/24,239,soft_blend_h10,0.5164967080251419,1.6738129942572173,1.0737266006868256
2023/24,240,soft_blend_h10,0.2858154679182454,1.0892864100984987,0.6623123610464717
2023/24,241,soft_blend_h10,0.1626744505591873,1.2827461350416518,0.8476805870747431
2023/24,242,soft_blend_h10,0.1954669303801311,1.3669343241113503,0.9461269984639282
2023/24,243,soft_blend_h10,0.1507394213543225,1.3118725468709445,0.8353790050297673
2023/24,244,soft_blend_h10,0.1389784230203422,1.2458176215415606,0.7853201901368928
2023/24,245,soft_blend_h10,0.1273898762020916,0.6088414914080044,0.3122002568292132
2023/24,246,soft_blend_h10,0.483125750729671,1.6158386185422213,1.0200213332683237
2023/24,247,soft_blend_h10,0.33427314144083475,1.2175756105064874,0.7516599660144059
2023/24,248,soft_blend_h10,0.09499994881002544,0.5202899607527757,0.25058096456959683
2023/24,249,soft_blend_h10,0.13479968002973403,0.635591496423196,0.33235218906198055
2023/24,250,soft_blend_h10,0.17191958564562,0.7287436210149695,0.4022661145962887
2023/24,251,soft_blend_h10,0.3465631844670658,1.1962617330180965,0.7523678484984744
2023/24,252,soft_blend_h10,0.4201311065424953,1.4580530239249945,0.910921161048929
2023/24,253,soft_blend_h10,0.12358046529384026,0.6099690420432853,0.314782620834832
2023/24,254,soft_blend_h10,0.1150458021505423,0.5791717283543288,0.2914853337777852
2023/24,255,soft_blend_h10,0.20975483347479845,0.840694668131512,0.48628145208771356
2023/24,256,soft_blend_h10,0.0901754320359572,0.49912875321734623,0.23410775120742205
2023/24,257,soft_blend_h10,0.1384330418185155,1.2444884356268058,0.7836844289435827
2023/24,258,soft_blend_h10,0.034673989744608044,0.27917412703876693,0.08995079513403659
2023/24,259,soft_blend_h10,0.11792767778069414,0.5772444113227928,0.28872499744163505
2023/24,260,soft_blend_h10,0.18307276915966536,0.7697384678531203,0.4325667654973082
2023/24,261,soft_blend_h10,0.05267300094903775,0.3697028711198253,0.14941484191369359
2023/24,262,soft_blend_h10,0.15393094221388076,0.6967965636981625,0.3781396751989406
2023/24,263,soft_blend_h10,0.08129447569446992,0.4646172461120836,0.20887848809920023
2023/24,264,soft_blend_h10,0.17771033481197548,0.7600222861166871,0.425094989352549
2023/24,265,soft_blend_h10,0.2831831059859819,1.0300140792812251,0.629844299572885
2023/24,266,soft_blend_h10,0.14065259749400902,0.6515709020925925,0.34408605788561986
2023/24,267,soft_blend_h10,0.4541928538559384,1.603188768407217,0.9860904785593064
2023/24,268,soft_blend_h10,0.1360157605677948,1.3264936825525684,0.8116595277443264
2023/24,269,soft_blend_h10,0.4142381828720878,1.4413967313977671,0.9001553585407075
2023/24,270,soft_blend_h10,0.18048778934855997,1.4564222482590239,0.9491592795434216
2023/24,271,soft_blend_h10,0.13475270031568343,0.6324788271130531,0.3298081814664388
2023/24,272,soft_blend_h10,0.37333369056210497,1.33897818535856,0.8297441697770267
2023/24,273,soft_blend_h10,0.12357556157268873,0.5978529467778657,0.3041380390709409
2023/24,274,soft_blend_h10,0.09065562442251282,0.49580459928872483,0.2306484331995067
2023/24,275,soft_blend_h10,0.17314563137431072,1.3295698542674563,0.8871175871709854
2023/24,276,soft_blend_h10,0.2743320463352771,1.043825298252824,0.6321118974316543
2023/24,277,soft_blend_h10,0.1552647936597121,1.3062595911235124,0.8422167501962445
2023/24,278,soft_blend_h10,0.13546490994866534,1.3057731292621952,0.8024248188142121
2023/24,279,soft_blend_h10,0.3259047924908185,1.202558351921413,0.7397702884591233
2023/24,280,soft_blend_h10,0.22625339567655237,1.7133849232152607,1.12448929449695
2023/24,281,soft_blend_h10,0.1279575532744296,0.6207381991795363,0.32216204748798644
2023/24,282,soft_blend_h10,0.17843705941766888,1.4798293779700138,0.9533576585192286
2023/24,283,soft_blend_h10,0.2866011205458695,1.0369605091212142,0.6355913591287778
2023/24,284,soft_blend_h10,0.162225633943278,0.7268231490024324,0.40091293056132954
2023/24,285,soft_blend_h10,0.13314444536729025,1.2518507924981954,0.776120553758525
2023/24,286,soft_blend_h10,0.1544042176879097,0.708199745377307,0.3877767686878119
2023/24,287,soft_blend_h10,0.12043326426285103,1.1842070498575676,0.7225181892866883
2023/24,288,soft_blend_h10,0.22381853845782032,0.8906398381955882,0.5223725789204039
2023/24,289,soft_blend_h10,0.11026379855655506,0.5512002054160969,0.26951521596050937
2023/24,290,soft_blend_h10,0.3279877771160667,1.194658724492552,0.7372039969601764
2023/24,291,soft_blend_h10,0.24847104982262685,1.706316102222461,1.1668298182069592
2023/24,292,soft_blend_h10,0.14755012994391825,1.4308310775937905,0.8740536684889866
2023/24,293,soft_blend_h10,0.2024163394918496,0.856044551777488,0.4966960036764097
2023/24,294,soft_blend_h10,0.12953154213737447,1.2449730559021694,0.7660801857522282
2023/24,295,soft_blend_h10,0.1912583738433129,0.7726426176492892,0.4370386584281568
2023/24,296,soft_blend_h10,0.2070497998590181,0.8438044981399784,0.48761103750502877
2023/24,297,soft_blend_h10,0.07050472528898112,0.4233997995214924,0.17995201526529728
2023/24,298,soft_blend_h10,0.25105851412241764,0.9972745493869648,0.5975502207084793
2023/24,299,soft_blend_h10,0.12199359688470238,1.1885916752865384,0.7274988048296681
2023/24,300,soft_blend_h10,0.41792836666096916,1.522427825617851,0.9306475054441454
2023/24,301,soft_blend_h10,0.03543074918184091,0.2829795021868447,0.09214345610221718
2023/24,302,soft_blend_h10,0.17662590062995107,0.757570316334902,0.4232557044541816
2023/24,303,soft_blend_h10,0.1771327514414766,0.7741617569548335,0.43619931264923445
2023/24,304,soft_blend_h10,0.033980431388098566,0.2761952210041449,0.08833965831821462
2023/24,305,soft_blend_h10,0.01812954219813287,0.1947221712280728,0.047614712796294596
2023/24,306,soft_blend_h10,0.3397062799909123,1.1564793318214597,0.7311945227686447
2023/24,215,cosine_taper_k18,0.19871120335919096,0.8248023255959879,0.4732824711393475
2023/24,216,cosine_taper_k18,0.10683183813184469,0.5517426636097286,0.2713092023536698
2023/24,217,cosine_taper_k18,0.11389458253233364,0.5716982162668722,0.2853992564108909
2023/24,218,cosine_taper_k18,0.22536976723961605,0.9042123029587964,0.5316322524906931
2023/24,219,cosine_taper_k18,0.13548519102553014,1.2198409301467135,0.7676047014947435
2023/24,220,cosine_taper_k18,0.03233825134299482,0.27019389773926206,0.08539515831853377
2023/24,221,cosine_taper_k18,0.15375347660099384,0.7055812139022305,0.38574184467985273
2023/24,222,cosine_taper_k18,0.09520959364909216,0.5091870791880238,0.23986567547921486
2023/24,223,cosine_taper_k18,0.2985571290281604,1.103932856308752,0.6759288559160738
2023/24,224,cosine_taper_k18,0.16281080062916112,0.7044541117351751,0.38375383283000775
2023/24,225,cosine_taper_k18,0.08901407883155506,0.4981954198077739,0.23430418258198188
2023/24,226,cosine_taper_k18,0.13681215302717487,0.6556122635982053,0.3492522150618005
2023/24,227,cosine_taper_k18,0.11595291307192629,1.1300284285037376,0.6902022316096934
2023/24,228,cosine_taper_k18,0.15534465015442037,0.6967815149226659,0.37786256147804365
2023/24,229,cosine_taper_k18,0.1399549409253932,0.643114343301473,0.3375242027427839
2023/24,230,cosine_taper_k18,0.2829893795082073,1.0411916213400838,0.6351591667362655
2023/24,231,cosine_taper_k18,0.16385618896131066,0.697395973696193,0.37932639339910884
2023/24,232,cosine_taper_k18,0.21995754244846855,0.9014403554105395,0.5292892476899229
2023/24,233,cosine_taper_k18,0.08692765340856265,0.4840747889142663,0.22253043715275594
2023/24,234,cosine_taper_k18,0.13194908562238863,0.6204404264710704,0.3206730784611311
2023/24,235,cosine_taper_k18,0.15692430653600267,1.334116874595434,0.8564419037124
2023/24,236,cosine_taper_k18,0.044350039781623996,0.3252432271620793,0.11756332059345574
2023/24,237,cosine_taper_k18,0.3762111468456357,1.3055497192179697,0.8194274620631842
2023/24,238,cosine_taper_k18,0.24522708122060266,1.6956604145291003,1.1571623104144089
2023/24,239,cosine_taper_k18,0.5109798345135984,1.6564111440197338,1.0632556233890254
2023/24,240,cosine_taper_k18,0.28724835963317785,1.0894218905649682,0.6629014113079867
2023/24,241,cosine_taper_k18,0.16640676562365397,1.3053095157071142,0.8641253371550803
2023/24,242,cosine_taper_k18,0.18810798806167922,1.3347093820601401,0.9190391348971418
2023/24,243,cosine_taper_k18,0.1426082586436856,1.2809514416866359,0.8068285157343136
2023/24,244,cosine_taper_k18,0.1394516768976781,1.2511892629963797,0.7884648034552274
2023/24,245,cosine_taper_k18,0.13208186112230996,0.6239969334649924,0.3234872313547839
2023/24,246,cosine_taper_k18,0.48219413202147554,1.6062480493201596,1.016789702104104
2023/24,247,cosine_taper_k18,0.3414181346742815,1.236430408456593,0.7646928414755764
2023/24,248,cosine_taper_k18,0.09980297834868944,0.5380854740058449,0.26388771892040835
2023/24,249,cosine_taper_k18,0.132076767840177,0.6284949472243102,0.32721696067368145
2023/24,250,cosine_taper_k18,0.1509496079945954,0.6697889595246426,0.35761422792226444
2023/24,251,cosine_taper_k18,0.33678185699649865,1.1667665229889417,0.7321933501854971
2023/24,252,cosine_taper_k18,0.41604596359995866,1.446585561953502,0.9034862607416553
2023/24,253,cosine_taper_k18,0.1201967983826839,0.598017840272284,0.30575907920295986
2023/24,254,cosine_taper_k18,0.1085214468214041,0.5583243436415848,0.2763045287583562
2023/24,255,cosine_taper_k18,0.20655818280881064,0.8322769871498963,0.47989695919456954
2023/24,256,cosine_taper_k18,0.09805302277185943,0.5266586966925717,0.2540296255086243
2023/24,257,cosine_taper_k18,0.13663194254200528,1.2357067423000934,0.7764706896366627
2023/24,258,cosine_taper_k18,0.030358655754951662,0.2588656405773655,0.07888836130612784
2023/24,259,cosine_taper_k18,0.12202664855631673,0.5908049528439786,0.2987684929711161
2023/24,260,cosine_taper_k18,0.18890472349792242,0.7845608518264288,0.4438260336283139
2023/24,261,cosine_taper_k18,0.05630418461821372,0.38544006686764604,0.16027830075099347
2023/24,262,cosine_taper_k18,0.14233551798262367,0.6655369445081447,0.355340696913442
2023/24,263,cosine_taper_k18,0.07940722908257447,0.45729497638037925,0.2036304256853968
2023/24,264,cosine_taper_k18,0.18791843840732528,0.7924994568935722,0.4493000380723643
2023/24,265,cosine_taper_k18,0.2904335875606314,1.0492020754583635,0.6441067609615033
2023/24,266,cosine_taper_k18,0.13420731915243447,0.6305361005280903,0.3283463841426006
2023/24,267,cosine_taper_k18,0.4458908666662553,1.5814341930208118,0.972209418128344
2023/24,268,cosine_taper_k18,0.13672359036712148,1.3375861371461863,0.8173851561165975
2023/24,269,cosine_taper_k18,0.41406836209002945,1.4374977723109812,0.8987471207461804
2023/24,270,cosine_taper_k18,0.17864083999979286,1.4498045074271224,0.9430941188728238
2023/24,271,cosine_taper_k18,0.13404374049743947,0.6319469459384514,0.3295330322570583
2023/24,272,cosine_taper_k18,0.36590147162524467,1.3189933922489872,0.8164181921597762
2023/24,273,cosine_taper_k18,0.12934729008429768,0.6162787245249151,0.3178131662894884
2023/24,274,cosine_taper_k18,0.08747456639307874,0.48672065818612004,0.22456207930641517
2023/24,275,cosine_taper_k18,0.16929241196254183,1.31659809883206,0.8743420421540495
2023/24,276,cosine_taper_k18,0.27204699207365995,1.0343535124147498,0.6258075214999731
2023/24,277,cosine_taper_k18,0.15404017914454354,1.3004846790504534,0.8374825045153721
2023/24,278,cosine_taper_k18,0.13609176337590018,1.3111779320120245,0.8058102501663355
2023/24,279,cosine_taper_k18,0.327457969210464,1.2077923389596803,0.7431386260831705
2023/24,280,cosine_taper_k18,0.23127577575471933,1.724555998847555,1.1378210338498222
2023/24,281,cosine_taper_k18,0.12952451524741107,0.6265281584266146,0.32658140930621693
2023/24,282,cosine_taper_k18,0.18324121342676147,1.5088518840228082,0.9730683251100816
2023/24,283,cosine_taper_k18,0.28932914156722955,1.0439951573315993,0.640879087345135
2023/24,284,cosine_taper_k18,0.17416604679761555,0.7627084795782716,0.4275173695560802
2023/24,285,cosine_taper_k18,0.1343871431326009,1.243986418059552,0.775386679814065
2023/24,286,cosine_taper_k18,0.15904378767757266,0.7203097525978049,0.39644595252733805
2023/24,287,cosine_taper_k18,0.12164561078602504,1.1944932176360994,0.7292990289759551
2023/24,288,cosine_taper_k18,0.21526427907004278,0.8681617684736038,0.5056041335645987
2023/24,289,cosine_taper_k18,0.10729202505687971,0.5409404916465775,0.26199067602551995
2023/24,290,cosine_taper_k18,0.33371627469687015,1.213371479261079,0.7493877665533407
2023/24,291,cosine_taper_k18,0.24880641879386406,1.70387355089762,1.1667740425701907
2023/24,292,cosine_taper_k18,0.147837010944678,1.4339749285836367,0.8757701597772443
2023/24,293,cosine_taper_k18,0.2057101035561213,0.8646173371646454,0.502827095095689
2023/24,294,cosine_taper_k18,0.12946987876833654,1.2436616544389512,0.7654188846450216
2023/24,295,cosine_taper_k18,0.178863081259264,0.7368240578990043,0.40983763986602106
2023/24,296,cosine_taper_k18,0.21832598775318585,0.8767215974120549,0.5119447984541459
2023/24,297,cosine_taper_k18,0.06997192673601908,0.422012743259036,0.17911690706433075
2023/24,298,cosine_taper_k18,0.2534877468953608,1.0042954592239968,0.6024805413059461
2023/24,299,cosine_taper_k18,0.12041200614844577,1.1774869567710347,0.7196161653795737
2023/24,300,cosine_taper_k18,0.4192249148816168,1.5335914879906578,0.9355263822099898
2023/24,301,cosine_taper_k18,0.03106137225523095,0.26260498244984687,0.08095692312301069
2023/24,302,cosine_taper_k18,0.17641950490226974,0.7540762451633017,0.4206799926980489
2023/24,303,cosine_taper_k18,0.17481681556273096,0.7681304059071815,0.43183294273723183
2023/24,304,cosine_taper_k18,0.031337169115996495,0.2633369802651736,0.08124076955171247
2023/24,305,cosine_taper_k18,0.01749979592097284,0.19076458296217524,0.04584100313512453
2023/24,306,cosine_taper_k18,0.32209610947362194,1.1153802900634229,0.69878859406951
2023/24,215,cosine_taper_k25,0.1982386340658385,0.8234244623039289,0.4722611517739541
2023/24,216,cosine_taper_k25,0.10686959063567555,0.5518389948679854,0.27137422484902063
2023/24,217,cosine_taper_k25,0.11389458253233364,0.5716982162668722,0.2853992564108909
2023/24,218,cosine_taper_k25,0.22536976723961605,0.9042123029587964,0.5316322524906931
2023/24,219,cosine_taper_k25,0.13548519102553014,1.2198409301467135,0.7676047014947435
2023/24,220,cosine_taper_k25,0.03233825134299482,0.27019389773926206,0.08539515831853377
2023/24,221,cosine_taper_k25,0.15375347660099384,0.7055812139022305,0.38574184467985273
2023/24,222,cosine_taper_k25,0.09520959364909216,0.5091870791880238,0.23986567547921486
2023/24,223,cosine_taper_k25,0.2985571290281604,1.103932856308752,0.6759288559160738
2023/24,224,cosine_taper_k25,0.16281080062916112,0.7044541117351751,0.38375383283000775
2023/24,225,cosine_taper_k25,0.08901407883155506,0.4981954198077739,0.23430418258198188
2023/24,226,cosine_taper_k25,0.13681215302717487,0.6556122635982053,0.3492522150618005
2023/24,227,cosine_taper_k25,0.11595291307192629,1.1300284285037376,0.6902022316096934
2023/24,228,cosine_taper_k25,0.15534465015442037,0.6967815149226659,0.37786256147804365
2023/24,229,cosine_taper_k25,0.1399549409253932,0.643114343301473,0.3375242027427839
2023/24,230,cosine_taper_k25,0.2829893795082073,1.0411916213400838,0.6351591667362655
2023/24,231,cosine_taper_k25,0.16385618896131066,0.697395973696193,0.37932639339910884
2023/24,232,cosine_taper_k25,0.21995754244846855,0.9014403554105395,0.5292892476899229
2023/24,233,cosine_taper_k25,0.08692765340856265,0.4840747889142663,0.22253043715275594
2023/24,234,cosine_taper_k25,0.13194908562238863,0.6204404264710704,0.3206730784611311
2023/24,235,cosine_taper_k25,0.15692430653600267,1.334116874595434,0.8564419037124
2023/24,236,cosine_taper_k25,0.044350039781623996,0.3252432271620793,0.11756332059345574
2023/24,237,cosine_taper_k25,0.3762111468456357,1.3055497192179697,0.8194274620631842
2023/24,238,cosine_taper_k25,0.24522708122060266,1.6956604145291003,1.1571623104144089
2023/24,239,cosine_taper_k25,0.5109798345135984,1.6564111440197338,1.0632556233890254
2023/24,240,cosine_taper_k25,0.28724835963317785,1.0894218905649682,0.6629014113079867
2023/24,241,cosine_taper_k25,0.16640676562365397,1.3053095157071142,0.8641253371550803
2023/24,242,cosine_taper_k25,0.18810798806167922,1.3347093820601401,0.9190391348971418
2023/24,243,cosine_taper_k25,0.1426082586436856,1.2809514416866359,0.8068285157343136
2023/24,244,cosine_taper_k25,0.1394516768976781,1.2511892629963797,0.7884648034552274
2023/24,245,cosine_taper_k25,0.13208186112230996,0.6239969334649924,0.3234872313547839
2023/24,246,cosine_taper_k25,0.48219413202147554,1.6062480493201596,1.016789702104104
2023/24,247,cosine_taper_k25,0.3414181346742815,1.236430408456593,0.7646928414755764
2023/24,248,cosine_taper_k25,0.09980297834868944,0.5380854740058449,0.26388771892040835
2023/24,249,cosine_taper_k25,0.132076767840177,0.6284949472243102,0.32721696067368145
2023/24,250,cosine_taper_k25,0.1509496079945954,0.6697889595246426,0.35761422792226444
2023/24,251,cosine_taper_k25,0.33678185699649865,1.1667665229889417,0.7321933501854971
2023/24,252,cosine_taper_k25,0.41604596359995866,1.446585561953502,0.9034862607416553
2023/24,253,cosine_taper_k25,0.1201967983826839,0.598017840272284,0.30575907920295986
2023/24,254,cosine_taper_k25,0.1085214468214041,0.5583243436415848,0.2763045287583562
2023/24,255,cosine_taper_k25,0.20655818280881064,0.8322769871498963,0.47989695919456954
2023/24,256,cosine_taper_k25,0.09805302277185943,0.5266586966925717,0.2540296255086243
2023/24,257,cosine_taper_k25,0.13663194254200528,1.2357067423000934,0.7764706896366627
2023/24,258,cosine_taper_k25,0.030358655754951662,0.2588656405773655,0.07888836130612784
2023/24,259,cosine_taper_k25,0.12202664855631673,0.5908049528439786,0.2987684929711161
2023/24,260,cosine_taper_k25,0.18890472349792242,0.7845608518264288,0.4438260336283139
2023/24,261,cosine_taper_k25,0.05630418461821372,0.38544006686764604,0.16027830075099347
2023/24,262,cosine_taper_k25,0.14233551798262367,0.6655369445081447,0.355340696913442
2023/24,263,cosine_taper_k25,0.07940722908257447,0.45729497638037925,0.2036304256853968
2023/24,264,cosine_taper_k25,0.18791843840732528,0.7924994568935722,0.4493000380723643
2023/24,265,cosine_taper_k25,0.2904335875606314,1.0492020754583635,0.6441067609615033
2023/24,266,cosine_taper_k25,0.13420731915243447,0.6305361005280903,0.3283463841426006
2023/24,267,cosine_taper_k25,0.4458908666662553,1.5814341930208118,0.972209418128344
2023/24,268,cosine_taper_k25,0.13672359036712148,1.3375861371461863,0.8173851561165975
2023/24,269,cosine_taper_k25,0.41406836209002945,1.4374977723109812,0.8987471207461804
2023/24,270,cosine_taper_k25,0.17864083999979286,1.4498045074271224,0.9430941188728238
2023/24,271,cosine_taper_k25,0.13404374049743947,0.6319469459384514,0.3295330322570583
2023/24,272,cosine_taper_k25,0.36590147162524467,1.3189933922489872,0.8164181921597762
2023/24,273,cosine_taper_k25,0.12934729008429768,0.6162787245249151,0.3178131662894884
2023/24,274,cosine_taper_k25,0.08747456639307874,0.48672065818612004,0.22456207930641517
2023/24,275,cosine_taper_k25,0.16929241196254183,1.31659809883206,0.8743420421540495
2023/24,276,cosine_taper_k25,0.27204699207365995,1.0343535124147498,0.6258075214999731
2023/24,277,cosine_taper_k25,0.15404017914454354,1.3004846790504534,0.8374825045153721
2023/24,278,cosine_taper_k25,0.13609176337590018,1.3111779320120245,0.8058102501663355
2023/24,279,cosine_taper_k25,0.327457969210464,1.2077923389596803,0.7431386260831705
2023/24,280,cosine_taper_k25,0.23127577575471933,1.724555998847555,1.1378210338498222
2023/24,281,cosine_taper_k25,0.12952451524741107,0.6265281584266146,0.32658140930621693
2023/24,282,cosine_taper_k25,0.18324121342676147,1.5088518840228082,0.9730683251100816
2023/24,283,cosine_taper_k25,0.28932914156722955,1.0439951573315993,0.640879087345135
2023/24,284,cosine_taper_k25,0.17416604679761555,0.7627084795782716,0.4275173695560802
2023/24,285,cosine_taper_k25,0.1343871431326009,1.243986418059552,0.775386679814065
2023/24,286,cosine_taper_k25,0.15904378767757266,0.7203097525978049,0.39644595252733805
2023/24,287,cosine_taper_k25,0.12164561078602504,1.1944932176360994,0.7292990289759551
2023/24,288,cosine_taper_k25,0.21526427907004278,0.8681617684736038,0.5056041335645987
2023/24,289,cosine_taper_k25,0.10729202505687971,0.5409404916465775,0.26199067602551995
2023/24,290,cosine_taper_k25,0.33371627469687015,1.213371479261079,0.7493877665533407
2023/24,291,cosine_taper_k25,0.24880641879386406,1.70387355089762,1.1667740425701907
2023/24,292,cosine_taper_k25,0.147837010944678,1.4339749285836367,0.8757701597772443
2023/24,293,cosine_taper_k25,0.2057101035561213,0.8646173371646454,0.502827095095689
2023/24,294,cosine_taper_k25,0.12946987876833654,1.2436616544389512,0.7654188846450216
2023/24,295,cosine_taper_k25,0.178863081259264,0.7368240578990043,0.40983763986602106
2023/24,296,cosine_taper_k25,0.21832598775318585,0.8767215974120549,0.5119447984541459
2023/24,297,cosine_taper_k25,0.06997192673601908,0.422012743259036,0.17911690706433075
2023/24,298,cosine_taper_k25,0.2534877468953608,1.0042954592239968,0.6024805413059461
2023/24,299,cosine_taper_k25,0.12041200614844577,1.1774869567710347,0.7196161653795737
2023/24,300,cosine_taper_k25,0.4192249148816168,1.5335914879906578,0.9355263822099898
2023/24,301,cosine_taper_k25,0.03106137225523095,0.26260498244984687,0.08095692312301069
2023/24,302,cosine_taper_k25,0.17641950490226974,0.7540762451633017,0.4206799926980489
2023/24,303,cosine_taper_k25,0.17481681556273096,0.7681304059071815,0.43183294273723183
2023/24,304,cosine_taper_k25,0.031337169115996495,0.2633369802651736,0.08124076955171247
2023/24,305,cosine_taper_k25,0.01749979592097284,0.19076458296217524,0.04584100313512453
2023/24,306,cosine_taper_k25,0.32209610947362194,1.1153802900634229,0.69878859406951
2023/24,215,cosine_taper_k30,0.1876062750300667,0.7924675405021246,0.4492673026412758
2023/24,216,cosine_taper_k30,0.10773411189628353,0.5540411941737069,0.2728641644587756
2023/24,217,cosine_taper_k30,0.11005605134534892,0.559640528715471,0.27662682322133453
2023/24,218,cosine_taper_k30,0.22457093941065034,0.9023826525132153,0.5302693377523076
2023/24,219,cosine_taper_k30,0.13648512786174835,1.2271399062407864,0.7726357940484483
2023/24,220,cosine_taper_k30,0.03247506303443653,0.2711604346659135,0.08600058739206655
2023/24,221,cosine_taper_k30,0.15170689664648804,0.698348074402631,0.380240043098804
2023/24,222,cosine_taper_k30,0.09577586230267332,0.510699868499073,0.2408919797399907
2023/24,223,cosine_taper_k30,0.3075437907536434,1.1271572776853562,0.692646951980596
2023/24,224,cosine_taper_k30,0.16840698955056355,0.720353371447797,0.3957845370657509
2023/24,225,cosine_taper_k30,0.08783138555319953,0.494463068508637,0.23176479925489057
2023/24,226,cosine_taper_k30,0.13387124136305445,0.645835698035637,0.34191981124844684
2023/24,227,cosine_taper_k30,0.11640004371972318,1.133089221662944,0.6924340864310818
2023/24,228,cosine_taper_k30,0.15353452113530808,0.6912372288279283,0.37371684775004793
2023/24,229,cosine_taper_k30,0.13338325993655914,0.6219787025228934,0.3217354956303762
2023/24,230,cosine_taper_k30,0.28568849503875526,1.0502565379525945,0.6413702514217944
2023/24,231,cosine_taper_k30,0.16523212728709996,0.70141155256923,0.3823718573071277
2023/24,232,cosine_taper_k30,0.2203695634872858,0.9026558968752643,0.530167334098068
2023/24,233,cosine_taper_k30,0.08602546176295021,0.4807171804931536,0.2201089180374146
2023/24,234,cosine_taper_k30,0.13455568539007598,0.6280598929113678,0.3263293161706724
2023/24,235,cosine_taper_k30,0.15675993817780004,1.3346790305330392,0.8563312621321224
2023/24,236,cosine_taper_k30,0.04394695063610692,0.32350402369014164,0.11650354206311427
2023/24,237,cosine_taper_k30,0.3727076890784255,1.2945201780532196,0.8123188938589938
2023/24,238,cosine_taper_k30,0.24541373946747996,1.6968318410897794,1.1578864593590574
2023/24,239,cosine_taper_k30,0.511853098339925,1.6591524381833938,1.0649125896849942
2023/24,240,cosine_taper_k30,0.2870199903909904,1.0894003904984106,0.662804026126295
2023/24,241,cosine_taper_k30,0.16581097377855036,1.301694866291936,0.8615036258397988
2023/24,242,cosine_taper_k30,0.1892622784465738,1.339754214663216,0.9233013543366795
2023/24,243,cosine_taper_k30,0.14383776344405208,1.2857948105632357,0.8112279340674939
2023/24,244,cosine_taper_k30,0.13941567839146904,1.2507802187135775,0.7882256715136264
2023/24,245,cosine_taper_k30,0.1317224762371736,0.6228376299834427,0.3226228205459457
2023/24,246,cosine_taper_k30,0.48226473007646886,1.606973330057142,1.0170342224724247
2023/24,247,cosine_taper_k30,0.3408722387441783,1.2349856541497546,0.7636962036188766
2023/24,248,cosine_taper_k30,0.09943395093988307,0.5367225561394261,0.2628647090220757
2023/24,249,cosine_taper_k30,0.13228242438785354,0.6290322374943371,0.32760465397633676
2023/24,250,cosine_taper_k30,0.15249276737023054,0.6741471921895975,0.3609042834668755
2023/24,251,cosine_taper_k30,0.33751984316520534,1.1689767020221171,0.7337156867082967
2023/24,252,cosine_taper_k30,0.41635543899379923,1.447452030645329,0.9040492180058983
2023/24,253,cosine_taper_k30,0.12026539530664909,0.5982603753940143,0.3059419458792119
2023/24,254,cosine_taper_k30,0.10865267701846992,0.5587455810587716,0.27661013449051347
2023/24,255,cosine_taper_k30,0.20662316828152005,0.8324481092128819,0.4800267503291141
2023/24,256,cosine_taper_k30,0.0978889144850233,0.5260890883108067,0.2536148001945609
2023/24,257,cosine_taper_k30,0.13666831806448562,1.235885232542898,0.7766170332955379
2023/24,258,cosine_taper_k30,0.03044387626054315,0.259276097132814,0.07910691518386523
2023/24,259,cosine_taper_k30,0.12194227689291148,0.5905262974434012,0.29856176012941293
2023/24,260,cosine_taper_k30,0.18878463509471285,0.7842560781365794,0.44359410431530844
2023/24,261,cosine_taper_k30,0.05622884164783036,0.3851163377237267,0.1600526925465164
2023/24,262,cosine_taper_k30,0.14233551798262367,0.6655369445081447,0.355340696913442
2023/24,263,cosine_taper_k30,0.07940722908257447,0.45729497638037925,0.2036304256853968
2023/24,264,cosine_taper_k30,0.18791843840732528,0.7924994568935722,0.4493000380723643
2023/24,265,cosine_taper_k30,0.2904335875606314,1.0492020754583635,0.6441067609615033
2023/24,266,cosine_taper_k30,0.13420731915243447,0.6305361005280903,0.3283463841426006
2023/24,267,cosine_taper_k30,0.4458908666662553,1.5814341930208118,0.972209418128344
2023/24,268,cosine_taper_k30,0.13672359036712148,1.3375861371461863,0.8173851561165975
2023/24,269,cosine_taper_k30,0.41406836209002945,1.4374977723109812,0.8987471207461804
2023/24,270,cosine_taper_k30,0.17864083999979286,1.4498045074271224,0.9430941188728238
2023/24,271,cosine_taper_k30,0.13404374049743947,0.6319469459384514,0.3295330322570583
2023/24,272,cosine_taper_k30,0.36590147162524467,1.3189933922489872,0.8164181921597762
2023/24,273,cosine_taper_k30,0.12934729008429768,0.6162787245249151,0.3178131662894884
2023/24,274,cosine_taper_k30,0.08747456639307874,0.48672065818612004,0.22456207930641517
2023/24,275,cosine_taper_k30,0.16929241196254183,1.31659809883206,0.8743420421540495
2023/24,276,cosine_taper_k30,0.27204699207365995,1.0343535124147498,0.6258075214999731
2023/24,277,cosine_taper_k30,0.15404017914454354,1.3004846790504534,0.8374825045153721
2023/24,278,cosine_taper_k30,0.13609176337590018,1.3111779320120245,0.8058102501663355
2023/24,279,cosine_taper_k30,0.327457969210464,1.2077923389596803,0.7431386260831705
2023/24,280,cosine_taper_k30,0.23127577575471933,1.724555998847555,1.1378210338498222
2023/24,281,cosine_taper_k30,0.12952451524741107,0.6265281584266146,0.32658140930621693
2023/24,282,cosine_taper_k30,0.18324121342676147,1.5088518840228082,0.9730683251100816
2023/24,283,cosine_taper_k30,0.28932914156722955,1.0439951573315993,0.640879087345135
2023/24,284,cosine_taper_k30,0.17416604679761555,0.7627084795782716,0.4275173695560802
2023/24,285,cosine_taper_k30,0.1343871431326009,1.243986418059552,0.775386679814065
2023/24,286,cosine_taper_k30,0.15904378767757266,0.7203097525978049,0.39644595252733805
2023/24,287,cosine_taper_k30,0.12164561078602504,1.1944932176360994,0.7292990289759551
2023/24,288,cosine_taper_k30,0.21526427907004278,0.8681617684736038,0.5056041335645987
2023/24,289,cosine_taper_k30,0.10729202505687971,0.5409404916465775,0.26199067602551995
2023/24,290,cosine_taper_k30,0.33371627469687015,1.213371479261079,0.7493877665533407
2023/24,291,cosine_taper_k30,0.24880641879386406,1.70387355089762,1.1667740425701907
2023/24,292,cosine_taper_k30,0.147837010944678,1.4339749285836367,0.8757701597772443
2023/24,293,cosine_taper_k30,0.2057101035561213,0.8646173371646454,0.502827095095689
2023/24,294,cosine_taper_k30,0.12946987876833654,1.2436616544389512,0.7654188846450216
2023/24,295,cosine_taper_k30,0.178863081259264,0.7368240578990043,0.40983763986602106
2023/24,296,cosine_taper_k30,0.21832598775318585,0.8767215974120549,0.5119447984541459
2023/24,297,cosine_taper_k30,0.06997192673601908,0.422012743259036,0.17911690706433075
2023/24,298,cosine_taper_k30,0.2534877468953608,1.0042954592239968,0.6024805413059461
2023/24,299,cosine_taper_k30,0.12041200614844577,1.1774869567710347,0.7196161653795737
2023/24,300,cosine_taper_k30,0.4192249148816168,1.5335914879906578,0.9355263822099898
2023/24,301,cosine_taper_k30,0.03106137225523095,0.26260498244984687,0.08095692312301069
2023/24,302,cosine_taper_k30,0.17641950490226974,0.7540762451633017,0.4206799926980489
2023/24,303,cosine_taper_k30,0.17481681556273096,0.7681304059071815,0.43183294273723183
2023/24,304,cosine_taper_k30,0.031337169115996495,0.2633369802651736,0.08124076955171247
2023/24,305,cosine_taper_k30,0.01749979592097284,0.19076458296217524,0.04584100313512453
2023/24,306,cosine_taper_k30,0.32209610947362194,1.1153802900634229,0.69878859406951
2023/24,215,bookmaker,0.0491861458149732,0.3464605847486808,0.1309230208710218
2023/24,216,bookmaker,0.162732834989185,0.6979768312480158,0.37934990064159857
2023/24,217,bookmaker,0.07611043610465638,0.44980854826806865,0.19946183255013394
2023/24,218,bookmaker,0.13782657969808287,0.6289972209171188,0.327047487599706
2023/24,219,bookmaker,0.1574064777003551,1.333370908449791,0.8571167179048758
2023/24,220,bookmaker,0.009922925601049543,0.14456227419792844,0.02849822774930431
2023/24,221,bookmaker,0.10833343965981136,0.5484457104976385,0.2677681882186907
2023/24,222,bookmaker,0.028617929007220957,0.2536319009396507,0.07685265177456943
2023/24,223,bookmaker,0.29008501699477335,1.0813357637504803,0.659765676493375
2023/24,224,bookmaker,0.17801781922499169,0.755105234680037,0.42157427834139694
2023/24,225,bookmaker,0.03651130646552051,0.29492829767156337,0.10097108773565246
2023/24,226,bookmaker,0.06849162983955283,0.41743921037052484,0.17619660194645814
2023/24,227,bookmaker,0.13273649476991795,1.3041542996419897,0.7963280894164544
2023/24,228,bookmaker,0.13473971858267422,0.6337394497756722,0.33083740302141285
2023/24,229,bookmaker,0.013044363279174655,0.16428269837887657,0.03520666536514705
2023/24,230,bookmaker,0.3182894785016844,1.149305612416349,0.7099988391113974
2023/24,231,bookmaker,0.12280723108299116,0.5833223280105291,0.2930126178038276
2023/24,232,bookmaker,0.18180672937527032,0.7838887353030548,0.44309090653361716
2023/24,233,bookmaker,0.07679829362018468,0.448610043588326,0.19772776235199835
2023/24,234,bookmaker,0.10747615055445137,0.5422609053214972,0.2629945857472499
2023/24,235,bookmaker,0.14805437392801546,1.2846711427326707,0.8192114940823484
2023/24,236,bookmaker,0.02189990184615503,0.21769167022353755,0.05850435490850555
2023/24,237,bookmaker,0.36514822328720653,1.2857100610776002,0.8025592184237758
2023/24,238,bookmaker,0.2572207570798926,1.7712379076574412,1.2031385729083826
2023/24,239,bookmaker,0.6362955395541285,2.038955560820266,1.2955493036787715
2023/24,240,bookmaker,0.2697982140873804,1.0236146367404015,0.6187892845242833
2023/24,241,bookmaker,0.18498806447150243,1.4524194719693757,0.9567268621340957
2023/24,242,bookmaker,0.2869962508188202,1.892318241766922,1.29526563397201
2023/24,243,bookmaker,0.22056556232773508,1.5896997241030337,1.0747680518678207
2023/24,244,bookmaker,0.17081229404769527,1.4047491463792965,0.9110025625702736
2023/24,245,bookmaker,0.08830903277197774,0.48211841919905735,0.22008216250601942
2023/24,246,bookmaker,0.6262645143897304,2.0448353526208165,1.2805281963390973
2023/24,247,bookmaker,0.20959014890504035,0.8555752776307428,0.49607802217172003
2023/24,248,bookmaker,0.10455232147672494,0.5501576941907508,0.2714916585391569
2023/24,249,bookmaker,0.059084371860774434,0.3835416094347734,0.1540274716726743
2023/24,250,bookmaker,0.38197002664391144,1.2789179467499379,0.8161819552277874
2023/24,251,bookmaker,0.22250354589194749,0.863619325281918,0.505499848063504
2023/24,252,bookmaker,0.3920203951363431,1.3465026516459004,0.8482390732440517
2023/24,253,bookmaker,0.19149354522945036,0.810962786853902,0.46304016529591463
2023/24,254,bookmaker,0.07162092304054289,0.42293897858624546,0.17896325429797638
2023/24,255,bookmaker,0.1835921777185211,0.7739636974804232,0.4356105999280734
2023/24,256,bookmaker,0.03168359680611351,0.2696996292072335,0.08582735707176971
2023/24,257,bookmaker,0.14683628626790438,1.3342895761295759,0.8363328731905624
2023/24,258,bookmaker,0.019664859840421163,0.206921402223168,0.05388483128651027
2023/24,259,bookmaker,0.12789103910075,0.6073377303974825,0.31091525930792935
2023/24,260,bookmaker,0.12211957274090703,0.5900995265948493,0.29818683116330175
2023/24,261,bookmaker,0.022269632617035393,0.22139563934040649,0.06072070243585103
2023/24,262,bookmaker,0.1534545292753786,0.684201434001487,0.36829087026090845
2023/24,263,bookmaker,0.06439873360309434,0.3975938553115535,0.16212687600719322
2023/24,264,bookmaker,0.1130120247107196,0.5658976071339624,0.2807714635612502
2023/24,265,bookmaker,0.2282489237031502,0.8862521473389663,0.5213476182514366
2023/24,266,bookmaker,0.16050264779238105,0.7172281609688596,0.3934014143563627
2023/24,267,bookmaker,0.6103758288748049,2.0539540363019553,1.2579920271962544
2023/24,268,bookmaker,0.13168551464509437,1.2790895421295185,0.7842355494432597
2023/24,269,bookmaker,0.4539081989828062,1.5075388096555629,0.9603897604780014
2023/24,270,bookmaker,0.12970067207375066,1.2736085313379464,0.778060492578205
2023/24,271,bookmaker,0.19547270609630296,0.7926592365596551,0.4510352236543936
2023/24,272,bookmaker,0.4824845250133627,1.594269987281133,1.0145274753295164
2023/24,273,bookmaker,0.06393375005043393,0.3950951672770549,0.16037511684568878
2023/24,274,bookmaker,0.08938259747471114,0.4805361109268385,0.21851664905326038
2023/24,275,bookmaker,0.1650768667011893,1.4241115184315114,0.9066564418783309
2023/24,276,bookmaker,0.32788550683562206,1.1906560363181649,0.735290043654215
2023/24,277,bookmaker,0.2018201658544468,1.497696268287864,1.0063677519933119
2023/24,278,bookmaker,0.1288628345470909,1.2627706872477815,0.77200225675116
2023/24,279,bookmaker,0.19835982526112048,0.8109878747051157,0.46372314017640426
2023/24,280,bookmaker,0.2177473142519989,1.7086742367823942,1.106082442721076
2023/24,281,bookmaker,0.17331761606291526,0.7254785602764063,0.40056411176081275
2023/24,282,bookmaker,0.148191482799888,1.388555681891191,0.8597303216931037
2023/24,283,bookmaker,0.2715928336171408,0.9982100318503409,0.6063907066468464
2023/24,284,bookmaker,0.0377501753371948,0.2972912794574667,0.10123212878347196
2023/24,285,bookmaker,0.1354564563339215,1.3287958253618521,0.8114379373034448
2023/24,286,bookmaker,0.23496214149827374,0.9157998207728092,0.5416947347288229
2023/24,287,bookmaker,0.13325573846890035,1.2907894902333394,0.792058839178134
2023/24,288,bookmaker,0.4060222743954798,1.4216256791745794,0.8862550362769396
2023/24,289,bookmaker,0.13625913839217574,0.6209417947671909,0.3211743191224228
2023/24,290,bookmaker,0.14641664571004334,0.6537825468000237,0.34569414521232256
2023/24,291,bookmaker,0.25403135865412685,1.7884517746694621,1.2015871413897796
2023/24,292,bookmaker,0.1357499064037985,1.333361342064798,0.8137998614574333
2023/24,293,bookmaker,0.2530633931604551,0.9781368445454152,0.5858091979484062
2023/24,294,bookmaker,0.17081479333956992,1.411732415968384,0.9135879790097482
2023/24,295,bookmaker,0.08592835302249235,0.46340328482309556,0.20630704162194213
2023/24,296,bookmaker,0.0740203075321968,0.4309876908802215,0.1843730044843258
2023/24,297,bookmaker,0.12626576021723115,0.6106232958552514,0.3140142686950348
2023/24,298,bookmaker,0.18945011576536436,0.77967055345093,0.4407168108001933
2023/24,299,bookmaker,0.14253039126847297,1.360699675738007,0.837880898607859
2023/24,300,bookmaker,0.21178326243997586,0.8654501384768664,0.5032094115913366
2023/24,301,bookmaker,0.010685434751048927,0.1479330111533087,0.029096744544440646
2023/24,302,bookmaker,0.14765751763390544,0.672968541307946,0.36004958604650794
2023/24,303,bookmaker,0.1985785038008864,0.8043555492015556,0.4595062555257535
2023/24,304,bookmaker,0.02404637846199836,0.22736547109918911,0.06280987987695268
2023/24,305,bookmaker,0.0186870172789751,0.20024938363293307,0.050559796103205636
2023/24,306,bookmaker,0.3921202455313745,1.2847027933781043,0.8292961548648408
2024/25,215,standalone_original,0.37155991903936997,1.2912611423924325,0.8101133990579317
2024/25,216,standalone_original,0.12290608212464396,1.1675329259388414,0.7203491022534896
2024/25,217,standalone_original,0.2878190006048407,1.0943154437761968,0.6658753336439593
2024/25,218,standalone_original,0.16401515887147464,1.2769553239151301,0.8480369821434666
2024/25,219,standalone_original,0.649606764832296,2.1497809531844165,1.3258839855111044
2024/25,220,standalone_original,0.1333785579731138,1.308871774504543,0.7994751482614192
2024/25,221,standalone_original,0.3568559192166226,1.3488558843309937,0.8250918817337791
2024/25,222,standalone_original,0.19784444279121802,1.5724051948904727,1.0236731874682956
2024/25,223,standalone_original,0.6147755964031802,2.154845268239937,1.2756833245807195
2024/25,224,standalone_original,0.5322263045596776,1.807949004228149,1.1180035345977895
2024/25,225,standalone_original,0.21574307800049008,1.5526571804813767,1.0529271031157936
2024/25,226,standalone_original,0.3660309570237599,1.3734476513666087,0.8404051076228649
2024/25,227,standalone_original,0.24950957645811025,0.9657700444435945,0.577136669673715
2024/25,228,standalone_original,0.20119099022603212,0.8663425335124056,0.5057749147439323
2024/25,229,standalone_original,0.3012376736853699,2.0240861124060703,1.3557005435932687
2024/25,230,standalone_original,0.29356510620351933,1.1321709149038148,0.6895557793498871
2024/25,231,standalone_original,0.14608725875984244,1.2678285446352604,0.8084999765050706
2024/25,232,standalone_original,0.3255540978862493,1.172739379853857,0.7256036275845705
2024/25,233,standalone_original,0.28398423381072563,1.0562267014236664,0.6434093131125769
2024/25,234,standalone_original,0.3186943311212915,1.1346158247144846,0.7037648335833159
2024/25,235,standalone_original,0.1584996645889216,0.7078849124166631,0.38623159809224356
2024/25,236,standalone_original,0.2780122270047831,1.040890873259375,0.6321563105711449
2024/25,237,standalone_original,0.23994166306031944,0.9417218835450654,0.5593073223797759
2024/25,238,standalone_original,0.42988005952371233,1.4750992665296867,0.9255616018799195
2024/25,239,standalone_original,0.11518318858066037,1.1026175983017588,0.6765891743522034
2024/25,240,standalone_original,0.04144732709077114,0.31962616490280005,0.11670047063594101
2024/25,241,standalone_original,0.46678022214480797,1.613716381120988,1.0013189188986034
2024/25,242,standalone_original,0.5575179365787044,1.9006966123761622,1.1655421010686102
2024/25,243,standalone_original,0.24865489085324027,0.9800965320212345,0.5858596725908843
2024/25,244,standalone_original,0.1181900713370984,0.5983257585473705,0.30759523967262964
2024/25,245,standalone_original,0.18377618202516438,0.784314739879046,0.44322035874707055
2024/25,246,standalone_original,0.1311449573928328,0.6295374118950366,0.328483604308201
2024/25,247,standalone_original,0.1719363244573259,0.7268044407260692,0.40097900979301665
2024/25,248,standalone_original,0.4407510486235068,1.477922279948204,0.9378558103522343
2024/25,249,standalone_original,0.17026964764176167,1.3380892858241844,0.8846720416967994
2024/25,250,standalone_original,0.31151807565409323,1.1813981612175826,0.7226111185356442
2024/25,251,standalone_original,0.10652170472679134,1.0573283892017513,0.6389528242016086
2024/25,252,standalone_original,0.3211738416176395,1.1858483497084291,0.7290861951641188
2024/25,253,standalone_original,0.34487946198098396,1.281051659880636,0.7872569606770107
2024/25,254,standalone_original,0.3034770226983176,1.1606856345818266,0.7085994028167477
2024/25,255,standalone_original,0.39732370607931966,1.3933333751864883,0.8690003798917307
2024/25,256,standalone_original,0.32190588930402664,1.1453506648159058,0.7108884663164101
2024/25,257,standalone_original,0.20959817642924802,1.5157813704887015,1.0281635445189379
2024/25,258,standalone_original,0.3513405199881393,1.3291661308996756,0.813433651605854
2024/25,259,standalone_original,0.20923442206607673,1.4620477066402557,1.008659683313476
2024/25,260,standalone_original,0.10187292694992062,0.5264582475833157,0.2517099498872587
2024/25,261,standalone_original,0.6310133977188087,2.121750910276821,1.295187341635202
2024/25,262,standalone_original,0.12202719506461601,1.1828764574794024,0.7251407125453522
2024/25,263,standalone_original,0.21807494726822782,0.8881981240654796,0.5197352320652403
2024/25,264,standalone_original,0.05673592247424785,0.37161267779242235,0.14568157719744906
2024/25,265,standalone_original,0.12344737355983894,1.1940315735810016,0.7327075908317076
2024/25,266,standalone_original,0.1763027905332613,1.407956012025583,0.9231700512940048
2024/25,267,standalone_original,0.24588898702456735,0.9823599575746074,0.5870475456571645
2024/25,268,standalone_original,0.11206174126861071,1.104350378831948,0.6711145239205716
2024/25,269,standalone_original,0.13429326206865472,1.2659707142691088,0.7841601314329121
2024/25,270,standalone_original,0.08624370689225327,0.47398407823235106,0.2142237477550091
2024/25,271,standalone_original,0.5441382755938937,1.8504578369801803,1.140303504969364
2024/25,272,standalone_original,0.22190232325742923,0.8760770431194229,0.5126010090629299
2024/25,273,standalone_original,0.31907178405130365,1.1685666728954989,0.7195126715024392
2024/25,274,standalone_original,0.17452697566473677,0.7693861321155211,0.4329871237967721
2024/25,275,standalone_original,0.05226637219967801,0.3624807957853176,0.1422156454281259
2024/25,276,standalone_original,0.18302630312699264,0.788775476467689,0.44677365655414647
2024/25,277,standalone_original,0.2612970613123884,0.9841596036624727,0.5928853108703533
2024/25,278,standalone_original,0.10978297428401396,1.0865173916615507,0.6586186956998702
2024/25,279,standalone_original,0.108954112722385,1.0499262230753164,0.6404555891592544
2024/25,280,standalone_original,0.1109284418616252,1.0944237041729707,0.6644377884347038
2024/25,281,standalone_original,0.2687196346634774,1.894454928805255,1.259258933882938
2024/25,282,standalone_original,0.13626480741743008,1.3354660827247324,0.8156462145799391
2024/25,283,standalone_original,0.3232466894689936,1.2004172567428109,0.7373679598136298
2024/25,284,standalone_original,0.12874278946562961,0.6345485280699309,0.33483781076670627
2024/25,285,standalone_original,0.10787443815149615,1.0621933986289451,0.643861648810942
2024/25,286,standalone_original,0.12429313191066677,1.2211316698886814,0.745757558123014
2024/25,287,standalone_original,0.14073884298239944,1.3834531300287896,0.8429112152327316
2024/25,288,standalone_original,0.35315722465990584,1.2915949105853295,0.7965417396425394
2024/25,289,standalone_original,0.12630247614234327,1.2091498507230054,0.744776092804315
2024/25,290,standalone_original,0.013945473859332827,0.16459792516525482,0.034625488436429284
2024/25,291,standalone_original,0.16790601235443897,1.2838319348628042,0.8585787394765283
2024/25,292,standalone_original,0.40432221618165304,1.4398943892995573,0.8911446898519448
2024/25,293,standalone_original,0.3206506616220268,1.1916097919333508,0.7316929389205704
2024/25,294,standalone_original,0.2554967722544114,1.002965420038334,0.6018890809329871
2024/25,295,standalone_original,0.32618553763569413,1.1485026418600868,0.7156596185885937
2024/25,296,standalone_original,0.1342033779590111,1.2232963887447785,0.7664777137844478
2024/25,297,standalone_original,0.10350984317886627,0.5474860945622235,0.2697694599720975
2024/25,298,standalone_original,0.07890160028689253,0.4509430395616335,0.19842991147401928
2024/25,299,standalone_original,0.31586813029937905,1.2223072290106416,0.74685122265196
2024/25,300,standalone_original,0.2572516009641511,1.0085167521349099,0.6057763863770014
2024/25,301,standalone_original,0.2591618545115403,1.0521568949848312,0.6359602982939991
2024/25,302,standalone_original,0.09981043414275578,0.5114804767191293,0.2404790809771062
2024/25,303,standalone_original,0.3468504214269568,1.2185972829925027,0.7612233206896833
2024/25,304,standalone_original,0.13473909845345194,1.2140336488981738,0.7636915851453749
2024/25,305,standalone_original,0.14549684287433645,0.6622090589839169,0.3518451423820032
2024/25,306,standalone_original,0.3802346435631924,1.3674110659258811,0.8459436948088166
2024/25,215,fixed_preseason,0.3696723622089818,1.2978504256091983,0.8109265674853633
2024/25,216,fixed_preseason,0.14565544986361423,1.3447680094353822,0.8380230266306284
2024/25,217,fixed_preseason,0.3854918932033817,1.3160614250719467,0.8317912952832522
2024/25,218,fixed_preseason,0.15581698831260554,1.3416002757410308,0.8571240848484273
2024/25,219,fixed_preseason,0.720142339997258,2.4495752542198175,1.458654665465684
2024/25,220,fixed_preseason,0.16328287033514388,1.419305944118396,0.9013088879757889
2024/25,221,fixed_preseason,0.5694609975062824,1.8915057257813628,1.180024262191297
2024/25,222,fixed_preseason,0.16739459062461126,1.4317731207360025,0.9140852631424159
2024/25,223,fixed_preseason,0.6841040306754427,2.276095086220104,1.389805450978963
2024/25,224,fixed_preseason,0.46324948692116175,1.5816899549813797,0.9893997446104965
2024/25,225,fixed_preseason,0.17457325964502235,1.4585847781504875,0.9381027325876389
2024/25,226,fixed_preseason,0.20785498624010296,0.8274286382380133,0.4773575744609353
2024/25,227,fixed_preseason,0.2692712865913942,0.9956235609177914,0.6035689779604071
2024/25,228,fixed_preseason,0.16924487182884418,0.7339514437574548,0.40558857109043395
2024/25,229,fixed_preseason,0.16313520709672055,1.4454389183448715,0.9105126094076514
2024/25,230,fixed_preseason,0.2358538616843061,0.926809264705136,0.5487611775846801
2024/25,231,fixed_preseason,0.15233821918611984,1.36124920598926,0.8577061060451753
2024/25,232,fixed_preseason,0.18352388538832612,0.7747283605668058,0.43614834252635076
2024/25,233,fixed_preseason,0.23995180699876592,0.940364269747215,0.5584601018330112
2024/25,234,fixed_preseason,0.22770296997254053,0.9024518433728387,0.5310044570527268
2024/25,235,fixed_preseason,0.02035379220757391,0.2075055913764876,0.053388835490710274
2024/25,236,fixed_preseason,0.31301458650885927,1.1366812063714342,0.7006277641895149
2024/25,237,fixed_preseason,0.36179128759731716,1.2438913730009882,0.7840480346903619
2024/25,238,fixed_preseason,0.48409237714243253,1.6596641400688528,1.031114329247577
2024/25,239,fixed_preseason,0.15151341880016345,1.416345044718565,0.8766829801882863
2024/25,240,fixed_preseason,0.05758501870138619,0.37463675750519354,0.14758060653877222
2024/25,241,fixed_preseason,0.3557354219243598,1.2532517676674055,0.7822375226332334
2024/25,242,fixed_preseason,0.35557577198801604,1.2533953397970405,0.7821645355235844
2024/25,243,fixed_preseason,0.08565841569489267,0.47719901537814646,0.21720725983314787
2024/25,244,fixed_preseason,0.15915829608617194,0.691480522490632,0.37410809582482313
2024/25,245,fixed_preseason,0.1622296893234618,0.7058186133780895,0.3846265630580023
2024/25,246,fixed_preseason,0.0559408586747576,0.3667630288290457,0.14226165417220654
2024/25,247,fixed_preseason,0.0631011975570769,0.39293259765393973,0.15907550133975196
2024/25,248,fixed_preseason,0.30240270096795085,1.1067663295915977,0.6795880216929594
2024/25,249,fixed_preseason,0.15568233040965349,1.362755716451369,0.8649684170813158
2024/25,250,fixed_preseason,0.09878942731385333,0.5141044934206213,0.2426151837777033
2024/25,251,fixed_preseason,0.13805608515631734,1.3575715666316877,0.8277380119409287
2024/25,252,fixed_preseason,0.24964673624123151,0.9683059495182248,0.5787142506602273
2024/25,253,fixed_preseason,0.1936960008914999,0.806742857899978,0.4599706676355004
2024/25,254,fixed_preseason,0.3458463532914284,1.2282338155618349,0.7643224531584235
2024/25,255,fixed_preseason,0.20634966606630406,0.82227795400252,0.47360316725448764
2024/25,256,fixed_preseason,0.43374103336951475,1.4511942716748627,0.9229208070804358
2024/25,257,fixed_preseason,0.15118839031812445,1.3990169010631912,0.8696275007788403
2024/25,258,fixed_preseason,0.25643806163791316,0.9744231660180449,0.5850608791065206
2024/25,259,fixed_preseason,0.2958016413701764,1.9276011300687073,1.3217789877077513
2024/25,260,fixed_preseason,0.09365723421643699,0.5101791444617947,0.24179241056923664
2024/25,261,fixed_preseason,0.6238449426544087,2.0832873643250203,1.2807323920233717
2024/25,262,fixed_preseason,0.16118836632165087,1.4056202416460613,0.8920772545060414
2024/25,263,fixed_preseason,0.1999212788831722,0.8037390289799283,0.45963556854762994
2024/25,264,fixed_preseason,0.11189845703931765,0.5542346330601217,0.2716315192391977
2024/25,265,fixed_preseason,0.13422123028736233,1.2849281312108338,0.7916480740454098
2024/25,266,fixed_preseason,0.24536285898082466,1.6833548585039961,1.153729162547444
2024/25,267,fixed_preseason,0.14409927441235806,0.6612291369972181,0.3512385560947822
2024/25,268,fixed_preseason,0.21592967583620148,1.6131465772771822,1.073044474600815
2024/25,269,fixed_preseason,0.13116412548484901,1.2883876861187653,0.7869170643755092
2024/25,270,fixed_preseason,0.08951692442744313,0.48526283655706015,0.22220242442375235
2024/25,271,fixed_preseason,0.6578952625278701,2.2227650715991447,1.3447281189202989
2024/25,272,fixed_preseason,0.3152754587142558,1.145170231934099,0.7060762171147928
2024/25,273,fixed_preseason,0.4193733685168919,1.445667779936946,0.9063511965739963
2024/25,274,fixed_preseason,0.0334317620676164,0.2758822900575309,0.08865943198812663
2024/25,275,fixed_preseason,0.07519614599506502,0.43826142586679057,0.18974923763341983
2024/25,276,fixed_preseason,0.16452893688009063,0.7007886951054734,0.3817337286628113
2024/25,277,fixed_preseason,0.2624402361745924,0.9794051604323288,0.591004867896245
2024/25,278,fixed_preseason,0.13210164447826372,1.2978931755862464,0.7925773403537762
2024/25,279,fixed_preseason,0.1393830820504953,1.3191555259845298,0.8155260888395518
2024/25,280,fixed_preseason,0.14095435124815917,1.3018899924609895,0.8118676647683829
2024/25,281,fixed_preseason,0.150901745835422,1.3834724640281468,0.863244284874864
2024/25,282,fixed_preseason,0.17189397648191232,1.5111211606579211,0.9511549835617372
2024/25,283,fixed_preseason,0.14166273727967243,0.6486539191648085,0.3416698814584863
2024/25,284,fixed_preseason,0.10082031479894113,0.5302974124936779,0.2554577754047806
2024/25,285,fixed_preseason,0.14399630523082912,1.3276861751283677,0.8280854304316777
2024/25,286,fixed_preseason,0.21496092458738034,1.6149302520062137,1.0716757801607004
2024/25,287,fixed_preseason,0.1310692527338611,1.2835374937137256,0.7847872803286302
2024/25,288,fixed_preseason,0.3869198576853521,1.3418944847510401,0.8419134326856137
2024/25,289,fixed_preseason,0.15974922227016145,1.4141360017434377,0.8923421774662967
2024/25,290,fixed_preseason,0.07867874744827798,0.4460116531639095,0.1945437715860908
2024/25,291,fixed_preseason,0.1689110256295241,1.4380302645625531,0.919388584299913
2024/25,292,fixed_preseason,0.42221075890789805,1.461695301945585,0.914022368377236
2024/25,293,fixed_preseason,0.23278813759245154,0.909361284818483,0.5369770129340673
2024/25,294,fixed_preseason,0.3381711635232767,1.2025329203943147,0.7477347814097539
2024/25,295,fixed_preseason,0.525696677073834,1.7680523925584002,1.1026254033457437
2024/25,296,fixed_preseason,0.17247571906171638,1.3980301537133457,0.911835144634926
2024/25,297,fixed_preseason,0.06487959272332668,0.40461573866145156,0.1677195560852254
2024/25,298,fixed_preseason,0.06367487404047965,0.39988577298093697,0.16452695196653078
2024/25,299,fixed_preseason,0.37051209327455153,1.2969525845385823,0.8112977012419628
2024/25,300,fixed_preseason,0.25170957597850996,0.9666622932002876,0.5785110727767815
2024/25,301,fixed_preseason,0.301981087038278,1.1106168899988045,0.6812257162260613
2024/25,302,fixed_preseason,0.1503080582127548,0.6550612724473941,0.3475653275281493
2024/25,303,fixed_preseason,0.35830006047332796,1.2510912577998965,0.7835509912811969
2024/25,304,fixed_preseason,0.194842101844864,1.5245143902575478,1.0016356234660833
2024/25,305,fixed_preseason,0.3571580171413648,1.2595059465817833,0.7858553582103421
2024/25,306,fixed_preseason,0.436362866303327,1.4873670315363763,0.9357100798617207
2024/25,215,updating_prior,0.29527060381231635,1.0868999400436627,0.6654770849989292
2024/25,216,updating_prior,0.12621124428367836,1.2236775549192485,0.7506517427554743
2024/25,217,updating_prior,0.23726992081719264,0.9373480046213607,0.5558326217181908
2024/25,218,updating_prior,0.16400080284307836,1.1800794431143657,0.8078981712194621
2024/25,219,updating_prior,0.7460881610741179,2.5743321643815333,1.5076912828707387
2024/25,220,updating_prior,0.13003154889420726,1.2772515743667758,0.7801889081616009
2024/25,221,updating_prior,0.4893997243121614,1.7507975638529454,1.0585369997455865
2024/25,222,updating_prior,0.22139452004730797,1.6580334495449562,1.0980578127708984
2024/25,223,updating_prior,0.6949980337564226,2.46284712582939,1.4192664517833045
2024/25,224,updating_prior,0.567637423163117,1.8825754876596066,1.1762526087126206
2024/25,225,updating_prior,0.21099251346381556,1.541397647218139,1.0396526301756277
2024/25,226,updating_prior,0.38521587704267735,1.4813014849559463,0.8973160226868955
2024/25,227,updating_prior,0.16973027789476466,0.7494639623865147,0.4177093151631225
2024/25,228,updating_prior,0.2668165697291605,1.0527511769490996,0.6358161935113668
2024/25,229,updating_prior,0.29954614281509995,2.0584744827925,1.3600893353300434
2024/25,230,updating_prior,0.33196600464212406,1.2619243289642614,0.7725644765077616
2024/25,231,updating_prior,0.18378285500295055,1.378413096815486,0.9271024716816301
2024/25,232,updating_prior,0.437420448385313,1.4616905596433893,0.9298361903393041
2024/25,233,updating_prior,0.17340284053563204,0.7658429994887908,0.4303574629803914
2024/25,234,updating_prior,0.2828953751880117,1.0466852927710855,0.6378727046179826
2024/25,235,updating_prior,0.10338282814745506,0.546313797334949,0.26871439307058753
2024/25,236,updating_prior,0.3691664333739652,1.2398036238899162,0.7900453783805086
2024/25,237,updating_prior,0.24953588935598028,0.9746233150659714,0.5825696409789198
2024/25,238,updating_prior,0.6095397593342482,2.080574613792501,1.2598573482649793
2024/25,239,updating_prior,0.11410962789884355,1.1059976535809215,0.6759400094639488
2024/25,240,updating_prior,0.04111229858757698,0.32256165569972006,0.12099800488114165
2024/25,241,updating_prior,0.4136779786864538,1.5152094634249735,0.9251417898632538
2024/25,242,updating_prior,0.48061049134385014,1.629846320149296,1.0202812773471883
2024/25,243,updating_prior,0.20776942514132743,0.8635453781566268,0.5017475014346872
2024/25,244,updating_prior,0.0834328205630917,0.4871693101366847,0.22982447268614592
2024/25,245,updating_prior,0.19974330669333015,0.8268083119377952,0.47479893318566657
2024/25,246,updating_prior,0.06155477955005044,0.3946620989442598,0.1617533333432834
2024/25,247,updating_prior,0.16121422652618636,0.7118944931478143,0.38908383664201074
2024/25,248,updating_prior,0.5926431451312562,1.9598040125098077,1.2215295949965008
2024/25,249,updating_prior,0.2165420270954117,1.5935225971803382,1.0679607045368533
2024/25,250,updating_prior,0.2166798171267177,0.8777405451818779,0.512320813253902
2024/25,251,updating_prior,0.11319285550063486,1.112312191076262,0.6768980531991535
2024/25,252,updating_prior,0.3319410467892996,1.1807991531792588,0.7337834254134197
2024/25,253,updating_prior,0.5179749003969687,1.7442626532968502,1.0885962296030998
2024/25,254,updating_prior,0.30749809391319954,1.1434459392123928,0.7007773622794382
2024/25,255,updating_prior,0.3878045121324611,1.3716403071314243,0.8532991176871371
2024/25,256,updating_prior,0.39869470308491906,1.3429826104198812,0.8538290468369258
2024/25,257,updating_prior,0.16731538916822172,1.3265567275971324,0.8742833677006872
2024/25,258,updating_prior,0.41834291418559927,1.5591583943200857,0.9443228539870996
2024/25,259,updating_prior,0.20165867714041838,1.4150906325967836,0.976512317008841
2024/25,260,updating_prior,0.09805095534084265,0.5063374011702731,0.23679092832098045
2024/25,261,updating_prior,0.7736724231439539,2.6704064177092124,1.5584852351489014
2024/25,262,updating_prior,0.14568421516295219,1.2853323285033524,0.8147358026994052
2024/25,263,updating_prior,0.17379849183835216,0.7625162114651635,0.42744842160347263
2024/25,264,updating_prior,0.08160974147491272,0.4614662040524764,0.2059000499900439
2024/25,265,updating_prior,0.1217042026650457,1.172519861911945,0.720080112171969
2024/25,266,updating_prior,0.17740102586442774,1.424189586070926,0.9313332970768127
2024/25,267,updating_prior,0.507468985489535,1.7556803926407212,1.0785322544265106
2024/25,268,updating_prior,0.12928415225422454,1.202096957612218,0.7477800267650289
2024/25,269,updating_prior,0.13252796546330164,1.2599290508899224,0.7781786511322717
2024/25,270,updating_prior,0.043873870094934514,0.3232611560231108,0.11637534099020644
2024/25,271,updating_prior,0.5261814102290339,1.8019438328200197,1.1095405677858312
2024/25,272,updating_prior,0.12030884627032681,0.5705847613171898,0.28377032878582165
2024/25,273,updating_prior,0.3722472731093939,1.322520601012728,0.8224499817323407
2024/25,274,updating_prior,0.11761317840935881,0.6014242607659186,0.31142633519335444
2024/25,275,updating_prior,0.03772186979693175,0.2955599633285852,0.09979622926251991
2024/25,276,updating_prior,0.2769845146190407,1.0661440590168887,0.6460385325606154
2024/25,277,updating_prior,0.15630658693269883,0.6966391186217118,0.37765353165998117
2024/25,278,updating_prior,0.1297796338494097,1.179285994941511,0.7391179892077049
2024/25,279,updating_prior,0.09828659869430306,0.9736117982184519,0.583810155530007
2024/25,280,updating_prior,0.15338674153660065,1.3360048037543972,0.8500989064650324
2024/25,281,updating_prior,0.2129358903699175,1.6012206156453523,1.0632341355391308
2024/25,282,updating_prior,0.16443187653847913,1.4207253378762157,0.9041272115226757
2024/25,283,updating_prior,0.30808182712541476,1.1869975171511586,0.7248810516362181
2024/25,284,updating_prior,0.09489710503233735,0.5191048403108716,0.2494696251047363
2024/25,285,updating_prior,0.12604912143419977,1.0593000312673746,0.6789012189121743
2024/25,286,updating_prior,0.121337845178367,1.1924243518416229,0.7278093677327951
2024/25,287,updating_prior,0.13651449636290264,1.2866561590167005,0.7969258765295554
2024/25,288,updating_prior,0.4161122378543536,1.4382601315128318,0.9009131642470496
2024/25,289,updating_prior,0.13131514627050905,1.2227560698335143,0.7604767985002855
2024/25,290,updating_prior,0.013204590890856103,0.16078835047591755,0.03322915125374804
2024/25,291,updating_prior,0.11948290564793394,1.1485644863683746,0.705329650133713
2024/25,292,updating_prior,0.36181878451267024,1.3706994419758118,0.8374727688177971
2024/25,293,updating_prior,0.4182097063370462,1.4861157010332489,0.9183153107812175
2024/25,294,updating_prior,0.24747616374495432,0.941625360919293,0.5623003698889089
2024/25,295,updating_prior,0.24397382228697723,0.9613829308462039,0.5728232107103866
2024/25,296,updating_prior,0.12657637492894788,1.192828196696081,0.7384571386067609
2024/25,297,updating_prior,0.09722788016860213,0.5323075022403568,0.2607806959606367
2024/25,298,updating_prior,0.04065173869635824,0.3072980803359823,0.10634170012013137
2024/25,299,updating_prior,0.4017297961809122,1.475416665925879,0.9024738842874817
2024/25,300,updating_prior,0.35752196869966757,1.2944566945016325,0.8004963088364556
2024/25,301,updating_prior,0.4537544627577699,1.653055103657243,1.0003946056342166
2024/25,302,updating_prior,0.0933148341286017,0.4871771941201217,0.2230865396897308
2024/25,303,updating_prior,0.3897026582515366,1.3321170066528707,0.841232885232195
2024/25,304,updating_prior,0.12438392104359762,1.1840831698264633,0.730366886792969
2024/25,305,updating_prior,0.1836624440950451,0.7788538338443319,0.4391452351202724
2024/25,306,updating_prior,0.3500787329939779,1.377254055913637,0.8386553650767911
2024/25,215,current_only,0.3201648297914986,1.1652563851680553,0.7186084463261239
2024/25,216,current_only,0.11881610584522777,1.1304432307317382,0.6961100149868109
2024/25,217,current_only,0.2295547667241144,0.917269259178786,0.5410894178248029
2024/25,218,current_only,0.12269926029126263,1.1067216403405313,0.6934397949312144
2024/25,219,current_only,0.643936826021762,2.2049908711086417,1.3222166681486685
2024/25,220,current_only,0.1404483128947837,1.304425212470456,0.8118588587559903
2024/25,221,current_only,0.4165442073380696,1.503842987529917,0.9230825406340342
2024/25,222,current_only,0.13880381991012797,1.347590356137696,0.8254064358039944
2024/25,223,current_only,0.6643027730811284,2.304081684443596,1.3610753364848
2024/25,224,current_only,0.4568916640314753,1.5267311190796986,0.9685627980616162
2024/25,225,current_only,0.20783916322473897,1.5113367386556606,1.023119497442534
2024/25,226,current_only,0.3025902530484344,1.1596448495139187,0.7077715915912283
2024/25,227,current_only,0.28453125237893867,1.0621589522512302,0.6468130708029248
2024/25,228,current_only,0.2095976193704478,0.8907217041750278,0.5230142504403894
2024/25,229,current_only,0.20395967802479284,1.5031149422621073,1.0125248129609812
2024/25,230,current_only,0.1481487713224948,0.692305580528167,0.37663280556762785
2024/25,231,current_only,0.16964642902000418,1.3957573571720703,0.9053302881889056
2024/25,232,current_only,0.3360670848054995,1.2211589168507817,0.7544111764735884
2024/25,233,current_only,0.1997175732917167,0.8174768220517497,0.4683656336523717
2024/25,234,current_only,0.18015209003772348,0.7654968199947104,0.42922109591009994
2024/25,235,current_only,0.08907127459734797,0.49580912116989795,0.23186999123002633
2024/25,236,current_only,0.37834453848804084,1.2970300041231557,0.8184292947295994
2024/25,237,current_only,0.1897532301906357,0.7914796061275614,0.44874014667463513
2024/25,238,current_only,0.4345321389569021,1.5174056438431078,0.9426509663080245
2024/25,239,current_only,0.11465500948256141,1.119041915082441,0.6827876151433074
2024/25,240,current_only,0.030937086193157614,0.2691538439815941,0.08661614219395311
2024/25,241,current_only,0.4323176010619347,1.4870570304154127,0.9315005367596465
2024/25,242,current_only,0.3648973942768778,1.377703236408701,0.8419497227463759
2024/25,243,current_only,0.14712054348148962,0.6903324575584305,0.37542943405976503
2024/25,244,current_only,0.11327517010504248,0.5861696468677916,0.29991924037672457
2024/25,245,current_only,0.2585337338773371,1.0342534303849467,0.6231093982319903
2024/25,246,current_only,0.16185476513038574,0.7246922549360391,0.39923264990253826
2024/25,247,current_only,0.14668499974163973,0.6614858422945259,0.3512657279517999
2024/25,248,current_only,0.316616670738041,1.1163857472953056,0.6943343364784893
2024/25,249,current_only,0.14892971570844815,1.3774365895224938,0.8570279596820973
2024/25,250,current_only,0.2795670211638617,1.0750409918023918,0.6520626957011408
2024/25,251,current_only,0.13340214093228953,1.2429462914271696,0.7729897696282603
2024/25,252,current_only,0.20376070162349905,0.8591133309466057,0.49885462751370613
2024/25,253,current_only,0.30115846259888124,1.1446559601520359,0.6988251264396885
2024/25,254,current_only,0.3665603441916428,1.3157223145705663,0.815533737925884
2024/25,255,current_only,0.19923948535794161,0.8212923394026906,0.47087279872375765
2024/25,256,current_only,0.3272057656556793,1.1356600576652205,0.7114019492167274
2024/25,257,current_only,0.22000273562561448,1.5675979071112085,1.066405654230835
2024/25,258,current_only,0.3837783742985199,1.429833543037386,0.8737991972527265
2024/25,259,current_only,0.17115040196347048,1.2672261517177335,0.8583825714896243
2024/25,260,current_only,0.16059044122824767,0.7302033548334689,0.40453380106135867
2024/25,261,current_only,0.46650735218317296,1.6362317578962005,1.006931971961906
2024/25,262,current_only,0.12178920938483478,1.1709813367855635,0.7195921503699594
2024/25,263,current_only,0.23400434283559532,0.8994446079011388,0.5317370730359892
2024/25,264,current_only,0.09937788418051935,0.5292272162540228,0.25543301153738307
2024/25,265,current_only,0.13925669631287893,1.3033999068428088,0.8090700701924229
2024/25,266,current_only,0.2251046642020915,1.610007884366263,1.0903916804407845
2024/25,267,current_only,0.2449266111404479,0.9868937381376783,0.590216470113234
2024/25,268,current_only,0.12217063877611697,1.1748502716430709,0.7220085587637104
2024/25,269,current_only,0.1310437946471805,1.2849204252302182,0.7852901184556169
2024/25,270,current_only,0.08652369203713935,0.47789847228588167,0.2173443426739567
2024/25,271,current_only,0.5643062344995764,1.921243040961403,1.1774987004873807
2024/25,272,current_only,0.18564332023365768,0.7856861568716801,0.444227462790207
2024/25,273,current_only,0.5355082841700706,1.8043036097244072,1.121456193592921
2024/25,274,current_only,0.19413147397696418,0.8275863529765742,0.4756840399651068
2024/25,275,current_only,0.032639276015041616,0.2743434884974909,0.08841527564609206
2024/25,276,current_only,0.21504206404690743,0.8784439307081268,0.512634548378864
2024/25,277,current_only,0.3500698119572234,1.1899912837182978,0.7534914516107638
2024/25,278,current_only,0.11399925314365902,1.1239997196526708,0.6836540528272885
2024/25,279,current_only,0.11586833481302825,1.1024156195081523,0.6778698740463789
2024/25,280,current_only,0.12234611099708725,1.1563770980218504,0.7144325239541882
2024/25,281,current_only,0.22989889318752457,1.711703224249435,1.1312829780541405
2024/25,282,current_only,0.15162474525683287,1.3780815318141943,0.8626612482986304
2024/25,283,current_only,0.3765639673586873,1.3851125244300544,0.8508387773401669
2024/25,284,current_only,0.07515693105398877,0.4523430484576994,0.203218693209604
2024/25,285,current_only,0.12573322906916665,1.1569261888978575,0.7214435321457378
2024/25,286,current_only,0.12473212324413077,1.2209867296589885,0.7465752626937616
2024/25,287,current_only,0.13083640335677665,1.2673128108809946,0.7777896367843277
2024/25,288,current_only,0.3561133877268529,1.279107312668929,0.793037817253303
2024/25,289,current_only,0.13476622871837363,1.2470105166403025,0.7773845502374445
2024/25,290,current_only,0.020231324730492793,0.20323695501034902,0.0509570263553417
2024/25,291,current_only,0.12959338891518116,1.2145142058399288,0.753600808930995
2024/25,292,current_only,0.33175775165645116,1.2698284830796136,0.776762345336774
2024/25,293,current_only,0.3607187883271883,1.3098646417347026,0.8091574965186459
2024/25,294,current_only,0.21509107343930686,0.8548858958035056,0.49702391207678054
2024/25,295,current_only,0.21791685212104867,0.8896258235221742,0.5207388879182262
2024/25,296,current_only,0.13518351058944994,1.1767586673942263,0.7488486331426601
2024/25,297,current_only,0.07587723298685606,0.4536195765489066,0.20359537768727498
2024/25,298,current_only,0.05876929917674603,0.3805166473160827,0.15164925897626208
2024/25,299,current_only,0.39395784361281216,1.4583697470063413,0.8911172745121116
2024/25,300,current_only,0.2659717821151917,1.032564611868025,0.6227719686784053
2024/25,301,current_only,0.2971890404330442,1.1374204093346947,0.6935162432242168
2024/25,302,current_only,0.07735224834501023,0.43311234047253194,0.18534244719754533
2024/25,303,current_only,0.34134699261085233,1.1812680437608252,0.7419094457886602
2024/25,304,current_only,0.13006456333554375,1.2775806786136428,0.780387270768073
2024/25,305,current_only,0.14460200876763307,0.6640104877047635,0.35338402701367444
2024/25,306,current_only,0.33766742474794564,1.2774867749522587,0.7825369490815279
2024/25,215,midseason_reset,0.3201648297914986,1.1652563851680553,0.7186084463261239
2024/25,216,midseason_reset,0.11881610584522777,1.1304432307317382,0.6961100149868109
2024/25,217,midseason_reset,0.2295547667241144,0.917269259178786,0.5410894178248029
2024/25,218,midseason_reset,0.12269926029126263,1.1067216403405313,0.6934397949312144
2024/25,219,midseason_reset,0.643936826021762,2.2049908711086417,1.3222166681486685
2024/25,220,midseason_reset,0.1404483128947837,1.304425212470456,0.8118588587559903
2024/25,221,midseason_reset,0.4165442073380696,1.503842987529917,0.9230825406340342
2024/25,222,midseason_reset,0.13880381991012797,1.347590356137696,0.8254064358039944
2024/25,223,midseason_reset,0.6643027730811284,2.304081684443596,1.3610753364848
2024/25,224,midseason_reset,0.4568916640314753,1.5267311190796986,0.9685627980616162
2024/25,225,midseason_reset,0.20783916322473897,1.5113367386556606,1.023119497442534
2024/25,226,midseason_reset,0.3025902530484344,1.1596448495139187,0.7077715915912283
2024/25,227,midseason_reset,0.28453125237893867,1.0621589522512302,0.6468130708029248
2024/25,228,midseason_reset,0.2095976193704478,0.8907217041750278,0.5230142504403894
2024/25,229,midseason_reset,0.20395967802479284,1.5031149422621073,1.0125248129609812
2024/25,230,midseason_reset,0.1481487713224948,0.692305580528167,0.37663280556762785
2024/25,231,midseason_reset,0.16964642902000418,1.3957573571720703,0.9053302881889056
2024/25,232,midseason_reset,0.3360670848054995,1.2211589168507817,0.7544111764735884
2024/25,233,midseason_reset,0.1997175732917167,0.8174768220517497,0.4683656336523717
2024/25,234,midseason_reset,0.18015209003772348,0.7654968199947104,0.42922109591009994
2024/25,235,midseason_reset,0.08907127459734797,0.49580912116989795,0.23186999123002633
2024/25,236,midseason_reset,0.37834453848804084,1.2970300041231557,0.8184292947295994
2024/25,237,midseason_reset,0.1897532301906357,0.7914796061275614,0.44874014667463513
2024/25,238,midseason_reset,0.4345321389569021,1.5174056438431078,0.9426509663080245
2024/25,239,midseason_reset,0.11465500948256141,1.119041915082441,0.6827876151433074
2024/25,240,midseason_reset,0.030937086193157614,0.2691538439815941,0.08661614219395311
2024/25,241,midseason_reset,0.4323176010619347,1.4870570304154127,0.9315005367596465
2024/25,242,midseason_reset,0.3648973942768778,1.377703236408701,0.8419497227463759
2024/25,243,midseason_reset,0.14712054348148962,0.6903324575584305,0.37542943405976503
2024/25,244,midseason_reset,0.11327517010504248,0.5861696468677916,0.29991924037672457
2024/25,245,midseason_reset,0.2585337338773371,1.0342534303849467,0.6231093982319903
2024/25,246,midseason_reset,0.16185476513038574,0.7246922549360391,0.39923264990253826
2024/25,247,midseason_reset,0.14668499974163973,0.6614858422945259,0.3512657279517999
2024/25,248,midseason_reset,0.316616670738041,1.1163857472953056,0.6943343364784893
2024/25,249,midseason_reset,0.14892971570844815,1.3774365895224938,0.8570279596820973
2024/25,250,midseason_reset,0.2795670211638617,1.0750409918023918,0.6520626957011408
2024/25,251,midseason_reset,0.13340214093228953,1.2429462914271696,0.7729897696282603
2024/25,252,midseason_reset,0.20376070162349905,0.8591133309466057,0.49885462751370613
2024/25,253,midseason_reset,0.30115846259888124,1.1446559601520359,0.6988251264396885
2024/25,254,midseason_reset,0.3665603441916428,1.3157223145705663,0.815533737925884
2024/25,255,midseason_reset,0.19923948535794161,0.8212923394026906,0.47087279872375765
2024/25,256,midseason_reset,0.3272057656556793,1.1356600576652205,0.7114019492167274
2024/25,257,midseason_reset,0.22000273562561448,1.5675979071112085,1.066405654230835
2024/25,258,midseason_reset,0.3837783742985199,1.429833543037386,0.8737991972527265
2024/25,259,midseason_reset,0.17115040196347048,1.2672261517177335,0.8583825714896243
2024/25,260,midseason_reset,0.16059044122824767,0.7302033548334689,0.40453380106135867
2024/25,261,midseason_reset,0.46650735218317296,1.6362317578962005,1.006931971961906
2024/25,262,midseason_reset,0.12178920938483478,1.1709813367855635,0.7195921503699594
2024/25,263,midseason_reset,0.23400434283559532,0.8994446079011388,0.5317370730359892
2024/25,264,midseason_reset,0.09937788418051935,0.5292272162540228,0.25543301153738307
2024/25,265,midseason_reset,0.13925669631287893,1.3033999068428088,0.8090700701924229
2024/25,266,midseason_reset,0.2251046642020915,1.610007884366263,1.0903916804407845
2024/25,267,midseason_reset,0.2449266111404479,0.9868937381376783,0.590216470113234
2024/25,268,midseason_reset,0.12217063877611697,1.1748502716430709,0.7220085587637104
2024/25,269,midseason_reset,0.1310437946471805,1.2849204252302182,0.7852901184556169
2024/25,270,midseason_reset,0.08652369203713935,0.47789847228588167,0.2173443426739567
2024/25,271,midseason_reset,0.5643062344995764,1.921243040961403,1.1774987004873807
2024/25,272,midseason_reset,0.18564332023365768,0.7856861568716801,0.444227462790207
2024/25,273,midseason_reset,0.5355082841700706,1.8043036097244072,1.121456193592921
2024/25,274,midseason_reset,0.19413147397696418,0.8275863529765742,0.4756840399651068
2024/25,275,midseason_reset,0.032639276015041616,0.2743434884974909,0.08841527564609206
2024/25,276,midseason_reset,0.21504206404690743,0.8784439307081268,0.512634548378864
2024/25,277,midseason_reset,0.3500698119572234,1.1899912837182978,0.7534914516107638
2024/25,278,midseason_reset,0.11399925314365902,1.1239997196526708,0.6836540528272885
2024/25,279,midseason_reset,0.11586833481302825,1.1024156195081523,0.6778698740463789
2024/25,280,midseason_reset,0.12234611099708725,1.1563770980218504,0.7144325239541882
2024/25,281,midseason_reset,0.22989889318752457,1.711703224249435,1.1312829780541405
2024/25,282,midseason_reset,0.15162474525683287,1.3780815318141943,0.8626612482986304
2024/25,283,midseason_reset,0.3765639673586873,1.3851125244300544,0.8508387773401669
2024/25,284,midseason_reset,0.07515693105398877,0.4523430484576994,0.203218693209604
2024/25,285,midseason_reset,0.12573322906916665,1.1569261888978575,0.7214435321457378
2024/25,286,midseason_reset,0.12473212324413077,1.2209867296589885,0.7465752626937616
2024/25,287,midseason_reset,0.13083640335677665,1.2673128108809946,0.7777896367843277
2024/25,288,midseason_reset,0.3561133877268529,1.279107312668929,0.793037817253303
2024/25,289,midseason_reset,0.13476622871837363,1.2470105166403025,0.7773845502374445
2024/25,290,midseason_reset,0.020231324730492793,0.20323695501034902,0.0509570263553417
2024/25,291,midseason_reset,0.12959338891518116,1.2145142058399288,0.753600808930995
2024/25,292,midseason_reset,0.33175775165645116,1.2698284830796136,0.776762345336774
2024/25,293,midseason_reset,0.3607187883271883,1.3098646417347026,0.8091574965186459
2024/25,294,midseason_reset,0.21509107343930686,0.8548858958035056,0.49702391207678054
2024/25,295,midseason_reset,0.21791685212104867,0.8896258235221742,0.5207388879182262
2024/25,296,midseason_reset,0.13518351058944994,1.1767586673942263,0.7488486331426601
2024/25,297,midseason_reset,0.07587723298685606,0.4536195765489066,0.20359537768727498
2024/25,298,midseason_reset,0.05876929917674603,0.3805166473160827,0.15164925897626208
2024/25,299,midseason_reset,0.39395784361281216,1.4583697470063413,0.8911172745121116
2024/25,300,midseason_reset,0.2659717821151917,1.032564611868025,0.6227719686784053
2024/25,301,midseason_reset,0.2971890404330442,1.1374204093346947,0.6935162432242168
2024/25,302,midseason_reset,0.07735224834501023,0.43311234047253194,0.18534244719754533
2024/25,303,midseason_reset,0.34134699261085233,1.1812680437608252,0.7419094457886602
2024/25,304,midseason_reset,0.13006456333554375,1.2775806786136428,0.780387270768073
2024/25,305,midseason_reset,0.14460200876763307,0.6640104877047635,0.35338402701367444
2024/25,306,midseason_reset,0.33766742474794564,1.2774867749522587,0.7825369490815279
2024/25,215,soft_blend_h10,0.31502707052232604,1.1488405798186612,0.7076482038937788
2024/25,216,soft_blend_h10,0.12019026655375376,1.1486852847761277,0.7067966867212558
2024/25,217,soft_blend_h10,0.23100524695982805,0.9210426427784741,0.5438599743503222
2024/25,218,soft_blend_h10,0.12876366562218983,1.1202134019959393,0.711520061818819
2024/25,219,soft_blend_h10,0.6625117242739309,2.265280993936278,1.355232284291298
2024/25,220,soft_blend_h10,0.1372805154688519,1.2992197538480033,0.8034615671896116
2024/25,221,soft_blend_h10,0.42982907880814725,1.5461863072000908,0.9476613929266642
2024/25,222,soft_blend_h10,0.14196702219760476,1.3994774242888257,0.8513559695635451
2024/25,223,soft_blend_h10,0.6700585687915992,2.3322898909258094,1.3719680148873583
2024/25,224,soft_blend_h10,0.47683166468703064,1.5851329565167867,1.0056743191637554
2024/25,225,soft_blend_h10,0.2084347297739823,1.5169632608024202,1.0262416224632338
2024/25,226,soft_blend_h10,0.3164707364384222,1.2094896652656495,0.7396393688531204
2024/25,227,soft_blend_h10,0.26187666640438645,0.9992822630777904,0.6015918520565012
2024/25,228,soft_blend_h10,0.21914102723403556,0.9175205472551877,0.5418109216324277
2024/25,229,soft_blend_h10,0.21905160902094942,1.5814339299315319,1.0690475503363304
2024/25,230,soft_blend_h10,0.1750756797716237,0.7721790626426369,0.43517883321946904
2024/25,231,soft_blend_h10,0.17189072212083048,1.392669325352753,0.9086669758421405
2024/25,232,soft_blend_h10,0.3527262438076439,1.2596847275827405,0.7825082250752488
2024/25,233,soft_blend_h10,0.19484469348889596,0.8081530110679035,0.4611023274220131
2024/25,234,soft_blend_h10,0.1965196405872534,0.8097940489160751,0.46251053181091817
2024/25,235,soft_blend_h10,0.09135838135281658,0.5039656008771667,0.23775992274747443
2024/25,236,soft_blend_h10,0.3768111644007254,1.2873627488219173,0.8136474344029996
2024/25,237,soft_blend_h10,0.19904541362881395,0.819470424939808,0.4695852807901614
2024/25,238,soft_blend_h10,0.4609369379564813,1.591076101355002,0.9893870168244189
2024/25,239,soft_blend_h10,0.1145482700921268,1.1168786622389664,0.6816220788777019
2024/25,240,soft_blend_h10,0.032506640570612325,0.27776874734851853,0.09185343550184193
2024/25,241,soft_blend_h10,0.4290828245984235,1.491646211665456,0.9297274865433409
2024/25,242,soft_blend_h10,0.3822555684579549,1.4151551431028608,0.8667461801271418
2024/25,243,soft_blend_h10,0.1563381188512379,0.7169147142032656,0.3946822551658045
2024/25,244,soft_blend_h10,0.10837051699944325,0.5702813985820535,0.2884560680710848
2024/25,245,soft_blend_h10,0.24898751924400414,0.9993912468903866,0.5989464257617066
2024/25,246,soft_blend_h10,0.14327793855703974,0.6662594605316358,0.3556065536747014
2024/25,247,soft_blend_h10,0.14887507220079643,0.6690798659312353,0.3569537643140197
2024/25,248,soft_blend_h10,0.3529723414582491,1.2081529764082135,0.7628000242511639
2024/25,249,soft_blend_h10,0.15652369510960595,1.4077995660340021,0.8835540372310632
2024/25,250,soft_blend_h10,0.2693617117174834,1.0420264125284788,0.6294285647582312
2024/25,251,soft_blend_h10,0.12978550201639819,1.221697759145489,0.7569776762214643
2024/25,252,soft_blend_h10,0.2210524382206762,0.9023674380734871,0.5299535832959725
2024/25,253,soft_blend_h10,0.3279170866506905,1.2116015539022222,0.7452333944738588
2024/25,254,soft_blend_h10,0.35772882203713,1.2890849692295343,0.7983501661403659
2024/25,255,soft_blend_h10,0.22226846760025715,0.8839909048790849,0.5176797446103304
2024/25,256,soft_blend_h10,0.33701721192507905,1.1629137393393065,0.7309455927066142
2024/25,257,soft_blend_h10,0.2117043552771999,1.5292063043948356,1.0369556961046238
2024/25,258,soft_blend_h10,0.3886450639106491,1.4474058287587932,0.8837322609093629
2024/25,259,soft_blend_h10,0.1753227063448382,1.287159875789202,0.8747436614971871
2024/25,260,soft_blend_h10,0.15064139519558883,0.6948106030358245,0.3775790863314271
2024/25,261,soft_blend_h10,0.5044082227227458,1.7333366504844088,1.0703177342248724
2024/25,262,soft_blend_h10,0.12142052204908466,1.1855634734312908,0.7250685855468587
2024/25,263,soft_blend_h10,0.22526360636498202,0.8799755527185801,0.5163102684366796
2024/25,264,soft_blend_h10,0.09689291636998591,0.5198783609460838,0.2484729611013319
2024/25,265,soft_blend_h10,0.13675191801969885,1.2848398155326584,0.7966741003868639
2024/25,266,soft_blend_h10,0.21805267377639803,1.583017934354327,1.0675669518186413
2024/25,267,soft_blend_h10,0.2737201890549943,1.0614726101141092,0.6423931045896674
2024/25,268,soft_blend_h10,0.1209747185900864,1.1784577747502698,0.7211553500057614
2024/25,269,soft_blend_h10,0.1304843940446004,1.2815358349689765,0.7828152206185771
2024/25,270,soft_blend_h10,0.07995990125531262,0.455741076759172,0.2019198842036382
2024/25,271,soft_blend_h10,0.5594486723133011,1.9055287856898735,1.1687845135739603
2024/25,272,soft_blend_h10,0.17670110114726428,0.7561288570797646,0.4221943927771606
2024/25,273,soft_blend_h10,0.513193828773614,1.7297809038080978,1.0799404877143217
2024/25,274,soft_blend_h10,0.183437900322518,0.7963567535324592,0.452852119488758
2024/25,275,soft_blend_h10,0.03325278750686418,0.27697106113849623,0.08979256697578478
2024/25,276,soft_blend_h10,0.2223431329951605,0.9000681552258826,0.5283981723630167
2024/25,277,soft_blend_h10,0.32118953524154953,1.113285229388497,0.6971287018478214
2024/25,278,soft_blend_h10,0.11507339272896754,1.1307456433892953,0.6887568125143305
2024/25,279,soft_blend_h10,0.11242432027221871,1.0853782144325883,0.6633919014127501
2024/25,280,soft_blend_h10,0.12549603514136964,1.1757393590722918,0.7290388406815191
2024/25,281,soft_blend_h10,0.22787733337650154,1.6981709442359592,1.123214307085047
2024/25,282,soft_blend_h10,0.152988757452451,1.3829623802988,0.8672266343375419
2024/25,283,soft_blend_h10,0.3681551606681317,1.359879820357219,0.8352745961935676
2024/25,284,soft_blend_h10,0.07733524476791721,0.45990370049156093,0.20834397351501044
2024/25,285,soft_blend_h10,0.12550264144590997,1.1450367707409164,0.7158398643812435
2024/25,286,soft_blend_h10,0.12431435424622128,1.2176131915800739,0.7443352943635109
2024/25,287,soft_blend_h10,0.1313928997588509,1.2695496291753103,0.7798070122968909
2024/25,288,soft_blend_h10,0.3628193183767949,1.2964163614445405,0.8049851402864105
2024/25,289,soft_blend_h10,0.1343864923813064,1.2443424705277437,0.7755314545084036
2024/25,290,soft_blend_h10,0.019394270766317508,0.19852940435429525,0.0488448280112452
2024/25,291,soft_blend_h10,0.12681467037489869,1.2071230813581808,0.7449512655720534
2024/25,292,soft_blend_h10,0.3349607651244682,1.2803245749385164,0.7832323227547417
2024/25,293,soft_blend_h10,0.3667433324764087,1.327605391176459,0.8205631221758635
2024/25,294,soft_blend_h10,0.21849737891034743,0.863968122625645,0.5038915228879369
2024/25,295,soft_blend_h10,0.22067373060334006,0.8971893025020014,0.5262494216865516
2024/25,296,soft_blend_h10,0.13398111284503866,1.178494865766629,0.7471839421739778
2024/25,297,soft_blend_h10,0.07807240621893495,0.46188816826356444,0.20947544794650322
2024/25,298,soft_blend_h10,0.056777243544077774,0.37283332638329614,0.14668016027057287
2024/25,299,soft_blend_h10,0.3947411924832759,1.4600873524064018,0.8922548744311449
2024/25,300,soft_blend_h10,0.27458143306291755,1.0562360537188693,0.6394379537467416
2024/25,301,soft_blend_h10,0.3114395122373786,1.1791854316326453,0.7213730742680532
2024/25,302,soft_blend_h10,0.07890466764949633,0.43847020626414096,0.18901502830318023
2024/25,303,soft_blend_h10,0.3461076978779093,1.195586762617808,0.7516934963279828
2024/25,304,soft_blend_h10,0.1291054300665929,1.2676789720097372,0.7744758194913177
2024/25,305,soft_blend_h10,0.14834819251472992,0.6750871937095689,0.361632536762499
2024/25,306,soft_blend_h10,0.33888039079164045,1.2871741687229736,0.787957829034224
2024/25,215,cosine_taper_k18,0.3201648297914986,1.1652563851680553,0.7186084463261239
2024/25,216,cosine_taper_k18,0.11881610584522777,1.1304432307317382,0.6961100149868109
2024/25,217,cosine_taper_k18,0.2295547667241144,0.917269259178786,0.5410894178248029
2024/25,218,cosine_taper_k18,0.12269926029126263,1.1067216403405313,0.6934397949312144
2024/25,219,cosine_taper_k18,0.643936826021762,2.2049908711086417,1.3222166681486685
2024/25,220,cosine_taper_k18,0.1404483128947837,1.304425212470456,0.8118588587559903
2024/25,221,cosine_taper_k18,0.4165442073380696,1.503842987529917,0.9230825406340342
2024/25,222,cosine_taper_k18,0.13880381991012797,1.347590356137696,0.8254064358039944
2024/25,223,cosine_taper_k18,0.6643027730811284,2.304081684443596,1.3610753364848
2024/25,224,cosine_taper_k18,0.4568916640314753,1.5267311190796986,0.9685627980616162
2024/25,225,cosine_taper_k18,0.20783916322473897,1.5113367386556606,1.023119497442534
2024/25,226,cosine_taper_k18,0.3025902530484344,1.1596448495139187,0.7077715915912283
2024/25,227,cosine_taper_k18,0.28453125237893867,1.0621589522512302,0.6468130708029248
2024/25,228,cosine_taper_k18,0.2095976193704478,0.8907217041750278,0.5230142504403894
2024/25,229,cosine_taper_k18,0.20395967802479284,1.5031149422621073,1.0125248129609812
2024/25,230,cosine_taper_k18,0.1481487713224948,0.692305580528167,0.37663280556762785
2024/25,231,cosine_taper_k18,0.16964642902000418,1.3957573571720703,0.9053302881889056
2024/25,232,cosine_taper_k18,0.3360670848054995,1.2211589168507817,0.7544111764735884
2024/25,233,cosine_taper_k18,0.1997175732917167,0.8174768220517497,0.4683656336523717
2024/25,234,cosine_taper_k18,0.18015209003772348,0.7654968199947104,0.42922109591009994
2024/25,235,cosine_taper_k18,0.08907127459734797,0.49580912116989795,0.23186999123002633
2024/25,236,cosine_taper_k18,0.37834453848804084,1.2970300041231557,0.8184292947295994
2024/25,237,cosine_taper_k18,0.1897532301906357,0.7914796061275614,0.44874014667463513
2024/25,238,cosine_taper_k18,0.4345321389569021,1.5174056438431078,0.9426509663080245
2024/25,239,cosine_taper_k18,0.11465500948256141,1.119041915082441,0.6827876151433074
2024/25,240,cosine_taper_k18,0.030937086193157614,0.2691538439815941,0.08661614219395311
2024/25,241,cosine_taper_k18,0.4323176010619347,1.4870570304154127,0.9315005367596465
2024/25,242,cosine_taper_k18,0.3648973942768778,1.377703236408701,0.8419497227463759
2024/25,243,cosine_taper_k18,0.14712054348148962,0.6903324575584305,0.37542943405976503
2024/25,244,cosine_taper_k18,0.11327517010504248,0.5861696468677916,0.29991924037672457
2024/25,245,cosine_taper_k18,0.2585337338773371,1.0342534303849467,0.6231093982319903
2024/25,246,cosine_taper_k18,0.16185476513038574,0.7246922549360391,0.39923264990253826
2024/25,247,cosine_taper_k18,0.14668499974163973,0.6614858422945259,0.3512657279517999
2024/25,248,cosine_taper_k18,0.316616670738041,1.1163857472953056,0.6943343364784893
2024/25,249,cosine_taper_k18,0.14892971570844815,1.3774365895224938,0.8570279596820973
2024/25,250,cosine_taper_k18,0.2795670211638617,1.0750409918023918,0.6520626957011408
2024/25,251,cosine_taper_k18,0.13340214093228953,1.2429462914271696,0.7729897696282603
2024/25,252,cosine_taper_k18,0.20376070162349905,0.8591133309466057,0.49885462751370613
2024/25,253,cosine_taper_k18,0.30115846259888124,1.1446559601520359,0.6988251264396885
2024/25,254,cosine_taper_k18,0.3665603441916428,1.3157223145705663,0.815533737925884
2024/25,255,cosine_taper_k18,0.19923948535794161,0.8212923394026906,0.47087279872375765
2024/25,256,cosine_taper_k18,0.3272057656556793,1.1356600576652205,0.7114019492167274
2024/25,257,cosine_taper_k18,0.22000273562561448,1.5675979071112085,1.066405654230835
2024/25,258,cosine_taper_k18,0.3837783742985199,1.429833543037386,0.8737991972527265
2024/25,259,cosine_taper_k18,0.17115040196347048,1.2672261517177335,0.8583825714896243
2024/25,260,cosine_taper_k18,0.16059044122824767,0.7302033548334689,0.40453380106135867
2024/25,261,cosine_taper_k18,0.46650735218317296,1.6362317578962005,1.006931971961906
2024/25,262,cosine_taper_k18,0.12178920938483478,1.1709813367855635,0.7195921503699594
2024/25,263,cosine_taper_k18,0.23400434283559532,0.8994446079011388,0.5317370730359892
2024/25,264,cosine_taper_k18,0.09937788418051935,0.5292272162540228,0.25543301153738307
2024/25,265,cosine_taper_k18,0.13925669631287893,1.3033999068428088,0.8090700701924229
2024/25,266,cosine_taper_k18,0.2251046642020915,1.610007884366263,1.0903916804407845
2024/25,267,cosine_taper_k18,0.2449266111404479,0.9868937381376783,0.590216470113234
2024/25,268,cosine_taper_k18,0.12217063877611697,1.1748502716430709,0.7220085587637104
2024/25,269,cosine_taper_k18,0.1310437946471805,1.2849204252302182,0.7852901184556169
2024/25,270,cosine_taper_k18,0.08652369203713935,0.47789847228588167,0.2173443426739567
2024/25,271,cosine_taper_k18,0.5643062344995764,1.921243040961403,1.1774987004873807
2024/25,272,cosine_taper_k18,0.18564332023365768,0.7856861568716801,0.444227462790207
2024/25,273,cosine_taper_k18,0.5355082841700706,1.8043036097244072,1.121456193592921
2024/25,274,cosine_taper_k18,0.19413147397696418,0.8275863529765742,0.4756840399651068
2024/25,275,cosine_taper_k18,0.032639276015041616,0.2743434884974909,0.08841527564609206
2024/25,276,cosine_taper_k18,0.21504206404690743,0.8784439307081268,0.512634548378864
2024/25,277,cosine_taper_k18,0.3500698119572234,1.1899912837182978,0.7534914516107638
2024/25,278,cosine_taper_k18,0.11399925314365902,1.1239997196526708,0.6836540528272885
2024/25,279,cosine_taper_k18,0.11586833481302825,1.1024156195081523,0.6778698740463789
2024/25,280,cosine_taper_k18,0.12234611099708725,1.1563770980218504,0.7144325239541882
2024/25,281,cosine_taper_k18,0.22989889318752457,1.711703224249435,1.1312829780541405
2024/25,282,cosine_taper_k18,0.15162474525683287,1.3780815318141943,0.8626612482986304
2024/25,283,cosine_taper_k18,0.3765639673586873,1.3851125244300544,0.8508387773401669
2024/25,284,cosine_taper_k18,0.07515693105398877,0.4523430484576994,0.203218693209604
2024/25,285,cosine_taper_k18,0.12573322906916665,1.1569261888978575,0.7214435321457378
2024/25,286,cosine_taper_k18,0.12473212324413077,1.2209867296589885,0.7465752626937616
2024/25,287,cosine_taper_k18,0.13083640335677665,1.2673128108809946,0.7777896367843277
2024/25,288,cosine_taper_k18,0.3561133877268529,1.279107312668929,0.793037817253303
2024/25,289,cosine_taper_k18,0.13476622871837363,1.2470105166403025,0.7773845502374445
2024/25,290,cosine_taper_k18,0.020231324730492793,0.20323695501034902,0.0509570263553417
2024/25,291,cosine_taper_k18,0.12959338891518116,1.2145142058399288,0.753600808930995
2024/25,292,cosine_taper_k18,0.33175775165645116,1.2698284830796136,0.776762345336774
2024/25,293,cosine_taper_k18,0.3607187883271883,1.3098646417347026,0.8091574965186459
2024/25,294,cosine_taper_k18,0.21509107343930686,0.8548858958035056,0.49702391207678054
2024/25,295,cosine_taper_k18,0.21791685212104867,0.8896258235221742,0.5207388879182262
2024/25,296,cosine_taper_k18,0.13518351058944994,1.1767586673942263,0.7488486331426601
2024/25,297,cosine_taper_k18,0.07587723298685606,0.4536195765489066,0.20359537768727498
2024/25,298,cosine_taper_k18,0.05876929917674603,0.3805166473160827,0.15164925897626208
2024/25,299,cosine_taper_k18,0.39395784361281216,1.4583697470063413,0.8911172745121116
2024/25,300,cosine_taper_k18,0.2659717821151917,1.032564611868025,0.6227719686784053
2024/25,301,cosine_taper_k18,0.2971890404330442,1.1374204093346947,0.6935162432242168
2024/25,302,cosine_taper_k18,0.07735224834501023,0.43311234047253194,0.18534244719754533
2024/25,303,cosine_taper_k18,0.34134699261085233,1.1812680437608252,0.7419094457886602
2024/25,304,cosine_taper_k18,0.13006456333554375,1.2775806786136428,0.780387270768073
2024/25,305,cosine_taper_k18,0.14460200876763307,0.6640104877047635,0.35338402701367444
2024/25,306,cosine_taper_k18,0.33766742474794564,1.2774867749522587,0.7825369490815279
2024/25,215,cosine_taper_k25,0.3200561674150636,1.164907789437503,0.7183766666986318
2024/25,216,cosine_taper_k25,0.1188443828042379,1.1308240924251127,0.6963330894861228
2024/25,217,cosine_taper_k25,0.2295547667241144,0.917269259178786,0.5410894178248029
2024/25,218,cosine_taper_k25,0.12269926029126263,1.1067216403405313,0.6934397949312144
2024/25,219,cosine_taper_k25,0.643936826021762,2.2049908711086417,1.3222166681486685
2024/25,220,cosine_taper_k25,0.1404483128947837,1.304425212470456,0.8118588587559903
2024/25,221,cosine_taper_k25,0.4165442073380696,1.503842987529917,0.9230825406340342
2024/25,222,cosine_taper_k25,0.13880381991012797,1.347590356137696,0.8254064358039944
2024/25,223,cosine_taper_k25,0.6643027730811284,2.304081684443596,1.3610753364848
2024/25,224,cosine_taper_k25,0.4568916640314753,1.5267311190796986,0.9685627980616162
2024/25,225,cosine_taper_k25,0.20783916322473897,1.5113367386556606,1.023119497442534
2024/25,226,cosine_taper_k25,0.3025902530484344,1.1596448495139187,0.7077715915912283
2024/25,227,cosine_taper_k25,0.28453125237893867,1.0621589522512302,0.6468130708029248
2024/25,228,cosine_taper_k25,0.2095976193704478,0.8907217041750278,0.5230142504403894
2024/25,229,cosine_taper_k25,0.20395967802479284,1.5031149422621073,1.0125248129609812
2024/25,230,cosine_taper_k25,0.1481487713224948,0.692305580528167,0.37663280556762785
2024/25,231,cosine_taper_k25,0.16964642902000418,1.3957573571720703,0.9053302881889056
2024/25,232,cosine_taper_k25,0.3360670848054995,1.2211589168507817,0.7544111764735884
2024/25,233,cosine_taper_k25,0.1997175732917167,0.8174768220517497,0.4683656336523717
2024/25,234,cosine_taper_k25,0.18015209003772348,0.7654968199947104,0.42922109591009994
2024/25,235,cosine_taper_k25,0.08907127459734797,0.49580912116989795,0.23186999123002633
2024/25,236,cosine_taper_k25,0.37834453848804084,1.2970300041231557,0.8184292947295994
2024/25,237,cosine_taper_k25,0.1897532301906357,0.7914796061275614,0.44874014667463513
2024/25,238,cosine_taper_k25,0.4345321389569021,1.5174056438431078,0.9426509663080245
2024/25,239,cosine_taper_k25,0.11465500948256141,1.119041915082441,0.6827876151433074
2024/25,240,cosine_taper_k25,0.030937086193157614,0.2691538439815941,0.08661614219395311
2024/25,241,cosine_taper_k25,0.4323176010619347,1.4870570304154127,0.9315005367596465
2024/25,242,cosine_taper_k25,0.3648973942768778,1.377703236408701,0.8419497227463759
2024/25,243,cosine_taper_k25,0.14712054348148962,0.6903324575584305,0.37542943405976503
2024/25,244,cosine_taper_k25,0.11327517010504248,0.5861696468677916,0.29991924037672457
2024/25,245,cosine_taper_k25,0.2585337338773371,1.0342534303849467,0.6231093982319903
2024/25,246,cosine_taper_k25,0.16185476513038574,0.7246922549360391,0.39923264990253826
2024/25,247,cosine_taper_k25,0.14668499974163973,0.6614858422945259,0.3512657279517999
2024/25,248,cosine_taper_k25,0.316616670738041,1.1163857472953056,0.6943343364784893
2024/25,249,cosine_taper_k25,0.14892971570844815,1.3774365895224938,0.8570279596820973
2024/25,250,cosine_taper_k25,0.2795670211638617,1.0750409918023918,0.6520626957011408
2024/25,251,cosine_taper_k25,0.13340214093228953,1.2429462914271696,0.7729897696282603
2024/25,252,cosine_taper_k25,0.20376070162349905,0.8591133309466057,0.49885462751370613
2024/25,253,cosine_taper_k25,0.30115846259888124,1.1446559601520359,0.6988251264396885
2024/25,254,cosine_taper_k25,0.3665603441916428,1.3157223145705663,0.815533737925884
2024/25,255,cosine_taper_k25,0.19923948535794161,0.8212923394026906,0.47087279872375765
2024/25,256,cosine_taper_k25,0.3272057656556793,1.1356600576652205,0.7114019492167274
2024/25,257,cosine_taper_k25,0.22000273562561448,1.5675979071112085,1.066405654230835
2024/25,258,cosine_taper_k25,0.3837783742985199,1.429833543037386,0.8737991972527265
2024/25,259,cosine_taper_k25,0.17115040196347048,1.2672261517177335,0.8583825714896243
2024/25,260,cosine_taper_k25,0.16059044122824767,0.7302033548334689,0.40453380106135867
2024/25,261,cosine_taper_k25,0.46650735218317296,1.6362317578962005,1.006931971961906
2024/25,262,cosine_taper_k25,0.12178920938483478,1.1709813367855635,0.7195921503699594
2024/25,263,cosine_taper_k25,0.23400434283559532,0.8994446079011388,0.5317370730359892
2024/25,264,cosine_taper_k25,0.09937788418051935,0.5292272162540228,0.25543301153738307
2024/25,265,cosine_taper_k25,0.13925669631287893,1.3033999068428088,0.8090700701924229
2024/25,266,cosine_taper_k25,0.2251046642020915,1.610007884366263,1.0903916804407845
2024/25,267,cosine_taper_k25,0.2449266111404479,0.9868937381376783,0.590216470113234
2024/25,268,cosine_taper_k25,0.12217063877611697,1.1748502716430709,0.7220085587637104
2024/25,269,cosine_taper_k25,0.1310437946471805,1.2849204252302182,0.7852901184556169
2024/25,270,cosine_taper_k25,0.08652369203713935,0.47789847228588167,0.2173443426739567
2024/25,271,cosine_taper_k25,0.5643062344995764,1.921243040961403,1.1774987004873807
2024/25,272,cosine_taper_k25,0.18564332023365768,0.7856861568716801,0.444227462790207
2024/25,273,cosine_taper_k25,0.5355082841700706,1.8043036097244072,1.121456193592921
2024/25,274,cosine_taper_k25,0.19413147397696418,0.8275863529765742,0.4756840399651068
2024/25,275,cosine_taper_k25,0.032639276015041616,0.2743434884974909,0.08841527564609206
2024/25,276,cosine_taper_k25,0.21504206404690743,0.8784439307081268,0.512634548378864
2024/25,277,cosine_taper_k25,0.3500698119572234,1.1899912837182978,0.7534914516107638
2024/25,278,cosine_taper_k25,0.11399925314365902,1.1239997196526708,0.6836540528272885
2024/25,279,cosine_taper_k25,0.11586833481302825,1.1024156195081523,0.6778698740463789
2024/25,280,cosine_taper_k25,0.12234611099708725,1.1563770980218504,0.7144325239541882
2024/25,281,cosine_taper_k25,0.22989889318752457,1.711703224249435,1.1312829780541405
2024/25,282,cosine_taper_k25,0.15162474525683287,1.3780815318141943,0.8626612482986304
2024/25,283,cosine_taper_k25,0.3765639673586873,1.3851125244300544,0.8508387773401669
2024/25,284,cosine_taper_k25,0.07515693105398877,0.4523430484576994,0.203218693209604
2024/25,285,cosine_taper_k25,0.12573322906916665,1.1569261888978575,0.7214435321457378
2024/25,286,cosine_taper_k25,0.12473212324413077,1.2209867296589885,0.7465752626937616
2024/25,287,cosine_taper_k25,0.13083640335677665,1.2673128108809946,0.7777896367843277
2024/25,288,cosine_taper_k25,0.3561133877268529,1.279107312668929,0.793037817253303
2024/25,289,cosine_taper_k25,0.13476622871837363,1.2470105166403025,0.7773845502374445
2024/25,290,cosine_taper_k25,0.020231324730492793,0.20323695501034902,0.0509570263553417
2024/25,291,cosine_taper_k25,0.12959338891518116,1.2145142058399288,0.753600808930995
2024/25,292,cosine_taper_k25,0.33175775165645116,1.2698284830796136,0.776762345336774
2024/25,293,cosine_taper_k25,0.3607187883271883,1.3098646417347026,0.8091574965186459
2024/25,294,cosine_taper_k25,0.21509107343930686,0.8548858958035056,0.49702391207678054
2024/25,295,cosine_taper_k25,0.21791685212104867,0.8896258235221742,0.5207388879182262
2024/25,296,cosine_taper_k25,0.13518351058944994,1.1767586673942263,0.7488486331426601
2024/25,297,cosine_taper_k25,0.07587723298685606,0.4536195765489066,0.20359537768727498
2024/25,298,cosine_taper_k25,0.05876929917674603,0.3805166473160827,0.15164925897626208
2024/25,299,cosine_taper_k25,0.39395784361281216,1.4583697470063413,0.8911172745121116
2024/25,300,cosine_taper_k25,0.2659717821151917,1.032564611868025,0.6227719686784053
2024/25,301,cosine_taper_k25,0.2971890404330442,1.1374204093346947,0.6935162432242168
2024/25,302,cosine_taper_k25,0.07735224834501023,0.43311234047253194,0.18534244719754533
2024/25,303,cosine_taper_k25,0.34134699261085233,1.1812680437608252,0.7419094457886602
2024/25,304,cosine_taper_k25,0.13006456333554375,1.2775806786136428,0.780387270768073
2024/25,305,cosine_taper_k25,0.14460200876763307,0.6640104877047635,0.35338402701367444
2024/25,306,cosine_taper_k25,0.33766742474794564,1.2774867749522587,0.7825369490815279
2024/25,215,cosine_taper_k30,0.3175800096138431,1.1569806911838152,0.7130946453474796
2024/25,216,cosine_taper_k30,0.11949791841944352,1.139560564150567,0.7014507924764966
2024/25,217,cosine_taper_k30,0.23010207546549966,0.9186930052398906,0.5421347622123059
2024/25,218,cosine_taper_k30,0.12489338115314241,1.1117968669131821,0.7000716210184681
2024/25,219,cosine_taper_k30,0.6509107975915065,2.2273407856107372,1.334571749100583
2024/25,220,cosine_taper_k30,0.13918604309708035,1.3024556323358103,0.8085550291430087
2024/25,221,cosine_taper_k30,0.42153415139301864,1.5196284550281407,0.9323077403038638
2024/25,222,cosine_taper_k30,0.13931276127033088,1.3668759659678176,0.8337964930968084
2024/25,223,cosine_taper_k30,0.66647377097878,2.314644208641525,1.3651828341243166
2024/25,224,cosine_taper_k30,0.4643668479385332,1.5483938656884995,0.9824589188134063
2024/25,225,cosine_taper_k30,0.20806403878289648,1.5134584731814913,1.0242983325382153
2024/25,226,cosine_taper_k30,0.30618874369175497,1.1724371490663759,0.7160343791354538
2024/25,227,cosine_taper_k30,0.2785111102825688,1.0453365073096639,0.6347957742014909
2024/25,228,cosine_taper_k30,0.21206872287611778,0.8976583197010991,0.5278805697777148
2024/25,229,cosine_taper_k30,0.20783009414049974,1.5230040588162455,1.027096842843215
2024/25,230,cosine_taper_k30,0.15495705903382345,0.7125777789151658,0.3914631448120287
2024/25,231,cosine_taper_k30,0.170222563559543,1.3949491746181848,0.9061813190726484
2024/25,232,cosine_taper_k30,0.3403699109740021,1.2310877815704129,0.7616353823248988
2024/25,233,cosine_taper_k30,0.1984345587386811,0.8150310220134795,0.4664443186302815
2024/25,234,cosine_taper_k30,0.18435640745964835,0.7768887393465879,0.43777442848304493
2024/25,235,cosine_taper_k30,0.08943227019597418,0.4970990069114421,0.23279970591742624
2024/25,236,cosine_taper_k30,0.378100698067826,1.2954896947781323,0.8176678370695499
2024/25,237,cosine_taper_k30,0.1912127836427646,0.7958693876077402,0.45201558097099176
2024/25,238,cosine_taper_k30,0.4386573215644929,1.5287398596137975,0.9499200858307182
2024/25,239,cosine_taper_k30,0.11463762883554493,1.1186983248013707,0.682601708957117
2024/25,240,cosine_taper_k30,0.031183285221967734,0.27051596334873895,0.08743579310982379
2024/25,241,cosine_taper_k30,0.4318000583481363,1.4877838644482309,0.9312000806897098
2024/25,242,cosine_taper_k30,0.3676063422939948,1.3835534921802195,0.8457628163340938
2024/25,243,cosine_taper_k30,0.1485625228299568,0.6945038036210095,0.3784428720470619
2024/25,244,cosine_taper_k30,0.11289862776916226,0.5849538757446733,0.299039866302647
2024/25,245,cosine_taper_k30,0.25780223544839326,1.0315622211705202,0.6212568833662533
2024/25,246,cosine_taper_k30,0.16040356474946305,0.7201318701817394,0.39582842767231674
2024/25,247,cosine_taper_k30,0.14685077207515748,0.6620606650587425,0.3516961074210111
2024/25,248,cosine_taper_k30,0.3193000814586042,1.1230683936855552,0.6993732930910208
2024/25,249,cosine_taper_k30,0.1494706671327497,1.3797108841707215,0.8589671126777598
2024/25,250,cosine_taper_k30,0.27878509237307564,1.072494591770928,0.6503289951532539
2024/25,251,cosine_taper_k30,0.13312095380309372,1.2413163111469137,0.7717578611374782
2024/25,252,cosine_taper_k30,0.20504310491118177,0.862334051583194,0.5011523716493547
2024/25,253,cosine_taper_k30,0.30169001916874005,1.1459786444843019,0.6997404063601367
2024/25,254,cosine_taper_k30,0.3663788913981526,1.3151714163673558,0.8151806058200979
2024/25,255,cosine_taper_k30,0.19969600538955973,0.8225336670290845,0.47180108907068347
2024/25,256,cosine_taper_k30,0.3274045246808629,1.1362090202413118,0.711797849019336
2024/25,257,cosine_taper_k30,0.21983088435874656,1.5667993074901765,1.0657982495759466
2024/25,258,cosine_taper_k30,0.3838773941671644,1.4301891729415945,0.8740013112377251
2024/25,259,cosine_taper_k30,0.17123487212704047,1.267629107653792,0.8587145330902086
2024/25,260,cosine_taper_k30,0.16038410393402705,0.7294682220768945,0.40397396090758736
2024/25,261,cosine_taper_k30,0.4672602159487349,1.638122529890669,1.0081728488385358
2024/25,262,cosine_taper_k30,0.12178920938483478,1.1709813367855635,0.7195921503699594
2024/25,263,cosine_taper_k30,0.23400434283559532,0.8994446079011388,0.5317370730359892
2024/25,264,cosine_taper_k30,0.09937788418051935,0.5292272162540228,0.25543301153738307
2024/25,265,cosine_taper_k30,0.13925669631287893,1.3033999068428088,0.8090700701924229
2024/25,266,cosine_taper_k30,0.2251046642020915,1.610007884366263,1.0903916804407845
2024/25,267,cosine_taper_k30,0.2449266111404479,0.9868937381376783,0.590216470113234
2024/25,268,cosine_taper_k30,0.12217063877611697,1.1748502716430709,0.7220085587637104
2024/25,269,cosine_taper_k30,0.1310437946471805,1.2849204252302182,0.7852901184556169
2024/25,270,cosine_taper_k30,0.08652369203713935,0.47789847228588167,0.2173443426739567
2024/25,271,cosine_taper_k30,0.5643062344995764,1.921243040961403,1.1774987004873807
2024/25,272,cosine_taper_k30,0.18564332023365768,0.7856861568716801,0.444227462790207
2024/25,273,cosine_taper_k30,0.5355082841700706,1.8043036097244072,1.121456193592921
2024/25,274,cosine_taper_k30,0.19413147397696418,0.8275863529765742,0.4756840399651068
2024/25,275,cosine_taper_k30,0.032639276015041616,0.2743434884974909,0.08841527564609206
2024/25,276,cosine_taper_k30,0.21504206404690743,0.8784439307081268,0.512634548378864
2024/25,277,cosine_taper_k30,0.3500698119572234,1.1899912837182978,0.7534914516107638
2024/25,278,cosine_taper_k30,0.11399925314365902,1.1239997196526708,0.6836540528272885
2024/25,279,cosine_taper_k30,0.11586833481302825,1.1024156195081523,0.6778698740463789
2024/25,280,cosine_taper_k30,0.12234611099708725,1.1563770980218504,0.7144325239541882
2024/25,281,cosine_taper_k30,0.22989889318752457,1.711703224249435,1.1312829780541405
2024/25,282,cosine_taper_k30,0.15162474525683287,1.3780815318141943,0.8626612482986304
2024/25,283,cosine_taper_k30,0.3765639673586873,1.3851125244300544,0.8508387773401669
2024/25,284,cosine_taper_k30,0.07515693105398877,0.4523430484576994,0.203218693209604
2024/25,285,cosine_taper_k30,0.12573322906916665,1.1569261888978575,0.7214435321457378
2024/25,286,cosine_taper_k30,0.12473212324413077,1.2209867296589885,0.7465752626937616
2024/25,287,cosine_taper_k30,0.13083640335677665,1.2673128108809946,0.7777896367843277
2024/25,288,cosine_taper_k30,0.3561133877268529,1.279107312668929,0.793037817253303
2024/25,289,cosine_taper_k30,0.13476622871837363,1.2470105166403025,0.7773845502374445
2024/25,290,cosine_taper_k30,0.020231324730492793,0.20323695501034902,0.0509570263553417
2024/25,291,cosine_taper_k30,0.12959338891518116,1.2145142058399288,0.753600808930995
2024/25,292,cosine_taper_k30,0.33175775165645116,1.2698284830796136,0.776762345336774
2024/25,293,cosine_taper_k30,0.3607187883271883,1.3098646417347026,0.8091574965186459
2024/25,294,cosine_taper_k30,0.21509107343930686,0.8548858958035056,0.49702391207678054
2024/25,295,cosine_taper_k30,0.21791685212104867,0.8896258235221742,0.5207388879182262
2024/25,296,cosine_taper_k30,0.13518351058944994,1.1767586673942263,0.7488486331426601
2024/25,297,cosine_taper_k30,0.07587723298685606,0.4536195765489066,0.20359537768727498
2024/25,298,cosine_taper_k30,0.05876929917674603,0.3805166473160827,0.15164925897626208
2024/25,299,cosine_taper_k30,0.39395784361281216,1.4583697470063413,0.8911172745121116
2024/25,300,cosine_taper_k30,0.2659717821151917,1.032564611868025,0.6227719686784053
2024/25,301,cosine_taper_k30,0.2971890404330442,1.1374204093346947,0.6935162432242168
2024/25,302,cosine_taper_k30,0.07735224834501023,0.43311234047253194,0.18534244719754533
2024/25,303,cosine_taper_k30,0.34134699261085233,1.1812680437608252,0.7419094457886602
2024/25,304,cosine_taper_k30,0.13006456333554375,1.2775806786136428,0.780387270768073
2024/25,305,cosine_taper_k30,0.14460200876763307,0.6640104877047635,0.35338402701367444
2024/25,306,cosine_taper_k30,0.33766742474794564,1.2774867749522587,0.7825369490815279
2024/25,215,bookmaker,0.5417758225174634,1.824194848589551,1.1328524498387844
2024/25,216,bookmaker,0.11953860097950761,1.1610413366946293,0.7108265165068968
2024/25,217,bookmaker,0.2653730739189509,1.0082787159757511,0.6082113518357377
2024/25,218,bookmaker,0.15803878534543045,1.3007973325588058,0.8456036394705881
2024/25,219,bookmaker,0.6687359285842922,2.2812233929154746,1.3659993218916484
2024/25,220,bookmaker,0.12705679645155196,1.2420384525912387,0.7599262547960115
2024/25,221,bookmaker,0.6254779017245826,2.152823048623127,1.2903353208109274
2024/25,222,bookmaker,0.21874390295520038,1.602560062672675,1.0752812130930818
2024/25,223,bookmaker,0.7859118787067279,2.86736015413418,1.5855462359609664
2024/25,224,bookmaker,0.40352222866924436,1.4014831504882557,0.8772787584626889
2024/25,225,bookmaker,0.15645892408933657,1.378020445253237,0.8723065726163277
2024/25,226,bookmaker,0.2115227759337467,0.8808513912952515,0.5145255577621496
2024/25,227,bookmaker,0.3331748017493614,1.1754447207113983,0.7325193081130261
2024/25,228,bookmaker,0.2874904243235389,1.0579089955546055,0.6463031284945714
2024/25,229,bookmaker,0.2637050961391774,1.7275668134974356,1.2035606735474125
2024/25,230,bookmaker,0.23292230947365522,0.9354774163189152,0.5538704866021165
2024/25,231,bookmaker,0.1568733858242766,1.2947439481356846,0.8408692288753643
2024/25,232,bookmaker,0.2628539818602617,0.9979797189709656,0.6012810502159608
2024/25,233,bookmaker,0.1714503140089016,0.7459791040241273,0.4146379656937087
2024/25,234,bookmaker,0.20675426502818434,0.8516473714304965,0.4930328558726865
2024/25,235,bookmaker,0.025670424407929618,0.24022339601475337,0.07032890936786694
2024/25,236,bookmaker,0.2602076235703246,0.9734386047449801,0.5865520144033979
2024/25,237,bookmaker,0.3146862758346492,1.1288736979221596,0.6982152582412695
2024/25,238,bookmaker,0.48349707403846975,1.634126323423242,1.0245599486876764
2024/25,239,bookmaker,0.13125137030187034,1.2609082597099592,0.7760232997053826
2024/25,240,bookmaker,0.010300623056202385,0.14925729235669424,0.03091331006796611
2024/25,241,bookmaker,0.20685371790680632,0.8343572030941034,0.4813218631000589
2024/25,242,bookmaker,0.42237934835705204,1.4882889086163678,0.9225743740903007
2024/25,243,bookmaker,0.10710165357355614,0.5461178114567646,0.266244749549056
2024/25,244,bookmaker,0.056979466942136923,0.3764424325288145,0.14968001223711175
2024/25,245,bookmaker,0.19056127932524247,0.7943012068715087,0.45082693088670345
2024/25,246,bookmaker,0.11655504092904782,0.571445468564341,0.2843715549219084
2024/25,247,bookmaker,0.08033378629010332,0.4597357350278359,0.20516582926210444
2024/25,248,bookmaker,0.2220854520944183,0.8767200335420241,0.5130638174565293
2024/25,249,bookmaker,0.2358604319197387,1.65420741255437,1.1258078222034529
2024/25,250,bookmaker,0.2955004513623413,1.0956873789157613,0.6700563527557248
2024/25,251,bookmaker,0.13675520585386924,1.3115628086102342,0.8072886586942014
2024/25,252,bookmaker,0.210119427560448,0.8641994174267871,0.5022045356851256
2024/25,253,bookmaker,0.2501851158883506,0.9485877646743844,0.5675675658998767
2024/25,254,bookmaker,0.18763611466428062,0.7969728938617486,0.45263456149811576
2024/25,255,bookmaker,0.23521660800947736,0.9269918903794009,0.5486926677122862
2024/25,256,bookmaker,0.3228067233018241,1.1447028437187408,0.711318595354217
2024/25,257,bookmaker,0.2367805047180768,1.7094432053580668,1.1443768413575466
2024/25,258,bookmaker,0.330327919626753,1.2085607897619564,0.7451064941900918
2024/25,259,bookmaker,0.2521500892225807,1.665321247921236,1.1618105127025484
2024/25,260,bookmaker,0.12278208881882025,0.5957823462419561,0.302644090006347
2024/25,261,bookmaker,0.45931222227587026,1.5189233745649877,0.969497909714114
2024/25,262,bookmaker,0.13378305814722707,1.2815921536338983,0.7894351370555752
2024/25,263,bookmaker,0.15397527201236816,0.6909078329864584,0.3734023068355197
2024/25,264,bookmaker,0.035173421815447754,0.2819651414846947,0.09160692354838304
2024/25,265,bookmaker,0.1485875212782261,1.3448050668289608,0.8439014502975244
2024/25,266,bookmaker,0.22722444605588196,1.6813809699430509,1.1168547930963602
2024/25,267,bookmaker,0.1001394514889759,0.5201016643945843,0.24705937666623248
2024/25,268,bookmaker,0.17664437413919842,1.4008148684757715,0.9212075838132541
2024/25,269,bookmaker,0.1293147265997242,1.268727700635045,0.7753184897441752
2024/25,270,bookmaker,0.050621754797872426,0.34472417902779356,0.12821112556981307
2024/25,271,bookmaker,0.558508126176033,1.8342055223883797,1.1566898912106947
2024/25,272,bookmaker,0.17843808473207953,0.7508537810607665,0.4187059376576514
2024/25,273,bookmaker,0.3111076543942839,1.1200384476909393,0.6916420468886066
2024/25,274,bookmaker,0.0722324428568068,0.43016115080378,0.1846406995681966
2024/25,275,bookmaker,0.028074782815441904,0.24889811044617693,0.07388247429091728
2024/25,276,bookmaker,0.14475940298126735,0.6547532244682084,0.346227737154736
2024/25,277,bookmaker,0.2514048576710896,0.9470707679370186,0.5674249131311433
2024/25,278,bookmaker,0.13125581950414453,1.2681319327636478,0.7789597965147564
2024/25,279,bookmaker,0.14618027866492994,1.309313844481938,0.8252528800399325
2024/25,280,bookmaker,0.12929897204195837,1.247845032487968,0.7667917449708864
2024/25,281,bookmaker,0.18626125203683308,1.5916161714175812,1.00678135876354
2024/25,282,bookmaker,0.1466772408119277,1.4259217198439513,0.8705185003710806
2024/25,283,bookmaker,0.24729144047586418,0.9560225703941521,0.5704932281461583
2024/25,284,bookmaker,0.03377411142988157,0.2756605778340131,0.08812764425665058
2024/25,285,bookmaker,0.13517890368618468,1.2763833659972659,0.7901343805608556
2024/25,286,bookmaker,0.1376052737953875,1.3125016020929734,0.8093582374508366
2024/25,287,bookmaker,0.13576414632755132,1.3153625549597396,0.8068005006609998
2024/25,288,bookmaker,0.4508025777582281,1.5110025381734589,0.9576967144779407
2024/25,289,bookmaker,0.1352932218829218,1.3145562339728327,0.8055419274231267
2024/25,290,bookmaker,0.014331939885344501,0.1731890732306822,0.03884820768921434
2024/25,291,bookmaker,0.1603238316500709,1.4604587052090254,0.9102723516242663
2024/25,292,bookmaker,0.37472633995435223,1.3203485372761175,0.8235881707340049
2024/25,293,bookmaker,0.20288465154840793,0.8154998022914116,0.46805409522213354
2024/25,294,bookmaker,0.17364030055058277,0.7410394442222554,0.41105996637013775
2024/25,295,bookmaker,0.26636292664295036,0.9829176208226112,0.5952857604402999
2024/25,296,bookmaker,0.20290464065954084,1.5005301951609475,1.0095198059957182
2024/25,297,bookmaker,0.0813925630172344,0.45873410564782585,0.20371832504297696
2024/25,298,bookmaker,0.01203658778369234,0.1573428583113714,0.03252814454714904
2024/25,299,bookmaker,0.42981592989349593,1.4862519890737367,0.9288021785228892
2024/25,300,bookmaker,0.31034874786811073,1.119030232837566,0.6906429637433884
2024/25,301,bookmaker,0.2514047191140217,0.9509406465407968,0.5695118950414457
2024/25,302,bookmaker,0.11242085462050304,0.550065803885916,0.2685184280621048
2024/25,303,bookmaker,0.30656731268002074,1.075977237612558,0.6689157174585354
2024/25,304,bookmaker,0.1364374768219775,1.3406327819834178,0.8179913320829559
2024/25,305,bookmaker,0.39595166070803134,1.3091429163274368,0.8407227351127736
2024/25,306,bookmaker,0.46207210652211594,1.5505262661244783,0.9803286174344805
